seqnames,start,end,width,strand,originally,replacement,type,read_id,score,counts,readType
nlgn4a,142,142,1,+,C,A,mismatch,43,741,4,FALSE
nlgn4a,108,108,1,+,T,A,mismatch,72,741,3,FALSE
nlgn4a,126,126,1,+,G,C,mismatch,73,741,3,FALSE
nlgn4a,134,134,1,+,G,C,mismatch,74,741,3,FALSE
nlgn4a,146,146,1,+,T,C,mismatch,75,741,3,FALSE
nlgn4a,150,150,1,+,T,A,mismatch,76,741,3,FALSE
nlgn4a,37,37,1,+,C,A,mismatch,135,741,2,FALSE
nlgn4a,63,63,1,+,T,C,mismatch,136,741,2,FALSE
nlgn4a,63,63,1,+,T,G,mismatch,137,741,2,FALSE
nlgn4a,74,74,1,+,T,G,mismatch,138,741,2,FALSE
nlgn4a,86,86,1,+,T,A,mismatch,139,741,2,FALSE
nlgn4a,89,89,1,+,G,A,mismatch,140,741,2,FALSE
nlgn4a,93,93,1,+,G,C,mismatch,141,741,2,FALSE
nlgn4a,95,95,1,+,T,A,mismatch,142,741,2,FALSE
nlgn4a,98,98,1,+,T,A,mismatch,143,741,2,FALSE
nlgn4a,102,102,1,+,C,A,mismatch,144,741,2,FALSE
nlgn4a,103,103,1,+,G,A,mismatch,145,741,2,FALSE
nlgn4a,106,106,1,+,T,A,mismatch,146,741,2,FALSE
nlgn4a,114,114,1,+,T,G,mismatch,147,741,2,FALSE
nlgn4a,118,118,1,+,T,A,mismatch,148,741,2,FALSE
nlgn4a,118,118,1,+,T,G,mismatch,149,741,2,FALSE
nlgn4a,120,120,1,+,G,C,mismatch,150,741,2,FALSE
nlgn4a,121,121,1,+,T,A,mismatch,151,741,2,FALSE
nlgn4a,129,129,1,+,G,A,mismatch,152,741,2,FALSE
nlgn4a,132,132,1,+,G,C,mismatch,153,741,2,FALSE
nlgn4a,134,134,1,+,G,A,mismatch,154,741,2,FALSE
nlgn4a,147,147,1,+,A,C,mismatch,262,741,2,FALSE
nlgn4a,143,143,1,+,C,G,mismatch,263,741,2,FALSE
nlgn4a,142,142,1,+,C,G,mismatch,264,741,2,FALSE
nlgn4a,137,137,1,+,G,T,mismatch,265,741,2,FALSE
nlgn4a,136,136,1,+,G,T,mismatch,266,741,2,FALSE
nlgn4a,117,117,1,+,A,G,mismatch,267,741,2,FALSE
nlgn4a,117,117,1,+,A,T,mismatch,268,741,2,FALSE
nlgn4a,99,99,1,+,C,T,mismatch,269,741,2,FALSE
nlgn4a,96,96,1,+,A,C,mismatch,270,741,2,FALSE
nlgn4a,92,92,1,+,G,T,mismatch,271,741,2,FALSE
nlgn4a,87,87,1,+,C,T,mismatch,272,741,2,FALSE
nlgn4a,75,75,1,+,A,C,mismatch,273,741,2,FALSE
nlgn4a,53,53,1,+,A,G,mismatch,274,741,2,FALSE
nlgn4a,48,48,1,+,C,G,mismatch,275,741,2,FALSE
nlgn4a,114,114,1,+,T,A,mismatch,277,723,1,FALSE
nlgn4a,138,138,1,+,C,T,mismatch,277,723,1,FALSE
nlgn4a,82,82,1,+,T,A,mismatch,279,723,1,FALSE
nlgn4a,46,46,1,+,G,A,mismatch,280,732,1,FALSE
nlgn4a,43,43,1,+,C,G,mismatch,282,732,1,FALSE
nlgn4a,132,132,1,+,G,C,mismatch,287,732,1,FALSE
nlgn4a,142,142,1,+,C,A,mismatch,288,732,1,FALSE
nlgn4a,78,78,1,+,A,T,mismatch,289,723,1,FALSE
nlgn4a,139,139,1,+,T,A,mismatch,289,723,1,FALSE
nlgn4a,45,45,1,+,C,A,mismatch,290,723,1,FALSE
nlgn4a,134,134,1,+,G,T,mismatch,290,723,1,FALSE
nlgn4a,40,40,1,+,T,G,mismatch,294,732,1,FALSE
nlgn4a,147,147,1,+,A,G,mismatch,298,732,1,FALSE
nlgn4a,146,146,1,+,T,G,mismatch,308,732,1,FALSE
nlgn4a,105,105,1,+,C,G,mismatch,311,732,1,FALSE
nlgn4a,145,145,1,+,T,A,mismatch,314,732,1,FALSE
nlgn4a,112,112,1,+,C,T,mismatch,316,732,1,FALSE
nlgn4a,20,20,1,+,T,A,mismatch,319,741,1,FALSE
nlgn4a,20,20,1,+,T,C,mismatch,320,741,1,FALSE
nlgn4a,21,21,1,+,G,A,mismatch,321,741,1,FALSE
nlgn4a,22,22,1,+,C,A,mismatch,322,723,1,FALSE
nlgn4a,59,59,1,+,C,A,mismatch,322,723,1,FALSE
nlgn4a,121,121,1,+,T,G,mismatch,322,723,1,FALSE
nlgn4a,22,22,1,+,C,A,mismatch,323,741,1,FALSE
nlgn4a,22,22,1,+,C,A,mismatch,324,732,1,FALSE
nlgn4a,66,66,1,+,A,C,mismatch,324,732,1,FALSE
nlgn4a,28,28,1,+,G,C,mismatch,325,741,1,FALSE
nlgn4a,28,28,1,+,G,C,mismatch,326,741,1,FALSE
nlgn4a,29,29,1,+,C,A,mismatch,327,741,1,FALSE
nlgn4a,31,31,1,+,G,C,mismatch,328,741,1,FALSE
nlgn4a,31,31,1,+,G,C,mismatch,329,741,1,FALSE
nlgn4a,31,31,1,+,G,C,mismatch,330,732,1,FALSE
nlgn4a,51,51,1,+,A,G,mismatch,330,732,1,FALSE
nlgn4a,33,33,1,+,T,G,mismatch,331,741,1,FALSE
nlgn4a,35,35,1,+,G,A,mismatch,332,723,1,FALSE
nlgn4a,86,86,1,+,T,A,mismatch,332,723,1,FALSE
nlgn4a,93,93,1,+,G,C,mismatch,332,723,1,FALSE
nlgn4a,35,35,1,+,G,C,mismatch,333,732,1,FALSE
nlgn4a,92,92,1,+,G,C,mismatch,333,732,1,FALSE
nlgn4a,35,35,1,+,G,C,mismatch,334,741,1,FALSE
nlgn4a,38,38,1,+,C,A,mismatch,335,741,1,FALSE
nlgn4a,40,40,1,+,T,C,mismatch,336,741,1,FALSE
nlgn4a,40,40,1,+,T,C,mismatch,337,741,1,FALSE
nlgn4a,40,40,1,+,T,G,mismatch,338,741,1,FALSE
nlgn4a,40,40,1,+,T,G,mismatch,339,741,1,FALSE
nlgn4a,41,41,1,+,G,A,mismatch,340,732,1,FALSE
nlgn4a,118,118,1,+,T,G,mismatch,340,732,1,FALSE
nlgn4a,41,41,1,+,G,C,mismatch,341,741,1,FALSE
nlgn4a,41,41,1,+,G,C,mismatch,342,741,1,FALSE
nlgn4a,42,42,1,+,T,A,mismatch,343,732,1,FALSE
nlgn4a,130,130,1,+,C,A,mismatch,343,732,1,FALSE
nlgn4a,42,42,1,+,T,A,mismatch,344,741,1,FALSE
nlgn4a,42,42,1,+,T,C,mismatch,345,741,1,FALSE
nlgn4a,42,42,1,+,T,C,mismatch,346,741,1,FALSE
nlgn4a,42,42,1,+,T,G,mismatch,347,741,1,FALSE
nlgn4a,42,42,1,+,T,G,mismatch,348,741,1,FALSE
nlgn4a,42,42,1,+,T,G,mismatch,349,741,1,FALSE
nlgn4a,43,43,1,+,C,A,mismatch,350,741,1,FALSE
nlgn4a,43,43,1,+,C,A,mismatch,351,741,1,FALSE
nlgn4a,46,46,1,+,G,A,mismatch,352,741,1,FALSE
nlgn4a,47,47,1,+,G,C,mismatch,353,741,1,FALSE
nlgn4a,48,48,1,+,C,A,mismatch,354,732,1,FALSE
nlgn4a,67,67,1,+,T,C,mismatch,354,732,1,FALSE
nlgn4a,48,48,1,+,C,A,mismatch,355,741,1,FALSE
nlgn4a,49,49,1,+,T,A,mismatch,356,732,1,FALSE
nlgn4a,124,124,1,+,T,A,mismatch,356,732,1,FALSE
nlgn4a,49,49,1,+,T,A,mismatch,357,741,1,FALSE
nlgn4a,49,49,1,+,T,C,mismatch,358,741,1,FALSE
nlgn4a,49,49,1,+,T,C,mismatch,359,741,1,FALSE
nlgn4a,49,49,1,+,T,C,mismatch,360,741,1,FALSE
nlgn4a,49,49,1,+,T,G,mismatch,361,741,1,FALSE
nlgn4a,49,49,1,+,T,G,mismatch,362,741,1,FALSE
nlgn4a,50,50,1,+,C,A,mismatch,363,741,1,FALSE
nlgn4a,52,52,1,+,G,A,mismatch,364,741,1,FALSE
nlgn4a,52,52,1,+,G,A,mismatch,365,732,1,FALSE
nlgn4a,138,138,1,+,C,T,mismatch,365,732,1,FALSE
nlgn4a,52,52,1,+,G,C,mismatch,366,732,1,FALSE
nlgn4a,128,128,1,+,G,C,mismatch,366,732,1,FALSE
nlgn4a,54,54,1,+,G,A,mismatch,367,741,1,FALSE
nlgn4a,54,54,1,+,G,C,mismatch,368,741,1,FALSE
nlgn4a,55,55,1,+,G,A,mismatch,369,732,1,FALSE
nlgn4a,103,103,1,+,G,A,mismatch,369,732,1,FALSE
nlgn4a,55,55,1,+,G,A,mismatch,370,741,1,FALSE
nlgn4a,58,58,1,+,C,A,mismatch,371,732,1,FALSE
nlgn4a,82,82,1,+,T,C,mismatch,371,732,1,FALSE
nlgn4a,59,59,1,+,C,A,mismatch,372,732,1,FALSE
nlgn4a,133,133,1,+,C,A,mismatch,372,732,1,FALSE
nlgn4a,60,60,1,+,C,A,mismatch,373,741,1,FALSE
nlgn4a,60,60,1,+,C,A,mismatch,374,741,1,FALSE
nlgn4a,61,61,1,+,C,A,mismatch,375,741,1,FALSE
nlgn4a,63,63,1,+,T,A,mismatch,376,741,1,FALSE
nlgn4a,63,63,1,+,T,C,mismatch,377,741,1,FALSE
nlgn4a,63,63,1,+,T,C,mismatch,378,741,1,FALSE
nlgn4a,64,64,1,+,G,A,mismatch,379,732,1,FALSE
nlgn4a,98,98,1,+,T,A,mismatch,379,732,1,FALSE
nlgn4a,64,64,1,+,G,A,mismatch,380,732,1,FALSE
nlgn4a,134,134,1,+,G,C,mismatch,380,732,1,FALSE
nlgn4a,65,65,1,+,G,A,mismatch,381,741,1,FALSE
nlgn4a,65,65,1,+,G,C,mismatch,382,741,1,FALSE
nlgn4a,65,65,1,+,G,C,mismatch,383,732,1,FALSE
nlgn4a,101,101,1,+,A,C,mismatch,383,732,1,FALSE
nlgn4a,67,67,1,+,T,A,mismatch,384,741,1,FALSE
nlgn4a,67,67,1,+,T,C,mismatch,385,741,1,FALSE
nlgn4a,67,67,1,+,T,G,mismatch,386,732,1,FALSE
nlgn4a,117,117,1,+,A,G,mismatch,386,732,1,FALSE
nlgn4a,73,73,1,+,T,A,mismatch,387,741,1,FALSE
nlgn4a,73,73,1,+,T,A,mismatch,388,732,1,FALSE
nlgn4a,148,148,1,+,C,G,mismatch,388,732,1,FALSE
nlgn4a,73,73,1,+,T,C,mismatch,389,741,1,FALSE
nlgn4a,73,73,1,+,T,G,mismatch,390,741,1,FALSE
nlgn4a,74,74,1,+,T,A,mismatch,391,741,1,FALSE
nlgn4a,74,74,1,+,T,A,mismatch,392,741,1,FALSE
nlgn4a,74,74,1,+,T,C,mismatch,393,741,1,FALSE
nlgn4a,74,74,1,+,T,C,mismatch,394,741,1,FALSE
nlgn4a,74,74,1,+,T,C,mismatch,395,741,1,FALSE
nlgn4a,74,74,1,+,T,G,mismatch,396,741,1,FALSE
nlgn4a,76,76,1,+,C,A,mismatch,397,741,1,FALSE
nlgn4a,76,76,1,+,C,A,mismatch,398,741,1,FALSE
nlgn4a,76,76,1,+,C,A,mismatch,399,741,1,FALSE
nlgn4a,79,79,1,+,T,A,mismatch,400,741,1,FALSE
nlgn4a,79,79,1,+,T,G,mismatch,401,732,1,FALSE
nlgn4a,110,110,1,+,T,A,mismatch,401,732,1,FALSE
nlgn4a,79,79,1,+,T,G,mismatch,402,741,1,FALSE
nlgn4a,80,80,1,+,G,A,mismatch,403,741,1,FALSE
nlgn4a,80,80,1,+,G,C,mismatch,404,732,1,FALSE
nlgn4a,83,83,1,+,T,G,mismatch,404,732,1,FALSE
nlgn4a,80,80,1,+,G,C,mismatch,405,732,1,FALSE
nlgn4a,146,146,1,+,T,A,mismatch,405,732,1,FALSE
nlgn4a,81,81,1,+,G,A,mismatch,406,732,1,FALSE
nlgn4a,142,142,1,+,C,A,mismatch,406,732,1,FALSE
nlgn4a,81,81,1,+,G,C,mismatch,407,741,1,FALSE
nlgn4a,81,81,1,+,G,C,mismatch,408,741,1,FALSE
nlgn4a,81,81,1,+,G,C,mismatch,409,732,1,FALSE
nlgn4a,96,96,1,+,A,G,mismatch,409,732,1,FALSE
nlgn4a,82,82,1,+,T,A,mismatch,410,741,1,FALSE
nlgn4a,82,82,1,+,T,C,mismatch,411,741,1,FALSE
nlgn4a,82,82,1,+,T,C,mismatch,412,741,1,FALSE
nlgn4a,126,126,1,+,G,C,mismatch,413,723,1,FALSE
nlgn4a,82,82,1,+,T,G,mismatch,414,732,1,FALSE
nlgn4a,132,132,1,+,G,C,mismatch,414,732,1,FALSE
nlgn4a,82,82,1,+,T,G,mismatch,415,741,1,FALSE
nlgn4a,82,82,1,+,T,G,mismatch,416,741,1,FALSE
nlgn4a,82,82,1,+,T,G,mismatch,417,741,1,FALSE
nlgn4a,83,83,1,+,T,A,mismatch,418,741,1,FALSE
nlgn4a,83,83,1,+,T,A,mismatch,419,741,1,FALSE
nlgn4a,83,83,1,+,T,G,mismatch,420,741,1,FALSE
nlgn4a,86,86,1,+,T,A,mismatch,421,741,1,FALSE
nlgn4a,86,86,1,+,T,A,mismatch,422,741,1,FALSE
nlgn4a,86,86,1,+,T,A,mismatch,423,741,1,FALSE
nlgn4a,86,86,1,+,T,C,mismatch,424,741,1,FALSE
nlgn4a,86,86,1,+,T,G,mismatch,425,741,1,FALSE
nlgn4a,87,87,1,+,C,A,mismatch,426,741,1,FALSE
nlgn4a,87,87,1,+,C,A,mismatch,427,732,1,FALSE
nlgn4a,123,123,1,+,C,T,mismatch,427,732,1,FALSE
nlgn4a,88,88,1,+,C,A,mismatch,428,741,1,FALSE
nlgn4a,88,88,1,+,C,A,mismatch,429,741,1,FALSE
nlgn4a,88,88,1,+,C,A,mismatch,430,741,1,FALSE
nlgn4a,88,88,1,+,C,A,mismatch,431,741,1,FALSE
nlgn4a,88,88,1,+,C,A,mismatch,432,732,1,FALSE
nlgn4a,99,99,1,+,C,T,mismatch,432,732,1,FALSE
nlgn4a,89,89,1,+,G,A,mismatch,433,723,1,FALSE
nlgn4a,140,140,1,+,G,A,mismatch,433,723,1,FALSE
nlgn4a,142,142,1,+,C,T,mismatch,433,723,1,FALSE
nlgn4a,89,89,1,+,G,C,mismatch,434,732,1,FALSE
nlgn4a,138,138,1,+,C,A,mismatch,434,732,1,FALSE
nlgn4a,90,90,1,+,C,A,mismatch,435,741,1,FALSE
nlgn4a,91,91,1,+,T,C,mismatch,436,741,1,FALSE
nlgn4a,91,91,1,+,T,G,mismatch,437,741,1,FALSE
nlgn4a,92,92,1,+,G,A,mismatch,438,741,1,FALSE
nlgn4a,92,92,1,+,G,A,mismatch,439,741,1,FALSE
nlgn4a,92,92,1,+,G,C,mismatch,440,741,1,FALSE
nlgn4a,92,92,1,+,G,C,mismatch,441,741,1,FALSE
nlgn4a,92,92,1,+,G,C,mismatch,442,741,1,FALSE
nlgn4a,93,93,1,+,G,A,mismatch,443,741,1,FALSE
nlgn4a,93,93,1,+,G,C,mismatch,444,741,1,FALSE
nlgn4a,94,94,1,+,C,A,mismatch,445,741,1,FALSE
nlgn4a,94,94,1,+,C,A,mismatch,446,741,1,FALSE
nlgn4a,94,94,1,+,C,A,mismatch,447,741,1,FALSE
nlgn4a,95,95,1,+,T,A,mismatch,448,741,1,FALSE
nlgn4a,95,95,1,+,T,A,mismatch,449,741,1,FALSE
nlgn4a,95,95,1,+,T,C,mismatch,450,741,1,FALSE
nlgn4a,95,95,1,+,T,C,mismatch,451,741,1,FALSE
nlgn4a,95,95,1,+,T,G,mismatch,452,741,1,FALSE
nlgn4a,98,98,1,+,T,C,mismatch,453,741,1,FALSE
nlgn4a,98,98,1,+,T,C,mismatch,454,741,1,FALSE
nlgn4a,98,98,1,+,T,C,mismatch,455,741,1,FALSE
nlgn4a,99,99,1,+,C,A,mismatch,456,741,1,FALSE
nlgn4a,99,99,1,+,C,A,mismatch,457,741,1,FALSE
nlgn4a,100,100,1,+,T,A,mismatch,458,741,1,FALSE
nlgn4a,100,100,1,+,T,A,mismatch,459,741,1,FALSE
nlgn4a,100,100,1,+,T,C,mismatch,460,741,1,FALSE
nlgn4a,100,100,1,+,T,C,mismatch,461,741,1,FALSE
nlgn4a,100,100,1,+,T,G,mismatch,462,741,1,FALSE
nlgn4a,100,100,1,+,T,G,mismatch,463,741,1,FALSE
nlgn4a,100,100,1,+,T,G,mismatch,464,741,1,FALSE
nlgn4a,100,100,1,+,T,G,mismatch,465,732,1,FALSE
nlgn4a,126,126,1,+,G,T,mismatch,465,732,1,FALSE
nlgn4a,103,103,1,+,G,A,mismatch,466,741,1,FALSE
nlgn4a,104,104,1,+,C,A,mismatch,467,732,1,FALSE
nlgn4a,127,127,1,+,C,A,mismatch,467,732,1,FALSE
nlgn4a,104,104,1,+,C,A,mismatch,468,741,1,FALSE
nlgn4a,104,104,1,+,C,A,mismatch,469,741,1,FALSE
nlgn4a,104,104,1,+,C,A,mismatch,470,741,1,FALSE
nlgn4a,104,104,1,+,C,A,mismatch,471,723,1,FALSE
nlgn4a,112,112,1,+,C,G,mismatch,471,723,1,FALSE
nlgn4a,148,148,1,+,C,G,mismatch,471,723,1,FALSE
nlgn4a,105,105,1,+,C,A,mismatch,472,741,1,FALSE
nlgn4a,105,105,1,+,C,A,mismatch,473,741,1,FALSE
nlgn4a,105,105,1,+,C,A,mismatch,474,732,1,FALSE
nlgn4a,111,111,1,+,A,T,mismatch,474,732,1,FALSE
nlgn4a,106,106,1,+,T,A,mismatch,475,732,1,FALSE
nlgn4a,146,146,1,+,T,G,mismatch,475,732,1,FALSE
nlgn4a,106,106,1,+,T,A,mismatch,476,741,1,FALSE
nlgn4a,106,106,1,+,T,A,mismatch,477,741,1,FALSE
nlgn4a,106,106,1,+,T,C,mismatch,478,741,1,FALSE
nlgn4a,106,106,1,+,T,C,mismatch,479,741,1,FALSE
nlgn4a,106,106,1,+,T,C,mismatch,480,741,1,FALSE
nlgn4a,107,107,1,+,T,A,mismatch,481,741,1,FALSE
nlgn4a,107,107,1,+,T,A,mismatch,482,741,1,FALSE
nlgn4a,107,107,1,+,T,A,mismatch,483,741,1,FALSE
nlgn4a,107,107,1,+,T,A,mismatch,484,741,1,FALSE
nlgn4a,107,107,1,+,T,C,mismatch,485,741,1,FALSE
nlgn4a,107,107,1,+,T,C,mismatch,486,741,1,FALSE
nlgn4a,107,107,1,+,T,G,mismatch,487,732,1,FALSE
nlgn4a,144,144,1,+,A,C,mismatch,487,732,1,FALSE
nlgn4a,108,108,1,+,T,A,mismatch,488,741,1,FALSE
nlgn4a,108,108,1,+,T,C,mismatch,489,741,1,FALSE
nlgn4a,108,108,1,+,T,G,mismatch,490,741,1,FALSE
nlgn4a,108,108,1,+,T,G,mismatch,491,732,1,FALSE
nlgn4a,112,112,1,+,C,T,mismatch,491,732,1,FALSE
nlgn4a,109,109,1,+,T,A,mismatch,492,741,1,FALSE
nlgn4a,109,109,1,+,T,A,mismatch,493,741,1,FALSE
nlgn4a,109,109,1,+,T,A,mismatch,494,741,1,FALSE
nlgn4a,109,109,1,+,T,G,mismatch,495,741,1,FALSE
nlgn4a,109,109,1,+,T,G,mismatch,496,741,1,FALSE
nlgn4a,110,110,1,+,T,A,mismatch,497,732,1,FALSE
nlgn4a,145,145,1,+,T,A,mismatch,497,732,1,FALSE
nlgn4a,110,110,1,+,T,A,mismatch,498,741,1,FALSE
nlgn4a,110,110,1,+,T,G,mismatch,499,741,1,FALSE
nlgn4a,112,112,1,+,C,A,mismatch,500,741,1,FALSE
nlgn4a,113,113,1,+,C,A,mismatch,501,741,1,FALSE
nlgn4a,113,113,1,+,C,A,mismatch,502,741,1,FALSE
nlgn4a,114,114,1,+,T,A,mismatch,503,732,1,FALSE
nlgn4a,127,127,1,+,C,A,mismatch,503,732,1,FALSE
nlgn4a,114,114,1,+,T,A,mismatch,504,741,1,FALSE
nlgn4a,114,114,1,+,T,C,mismatch,505,741,1,FALSE
nlgn4a,114,114,1,+,T,G,mismatch,506,732,1,FALSE
nlgn4a,131,131,1,+,T,G,mismatch,506,732,1,FALSE
nlgn4a,114,114,1,+,T,G,mismatch,507,741,1,FALSE
nlgn4a,114,114,1,+,T,G,mismatch,508,741,1,FALSE
nlgn4a,115,115,1,+,G,A,mismatch,509,741,1,FALSE
nlgn4a,115,115,1,+,G,A,mismatch,510,741,1,FALSE
nlgn4a,115,115,1,+,G,A,mismatch,511,741,1,FALSE
nlgn4a,115,115,1,+,G,C,mismatch,512,741,1,FALSE
nlgn4a,115,115,1,+,G,C,mismatch,513,741,1,FALSE
nlgn4a,116,116,1,+,G,A,mismatch,514,741,1,FALSE
nlgn4a,116,116,1,+,G,C,mismatch,515,732,1,FALSE
nlgn4a,124,124,1,+,T,G,mismatch,515,732,1,FALSE
nlgn4a,116,116,1,+,G,C,mismatch,516,741,1,FALSE
nlgn4a,118,118,1,+,T,A,mismatch,517,741,1,FALSE
nlgn4a,118,118,1,+,T,A,mismatch,518,741,1,FALSE
nlgn4a,118,118,1,+,T,C,mismatch,519,741,1,FALSE
nlgn4a,118,118,1,+,T,C,mismatch,520,741,1,FALSE
nlgn4a,118,118,1,+,T,C,mismatch,521,741,1,FALSE
nlgn4a,118,118,1,+,T,G,mismatch,522,741,1,FALSE
nlgn4a,118,118,1,+,T,G,mismatch,523,741,1,FALSE
nlgn4a,119,119,1,+,T,A,mismatch,524,741,1,FALSE
nlgn4a,119,119,1,+,T,C,mismatch,525,741,1,FALSE
nlgn4a,119,119,1,+,T,G,mismatch,526,732,1,FALSE
nlgn4a,139,139,1,+,T,C,mismatch,526,732,1,FALSE
nlgn4a,119,119,1,+,T,G,mismatch,527,741,1,FALSE
nlgn4a,119,119,1,+,T,G,mismatch,528,741,1,FALSE
nlgn4a,119,119,1,+,T,G,mismatch,529,741,1,FALSE
nlgn4a,119,119,1,+,T,G,mismatch,530,732,1,FALSE
nlgn4a,149,149,1,+,A,G,mismatch,530,732,1,FALSE
nlgn4a,120,120,1,+,G,A,mismatch,531,741,1,FALSE
nlgn4a,120,120,1,+,G,C,mismatch,532,741,1,FALSE
nlgn4a,120,120,1,+,G,C,mismatch,533,741,1,FALSE
nlgn4a,120,120,1,+,G,C,mismatch,534,741,1,FALSE
nlgn4a,120,120,1,+,G,C,mismatch,535,741,1,FALSE
nlgn4a,120,120,1,+,G,C,mismatch,536,741,1,FALSE
nlgn4a,120,120,1,+,G,C,mismatch,537,741,1,FALSE
nlgn4a,121,121,1,+,T,C,mismatch,538,732,1,FALSE
nlgn4a,149,149,1,+,A,T,mismatch,538,732,1,FALSE
nlgn4a,121,121,1,+,T,G,mismatch,539,741,1,FALSE
nlgn4a,122,122,1,+,G,A,mismatch,540,732,1,FALSE
nlgn4a,139,139,1,+,T,C,mismatch,540,732,1,FALSE
nlgn4a,122,122,1,+,G,A,mismatch,541,741,1,FALSE
nlgn4a,122,122,1,+,G,A,mismatch,542,741,1,FALSE
nlgn4a,122,122,1,+,G,A,mismatch,543,741,1,FALSE
nlgn4a,122,122,1,+,G,A,mismatch,544,741,1,FALSE
nlgn4a,122,122,1,+,G,A,mismatch,545,741,1,FALSE
nlgn4a,122,122,1,+,G,C,mismatch,546,741,1,FALSE
nlgn4a,122,122,1,+,G,C,mismatch,547,741,1,FALSE
nlgn4a,122,122,1,+,G,C,mismatch,548,741,1,FALSE
nlgn4a,122,122,1,+,G,C,mismatch,549,741,1,FALSE
nlgn4a,123,123,1,+,C,A,mismatch,550,741,1,FALSE
nlgn4a,123,123,1,+,C,A,mismatch,551,741,1,FALSE
nlgn4a,123,123,1,+,C,A,mismatch,552,741,1,FALSE
nlgn4a,124,124,1,+,T,A,mismatch,553,741,1,FALSE
nlgn4a,124,124,1,+,T,A,mismatch,554,741,1,FALSE
nlgn4a,124,124,1,+,T,A,mismatch,555,741,1,FALSE
nlgn4a,124,124,1,+,T,C,mismatch,556,741,1,FALSE
nlgn4a,124,124,1,+,T,C,mismatch,557,741,1,FALSE
nlgn4a,124,124,1,+,T,C,mismatch,558,741,1,FALSE
nlgn4a,124,124,1,+,T,G,mismatch,559,732,1,FALSE
nlgn4a,133,133,1,+,C,A,mismatch,559,732,1,FALSE
nlgn4a,124,124,1,+,T,G,mismatch,560,741,1,FALSE
nlgn4a,124,124,1,+,T,G,mismatch,561,741,1,FALSE
nlgn4a,124,124,1,+,T,G,mismatch,562,741,1,FALSE
nlgn4a,124,124,1,+,T,G,mismatch,563,732,1,FALSE
nlgn4a,142,142,1,+,C,T,mismatch,563,732,1,FALSE
nlgn4a,125,125,1,+,T,A,mismatch,564,741,1,FALSE
nlgn4a,125,125,1,+,T,C,mismatch,565,741,1,FALSE
nlgn4a,125,125,1,+,T,C,mismatch,566,741,1,FALSE
nlgn4a,126,126,1,+,G,A,mismatch,567,741,1,FALSE
nlgn4a,126,126,1,+,G,A,mismatch,568,741,1,FALSE
nlgn4a,126,126,1,+,G,C,mismatch,569,741,1,FALSE
nlgn4a,126,126,1,+,G,C,mismatch,570,732,1,FALSE
nlgn4a,144,144,1,+,A,G,mismatch,570,732,1,FALSE
nlgn4a,127,127,1,+,C,A,mismatch,571,732,1,FALSE
nlgn4a,130,130,1,+,C,A,mismatch,571,732,1,FALSE
nlgn4a,127,127,1,+,C,A,mismatch,572,741,1,FALSE
nlgn4a,128,128,1,+,G,A,mismatch,573,741,1,FALSE
nlgn4a,128,128,1,+,G,A,mismatch,574,741,1,FALSE
nlgn4a,128,128,1,+,G,A,mismatch,575,741,1,FALSE
nlgn4a,128,128,1,+,G,C,mismatch,576,741,1,FALSE
nlgn4a,128,128,1,+,G,C,mismatch,577,741,1,FALSE
nlgn4a,129,129,1,+,G,A,mismatch,578,741,1,FALSE
nlgn4a,129,129,1,+,G,A,mismatch,579,741,1,FALSE
nlgn4a,129,129,1,+,G,C,mismatch,580,741,1,FALSE
nlgn4a,129,129,1,+,G,C,mismatch,581,741,1,FALSE
nlgn4a,129,129,1,+,G,C,mismatch,582,741,1,FALSE
nlgn4a,129,129,1,+,G,C,mismatch,583,741,1,FALSE
nlgn4a,130,130,1,+,C,A,mismatch,584,741,1,FALSE
nlgn4a,130,130,1,+,C,A,mismatch,585,741,1,FALSE
nlgn4a,130,130,1,+,C,A,mismatch,586,741,1,FALSE
nlgn4a,131,131,1,+,T,C,mismatch,587,741,1,FALSE
nlgn4a,131,131,1,+,T,C,mismatch,588,741,1,FALSE
nlgn4a,131,131,1,+,T,G,mismatch,589,741,1,FALSE
nlgn4a,132,132,1,+,G,A,mismatch,590,741,1,FALSE
nlgn4a,132,132,1,+,G,A,mismatch,591,741,1,FALSE
nlgn4a,132,132,1,+,G,A,mismatch,592,741,1,FALSE
nlgn4a,132,132,1,+,G,A,mismatch,593,741,1,FALSE
nlgn4a,132,132,1,+,G,A,mismatch,594,741,1,FALSE
nlgn4a,132,132,1,+,G,A,mismatch,595,741,1,FALSE
nlgn4a,132,132,1,+,G,C,mismatch,596,741,1,FALSE
nlgn4a,132,132,1,+,G,C,mismatch,597,741,1,FALSE
nlgn4a,132,132,1,+,G,C,mismatch,598,741,1,FALSE
nlgn4a,132,132,1,+,G,C,mismatch,599,741,1,FALSE
nlgn4a,132,132,1,+,G,C,mismatch,600,741,1,FALSE
nlgn4a,133,133,1,+,C,A,mismatch,602,741,1,FALSE
nlgn4a,133,133,1,+,C,A,mismatch,603,741,1,FALSE
nlgn4a,133,133,1,+,C,A,mismatch,604,741,1,FALSE
nlgn4a,134,134,1,+,G,C,mismatch,605,741,1,FALSE
nlgn4a,135,135,1,+,T,A,mismatch,606,732,1,FALSE
nlgn4a,145,145,1,+,T,C,mismatch,606,732,1,FALSE
nlgn4a,135,135,1,+,T,A,mismatch,607,741,1,FALSE
nlgn4a,135,135,1,+,T,A,mismatch,608,741,1,FALSE
nlgn4a,135,135,1,+,T,C,mismatch,609,741,1,FALSE
nlgn4a,135,135,1,+,T,C,mismatch,610,741,1,FALSE
nlgn4a,135,135,1,+,T,G,mismatch,611,741,1,FALSE
nlgn4a,136,136,1,+,G,A,mismatch,612,741,1,FALSE
nlgn4a,136,136,1,+,G,A,mismatch,613,741,1,FALSE
nlgn4a,136,136,1,+,G,A,mismatch,614,741,1,FALSE
nlgn4a,136,136,1,+,G,A,mismatch,615,741,1,FALSE
nlgn4a,136,136,1,+,G,A,mismatch,616,741,1,FALSE
nlgn4a,136,136,1,+,G,C,mismatch,617,741,1,FALSE
nlgn4a,136,136,1,+,G,C,mismatch,618,741,1,FALSE
nlgn4a,136,136,1,+,G,C,mismatch,619,741,1,FALSE
nlgn4a,137,137,1,+,G,A,mismatch,620,741,1,FALSE
nlgn4a,137,137,1,+,G,A,mismatch,621,741,1,FALSE
nlgn4a,137,137,1,+,G,A,mismatch,622,741,1,FALSE
nlgn4a,138,138,1,+,C,A,mismatch,623,741,1,FALSE
nlgn4a,138,138,1,+,C,A,mismatch,624,741,1,FALSE
nlgn4a,138,138,1,+,C,A,mismatch,625,741,1,FALSE
nlgn4a,138,138,1,+,C,A,mismatch,626,741,1,FALSE
nlgn4a,139,139,1,+,T,A,mismatch,627,732,1,FALSE
nlgn4a,146,146,1,+,T,C,mismatch,627,732,1,FALSE
nlgn4a,139,139,1,+,T,A,mismatch,628,741,1,FALSE
nlgn4a,139,139,1,+,T,A,mismatch,629,732,1,FALSE
nlgn4a,143,143,1,+,C,T,mismatch,629,732,1,FALSE
nlgn4a,139,139,1,+,T,C,mismatch,630,741,1,FALSE
nlgn4a,139,139,1,+,T,C,mismatch,631,741,1,FALSE
nlgn4a,139,139,1,+,T,C,mismatch,632,741,1,FALSE
nlgn4a,139,139,1,+,T,C,mismatch,633,741,1,FALSE
nlgn4a,139,139,1,+,T,C,mismatch,634,741,1,FALSE
nlgn4a,139,139,1,+,T,C,mismatch,635,741,1,FALSE
nlgn4a,139,139,1,+,T,G,mismatch,636,741,1,FALSE
nlgn4a,139,139,1,+,T,G,mismatch,637,741,1,FALSE
nlgn4a,140,140,1,+,G,A,mismatch,638,741,1,FALSE
nlgn4a,140,140,1,+,G,A,mismatch,639,741,1,FALSE
nlgn4a,140,140,1,+,G,A,mismatch,640,741,1,FALSE
nlgn4a,140,140,1,+,G,C,mismatch,641,741,1,FALSE
nlgn4a,140,140,1,+,G,C,mismatch,642,741,1,FALSE
nlgn4a,141,141,1,+,G,A,mismatch,643,741,1,FALSE
nlgn4a,141,141,1,+,G,A,mismatch,644,741,1,FALSE
nlgn4a,141,141,1,+,G,C,mismatch,645,741,1,FALSE
nlgn4a,141,141,1,+,G,C,mismatch,646,741,1,FALSE
nlgn4a,141,141,1,+,G,C,mismatch,647,741,1,FALSE
nlgn4a,141,141,1,+,G,C,mismatch,648,741,1,FALSE
nlgn4a,142,142,1,+,C,A,mismatch,649,741,1,FALSE
nlgn4a,143,143,1,+,C,A,mismatch,650,741,1,FALSE
nlgn4a,143,143,1,+,C,A,mismatch,651,741,1,FALSE
nlgn4a,145,145,1,+,T,A,mismatch,652,741,1,FALSE
nlgn4a,145,145,1,+,T,A,mismatch,653,741,1,FALSE
nlgn4a,145,145,1,+,T,A,mismatch,654,741,1,FALSE
nlgn4a,145,145,1,+,T,A,mismatch,655,741,1,FALSE
nlgn4a,145,145,1,+,T,A,mismatch,656,741,1,FALSE
nlgn4a,145,145,1,+,T,C,mismatch,657,741,1,FALSE
nlgn4a,145,145,1,+,T,C,mismatch,658,741,1,FALSE
nlgn4a,145,145,1,+,T,C,mismatch,659,741,1,FALSE
nlgn4a,145,145,1,+,T,G,mismatch,660,741,1,FALSE
nlgn4a,146,146,1,+,T,A,mismatch,661,741,1,FALSE
nlgn4a,146,146,1,+,T,G,mismatch,662,741,1,FALSE
nlgn4a,146,146,1,+,T,G,mismatch,663,741,1,FALSE
nlgn4a,146,146,1,+,T,G,mismatch,664,741,1,FALSE
nlgn4a,146,146,1,+,T,G,mismatch,665,741,1,FALSE
nlgn4a,148,148,1,+,C,A,mismatch,666,741,1,FALSE
nlgn4a,148,148,1,+,C,A,mismatch,667,741,1,FALSE
nlgn4a,148,148,1,+,C,A,mismatch,668,741,1,FALSE
nlgn4a,148,148,1,+,C,A,mismatch,669,741,1,FALSE
nlgn4a,150,150,1,+,T,A,mismatch,670,741,1,FALSE
nlgn4a,150,150,1,+,T,A,mismatch,671,741,1,FALSE
nlgn4a,150,150,1,+,T,A,mismatch,672,741,1,FALSE
nlgn4a,150,150,1,+,T,A,mismatch,673,741,1,FALSE
nlgn4a,150,150,1,+,T,G,mismatch,674,741,1,FALSE
nlgn4a,150,150,1,+,T,G,mismatch,675,741,1,FALSE
nlgn4a,150,150,1,+,T,G,mismatch,676,741,1,FALSE
nlgn4a,149,149,1,+,A,C,mismatch,1516,741,1,FALSE
nlgn4a,149,149,1,+,A,C,mismatch,1517,741,1,FALSE
nlgn4a,149,149,1,+,A,C,mismatch,1518,741,1,FALSE
nlgn4a,149,149,1,+,A,G,mismatch,1519,741,1,FALSE
nlgn4a,149,149,1,+,A,T,mismatch,1520,741,1,FALSE
nlgn4a,149,149,1,+,A,T,mismatch,1521,741,1,FALSE
nlgn4a,149,149,1,+,A,T,mismatch,1522,741,1,FALSE
nlgn4a,148,148,1,+,C,G,mismatch,1523,741,1,FALSE
nlgn4a,148,148,1,+,C,G,mismatch,1524,741,1,FALSE
nlgn4a,148,148,1,+,C,T,mismatch,1525,741,1,FALSE
nlgn4a,148,148,1,+,C,T,mismatch,1526,741,1,FALSE
nlgn4a,148,148,1,+,C,T,mismatch,1527,741,1,FALSE
nlgn4a,148,148,1,+,C,T,mismatch,1528,741,1,FALSE
nlgn4a,148,148,1,+,C,T,mismatch,1529,741,1,FALSE
nlgn4a,147,147,1,+,A,G,mismatch,1530,741,1,FALSE
nlgn4a,147,147,1,+,A,G,mismatch,1531,741,1,FALSE
nlgn4a,147,147,1,+,A,G,mismatch,1532,741,1,FALSE
nlgn4a,147,147,1,+,A,T,mismatch,1533,741,1,FALSE
nlgn4a,147,147,1,+,A,T,mismatch,1534,741,1,FALSE
nlgn4a,144,144,1,+,A,C,mismatch,1535,741,1,FALSE
nlgn4a,144,144,1,+,A,G,mismatch,1536,741,1,FALSE
nlgn4a,144,144,1,+,A,G,mismatch,1537,741,1,FALSE
nlgn4a,144,144,1,+,A,G,mismatch,1538,741,1,FALSE
nlgn4a,144,144,1,+,A,G,mismatch,1539,741,1,FALSE
nlgn4a,144,144,1,+,A,G,mismatch,1540,741,1,FALSE
nlgn4a,144,144,1,+,A,G,mismatch,1541,741,1,FALSE
nlgn4a,144,144,1,+,A,T,mismatch,1542,741,1,FALSE
nlgn4a,144,144,1,+,A,T,mismatch,1543,741,1,FALSE
nlgn4a,144,144,1,+,A,T,mismatch,1544,741,1,FALSE
nlgn4a,143,143,1,+,C,T,mismatch,1545,741,1,FALSE
nlgn4a,143,143,1,+,C,T,mismatch,1546,741,1,FALSE
nlgn4a,143,143,1,+,C,T,mismatch,1547,741,1,FALSE
nlgn4a,143,143,1,+,C,T,mismatch,1548,741,1,FALSE
nlgn4a,143,143,1,+,C,T,mismatch,1549,741,1,FALSE
nlgn4a,142,142,1,+,C,G,mismatch,1550,741,1,FALSE
nlgn4a,142,142,1,+,C,G,mismatch,1551,741,1,FALSE
nlgn4a,142,142,1,+,C,T,mismatch,1552,741,1,FALSE
nlgn4a,142,142,1,+,C,T,mismatch,1553,741,1,FALSE
nlgn4a,142,142,1,+,C,T,mismatch,1554,741,1,FALSE
nlgn4a,141,141,1,+,G,T,mismatch,1555,741,1,FALSE
nlgn4a,141,141,1,+,G,T,mismatch,1556,741,1,FALSE
nlgn4a,141,141,1,+,G,T,mismatch,1557,741,1,FALSE
nlgn4a,141,141,1,+,G,T,mismatch,1558,741,1,FALSE
nlgn4a,140,140,1,+,G,T,mismatch,1559,741,1,FALSE
nlgn4a,140,140,1,+,G,T,mismatch,1560,741,1,FALSE
nlgn4a,140,140,1,+,G,T,mismatch,1561,741,1,FALSE
nlgn4a,138,138,1,+,C,G,mismatch,1562,741,1,FALSE
nlgn4a,138,138,1,+,C,G,mismatch,1563,741,1,FALSE
nlgn4a,138,138,1,+,C,G,mismatch,1564,741,1,FALSE
nlgn4a,138,138,1,+,C,G,mismatch,1565,741,1,FALSE
nlgn4a,138,138,1,+,C,G,mismatch,1566,741,1,FALSE
nlgn4a,138,138,1,+,C,G,mismatch,1567,741,1,FALSE
nlgn4a,138,138,1,+,C,T,mismatch,1568,741,1,FALSE
nlgn4a,138,138,1,+,C,T,mismatch,1569,741,1,FALSE
nlgn4a,138,138,1,+,C,T,mismatch,1570,741,1,FALSE
nlgn4a,138,138,1,+,C,T,mismatch,1571,741,1,FALSE
nlgn4a,137,137,1,+,G,T,mismatch,1572,741,1,FALSE
nlgn4a,137,137,1,+,G,T,mismatch,1573,741,1,FALSE
nlgn4a,137,137,1,+,G,T,mismatch,1574,741,1,FALSE
nlgn4a,136,136,1,+,G,T,mismatch,1575,741,1,FALSE
nlgn4a,136,136,1,+,G,T,mismatch,1576,741,1,FALSE
nlgn4a,136,136,1,+,G,T,mismatch,1577,741,1,FALSE
nlgn4a,134,134,1,+,G,T,mismatch,1578,741,1,FALSE
nlgn4a,133,133,1,+,C,G,mismatch,1579,741,1,FALSE
nlgn4a,133,133,1,+,C,T,mismatch,1580,741,1,FALSE
nlgn4a,133,133,1,+,C,T,mismatch,1581,741,1,FALSE
nlgn4a,133,133,1,+,C,T,mismatch,1582,741,1,FALSE
nlgn4a,133,133,1,+,C,T,mismatch,1583,741,1,FALSE
nlgn4a,132,132,1,+,G,T,mismatch,1584,723,1,FALSE
nlgn4a,132,132,1,+,G,T,mismatch,1585,741,1,FALSE
nlgn4a,132,132,1,+,G,T,mismatch,1586,741,1,FALSE
nlgn4a,130,130,1,+,C,T,mismatch,1587,741,1,FALSE
nlgn4a,130,130,1,+,C,T,mismatch,1588,741,1,FALSE
nlgn4a,129,129,1,+,G,T,mismatch,1589,732,1,FALSE
nlgn4a,150,150,1,+,T,C,mismatch,1589,732,1,FALSE
nlgn4a,129,129,1,+,G,T,mismatch,1590,741,1,FALSE
nlgn4a,128,128,1,+,G,T,mismatch,1591,741,1,FALSE
nlgn4a,128,128,1,+,G,T,mismatch,1592,741,1,FALSE
nlgn4a,128,128,1,+,G,T,mismatch,1593,741,1,FALSE
nlgn4a,128,128,1,+,G,T,mismatch,1594,741,1,FALSE
nlgn4a,128,128,1,+,G,T,mismatch,1595,741,1,FALSE
nlgn4a,128,128,1,+,G,T,mismatch,1596,741,1,FALSE
nlgn4a,127,127,1,+,C,G,mismatch,1597,741,1,FALSE
nlgn4a,127,127,1,+,C,T,mismatch,1598,741,1,FALSE
nlgn4a,127,127,1,+,C,T,mismatch,1599,741,1,FALSE
nlgn4a,127,127,1,+,C,T,mismatch,1600,741,1,FALSE
nlgn4a,127,127,1,+,C,T,mismatch,1601,741,1,FALSE
nlgn4a,127,127,1,+,C,T,mismatch,1602,741,1,FALSE
nlgn4a,126,126,1,+,G,T,mismatch,1603,741,1,FALSE
nlgn4a,126,126,1,+,G,T,mismatch,1604,741,1,FALSE
nlgn4a,126,126,1,+,G,T,mismatch,1605,741,1,FALSE
nlgn4a,123,123,1,+,C,G,mismatch,1606,741,1,FALSE
nlgn4a,123,123,1,+,C,G,mismatch,1607,741,1,FALSE
nlgn4a,123,123,1,+,C,G,mismatch,1608,741,1,FALSE
nlgn4a,123,123,1,+,C,G,mismatch,1609,741,1,FALSE
nlgn4a,123,123,1,+,C,G,mismatch,1610,741,1,FALSE
nlgn4a,123,123,1,+,C,T,mismatch,1611,741,1,FALSE
nlgn4a,123,123,1,+,C,T,mismatch,1612,741,1,FALSE
nlgn4a,123,123,1,+,C,T,mismatch,1613,741,1,FALSE
nlgn4a,123,123,1,+,C,T,mismatch,1614,741,1,FALSE
nlgn4a,123,123,1,+,C,T,mismatch,1615,741,1,FALSE
nlgn4a,122,122,1,+,G,T,mismatch,1616,741,1,FALSE
nlgn4a,122,122,1,+,G,T,mismatch,1617,741,1,FALSE
nlgn4a,122,122,1,+,G,T,mismatch,1618,741,1,FALSE
nlgn4a,122,122,1,+,G,T,mismatch,1619,741,1,FALSE
nlgn4a,122,122,1,+,G,T,mismatch,1620,741,1,FALSE
nlgn4a,120,120,1,+,G,T,mismatch,1621,741,1,FALSE
nlgn4a,120,120,1,+,G,T,mismatch,1622,741,1,FALSE
nlgn4a,117,117,1,+,A,C,mismatch,1623,741,1,FALSE
nlgn4a,117,117,1,+,A,C,mismatch,1624,741,1,FALSE
nlgn4a,117,117,1,+,A,G,mismatch,1625,741,1,FALSE
nlgn4a,117,117,1,+,A,G,mismatch,1626,741,1,FALSE
nlgn4a,117,117,1,+,A,G,mismatch,1627,741,1,FALSE
nlgn4a,117,117,1,+,A,T,mismatch,1628,741,1,FALSE
nlgn4a,117,117,1,+,A,T,mismatch,1629,741,1,FALSE
nlgn4a,117,117,1,+,A,T,mismatch,1630,741,1,FALSE
nlgn4a,117,117,1,+,A,T,mismatch,1631,741,1,FALSE
nlgn4a,116,116,1,+,G,T,mismatch,1632,741,1,FALSE
nlgn4a,116,116,1,+,G,T,mismatch,1633,741,1,FALSE
nlgn4a,115,115,1,+,G,T,mismatch,1634,741,1,FALSE
nlgn4a,115,115,1,+,G,T,mismatch,1635,741,1,FALSE
nlgn4a,113,113,1,+,C,G,mismatch,1636,732,1,FALSE
nlgn4a,138,138,1,+,C,T,mismatch,1636,732,1,FALSE
nlgn4a,113,113,1,+,C,T,mismatch,1637,741,1,FALSE
nlgn4a,113,113,1,+,C,T,mismatch,1638,741,1,FALSE
nlgn4a,113,113,1,+,C,T,mismatch,1639,741,1,FALSE
nlgn4a,113,113,1,+,C,T,mismatch,1640,741,1,FALSE
nlgn4a,112,112,1,+,C,T,mismatch,1641,741,1,FALSE
nlgn4a,111,111,1,+,A,C,mismatch,1642,741,1,FALSE
nlgn4a,111,111,1,+,A,C,mismatch,1643,741,1,FALSE
nlgn4a,111,111,1,+,A,C,mismatch,1644,741,1,FALSE
nlgn4a,111,111,1,+,A,G,mismatch,1645,741,1,FALSE
nlgn4a,105,105,1,+,C,G,mismatch,1646,732,1,FALSE
nlgn4a,150,150,1,+,T,A,mismatch,1646,732,1,FALSE
nlgn4a,105,105,1,+,C,G,mismatch,1647,741,1,FALSE
nlgn4a,105,105,1,+,C,G,mismatch,1648,732,1,FALSE
nlgn4a,130,130,1,+,C,G,mismatch,1648,732,1,FALSE
nlgn4a,105,105,1,+,C,T,mismatch,1649,741,1,FALSE
nlgn4a,104,104,1,+,C,G,mismatch,1650,741,1,FALSE
nlgn4a,104,104,1,+,C,G,mismatch,1651,741,1,FALSE
nlgn4a,104,104,1,+,C,T,mismatch,1652,741,1,FALSE
nlgn4a,104,104,1,+,C,T,mismatch,1653,741,1,FALSE
nlgn4a,103,103,1,+,G,T,mismatch,1654,732,1,FALSE
nlgn4a,112,112,1,+,C,A,mismatch,1654,732,1,FALSE
nlgn4a,103,103,1,+,G,T,mismatch,1655,741,1,FALSE
nlgn4a,103,103,1,+,G,T,mismatch,1656,741,1,FALSE
nlgn4a,102,102,1,+,C,G,mismatch,1657,732,1,FALSE
nlgn4a,132,132,1,+,G,T,mismatch,1657,732,1,FALSE
nlgn4a,102,102,1,+,C,T,mismatch,1658,741,1,FALSE
nlgn4a,101,101,1,+,A,C,mismatch,1659,741,1,FALSE
nlgn4a,101,101,1,+,A,G,mismatch,1660,741,1,FALSE
nlgn4a,101,101,1,+,A,T,mismatch,1661,741,1,FALSE
nlgn4a,101,101,1,+,A,T,mismatch,1662,741,1,FALSE
nlgn4a,99,99,1,+,C,G,mismatch,1663,732,1,FALSE
nlgn4a,131,131,1,+,T,A,mismatch,1663,732,1,FALSE
nlgn4a,99,99,1,+,C,T,mismatch,1664,732,1,FALSE
nlgn4a,119,119,1,+,T,G,mismatch,1664,732,1,FALSE
nlgn4a,99,99,1,+,C,T,mismatch,1665,741,1,FALSE
nlgn4a,97,97,1,+,C,G,mismatch,1666,741,1,FALSE
nlgn4a,97,97,1,+,C,G,mismatch,1667,741,1,FALSE
nlgn4a,97,97,1,+,C,T,mismatch,1668,732,1,FALSE
nlgn4a,139,139,1,+,T,G,mismatch,1668,732,1,FALSE
nlgn4a,97,97,1,+,C,T,mismatch,1669,741,1,FALSE
nlgn4a,96,96,1,+,A,C,mismatch,1670,741,1,FALSE
nlgn4a,96,96,1,+,A,C,mismatch,1671,732,1,FALSE
nlgn4a,148,148,1,+,C,G,mismatch,1671,732,1,FALSE
nlgn4a,96,96,1,+,A,G,mismatch,1672,741,1,FALSE
nlgn4a,96,96,1,+,A,G,mismatch,1673,741,1,FALSE
nlgn4a,96,96,1,+,A,T,mismatch,1674,732,1,FALSE
nlgn4a,140,140,1,+,G,C,mismatch,1674,732,1,FALSE
nlgn4a,96,96,1,+,A,T,mismatch,1675,741,1,FALSE
nlgn4a,94,94,1,+,C,G,mismatch,1676,741,1,FALSE
nlgn4a,94,94,1,+,C,G,mismatch,1677,741,1,FALSE
nlgn4a,94,94,1,+,C,G,mismatch,1678,741,1,FALSE
nlgn4a,94,94,1,+,C,G,mismatch,1679,732,1,FALSE
nlgn4a,113,113,1,+,C,G,mismatch,1679,732,1,FALSE
nlgn4a,94,94,1,+,C,T,mismatch,1680,741,1,FALSE
nlgn4a,93,93,1,+,G,T,mismatch,1681,732,1,FALSE
nlgn4a,106,106,1,+,T,G,mismatch,1681,732,1,FALSE
nlgn4a,93,93,1,+,G,T,mismatch,1682,741,1,FALSE
nlgn4a,90,90,1,+,C,G,mismatch,1683,741,1,FALSE
nlgn4a,90,90,1,+,C,G,mismatch,1684,741,1,FALSE
nlgn4a,90,90,1,+,C,T,mismatch,1685,732,1,FALSE
nlgn4a,145,145,1,+,T,A,mismatch,1685,732,1,FALSE
nlgn4a,90,90,1,+,C,T,mismatch,1686,741,1,FALSE
nlgn4a,88,88,1,+,C,G,mismatch,1687,741,1,FALSE
nlgn4a,88,88,1,+,C,G,mismatch,1688,741,1,FALSE
nlgn4a,88,88,1,+,C,G,mismatch,1689,741,1,FALSE
nlgn4a,88,88,1,+,C,T,mismatch,1690,741,1,FALSE
nlgn4a,87,87,1,+,C,G,mismatch,1691,741,1,FALSE
nlgn4a,87,87,1,+,C,G,mismatch,1692,741,1,FALSE
nlgn4a,87,87,1,+,C,G,mismatch,1693,741,1,FALSE
nlgn4a,85,85,1,+,A,T,mismatch,1694,741,1,FALSE
nlgn4a,85,85,1,+,A,T,mismatch,1695,741,1,FALSE
nlgn4a,84,84,1,+,C,T,mismatch,1696,741,1,FALSE
nlgn4a,84,84,1,+,C,T,mismatch,1697,741,1,FALSE
nlgn4a,84,84,1,+,C,T,mismatch,1698,741,1,FALSE
nlgn4a,84,84,1,+,C,T,mismatch,1699,741,1,FALSE
nlgn4a,81,81,1,+,G,T,mismatch,1700,741,1,FALSE
nlgn4a,81,81,1,+,G,T,mismatch,1701,741,1,FALSE
nlgn4a,78,78,1,+,A,G,mismatch,1702,741,1,FALSE
nlgn4a,77,77,1,+,C,G,mismatch,1703,741,1,FALSE
nlgn4a,77,77,1,+,C,G,mismatch,1704,741,1,FALSE
nlgn4a,77,77,1,+,C,G,mismatch,1705,741,1,FALSE
nlgn4a,77,77,1,+,C,T,mismatch,1706,741,1,FALSE
nlgn4a,76,76,1,+,C,G,mismatch,1707,741,1,FALSE
nlgn4a,76,76,1,+,C,G,mismatch,1708,741,1,FALSE
nlgn4a,76,76,1,+,C,T,mismatch,1709,732,1,FALSE
nlgn4a,85,85,1,+,A,C,mismatch,1709,732,1,FALSE
nlgn4a,75,75,1,+,A,C,mismatch,1710,732,1,FALSE
nlgn4a,91,91,1,+,T,C,mismatch,1710,732,1,FALSE
nlgn4a,75,75,1,+,A,C,mismatch,1711,732,1,FALSE
nlgn4a,121,121,1,+,T,G,mismatch,1711,732,1,FALSE
nlgn4a,75,75,1,+,A,C,mismatch,1712,741,1,FALSE
nlgn4a,75,75,1,+,A,C,mismatch,1713,741,1,FALSE
nlgn4a,75,75,1,+,A,T,mismatch,1714,732,1,FALSE
nlgn4a,118,118,1,+,T,C,mismatch,1714,732,1,FALSE
nlgn4a,72,72,1,+,C,T,mismatch,1715,732,1,FALSE
nlgn4a,90,90,1,+,C,A,mismatch,1715,732,1,FALSE
nlgn4a,71,71,1,+,A,C,mismatch,1716,723,1,FALSE
nlgn4a,109,109,1,+,T,A,mismatch,1716,723,1,FALSE
nlgn4a,139,139,1,+,T,G,mismatch,1716,723,1,FALSE
nlgn4a,70,70,1,+,C,G,mismatch,1717,741,1,FALSE
nlgn4a,70,70,1,+,C,T,mismatch,1718,723,1,FALSE
nlgn4a,91,91,1,+,T,A,mismatch,1718,723,1,FALSE
nlgn4a,147,147,1,+,A,G,mismatch,1718,723,1,FALSE
nlgn4a,69,69,1,+,C,T,mismatch,1719,741,1,FALSE
nlgn4a,69,69,1,+,C,T,mismatch,1720,741,1,FALSE
nlgn4a,69,69,1,+,C,T,mismatch,1721,741,1,FALSE
nlgn4a,68,68,1,+,A,C,mismatch,1722,741,1,FALSE
nlgn4a,68,68,1,+,A,C,mismatch,1723,741,1,FALSE
nlgn4a,68,68,1,+,A,T,mismatch,1724,723,1,FALSE
nlgn4a,84,84,1,+,C,T,mismatch,1724,723,1,FALSE
nlgn4a,98,98,1,+,T,C,mismatch,1724,723,1,FALSE
nlgn4a,66,66,1,+,A,C,mismatch,1725,741,1,FALSE
nlgn4a,66,66,1,+,A,G,mismatch,1726,741,1,FALSE
nlgn4a,66,66,1,+,A,T,mismatch,1727,732,1,FALSE
nlgn4a,144,144,1,+,A,G,mismatch,1727,732,1,FALSE
nlgn4a,64,64,1,+,G,T,mismatch,1728,741,1,FALSE
nlgn4a,62,62,1,+,A,C,mismatch,1729,741,1,FALSE
nlgn4a,62,62,1,+,A,G,mismatch,1730,741,1,FALSE
nlgn4a,61,61,1,+,C,G,mismatch,1731,741,1,FALSE
nlgn4a,61,61,1,+,C,T,mismatch,1732,732,1,FALSE
nlgn4a,83,83,1,+,T,C,mismatch,1732,732,1,FALSE
nlgn4a,61,61,1,+,C,T,mismatch,1733,741,1,FALSE
nlgn4a,60,60,1,+,C,T,mismatch,1734,741,1,FALSE
nlgn4a,59,59,1,+,C,G,mismatch,1735,732,1,FALSE
nlgn4a,102,102,1,+,C,A,mismatch,1735,732,1,FALSE
nlgn4a,59,59,1,+,C,G,mismatch,1736,741,1,FALSE
nlgn4a,59,59,1,+,C,G,mismatch,1737,741,1,FALSE
nlgn4a,58,58,1,+,C,G,mismatch,1738,741,1,FALSE
nlgn4a,58,58,1,+,C,G,mismatch,1739,741,1,FALSE
nlgn4a,58,58,1,+,C,T,mismatch,1740,741,1,FALSE
nlgn4a,58,58,1,+,C,T,mismatch,1741,732,1,FALSE
nlgn4a,148,148,1,+,C,T,mismatch,1741,732,1,FALSE
nlgn4a,57,57,1,+,A,C,mismatch,1742,741,1,FALSE
nlgn4a,57,57,1,+,A,G,mismatch,1743,741,1,FALSE
nlgn4a,57,57,1,+,A,T,mismatch,1744,741,1,FALSE
nlgn4a,56,56,1,+,A,C,mismatch,1745,741,1,FALSE
nlgn4a,56,56,1,+,A,C,mismatch,1746,741,1,FALSE
nlgn4a,54,54,1,+,G,T,mismatch,1747,741,1,FALSE
nlgn4a,53,53,1,+,A,G,mismatch,1748,741,1,FALSE
nlgn4a,52,52,1,+,G,T,mismatch,1749,741,1,FALSE
nlgn4a,51,51,1,+,A,C,mismatch,1750,732,1,FALSE
nlgn4a,98,98,1,+,T,A,mismatch,1750,732,1,FALSE
nlgn4a,51,51,1,+,A,C,mismatch,1751,732,1,FALSE
nlgn4a,140,140,1,+,G,C,mismatch,1751,732,1,FALSE
nlgn4a,51,51,1,+,A,C,mismatch,1752,741,1,FALSE
nlgn4a,51,51,1,+,A,G,mismatch,1753,732,1,FALSE
nlgn4a,73,73,1,+,T,G,mismatch,1753,732,1,FALSE
nlgn4a,51,51,1,+,A,G,mismatch,1754,741,1,FALSE
nlgn4a,51,51,1,+,A,G,mismatch,1755,741,1,FALSE
nlgn4a,48,48,1,+,C,G,mismatch,1756,732,1,FALSE
nlgn4a,106,106,1,+,T,G,mismatch,1756,732,1,FALSE
nlgn4a,47,47,1,+,G,T,mismatch,1757,741,1,FALSE
nlgn4a,46,46,1,+,G,T,mismatch,1758,741,1,FALSE
nlgn4a,45,45,1,+,C,G,mismatch,1759,741,1,FALSE
nlgn4a,45,45,1,+,C,T,mismatch,1760,741,1,FALSE
nlgn4a,45,45,1,+,C,T,mismatch,1761,741,1,FALSE
nlgn4a,44,44,1,+,A,C,mismatch,1762,732,1,FALSE
nlgn4a,132,132,1,+,G,A,mismatch,1762,732,1,FALSE
nlgn4a,44,44,1,+,A,T,mismatch,1763,741,1,FALSE
nlgn4a,44,44,1,+,A,T,mismatch,1764,741,1,FALSE
nlgn4a,44,44,1,+,A,T,mismatch,1765,741,1,FALSE
nlgn4a,43,43,1,+,C,T,mismatch,1766,741,1,FALSE
nlgn4a,43,43,1,+,C,T,mismatch,1767,741,1,FALSE
nlgn4a,43,43,1,+,C,T,mismatch,1768,741,1,FALSE
nlgn4a,39,39,1,+,A,C,mismatch,1769,741,1,FALSE
nlgn4a,39,39,1,+,A,C,mismatch,1770,732,1,FALSE
nlgn4a,61,61,1,+,C,T,mismatch,1770,732,1,FALSE
nlgn4a,39,39,1,+,A,G,mismatch,1771,741,1,FALSE
nlgn4a,39,39,1,+,A,G,mismatch,1772,741,1,FALSE
nlgn4a,38,38,1,+,C,T,mismatch,1773,741,1,FALSE
nlgn4a,38,38,1,+,C,T,mismatch,1774,723,1,FALSE
nlgn4a,70,70,1,+,C,G,mismatch,1774,723,1,FALSE
nlgn4a,139,139,1,+,T,A,mismatch,1774,723,1,FALSE
nlgn4a,37,37,1,+,C,T,mismatch,1775,741,1,FALSE
nlgn4a,37,37,1,+,C,T,mismatch,1776,741,1,FALSE
nlgn4a,36,36,1,+,A,C,mismatch,1777,741,1,FALSE
nlgn4a,36,36,1,+,A,C,mismatch,1778,741,1,FALSE
nlgn4a,34,34,1,+,G,T,mismatch,1779,741,1,FALSE
nlgn4a,32,32,1,+,C,G,mismatch,1780,741,1,FALSE
nlgn4a,32,32,1,+,C,G,mismatch,1781,741,1,FALSE
nlgn4a,30,30,1,+,A,T,mismatch,1782,732,1,FALSE
nlgn4a,141,141,1,+,G,T,mismatch,1782,732,1,FALSE
nlgn4a,29,29,1,+,C,T,mismatch,1783,732,1,FALSE
nlgn4a,129,129,1,+,G,C,mismatch,1783,732,1,FALSE
nlgn4a,28,28,1,+,G,T,mismatch,1784,732,1,FALSE
nlgn4a,92,92,1,+,G,A,mismatch,1784,732,1,FALSE
nlgn4a,28,28,1,+,G,T,mismatch,1785,741,1,FALSE
nlgn4a,28,28,1,+,G,T,mismatch,1786,741,1,FALSE
nlgn4a,27,27,1,+,C,G,mismatch,1787,741,1,FALSE
nlgn4a,25,25,1,+,A,G,mismatch,1788,741,1,FALSE
nlgn4a,24,24,1,+,A,G,mismatch,1789,741,1,FALSE
nlgn4a,24,24,1,+,A,G,mismatch,1790,741,1,FALSE
nlgn4a,24,24,1,+,A,T,mismatch,1791,741,1,FALSE
nlgn4a,24,24,1,+,A,T,mismatch,1792,732,1,FALSE
nlgn4a,85,85,1,+,A,C,mismatch,1792,732,1,FALSE
nlgn4a,22,22,1,+,C,G,mismatch,1793,741,1,FALSE
nlgn4a,111,111,1,+,A,T,mismatch,1798,732,1,FALSE
nlgn4a,150,150,1,+,T,C,mismatch,1799,732,1,FALSE
nlgn4a,139,139,1,+,T,A,mismatch,1818,732,1,FALSE
nlgn4a,90,90,1,+,C,A,mismatch,1823,732,1,FALSE
nlgn4a,133,133,1,+,C,T,mismatch,1825,723,1,FALSE
nlgn4a,141,141,1,+,G,T,mismatch,1825,723,1,FALSE
nlgn4a,96,96,1,+,A,T,mismatch,1826,732,1,FALSE
nlgn4a,82,82,1,+,T,G,mismatch,413,723,1,FALSE
nlgn4a,83,83,1,+,T,G,mismatch,413,723,1,FALSE
nlgn4a,132,132,1,+,G,C,mismatch,601,732,1,FALSE
nlgn4a,133,133,1,+,C,G,mismatch,601,732,1,FALSE
nlgn4a,140,140,1,+,G,A,mismatch,1584,723,1,FALSE
nlgn4a,141,141,1,+,G,T,mismatch,1584,723,1,FALSE
nlgn4a,139,139,1,-,"",A,insertion,1798,702,1,FALSE
nlgn4a,107,107,1,-,T,G,mismatch,2,741,9,FALSE
nlgn4a,143,143,1,-,C,G,mismatch,3,741,8,FALSE
nlgn4a,117,117,1,-,A,T,mismatch,4,741,8,FALSE
nlgn4a,119,119,1,-,T,G,mismatch,5,741,8,FALSE
nlgn4a,126,126,1,-,G,T,mismatch,6,741,7,FALSE
nlgn4a,110,110,1,-,T,C,mismatch,7,741,7,FALSE
nlgn4a,133,133,1,-,C,T,mismatch,8,741,6,FALSE
nlgn4a,130,130,1,-,C,T,mismatch,9,741,6,FALSE
nlgn4a,122,122,1,-,G,T,mismatch,10,741,6,FALSE
nlgn4a,115,115,1,-,G,T,mismatch,11,741,6,FALSE
nlgn4a,112,112,1,-,C,G,mismatch,12,741,6,FALSE
nlgn4a,105,105,1,-,C,G,mismatch,13,741,6,FALSE
nlgn4a,103,103,1,-,G,T,mismatch,14,741,6,FALSE
nlgn4a,103,103,1,-,G,A,mismatch,15,741,6,FALSE
nlgn4a,106,106,1,-,T,C,mismatch,16,741,6,FALSE
nlgn4a,108,108,1,-,T,C,mismatch,17,741,6,FALSE
nlgn4a,108,108,1,-,T,A,mismatch,18,741,6,FALSE
nlgn4a,109,109,1,-,T,C,mismatch,19,741,6,FALSE
nlgn4a,131,131,1,-,T,C,mismatch,20,741,6,FALSE
nlgn4a,184,184,1,-,A,G,mismatch,21,741,5,FALSE
nlgn4a,148,148,1,-,C,T,mismatch,22,741,5,FALSE
nlgn4a,123,123,1,-,C,T,mismatch,23,741,5,FALSE
nlgn4a,117,117,1,-,A,G,mismatch,24,741,5,FALSE
nlgn4a,107,107,1,-,T,C,mismatch,25,741,5,FALSE
nlgn4a,107,107,1,-,T,A,mismatch,26,741,5,FALSE
nlgn4a,109,109,1,-,T,A,mismatch,27,741,5,FALSE
nlgn4a,115,115,1,-,G,C,mismatch,28,741,5,FALSE
nlgn4a,115,115,1,-,G,A,mismatch,29,741,5,FALSE
nlgn4a,116,116,1,-,G,A,mismatch,30,741,5,FALSE
nlgn4a,120,120,1,-,G,A,mismatch,31,741,5,FALSE
nlgn4a,125,125,1,-,T,C,mismatch,32,741,5,FALSE
nlgn4a,126,126,1,-,G,A,mismatch,33,741,5,FALSE
nlgn4a,129,129,1,-,G,C,mismatch,34,741,5,FALSE
nlgn4a,138,138,1,-,C,A,mismatch,35,741,5,FALSE
nlgn4a,139,139,1,-,T,G,mismatch,36,741,5,FALSE
nlgn4a,143,143,1,-,C,A,mismatch,37,741,5,FALSE
nlgn4a,145,145,1,-,T,C,mismatch,38,741,5,FALSE
nlgn4a,146,146,1,-,T,G,mismatch,39,741,5,FALSE
nlgn4a,148,148,1,-,C,A,mismatch,40,741,5,FALSE
nlgn4a,155,155,1,-,T,A,mismatch,41,741,5,FALSE
nlgn4a,198,198,1,-,G,A,mismatch,42,741,5,FALSE
nlgn4a,195,195,1,-,A,G,mismatch,44,741,4,FALSE
nlgn4a,166,166,1,-,C,G,mismatch,45,741,4,FALSE
nlgn4a,149,149,1,-,A,T,mismatch,46,741,4,FALSE
nlgn4a,149,149,1,-,A,G,mismatch,47,741,4,FALSE
nlgn4a,149,149,1,-,A,C,mismatch,48,741,4,FALSE
nlgn4a,148,148,1,-,C,G,mismatch,49,741,4,FALSE
nlgn4a,147,147,1,-,A,G,mismatch,50,741,4,FALSE
nlgn4a,116,116,1,-,G,T,mismatch,51,741,4,FALSE
nlgn4a,112,112,1,-,C,T,mismatch,52,741,4,FALSE
nlgn4a,111,111,1,-,A,T,mismatch,53,741,4,FALSE
nlgn4a,106,106,1,-,T,G,mismatch,54,741,4,FALSE
nlgn4a,108,108,1,-,T,G,mismatch,55,741,4,FALSE
nlgn4a,110,110,1,-,T,A,mismatch,56,741,4,FALSE
nlgn4a,112,112,1,-,C,A,mismatch,57,741,4,FALSE
nlgn4a,114,114,1,-,T,C,mismatch,58,741,4,FALSE
nlgn4a,116,116,1,-,G,C,mismatch,59,741,4,FALSE
nlgn4a,118,118,1,-,T,A,mismatch,60,741,4,FALSE
nlgn4a,119,119,1,-,T,A,mismatch,61,741,4,FALSE
nlgn4a,124,124,1,-,T,G,mismatch,62,741,4,FALSE
nlgn4a,124,124,1,-,T,C,mismatch,63,741,4,FALSE
nlgn4a,125,125,1,-,T,A,mismatch,64,741,4,FALSE
nlgn4a,146,146,1,-,T,A,mismatch,65,741,4,FALSE
nlgn4a,176,176,1,-,G,C,mismatch,66,741,4,FALSE
nlgn4a,186,186,1,-,G,A,mismatch,67,741,4,FALSE
nlgn4a,192,192,1,-,C,A,mismatch,68,741,4,FALSE
nlgn4a,202,202,1,-,T,A,mismatch,69,741,4,FALSE
nlgn4a,210,210,1,-,C,A,mismatch,70,741,4,FALSE
nlgn4a,204,204,1,-,A,G,mismatch,80,741,3,FALSE
nlgn4a,203,203,1,-,G,T,mismatch,81,741,3,FALSE
nlgn4a,200,200,1,-,C,G,mismatch,82,741,3,FALSE
nlgn4a,195,195,1,-,A,C,mismatch,83,741,3,FALSE
nlgn4a,192,192,1,-,C,G,mismatch,84,741,3,FALSE
nlgn4a,188,188,1,-,C,T,mismatch,85,741,3,FALSE
nlgn4a,184,184,1,-,A,C,mismatch,86,741,3,FALSE
nlgn4a,182,182,1,-,C,T,mismatch,87,741,3,FALSE
nlgn4a,182,182,1,-,C,G,mismatch,88,741,3,FALSE
nlgn4a,179,179,1,-,A,T,mismatch,89,741,3,FALSE
nlgn4a,178,178,1,-,C,T,mismatch,90,741,3,FALSE
nlgn4a,177,177,1,-,A,T,mismatch,91,741,3,FALSE
nlgn4a,175,175,1,-,C,T,mismatch,92,741,3,FALSE
nlgn4a,174,174,1,-,A,T,mismatch,93,741,3,FALSE
nlgn4a,168,168,1,-,A,C,mismatch,94,741,3,FALSE
nlgn4a,164,164,1,-,C,G,mismatch,95,741,3,FALSE
nlgn4a,163,163,1,-,A,T,mismatch,96,741,3,FALSE
nlgn4a,163,163,1,-,A,G,mismatch,97,741,3,FALSE
nlgn4a,162,162,1,-,C,T,mismatch,98,741,3,FALSE
nlgn4a,142,142,1,-,C,G,mismatch,99,741,3,FALSE
nlgn4a,140,140,1,-,G,T,mismatch,100,741,3,FALSE
nlgn4a,137,137,1,-,G,T,mismatch,101,741,3,FALSE
nlgn4a,134,134,1,-,G,T,mismatch,102,741,3,FALSE
nlgn4a,120,120,1,-,G,T,mismatch,103,741,3,FALSE
nlgn4a,111,111,1,-,A,G,mismatch,104,741,3,FALSE
nlgn4a,105,105,1,-,C,T,mismatch,105,741,3,FALSE
nlgn4a,104,104,1,-,C,T,mismatch,106,741,3,FALSE
nlgn4a,104,104,1,-,C,G,mismatch,107,741,3,FALSE
nlgn4a,109,109,1,-,T,G,mismatch,108,741,3,FALSE
nlgn4a,114,114,1,-,T,G,mismatch,109,741,3,FALSE
nlgn4a,114,114,1,-,T,A,mismatch,110,741,3,FALSE
nlgn4a,119,119,1,-,T,C,mismatch,111,741,3,FALSE
nlgn4a,120,120,1,-,G,C,mismatch,112,741,3,FALSE
nlgn4a,122,122,1,-,G,C,mismatch,113,741,3,FALSE
nlgn4a,123,123,1,-,C,A,mismatch,114,741,3,FALSE
nlgn4a,128,128,1,-,G,C,mismatch,115,741,3,FALSE
nlgn4a,137,137,1,-,G,C,mismatch,116,741,3,FALSE
nlgn4a,137,137,1,-,G,A,mismatch,117,741,3,FALSE
nlgn4a,140,140,1,-,G,A,mismatch,118,741,3,FALSE
nlgn4a,150,150,1,-,T,G,mismatch,119,741,3,FALSE
nlgn4a,152,152,1,-,G,A,mismatch,120,741,3,FALSE
nlgn4a,153,153,1,-,G,A,mismatch,121,741,3,FALSE
nlgn4a,161,161,1,-,G,A,mismatch,122,741,3,FALSE
nlgn4a,167,167,1,-,T,G,mismatch,123,741,3,FALSE
nlgn4a,167,167,1,-,T,A,mismatch,124,741,3,FALSE
nlgn4a,173,173,1,-,T,C,mismatch,125,741,3,FALSE
nlgn4a,202,202,1,-,T,G,mismatch,126,741,3,FALSE
nlgn4a,203,203,1,-,G,C,mismatch,127,741,3,FALSE
nlgn4a,215,215,1,-,G,A,mismatch,128,741,3,FALSE
nlgn4a,222,222,1,-,G,C,mismatch,129,741,3,FALSE
nlgn4a,178,178,1,-,C,A,mismatch,159,732,2,FALSE
nlgn4a,231,231,1,-,G,T,mismatch,159,732,2,FALSE
nlgn4a,225,225,1,-,A,G,mismatch,160,741,2,FALSE
nlgn4a,223,223,1,-,A,T,mismatch,161,741,2,FALSE
nlgn4a,219,219,1,-,A,G,mismatch,162,741,2,FALSE
nlgn4a,216,216,1,-,C,T,mismatch,163,741,2,FALSE
nlgn4a,209,209,1,-,A,C,mismatch,164,741,2,FALSE
nlgn4a,205,205,1,-,A,C,mismatch,165,741,2,FALSE
nlgn4a,194,194,1,-,A,G,mismatch,166,741,2,FALSE
nlgn4a,194,194,1,-,A,C,mismatch,167,741,2,FALSE
nlgn4a,192,192,1,-,C,T,mismatch,168,741,2,FALSE
nlgn4a,190,190,1,-,A,T,mismatch,169,741,2,FALSE
nlgn4a,189,189,1,-,A,C,mismatch,170,741,2,FALSE
nlgn4a,181,181,1,-,A,G,mismatch,171,741,2,FALSE
nlgn4a,181,181,1,-,A,C,mismatch,172,741,2,FALSE
nlgn4a,180,180,1,-,A,G,mismatch,173,741,2,FALSE
nlgn4a,180,180,1,-,A,C,mismatch,174,741,2,FALSE
nlgn4a,177,177,1,-,A,G,mismatch,175,741,2,FALSE
nlgn4a,176,176,1,-,G,T,mismatch,176,741,2,FALSE
nlgn4a,174,174,1,-,A,G,mismatch,177,741,2,FALSE
nlgn4a,174,174,1,-,A,C,mismatch,178,741,2,FALSE
nlgn4a,165,165,1,-,C,G,mismatch,179,741,2,FALSE
nlgn4a,116,116,1,-,G,T,mismatch,180,732,2,FALSE
nlgn4a,160,160,1,-,A,T,mismatch,180,732,2,FALSE
nlgn4a,160,160,1,-,A,T,mismatch,181,741,2,FALSE
nlgn4a,160,160,1,-,A,G,mismatch,182,741,2,FALSE
nlgn4a,160,160,1,-,A,C,mismatch,183,741,2,FALSE
nlgn4a,159,159,1,-,C,G,mismatch,184,741,2,FALSE
nlgn4a,157,157,1,-,A,T,mismatch,185,741,2,FALSE
nlgn4a,156,156,1,-,C,G,mismatch,186,741,2,FALSE
nlgn4a,154,154,1,-,C,T,mismatch,187,741,2,FALSE
nlgn4a,154,154,1,-,C,G,mismatch,188,741,2,FALSE
nlgn4a,153,153,1,-,G,T,mismatch,189,741,2,FALSE
nlgn4a,147,147,1,-,A,T,mismatch,190,741,2,FALSE
nlgn4a,144,144,1,-,A,G,mismatch,191,741,2,FALSE
nlgn4a,143,143,1,-,C,T,mismatch,192,741,2,FALSE
nlgn4a,141,141,1,-,G,T,mismatch,193,741,2,FALSE
nlgn4a,138,138,1,-,C,G,mismatch,194,741,2,FALSE
nlgn4a,136,136,1,-,G,T,mismatch,195,741,2,FALSE
nlgn4a,131,131,1,-,T,A,mismatch,196,732,2,FALSE
nlgn4a,133,133,1,-,C,T,mismatch,196,732,2,FALSE
nlgn4a,133,133,1,-,C,G,mismatch,197,741,2,FALSE
nlgn4a,129,129,1,-,G,T,mismatch,198,741,2,FALSE
nlgn4a,123,123,1,-,C,G,mismatch,199,741,2,FALSE
nlgn4a,117,117,1,-,A,C,mismatch,200,741,2,FALSE
nlgn4a,113,113,1,-,C,T,mismatch,201,741,2,FALSE
nlgn4a,103,103,1,-,G,C,mismatch,202,741,2,FALSE
nlgn4a,104,104,1,-,C,A,mismatch,203,741,2,FALSE
nlgn4a,113,113,1,-,C,A,mismatch,204,741,2,FALSE
nlgn4a,118,118,1,-,T,C,mismatch,205,741,2,FALSE
nlgn4a,121,121,1,-,T,C,mismatch,206,741,2,FALSE
nlgn4a,122,122,1,-,G,A,mismatch,207,741,2,FALSE
nlgn4a,124,124,1,-,T,A,mismatch,208,741,2,FALSE
nlgn4a,125,125,1,-,T,G,mismatch,209,741,2,FALSE
nlgn4a,126,126,1,-,G,C,mismatch,210,741,2,FALSE
nlgn4a,127,127,1,-,C,A,mismatch,211,741,2,FALSE
nlgn4a,128,128,1,-,G,A,mismatch,212,741,2,FALSE
nlgn4a,129,129,1,-,G,A,mismatch,213,741,2,FALSE
nlgn4a,130,130,1,-,C,A,mismatch,214,741,2,FALSE
nlgn4a,131,131,1,-,T,A,mismatch,215,741,2,FALSE
nlgn4a,132,132,1,-,G,C,mismatch,216,741,2,FALSE
nlgn4a,132,132,1,-,G,A,mismatch,217,741,2,FALSE
nlgn4a,134,134,1,-,G,C,mismatch,218,741,2,FALSE
nlgn4a,135,135,1,-,T,G,mismatch,219,741,2,FALSE
nlgn4a,135,135,1,-,T,C,mismatch,220,741,2,FALSE
nlgn4a,139,139,1,-,T,C,mismatch,221,741,2,FALSE
nlgn4a,139,139,1,-,T,A,mismatch,222,741,2,FALSE
nlgn4a,140,140,1,-,G,C,mismatch,223,741,2,FALSE
nlgn4a,145,145,1,-,T,G,mismatch,224,741,2,FALSE
nlgn4a,146,146,1,-,T,C,mismatch,225,741,2,FALSE
nlgn4a,150,150,1,-,T,A,mismatch,226,741,2,FALSE
nlgn4a,155,155,1,-,T,C,mismatch,227,741,2,FALSE
nlgn4a,158,158,1,-,G,C,mismatch,228,741,2,FALSE
nlgn4a,158,158,1,-,G,A,mismatch,229,741,2,FALSE
nlgn4a,159,159,1,-,C,A,mismatch,230,741,2,FALSE
nlgn4a,161,161,1,-,G,C,mismatch,231,741,2,FALSE
nlgn4a,162,162,1,-,C,A,mismatch,232,741,2,FALSE
nlgn4a,169,169,1,-,T,A,mismatch,233,741,2,FALSE
nlgn4a,172,172,1,-,T,A,mismatch,234,741,2,FALSE
nlgn4a,176,176,1,-,G,A,mismatch,235,741,2,FALSE
nlgn4a,183,183,1,-,T,G,mismatch,236,741,2,FALSE
nlgn4a,185,185,1,-,T,C,mismatch,237,741,2,FALSE
nlgn4a,186,186,1,-,G,C,mismatch,238,741,2,FALSE
nlgn4a,187,187,1,-,G,C,mismatch,239,741,2,FALSE
nlgn4a,187,187,1,-,G,A,mismatch,240,741,2,FALSE
nlgn4a,191,191,1,-,G,C,mismatch,241,741,2,FALSE
nlgn4a,141,141,1,-,G,C,mismatch,242,732,2,FALSE
nlgn4a,191,191,1,-,G,C,mismatch,242,732,2,FALSE
nlgn4a,191,191,1,-,G,A,mismatch,243,741,2,FALSE
nlgn4a,193,193,1,-,T,G,mismatch,244,741,2,FALSE
nlgn4a,196,196,1,-,G,C,mismatch,245,741,2,FALSE
nlgn4a,199,199,1,-,G,C,mismatch,246,741,2,FALSE
nlgn4a,202,202,1,-,T,C,mismatch,247,741,2,FALSE
nlgn4a,211,211,1,-,C,A,mismatch,248,741,2,FALSE
nlgn4a,214,214,1,-,T,G,mismatch,249,741,2,FALSE
nlgn4a,214,214,1,-,T,A,mismatch,250,741,2,FALSE
nlgn4a,221,221,1,-,T,A,mismatch,251,741,2,FALSE
nlgn4a,224,224,1,-,G,C,mismatch,252,741,2,FALSE
nlgn4a,226,226,1,-,T,G,mismatch,253,741,2,FALSE
nlgn4a,226,226,1,-,T,C,mismatch,254,741,2,FALSE
nlgn4a,229,229,1,-,T,C,mismatch,255,741,2,FALSE
nlgn4a,165,165,1,-,C,A,mismatch,256,732,2,FALSE
nlgn4a,229,229,1,-,T,A,mismatch,256,732,2,FALSE
nlgn4a,122,122,1,-,G,C,mismatch,267,741,2,FALSE
nlgn4a,115,115,1,-,G,A,mismatch,278,732,1,FALSE
nlgn4a,124,124,1,-,T,A,mismatch,278,732,1,FALSE
nlgn4a,164,164,1,-,C,A,mismatch,281,732,1,FALSE
nlgn4a,223,223,1,-,A,C,mismatch,281,732,1,FALSE
nlgn4a,232,232,1,-,G,T,mismatch,283,741,1,FALSE
nlgn4a,189,189,1,-,A,T,mismatch,284,741,1,FALSE
nlgn4a,103,103,1,-,G,A,mismatch,285,714,1,FALSE
nlgn4a,133,133,1,-,C,G,mismatch,285,714,1,FALSE
nlgn4a,152,152,1,-,G,A,mismatch,285,714,1,FALSE
nlgn4a,154,154,1,-,C,G,mismatch,285,714,1,FALSE
nlgn4a,126,126,1,-,G,T,mismatch,286,732,1,FALSE
nlgn4a,150,150,1,-,T,G,mismatch,286,732,1,FALSE
nlgn4a,214,214,1,-,T,G,mismatch,288,741,1,FALSE
nlgn4a,186,186,1,-,G,C,mismatch,290,741,1,FALSE
nlgn4a,148,148,1,-,C,G,mismatch,291,732,1,FALSE
nlgn4a,190,190,1,-,A,G,mismatch,291,732,1,FALSE
nlgn4a,128,128,1,-,G,A,mismatch,292,732,1,FALSE
nlgn4a,182,182,1,-,C,G,mismatch,292,732,1,FALSE
nlgn4a,154,154,1,-,C,T,mismatch,294,741,1,FALSE
nlgn4a,231,231,1,-,G,C,mismatch,295,741,1,FALSE
nlgn4a,122,122,1,-,G,C,mismatch,297,741,1,FALSE
nlgn4a,155,155,1,-,T,A,mismatch,298,723,1,FALSE
nlgn4a,220,220,1,-,A,G,mismatch,298,723,1,FALSE
nlgn4a,223,223,1,-,A,T,mismatch,298,723,1,FALSE
nlgn4a,217,217,1,-,C,G,mismatch,300,741,1,FALSE
nlgn4a,142,142,1,-,C,G,mismatch,301,741,1,FALSE
nlgn4a,123,123,1,-,C,G,mismatch,303,741,1,FALSE
nlgn4a,123,123,1,-,C,A,mismatch,304,732,1,FALSE
nlgn4a,170,170,1,-,T,A,mismatch,304,732,1,FALSE
nlgn4a,215,215,1,-,G,T,mismatch,305,741,1,FALSE
nlgn4a,106,106,1,-,T,G,mismatch,307,723,1,FALSE
nlgn4a,131,131,1,-,T,C,mismatch,307,723,1,FALSE
nlgn4a,143,143,1,-,C,T,mismatch,308,741,1,FALSE
nlgn4a,109,109,1,-,T,C,mismatch,309,732,1,FALSE
nlgn4a,155,155,1,-,T,C,mismatch,309,732,1,FALSE
nlgn4a,110,110,1,-,T,G,mismatch,310,741,1,FALSE
nlgn4a,127,127,1,-,C,A,mismatch,311,741,1,FALSE
nlgn4a,142,142,1,-,C,T,mismatch,312,741,1,FALSE
nlgn4a,115,115,1,-,G,T,mismatch,314,732,1,FALSE
nlgn4a,130,130,1,-,C,G,mismatch,314,732,1,FALSE
nlgn4a,123,123,1,-,C,A,mismatch,315,741,1,FALSE
nlgn4a,188,188,1,-,C,T,mismatch,317,741,1,FALSE
nlgn4a,115,115,1,-,G,A,mismatch,319,732,1,FALSE
nlgn4a,168,168,1,-,A,T,mismatch,319,732,1,FALSE
nlgn4a,216,216,1,-,C,G,mismatch,320,741,1,FALSE
nlgn4a,160,160,1,-,A,G,mismatch,321,741,1,FALSE
nlgn4a,127,127,1,-,C,G,mismatch,322,741,1,FALSE
nlgn4a,208,208,1,-,C,G,mismatch,323,741,1,FALSE
nlgn4a,164,164,1,-,C,A,mismatch,324,741,1,FALSE
nlgn4a,123,123,1,-,C,A,mismatch,326,732,1,FALSE
nlgn4a,134,134,1,-,G,C,mismatch,326,732,1,FALSE
nlgn4a,147,147,1,-,A,C,mismatch,328,732,1,FALSE
nlgn4a,179,179,1,-,A,G,mismatch,328,732,1,FALSE
nlgn4a,108,108,1,-,T,G,mismatch,330,723,1,FALSE
nlgn4a,141,141,1,-,G,T,mismatch,330,723,1,FALSE
nlgn4a,186,186,1,-,G,C,mismatch,330,723,1,FALSE
nlgn4a,175,175,1,-,C,A,mismatch,331,723,1,FALSE
nlgn4a,184,184,1,-,A,C,mismatch,331,723,1,FALSE
nlgn4a,142,142,1,-,C,A,mismatch,332,732,1,FALSE
nlgn4a,158,158,1,-,G,C,mismatch,332,732,1,FALSE
nlgn4a,140,140,1,-,G,T,mismatch,333,732,1,FALSE
nlgn4a,113,113,1,-,C,A,mismatch,334,732,1,FALSE
nlgn4a,127,127,1,-,C,T,mismatch,334,732,1,FALSE
nlgn4a,144,144,1,-,A,T,mismatch,335,741,1,FALSE
nlgn4a,106,106,1,-,T,C,mismatch,336,741,1,FALSE
nlgn4a,143,143,1,-,C,A,mismatch,337,741,1,FALSE
nlgn4a,121,121,1,-,T,A,mismatch,338,723,1,FALSE
nlgn4a,137,137,1,-,G,A,mismatch,338,723,1,FALSE
nlgn4a,171,171,1,-,G,T,mismatch,338,723,1,FALSE
nlgn4a,127,127,1,-,C,G,mismatch,339,723,1,FALSE
nlgn4a,152,152,1,-,G,T,mismatch,339,723,1,FALSE
nlgn4a,166,166,1,-,C,T,mismatch,339,723,1,FALSE
nlgn4a,233,233,1,-,G,A,mismatch,340,741,1,FALSE
nlgn4a,135,135,1,-,T,C,mismatch,342,732,1,FALSE
nlgn4a,158,158,1,-,G,A,mismatch,342,732,1,FALSE
nlgn4a,114,114,1,-,T,A,mismatch,344,714,1,FALSE
nlgn4a,124,124,1,-,T,C,mismatch,344,714,1,FALSE
nlgn4a,151,151,1,-,G,A,mismatch,344,714,1,FALSE
nlgn4a,197,197,1,-,A,G,mismatch,345,741,1,FALSE
nlgn4a,144,144,1,-,A,C,mismatch,346,732,1,FALSE
nlgn4a,174,174,1,-,A,T,mismatch,346,732,1,FALSE
nlgn4a,109,109,1,-,T,G,mismatch,347,741,1,FALSE
nlgn4a,123,123,1,-,C,A,mismatch,348,732,1,FALSE
nlgn4a,172,172,1,-,T,C,mismatch,348,732,1,FALSE
nlgn4a,109,109,1,-,T,G,mismatch,351,723,1,FALSE
nlgn4a,209,209,1,-,A,T,mismatch,351,723,1,FALSE
nlgn4a,125,125,1,-,T,C,mismatch,352,732,1,FALSE
nlgn4a,113,113,1,-,C,A,mismatch,353,741,1,FALSE
nlgn4a,178,178,1,-,C,G,mismatch,354,741,1,FALSE
nlgn4a,117,117,1,-,A,T,mismatch,357,741,1,FALSE
nlgn4a,118,118,1,-,T,C,mismatch,358,732,1,FALSE
nlgn4a,206,206,1,-,A,T,mismatch,358,732,1,FALSE
nlgn4a,173,173,1,-,T,A,mismatch,359,723,1,FALSE
nlgn4a,193,193,1,-,T,C,mismatch,359,723,1,FALSE
nlgn4a,172,172,1,-,T,C,mismatch,360,723,1,FALSE
nlgn4a,113,113,1,-,C,A,mismatch,361,723,1,FALSE
nlgn4a,169,169,1,-,T,A,mismatch,361,723,1,FALSE
nlgn4a,182,182,1,-,C,G,mismatch,361,723,1,FALSE
nlgn4a,133,133,1,-,C,A,mismatch,364,741,1,FALSE
nlgn4a,173,173,1,-,T,C,mismatch,366,741,1,FALSE
nlgn4a,181,181,1,-,A,T,mismatch,368,741,1,FALSE
nlgn4a,174,174,1,-,A,G,mismatch,369,741,1,FALSE
nlgn4a,174,174,1,-,A,G,mismatch,373,741,1,FALSE
nlgn4a,113,113,1,-,C,T,mismatch,374,732,1,FALSE
nlgn4a,167,167,1,-,T,C,mismatch,374,732,1,FALSE
nlgn4a,115,115,1,-,G,T,mismatch,376,741,1,FALSE
nlgn4a,104,104,1,-,C,A,mismatch,377,723,1,FALSE
nlgn4a,119,119,1,-,T,A,mismatch,377,723,1,FALSE
nlgn4a,121,121,1,-,T,A,mismatch,377,723,1,FALSE
nlgn4a,190,190,1,-,A,G,mismatch,378,732,1,FALSE
nlgn4a,146,146,1,-,T,C,mismatch,380,741,1,FALSE
nlgn4a,180,180,1,-,A,G,mismatch,381,723,1,FALSE
nlgn4a,183,183,1,-,T,A,mismatch,381,723,1,FALSE
nlgn4a,200,200,1,-,C,T,mismatch,381,723,1,FALSE
nlgn4a,119,119,1,-,T,C,mismatch,382,741,1,FALSE
nlgn4a,149,149,1,-,A,C,mismatch,383,723,1,FALSE
nlgn4a,170,170,1,-,T,C,mismatch,383,723,1,FALSE
nlgn4a,112,112,1,-,C,A,mismatch,385,741,1,FALSE
nlgn4a,138,138,1,-,C,A,mismatch,386,723,1,FALSE
nlgn4a,152,152,1,-,G,A,mismatch,386,723,1,FALSE
nlgn4a,230,230,1,-,A,C,mismatch,386,723,1,FALSE
nlgn4a,118,118,1,-,T,G,mismatch,387,741,1,FALSE
nlgn4a,113,113,1,-,C,G,mismatch,388,714,1,FALSE
nlgn4a,115,115,1,-,G,C,mismatch,388,714,1,FALSE
nlgn4a,117,117,1,-,A,T,mismatch,388,714,1,FALSE
nlgn4a,119,119,1,-,T,C,mismatch,388,714,1,FALSE
nlgn4a,152,152,1,-,G,T,mismatch,389,714,1,FALSE
nlgn4a,174,174,1,-,A,T,mismatch,389,714,1,FALSE
nlgn4a,199,199,1,-,G,T,mismatch,389,714,1,FALSE
nlgn4a,206,206,1,-,A,T,mismatch,389,714,1,FALSE
nlgn4a,143,143,1,-,C,A,mismatch,390,741,1,FALSE
nlgn4a,107,107,1,-,T,G,mismatch,392,741,1,FALSE
nlgn4a,117,117,1,-,A,G,mismatch,393,732,1,FALSE
nlgn4a,218,218,1,-,C,G,mismatch,393,732,1,FALSE
nlgn4a,141,141,1,-,G,C,mismatch,395,741,1,FALSE
nlgn4a,108,108,1,-,T,A,mismatch,396,723,1,FALSE
nlgn4a,130,130,1,-,C,G,mismatch,396,723,1,FALSE
nlgn4a,193,193,1,-,T,C,mismatch,396,723,1,FALSE
nlgn4a,107,107,1,-,T,C,mismatch,398,732,1,FALSE
nlgn4a,137,137,1,-,G,A,mismatch,398,732,1,FALSE
nlgn4a,137,137,1,-,G,A,mismatch,399,723,1,FALSE
nlgn4a,143,143,1,-,C,A,mismatch,399,723,1,FALSE
nlgn4a,202,202,1,-,T,G,mismatch,399,723,1,FALSE
nlgn4a,109,109,1,-,T,A,mismatch,401,732,1,FALSE
nlgn4a,115,115,1,-,G,T,mismatch,401,732,1,FALSE
nlgn4a,138,138,1,-,C,G,mismatch,403,723,1,FALSE
nlgn4a,176,176,1,-,G,A,mismatch,403,723,1,FALSE
nlgn4a,186,186,1,-,G,A,mismatch,403,723,1,FALSE
nlgn4a,105,105,1,-,C,G,mismatch,404,723,1,FALSE
nlgn4a,220,220,1,-,A,T,mismatch,404,723,1,FALSE
nlgn4a,232,232,1,-,G,T,mismatch,404,723,1,FALSE
nlgn4a,131,131,1,-,T,A,mismatch,405,741,1,FALSE
nlgn4a,145,145,1,-,T,G,mismatch,406,741,1,FALSE
nlgn4a,218,218,1,-,C,G,mismatch,407,741,1,FALSE
nlgn4a,129,129,1,-,G,T,mismatch,410,741,1,FALSE
nlgn4a,127,127,1,-,C,T,mismatch,411,741,1,FALSE
nlgn4a,173,173,1,-,T,C,mismatch,413,741,1,FALSE
nlgn4a,210,210,1,-,C,T,mismatch,415,741,1,FALSE
nlgn4a,103,103,1,-,G,A,mismatch,416,732,1,FALSE
nlgn4a,144,144,1,-,A,C,mismatch,416,732,1,FALSE
nlgn4a,103,103,1,-,G,T,mismatch,417,723,1,FALSE
nlgn4a,116,116,1,-,G,C,mismatch,417,723,1,FALSE
nlgn4a,233,233,1,-,G,A,mismatch,417,723,1,FALSE
nlgn4a,146,146,1,-,T,C,mismatch,419,741,1,FALSE
nlgn4a,125,125,1,-,T,A,mismatch,420,732,1,FALSE
nlgn4a,155,155,1,-,T,A,mismatch,420,732,1,FALSE
nlgn4a,178,178,1,-,C,G,mismatch,421,741,1,FALSE
nlgn4a,123,123,1,-,C,G,mismatch,422,741,1,FALSE
nlgn4a,146,146,1,-,T,G,mismatch,423,741,1,FALSE
nlgn4a,103,103,1,-,G,T,mismatch,424,741,1,FALSE
nlgn4a,114,114,1,-,T,C,mismatch,425,741,1,FALSE
nlgn4a,141,141,1,-,G,A,mismatch,426,723,1,FALSE
nlgn4a,156,156,1,-,C,G,mismatch,426,723,1,FALSE
nlgn4a,168,168,1,-,A,G,mismatch,426,723,1,FALSE
nlgn4a,178,178,1,-,C,A,mismatch,427,741,1,FALSE
nlgn4a,129,129,1,-,G,T,mismatch,428,732,1,FALSE
nlgn4a,178,178,1,-,C,G,mismatch,428,732,1,FALSE
nlgn4a,122,122,1,-,G,C,mismatch,429,741,1,FALSE
nlgn4a,107,107,1,-,T,C,mismatch,430,732,1,FALSE
nlgn4a,140,140,1,-,G,C,mismatch,430,732,1,FALSE
nlgn4a,196,196,1,-,G,C,mismatch,431,741,1,FALSE
nlgn4a,131,131,1,-,T,A,mismatch,433,723,1,FALSE
nlgn4a,224,224,1,-,G,C,mismatch,433,723,1,FALSE
nlgn4a,148,148,1,-,C,T,mismatch,434,732,1,FALSE
nlgn4a,165,165,1,-,C,A,mismatch,434,732,1,FALSE
nlgn4a,113,113,1,-,C,T,mismatch,435,732,1,FALSE
nlgn4a,174,174,1,-,A,C,mismatch,435,732,1,FALSE
nlgn4a,192,192,1,-,C,T,mismatch,436,741,1,FALSE
nlgn4a,124,124,1,-,T,C,mismatch,437,741,1,FALSE
nlgn4a,149,149,1,-,A,C,mismatch,438,741,1,FALSE
nlgn4a,104,104,1,-,C,A,mismatch,439,741,1,FALSE
nlgn4a,157,157,1,-,A,G,mismatch,440,741,1,FALSE
nlgn4a,167,167,1,-,T,A,mismatch,442,741,1,FALSE
nlgn4a,135,135,1,-,T,A,mismatch,443,732,1,FALSE
nlgn4a,163,163,1,-,A,G,mismatch,443,732,1,FALSE
nlgn4a,184,184,1,-,A,T,mismatch,444,741,1,FALSE
nlgn4a,137,137,1,-,G,T,mismatch,445,732,1,FALSE
nlgn4a,181,181,1,-,A,T,mismatch,445,732,1,FALSE
nlgn4a,142,142,1,-,C,T,mismatch,446,741,1,FALSE
nlgn4a,120,120,1,-,G,C,mismatch,447,732,1,FALSE
nlgn4a,182,182,1,-,C,A,mismatch,447,732,1,FALSE
nlgn4a,163,163,1,-,A,C,mismatch,448,723,1,FALSE
nlgn4a,222,222,1,-,G,C,mismatch,448,723,1,FALSE
nlgn4a,233,233,1,-,G,T,mismatch,448,723,1,FALSE
nlgn4a,119,119,1,-,T,G,mismatch,449,741,1,FALSE
nlgn4a,108,108,1,-,T,A,mismatch,450,741,1,FALSE
nlgn4a,156,156,1,-,C,A,mismatch,451,741,1,FALSE
nlgn4a,116,116,1,-,G,T,mismatch,452,723,1,FALSE
nlgn4a,125,125,1,-,T,A,mismatch,452,723,1,FALSE
nlgn4a,136,136,1,-,G,A,mismatch,452,723,1,FALSE
nlgn4a,179,179,1,-,A,G,mismatch,453,741,1,FALSE
nlgn4a,135,135,1,-,T,A,mismatch,455,723,1,FALSE
nlgn4a,113,113,1,-,C,T,mismatch,456,741,1,FALSE
nlgn4a,120,120,1,-,G,A,mismatch,458,741,1,FALSE
nlgn4a,222,222,1,-,G,C,mismatch,459,741,1,FALSE
nlgn4a,151,151,1,-,G,T,mismatch,462,732,1,FALSE
nlgn4a,177,177,1,-,A,G,mismatch,463,732,1,FALSE
nlgn4a,189,189,1,-,A,T,mismatch,463,732,1,FALSE
nlgn4a,137,137,1,-,G,T,mismatch,464,732,1,FALSE
nlgn4a,160,160,1,-,A,T,mismatch,464,732,1,FALSE
nlgn4a,175,175,1,-,C,A,mismatch,465,732,1,FALSE
nlgn4a,204,204,1,-,A,T,mismatch,465,732,1,FALSE
nlgn4a,125,125,1,-,T,C,mismatch,466,741,1,FALSE
nlgn4a,118,118,1,-,T,G,mismatch,467,723,1,FALSE
nlgn4a,125,125,1,-,T,G,mismatch,467,723,1,FALSE
nlgn4a,158,158,1,-,G,C,mismatch,467,723,1,FALSE
nlgn4a,137,137,1,-,G,C,mismatch,468,741,1,FALSE
nlgn4a,125,125,1,-,T,A,mismatch,469,732,1,FALSE
nlgn4a,222,222,1,-,G,C,mismatch,469,732,1,FALSE
nlgn4a,125,125,1,-,T,C,mismatch,470,723,1,FALSE
nlgn4a,211,211,1,-,C,T,mismatch,470,723,1,FALSE
nlgn4a,193,193,1,-,T,A,mismatch,472,741,1,FALSE
nlgn4a,224,224,1,-,G,A,mismatch,473,741,1,FALSE
nlgn4a,112,112,1,-,C,A,mismatch,474,741,1,FALSE
nlgn4a,112,112,1,-,C,A,mismatch,475,741,1,FALSE
nlgn4a,117,117,1,-,A,C,mismatch,476,732,1,FALSE
nlgn4a,209,209,1,-,A,G,mismatch,476,732,1,FALSE
nlgn4a,108,108,1,-,T,A,mismatch,477,732,1,FALSE
nlgn4a,185,185,1,-,T,G,mismatch,477,732,1,FALSE
nlgn4a,106,106,1,-,T,C,mismatch,478,741,1,FALSE
nlgn4a,119,119,1,-,T,A,mismatch,479,741,1,FALSE
nlgn4a,112,112,1,-,C,G,mismatch,480,732,1,FALSE
nlgn4a,207,207,1,-,A,T,mismatch,481,732,1,FALSE
nlgn4a,216,216,1,-,C,G,mismatch,481,732,1,FALSE
nlgn4a,115,115,1,-,G,T,mismatch,482,714,1,FALSE
nlgn4a,147,147,1,-,A,T,mismatch,482,714,1,FALSE
nlgn4a,173,173,1,-,T,A,mismatch,482,714,1,FALSE
nlgn4a,208,208,1,-,C,T,mismatch,482,714,1,FALSE
nlgn4a,140,140,1,-,G,A,mismatch,483,741,1,FALSE
nlgn4a,162,162,1,-,C,G,mismatch,484,732,1,FALSE
nlgn4a,144,144,1,-,A,T,mismatch,485,741,1,FALSE
nlgn4a,173,173,1,-,T,G,mismatch,486,741,1,FALSE
nlgn4a,127,127,1,-,C,A,mismatch,488,732,1,FALSE
nlgn4a,178,178,1,-,C,A,mismatch,488,732,1,FALSE
nlgn4a,133,133,1,-,C,T,mismatch,490,741,1,FALSE
nlgn4a,124,124,1,-,T,C,mismatch,491,741,1,FALSE
nlgn4a,117,117,1,-,A,G,mismatch,492,741,1,FALSE
nlgn4a,141,141,1,-,G,T,mismatch,494,732,1,FALSE
nlgn4a,198,198,1,-,G,A,mismatch,494,732,1,FALSE
nlgn4a,105,105,1,-,C,G,mismatch,495,741,1,FALSE
nlgn4a,110,110,1,-,T,C,mismatch,498,741,1,FALSE
nlgn4a,146,146,1,-,T,G,mismatch,499,741,1,FALSE
nlgn4a,105,105,1,-,C,G,mismatch,501,741,1,FALSE
nlgn4a,114,114,1,-,T,G,mismatch,503,732,1,FALSE
nlgn4a,145,145,1,-,T,A,mismatch,503,732,1,FALSE
nlgn4a,139,139,1,-,T,G,mismatch,505,732,1,FALSE
nlgn4a,205,205,1,-,A,T,mismatch,505,732,1,FALSE
nlgn4a,196,196,1,-,G,C,mismatch,507,732,1,FALSE
nlgn4a,228,228,1,-,C,A,mismatch,507,732,1,FALSE
nlgn4a,155,155,1,-,T,A,mismatch,509,732,1,FALSE
nlgn4a,198,198,1,-,G,C,mismatch,511,741,1,FALSE
nlgn4a,104,104,1,-,C,T,mismatch,512,732,1,FALSE
nlgn4a,157,157,1,-,A,C,mismatch,512,732,1,FALSE
nlgn4a,120,120,1,-,G,T,mismatch,513,741,1,FALSE
nlgn4a,103,103,1,-,G,C,mismatch,514,732,1,FALSE
nlgn4a,125,125,1,-,T,G,mismatch,514,732,1,FALSE
nlgn4a,127,127,1,-,C,T,mismatch,515,723,1,FALSE
nlgn4a,137,137,1,-,G,C,mismatch,515,723,1,FALSE
nlgn4a,203,203,1,-,G,A,mismatch,515,723,1,FALSE
nlgn4a,191,191,1,-,G,A,mismatch,516,741,1,FALSE
nlgn4a,114,114,1,-,T,A,mismatch,517,732,1,FALSE
nlgn4a,231,231,1,-,G,T,mismatch,517,732,1,FALSE
nlgn4a,181,181,1,-,A,T,mismatch,518,741,1,FALSE
nlgn4a,168,168,1,-,A,C,mismatch,520,714,1,FALSE
nlgn4a,216,216,1,-,C,G,mismatch,520,714,1,FALSE
nlgn4a,107,107,1,-,T,G,mismatch,521,741,1,FALSE
nlgn4a,143,143,1,-,C,T,mismatch,522,741,1,FALSE
nlgn4a,131,131,1,-,T,G,mismatch,523,741,1,FALSE
nlgn4a,186,186,1,-,G,C,mismatch,525,741,1,FALSE
nlgn4a,147,147,1,-,A,G,mismatch,527,732,1,FALSE
nlgn4a,190,190,1,-,A,C,mismatch,527,732,1,FALSE
nlgn4a,107,107,1,-,T,C,mismatch,529,741,1,FALSE
nlgn4a,108,108,1,-,T,G,mismatch,530,732,1,FALSE
nlgn4a,159,159,1,-,C,T,mismatch,530,732,1,FALSE
nlgn4a,120,120,1,-,G,T,mismatch,532,732,1,FALSE
nlgn4a,184,184,1,-,A,G,mismatch,532,732,1,FALSE
nlgn4a,104,104,1,-,C,A,mismatch,533,741,1,FALSE
nlgn4a,132,132,1,-,G,A,mismatch,534,741,1,FALSE
nlgn4a,104,104,1,-,C,T,mismatch,535,732,1,FALSE
nlgn4a,134,134,1,-,G,C,mismatch,535,732,1,FALSE
nlgn4a,146,146,1,-,T,A,mismatch,536,741,1,FALSE
nlgn4a,113,113,1,-,C,G,mismatch,537,723,1,FALSE
nlgn4a,117,117,1,-,A,G,mismatch,537,723,1,FALSE
nlgn4a,150,150,1,-,T,C,mismatch,537,723,1,FALSE
nlgn4a,126,126,1,-,G,A,mismatch,538,741,1,FALSE
nlgn4a,106,106,1,-,T,C,mismatch,539,741,1,FALSE
nlgn4a,115,115,1,-,G,T,mismatch,540,741,1,FALSE
nlgn4a,141,141,1,-,G,A,mismatch,541,732,1,FALSE
nlgn4a,153,153,1,-,G,T,mismatch,541,732,1,FALSE
nlgn4a,128,128,1,-,G,C,mismatch,543,741,1,FALSE
nlgn4a,115,115,1,-,G,A,mismatch,545,723,1,FALSE
nlgn4a,198,198,1,-,G,C,mismatch,545,723,1,FALSE
nlgn4a,209,209,1,-,A,T,mismatch,546,741,1,FALSE
nlgn4a,147,147,1,-,A,G,mismatch,547,741,1,FALSE
nlgn4a,139,139,1,-,T,A,mismatch,549,741,1,FALSE
nlgn4a,157,157,1,-,A,C,mismatch,550,732,1,FALSE
nlgn4a,140,140,1,-,G,C,mismatch,552,732,1,FALSE
nlgn4a,226,226,1,-,T,G,mismatch,552,732,1,FALSE
nlgn4a,137,137,1,-,G,C,mismatch,554,741,1,FALSE
nlgn4a,114,114,1,-,T,C,mismatch,555,723,1,FALSE
nlgn4a,117,117,1,-,A,G,mismatch,555,723,1,FALSE
nlgn4a,139,139,1,-,T,G,mismatch,555,723,1,FALSE
nlgn4a,136,136,1,-,G,T,mismatch,556,723,1,FALSE
nlgn4a,182,182,1,-,C,G,mismatch,556,723,1,FALSE
nlgn4a,228,228,1,-,C,T,mismatch,556,723,1,FALSE
nlgn4a,141,141,1,-,G,A,mismatch,558,741,1,FALSE
nlgn4a,116,116,1,-,G,A,mismatch,559,732,1,FALSE
nlgn4a,120,120,1,-,G,T,mismatch,559,732,1,FALSE
nlgn4a,115,115,1,-,G,C,mismatch,561,714,1,FALSE
nlgn4a,136,136,1,-,G,T,mismatch,561,714,1,FALSE
nlgn4a,164,164,1,-,C,A,mismatch,562,741,1,FALSE
nlgn4a,108,108,1,-,T,A,mismatch,564,714,1,FALSE
nlgn4a,137,137,1,-,G,C,mismatch,564,714,1,FALSE
nlgn4a,147,147,1,-,A,T,mismatch,564,714,1,FALSE
nlgn4a,150,150,1,-,T,C,mismatch,564,714,1,FALSE
nlgn4a,199,199,1,-,G,T,mismatch,565,741,1,FALSE
nlgn4a,124,124,1,-,T,A,mismatch,566,732,1,FALSE
nlgn4a,138,138,1,-,C,A,mismatch,566,732,1,FALSE
nlgn4a,119,119,1,-,T,A,mismatch,567,741,1,FALSE
nlgn4a,116,116,1,-,G,A,mismatch,569,741,1,FALSE
nlgn4a,201,201,1,-,T,C,mismatch,570,741,1,FALSE
nlgn4a,106,106,1,-,T,G,mismatch,571,741,1,FALSE
nlgn4a,152,152,1,-,G,T,mismatch,572,741,1,FALSE
nlgn4a,202,202,1,-,T,G,mismatch,573,732,1,FALSE
nlgn4a,114,114,1,-,T,G,mismatch,574,732,1,FALSE
nlgn4a,129,129,1,-,G,C,mismatch,574,732,1,FALSE
nlgn4a,172,172,1,-,T,C,mismatch,575,732,1,FALSE
nlgn4a,215,215,1,-,G,C,mismatch,575,732,1,FALSE
nlgn4a,146,146,1,-,T,A,mismatch,576,714,1,FALSE
nlgn4a,194,194,1,-,A,T,mismatch,576,714,1,FALSE
nlgn4a,209,209,1,-,A,G,mismatch,576,714,1,FALSE
nlgn4a,121,121,1,-,T,C,mismatch,577,732,1,FALSE
nlgn4a,192,192,1,-,C,T,mismatch,578,741,1,FALSE
nlgn4a,112,112,1,-,C,G,mismatch,579,723,1,FALSE
nlgn4a,144,144,1,-,A,G,mismatch,579,723,1,FALSE
nlgn4a,147,147,1,-,A,C,mismatch,579,723,1,FALSE
nlgn4a,205,205,1,-,A,G,mismatch,580,732,1,FALSE
nlgn4a,112,112,1,-,C,A,mismatch,581,732,1,FALSE
nlgn4a,147,147,1,-,A,G,mismatch,581,732,1,FALSE
nlgn4a,108,108,1,-,T,G,mismatch,583,741,1,FALSE
nlgn4a,147,147,1,-,A,G,mismatch,584,741,1,FALSE
nlgn4a,118,118,1,-,T,C,mismatch,585,741,1,FALSE
nlgn4a,127,127,1,-,C,T,mismatch,587,741,1,FALSE
nlgn4a,148,148,1,-,C,A,mismatch,589,732,1,FALSE
nlgn4a,197,197,1,-,A,G,mismatch,589,732,1,FALSE
nlgn4a,130,130,1,-,C,A,mismatch,590,705,1,FALSE
nlgn4a,117,117,1,-,A,G,mismatch,592,732,1,FALSE
nlgn4a,145,145,1,-,T,G,mismatch,592,732,1,FALSE
nlgn4a,151,151,1,-,G,C,mismatch,593,741,1,FALSE
nlgn4a,118,118,1,-,T,G,mismatch,594,732,1,FALSE
nlgn4a,175,175,1,-,C,A,mismatch,594,732,1,FALSE
nlgn4a,111,111,1,-,A,G,mismatch,596,732,1,FALSE
nlgn4a,225,225,1,-,A,G,mismatch,596,732,1,FALSE
nlgn4a,127,127,1,-,C,G,mismatch,597,741,1,FALSE
nlgn4a,106,106,1,-,T,C,mismatch,598,741,1,FALSE
nlgn4a,172,172,1,-,T,G,mismatch,599,741,1,FALSE
nlgn4a,196,196,1,-,G,A,mismatch,600,741,1,FALSE
nlgn4a,127,127,1,-,C,T,mismatch,601,741,1,FALSE
nlgn4a,187,187,1,-,G,T,mismatch,602,741,1,FALSE
nlgn4a,140,140,1,-,G,C,mismatch,604,732,1,FALSE
nlgn4a,199,199,1,-,G,C,mismatch,604,732,1,FALSE
nlgn4a,173,173,1,-,T,G,mismatch,605,741,1,FALSE
nlgn4a,103,103,1,-,G,T,mismatch,607,732,1,FALSE
nlgn4a,120,120,1,-,G,T,mismatch,610,732,1,FALSE
nlgn4a,128,128,1,-,G,A,mismatch,610,732,1,FALSE
nlgn4a,125,125,1,-,T,G,mismatch,611,732,1,FALSE
nlgn4a,188,188,1,-,C,T,mismatch,611,732,1,FALSE
nlgn4a,163,163,1,-,A,G,mismatch,612,741,1,FALSE
nlgn4a,147,147,1,-,A,G,mismatch,613,741,1,FALSE
nlgn4a,115,115,1,-,G,C,mismatch,615,741,1,FALSE
nlgn4a,111,111,1,-,A,C,mismatch,616,714,1,FALSE
nlgn4a,120,120,1,-,G,C,mismatch,616,714,1,FALSE
nlgn4a,148,148,1,-,C,A,mismatch,616,714,1,FALSE
nlgn4a,170,170,1,-,T,C,mismatch,616,714,1,FALSE
nlgn4a,163,163,1,-,A,C,mismatch,617,741,1,FALSE
nlgn4a,178,178,1,-,C,A,mismatch,619,741,1,FALSE
nlgn4a,217,217,1,-,C,A,mismatch,621,741,1,FALSE
nlgn4a,207,207,1,-,A,G,mismatch,623,741,1,FALSE
nlgn4a,161,161,1,-,G,T,mismatch,624,723,1,FALSE
nlgn4a,184,184,1,-,A,T,mismatch,624,723,1,FALSE
nlgn4a,206,206,1,-,A,C,mismatch,624,723,1,FALSE
nlgn4a,186,186,1,-,G,C,mismatch,626,732,1,FALSE
nlgn4a,227,227,1,-,T,A,mismatch,626,732,1,FALSE
nlgn4a,109,109,1,-,T,C,mismatch,627,741,1,FALSE
nlgn4a,106,106,1,-,T,A,mismatch,628,732,1,FALSE
nlgn4a,136,136,1,-,G,C,mismatch,628,732,1,FALSE
nlgn4a,109,109,1,-,T,A,mismatch,629,741,1,FALSE
nlgn4a,197,197,1,-,A,T,mismatch,630,741,1,FALSE
nlgn4a,111,111,1,-,A,G,mismatch,631,741,1,FALSE
nlgn4a,109,109,1,-,T,A,mismatch,633,732,1,FALSE
nlgn4a,129,129,1,-,G,A,mismatch,633,732,1,FALSE
nlgn4a,146,146,1,-,T,A,mismatch,634,741,1,FALSE
nlgn4a,109,109,1,-,T,C,mismatch,635,723,1,FALSE
nlgn4a,130,130,1,-,C,G,mismatch,635,723,1,FALSE
nlgn4a,228,228,1,-,C,A,mismatch,635,723,1,FALSE
nlgn4a,107,107,1,-,T,C,mismatch,636,732,1,FALSE
nlgn4a,106,106,1,-,T,A,mismatch,637,741,1,FALSE
nlgn4a,106,106,1,-,T,C,mismatch,639,732,1,FALSE
nlgn4a,115,115,1,-,G,A,mismatch,639,732,1,FALSE
nlgn4a,125,125,1,-,T,G,mismatch,640,723,1,FALSE
nlgn4a,142,142,1,-,C,A,mismatch,640,723,1,FALSE
nlgn4a,173,173,1,-,T,A,mismatch,642,741,1,FALSE
nlgn4a,112,112,1,-,C,A,mismatch,643,723,1,FALSE
nlgn4a,151,151,1,-,G,A,mismatch,643,723,1,FALSE
nlgn4a,232,232,1,-,G,T,mismatch,643,723,1,FALSE
nlgn4a,167,167,1,-,T,A,mismatch,644,732,1,FALSE
nlgn4a,190,190,1,-,A,T,mismatch,644,732,1,FALSE
nlgn4a,127,127,1,-,C,T,mismatch,645,741,1,FALSE
nlgn4a,124,124,1,-,T,C,mismatch,647,741,1,FALSE
nlgn4a,131,131,1,-,T,A,mismatch,648,741,1,FALSE
nlgn4a,109,109,1,-,T,C,mismatch,649,732,1,FALSE
nlgn4a,117,117,1,-,A,T,mismatch,649,732,1,FALSE
nlgn4a,114,114,1,-,T,G,mismatch,650,741,1,FALSE
nlgn4a,106,106,1,-,T,A,mismatch,651,732,1,FALSE
nlgn4a,171,171,1,-,G,C,mismatch,651,732,1,FALSE
nlgn4a,122,122,1,-,G,T,mismatch,652,723,1,FALSE
nlgn4a,154,154,1,-,C,A,mismatch,652,723,1,FALSE
nlgn4a,200,200,1,-,C,G,mismatch,652,723,1,FALSE
nlgn4a,195,195,1,-,A,T,mismatch,653,741,1,FALSE
nlgn4a,103,103,1,-,G,A,mismatch,654,732,1,FALSE
nlgn4a,189,189,1,-,A,C,mismatch,654,732,1,FALSE
nlgn4a,119,119,1,-,T,A,mismatch,655,741,1,FALSE
nlgn4a,151,151,1,-,G,A,mismatch,656,741,1,FALSE
nlgn4a,121,121,1,-,T,A,mismatch,657,732,1,FALSE
nlgn4a,195,195,1,-,A,G,mismatch,657,732,1,FALSE
nlgn4a,168,168,1,-,A,C,mismatch,658,741,1,FALSE
nlgn4a,118,118,1,-,T,A,mismatch,659,723,1,FALSE
nlgn4a,139,139,1,-,T,G,mismatch,659,723,1,FALSE
nlgn4a,193,193,1,-,T,G,mismatch,659,723,1,FALSE
nlgn4a,107,107,1,-,T,G,mismatch,661,723,1,FALSE
nlgn4a,125,125,1,-,T,C,mismatch,661,723,1,FALSE
nlgn4a,131,131,1,-,T,C,mismatch,661,723,1,FALSE
nlgn4a,129,129,1,-,G,A,mismatch,662,732,1,FALSE
nlgn4a,168,168,1,-,A,C,mismatch,662,732,1,FALSE
nlgn4a,146,146,1,-,T,G,mismatch,664,732,1,FALSE
nlgn4a,150,150,1,-,T,C,mismatch,664,732,1,FALSE
nlgn4a,129,129,1,-,G,T,mismatch,665,732,1,FALSE
nlgn4a,165,165,1,-,C,A,mismatch,665,732,1,FALSE
nlgn4a,134,134,1,-,G,C,mismatch,666,723,1,FALSE
nlgn4a,195,195,1,-,A,G,mismatch,666,723,1,FALSE
nlgn4a,215,215,1,-,G,T,mismatch,666,723,1,FALSE
nlgn4a,112,112,1,-,C,T,mismatch,667,732,1,FALSE
nlgn4a,153,153,1,-,G,T,mismatch,667,732,1,FALSE
nlgn4a,113,113,1,-,C,T,mismatch,669,732,1,FALSE
nlgn4a,150,150,1,-,T,A,mismatch,669,732,1,FALSE
nlgn4a,114,114,1,-,T,G,mismatch,670,723,1,FALSE
nlgn4a,207,207,1,-,A,C,mismatch,670,723,1,FALSE
nlgn4a,211,211,1,-,C,G,mismatch,670,723,1,FALSE
nlgn4a,158,158,1,-,G,T,mismatch,671,741,1,FALSE
nlgn4a,132,132,1,-,G,T,mismatch,672,741,1,FALSE
nlgn4a,131,131,1,-,T,C,mismatch,673,732,1,FALSE
nlgn4a,151,151,1,-,G,C,mismatch,673,732,1,FALSE
nlgn4a,125,125,1,-,T,C,mismatch,674,732,1,FALSE
nlgn4a,200,200,1,-,C,G,mismatch,674,732,1,FALSE
nlgn4a,104,104,1,-,C,G,mismatch,676,714,1,FALSE
nlgn4a,141,141,1,-,G,A,mismatch,676,714,1,FALSE
nlgn4a,173,173,1,-,T,A,mismatch,676,714,1,FALSE
nlgn4a,226,226,1,-,T,C,mismatch,676,714,1,FALSE
nlgn4a,157,157,1,-,A,C,mismatch,677,732,1,FALSE
nlgn4a,113,113,1,-,C,G,mismatch,678,732,1,FALSE
nlgn4a,115,115,1,-,G,C,mismatch,679,732,1,FALSE
nlgn4a,110,110,1,-,T,C,mismatch,680,714,1,FALSE
nlgn4a,113,113,1,-,C,T,mismatch,680,714,1,FALSE
nlgn4a,143,143,1,-,C,A,mismatch,680,714,1,FALSE
nlgn4a,107,107,1,-,T,C,mismatch,681,705,1,FALSE
nlgn4a,113,113,1,-,C,G,mismatch,681,705,1,FALSE
nlgn4a,116,116,1,-,G,A,mismatch,681,705,1,FALSE
nlgn4a,167,167,1,-,T,G,mismatch,681,705,1,FALSE
nlgn4a,107,107,1,-,T,C,mismatch,682,705,1,FALSE
nlgn4a,116,116,1,-,G,A,mismatch,682,705,1,FALSE
nlgn4a,139,139,1,-,T,C,mismatch,682,705,1,FALSE
nlgn4a,211,211,1,-,C,G,mismatch,682,705,1,FALSE
nlgn4a,120,120,1,-,G,A,mismatch,683,714,1,FALSE
nlgn4a,126,126,1,-,G,T,mismatch,684,714,1,FALSE
nlgn4a,148,148,1,-,C,A,mismatch,684,714,1,FALSE
nlgn4a,172,172,1,-,T,A,mismatch,684,714,1,FALSE
nlgn4a,165,165,1,-,C,T,mismatch,686,723,1,FALSE
nlgn4a,170,170,1,-,T,A,mismatch,686,723,1,FALSE
nlgn4a,142,142,1,-,C,T,mismatch,688,732,1,FALSE
nlgn4a,195,195,1,-,A,C,mismatch,689,723,1,FALSE
nlgn4a,105,105,1,-,C,A,mismatch,690,714,1,FALSE
nlgn4a,114,114,1,-,T,C,mismatch,690,714,1,FALSE
nlgn4a,134,134,1,-,G,T,mismatch,690,714,1,FALSE
nlgn4a,106,106,1,-,T,C,mismatch,692,723,1,FALSE
nlgn4a,167,167,1,-,T,G,mismatch,692,723,1,FALSE
nlgn4a,199,199,1,-,G,T,mismatch,694,723,1,FALSE
nlgn4a,207,207,1,-,A,C,mismatch,694,723,1,FALSE
nlgn4a,106,106,1,-,T,G,mismatch,695,723,1,FALSE
nlgn4a,166,166,1,-,C,G,mismatch,695,723,1,FALSE
nlgn4a,162,162,1,-,C,T,mismatch,696,732,1,FALSE
nlgn4a,149,149,1,-,A,T,mismatch,697,723,1,FALSE
nlgn4a,164,164,1,-,C,A,mismatch,697,723,1,FALSE
nlgn4a,127,127,1,-,C,G,mismatch,698,723,1,FALSE
nlgn4a,225,225,1,-,A,C,mismatch,698,723,1,FALSE
nlgn4a,166,166,1,-,C,A,mismatch,700,732,1,FALSE
nlgn4a,195,195,1,-,A,C,mismatch,701,732,1,FALSE
nlgn4a,110,110,1,-,T,C,mismatch,702,723,1,FALSE
nlgn4a,179,179,1,-,A,C,mismatch,702,723,1,FALSE
nlgn4a,113,113,1,-,C,G,mismatch,703,723,1,FALSE
nlgn4a,133,133,1,-,C,G,mismatch,703,723,1,FALSE
nlgn4a,111,111,1,-,A,C,mismatch,704,714,1,FALSE
nlgn4a,119,119,1,-,T,C,mismatch,704,714,1,FALSE
nlgn4a,145,145,1,-,T,C,mismatch,704,714,1,FALSE
nlgn4a,203,203,1,-,G,A,mismatch,705,732,1,FALSE
nlgn4a,157,157,1,-,A,C,mismatch,706,732,1,FALSE
nlgn4a,143,143,1,-,C,A,mismatch,708,714,1,FALSE
nlgn4a,184,184,1,-,A,T,mismatch,708,714,1,FALSE
nlgn4a,202,202,1,-,T,G,mismatch,708,714,1,FALSE
nlgn4a,219,219,1,-,A,T,mismatch,710,723,1,FALSE
nlgn4a,111,111,1,-,A,G,mismatch,711,714,1,FALSE
nlgn4a,136,136,1,-,G,A,mismatch,711,714,1,FALSE
nlgn4a,229,229,1,-,T,A,mismatch,711,714,1,FALSE
nlgn4a,185,185,1,-,T,C,mismatch,712,723,1,FALSE
nlgn4a,222,222,1,-,G,A,mismatch,712,723,1,FALSE
nlgn4a,124,124,1,-,T,C,mismatch,713,723,1,FALSE
nlgn4a,181,181,1,-,A,C,mismatch,713,723,1,FALSE
nlgn4a,151,151,1,-,G,C,mismatch,715,732,1,FALSE
nlgn4a,112,112,1,-,C,G,mismatch,716,723,1,FALSE
nlgn4a,212,212,1,-,T,C,mismatch,716,723,1,FALSE
nlgn4a,218,218,1,-,C,G,mismatch,717,732,1,FALSE
nlgn4a,127,127,1,-,C,T,mismatch,719,732,1,FALSE
nlgn4a,123,123,1,-,C,A,mismatch,721,714,1,FALSE
nlgn4a,133,133,1,-,C,G,mismatch,721,714,1,FALSE
nlgn4a,170,170,1,-,T,C,mismatch,721,714,1,FALSE
nlgn4a,155,155,1,-,T,C,mismatch,722,723,1,FALSE
nlgn4a,185,185,1,-,T,C,mismatch,722,723,1,FALSE
nlgn4a,126,126,1,-,G,T,mismatch,723,732,1,FALSE
nlgn4a,211,211,1,-,C,A,mismatch,724,732,1,FALSE
nlgn4a,126,126,1,-,G,T,mismatch,725,714,1,FALSE
nlgn4a,188,188,1,-,C,A,mismatch,725,714,1,FALSE
nlgn4a,192,192,1,-,C,A,mismatch,725,714,1,FALSE
nlgn4a,121,121,1,-,T,A,mismatch,726,732,1,FALSE
nlgn4a,105,105,1,-,C,T,mismatch,727,732,1,FALSE
nlgn4a,138,138,1,-,C,G,mismatch,728,732,1,FALSE
nlgn4a,117,117,1,-,A,T,mismatch,729,723,1,FALSE
nlgn4a,200,200,1,-,C,T,mismatch,729,723,1,FALSE
nlgn4a,121,121,1,-,T,G,mismatch,730,732,1,FALSE
nlgn4a,209,209,1,-,A,T,mismatch,731,723,1,FALSE
nlgn4a,219,219,1,-,A,T,mismatch,731,723,1,FALSE
nlgn4a,115,115,1,-,G,T,mismatch,732,732,1,FALSE
nlgn4a,159,159,1,-,C,G,mismatch,733,723,1,FALSE
nlgn4a,193,193,1,-,T,C,mismatch,733,723,1,FALSE
nlgn4a,125,125,1,-,T,G,mismatch,734,714,1,FALSE
nlgn4a,131,131,1,-,T,G,mismatch,734,714,1,FALSE
nlgn4a,168,168,1,-,A,G,mismatch,734,714,1,FALSE
nlgn4a,233,233,1,-,G,T,mismatch,734,714,1,FALSE
nlgn4a,130,130,1,-,C,T,mismatch,735,723,1,FALSE
nlgn4a,136,136,1,-,G,T,mismatch,735,723,1,FALSE
nlgn4a,233,233,1,-,G,T,mismatch,735,723,1,FALSE
nlgn4a,106,106,1,-,T,A,mismatch,736,732,1,FALSE
nlgn4a,233,233,1,-,G,T,mismatch,736,732,1,FALSE
nlgn4a,103,103,1,-,G,T,mismatch,737,723,1,FALSE
nlgn4a,203,203,1,-,G,A,mismatch,737,723,1,FALSE
nlgn4a,233,233,1,-,G,T,mismatch,737,723,1,FALSE
nlgn4a,125,125,1,-,T,C,mismatch,738,732,1,FALSE
nlgn4a,232,232,1,-,G,T,mismatch,738,732,1,FALSE
nlgn4a,166,166,1,-,C,T,mismatch,739,732,1,FALSE
nlgn4a,230,230,1,-,A,T,mismatch,739,732,1,FALSE
nlgn4a,134,134,1,-,G,T,mismatch,740,732,1,FALSE
nlgn4a,230,230,1,-,A,T,mismatch,740,732,1,FALSE
nlgn4a,230,230,1,-,A,T,mismatch,741,741,1,FALSE
nlgn4a,148,148,1,-,C,G,mismatch,742,723,1,FALSE
nlgn4a,165,165,1,-,C,A,mismatch,742,723,1,FALSE
nlgn4a,230,230,1,-,A,G,mismatch,742,723,1,FALSE
nlgn4a,194,194,1,-,A,C,mismatch,743,732,1,FALSE
nlgn4a,230,230,1,-,A,C,mismatch,743,732,1,FALSE
nlgn4a,230,230,1,-,A,C,mismatch,744,741,1,FALSE
nlgn4a,125,125,1,-,T,A,mismatch,745,732,1,FALSE
nlgn4a,230,230,1,-,A,C,mismatch,745,732,1,FALSE
nlgn4a,135,135,1,-,T,A,mismatch,746,732,1,FALSE
nlgn4a,230,230,1,-,A,C,mismatch,746,732,1,FALSE
nlgn4a,158,158,1,-,G,C,mismatch,747,732,1,FALSE
nlgn4a,230,230,1,-,A,C,mismatch,747,732,1,FALSE
nlgn4a,103,103,1,-,G,A,mismatch,748,714,1,FALSE
nlgn4a,155,155,1,-,T,C,mismatch,748,714,1,FALSE
nlgn4a,210,210,1,-,C,G,mismatch,748,714,1,FALSE
nlgn4a,228,228,1,-,C,T,mismatch,748,714,1,FALSE
nlgn4a,127,127,1,-,C,G,mismatch,749,732,1,FALSE
nlgn4a,228,228,1,-,C,T,mismatch,749,732,1,FALSE
nlgn4a,125,125,1,-,T,A,mismatch,750,723,1,FALSE
nlgn4a,146,146,1,-,T,C,mismatch,750,723,1,FALSE
nlgn4a,228,228,1,-,C,T,mismatch,750,723,1,FALSE
nlgn4a,216,216,1,-,C,G,mismatch,751,723,1,FALSE
nlgn4a,223,223,1,-,A,G,mismatch,751,723,1,FALSE
nlgn4a,228,228,1,-,C,G,mismatch,751,723,1,FALSE
nlgn4a,189,189,1,-,A,G,mismatch,752,732,1,FALSE
nlgn4a,228,228,1,-,C,G,mismatch,752,732,1,FALSE
nlgn4a,117,117,1,-,A,T,mismatch,753,732,1,FALSE
nlgn4a,228,228,1,-,C,G,mismatch,753,732,1,FALSE
nlgn4a,228,228,1,-,C,G,mismatch,754,741,1,FALSE
nlgn4a,114,114,1,-,T,C,mismatch,755,732,1,FALSE
nlgn4a,228,228,1,-,C,G,mismatch,755,732,1,FALSE
nlgn4a,105,105,1,-,C,T,mismatch,756,723,1,FALSE
nlgn4a,149,149,1,-,A,T,mismatch,756,723,1,FALSE
nlgn4a,225,225,1,-,A,T,mismatch,756,723,1,FALSE
nlgn4a,113,113,1,-,C,G,mismatch,757,732,1,FALSE
nlgn4a,225,225,1,-,A,T,mismatch,757,732,1,FALSE
nlgn4a,225,225,1,-,A,T,mismatch,758,741,1,FALSE
nlgn4a,114,114,1,-,T,C,mismatch,759,732,1,FALSE
nlgn4a,225,225,1,-,A,G,mismatch,759,732,1,FALSE
nlgn4a,109,109,1,-,T,A,mismatch,760,714,1,FALSE
nlgn4a,147,147,1,-,A,C,mismatch,760,714,1,FALSE
nlgn4a,156,156,1,-,C,T,mismatch,760,714,1,FALSE
nlgn4a,225,225,1,-,A,C,mismatch,760,714,1,FALSE
nlgn4a,225,225,1,-,A,C,mismatch,761,741,1,FALSE
nlgn4a,116,116,1,-,G,A,mismatch,762,732,1,FALSE
nlgn4a,225,225,1,-,A,C,mismatch,762,732,1,FALSE
nlgn4a,146,146,1,-,T,G,mismatch,763,723,1,FALSE
nlgn4a,189,189,1,-,A,C,mismatch,763,723,1,FALSE
nlgn4a,224,224,1,-,G,T,mismatch,763,723,1,FALSE
nlgn4a,116,116,1,-,G,T,mismatch,764,723,1,FALSE
nlgn4a,180,180,1,-,A,G,mismatch,764,723,1,FALSE
nlgn4a,224,224,1,-,G,T,mismatch,764,723,1,FALSE
nlgn4a,103,103,1,-,G,T,mismatch,765,732,1,FALSE
nlgn4a,224,224,1,-,G,T,mismatch,765,732,1,FALSE
nlgn4a,224,224,1,-,G,T,mismatch,766,741,1,FALSE
nlgn4a,135,135,1,-,T,A,mismatch,767,732,1,FALSE
nlgn4a,224,224,1,-,G,T,mismatch,767,732,1,FALSE
nlgn4a,109,109,1,-,T,C,mismatch,768,732,1,FALSE
nlgn4a,223,223,1,-,A,T,mismatch,768,732,1,FALSE
nlgn4a,118,118,1,-,T,A,mismatch,769,732,1,FALSE
nlgn4a,223,223,1,-,A,T,mismatch,769,732,1,FALSE
nlgn4a,145,145,1,-,T,G,mismatch,770,714,1,FALSE
nlgn4a,156,156,1,-,C,G,mismatch,770,714,1,FALSE
nlgn4a,192,192,1,-,C,G,mismatch,770,714,1,FALSE
nlgn4a,223,223,1,-,A,G,mismatch,770,714,1,FALSE
nlgn4a,123,123,1,-,C,A,mismatch,771,723,1,FALSE
nlgn4a,143,143,1,-,C,T,mismatch,771,723,1,FALSE
nlgn4a,223,223,1,-,A,G,mismatch,771,723,1,FALSE
nlgn4a,223,223,1,-,A,G,mismatch,772,741,1,FALSE
nlgn4a,124,124,1,-,T,G,mismatch,773,732,1,FALSE
nlgn4a,223,223,1,-,A,G,mismatch,773,732,1,FALSE
nlgn4a,172,172,1,-,T,C,mismatch,774,732,1,FALSE
nlgn4a,223,223,1,-,A,G,mismatch,774,732,1,FALSE
nlgn4a,133,133,1,-,C,G,mismatch,775,705,1,FALSE
nlgn4a,194,194,1,-,A,T,mismatch,775,705,1,FALSE
nlgn4a,201,201,1,-,T,A,mismatch,775,705,1,FALSE
nlgn4a,213,213,1,-,C,T,mismatch,775,705,1,FALSE
nlgn4a,223,223,1,-,A,C,mismatch,775,705,1,FALSE
nlgn4a,206,206,1,-,A,T,mismatch,776,732,1,FALSE
nlgn4a,223,223,1,-,A,C,mismatch,776,732,1,FALSE
nlgn4a,223,223,1,-,A,C,mismatch,777,741,1,FALSE
nlgn4a,111,111,1,-,A,C,mismatch,778,732,1,FALSE
nlgn4a,222,222,1,-,G,T,mismatch,778,732,1,FALSE
nlgn4a,222,222,1,-,G,T,mismatch,779,741,1,FALSE
nlgn4a,109,109,1,-,T,C,mismatch,780,723,1,FALSE
nlgn4a,115,115,1,-,G,A,mismatch,780,723,1,FALSE
nlgn4a,222,222,1,-,G,T,mismatch,780,723,1,FALSE
nlgn4a,166,166,1,-,C,A,mismatch,781,732,1,FALSE
nlgn4a,220,220,1,-,A,T,mismatch,781,732,1,FALSE
nlgn4a,220,220,1,-,A,G,mismatch,782,741,1,FALSE
nlgn4a,121,121,1,-,T,G,mismatch,783,732,1,FALSE
nlgn4a,220,220,1,-,A,G,mismatch,783,732,1,FALSE
nlgn4a,129,129,1,-,G,A,mismatch,784,732,1,FALSE
nlgn4a,220,220,1,-,A,G,mismatch,784,732,1,FALSE
nlgn4a,108,108,1,-,T,C,mismatch,785,723,1,FALSE
nlgn4a,201,201,1,-,T,A,mismatch,785,723,1,FALSE
nlgn4a,220,220,1,-,A,G,mismatch,785,723,1,FALSE
nlgn4a,164,164,1,-,C,T,mismatch,786,732,1,FALSE
nlgn4a,220,220,1,-,A,C,mismatch,786,732,1,FALSE
nlgn4a,151,151,1,-,G,T,mismatch,787,732,1,FALSE
nlgn4a,220,220,1,-,A,C,mismatch,787,732,1,FALSE
nlgn4a,127,127,1,-,C,G,mismatch,788,723,1,FALSE
nlgn4a,146,146,1,-,T,C,mismatch,788,723,1,FALSE
nlgn4a,220,220,1,-,A,C,mismatch,788,723,1,FALSE
nlgn4a,207,207,1,-,A,C,mismatch,789,732,1,FALSE
nlgn4a,219,219,1,-,A,T,mismatch,789,732,1,FALSE
nlgn4a,205,205,1,-,A,C,mismatch,790,732,1,FALSE
nlgn4a,219,219,1,-,A,T,mismatch,790,732,1,FALSE
nlgn4a,125,125,1,-,T,C,mismatch,791,732,1,FALSE
nlgn4a,219,219,1,-,A,C,mismatch,791,732,1,FALSE
nlgn4a,138,138,1,-,C,G,mismatch,792,723,1,FALSE
nlgn4a,146,146,1,-,T,G,mismatch,792,723,1,FALSE
nlgn4a,219,219,1,-,A,C,mismatch,792,723,1,FALSE
nlgn4a,219,219,1,-,A,C,mismatch,793,723,1,FALSE
nlgn4a,218,218,1,-,C,G,mismatch,794,741,1,FALSE
nlgn4a,114,114,1,-,T,G,mismatch,795,714,1,FALSE
nlgn4a,126,126,1,-,G,A,mismatch,795,714,1,FALSE
nlgn4a,214,214,1,-,T,A,mismatch,795,714,1,FALSE
nlgn4a,218,218,1,-,C,G,mismatch,795,714,1,FALSE
nlgn4a,111,111,1,-,A,C,mismatch,796,732,1,FALSE
nlgn4a,217,217,1,-,C,T,mismatch,796,732,1,FALSE
nlgn4a,117,117,1,-,A,T,mismatch,797,714,1,FALSE
nlgn4a,130,130,1,-,C,T,mismatch,797,714,1,FALSE
nlgn4a,197,197,1,-,A,G,mismatch,797,714,1,FALSE
nlgn4a,217,217,1,-,C,G,mismatch,797,714,1,FALSE
nlgn4a,174,174,1,-,A,T,mismatch,798,732,1,FALSE
nlgn4a,217,217,1,-,C,G,mismatch,798,732,1,FALSE
nlgn4a,189,189,1,-,A,T,mismatch,799,732,1,FALSE
nlgn4a,216,216,1,-,C,T,mismatch,799,732,1,FALSE
nlgn4a,156,156,1,-,C,T,mismatch,800,732,1,FALSE
nlgn4a,216,216,1,-,C,T,mismatch,800,732,1,FALSE
nlgn4a,148,148,1,-,C,T,mismatch,801,732,1,FALSE
nlgn4a,216,216,1,-,C,G,mismatch,801,732,1,FALSE
nlgn4a,216,216,1,-,C,G,mismatch,802,741,1,FALSE
nlgn4a,183,183,1,-,T,G,mismatch,803,732,1,FALSE
nlgn4a,216,216,1,-,C,G,mismatch,803,732,1,FALSE
nlgn4a,125,125,1,-,T,C,mismatch,804,714,1,FALSE
nlgn4a,127,127,1,-,C,A,mismatch,804,714,1,FALSE
nlgn4a,174,174,1,-,A,C,mismatch,804,714,1,FALSE
nlgn4a,215,215,1,-,G,T,mismatch,804,714,1,FALSE
nlgn4a,138,138,1,-,C,T,mismatch,805,732,1,FALSE
nlgn4a,215,215,1,-,G,T,mismatch,805,732,1,FALSE
nlgn4a,123,123,1,-,C,A,mismatch,806,732,1,FALSE
nlgn4a,215,215,1,-,G,T,mismatch,806,732,1,FALSE
nlgn4a,178,178,1,-,C,A,mismatch,807,732,1,FALSE
nlgn4a,215,215,1,-,G,T,mismatch,807,732,1,FALSE
nlgn4a,110,110,1,-,T,G,mismatch,808,723,1,FALSE
nlgn4a,157,157,1,-,A,G,mismatch,808,723,1,FALSE
nlgn4a,213,213,1,-,C,T,mismatch,808,723,1,FALSE
nlgn4a,213,213,1,-,C,T,mismatch,809,741,1,FALSE
nlgn4a,186,186,1,-,G,C,mismatch,810,732,1,FALSE
nlgn4a,213,213,1,-,C,T,mismatch,810,732,1,FALSE
nlgn4a,137,137,1,-,G,A,mismatch,811,723,1,FALSE
nlgn4a,180,180,1,-,A,T,mismatch,811,723,1,FALSE
nlgn4a,213,213,1,-,C,G,mismatch,811,723,1,FALSE
nlgn4a,112,112,1,-,C,T,mismatch,812,705,1,FALSE
nlgn4a,117,117,1,-,A,C,mismatch,812,705,1,FALSE
nlgn4a,169,169,1,-,T,A,mismatch,812,705,1,FALSE
nlgn4a,206,206,1,-,A,C,mismatch,812,705,1,FALSE
nlgn4a,211,211,1,-,C,T,mismatch,812,705,1,FALSE
nlgn4a,121,121,1,-,T,C,mismatch,813,705,1,FALSE
nlgn4a,135,135,1,-,T,A,mismatch,813,705,1,FALSE
nlgn4a,142,142,1,-,C,G,mismatch,813,705,1,FALSE
nlgn4a,164,164,1,-,C,A,mismatch,813,705,1,FALSE
nlgn4a,211,211,1,-,C,T,mismatch,813,705,1,FALSE
nlgn4a,112,112,1,-,C,T,mismatch,814,732,1,FALSE
nlgn4a,211,211,1,-,C,G,mismatch,814,732,1,FALSE
nlgn4a,211,211,1,-,C,G,mismatch,815,741,1,FALSE
nlgn4a,210,210,1,-,C,T,mismatch,816,741,1,FALSE
nlgn4a,106,106,1,-,T,A,mismatch,817,732,1,FALSE
nlgn4a,210,210,1,-,C,T,mismatch,817,732,1,FALSE
nlgn4a,120,120,1,-,G,C,mismatch,818,732,1,FALSE
nlgn4a,210,210,1,-,C,T,mismatch,818,732,1,FALSE
nlgn4a,133,133,1,-,C,T,mismatch,819,723,1,FALSE
nlgn4a,169,169,1,-,T,G,mismatch,819,723,1,FALSE
nlgn4a,210,210,1,-,C,T,mismatch,819,723,1,FALSE
nlgn4a,186,186,1,-,G,C,mismatch,820,714,1,FALSE
nlgn4a,210,210,1,-,C,T,mismatch,820,714,1,FALSE
nlgn4a,154,154,1,-,C,T,mismatch,821,732,1,FALSE
nlgn4a,209,209,1,-,A,T,mismatch,821,732,1,FALSE
nlgn4a,209,209,1,-,A,T,mismatch,822,741,1,FALSE
nlgn4a,190,190,1,-,A,G,mismatch,823,732,1,FALSE
nlgn4a,209,209,1,-,A,G,mismatch,823,732,1,FALSE
nlgn4a,103,103,1,-,G,T,mismatch,824,732,1,FALSE
nlgn4a,209,209,1,-,A,G,mismatch,824,732,1,FALSE
nlgn4a,209,209,1,-,A,G,mismatch,825,741,1,FALSE
nlgn4a,110,110,1,-,T,G,mismatch,826,723,1,FALSE
nlgn4a,125,125,1,-,T,C,mismatch,826,723,1,FALSE
nlgn4a,209,209,1,-,A,G,mismatch,826,723,1,FALSE
nlgn4a,119,119,1,-,T,A,mismatch,827,723,1,FALSE
nlgn4a,192,192,1,-,C,A,mismatch,827,723,1,FALSE
nlgn4a,209,209,1,-,A,G,mismatch,827,723,1,FALSE
nlgn4a,156,156,1,-,C,G,mismatch,828,732,1,FALSE
nlgn4a,209,209,1,-,A,C,mismatch,828,732,1,FALSE
nlgn4a,141,141,1,-,G,C,mismatch,829,732,1,FALSE
nlgn4a,209,209,1,-,A,C,mismatch,829,732,1,FALSE
nlgn4a,147,147,1,-,A,T,mismatch,830,732,1,FALSE
nlgn4a,208,208,1,-,C,T,mismatch,830,732,1,FALSE
nlgn4a,110,110,1,-,T,C,mismatch,831,723,1,FALSE
nlgn4a,125,125,1,-,T,A,mismatch,831,723,1,FALSE
nlgn4a,208,208,1,-,C,T,mismatch,831,723,1,FALSE
nlgn4a,138,138,1,-,C,A,mismatch,832,732,1,FALSE
nlgn4a,208,208,1,-,C,T,mismatch,832,732,1,FALSE
nlgn4a,112,112,1,-,C,T,mismatch,833,696,1,FALSE
nlgn4a,114,114,1,-,T,A,mismatch,833,696,1,FALSE
nlgn4a,140,140,1,-,G,T,mismatch,833,696,1,FALSE
nlgn4a,152,152,1,-,G,C,mismatch,833,696,1,FALSE
nlgn4a,182,182,1,-,C,T,mismatch,833,696,1,FALSE
nlgn4a,208,208,1,-,C,G,mismatch,833,696,1,FALSE
nlgn4a,113,113,1,-,C,T,mismatch,834,732,1,FALSE
nlgn4a,208,208,1,-,C,G,mismatch,834,732,1,FALSE
nlgn4a,177,177,1,-,A,T,mismatch,835,732,1,FALSE
nlgn4a,207,207,1,-,A,T,mismatch,835,732,1,FALSE
nlgn4a,160,160,1,-,A,G,mismatch,836,732,1,FALSE
nlgn4a,207,207,1,-,A,T,mismatch,836,732,1,FALSE
nlgn4a,162,162,1,-,C,A,mismatch,837,732,1,FALSE
nlgn4a,207,207,1,-,A,T,mismatch,837,732,1,FALSE
nlgn4a,207,207,1,-,A,G,mismatch,838,741,1,FALSE
nlgn4a,126,126,1,-,G,C,mismatch,839,723,1,FALSE
nlgn4a,202,202,1,-,T,A,mismatch,839,723,1,FALSE
nlgn4a,207,207,1,-,A,C,mismatch,839,723,1,FALSE
nlgn4a,124,124,1,-,T,C,mismatch,840,732,1,FALSE
nlgn4a,206,206,1,-,A,G,mismatch,840,732,1,FALSE
nlgn4a,122,122,1,-,G,T,mismatch,841,732,1,FALSE
nlgn4a,206,206,1,-,A,C,mismatch,841,732,1,FALSE
nlgn4a,125,125,1,-,T,G,mismatch,842,732,1,FALSE
nlgn4a,205,205,1,-,A,G,mismatch,842,732,1,FALSE
nlgn4a,164,164,1,-,C,G,mismatch,843,723,1,FALSE
nlgn4a,188,188,1,-,C,G,mismatch,843,723,1,FALSE
nlgn4a,205,205,1,-,A,C,mismatch,843,723,1,FALSE
nlgn4a,166,166,1,-,C,G,mismatch,844,732,1,FALSE
nlgn4a,205,205,1,-,A,C,mismatch,844,732,1,FALSE
nlgn4a,157,157,1,-,A,C,mismatch,845,732,1,FALSE
nlgn4a,205,205,1,-,A,C,mismatch,845,732,1,FALSE
nlgn4a,123,123,1,-,C,G,mismatch,846,723,1,FALSE
nlgn4a,156,156,1,-,C,T,mismatch,846,723,1,FALSE
nlgn4a,205,205,1,-,A,C,mismatch,846,723,1,FALSE
nlgn4a,115,115,1,-,G,T,mismatch,847,732,1,FALSE
nlgn4a,205,205,1,-,A,C,mismatch,847,732,1,FALSE
nlgn4a,126,126,1,-,G,A,mismatch,848,732,1,FALSE
nlgn4a,205,205,1,-,A,C,mismatch,848,732,1,FALSE
nlgn4a,167,167,1,-,T,A,mismatch,849,732,1,FALSE
nlgn4a,205,205,1,-,A,C,mismatch,849,732,1,FALSE
nlgn4a,153,153,1,-,G,T,mismatch,850,732,1,FALSE
nlgn4a,204,204,1,-,A,T,mismatch,850,732,1,FALSE
nlgn4a,204,204,1,-,A,T,mismatch,851,741,1,FALSE
nlgn4a,115,115,1,-,G,A,mismatch,852,723,1,FALSE
nlgn4a,169,169,1,-,T,C,mismatch,852,723,1,FALSE
nlgn4a,204,204,1,-,A,G,mismatch,852,723,1,FALSE
nlgn4a,113,113,1,-,C,A,mismatch,853,723,1,FALSE
nlgn4a,140,140,1,-,G,C,mismatch,853,723,1,FALSE
nlgn4a,204,204,1,-,A,C,mismatch,853,723,1,FALSE
nlgn4a,160,160,1,-,A,C,mismatch,854,732,1,FALSE
nlgn4a,203,203,1,-,G,T,mismatch,854,732,1,FALSE
nlgn4a,103,103,1,-,G,A,mismatch,855,714,1,FALSE
nlgn4a,108,108,1,-,T,G,mismatch,855,714,1,FALSE
nlgn4a,113,113,1,-,C,T,mismatch,855,714,1,FALSE
nlgn4a,203,203,1,-,G,T,mismatch,855,714,1,FALSE
nlgn4a,116,116,1,-,G,C,mismatch,856,723,1,FALSE
nlgn4a,155,155,1,-,T,G,mismatch,856,723,1,FALSE
nlgn4a,200,200,1,-,C,T,mismatch,856,723,1,FALSE
nlgn4a,199,199,1,-,G,T,mismatch,857,741,1,FALSE
nlgn4a,165,165,1,-,C,T,mismatch,858,732,1,FALSE
nlgn4a,198,198,1,-,G,T,mismatch,858,732,1,FALSE
nlgn4a,104,104,1,-,C,G,mismatch,859,732,1,FALSE
nlgn4a,198,198,1,-,G,T,mismatch,859,732,1,FALSE
nlgn4a,187,187,1,-,G,A,mismatch,860,732,1,FALSE
nlgn4a,198,198,1,-,G,T,mismatch,860,732,1,FALSE
nlgn4a,120,120,1,-,G,A,mismatch,861,723,1,FALSE
nlgn4a,164,164,1,-,C,T,mismatch,861,723,1,FALSE
nlgn4a,197,197,1,-,A,T,mismatch,861,723,1,FALSE
nlgn4a,156,156,1,-,C,A,mismatch,862,723,1,FALSE
nlgn4a,163,163,1,-,A,G,mismatch,862,723,1,FALSE
nlgn4a,197,197,1,-,A,T,mismatch,862,723,1,FALSE
nlgn4a,147,147,1,-,A,C,mismatch,863,732,1,FALSE
nlgn4a,197,197,1,-,A,T,mismatch,863,732,1,FALSE
nlgn4a,197,197,1,-,A,T,mismatch,864,741,1,FALSE
nlgn4a,128,128,1,-,G,C,mismatch,865,732,1,FALSE
nlgn4a,197,197,1,-,A,T,mismatch,865,732,1,FALSE
nlgn4a,146,146,1,-,T,C,mismatch,866,732,1,FALSE
nlgn4a,197,197,1,-,A,T,mismatch,866,732,1,FALSE
nlgn4a,104,104,1,-,C,A,mismatch,867,723,1,FALSE
nlgn4a,185,185,1,-,T,C,mismatch,867,723,1,FALSE
nlgn4a,197,197,1,-,A,T,mismatch,867,723,1,FALSE
nlgn4a,197,197,1,-,A,G,mismatch,868,741,1,FALSE
nlgn4a,152,152,1,-,G,C,mismatch,869,732,1,FALSE
nlgn4a,197,197,1,-,A,C,mismatch,869,732,1,FALSE
nlgn4a,122,122,1,-,G,A,mismatch,870,732,1,FALSE
nlgn4a,195,195,1,-,A,T,mismatch,870,732,1,FALSE
nlgn4a,104,104,1,-,C,A,mismatch,871,705,1,FALSE
nlgn4a,122,122,1,-,G,A,mismatch,871,705,1,FALSE
nlgn4a,180,180,1,-,A,G,mismatch,871,705,1,FALSE
nlgn4a,184,184,1,-,A,C,mismatch,871,705,1,FALSE
nlgn4a,195,195,1,-,A,G,mismatch,871,705,1,FALSE
nlgn4a,123,123,1,-,C,T,mismatch,872,732,1,FALSE
nlgn4a,195,195,1,-,A,G,mismatch,872,732,1,FALSE
nlgn4a,124,124,1,-,T,A,mismatch,873,732,1,FALSE
nlgn4a,195,195,1,-,A,G,mismatch,873,732,1,FALSE
nlgn4a,182,182,1,-,C,T,mismatch,874,732,1,FALSE
nlgn4a,195,195,1,-,A,C,mismatch,874,732,1,FALSE
nlgn4a,162,162,1,-,C,T,mismatch,875,723,1,FALSE
nlgn4a,165,165,1,-,C,G,mismatch,875,723,1,FALSE
nlgn4a,194,194,1,-,A,T,mismatch,875,723,1,FALSE
nlgn4a,194,194,1,-,A,T,mismatch,876,741,1,FALSE
nlgn4a,121,121,1,-,T,A,mismatch,877,732,1,FALSE
nlgn4a,194,194,1,-,A,T,mismatch,877,732,1,FALSE
nlgn4a,175,175,1,-,C,T,mismatch,878,732,1,FALSE
nlgn4a,194,194,1,-,A,G,mismatch,878,732,1,FALSE
nlgn4a,117,117,1,-,A,G,mismatch,879,732,1,FALSE
nlgn4a,194,194,1,-,A,G,mismatch,879,732,1,FALSE
nlgn4a,117,117,1,-,A,C,mismatch,880,732,1,FALSE
nlgn4a,194,194,1,-,A,G,mismatch,880,732,1,FALSE
nlgn4a,109,109,1,-,T,G,mismatch,881,732,1,FALSE
nlgn4a,194,194,1,-,A,C,mismatch,881,732,1,FALSE
nlgn4a,118,118,1,-,T,A,mismatch,882,723,1,FALSE
nlgn4a,139,139,1,-,T,A,mismatch,882,723,1,FALSE
nlgn4a,194,194,1,-,A,C,mismatch,882,723,1,FALSE
nlgn4a,110,110,1,-,T,A,mismatch,883,714,1,FALSE
nlgn4a,132,132,1,-,G,A,mismatch,883,714,1,FALSE
nlgn4a,143,143,1,-,C,A,mismatch,883,714,1,FALSE
nlgn4a,194,194,1,-,A,C,mismatch,883,714,1,FALSE
nlgn4a,111,111,1,-,A,T,mismatch,884,723,1,FALSE
nlgn4a,169,169,1,-,T,A,mismatch,884,723,1,FALSE
nlgn4a,194,194,1,-,A,C,mismatch,884,723,1,FALSE
nlgn4a,134,134,1,-,G,C,mismatch,885,732,1,FALSE
nlgn4a,192,192,1,-,C,T,mismatch,885,732,1,FALSE
nlgn4a,180,180,1,-,A,G,mismatch,886,732,1,FALSE
nlgn4a,192,192,1,-,C,G,mismatch,886,732,1,FALSE
nlgn4a,135,135,1,-,T,C,mismatch,887,723,1,FALSE
nlgn4a,154,154,1,-,C,T,mismatch,887,723,1,FALSE
nlgn4a,192,192,1,-,C,G,mismatch,887,723,1,FALSE
nlgn4a,181,181,1,-,A,T,mismatch,888,732,1,FALSE
nlgn4a,191,191,1,-,G,T,mismatch,888,732,1,FALSE
nlgn4a,191,191,1,-,G,T,mismatch,889,741,1,FALSE
nlgn4a,120,120,1,-,G,C,mismatch,890,714,1,FALSE
nlgn4a,159,159,1,-,C,A,mismatch,890,714,1,FALSE
nlgn4a,185,185,1,-,T,C,mismatch,890,714,1,FALSE
nlgn4a,191,191,1,-,G,T,mismatch,890,714,1,FALSE
nlgn4a,127,127,1,-,C,G,mismatch,891,732,1,FALSE
nlgn4a,190,190,1,-,A,G,mismatch,891,732,1,FALSE
nlgn4a,190,190,1,-,A,G,mismatch,892,741,1,FALSE
nlgn4a,141,141,1,-,G,T,mismatch,893,732,1,FALSE
nlgn4a,190,190,1,-,A,C,mismatch,893,732,1,FALSE
nlgn4a,190,190,1,-,A,C,mismatch,894,723,1,FALSE
nlgn4a,110,110,1,-,T,A,mismatch,895,714,1,FALSE
nlgn4a,122,122,1,-,G,A,mismatch,895,714,1,FALSE
nlgn4a,143,143,1,-,C,T,mismatch,895,714,1,FALSE
nlgn4a,189,189,1,-,A,T,mismatch,895,714,1,FALSE
nlgn4a,118,118,1,-,T,C,mismatch,896,732,1,FALSE
nlgn4a,189,189,1,-,A,T,mismatch,896,732,1,FALSE
nlgn4a,124,124,1,-,T,A,mismatch,897,723,1,FALSE
nlgn4a,156,156,1,-,C,A,mismatch,897,723,1,FALSE
nlgn4a,189,189,1,-,A,T,mismatch,897,723,1,FALSE
nlgn4a,189,189,1,-,A,G,mismatch,898,741,1,FALSE
nlgn4a,124,124,1,-,T,G,mismatch,899,732,1,FALSE
nlgn4a,189,189,1,-,A,G,mismatch,899,732,1,FALSE
nlgn4a,131,131,1,-,T,A,mismatch,900,732,1,FALSE
nlgn4a,188,188,1,-,C,T,mismatch,900,732,1,FALSE
nlgn4a,169,169,1,-,T,A,mismatch,901,732,1,FALSE
nlgn4a,188,188,1,-,C,T,mismatch,901,732,1,FALSE
nlgn4a,133,133,1,-,C,T,mismatch,902,705,1,FALSE
nlgn4a,136,136,1,-,G,A,mismatch,902,705,1,FALSE
nlgn4a,139,139,1,-,T,C,mismatch,902,705,1,FALSE
nlgn4a,161,161,1,-,G,T,mismatch,902,705,1,FALSE
nlgn4a,188,188,1,-,C,G,mismatch,902,705,1,FALSE
nlgn4a,188,188,1,-,C,G,mismatch,903,741,1,FALSE
nlgn4a,108,108,1,-,T,C,mismatch,904,723,1,FALSE
nlgn4a,156,156,1,-,C,A,mismatch,904,723,1,FALSE
nlgn4a,188,188,1,-,C,G,mismatch,904,723,1,FALSE
nlgn4a,167,167,1,-,T,G,mismatch,905,732,1,FALSE
nlgn4a,188,188,1,-,C,G,mismatch,905,732,1,FALSE
nlgn4a,134,134,1,-,G,C,mismatch,906,723,1,FALSE
nlgn4a,179,179,1,-,A,C,mismatch,906,723,1,FALSE
nlgn4a,187,187,1,-,G,T,mismatch,906,723,1,FALSE
nlgn4a,156,156,1,-,C,T,mismatch,907,732,1,FALSE
nlgn4a,187,187,1,-,G,T,mismatch,907,732,1,FALSE
nlgn4a,157,157,1,-,A,C,mismatch,908,732,1,FALSE
nlgn4a,186,186,1,-,G,T,mismatch,908,732,1,FALSE
nlgn4a,116,116,1,-,G,T,mismatch,909,732,1,FALSE
nlgn4a,186,186,1,-,G,T,mismatch,909,732,1,FALSE
nlgn4a,114,114,1,-,T,C,mismatch,910,732,1,FALSE
nlgn4a,184,184,1,-,A,T,mismatch,910,732,1,FALSE
nlgn4a,116,116,1,-,G,A,mismatch,911,732,1,FALSE
nlgn4a,184,184,1,-,A,T,mismatch,911,732,1,FALSE
nlgn4a,121,121,1,-,T,C,mismatch,912,732,1,FALSE
nlgn4a,184,184,1,-,A,T,mismatch,912,732,1,FALSE
nlgn4a,104,104,1,-,C,T,mismatch,913,723,1,FALSE
nlgn4a,125,125,1,-,T,C,mismatch,913,723,1,FALSE
nlgn4a,184,184,1,-,A,T,mismatch,913,723,1,FALSE
nlgn4a,137,137,1,-,G,C,mismatch,914,723,1,FALSE
nlgn4a,160,160,1,-,A,T,mismatch,914,723,1,FALSE
nlgn4a,184,184,1,-,A,G,mismatch,914,723,1,FALSE
nlgn4a,119,119,1,-,T,G,mismatch,915,714,1,FALSE
nlgn4a,145,145,1,-,T,A,mismatch,915,714,1,FALSE
nlgn4a,147,147,1,-,A,C,mismatch,915,714,1,FALSE
nlgn4a,184,184,1,-,A,C,mismatch,915,714,1,FALSE
nlgn4a,134,134,1,-,G,T,mismatch,916,723,1,FALSE
nlgn4a,171,171,1,-,G,C,mismatch,916,723,1,FALSE
nlgn4a,184,184,1,-,A,C,mismatch,916,723,1,FALSE
nlgn4a,162,162,1,-,C,T,mismatch,917,732,1,FALSE
nlgn4a,182,182,1,-,C,T,mismatch,917,732,1,FALSE
nlgn4a,126,126,1,-,G,T,mismatch,918,732,1,FALSE
nlgn4a,182,182,1,-,C,T,mismatch,918,732,1,FALSE
nlgn4a,122,122,1,-,G,T,mismatch,919,732,1,FALSE
nlgn4a,182,182,1,-,C,T,mismatch,919,732,1,FALSE
nlgn4a,149,149,1,-,A,C,mismatch,920,732,1,FALSE
nlgn4a,182,182,1,-,C,G,mismatch,920,732,1,FALSE
nlgn4a,148,148,1,-,C,G,mismatch,921,732,1,FALSE
nlgn4a,182,182,1,-,C,G,mismatch,921,732,1,FALSE
nlgn4a,115,115,1,-,G,C,mismatch,922,732,1,FALSE
nlgn4a,182,182,1,-,C,G,mismatch,922,732,1,FALSE
nlgn4a,132,132,1,-,G,A,mismatch,923,723,1,FALSE
nlgn4a,170,170,1,-,T,A,mismatch,923,723,1,FALSE
nlgn4a,182,182,1,-,C,G,mismatch,923,723,1,FALSE
nlgn4a,119,119,1,-,T,G,mismatch,924,714,1,FALSE
nlgn4a,122,122,1,-,G,C,mismatch,924,714,1,FALSE
nlgn4a,128,128,1,-,G,T,mismatch,924,714,1,FALSE
nlgn4a,181,181,1,-,A,T,mismatch,924,714,1,FALSE
nlgn4a,181,181,1,-,A,T,mismatch,925,741,1,FALSE
nlgn4a,126,126,1,-,G,T,mismatch,926,723,1,FALSE
nlgn4a,168,168,1,-,A,G,mismatch,926,723,1,FALSE
nlgn4a,181,181,1,-,A,G,mismatch,926,723,1,FALSE
nlgn4a,105,105,1,-,C,T,mismatch,927,732,1,FALSE
nlgn4a,181,181,1,-,A,G,mismatch,927,732,1,FALSE
nlgn4a,105,105,1,-,C,A,mismatch,928,732,1,FALSE
nlgn4a,181,181,1,-,A,G,mismatch,928,732,1,FALSE
nlgn4a,118,118,1,-,T,G,mismatch,929,723,1,FALSE
nlgn4a,177,177,1,-,A,G,mismatch,929,723,1,FALSE
nlgn4a,180,180,1,-,A,T,mismatch,929,723,1,FALSE
nlgn4a,157,157,1,-,A,G,mismatch,930,732,1,FALSE
nlgn4a,180,180,1,-,A,T,mismatch,930,732,1,FALSE
nlgn4a,104,104,1,-,C,T,mismatch,931,723,1,FALSE
nlgn4a,116,116,1,-,G,A,mismatch,931,723,1,FALSE
nlgn4a,180,180,1,-,A,T,mismatch,931,723,1,FALSE
nlgn4a,114,114,1,-,T,A,mismatch,932,723,1,FALSE
nlgn4a,143,143,1,-,C,G,mismatch,932,723,1,FALSE
nlgn4a,180,180,1,-,A,G,mismatch,932,723,1,FALSE
nlgn4a,164,164,1,-,C,G,mismatch,933,732,1,FALSE
nlgn4a,180,180,1,-,A,C,mismatch,933,732,1,FALSE
nlgn4a,115,115,1,-,G,A,mismatch,934,732,1,FALSE
nlgn4a,180,180,1,-,A,C,mismatch,934,732,1,FALSE
nlgn4a,103,103,1,-,G,C,mismatch,935,732,1,FALSE
nlgn4a,179,179,1,-,A,T,mismatch,935,732,1,FALSE
nlgn4a,109,109,1,-,T,A,mismatch,936,723,1,FALSE
nlgn4a,115,115,1,-,G,A,mismatch,936,723,1,FALSE
nlgn4a,179,179,1,-,A,T,mismatch,936,723,1,FALSE
nlgn4a,139,139,1,-,T,G,mismatch,937,714,1,FALSE
nlgn4a,144,144,1,-,A,C,mismatch,937,714,1,FALSE
nlgn4a,174,174,1,-,A,T,mismatch,937,714,1,FALSE
nlgn4a,179,179,1,-,A,G,mismatch,937,714,1,FALSE
nlgn4a,179,179,1,-,A,G,mismatch,938,741,1,FALSE
nlgn4a,127,127,1,-,C,G,mismatch,939,732,1,FALSE
nlgn4a,179,179,1,-,A,C,mismatch,939,732,1,FALSE
nlgn4a,179,179,1,-,A,C,mismatch,940,741,1,FALSE
nlgn4a,104,104,1,-,C,A,mismatch,941,732,1,FALSE
nlgn4a,179,179,1,-,A,C,mismatch,941,732,1,FALSE
nlgn4a,132,132,1,-,G,A,mismatch,942,732,1,FALSE
nlgn4a,179,179,1,-,A,C,mismatch,942,732,1,FALSE
nlgn4a,153,153,1,-,G,A,mismatch,943,732,1,FALSE
nlgn4a,179,179,1,-,A,C,mismatch,943,732,1,FALSE
nlgn4a,117,117,1,-,A,T,mismatch,944,723,1,FALSE
nlgn4a,144,144,1,-,A,G,mismatch,944,723,1,FALSE
nlgn4a,178,178,1,-,C,G,mismatch,944,723,1,FALSE
nlgn4a,103,103,1,-,G,A,mismatch,945,732,1,FALSE
nlgn4a,178,178,1,-,C,G,mismatch,945,732,1,FALSE
nlgn4a,131,131,1,-,T,A,mismatch,946,732,1,FALSE
nlgn4a,178,178,1,-,C,G,mismatch,946,732,1,FALSE
nlgn4a,117,117,1,-,A,G,mismatch,947,714,1,FALSE
nlgn4a,126,126,1,-,G,T,mismatch,947,714,1,FALSE
nlgn4a,134,134,1,-,G,C,mismatch,947,714,1,FALSE
nlgn4a,178,178,1,-,C,G,mismatch,947,714,1,FALSE
nlgn4a,108,108,1,-,T,G,mismatch,948,732,1,FALSE
nlgn4a,177,177,1,-,A,T,mismatch,948,732,1,FALSE
nlgn4a,105,105,1,-,C,G,mismatch,949,723,1,FALSE
nlgn4a,168,168,1,-,A,T,mismatch,949,723,1,FALSE
nlgn4a,177,177,1,-,A,G,mismatch,949,723,1,FALSE
nlgn4a,158,158,1,-,G,T,mismatch,950,732,1,FALSE
nlgn4a,177,177,1,-,A,G,mismatch,950,732,1,FALSE
nlgn4a,103,103,1,-,G,A,mismatch,951,732,1,FALSE
nlgn4a,177,177,1,-,A,G,mismatch,951,732,1,FALSE
nlgn4a,120,120,1,-,G,C,mismatch,952,732,1,FALSE
nlgn4a,177,177,1,-,A,G,mismatch,952,732,1,FALSE
nlgn4a,128,128,1,-,G,T,mismatch,953,732,1,FALSE
nlgn4a,177,177,1,-,A,C,mismatch,953,732,1,FALSE
nlgn4a,112,112,1,-,C,G,mismatch,954,732,1,FALSE
nlgn4a,177,177,1,-,A,C,mismatch,954,732,1,FALSE
nlgn4a,177,177,1,-,A,C,mismatch,955,741,1,FALSE
nlgn4a,129,129,1,-,G,C,mismatch,956,732,1,FALSE
nlgn4a,177,177,1,-,A,C,mismatch,956,732,1,FALSE
nlgn4a,135,135,1,-,T,G,mismatch,957,732,1,FALSE
nlgn4a,176,176,1,-,G,T,mismatch,957,732,1,FALSE
nlgn4a,175,175,1,-,C,G,mismatch,958,741,1,FALSE
nlgn4a,132,132,1,-,G,A,mismatch,959,732,1,FALSE
nlgn4a,174,174,1,-,A,T,mismatch,959,732,1,FALSE
nlgn4a,105,105,1,-,C,T,mismatch,960,732,1,FALSE
nlgn4a,174,174,1,-,A,C,mismatch,960,732,1,FALSE
nlgn4a,121,121,1,-,T,C,mismatch,961,732,1,FALSE
nlgn4a,174,174,1,-,A,C,mismatch,961,732,1,FALSE
nlgn4a,152,152,1,-,G,C,mismatch,962,732,1,FALSE
nlgn4a,174,174,1,-,A,C,mismatch,962,732,1,FALSE
nlgn4a,171,171,1,-,G,T,mismatch,963,741,1,FALSE
nlgn4a,122,122,1,-,G,A,mismatch,964,732,1,FALSE
nlgn4a,171,171,1,-,G,T,mismatch,964,732,1,FALSE
nlgn4a,107,107,1,-,T,C,mismatch,965,723,1,FALSE
nlgn4a,130,130,1,-,C,A,mismatch,965,723,1,FALSE
nlgn4a,171,171,1,-,G,T,mismatch,965,723,1,FALSE
nlgn4a,109,109,1,-,T,G,mismatch,966,732,1,FALSE
nlgn4a,168,168,1,-,A,T,mismatch,966,732,1,FALSE
nlgn4a,135,135,1,-,T,A,mismatch,967,732,1,FALSE
nlgn4a,168,168,1,-,A,T,mismatch,967,732,1,FALSE
nlgn4a,113,113,1,-,C,A,mismatch,968,714,1,FALSE
nlgn4a,146,146,1,-,T,G,mismatch,968,714,1,FALSE
nlgn4a,148,148,1,-,C,T,mismatch,968,714,1,FALSE
nlgn4a,168,168,1,-,A,G,mismatch,968,714,1,FALSE
nlgn4a,105,105,1,-,C,T,mismatch,969,732,1,FALSE
nlgn4a,168,168,1,-,A,G,mismatch,969,732,1,FALSE
nlgn4a,104,104,1,-,C,A,mismatch,970,732,1,FALSE
nlgn4a,168,168,1,-,A,G,mismatch,970,732,1,FALSE
nlgn4a,121,121,1,-,T,C,mismatch,971,732,1,FALSE
nlgn4a,168,168,1,-,A,G,mismatch,971,732,1,FALSE
nlgn4a,103,103,1,-,G,A,mismatch,972,723,1,FALSE
nlgn4a,136,136,1,-,G,A,mismatch,972,723,1,FALSE
nlgn4a,168,168,1,-,A,G,mismatch,972,723,1,FALSE
nlgn4a,113,113,1,-,C,T,mismatch,973,714,1,FALSE
nlgn4a,147,147,1,-,A,C,mismatch,973,714,1,FALSE
nlgn4a,156,156,1,-,C,G,mismatch,973,714,1,FALSE
nlgn4a,168,168,1,-,A,C,mismatch,973,714,1,FALSE
nlgn4a,151,151,1,-,G,T,mismatch,974,732,1,FALSE
nlgn4a,166,166,1,-,C,T,mismatch,974,732,1,FALSE
nlgn4a,113,113,1,-,C,G,mismatch,975,723,1,FALSE
nlgn4a,140,140,1,-,G,T,mismatch,975,723,1,FALSE
nlgn4a,166,166,1,-,C,T,mismatch,975,723,1,FALSE
nlgn4a,114,114,1,-,T,A,mismatch,976,732,1,FALSE
nlgn4a,166,166,1,-,C,T,mismatch,976,732,1,FALSE
nlgn4a,166,166,1,-,C,T,mismatch,977,723,1,FALSE
nlgn4a,125,125,1,-,T,G,mismatch,978,714,1,FALSE
nlgn4a,166,166,1,-,C,T,mismatch,978,714,1,FALSE
nlgn4a,142,142,1,-,C,T,mismatch,979,732,1,FALSE
nlgn4a,166,166,1,-,C,G,mismatch,979,732,1,FALSE
nlgn4a,106,106,1,-,T,G,mismatch,980,732,1,FALSE
nlgn4a,165,165,1,-,C,T,mismatch,980,732,1,FALSE
nlgn4a,104,104,1,-,C,G,mismatch,981,723,1,FALSE
nlgn4a,131,131,1,-,T,C,mismatch,981,723,1,FALSE
nlgn4a,165,165,1,-,C,T,mismatch,981,723,1,FALSE
nlgn4a,140,140,1,-,G,T,mismatch,982,732,1,FALSE
nlgn4a,164,164,1,-,C,T,mismatch,982,732,1,FALSE
nlgn4a,164,164,1,-,C,T,mismatch,983,741,1,FALSE
nlgn4a,107,107,1,-,T,A,mismatch,984,732,1,FALSE
nlgn4a,164,164,1,-,C,T,mismatch,984,732,1,FALSE
nlgn4a,108,108,1,-,T,C,mismatch,985,732,1,FALSE
nlgn4a,164,164,1,-,C,T,mismatch,985,732,1,FALSE
nlgn4a,149,149,1,-,A,G,mismatch,986,732,1,FALSE
nlgn4a,164,164,1,-,C,G,mismatch,986,732,1,FALSE
nlgn4a,120,120,1,-,G,A,mismatch,987,732,1,FALSE
nlgn4a,164,164,1,-,C,G,mismatch,987,732,1,FALSE
nlgn4a,121,121,1,-,T,G,mismatch,988,723,1,FALSE
nlgn4a,135,135,1,-,T,G,mismatch,988,723,1,FALSE
nlgn4a,164,164,1,-,C,G,mismatch,988,723,1,FALSE
nlgn4a,107,107,1,-,T,G,mismatch,989,723,1,FALSE
nlgn4a,155,155,1,-,T,C,mismatch,989,723,1,FALSE
nlgn4a,164,164,1,-,C,G,mismatch,989,723,1,FALSE
nlgn4a,163,163,1,-,A,C,mismatch,990,741,1,FALSE
nlgn4a,112,112,1,-,C,A,mismatch,991,732,1,FALSE
nlgn4a,163,163,1,-,A,C,mismatch,991,732,1,FALSE
nlgn4a,117,117,1,-,A,G,mismatch,992,723,1,FALSE
nlgn4a,151,151,1,-,G,C,mismatch,992,723,1,FALSE
nlgn4a,163,163,1,-,A,C,mismatch,992,723,1,FALSE
nlgn4a,123,123,1,-,C,G,mismatch,993,732,1,FALSE
nlgn4a,162,162,1,-,C,T,mismatch,993,732,1,FALSE
nlgn4a,114,114,1,-,T,G,mismatch,994,732,1,FALSE
nlgn4a,162,162,1,-,C,T,mismatch,994,732,1,FALSE
nlgn4a,156,156,1,-,C,G,mismatch,995,723,1,FALSE
nlgn4a,158,158,1,-,G,C,mismatch,995,723,1,FALSE
nlgn4a,162,162,1,-,C,T,mismatch,995,723,1,FALSE
nlgn4a,118,118,1,-,T,A,mismatch,996,723,1,FALSE
nlgn4a,154,154,1,-,C,G,mismatch,996,723,1,FALSE
nlgn4a,162,162,1,-,C,G,mismatch,996,723,1,FALSE
nlgn4a,112,112,1,-,C,T,mismatch,997,732,1,FALSE
nlgn4a,162,162,1,-,C,G,mismatch,997,732,1,FALSE
nlgn4a,162,162,1,-,C,G,mismatch,998,741,1,FALSE
nlgn4a,103,103,1,-,G,C,mismatch,999,732,1,FALSE
nlgn4a,161,161,1,-,G,T,mismatch,999,732,1,FALSE
nlgn4a,111,111,1,-,A,G,mismatch,1000,723,1,FALSE
nlgn4a,124,124,1,-,T,G,mismatch,1000,723,1,FALSE
nlgn4a,161,161,1,-,G,T,mismatch,1000,723,1,FALSE
nlgn4a,142,142,1,-,C,A,mismatch,1001,732,1,FALSE
nlgn4a,161,161,1,-,G,T,mismatch,1001,732,1,FALSE
nlgn4a,125,125,1,-,T,C,mismatch,1002,723,1,FALSE
nlgn4a,152,152,1,-,G,C,mismatch,1002,723,1,FALSE
nlgn4a,161,161,1,-,G,T,mismatch,1002,723,1,FALSE
nlgn4a,107,107,1,-,T,G,mismatch,1004,732,1,FALSE
nlgn4a,160,160,1,-,A,T,mismatch,1004,732,1,FALSE
nlgn4a,106,106,1,-,T,A,mismatch,1005,723,1,FALSE
nlgn4a,141,141,1,-,G,T,mismatch,1005,723,1,FALSE
nlgn4a,160,160,1,-,A,C,mismatch,1005,723,1,FALSE
nlgn4a,149,149,1,-,A,G,mismatch,1006,732,1,FALSE
nlgn4a,159,159,1,-,C,T,mismatch,1006,732,1,FALSE
nlgn4a,124,124,1,-,T,A,mismatch,1007,732,1,FALSE
nlgn4a,159,159,1,-,C,T,mismatch,1007,732,1,FALSE
nlgn4a,120,120,1,-,G,T,mismatch,1008,723,1,FALSE
nlgn4a,126,126,1,-,G,A,mismatch,1008,723,1,FALSE
nlgn4a,159,159,1,-,C,T,mismatch,1008,723,1,FALSE
nlgn4a,126,126,1,-,G,T,mismatch,1009,732,1,FALSE
nlgn4a,158,158,1,-,G,T,mismatch,1009,732,1,FALSE
nlgn4a,158,158,1,-,G,T,mismatch,1010,741,1,FALSE
nlgn4a,137,137,1,-,G,A,mismatch,1011,732,1,FALSE
nlgn4a,157,157,1,-,A,T,mismatch,1011,732,1,FALSE
nlgn4a,105,105,1,-,C,G,mismatch,1012,723,1,FALSE
nlgn4a,123,123,1,-,C,G,mismatch,1012,723,1,FALSE
nlgn4a,157,157,1,-,A,G,mismatch,1012,723,1,FALSE
nlgn4a,106,106,1,-,T,C,mismatch,1013,723,1,FALSE
nlgn4a,113,113,1,-,C,G,mismatch,1013,723,1,FALSE
nlgn4a,157,157,1,-,A,G,mismatch,1013,723,1,FALSE
nlgn4a,157,157,1,-,A,G,mismatch,1014,741,1,FALSE
nlgn4a,110,110,1,-,T,A,mismatch,1015,732,1,FALSE
nlgn4a,157,157,1,-,A,G,mismatch,1015,732,1,FALSE
nlgn4a,103,103,1,-,G,T,mismatch,1016,732,1,FALSE
nlgn4a,157,157,1,-,A,C,mismatch,1016,732,1,FALSE
nlgn4a,157,157,1,-,A,C,mismatch,1017,741,1,FALSE
nlgn4a,109,109,1,-,T,A,mismatch,1018,732,1,FALSE
nlgn4a,157,157,1,-,A,C,mismatch,1018,732,1,FALSE
nlgn4a,131,131,1,-,T,A,mismatch,1019,732,1,FALSE
nlgn4a,157,157,1,-,A,C,mismatch,1019,732,1,FALSE
nlgn4a,140,140,1,-,G,A,mismatch,1020,732,1,FALSE
nlgn4a,157,157,1,-,A,C,mismatch,1020,732,1,FALSE
nlgn4a,111,111,1,-,A,C,mismatch,1021,723,1,FALSE
nlgn4a,156,156,1,-,C,T,mismatch,1022,741,1,FALSE
nlgn4a,127,127,1,-,C,A,mismatch,1023,732,1,FALSE
nlgn4a,156,156,1,-,C,T,mismatch,1023,732,1,FALSE
nlgn4a,111,111,1,-,A,G,mismatch,1024,714,1,FALSE
nlgn4a,123,123,1,-,C,A,mismatch,1024,714,1,FALSE
nlgn4a,106,106,1,-,T,G,mismatch,1025,714,1,FALSE
nlgn4a,135,135,1,-,T,C,mismatch,1025,714,1,FALSE
nlgn4a,149,149,1,-,A,C,mismatch,1025,714,1,FALSE
nlgn4a,156,156,1,-,C,G,mismatch,1025,714,1,FALSE
nlgn4a,118,118,1,-,T,G,mismatch,1026,732,1,FALSE
nlgn4a,154,154,1,-,C,T,mismatch,1026,732,1,FALSE
nlgn4a,116,116,1,-,G,T,mismatch,1027,723,1,FALSE
nlgn4a,146,146,1,-,T,C,mismatch,1027,723,1,FALSE
nlgn4a,154,154,1,-,C,T,mismatch,1027,723,1,FALSE
nlgn4a,114,114,1,-,T,C,mismatch,1028,732,1,FALSE
nlgn4a,154,154,1,-,C,G,mismatch,1028,732,1,FALSE
nlgn4a,106,106,1,-,T,A,mismatch,1029,723,1,FALSE
nlgn4a,127,127,1,-,C,G,mismatch,1029,723,1,FALSE
nlgn4a,153,153,1,-,G,T,mismatch,1029,723,1,FALSE
nlgn4a,126,126,1,-,G,T,mismatch,1030,732,1,FALSE
nlgn4a,153,153,1,-,G,T,mismatch,1030,732,1,FALSE
nlgn4a,152,152,1,-,G,T,mismatch,1031,741,1,FALSE
nlgn4a,142,142,1,-,C,A,mismatch,1032,732,1,FALSE
nlgn4a,152,152,1,-,G,T,mismatch,1032,732,1,FALSE
nlgn4a,133,133,1,-,C,G,mismatch,1033,732,1,FALSE
nlgn4a,151,151,1,-,G,T,mismatch,1033,732,1,FALSE
nlgn4a,117,117,1,-,A,G,mismatch,1034,732,1,FALSE
nlgn4a,151,151,1,-,G,T,mismatch,1034,732,1,FALSE
nlgn4a,115,115,1,-,G,T,mismatch,1035,732,1,FALSE
nlgn4a,151,151,1,-,G,T,mismatch,1035,732,1,FALSE
nlgn4a,118,118,1,-,T,C,mismatch,1036,732,1,FALSE
nlgn4a,151,151,1,-,G,T,mismatch,1036,732,1,FALSE
nlgn4a,107,107,1,-,T,A,mismatch,1037,732,1,FALSE
nlgn4a,149,149,1,-,A,T,mismatch,1037,732,1,FALSE
nlgn4a,125,125,1,-,T,A,mismatch,1038,723,1,FALSE
nlgn4a,129,129,1,-,G,A,mismatch,1038,723,1,FALSE
nlgn4a,149,149,1,-,A,T,mismatch,1038,723,1,FALSE
nlgn4a,127,127,1,-,C,A,mismatch,1039,723,1,FALSE
nlgn4a,136,136,1,-,G,T,mismatch,1039,723,1,FALSE
nlgn4a,149,149,1,-,A,G,mismatch,1039,723,1,FALSE
nlgn4a,104,104,1,-,C,A,mismatch,1040,732,1,FALSE
nlgn4a,149,149,1,-,A,G,mismatch,1040,732,1,FALSE
nlgn4a,106,106,1,-,T,G,mismatch,1041,732,1,FALSE
nlgn4a,149,149,1,-,A,G,mismatch,1041,732,1,FALSE
nlgn4a,114,114,1,-,T,G,mismatch,1042,732,1,FALSE
nlgn4a,149,149,1,-,A,G,mismatch,1042,732,1,FALSE
nlgn4a,114,114,1,-,T,A,mismatch,1043,732,1,FALSE
nlgn4a,149,149,1,-,A,G,mismatch,1043,732,1,FALSE
nlgn4a,120,120,1,-,G,C,mismatch,1044,732,1,FALSE
nlgn4a,149,149,1,-,A,G,mismatch,1044,732,1,FALSE
nlgn4a,114,114,1,-,T,A,mismatch,1045,723,1,FALSE
nlgn4a,137,137,1,-,G,C,mismatch,1045,723,1,FALSE
nlgn4a,149,149,1,-,A,C,mismatch,1045,723,1,FALSE
nlgn4a,131,131,1,-,T,G,mismatch,1046,732,1,FALSE
nlgn4a,148,148,1,-,C,T,mismatch,1046,732,1,FALSE
nlgn4a,131,131,1,-,T,C,mismatch,1047,732,1,FALSE
nlgn4a,148,148,1,-,C,T,mismatch,1047,732,1,FALSE
nlgn4a,103,103,1,-,G,C,mismatch,1048,714,1,FALSE
nlgn4a,117,117,1,-,A,G,mismatch,1048,714,1,FALSE
nlgn4a,132,132,1,-,G,A,mismatch,1048,714,1,FALSE
nlgn4a,148,148,1,-,C,T,mismatch,1048,714,1,FALSE
nlgn4a,129,129,1,-,G,T,mismatch,1049,732,1,FALSE
nlgn4a,148,148,1,-,C,G,mismatch,1049,732,1,FALSE
nlgn4a,118,118,1,-,T,G,mismatch,1050,732,1,FALSE
nlgn4a,148,148,1,-,C,G,mismatch,1050,732,1,FALSE
nlgn4a,125,125,1,-,T,C,mismatch,1051,723,1,FALSE
nlgn4a,143,143,1,-,C,A,mismatch,1051,723,1,FALSE
nlgn4a,148,148,1,-,C,G,mismatch,1051,723,1,FALSE
nlgn4a,112,112,1,-,C,A,mismatch,1052,723,1,FALSE
nlgn4a,117,117,1,-,A,T,mismatch,1052,723,1,FALSE
nlgn4a,147,147,1,-,A,T,mismatch,1052,723,1,FALSE
nlgn4a,114,114,1,-,T,C,mismatch,1053,732,1,FALSE
nlgn4a,147,147,1,-,A,T,mismatch,1053,732,1,FALSE
nlgn4a,112,112,1,-,C,T,mismatch,1054,723,1,FALSE
nlgn4a,128,128,1,-,G,C,mismatch,1054,723,1,FALSE
nlgn4a,147,147,1,-,A,G,mismatch,1054,723,1,FALSE
nlgn4a,103,103,1,-,G,A,mismatch,1055,732,1,FALSE
nlgn4a,147,147,1,-,A,C,mismatch,1055,732,1,FALSE
nlgn4a,137,137,1,-,G,T,mismatch,1056,732,1,FALSE
nlgn4a,144,144,1,-,A,T,mismatch,1056,732,1,FALSE
nlgn4a,132,132,1,-,G,T,mismatch,1057,732,1,FALSE
nlgn4a,144,144,1,-,A,T,mismatch,1057,732,1,FALSE
nlgn4a,129,129,1,-,G,T,mismatch,1058,732,1,FALSE
nlgn4a,144,144,1,-,A,T,mismatch,1058,732,1,FALSE
nlgn4a,106,106,1,-,T,A,mismatch,1059,723,1,FALSE
nlgn4a,123,123,1,-,C,T,mismatch,1059,723,1,FALSE
nlgn4a,144,144,1,-,A,T,mismatch,1059,723,1,FALSE
nlgn4a,124,124,1,-,T,C,mismatch,1060,723,1,FALSE
nlgn4a,137,137,1,-,G,C,mismatch,1060,723,1,FALSE
nlgn4a,144,144,1,-,A,T,mismatch,1060,723,1,FALSE
nlgn4a,103,103,1,-,G,T,mismatch,1061,732,1,FALSE
nlgn4a,144,144,1,-,A,G,mismatch,1061,732,1,FALSE
nlgn4a,144,144,1,-,A,C,mismatch,1062,741,1,FALSE
nlgn4a,109,109,1,-,T,A,mismatch,1063,732,1,FALSE
nlgn4a,143,143,1,-,C,G,mismatch,1063,732,1,FALSE
nlgn4a,131,131,1,-,T,C,mismatch,1064,732,1,FALSE
nlgn4a,143,143,1,-,C,G,mismatch,1064,732,1,FALSE
nlgn4a,142,142,1,-,C,T,mismatch,1065,741,1,FALSE
nlgn4a,116,116,1,-,G,C,mismatch,1066,732,1,FALSE
nlgn4a,142,142,1,-,C,T,mismatch,1066,732,1,FALSE
nlgn4a,128,128,1,-,G,T,mismatch,1067,732,1,FALSE
nlgn4a,142,142,1,-,C,G,mismatch,1067,732,1,FALSE
nlgn4a,113,113,1,-,C,G,mismatch,1068,732,1,FALSE
nlgn4a,140,140,1,-,G,T,mismatch,1068,732,1,FALSE
nlgn4a,110,110,1,-,T,A,mismatch,1069,723,1,FALSE
nlgn4a,111,111,1,-,A,C,mismatch,1070,732,1,FALSE
nlgn4a,138,138,1,-,C,T,mismatch,1070,732,1,FALSE
nlgn4a,114,114,1,-,T,G,mismatch,1071,732,1,FALSE
nlgn4a,138,138,1,-,C,G,mismatch,1071,732,1,FALSE
nlgn4a,126,126,1,-,G,T,mismatch,1072,732,1,FALSE
nlgn4a,136,136,1,-,G,T,mismatch,1072,732,1,FALSE
nlgn4a,115,115,1,-,G,T,mismatch,1073,732,1,FALSE
nlgn4a,134,134,1,-,G,T,mismatch,1073,732,1,FALSE
nlgn4a,116,116,1,-,G,A,mismatch,1074,732,1,FALSE
nlgn4a,134,134,1,-,G,T,mismatch,1074,732,1,FALSE
nlgn4a,118,118,1,-,T,A,mismatch,1075,732,1,FALSE
nlgn4a,133,133,1,-,C,T,mismatch,1075,732,1,FALSE
nlgn4a,121,121,1,-,T,A,mismatch,1076,732,1,FALSE
nlgn4a,133,133,1,-,C,T,mismatch,1076,732,1,FALSE
nlgn4a,127,127,1,-,C,G,mismatch,1077,732,1,FALSE
nlgn4a,133,133,1,-,C,G,mismatch,1077,732,1,FALSE
nlgn4a,117,117,1,-,A,T,mismatch,1078,732,1,FALSE
nlgn4a,133,133,1,-,C,G,mismatch,1078,732,1,FALSE
nlgn4a,132,132,1,-,G,T,mismatch,1079,741,1,FALSE
nlgn4a,103,103,1,-,G,C,mismatch,1080,732,1,FALSE
nlgn4a,132,132,1,-,G,T,mismatch,1080,732,1,FALSE
nlgn4a,116,116,1,-,G,C,mismatch,1081,732,1,FALSE
nlgn4a,132,132,1,-,G,T,mismatch,1081,732,1,FALSE
nlgn4a,132,132,1,-,G,T,mismatch,1082,723,1,FALSE
nlgn4a,107,107,1,-,T,C,mismatch,1083,732,1,FALSE
nlgn4a,130,130,1,-,C,T,mismatch,1083,732,1,FALSE
nlgn4a,130,130,1,-,C,G,mismatch,1084,741,1,FALSE
nlgn4a,118,118,1,-,T,G,mismatch,1085,732,1,FALSE
nlgn4a,130,130,1,-,C,G,mismatch,1085,732,1,FALSE
nlgn4a,113,113,1,-,C,T,mismatch,1086,723,1,FALSE
nlgn4a,116,116,1,-,G,T,mismatch,1086,723,1,FALSE
nlgn4a,129,129,1,-,G,T,mismatch,1086,723,1,FALSE
nlgn4a,108,108,1,-,T,G,mismatch,1087,732,1,FALSE
nlgn4a,129,129,1,-,G,T,mismatch,1087,732,1,FALSE
nlgn4a,122,122,1,-,G,C,mismatch,1088,732,1,FALSE
nlgn4a,129,129,1,-,G,T,mismatch,1088,732,1,FALSE
nlgn4a,127,127,1,-,C,T,mismatch,1089,741,1,FALSE
nlgn4a,110,110,1,-,T,C,mismatch,1090,723,1,FALSE
nlgn4a,124,124,1,-,T,A,mismatch,1090,723,1,FALSE
nlgn4a,127,127,1,-,C,T,mismatch,1090,723,1,FALSE
nlgn4a,125,125,1,-,T,C,mismatch,1091,732,1,FALSE
nlgn4a,127,127,1,-,C,T,mismatch,1091,732,1,FALSE
nlgn4a,113,113,1,-,C,G,mismatch,1092,732,1,FALSE
nlgn4a,127,127,1,-,C,G,mismatch,1092,732,1,FALSE
nlgn4a,104,104,1,-,C,T,mismatch,1093,732,1,FALSE
nlgn4a,127,127,1,-,C,G,mismatch,1093,732,1,FALSE
nlgn4a,127,127,1,-,C,G,mismatch,1094,741,1,FALSE
nlgn4a,112,112,1,-,C,G,mismatch,1095,732,1,FALSE
nlgn4a,123,123,1,-,C,T,mismatch,1095,732,1,FALSE
nlgn4a,103,103,1,-,G,C,mismatch,1096,732,1,FALSE
nlgn4a,120,120,1,-,G,T,mismatch,1096,732,1,FALSE
nlgn4a,106,106,1,-,T,A,mismatch,1097,732,1,FALSE
nlgn4a,117,117,1,-,A,T,mismatch,1097,732,1,FALSE
nlgn4a,109,109,1,-,T,C,mismatch,1098,732,1,FALSE
nlgn4a,117,117,1,-,A,G,mismatch,1098,732,1,FALSE
nlgn4a,105,105,1,-,C,A,mismatch,1099,723,1,FALSE
nlgn4a,105,105,1,-,C,T,mismatch,1100,732,1,FALSE
nlgn4a,112,112,1,-,C,G,mismatch,1100,732,1,FALSE
nlgn4a,111,111,1,-,A,C,mismatch,1101,741,1,FALSE
nlgn4a,104,104,1,-,C,G,mismatch,1102,732,1,FALSE
nlgn4a,106,106,1,-,T,C,mismatch,1102,732,1,FALSE
nlgn4a,106,106,1,-,T,A,mismatch,1103,741,1,FALSE
nlgn4a,104,104,1,-,C,A,mismatch,1104,732,1,FALSE
nlgn4a,107,107,1,-,T,A,mismatch,1104,732,1,FALSE
nlgn4a,103,103,1,-,G,C,mismatch,1105,732,1,FALSE
nlgn4a,108,108,1,-,T,A,mismatch,1105,732,1,FALSE
nlgn4a,107,107,1,-,T,C,mismatch,1106,732,1,FALSE
nlgn4a,109,109,1,-,T,C,mismatch,1106,732,1,FALSE
nlgn4a,110,110,1,-,T,G,mismatch,1107,741,1,FALSE
nlgn4a,109,109,1,-,T,C,mismatch,1109,732,1,FALSE
nlgn4a,114,114,1,-,T,A,mismatch,1109,732,1,FALSE
nlgn4a,103,103,1,-,G,C,mismatch,1110,732,1,FALSE
nlgn4a,115,115,1,-,G,C,mismatch,1110,732,1,FALSE
nlgn4a,109,109,1,-,T,C,mismatch,1111,723,1,FALSE
nlgn4a,112,112,1,-,C,A,mismatch,1111,723,1,FALSE
nlgn4a,115,115,1,-,G,C,mismatch,1111,723,1,FALSE
nlgn4a,107,107,1,-,T,C,mismatch,1112,732,1,FALSE
nlgn4a,116,116,1,-,G,C,mismatch,1112,732,1,FALSE
nlgn4a,118,118,1,-,T,G,mismatch,1113,741,1,FALSE
nlgn4a,115,115,1,-,G,A,mismatch,1114,732,1,FALSE
nlgn4a,118,118,1,-,T,G,mismatch,1114,732,1,FALSE
nlgn4a,108,108,1,-,T,G,mismatch,1115,732,1,FALSE
nlgn4a,118,118,1,-,T,C,mismatch,1115,732,1,FALSE
nlgn4a,112,112,1,-,C,G,mismatch,1116,732,1,FALSE
nlgn4a,119,119,1,-,T,G,mismatch,1116,732,1,FALSE
nlgn4a,109,109,1,-,T,C,mismatch,1117,732,1,FALSE
nlgn4a,119,119,1,-,T,C,mismatch,1117,732,1,FALSE
nlgn4a,104,104,1,-,C,A,mismatch,1119,723,1,FALSE
nlgn4a,117,117,1,-,A,G,mismatch,1119,723,1,FALSE
nlgn4a,119,119,1,-,T,A,mismatch,1119,723,1,FALSE
nlgn4a,109,109,1,-,T,C,mismatch,1120,732,1,FALSE
nlgn4a,119,119,1,-,T,A,mismatch,1120,732,1,FALSE
nlgn4a,105,105,1,-,C,G,mismatch,1121,732,1,FALSE
nlgn4a,120,120,1,-,G,C,mismatch,1121,732,1,FALSE
nlgn4a,121,121,1,-,T,A,mismatch,1122,741,1,FALSE
nlgn4a,108,108,1,-,T,A,mismatch,1124,732,1,FALSE
nlgn4a,122,122,1,-,G,A,mismatch,1124,732,1,FALSE
nlgn4a,103,103,1,-,G,A,mismatch,1125,723,1,FALSE
nlgn4a,108,108,1,-,T,G,mismatch,1125,723,1,FALSE
nlgn4a,123,123,1,-,C,A,mismatch,1125,723,1,FALSE
nlgn4a,115,115,1,-,G,T,mismatch,1127,732,1,FALSE
nlgn4a,124,124,1,-,T,G,mismatch,1127,732,1,FALSE
nlgn4a,117,117,1,-,A,C,mismatch,1128,732,1,FALSE
nlgn4a,124,124,1,-,T,A,mismatch,1128,732,1,FALSE
nlgn4a,110,110,1,-,T,C,mismatch,1129,723,1,FALSE
nlgn4a,117,117,1,-,A,G,mismatch,1129,723,1,FALSE
nlgn4a,125,125,1,-,T,C,mismatch,1129,723,1,FALSE
nlgn4a,121,121,1,-,T,A,mismatch,1130,732,1,FALSE
nlgn4a,125,125,1,-,T,C,mismatch,1130,732,1,FALSE
nlgn4a,109,109,1,-,T,A,mismatch,1131,714,1,FALSE
nlgn4a,119,119,1,-,T,G,mismatch,1131,714,1,FALSE
nlgn4a,122,122,1,-,G,A,mismatch,1131,714,1,FALSE
nlgn4a,125,125,1,-,T,C,mismatch,1131,714,1,FALSE
nlgn4a,116,116,1,-,G,T,mismatch,1132,732,1,FALSE
nlgn4a,125,125,1,-,T,A,mismatch,1132,732,1,FALSE
nlgn4a,103,103,1,-,G,T,mismatch,1133,732,1,FALSE
nlgn4a,125,125,1,-,T,A,mismatch,1133,732,1,FALSE
nlgn4a,122,122,1,-,G,T,mismatch,1134,732,1,FALSE
nlgn4a,126,126,1,-,G,C,mismatch,1134,732,1,FALSE
nlgn4a,117,117,1,-,A,T,mismatch,1135,732,1,FALSE
nlgn4a,126,126,1,-,G,C,mismatch,1135,732,1,FALSE
nlgn4a,113,113,1,-,C,G,mismatch,1136,732,1,FALSE
nlgn4a,126,126,1,-,G,C,mismatch,1136,732,1,FALSE
nlgn4a,105,105,1,-,C,A,mismatch,1137,732,1,FALSE
nlgn4a,126,126,1,-,G,C,mismatch,1137,732,1,FALSE
nlgn4a,109,109,1,-,T,G,mismatch,1138,723,1,FALSE
nlgn4a,118,118,1,-,T,A,mismatch,1138,723,1,FALSE
nlgn4a,126,126,1,-,G,A,mismatch,1138,723,1,FALSE
nlgn4a,106,106,1,-,T,A,mismatch,1139,723,1,FALSE
nlgn4a,115,115,1,-,G,T,mismatch,1139,723,1,FALSE
nlgn4a,127,127,1,-,C,A,mismatch,1139,723,1,FALSE
nlgn4a,104,104,1,-,C,G,mismatch,1140,732,1,FALSE
nlgn4a,128,128,1,-,G,A,mismatch,1140,732,1,FALSE
nlgn4a,114,114,1,-,T,A,mismatch,1141,732,1,FALSE
nlgn4a,128,128,1,-,G,A,mismatch,1141,732,1,FALSE
nlgn4a,129,129,1,-,G,C,mismatch,1142,723,1,FALSE
nlgn4a,115,115,1,-,G,C,mismatch,1143,732,1,FALSE
nlgn4a,129,129,1,-,G,A,mismatch,1143,732,1,FALSE
nlgn4a,113,113,1,-,C,A,mismatch,1144,723,1,FALSE
nlgn4a,121,121,1,-,T,C,mismatch,1144,723,1,FALSE
nlgn4a,129,129,1,-,G,A,mismatch,1144,723,1,FALSE
nlgn4a,107,107,1,-,T,C,mismatch,1145,732,1,FALSE
nlgn4a,130,130,1,-,C,A,mismatch,1145,732,1,FALSE
nlgn4a,122,122,1,-,G,A,mismatch,1146,723,1,FALSE
nlgn4a,124,124,1,-,T,A,mismatch,1146,723,1,FALSE
nlgn4a,130,130,1,-,C,A,mismatch,1146,723,1,FALSE
nlgn4a,115,115,1,-,G,A,mismatch,1147,732,1,FALSE
nlgn4a,131,131,1,-,T,G,mismatch,1147,732,1,FALSE
nlgn4a,112,112,1,-,C,T,mismatch,1148,732,1,FALSE
nlgn4a,131,131,1,-,T,A,mismatch,1148,732,1,FALSE
nlgn4a,113,113,1,-,C,A,mismatch,1149,732,1,FALSE
nlgn4a,131,131,1,-,T,A,mismatch,1149,732,1,FALSE
nlgn4a,109,109,1,-,T,G,mismatch,1150,732,1,FALSE
nlgn4a,132,132,1,-,G,C,mismatch,1150,732,1,FALSE
nlgn4a,117,117,1,-,A,C,mismatch,1151,732,1,FALSE
nlgn4a,132,132,1,-,G,A,mismatch,1151,732,1,FALSE
nlgn4a,116,116,1,-,G,A,mismatch,1152,723,1,FALSE
nlgn4a,118,118,1,-,T,A,mismatch,1152,723,1,FALSE
nlgn4a,132,132,1,-,G,A,mismatch,1152,723,1,FALSE
nlgn4a,121,121,1,-,T,C,mismatch,1153,732,1,FALSE
nlgn4a,132,132,1,-,G,A,mismatch,1153,732,1,FALSE
nlgn4a,117,117,1,-,A,G,mismatch,1154,723,1,FALSE
nlgn4a,129,129,1,-,G,C,mismatch,1154,723,1,FALSE
nlgn4a,134,134,1,-,G,C,mismatch,1154,723,1,FALSE
nlgn4a,131,131,1,-,T,G,mismatch,1155,732,1,FALSE
nlgn4a,134,134,1,-,G,C,mismatch,1155,732,1,FALSE
nlgn4a,132,132,1,-,G,T,mismatch,1156,732,1,FALSE
nlgn4a,135,135,1,-,T,G,mismatch,1156,732,1,FALSE
nlgn4a,117,117,1,-,A,C,mismatch,1157,732,1,FALSE
nlgn4a,135,135,1,-,T,G,mismatch,1157,732,1,FALSE
nlgn4a,135,135,1,-,T,G,mismatch,1158,723,1,FALSE
nlgn4a,121,121,1,-,T,G,mismatch,1159,732,1,FALSE
nlgn4a,135,135,1,-,T,C,mismatch,1159,732,1,FALSE
nlgn4a,106,106,1,-,T,C,mismatch,1160,723,1,FALSE
nlgn4a,113,113,1,-,C,G,mismatch,1160,723,1,FALSE
nlgn4a,135,135,1,-,T,A,mismatch,1160,723,1,FALSE
nlgn4a,123,123,1,-,C,T,mismatch,1161,723,1,FALSE
nlgn4a,133,133,1,-,C,A,mismatch,1161,723,1,FALSE
nlgn4a,135,135,1,-,T,A,mismatch,1161,723,1,FALSE
nlgn4a,136,136,1,-,G,C,mismatch,1162,741,1,FALSE
nlgn4a,106,106,1,-,T,A,mismatch,1163,732,1,FALSE
nlgn4a,136,136,1,-,G,C,mismatch,1163,732,1,FALSE
nlgn4a,125,125,1,-,T,C,mismatch,1164,732,1,FALSE
nlgn4a,136,136,1,-,G,C,mismatch,1164,732,1,FALSE
nlgn4a,136,136,1,-,G,A,mismatch,1165,723,1,FALSE
nlgn4a,107,107,1,-,T,G,mismatch,1166,723,1,FALSE
nlgn4a,118,118,1,-,T,G,mismatch,1166,723,1,FALSE
nlgn4a,137,137,1,-,G,C,mismatch,1166,723,1,FALSE
nlgn4a,116,116,1,-,G,T,mismatch,1167,732,1,FALSE
nlgn4a,137,137,1,-,G,A,mismatch,1167,732,1,FALSE
nlgn4a,103,103,1,-,G,A,mismatch,1168,732,1,FALSE
nlgn4a,137,137,1,-,G,A,mismatch,1168,732,1,FALSE
nlgn4a,127,127,1,-,C,T,mismatch,1169,732,1,FALSE
nlgn4a,139,139,1,-,T,G,mismatch,1169,732,1,FALSE
nlgn4a,103,103,1,-,G,T,mismatch,1170,732,1,FALSE
nlgn4a,139,139,1,-,T,A,mismatch,1170,732,1,FALSE
nlgn4a,130,130,1,-,C,G,mismatch,1171,732,1,FALSE
nlgn4a,140,140,1,-,G,C,mismatch,1171,732,1,FALSE
nlgn4a,104,104,1,-,C,G,mismatch,1172,723,1,FALSE
nlgn4a,118,118,1,-,T,A,mismatch,1172,723,1,FALSE
nlgn4a,140,140,1,-,G,C,mismatch,1172,723,1,FALSE
nlgn4a,114,114,1,-,T,G,mismatch,1173,723,1,FALSE
nlgn4a,124,124,1,-,T,G,mismatch,1173,723,1,FALSE
nlgn4a,140,140,1,-,G,C,mismatch,1173,723,1,FALSE
nlgn4a,122,122,1,-,G,A,mismatch,1174,732,1,FALSE
nlgn4a,140,140,1,-,G,A,mismatch,1174,732,1,FALSE
nlgn4a,141,141,1,-,G,C,mismatch,1175,741,1,FALSE
nlgn4a,110,110,1,-,T,C,mismatch,1176,732,1,FALSE
nlgn4a,141,141,1,-,G,C,mismatch,1176,732,1,FALSE
nlgn4a,119,119,1,-,T,G,mismatch,1177,732,1,FALSE
nlgn4a,141,141,1,-,G,C,mismatch,1177,732,1,FALSE
nlgn4a,124,124,1,-,T,A,mismatch,1178,732,1,FALSE
nlgn4a,141,141,1,-,G,C,mismatch,1178,732,1,FALSE
nlgn4a,141,141,1,-,G,A,mismatch,1179,741,1,FALSE
nlgn4a,123,123,1,-,C,A,mismatch,1180,732,1,FALSE
nlgn4a,141,141,1,-,G,A,mismatch,1180,732,1,FALSE
nlgn4a,137,137,1,-,G,T,mismatch,1181,732,1,FALSE
nlgn4a,142,142,1,-,C,A,mismatch,1181,732,1,FALSE
nlgn4a,130,130,1,-,C,T,mismatch,1182,732,1,FALSE
nlgn4a,142,142,1,-,C,A,mismatch,1182,732,1,FALSE
nlgn4a,107,107,1,-,T,C,mismatch,1183,723,1,FALSE
nlgn4a,130,130,1,-,C,T,mismatch,1183,723,1,FALSE
nlgn4a,142,142,1,-,C,A,mismatch,1183,723,1,FALSE
nlgn4a,142,142,1,-,C,A,mismatch,1184,741,1,FALSE
nlgn4a,111,111,1,-,A,C,mismatch,1185,732,1,FALSE
nlgn4a,143,143,1,-,C,A,mismatch,1185,732,1,FALSE
nlgn4a,124,124,1,-,T,A,mismatch,1186,732,1,FALSE
nlgn4a,143,143,1,-,C,A,mismatch,1186,732,1,FALSE
nlgn4a,126,126,1,-,G,A,mismatch,1187,732,1,FALSE
nlgn4a,143,143,1,-,C,A,mismatch,1187,732,1,FALSE
nlgn4a,116,116,1,-,G,C,mismatch,1188,732,1,FALSE
nlgn4a,145,145,1,-,T,G,mismatch,1188,732,1,FALSE
nlgn4a,116,116,1,-,G,C,mismatch,1189,723,1,FALSE
nlgn4a,143,143,1,-,C,G,mismatch,1189,723,1,FALSE
nlgn4a,145,145,1,-,T,C,mismatch,1189,723,1,FALSE
nlgn4a,112,112,1,-,C,G,mismatch,1190,732,1,FALSE
nlgn4a,145,145,1,-,T,C,mismatch,1190,732,1,FALSE
nlgn4a,141,141,1,-,G,A,mismatch,1191,732,1,FALSE
nlgn4a,145,145,1,-,T,C,mismatch,1191,732,1,FALSE
nlgn4a,145,145,1,-,T,A,mismatch,1192,741,1,FALSE
nlgn4a,110,110,1,-,T,A,mismatch,1193,732,1,FALSE
nlgn4a,145,145,1,-,T,A,mismatch,1193,732,1,FALSE
nlgn4a,114,114,1,-,T,C,mismatch,1194,732,1,FALSE
nlgn4a,145,145,1,-,T,A,mismatch,1194,732,1,FALSE
nlgn4a,138,138,1,-,C,A,mismatch,1195,732,1,FALSE
nlgn4a,145,145,1,-,T,A,mismatch,1195,732,1,FALSE
nlgn4a,113,113,1,-,C,A,mismatch,1196,732,1,FALSE
nlgn4a,146,146,1,-,T,G,mismatch,1196,732,1,FALSE
nlgn4a,118,118,1,-,T,A,mismatch,1197,723,1,FALSE
nlgn4a,137,137,1,-,G,T,mismatch,1197,723,1,FALSE
nlgn4a,146,146,1,-,T,C,mismatch,1197,723,1,FALSE
nlgn4a,113,113,1,-,C,T,mismatch,1198,732,1,FALSE
nlgn4a,146,146,1,-,T,A,mismatch,1198,732,1,FALSE
nlgn4a,111,111,1,-,A,C,mismatch,1199,732,1,FALSE
nlgn4a,146,146,1,-,T,A,mismatch,1199,732,1,FALSE
nlgn4a,144,144,1,-,A,G,mismatch,1200,732,1,FALSE
nlgn4a,148,148,1,-,C,A,mismatch,1200,732,1,FALSE
nlgn4a,105,105,1,-,C,T,mismatch,1201,732,1,FALSE
nlgn4a,148,148,1,-,C,A,mismatch,1201,732,1,FALSE
nlgn4a,142,142,1,-,C,T,mismatch,1202,732,1,FALSE
nlgn4a,150,150,1,-,T,C,mismatch,1202,732,1,FALSE
nlgn4a,150,150,1,-,T,C,mismatch,1203,741,1,FALSE
nlgn4a,105,105,1,-,C,T,mismatch,1204,723,1,FALSE
nlgn4a,110,110,1,-,T,G,mismatch,1204,723,1,FALSE
nlgn4a,150,150,1,-,T,C,mismatch,1204,723,1,FALSE
nlgn4a,151,151,1,-,G,C,mismatch,1205,741,1,FALSE
nlgn4a,108,108,1,-,T,A,mismatch,1206,732,1,FALSE
nlgn4a,151,151,1,-,G,C,mismatch,1206,732,1,FALSE
nlgn4a,114,114,1,-,T,C,mismatch,1207,732,1,FALSE
nlgn4a,151,151,1,-,G,C,mismatch,1207,732,1,FALSE
nlgn4a,103,103,1,-,G,A,mismatch,1208,714,1,FALSE
nlgn4a,131,131,1,-,T,C,mismatch,1208,714,1,FALSE
nlgn4a,144,144,1,-,A,T,mismatch,1208,714,1,FALSE
nlgn4a,152,152,1,-,G,C,mismatch,1208,714,1,FALSE
nlgn4a,134,134,1,-,G,T,mismatch,1209,732,1,FALSE
nlgn4a,152,152,1,-,G,C,mismatch,1209,732,1,FALSE
nlgn4a,152,152,1,-,G,C,mismatch,1210,741,1,FALSE
nlgn4a,115,115,1,-,G,T,mismatch,1211,723,1,FALSE
nlgn4a,118,118,1,-,T,C,mismatch,1211,723,1,FALSE
nlgn4a,152,152,1,-,G,C,mismatch,1211,723,1,FALSE
nlgn4a,139,139,1,-,T,C,mismatch,1212,732,1,FALSE
nlgn4a,152,152,1,-,G,C,mismatch,1212,732,1,FALSE
nlgn4a,122,122,1,-,G,A,mismatch,1213,732,1,FALSE
nlgn4a,152,152,1,-,G,A,mismatch,1213,732,1,FALSE
nlgn4a,125,125,1,-,T,C,mismatch,1214,732,1,FALSE
nlgn4a,152,152,1,-,G,A,mismatch,1214,732,1,FALSE
nlgn4a,128,128,1,-,G,A,mismatch,1215,732,1,FALSE
nlgn4a,152,152,1,-,G,A,mismatch,1215,732,1,FALSE
nlgn4a,117,117,1,-,A,T,mismatch,1216,723,1,FALSE
nlgn4a,135,135,1,-,T,A,mismatch,1216,723,1,FALSE
nlgn4a,152,152,1,-,G,A,mismatch,1216,723,1,FALSE
nlgn4a,153,153,1,-,G,C,mismatch,1217,741,1,FALSE
nlgn4a,114,114,1,-,T,A,mismatch,1218,723,1,FALSE
nlgn4a,121,121,1,-,T,A,mismatch,1218,723,1,FALSE
nlgn4a,153,153,1,-,G,C,mismatch,1218,723,1,FALSE
nlgn4a,110,110,1,-,T,A,mismatch,1219,732,1,FALSE
nlgn4a,153,153,1,-,G,A,mismatch,1219,732,1,FALSE
nlgn4a,136,136,1,-,G,C,mismatch,1220,732,1,FALSE
nlgn4a,153,153,1,-,G,A,mismatch,1220,732,1,FALSE
nlgn4a,136,136,1,-,G,A,mismatch,1221,723,1,FALSE
nlgn4a,143,143,1,-,C,T,mismatch,1221,723,1,FALSE
nlgn4a,154,154,1,-,C,A,mismatch,1221,723,1,FALSE
nlgn4a,154,154,1,-,C,A,mismatch,1222,741,1,FALSE
nlgn4a,155,155,1,-,T,G,mismatch,1223,741,1,FALSE
nlgn4a,120,120,1,-,G,C,mismatch,1224,723,1,FALSE
nlgn4a,131,131,1,-,T,G,mismatch,1224,723,1,FALSE
nlgn4a,155,155,1,-,T,C,mismatch,1224,723,1,FALSE
nlgn4a,109,109,1,-,T,A,mismatch,1225,723,1,FALSE
nlgn4a,117,117,1,-,A,C,mismatch,1225,723,1,FALSE
nlgn4a,155,155,1,-,T,A,mismatch,1225,723,1,FALSE
nlgn4a,106,106,1,-,T,A,mismatch,1226,732,1,FALSE
nlgn4a,155,155,1,-,T,A,mismatch,1226,732,1,FALSE
nlgn4a,137,137,1,-,G,A,mismatch,1227,732,1,FALSE
nlgn4a,158,158,1,-,G,C,mismatch,1227,732,1,FALSE
nlgn4a,144,144,1,-,A,T,mismatch,1228,714,1,FALSE
nlgn4a,159,159,1,-,C,A,mismatch,1228,714,1,FALSE
nlgn4a,115,115,1,-,G,C,mismatch,1229,732,1,FALSE
nlgn4a,159,159,1,-,C,A,mismatch,1229,732,1,FALSE
nlgn4a,106,106,1,-,T,A,mismatch,1230,732,1,FALSE
nlgn4a,161,161,1,-,G,C,mismatch,1230,732,1,FALSE
nlgn4a,105,105,1,-,C,G,mismatch,1231,732,1,FALSE
nlgn4a,161,161,1,-,G,A,mismatch,1231,732,1,FALSE
nlgn4a,122,122,1,-,G,C,mismatch,1232,732,1,FALSE
nlgn4a,161,161,1,-,G,A,mismatch,1232,732,1,FALSE
nlgn4a,150,150,1,-,T,G,mismatch,1233,732,1,FALSE
nlgn4a,161,161,1,-,G,A,mismatch,1233,732,1,FALSE
nlgn4a,113,113,1,-,C,A,mismatch,1234,732,1,FALSE
nlgn4a,162,162,1,-,C,A,mismatch,1234,732,1,FALSE
nlgn4a,134,134,1,-,G,C,mismatch,1235,732,1,FALSE
nlgn4a,162,162,1,-,C,A,mismatch,1235,732,1,FALSE
nlgn4a,149,149,1,-,A,G,mismatch,1236,732,1,FALSE
nlgn4a,164,164,1,-,C,A,mismatch,1236,732,1,FALSE
nlgn4a,164,164,1,-,C,A,mismatch,1237,741,1,FALSE
nlgn4a,104,104,1,-,C,A,mismatch,1238,732,1,FALSE
nlgn4a,164,164,1,-,C,A,mismatch,1238,732,1,FALSE
nlgn4a,151,151,1,-,G,C,mismatch,1239,732,1,FALSE
nlgn4a,164,164,1,-,C,A,mismatch,1239,732,1,FALSE
nlgn4a,165,165,1,-,C,A,mismatch,1240,741,1,FALSE
nlgn4a,129,129,1,-,G,T,mismatch,1241,732,1,FALSE
nlgn4a,166,166,1,-,C,A,mismatch,1241,732,1,FALSE
nlgn4a,166,166,1,-,C,A,mismatch,1242,741,1,FALSE
nlgn4a,106,106,1,-,T,A,mismatch,1243,723,1,FALSE
nlgn4a,150,150,1,-,T,A,mismatch,1243,723,1,FALSE
nlgn4a,166,166,1,-,C,A,mismatch,1243,723,1,FALSE
nlgn4a,143,143,1,-,C,G,mismatch,1244,732,1,FALSE
nlgn4a,167,167,1,-,T,G,mismatch,1244,732,1,FALSE
nlgn4a,113,113,1,-,C,T,mismatch,1245,732,1,FALSE
nlgn4a,167,167,1,-,T,G,mismatch,1245,732,1,FALSE
nlgn4a,107,107,1,-,T,G,mismatch,1246,732,1,FALSE
nlgn4a,167,167,1,-,T,C,mismatch,1246,732,1,FALSE
nlgn4a,147,147,1,-,A,T,mismatch,1247,732,1,FALSE
nlgn4a,167,167,1,-,T,A,mismatch,1247,732,1,FALSE
nlgn4a,164,164,1,-,C,A,mismatch,1248,732,1,FALSE
nlgn4a,167,167,1,-,T,A,mismatch,1248,732,1,FALSE
nlgn4a,166,166,1,-,C,T,mismatch,1249,732,1,FALSE
nlgn4a,169,169,1,-,T,G,mismatch,1249,732,1,FALSE
nlgn4a,117,117,1,-,A,T,mismatch,1250,732,1,FALSE
nlgn4a,169,169,1,-,T,G,mismatch,1250,732,1,FALSE
nlgn4a,169,169,1,-,T,G,mismatch,1251,741,1,FALSE
nlgn4a,131,131,1,-,T,C,mismatch,1252,732,1,FALSE
nlgn4a,169,169,1,-,T,G,mismatch,1252,732,1,FALSE
nlgn4a,121,121,1,-,T,A,mismatch,1253,723,1,FALSE
nlgn4a,150,150,1,-,T,A,mismatch,1253,723,1,FALSE
nlgn4a,169,169,1,-,T,G,mismatch,1253,723,1,FALSE
nlgn4a,113,113,1,-,C,A,mismatch,1254,714,1,FALSE
nlgn4a,131,131,1,-,T,C,mismatch,1254,714,1,FALSE
nlgn4a,136,136,1,-,G,T,mismatch,1254,714,1,FALSE
nlgn4a,169,169,1,-,T,C,mismatch,1254,714,1,FALSE
nlgn4a,115,115,1,-,G,T,mismatch,1255,732,1,FALSE
nlgn4a,169,169,1,-,T,C,mismatch,1255,732,1,FALSE
nlgn4a,169,169,1,-,T,C,mismatch,1256,741,1,FALSE
nlgn4a,113,113,1,-,C,T,mismatch,1257,714,1,FALSE
nlgn4a,169,169,1,-,T,A,mismatch,1257,714,1,FALSE
nlgn4a,111,111,1,-,A,T,mismatch,1258,732,1,FALSE
nlgn4a,170,170,1,-,T,G,mismatch,1258,732,1,FALSE
nlgn4a,170,170,1,-,T,G,mismatch,1259,741,1,FALSE
nlgn4a,156,156,1,-,C,A,mismatch,1260,732,1,FALSE
nlgn4a,170,170,1,-,T,G,mismatch,1260,732,1,FALSE
nlgn4a,170,170,1,-,T,C,mismatch,1261,741,1,FALSE
nlgn4a,170,170,1,-,T,A,mismatch,1262,741,1,FALSE
nlgn4a,134,134,1,-,G,A,mismatch,1263,732,1,FALSE
nlgn4a,170,170,1,-,T,A,mismatch,1263,732,1,FALSE
nlgn4a,137,137,1,-,G,A,mismatch,1264,732,1,FALSE
nlgn4a,170,170,1,-,T,A,mismatch,1264,732,1,FALSE
nlgn4a,165,165,1,-,C,T,mismatch,1265,723,1,FALSE
nlgn4a,171,171,1,-,G,C,mismatch,1266,741,1,FALSE
nlgn4a,103,103,1,-,G,C,mismatch,1267,732,1,FALSE
nlgn4a,171,171,1,-,G,C,mismatch,1267,732,1,FALSE
nlgn4a,120,120,1,-,G,C,mismatch,1268,732,1,FALSE
nlgn4a,171,171,1,-,G,C,mismatch,1268,732,1,FALSE
nlgn4a,139,139,1,-,T,A,mismatch,1269,732,1,FALSE
nlgn4a,171,171,1,-,G,A,mismatch,1269,732,1,FALSE
nlgn4a,128,128,1,-,G,T,mismatch,1270,723,1,FALSE
nlgn4a,133,133,1,-,C,A,mismatch,1270,723,1,FALSE
nlgn4a,172,172,1,-,T,G,mismatch,1270,723,1,FALSE
nlgn4a,134,134,1,-,G,A,mismatch,1271,732,1,FALSE
nlgn4a,172,172,1,-,T,G,mismatch,1271,732,1,FALSE
nlgn4a,141,141,1,-,G,C,mismatch,1272,723,1,FALSE
nlgn4a,155,155,1,-,T,A,mismatch,1272,723,1,FALSE
nlgn4a,172,172,1,-,T,G,mismatch,1272,723,1,FALSE
nlgn4a,149,149,1,-,A,G,mismatch,1273,732,1,FALSE
nlgn4a,172,172,1,-,T,C,mismatch,1273,732,1,FALSE
nlgn4a,116,116,1,-,G,T,mismatch,1274,732,1,FALSE
nlgn4a,172,172,1,-,T,A,mismatch,1274,732,1,FALSE
nlgn4a,103,103,1,-,G,T,mismatch,1275,723,1,FALSE
nlgn4a,117,117,1,-,A,G,mismatch,1275,723,1,FALSE
nlgn4a,173,173,1,-,T,G,mismatch,1275,723,1,FALSE
nlgn4a,108,108,1,-,T,C,mismatch,1276,732,1,FALSE
nlgn4a,173,173,1,-,T,G,mismatch,1276,732,1,FALSE
nlgn4a,109,109,1,-,T,A,mismatch,1277,723,1,FALSE
nlgn4a,153,153,1,-,G,T,mismatch,1277,723,1,FALSE
nlgn4a,173,173,1,-,T,C,mismatch,1277,723,1,FALSE
nlgn4a,145,145,1,-,T,A,mismatch,1278,723,1,FALSE
nlgn4a,148,148,1,-,C,T,mismatch,1278,723,1,FALSE
nlgn4a,173,173,1,-,T,C,mismatch,1278,723,1,FALSE
nlgn4a,117,117,1,-,A,C,mismatch,1279,732,1,FALSE
nlgn4a,173,173,1,-,T,C,mismatch,1279,732,1,FALSE
nlgn4a,153,153,1,-,G,C,mismatch,1280,732,1,FALSE
nlgn4a,173,173,1,-,T,C,mismatch,1280,732,1,FALSE
nlgn4a,173,173,1,-,T,A,mismatch,1281,741,1,FALSE
nlgn4a,125,125,1,-,T,C,mismatch,1282,714,1,FALSE
nlgn4a,128,128,1,-,G,A,mismatch,1282,714,1,FALSE
nlgn4a,104,104,1,-,C,G,mismatch,1283,732,1,FALSE
nlgn4a,175,175,1,-,C,A,mismatch,1283,732,1,FALSE
nlgn4a,108,108,1,-,T,G,mismatch,1284,714,1,FALSE
nlgn4a,116,116,1,-,G,T,mismatch,1284,714,1,FALSE
nlgn4a,151,151,1,-,G,C,mismatch,1284,714,1,FALSE
nlgn4a,176,176,1,-,G,C,mismatch,1284,714,1,FALSE
nlgn4a,151,151,1,-,G,C,mismatch,1285,723,1,FALSE
nlgn4a,161,161,1,-,G,A,mismatch,1285,723,1,FALSE
nlgn4a,176,176,1,-,G,C,mismatch,1285,723,1,FALSE
nlgn4a,174,174,1,-,A,G,mismatch,1286,732,1,FALSE
nlgn4a,176,176,1,-,G,A,mismatch,1286,732,1,FALSE
nlgn4a,127,127,1,-,C,G,mismatch,1287,732,1,FALSE
nlgn4a,176,176,1,-,G,A,mismatch,1287,732,1,FALSE
nlgn4a,105,105,1,-,C,A,mismatch,1288,732,1,FALSE
nlgn4a,176,176,1,-,G,A,mismatch,1288,732,1,FALSE
nlgn4a,151,151,1,-,G,C,mismatch,1289,732,1,FALSE
nlgn4a,176,176,1,-,G,A,mismatch,1289,732,1,FALSE
nlgn4a,141,141,1,-,G,T,mismatch,1290,732,1,FALSE
nlgn4a,178,178,1,-,C,A,mismatch,1290,732,1,FALSE
nlgn4a,178,178,1,-,C,A,mismatch,1291,741,1,FALSE
nlgn4a,172,172,1,-,T,A,mismatch,1292,732,1,FALSE
nlgn4a,178,178,1,-,C,A,mismatch,1292,732,1,FALSE
nlgn4a,182,182,1,-,C,A,mismatch,1293,741,1,FALSE
nlgn4a,166,166,1,-,C,G,mismatch,1294,732,1,FALSE
nlgn4a,183,183,1,-,T,A,mismatch,1294,732,1,FALSE
nlgn4a,120,120,1,-,G,T,mismatch,1295,732,1,FALSE
nlgn4a,183,183,1,-,T,A,mismatch,1295,732,1,FALSE
nlgn4a,183,183,1,-,T,A,mismatch,1296,741,1,FALSE
nlgn4a,121,121,1,-,T,G,mismatch,1297,732,1,FALSE
nlgn4a,183,183,1,-,T,A,mismatch,1297,732,1,FALSE
nlgn4a,131,131,1,-,T,C,mismatch,1298,732,1,FALSE
nlgn4a,183,183,1,-,T,A,mismatch,1298,732,1,FALSE
nlgn4a,103,103,1,-,G,T,mismatch,1299,732,1,FALSE
nlgn4a,185,185,1,-,T,G,mismatch,1299,732,1,FALSE
nlgn4a,185,185,1,-,T,G,mismatch,1300,741,1,FALSE
nlgn4a,131,131,1,-,T,A,mismatch,1301,732,1,FALSE
nlgn4a,185,185,1,-,T,G,mismatch,1301,732,1,FALSE
nlgn4a,123,123,1,-,C,A,mismatch,1302,732,1,FALSE
nlgn4a,185,185,1,-,T,C,mismatch,1302,732,1,FALSE
nlgn4a,122,122,1,-,G,T,mismatch,1303,714,1,FALSE
nlgn4a,158,158,1,-,G,A,mismatch,1303,714,1,FALSE
nlgn4a,168,168,1,-,A,G,mismatch,1303,714,1,FALSE
nlgn4a,185,185,1,-,T,A,mismatch,1303,714,1,FALSE
nlgn4a,185,185,1,-,T,A,mismatch,1304,741,1,FALSE
nlgn4a,128,128,1,-,G,C,mismatch,1305,732,1,FALSE
nlgn4a,185,185,1,-,T,A,mismatch,1305,732,1,FALSE
nlgn4a,176,176,1,-,G,C,mismatch,1306,732,1,FALSE
nlgn4a,185,185,1,-,T,A,mismatch,1306,732,1,FALSE
nlgn4a,119,119,1,-,T,C,mismatch,1307,723,1,FALSE
nlgn4a,139,139,1,-,T,G,mismatch,1307,723,1,FALSE
nlgn4a,186,186,1,-,G,C,mismatch,1307,723,1,FALSE
nlgn4a,186,186,1,-,G,A,mismatch,1308,723,1,FALSE
nlgn4a,141,141,1,-,G,A,mismatch,1309,732,1,FALSE
nlgn4a,186,186,1,-,G,A,mismatch,1309,732,1,FALSE
nlgn4a,152,152,1,-,G,C,mismatch,1310,732,1,FALSE
nlgn4a,186,186,1,-,G,A,mismatch,1310,732,1,FALSE
nlgn4a,112,112,1,-,C,G,mismatch,1311,723,1,FALSE
nlgn4a,147,147,1,-,A,C,mismatch,1311,723,1,FALSE
nlgn4a,187,187,1,-,G,C,mismatch,1311,723,1,FALSE
nlgn4a,105,105,1,-,C,G,mismatch,1312,723,1,FALSE
nlgn4a,137,137,1,-,G,C,mismatch,1312,723,1,FALSE
nlgn4a,187,187,1,-,G,C,mismatch,1312,723,1,FALSE
nlgn4a,110,110,1,-,T,A,mismatch,1313,714,1,FALSE
nlgn4a,118,118,1,-,T,C,mismatch,1313,714,1,FALSE
nlgn4a,142,142,1,-,C,A,mismatch,1313,714,1,FALSE
nlgn4a,187,187,1,-,G,A,mismatch,1313,714,1,FALSE
nlgn4a,118,118,1,-,T,A,mismatch,1314,723,1,FALSE
nlgn4a,142,142,1,-,C,G,mismatch,1314,723,1,FALSE
nlgn4a,188,188,1,-,C,A,mismatch,1314,723,1,FALSE
nlgn4a,125,125,1,-,T,A,mismatch,1315,714,1,FALSE
nlgn4a,152,152,1,-,G,C,mismatch,1315,714,1,FALSE
nlgn4a,173,173,1,-,T,A,mismatch,1315,714,1,FALSE
nlgn4a,188,188,1,-,C,A,mismatch,1315,714,1,FALSE
nlgn4a,115,115,1,-,G,C,mismatch,1316,732,1,FALSE
nlgn4a,191,191,1,-,G,C,mismatch,1316,732,1,FALSE
nlgn4a,145,145,1,-,T,C,mismatch,1317,732,1,FALSE
nlgn4a,191,191,1,-,G,C,mismatch,1317,732,1,FALSE
nlgn4a,119,119,1,-,T,C,mismatch,1318,705,1,FALSE
nlgn4a,127,127,1,-,C,A,mismatch,1318,705,1,FALSE
nlgn4a,133,133,1,-,C,A,mismatch,1318,705,1,FALSE
nlgn4a,180,180,1,-,A,C,mismatch,1318,705,1,FALSE
nlgn4a,191,191,1,-,G,A,mismatch,1318,705,1,FALSE
nlgn4a,159,159,1,-,C,T,mismatch,1319,732,1,FALSE
nlgn4a,191,191,1,-,G,A,mismatch,1319,732,1,FALSE
nlgn4a,118,118,1,-,T,C,mismatch,1320,732,1,FALSE
nlgn4a,191,191,1,-,G,A,mismatch,1320,732,1,FALSE
nlgn4a,105,105,1,-,C,T,mismatch,1321,732,1,FALSE
nlgn4a,192,192,1,-,C,A,mismatch,1321,732,1,FALSE
nlgn4a,167,167,1,-,T,C,mismatch,1322,732,1,FALSE
nlgn4a,192,192,1,-,C,A,mismatch,1322,732,1,FALSE
nlgn4a,188,188,1,-,C,G,mismatch,1323,732,1,FALSE
nlgn4a,193,193,1,-,T,C,mismatch,1323,732,1,FALSE
nlgn4a,193,193,1,-,T,C,mismatch,1324,741,1,FALSE
nlgn4a,188,188,1,-,C,T,mismatch,1325,732,1,FALSE
nlgn4a,193,193,1,-,T,A,mismatch,1325,732,1,FALSE
nlgn4a,105,105,1,-,C,T,mismatch,1326,723,1,FALSE
nlgn4a,107,107,1,-,T,C,mismatch,1326,723,1,FALSE
nlgn4a,193,193,1,-,T,A,mismatch,1326,723,1,FALSE
nlgn4a,174,174,1,-,A,G,mismatch,1327,732,1,FALSE
nlgn4a,196,196,1,-,G,C,mismatch,1327,732,1,FALSE
nlgn4a,138,138,1,-,C,T,mismatch,1328,723,1,FALSE
nlgn4a,148,148,1,-,C,A,mismatch,1328,723,1,FALSE
nlgn4a,196,196,1,-,G,C,mismatch,1328,723,1,FALSE
nlgn4a,116,116,1,-,G,T,mismatch,1329,732,1,FALSE
nlgn4a,196,196,1,-,G,A,mismatch,1329,732,1,FALSE
nlgn4a,105,105,1,-,C,T,mismatch,1330,723,1,FALSE
nlgn4a,112,112,1,-,C,T,mismatch,1330,723,1,FALSE
nlgn4a,196,196,1,-,G,A,mismatch,1330,723,1,FALSE
nlgn4a,198,198,1,-,G,C,mismatch,1331,741,1,FALSE
nlgn4a,111,111,1,-,A,T,mismatch,1332,723,1,FALSE
nlgn4a,135,135,1,-,T,G,mismatch,1332,723,1,FALSE
nlgn4a,198,198,1,-,G,C,mismatch,1332,723,1,FALSE
nlgn4a,106,106,1,-,T,G,mismatch,1333,714,1,FALSE
nlgn4a,118,118,1,-,T,C,mismatch,1333,714,1,FALSE
nlgn4a,161,161,1,-,G,A,mismatch,1333,714,1,FALSE
nlgn4a,198,198,1,-,G,C,mismatch,1333,714,1,FALSE
nlgn4a,129,129,1,-,G,C,mismatch,1334,732,1,FALSE
nlgn4a,198,198,1,-,G,A,mismatch,1334,732,1,FALSE
nlgn4a,179,179,1,-,A,C,mismatch,1335,732,1,FALSE
nlgn4a,199,199,1,-,G,C,mismatch,1335,732,1,FALSE
nlgn4a,148,148,1,-,C,T,mismatch,1336,723,1,FALSE
nlgn4a,151,151,1,-,G,T,mismatch,1336,723,1,FALSE
nlgn4a,199,199,1,-,G,C,mismatch,1336,723,1,FALSE
nlgn4a,116,116,1,-,G,A,mismatch,1337,732,1,FALSE
nlgn4a,199,199,1,-,G,C,mismatch,1337,732,1,FALSE
nlgn4a,199,199,1,-,G,A,mismatch,1338,741,1,FALSE
nlgn4a,108,108,1,-,T,A,mismatch,1339,732,1,FALSE
nlgn4a,199,199,1,-,G,A,mismatch,1339,732,1,FALSE
nlgn4a,116,116,1,-,G,T,mismatch,1340,705,1,FALSE
nlgn4a,124,124,1,-,T,A,mismatch,1340,705,1,FALSE
nlgn4a,158,158,1,-,G,A,mismatch,1340,705,1,FALSE
nlgn4a,183,183,1,-,T,A,mismatch,1340,705,1,FALSE
nlgn4a,199,199,1,-,G,A,mismatch,1340,705,1,FALSE
nlgn4a,184,184,1,-,A,C,mismatch,1341,732,1,FALSE
nlgn4a,200,200,1,-,C,A,mismatch,1341,732,1,FALSE
nlgn4a,145,145,1,-,T,A,mismatch,1342,732,1,FALSE
nlgn4a,200,200,1,-,C,A,mismatch,1342,732,1,FALSE
nlgn4a,201,201,1,-,T,G,mismatch,1343,741,1,FALSE
nlgn4a,122,122,1,-,G,C,mismatch,1344,732,1,FALSE
nlgn4a,201,201,1,-,T,G,mismatch,1344,732,1,FALSE
nlgn4a,172,172,1,-,T,A,mismatch,1345,732,1,FALSE
nlgn4a,201,201,1,-,T,G,mismatch,1345,732,1,FALSE
nlgn4a,166,166,1,-,C,A,mismatch,1346,732,1,FALSE
nlgn4a,201,201,1,-,T,C,mismatch,1346,732,1,FALSE
nlgn4a,111,111,1,-,A,C,mismatch,1347,732,1,FALSE
nlgn4a,201,201,1,-,T,A,mismatch,1347,732,1,FALSE
nlgn4a,201,201,1,-,T,A,mismatch,1348,741,1,FALSE
nlgn4a,112,112,1,-,C,T,mismatch,1349,705,1,FALSE
nlgn4a,115,115,1,-,G,A,mismatch,1349,705,1,FALSE
nlgn4a,129,129,1,-,G,T,mismatch,1349,705,1,FALSE
nlgn4a,197,197,1,-,A,T,mismatch,1349,705,1,FALSE
nlgn4a,202,202,1,-,T,G,mismatch,1349,705,1,FALSE
nlgn4a,129,129,1,-,G,T,mismatch,1350,732,1,FALSE
nlgn4a,202,202,1,-,T,G,mismatch,1350,732,1,FALSE
nlgn4a,133,133,1,-,C,G,mismatch,1351,723,1,FALSE
nlgn4a,192,192,1,-,C,T,mismatch,1351,723,1,FALSE
nlgn4a,202,202,1,-,T,C,mismatch,1351,723,1,FALSE
nlgn4a,111,111,1,-,A,T,mismatch,1352,732,1,FALSE
nlgn4a,202,202,1,-,T,C,mismatch,1352,732,1,FALSE
nlgn4a,194,194,1,-,A,G,mismatch,1353,732,1,FALSE
nlgn4a,202,202,1,-,T,A,mismatch,1353,732,1,FALSE
nlgn4a,133,133,1,-,C,A,mismatch,1354,732,1,FALSE
nlgn4a,202,202,1,-,T,A,mismatch,1354,732,1,FALSE
nlgn4a,116,116,1,-,G,T,mismatch,1355,723,1,FALSE
nlgn4a,138,138,1,-,C,T,mismatch,1355,723,1,FALSE
nlgn4a,203,203,1,-,G,C,mismatch,1355,723,1,FALSE
nlgn4a,155,155,1,-,T,C,mismatch,1356,732,1,FALSE
nlgn4a,203,203,1,-,G,C,mismatch,1356,732,1,FALSE
nlgn4a,119,119,1,-,T,G,mismatch,1357,723,1,FALSE
nlgn4a,178,178,1,-,C,T,mismatch,1357,723,1,FALSE
nlgn4a,203,203,1,-,G,A,mismatch,1357,723,1,FALSE
nlgn4a,137,137,1,-,G,C,mismatch,1358,732,1,FALSE
nlgn4a,203,203,1,-,G,A,mismatch,1358,732,1,FALSE
nlgn4a,112,112,1,-,C,A,mismatch,1359,714,1,FALSE
nlgn4a,163,163,1,-,A,C,mismatch,1359,714,1,FALSE
nlgn4a,185,185,1,-,T,C,mismatch,1359,714,1,FALSE
nlgn4a,203,203,1,-,G,A,mismatch,1359,714,1,FALSE
nlgn4a,208,208,1,-,C,A,mismatch,1360,741,1,FALSE
nlgn4a,124,124,1,-,T,A,mismatch,1361,732,1,FALSE
nlgn4a,208,208,1,-,C,A,mismatch,1361,732,1,FALSE
nlgn4a,157,157,1,-,A,C,mismatch,1362,723,1,FALSE
nlgn4a,186,186,1,-,G,A,mismatch,1362,723,1,FALSE
nlgn4a,208,208,1,-,C,A,mismatch,1362,723,1,FALSE
nlgn4a,153,153,1,-,G,C,mismatch,1363,723,1,FALSE
nlgn4a,196,196,1,-,G,C,mismatch,1363,723,1,FALSE
nlgn4a,208,208,1,-,C,A,mismatch,1363,723,1,FALSE
nlgn4a,104,104,1,-,C,G,mismatch,1364,732,1,FALSE
nlgn4a,210,210,1,-,C,A,mismatch,1364,732,1,FALSE
nlgn4a,115,115,1,-,G,C,mismatch,1365,732,1,FALSE
nlgn4a,210,210,1,-,C,A,mismatch,1365,732,1,FALSE
nlgn4a,126,126,1,-,G,T,mismatch,1366,732,1,FALSE
nlgn4a,211,211,1,-,C,A,mismatch,1366,732,1,FALSE
nlgn4a,112,112,1,-,C,T,mismatch,1367,723,1,FALSE
nlgn4a,123,123,1,-,C,T,mismatch,1367,723,1,FALSE
nlgn4a,211,211,1,-,C,A,mismatch,1367,723,1,FALSE
nlgn4a,148,148,1,-,C,T,mismatch,1368,732,1,FALSE
nlgn4a,212,212,1,-,T,G,mismatch,1368,732,1,FALSE
nlgn4a,212,212,1,-,T,C,mismatch,1369,741,1,FALSE
nlgn4a,127,127,1,-,C,G,mismatch,1370,723,1,FALSE
nlgn4a,154,154,1,-,C,G,mismatch,1370,723,1,FALSE
nlgn4a,212,212,1,-,T,A,mismatch,1370,723,1,FALSE
nlgn4a,212,212,1,-,T,A,mismatch,1371,741,1,FALSE
nlgn4a,213,213,1,-,C,A,mismatch,1372,741,1,FALSE
nlgn4a,104,104,1,-,C,T,mismatch,1373,723,1,FALSE
nlgn4a,148,148,1,-,C,A,mismatch,1373,723,1,FALSE
nlgn4a,214,214,1,-,T,G,mismatch,1373,723,1,FALSE
nlgn4a,112,112,1,-,C,T,mismatch,1374,723,1,FALSE
nlgn4a,161,161,1,-,G,A,mismatch,1374,723,1,FALSE
nlgn4a,214,214,1,-,T,G,mismatch,1374,723,1,FALSE
nlgn4a,128,128,1,-,G,T,mismatch,1375,705,1,FALSE
nlgn4a,140,140,1,-,G,A,mismatch,1375,705,1,FALSE
nlgn4a,149,149,1,-,A,C,mismatch,1375,705,1,FALSE
nlgn4a,194,194,1,-,A,T,mismatch,1375,705,1,FALSE
nlgn4a,214,214,1,-,T,C,mismatch,1375,705,1,FALSE
nlgn4a,214,214,1,-,T,C,mismatch,1376,741,1,FALSE
nlgn4a,110,110,1,-,T,A,mismatch,1377,732,1,FALSE
nlgn4a,214,214,1,-,T,C,mismatch,1377,732,1,FALSE
nlgn4a,155,155,1,-,T,G,mismatch,1378,732,1,FALSE
nlgn4a,214,214,1,-,T,C,mismatch,1378,732,1,FALSE
nlgn4a,169,169,1,-,T,C,mismatch,1379,732,1,FALSE
nlgn4a,214,214,1,-,T,C,mismatch,1379,732,1,FALSE
nlgn4a,173,173,1,-,T,G,mismatch,1380,714,1,FALSE
nlgn4a,214,214,1,-,T,C,mismatch,1380,714,1,FALSE
nlgn4a,122,122,1,-,G,A,mismatch,1381,732,1,FALSE
nlgn4a,214,214,1,-,T,A,mismatch,1381,732,1,FALSE
nlgn4a,126,126,1,-,G,C,mismatch,1382,732,1,FALSE
nlgn4a,214,214,1,-,T,A,mismatch,1382,732,1,FALSE
nlgn4a,215,215,1,-,G,C,mismatch,1383,741,1,FALSE
nlgn4a,143,143,1,-,C,T,mismatch,1384,732,1,FALSE
nlgn4a,215,215,1,-,G,A,mismatch,1384,732,1,FALSE
nlgn4a,106,106,1,-,T,C,mismatch,1385,732,1,FALSE
nlgn4a,215,215,1,-,G,A,mismatch,1385,732,1,FALSE
nlgn4a,108,108,1,-,T,A,mismatch,1386,705,1,FALSE
nlgn4a,125,125,1,-,T,A,mismatch,1386,705,1,FALSE
nlgn4a,130,130,1,-,C,G,mismatch,1386,705,1,FALSE
nlgn4a,172,172,1,-,T,C,mismatch,1386,705,1,FALSE
nlgn4a,215,215,1,-,G,A,mismatch,1386,705,1,FALSE
nlgn4a,113,113,1,-,C,T,mismatch,1387,723,1,FALSE
nlgn4a,140,140,1,-,G,C,mismatch,1387,723,1,FALSE
nlgn4a,216,216,1,-,C,A,mismatch,1387,723,1,FALSE
nlgn4a,188,188,1,-,C,G,mismatch,1388,723,1,FALSE
nlgn4a,195,195,1,-,A,T,mismatch,1388,723,1,FALSE
nlgn4a,218,218,1,-,C,A,mismatch,1388,723,1,FALSE
nlgn4a,167,167,1,-,T,G,mismatch,1389,723,1,FALSE
nlgn4a,194,194,1,-,A,C,mismatch,1389,723,1,FALSE
nlgn4a,218,218,1,-,C,A,mismatch,1389,723,1,FALSE
nlgn4a,113,113,1,-,C,T,mismatch,1390,723,1,FALSE
nlgn4a,158,158,1,-,G,C,mismatch,1390,723,1,FALSE
nlgn4a,218,218,1,-,C,A,mismatch,1390,723,1,FALSE
nlgn4a,197,197,1,-,A,G,mismatch,1391,732,1,FALSE
nlgn4a,221,221,1,-,T,G,mismatch,1391,732,1,FALSE
nlgn4a,123,123,1,-,C,T,mismatch,1392,732,1,FALSE
nlgn4a,221,221,1,-,T,C,mismatch,1392,732,1,FALSE
nlgn4a,191,191,1,-,G,T,mismatch,1393,732,1,FALSE
nlgn4a,221,221,1,-,T,A,mismatch,1393,732,1,FALSE
nlgn4a,146,146,1,-,T,G,mismatch,1394,714,1,FALSE
nlgn4a,153,153,1,-,G,A,mismatch,1394,714,1,FALSE
nlgn4a,180,180,1,-,A,T,mismatch,1394,714,1,FALSE
nlgn4a,221,221,1,-,T,A,mismatch,1394,714,1,FALSE
nlgn4a,200,200,1,-,C,G,mismatch,1395,732,1,FALSE
nlgn4a,222,222,1,-,G,C,mismatch,1395,732,1,FALSE
nlgn4a,129,129,1,-,G,C,mismatch,1396,732,1,FALSE
nlgn4a,222,222,1,-,G,C,mismatch,1396,732,1,FALSE
nlgn4a,103,103,1,-,G,T,mismatch,1397,714,1,FALSE
nlgn4a,126,126,1,-,G,C,mismatch,1397,714,1,FALSE
nlgn4a,147,147,1,-,A,T,mismatch,1397,714,1,FALSE
nlgn4a,222,222,1,-,G,A,mismatch,1397,714,1,FALSE
nlgn4a,222,222,1,-,G,A,mismatch,1398,741,1,FALSE
nlgn4a,149,149,1,-,A,G,mismatch,1399,732,1,FALSE
nlgn4a,224,224,1,-,G,A,mismatch,1399,732,1,FALSE
nlgn4a,224,224,1,-,G,A,mismatch,1400,741,1,FALSE
nlgn4a,137,137,1,-,G,T,mismatch,1401,732,1,FALSE
nlgn4a,226,226,1,-,T,C,mismatch,1401,732,1,FALSE
nlgn4a,126,126,1,-,G,T,mismatch,1402,732,1,FALSE
nlgn4a,226,226,1,-,T,C,mismatch,1402,732,1,FALSE
nlgn4a,116,116,1,-,G,T,mismatch,1403,732,1,FALSE
nlgn4a,226,226,1,-,T,C,mismatch,1403,732,1,FALSE
nlgn4a,183,183,1,-,T,G,mismatch,1404,732,1,FALSE
nlgn4a,226,226,1,-,T,C,mismatch,1404,732,1,FALSE
nlgn4a,113,113,1,-,C,T,mismatch,1405,732,1,FALSE
nlgn4a,226,226,1,-,T,A,mismatch,1405,732,1,FALSE
nlgn4a,104,104,1,-,C,A,mismatch,1406,723,1,FALSE
nlgn4a,120,120,1,-,G,A,mismatch,1406,723,1,FALSE
nlgn4a,226,226,1,-,T,A,mismatch,1406,723,1,FALSE
nlgn4a,118,118,1,-,T,A,mismatch,1407,732,1,FALSE
nlgn4a,227,227,1,-,T,G,mismatch,1407,732,1,FALSE
nlgn4a,227,227,1,-,T,A,mismatch,1408,741,1,FALSE
nlgn4a,119,119,1,-,T,G,mismatch,1409,732,1,FALSE
nlgn4a,227,227,1,-,T,A,mismatch,1409,732,1,FALSE
nlgn4a,228,228,1,-,C,A,mismatch,1410,741,1,FALSE
nlgn4a,203,203,1,-,G,A,mismatch,1411,732,1,FALSE
nlgn4a,228,228,1,-,C,A,mismatch,1411,732,1,FALSE
nlgn4a,137,137,1,-,G,C,mismatch,1412,723,1,FALSE
nlgn4a,223,223,1,-,A,G,mismatch,1412,723,1,FALSE
nlgn4a,229,229,1,-,T,G,mismatch,1412,723,1,FALSE
nlgn4a,105,105,1,-,C,T,mismatch,1413,723,1,FALSE
nlgn4a,226,226,1,-,T,G,mismatch,1413,723,1,FALSE
nlgn4a,231,231,1,-,G,C,mismatch,1413,723,1,FALSE
nlgn4a,154,154,1,-,C,T,mismatch,1414,732,1,FALSE
nlgn4a,232,232,1,-,G,C,mismatch,1414,732,1,FALSE
nlgn4a,232,232,1,-,G,C,mismatch,1415,741,1,FALSE
nlgn4a,161,161,1,-,G,C,mismatch,1416,732,1,FALSE
nlgn4a,232,232,1,-,G,C,mismatch,1416,732,1,FALSE
nlgn4a,191,191,1,-,G,A,mismatch,1417,732,1,FALSE
nlgn4a,232,232,1,-,G,C,mismatch,1417,732,1,FALSE
nlgn4a,154,154,1,-,C,A,mismatch,1418,732,1,FALSE
nlgn4a,232,232,1,-,G,A,mismatch,1418,732,1,FALSE
nlgn4a,116,116,1,-,G,C,mismatch,1419,714,1,FALSE
nlgn4a,192,192,1,-,C,G,mismatch,1419,714,1,FALSE
nlgn4a,228,228,1,-,C,G,mismatch,1419,714,1,FALSE
nlgn4a,233,233,1,-,G,C,mismatch,1419,714,1,FALSE
nlgn4a,134,134,1,-,G,T,mismatch,1420,732,1,FALSE
nlgn4a,233,233,1,-,G,C,mismatch,1420,732,1,FALSE
nlgn4a,233,233,1,-,G,C,mismatch,1421,741,1,FALSE
nlgn4a,161,161,1,-,G,C,mismatch,1422,723,1,FALSE
nlgn4a,208,208,1,-,C,T,mismatch,1422,723,1,FALSE
nlgn4a,233,233,1,-,G,A,mismatch,1422,723,1,FALSE
nlgn4a,112,112,1,-,C,A,mismatch,1423,732,1,FALSE
nlgn4a,233,233,1,-,G,A,mismatch,1423,732,1,FALSE
nlgn4a,142,142,1,-,C,T,mismatch,1424,723,1,FALSE
nlgn4a,197,197,1,-,A,T,mismatch,1424,723,1,FALSE
nlgn4a,119,119,1,-,T,G,mismatch,1425,723,1,FALSE
nlgn4a,143,143,1,-,C,A,mismatch,1425,723,1,FALSE
nlgn4a,178,178,1,-,C,G,mismatch,1427,723,1,FALSE
nlgn4a,213,213,1,-,C,G,mismatch,1427,723,1,FALSE
nlgn4a,207,207,1,-,A,C,mismatch,1428,732,1,FALSE
nlgn4a,172,172,1,-,T,A,mismatch,1429,723,1,FALSE
nlgn4a,184,184,1,-,A,T,mismatch,1429,723,1,FALSE
nlgn4a,114,114,1,-,T,G,mismatch,1431,723,1,FALSE
nlgn4a,172,172,1,-,T,C,mismatch,1431,723,1,FALSE
nlgn4a,105,105,1,-,C,T,mismatch,1432,714,1,FALSE
nlgn4a,168,168,1,-,A,C,mismatch,1432,714,1,FALSE
nlgn4a,174,174,1,-,A,C,mismatch,1432,714,1,FALSE
nlgn4a,190,190,1,-,A,C,mismatch,1433,732,1,FALSE
nlgn4a,184,184,1,-,A,T,mismatch,1434,732,1,FALSE
nlgn4a,121,121,1,-,T,G,mismatch,1436,732,1,FALSE
nlgn4a,184,184,1,-,A,T,mismatch,1437,732,1,FALSE
nlgn4a,163,163,1,-,A,T,mismatch,1438,732,1,FALSE
nlgn4a,133,133,1,-,C,G,mismatch,1439,732,1,FALSE
nlgn4a,139,139,1,-,T,G,mismatch,1440,732,1,FALSE
nlgn4a,103,103,1,-,G,T,mismatch,1441,723,1,FALSE
nlgn4a,144,144,1,-,A,T,mismatch,1441,723,1,FALSE
nlgn4a,143,143,1,-,C,T,mismatch,1442,732,1,FALSE
nlgn4a,104,104,1,-,C,A,mismatch,1443,732,1,FALSE
nlgn4a,106,106,1,-,T,A,mismatch,1444,732,1,FALSE
nlgn4a,108,108,1,-,T,G,mismatch,1445,732,1,FALSE
nlgn4a,114,114,1,-,T,G,mismatch,1446,714,1,FALSE
nlgn4a,190,190,1,-,A,C,mismatch,1446,714,1,FALSE
nlgn4a,195,195,1,-,A,C,mismatch,1446,714,1,FALSE
nlgn4a,110,110,1,-,T,G,mismatch,1448,705,1,FALSE
nlgn4a,141,141,1,-,G,T,mismatch,1448,705,1,FALSE
nlgn4a,144,144,1,-,A,C,mismatch,1448,705,1,FALSE
nlgn4a,169,169,1,-,T,A,mismatch,1448,705,1,FALSE
nlgn4a,119,119,1,-,T,C,mismatch,1449,714,1,FALSE
nlgn4a,142,142,1,-,C,T,mismatch,1449,714,1,FALSE
nlgn4a,182,182,1,-,C,A,mismatch,1449,714,1,FALSE
nlgn4a,225,225,1,-,A,T,mismatch,1450,732,1,FALSE
nlgn4a,184,184,1,-,A,C,mismatch,1451,732,1,FALSE
nlgn4a,174,174,1,-,A,T,mismatch,1452,723,1,FALSE
nlgn4a,178,178,1,-,C,T,mismatch,1452,723,1,FALSE
nlgn4a,159,159,1,-,C,G,mismatch,1453,732,1,FALSE
nlgn4a,126,126,1,-,G,T,mismatch,1454,714,1,FALSE
nlgn4a,133,133,1,-,C,G,mismatch,1454,714,1,FALSE
nlgn4a,153,153,1,-,G,T,mismatch,1454,714,1,FALSE
nlgn4a,110,110,1,-,T,C,mismatch,1455,732,1,FALSE
nlgn4a,114,114,1,-,T,A,mismatch,1456,723,1,FALSE
nlgn4a,232,232,1,-,G,T,mismatch,1456,723,1,FALSE
nlgn4a,181,181,1,-,A,C,mismatch,1457,732,1,FALSE
nlgn4a,114,114,1,-,T,G,mismatch,1458,732,1,FALSE
nlgn4a,108,108,1,-,T,A,mismatch,1459,723,1,FALSE
nlgn4a,117,117,1,-,A,C,mismatch,1459,723,1,FALSE
nlgn4a,115,115,1,-,G,C,mismatch,1460,723,1,FALSE
nlgn4a,126,126,1,-,G,A,mismatch,1460,723,1,FALSE
nlgn4a,128,128,1,-,G,C,mismatch,1461,732,1,FALSE
nlgn4a,142,142,1,-,C,A,mismatch,1462,732,1,FALSE
nlgn4a,113,113,1,-,C,T,mismatch,1464,714,1,FALSE
nlgn4a,130,130,1,-,C,G,mismatch,1464,714,1,FALSE
nlgn4a,136,136,1,-,G,T,mismatch,1464,714,1,FALSE
nlgn4a,126,126,1,-,G,C,mismatch,1465,723,1,FALSE
nlgn4a,166,166,1,-,C,G,mismatch,1465,723,1,FALSE
nlgn4a,131,131,1,-,T,G,mismatch,1467,732,1,FALSE
nlgn4a,153,153,1,-,G,C,mismatch,1468,723,1,FALSE
nlgn4a,179,179,1,-,A,T,mismatch,1468,723,1,FALSE
nlgn4a,113,113,1,-,C,A,mismatch,1470,723,1,FALSE
nlgn4a,128,128,1,-,G,C,mismatch,1470,723,1,FALSE
nlgn4a,215,215,1,-,G,C,mismatch,1471,732,1,FALSE
nlgn4a,123,123,1,-,C,G,mismatch,1472,732,1,FALSE
nlgn4a,108,108,1,-,T,A,mismatch,1474,732,1,FALSE
nlgn4a,118,118,1,-,T,C,mismatch,1475,723,1,FALSE
nlgn4a,162,162,1,-,C,G,mismatch,1475,723,1,FALSE
nlgn4a,140,140,1,-,G,C,mismatch,1476,714,1,FALSE
nlgn4a,146,146,1,-,T,C,mismatch,1476,714,1,FALSE
nlgn4a,152,152,1,-,G,A,mismatch,1476,714,1,FALSE
nlgn4a,180,180,1,-,A,T,mismatch,1477,723,1,FALSE
nlgn4a,203,203,1,-,G,A,mismatch,1477,723,1,FALSE
nlgn4a,194,194,1,-,A,T,mismatch,1478,732,1,FALSE
nlgn4a,104,104,1,-,C,A,mismatch,1479,732,1,FALSE
nlgn4a,123,123,1,-,C,A,mismatch,1480,732,1,FALSE
nlgn4a,138,138,1,-,C,G,mismatch,1481,723,1,FALSE
nlgn4a,214,214,1,-,T,A,mismatch,1481,723,1,FALSE
nlgn4a,124,124,1,-,T,A,mismatch,1482,723,1,FALSE
nlgn4a,140,140,1,-,G,T,mismatch,1482,723,1,FALSE
nlgn4a,111,111,1,-,A,G,mismatch,1484,696,1,FALSE
nlgn4a,128,128,1,-,G,C,mismatch,1484,696,1,FALSE
nlgn4a,160,160,1,-,A,C,mismatch,1484,696,1,FALSE
nlgn4a,171,171,1,-,G,T,mismatch,1484,696,1,FALSE
nlgn4a,232,232,1,-,G,A,mismatch,1484,696,1,FALSE
nlgn4a,106,106,1,-,T,A,mismatch,1486,732,1,FALSE
nlgn4a,127,127,1,-,C,A,mismatch,1487,732,1,FALSE
nlgn4a,131,131,1,-,T,A,mismatch,1488,732,1,FALSE
nlgn4a,140,140,1,-,G,T,mismatch,1489,723,1,FALSE
nlgn4a,224,224,1,-,G,C,mismatch,1489,723,1,FALSE
nlgn4a,107,107,1,-,T,G,mismatch,1491,714,1,FALSE
nlgn4a,127,127,1,-,C,G,mismatch,1491,714,1,FALSE
nlgn4a,153,153,1,-,G,A,mismatch,1491,714,1,FALSE
nlgn4a,149,149,1,-,A,G,mismatch,1492,732,1,FALSE
nlgn4a,113,113,1,-,C,G,mismatch,1493,732,1,FALSE
nlgn4a,169,169,1,-,T,A,mismatch,1495,732,1,FALSE
nlgn4a,112,112,1,-,C,T,mismatch,1496,732,1,FALSE
nlgn4a,134,134,1,-,G,A,mismatch,1497,723,1,FALSE
nlgn4a,158,158,1,-,G,A,mismatch,1497,723,1,FALSE
nlgn4a,145,145,1,-,T,G,mismatch,1498,723,1,FALSE
nlgn4a,211,211,1,-,C,T,mismatch,1498,723,1,FALSE
nlgn4a,139,139,1,-,T,A,mismatch,1499,723,1,FALSE
nlgn4a,189,189,1,-,A,G,mismatch,1499,723,1,FALSE
nlgn4a,115,115,1,-,G,A,mismatch,1500,723,1,FALSE
nlgn4a,184,184,1,-,A,T,mismatch,1500,723,1,FALSE
nlgn4a,120,120,1,-,G,T,mismatch,1501,732,1,FALSE
nlgn4a,136,136,1,-,G,A,mismatch,1502,714,1,FALSE
nlgn4a,119,119,1,-,T,A,mismatch,1503,723,1,FALSE
nlgn4a,210,210,1,-,C,A,mismatch,1503,723,1,FALSE
nlgn4a,227,227,1,-,T,G,mismatch,1504,732,1,FALSE
nlgn4a,170,170,1,-,T,C,mismatch,1505,723,1,FALSE
nlgn4a,233,233,1,-,G,T,mismatch,1505,723,1,FALSE
nlgn4a,187,187,1,-,G,T,mismatch,1507,723,1,FALSE
nlgn4a,202,202,1,-,T,G,mismatch,1507,723,1,FALSE
nlgn4a,158,158,1,-,G,T,mismatch,1508,723,1,FALSE
nlgn4a,203,203,1,-,G,C,mismatch,1508,723,1,FALSE
nlgn4a,148,148,1,-,C,T,mismatch,1509,714,1,FALSE
nlgn4a,229,229,1,-,T,C,mismatch,1509,714,1,FALSE
nlgn4a,105,105,1,-,C,G,mismatch,1510,723,1,FALSE
nlgn4a,128,128,1,-,G,T,mismatch,1511,732,1,FALSE
nlgn4a,111,111,1,-,A,T,mismatch,1512,732,1,FALSE
nlgn4a,183,183,1,-,T,G,mismatch,1513,732,1,FALSE
nlgn4a,132,132,1,-,G,T,mismatch,1515,696,1,FALSE
nlgn4a,149,149,1,-,A,C,mismatch,1515,696,1,FALSE
nlgn4a,161,161,1,-,G,A,mismatch,1515,696,1,FALSE
nlgn4a,182,182,1,-,C,T,mismatch,1515,696,1,FALSE
nlgn4a,231,231,1,-,G,T,mismatch,1516,741,1,FALSE
nlgn4a,119,119,1,-,T,G,mismatch,1517,741,1,FALSE
nlgn4a,121,121,1,-,T,G,mismatch,1518,741,1,FALSE
nlgn4a,169,169,1,-,T,A,mismatch,1520,732,1,FALSE
nlgn4a,134,134,1,-,G,T,mismatch,1521,723,1,FALSE
nlgn4a,142,142,1,-,C,A,mismatch,1521,723,1,FALSE
nlgn4a,149,149,1,-,A,C,mismatch,1521,723,1,FALSE
nlgn4a,113,113,1,-,C,G,mismatch,1522,741,1,FALSE
nlgn4a,103,103,1,-,G,C,mismatch,1523,723,1,FALSE
nlgn4a,189,189,1,-,A,T,mismatch,1523,723,1,FALSE
nlgn4a,204,204,1,-,A,C,mismatch,1523,723,1,FALSE
nlgn4a,143,143,1,-,C,A,mismatch,1524,732,1,FALSE
nlgn4a,163,163,1,-,A,C,mismatch,1524,732,1,FALSE
nlgn4a,144,144,1,-,A,G,mismatch,1525,741,1,FALSE
nlgn4a,117,117,1,-,A,C,mismatch,1527,732,1,FALSE
nlgn4a,122,122,1,-,G,A,mismatch,1527,732,1,FALSE
nlgn4a,139,139,1,-,T,G,mismatch,1528,732,1,FALSE
nlgn4a,148,148,1,-,C,A,mismatch,1528,732,1,FALSE
nlgn4a,162,162,1,-,C,G,mismatch,1529,723,1,FALSE
nlgn4a,219,219,1,-,A,T,mismatch,1529,723,1,FALSE
nlgn4a,188,188,1,-,C,T,mismatch,1530,741,1,FALSE
nlgn4a,116,116,1,-,G,C,mismatch,1531,732,1,FALSE
nlgn4a,186,186,1,-,G,T,mismatch,1531,732,1,FALSE
nlgn4a,214,214,1,-,T,C,mismatch,1532,741,1,FALSE
nlgn4a,128,128,1,-,G,T,mismatch,1533,723,1,FALSE
nlgn4a,158,158,1,-,G,T,mismatch,1533,723,1,FALSE
nlgn4a,116,116,1,-,G,T,mismatch,1534,741,1,FALSE
nlgn4a,103,103,1,-,G,T,mismatch,1535,732,1,FALSE
nlgn4a,197,197,1,-,A,C,mismatch,1535,732,1,FALSE
nlgn4a,149,149,1,-,A,G,mismatch,1536,732,1,FALSE
nlgn4a,124,124,1,-,T,A,mismatch,1537,732,1,FALSE
nlgn4a,133,133,1,-,C,G,mismatch,1537,732,1,FALSE
nlgn4a,104,104,1,-,C,A,mismatch,1539,741,1,FALSE
nlgn4a,120,120,1,-,G,C,mismatch,1540,741,1,FALSE
nlgn4a,136,136,1,-,G,C,mismatch,1541,741,1,FALSE
nlgn4a,119,119,1,-,T,G,mismatch,1543,741,1,FALSE
nlgn4a,113,113,1,-,C,T,mismatch,1544,723,1,FALSE
nlgn4a,127,127,1,-,C,G,mismatch,1544,723,1,FALSE
nlgn4a,167,167,1,-,T,A,mismatch,1544,723,1,FALSE
nlgn4a,113,113,1,-,C,G,mismatch,1545,714,1,FALSE
nlgn4a,118,118,1,-,T,C,mismatch,1545,714,1,FALSE
nlgn4a,204,204,1,-,A,T,mismatch,1545,714,1,FALSE
nlgn4a,210,210,1,-,C,G,mismatch,1545,714,1,FALSE
nlgn4a,106,106,1,-,T,C,mismatch,1546,723,1,FALSE
nlgn4a,174,174,1,-,A,C,mismatch,1546,723,1,FALSE
nlgn4a,208,208,1,-,C,T,mismatch,1546,723,1,FALSE
nlgn4a,119,119,1,-,T,C,mismatch,1547,732,1,FALSE
nlgn4a,169,169,1,-,T,A,mismatch,1547,732,1,FALSE
nlgn4a,139,139,1,-,T,C,mismatch,1548,723,1,FALSE
nlgn4a,189,189,1,-,A,G,mismatch,1548,723,1,FALSE
nlgn4a,196,196,1,-,G,A,mismatch,1548,723,1,FALSE
nlgn4a,111,111,1,-,A,C,mismatch,1549,732,1,FALSE
nlgn4a,210,210,1,-,C,A,mismatch,1549,732,1,FALSE
nlgn4a,126,126,1,-,G,A,mismatch,1550,741,1,FALSE
nlgn4a,106,106,1,-,T,G,mismatch,1551,723,1,FALSE
nlgn4a,163,163,1,-,A,G,mismatch,1551,723,1,FALSE
nlgn4a,178,178,1,-,C,A,mismatch,1551,723,1,FALSE
nlgn4a,151,151,1,-,G,T,mismatch,1552,741,1,FALSE
nlgn4a,108,108,1,-,T,G,mismatch,1553,741,1,FALSE
nlgn4a,107,107,1,-,T,A,mismatch,1554,732,1,FALSE
nlgn4a,159,159,1,-,C,A,mismatch,1554,732,1,FALSE
nlgn4a,111,111,1,-,A,G,mismatch,1555,741,1,FALSE
nlgn4a,154,154,1,-,C,T,mismatch,1557,732,1,FALSE
nlgn4a,156,156,1,-,C,A,mismatch,1557,732,1,FALSE
nlgn4a,123,123,1,-,C,A,mismatch,1558,732,1,FALSE
nlgn4a,212,212,1,-,T,C,mismatch,1558,732,1,FALSE
nlgn4a,143,143,1,-,C,T,mismatch,1560,732,1,FALSE
nlgn4a,152,152,1,-,G,C,mismatch,1560,732,1,FALSE
nlgn4a,185,185,1,-,T,C,mismatch,1561,741,1,FALSE
nlgn4a,134,134,1,-,G,T,mismatch,1562,741,1,FALSE
nlgn4a,124,124,1,-,T,A,mismatch,1564,741,1,FALSE
nlgn4a,125,125,1,-,T,C,mismatch,1565,723,1,FALSE
nlgn4a,132,132,1,-,G,A,mismatch,1566,723,1,FALSE
nlgn4a,174,174,1,-,A,G,mismatch,1566,723,1,FALSE
nlgn4a,202,202,1,-,T,G,mismatch,1566,723,1,FALSE
nlgn4a,115,115,1,-,G,C,mismatch,1567,723,1,FALSE
nlgn4a,125,125,1,-,T,A,mismatch,1567,723,1,FALSE
nlgn4a,103,103,1,-,G,T,mismatch,1568,741,1,FALSE
nlgn4a,105,105,1,-,C,A,mismatch,1569,741,1,FALSE
nlgn4a,137,137,1,-,G,A,mismatch,1570,741,1,FALSE
nlgn4a,109,109,1,-,T,G,mismatch,1571,732,1,FALSE
nlgn4a,149,149,1,-,A,C,mismatch,1572,741,1,FALSE
nlgn4a,112,112,1,-,C,T,mismatch,1573,741,1,FALSE
nlgn4a,125,125,1,-,T,A,mismatch,1574,741,1,FALSE
nlgn4a,135,135,1,-,T,G,mismatch,1575,714,1,FALSE
nlgn4a,183,183,1,-,T,C,mismatch,1575,714,1,FALSE
nlgn4a,197,197,1,-,A,T,mismatch,1575,714,1,FALSE
nlgn4a,219,219,1,-,A,T,mismatch,1575,714,1,FALSE
nlgn4a,131,131,1,-,T,A,mismatch,1576,741,1,FALSE
nlgn4a,125,125,1,-,T,A,mismatch,1577,723,1,FALSE
nlgn4a,133,133,1,-,C,T,mismatch,1577,723,1,FALSE
nlgn4a,173,173,1,-,T,G,mismatch,1577,723,1,FALSE
nlgn4a,150,150,1,-,T,C,mismatch,1579,741,1,FALSE
nlgn4a,135,135,1,-,T,C,mismatch,1580,741,1,FALSE
nlgn4a,125,125,1,-,T,G,mismatch,1581,732,1,FALSE
nlgn4a,148,148,1,-,C,A,mismatch,1581,732,1,FALSE
nlgn4a,151,151,1,-,G,A,mismatch,1582,741,1,FALSE
nlgn4a,215,215,1,-,G,A,mismatch,1583,741,1,FALSE
nlgn4a,174,174,1,-,A,C,mismatch,1585,741,1,FALSE
nlgn4a,111,111,1,-,A,G,mismatch,1586,741,1,FALSE
nlgn4a,116,116,1,-,G,T,mismatch,1587,723,1,FALSE
nlgn4a,178,178,1,-,C,A,mismatch,1587,723,1,FALSE
nlgn4a,192,192,1,-,C,T,mismatch,1587,723,1,FALSE
nlgn4a,106,106,1,-,T,C,mismatch,1589,741,1,FALSE
nlgn4a,111,111,1,-,A,C,mismatch,1590,732,1,FALSE
nlgn4a,129,129,1,-,G,T,mismatch,1590,732,1,FALSE
nlgn4a,132,132,1,-,G,T,mismatch,1591,741,1,FALSE
nlgn4a,119,119,1,-,T,G,mismatch,1593,741,1,FALSE
nlgn4a,129,129,1,-,G,C,mismatch,1594,741,1,FALSE
nlgn4a,109,109,1,-,T,G,mismatch,1595,714,1,FALSE
nlgn4a,129,129,1,-,G,A,mismatch,1595,714,1,FALSE
nlgn4a,169,169,1,-,T,A,mismatch,1595,714,1,FALSE
nlgn4a,196,196,1,-,G,C,mismatch,1595,714,1,FALSE
nlgn4a,125,125,1,-,T,G,mismatch,1598,732,1,FALSE
nlgn4a,109,109,1,-,T,C,mismatch,1601,732,1,FALSE
nlgn4a,128,128,1,-,G,C,mismatch,1601,732,1,FALSE
nlgn4a,221,221,1,-,T,C,mismatch,1602,741,1,FALSE
nlgn4a,179,179,1,-,A,C,mismatch,1603,741,1,FALSE
nlgn4a,105,105,1,-,C,T,mismatch,1604,741,1,FALSE
nlgn4a,118,118,1,-,T,G,mismatch,1606,741,1,FALSE
nlgn4a,117,117,1,-,A,G,mismatch,1607,732,1,FALSE
nlgn4a,122,122,1,-,G,C,mismatch,1607,732,1,FALSE
nlgn4a,139,139,1,-,T,C,mismatch,1608,741,1,FALSE
nlgn4a,104,104,1,-,C,G,mismatch,1609,732,1,FALSE
nlgn4a,151,151,1,-,G,C,mismatch,1609,732,1,FALSE
nlgn4a,158,158,1,-,G,A,mismatch,1610,741,1,FALSE
nlgn4a,117,117,1,-,A,C,mismatch,1611,723,1,FALSE
nlgn4a,173,173,1,-,T,G,mismatch,1611,723,1,FALSE
nlgn4a,176,176,1,-,G,T,mismatch,1611,723,1,FALSE
nlgn4a,164,164,1,-,C,T,mismatch,1612,741,1,FALSE
nlgn4a,126,126,1,-,G,T,mismatch,1613,732,1,FALSE
nlgn4a,130,130,1,-,C,T,mismatch,1613,732,1,FALSE
nlgn4a,148,148,1,-,C,A,mismatch,1615,741,1,FALSE
nlgn4a,115,115,1,-,G,T,mismatch,1616,723,1,FALSE
nlgn4a,117,117,1,-,A,T,mismatch,1616,723,1,FALSE
nlgn4a,208,208,1,-,C,G,mismatch,1616,723,1,FALSE
nlgn4a,207,207,1,-,A,G,mismatch,1617,741,1,FALSE
nlgn4a,110,110,1,-,T,G,mismatch,1619,741,1,FALSE
nlgn4a,199,199,1,-,G,T,mismatch,1620,732,1,FALSE
nlgn4a,201,201,1,-,T,C,mismatch,1620,732,1,FALSE
nlgn4a,108,108,1,-,T,C,mismatch,1622,741,1,FALSE
nlgn4a,201,201,1,-,T,G,mismatch,1624,741,1,FALSE
nlgn4a,116,116,1,-,G,T,mismatch,1625,714,1,FALSE
nlgn4a,188,188,1,-,C,G,mismatch,1625,714,1,FALSE
nlgn4a,109,109,1,-,T,C,mismatch,1627,741,1,FALSE
nlgn4a,114,114,1,-,T,A,mismatch,1628,732,1,FALSE
nlgn4a,213,213,1,-,C,G,mismatch,1628,732,1,FALSE
nlgn4a,120,120,1,-,G,C,mismatch,1629,741,1,FALSE
nlgn4a,127,127,1,-,C,A,mismatch,1630,741,1,FALSE
nlgn4a,222,222,1,-,G,C,mismatch,1631,741,1,FALSE
nlgn4a,116,116,1,-,G,T,mismatch,1633,732,1,FALSE
nlgn4a,136,136,1,-,G,A,mismatch,1633,732,1,FALSE
nlgn4a,147,147,1,-,A,G,mismatch,1635,723,1,FALSE
nlgn4a,150,150,1,-,T,A,mismatch,1635,723,1,FALSE
nlgn4a,155,155,1,-,T,G,mismatch,1635,723,1,FALSE
nlgn4a,133,133,1,-,C,G,mismatch,1636,741,1,FALSE
nlgn4a,103,103,1,-,G,C,mismatch,1638,741,1,FALSE
nlgn4a,107,107,1,-,T,C,mismatch,1639,741,1,FALSE
nlgn4a,110,110,1,-,T,G,mismatch,1640,732,1,FALSE
nlgn4a,112,112,1,-,C,T,mismatch,1641,741,1,FALSE
nlgn4a,114,114,1,-,T,A,mismatch,1642,723,1,FALSE
nlgn4a,147,147,1,-,A,G,mismatch,1642,723,1,FALSE
nlgn4a,216,216,1,-,C,T,mismatch,1642,723,1,FALSE
nlgn4a,112,112,1,-,C,G,mismatch,1643,732,1,FALSE
nlgn4a,165,165,1,-,C,G,mismatch,1643,732,1,FALSE
nlgn4a,108,108,1,-,T,G,mismatch,1644,723,1,FALSE
nlgn4a,123,123,1,-,C,A,mismatch,1644,723,1,FALSE
nlgn4a,203,203,1,-,G,C,mismatch,1644,723,1,FALSE
nlgn4a,121,121,1,-,T,C,mismatch,1645,723,1,FALSE
nlgn4a,188,188,1,-,C,A,mismatch,1645,723,1,FALSE
nlgn4a,203,203,1,-,G,A,mismatch,1645,723,1,FALSE
nlgn4a,131,131,1,-,T,C,mismatch,1648,741,1,FALSE
nlgn4a,158,158,1,-,G,C,mismatch,1649,732,1,FALSE
nlgn4a,162,162,1,-,C,G,mismatch,1649,732,1,FALSE
nlgn4a,104,104,1,-,C,A,mismatch,1651,741,1,FALSE
nlgn4a,204,204,1,-,A,C,mismatch,1652,741,1,FALSE
nlgn4a,163,163,1,-,A,T,mismatch,1653,732,1,FALSE
nlgn4a,171,171,1,-,G,C,mismatch,1653,732,1,FALSE
nlgn4a,105,105,1,-,C,A,mismatch,1654,741,1,FALSE
nlgn4a,196,196,1,-,G,T,mismatch,1655,723,1,FALSE
nlgn4a,209,209,1,-,A,T,mismatch,1655,723,1,FALSE
nlgn4a,225,225,1,-,A,G,mismatch,1655,723,1,FALSE
nlgn4a,134,134,1,-,G,T,mismatch,1657,741,1,FALSE
nlgn4a,105,105,1,-,C,T,mismatch,1659,741,1,FALSE
nlgn4a,165,165,1,-,C,A,mismatch,1660,741,1,FALSE
nlgn4a,107,107,1,-,T,C,mismatch,1662,732,1,FALSE
nlgn4a,112,112,1,-,C,A,mismatch,1662,732,1,FALSE
nlgn4a,150,150,1,-,T,C,mismatch,1663,732,1,FALSE
nlgn4a,113,113,1,-,C,G,mismatch,1665,732,1,FALSE
nlgn4a,165,165,1,-,C,A,mismatch,1665,732,1,FALSE
nlgn4a,123,123,1,-,C,T,mismatch,1666,741,1,FALSE
nlgn4a,117,117,1,-,A,C,mismatch,1670,732,1,FALSE
nlgn4a,152,152,1,-,G,C,mismatch,1670,732,1,FALSE
nlgn4a,131,131,1,-,T,G,mismatch,1671,732,1,FALSE
nlgn4a,149,149,1,-,A,C,mismatch,1671,732,1,FALSE
nlgn4a,119,119,1,-,T,C,mismatch,1673,732,1,FALSE
nlgn4a,202,202,1,-,T,G,mismatch,1673,732,1,FALSE
nlgn4a,119,119,1,-,T,G,mismatch,1674,732,1,FALSE
nlgn4a,161,161,1,-,G,A,mismatch,1674,732,1,FALSE
nlgn4a,120,120,1,-,G,C,mismatch,1675,732,1,FALSE
nlgn4a,137,137,1,-,G,A,mismatch,1675,732,1,FALSE
nlgn4a,117,117,1,-,A,C,mismatch,1676,732,1,FALSE
nlgn4a,143,143,1,-,C,A,mismatch,1676,732,1,FALSE
nlgn4a,118,118,1,-,T,A,mismatch,1677,732,1,FALSE
nlgn4a,143,143,1,-,C,G,mismatch,1679,732,1,FALSE
nlgn4a,187,187,1,-,G,C,mismatch,1679,732,1,FALSE
nlgn4a,114,114,1,-,T,G,mismatch,1680,723,1,FALSE
nlgn4a,129,129,1,-,G,C,mismatch,1680,723,1,FALSE
nlgn4a,150,150,1,-,T,C,mismatch,1680,723,1,FALSE
nlgn4a,122,122,1,-,G,A,mismatch,1681,723,1,FALSE
nlgn4a,175,175,1,-,C,G,mismatch,1681,723,1,FALSE
nlgn4a,199,199,1,-,G,C,mismatch,1681,723,1,FALSE
nlgn4a,115,115,1,-,G,C,mismatch,1682,732,1,FALSE
nlgn4a,125,125,1,-,T,A,mismatch,1682,732,1,FALSE
nlgn4a,110,110,1,-,T,G,mismatch,1683,723,1,FALSE
nlgn4a,126,126,1,-,G,C,mismatch,1683,723,1,FALSE
nlgn4a,158,158,1,-,G,T,mismatch,1683,723,1,FALSE
nlgn4a,124,124,1,-,T,G,mismatch,1684,741,1,FALSE
nlgn4a,189,189,1,-,A,G,mismatch,1685,732,1,FALSE
nlgn4a,216,216,1,-,C,A,mismatch,1685,732,1,FALSE
nlgn4a,159,159,1,-,C,G,mismatch,1686,741,1,FALSE
nlgn4a,165,165,1,-,C,T,mismatch,1687,741,1,FALSE
nlgn4a,108,108,1,-,T,C,mismatch,1688,732,1,FALSE
nlgn4a,146,146,1,-,T,C,mismatch,1688,732,1,FALSE
nlgn4a,208,208,1,-,C,A,mismatch,1689,741,1,FALSE
nlgn4a,136,136,1,-,G,C,mismatch,1690,732,1,FALSE
nlgn4a,157,157,1,-,A,T,mismatch,1690,732,1,FALSE
nlgn4a,146,146,1,-,T,G,mismatch,1691,732,1,FALSE
nlgn4a,188,188,1,-,C,G,mismatch,1691,732,1,FALSE
nlgn4a,108,108,1,-,T,A,mismatch,1693,732,1,FALSE
nlgn4a,170,170,1,-,T,G,mismatch,1693,732,1,FALSE
nlgn4a,109,109,1,-,T,A,mismatch,1695,741,1,FALSE
nlgn4a,114,114,1,-,T,C,mismatch,1696,741,1,FALSE
nlgn4a,107,107,1,-,T,C,mismatch,1697,723,1,FALSE
nlgn4a,114,114,1,-,T,G,mismatch,1697,723,1,FALSE
nlgn4a,151,151,1,-,G,C,mismatch,1697,723,1,FALSE
nlgn4a,173,173,1,-,T,G,mismatch,1698,741,1,FALSE
nlgn4a,105,105,1,-,C,T,mismatch,1699,723,1,FALSE
nlgn4a,144,144,1,-,A,G,mismatch,1699,723,1,FALSE
nlgn4a,221,221,1,-,T,C,mismatch,1699,723,1,FALSE
nlgn4a,117,117,1,-,A,G,mismatch,1700,732,1,FALSE
nlgn4a,137,137,1,-,G,T,mismatch,1700,732,1,FALSE
nlgn4a,108,108,1,-,T,C,mismatch,1702,741,1,FALSE
nlgn4a,151,151,1,-,G,C,mismatch,1704,732,1,FALSE
nlgn4a,158,158,1,-,G,C,mismatch,1704,732,1,FALSE
nlgn4a,105,105,1,-,C,T,mismatch,1705,714,1,FALSE
nlgn4a,128,128,1,-,G,C,mismatch,1705,714,1,FALSE
nlgn4a,165,165,1,-,C,T,mismatch,1705,714,1,FALSE
nlgn4a,176,176,1,-,G,A,mismatch,1705,714,1,FALSE
nlgn4a,145,145,1,-,T,G,mismatch,1706,741,1,FALSE
nlgn4a,153,153,1,-,G,T,mismatch,1707,723,1,FALSE
nlgn4a,169,169,1,-,T,C,mismatch,1707,723,1,FALSE
nlgn4a,194,194,1,-,A,T,mismatch,1707,723,1,FALSE
nlgn4a,123,123,1,-,C,T,mismatch,1708,732,1,FALSE
nlgn4a,147,147,1,-,A,G,mismatch,1708,732,1,FALSE
nlgn4a,157,157,1,-,A,G,mismatch,1710,741,1,FALSE
nlgn4a,138,138,1,-,C,T,mismatch,1712,741,1,FALSE
nlgn4a,122,122,1,-,G,T,mismatch,1713,741,1,FALSE
nlgn4a,129,129,1,-,G,A,mismatch,1714,741,1,FALSE
nlgn4a,107,107,1,-,T,C,mismatch,1715,732,1,FALSE
nlgn4a,145,145,1,-,T,G,mismatch,1715,732,1,FALSE
nlgn4a,152,152,1,-,G,T,mismatch,1717,741,1,FALSE
nlgn4a,185,185,1,-,T,A,mismatch,1718,732,1,FALSE
nlgn4a,195,195,1,-,A,C,mismatch,1718,732,1,FALSE
nlgn4a,186,186,1,-,G,T,mismatch,1719,741,1,FALSE
nlgn4a,136,136,1,-,G,T,mismatch,1720,741,1,FALSE
nlgn4a,111,111,1,-,A,C,mismatch,1721,732,1,FALSE
nlgn4a,161,161,1,-,G,C,mismatch,1721,732,1,FALSE
nlgn4a,130,130,1,-,C,G,mismatch,1722,732,1,FALSE
nlgn4a,196,196,1,-,G,T,mismatch,1722,732,1,FALSE
nlgn4a,124,124,1,-,T,G,mismatch,1724,741,1,FALSE
nlgn4a,217,217,1,-,C,T,mismatch,1725,741,1,FALSE
nlgn4a,115,115,1,-,G,C,mismatch,1726,741,1,FALSE
nlgn4a,112,112,1,-,C,G,mismatch,1727,732,1,FALSE
nlgn4a,171,171,1,-,G,T,mismatch,1729,741,1,FALSE
nlgn4a,108,108,1,-,T,G,mismatch,1731,741,1,FALSE
nlgn4a,166,166,1,-,C,A,mismatch,1732,741,1,FALSE
nlgn4a,158,158,1,-,G,C,mismatch,1735,732,1,FALSE
nlgn4a,200,200,1,-,C,A,mismatch,1735,732,1,FALSE
nlgn4a,176,176,1,-,G,T,mismatch,1736,732,1,FALSE
nlgn4a,228,228,1,-,C,T,mismatch,1736,732,1,FALSE
nlgn4a,160,160,1,-,A,T,mismatch,1737,732,1,FALSE
nlgn4a,188,188,1,-,C,A,mismatch,1737,732,1,FALSE
nlgn4a,113,113,1,-,C,G,mismatch,1739,732,1,FALSE
nlgn4a,178,178,1,-,C,A,mismatch,1739,732,1,FALSE
nlgn4a,103,103,1,-,G,C,mismatch,1740,732,1,FALSE
nlgn4a,187,187,1,-,G,T,mismatch,1740,732,1,FALSE
nlgn4a,103,103,1,-,G,T,mismatch,1742,741,1,FALSE
nlgn4a,108,108,1,-,T,C,mismatch,1744,732,1,FALSE
nlgn4a,135,135,1,-,T,A,mismatch,1744,732,1,FALSE
nlgn4a,122,122,1,-,G,T,mismatch,1746,723,1,FALSE
nlgn4a,125,125,1,-,T,A,mismatch,1746,723,1,FALSE
nlgn4a,172,172,1,-,T,C,mismatch,1746,723,1,FALSE
nlgn4a,113,113,1,-,C,G,mismatch,1747,723,1,FALSE
nlgn4a,116,116,1,-,G,A,mismatch,1747,723,1,FALSE
nlgn4a,199,199,1,-,G,A,mismatch,1747,723,1,FALSE
nlgn4a,125,125,1,-,T,G,mismatch,1748,732,1,FALSE
nlgn4a,150,150,1,-,T,C,mismatch,1751,741,1,FALSE
nlgn4a,150,150,1,-,T,A,mismatch,1752,741,1,FALSE
nlgn4a,109,109,1,-,T,G,mismatch,1754,732,1,FALSE
nlgn4a,178,178,1,-,C,G,mismatch,1754,732,1,FALSE
nlgn4a,110,110,1,-,T,G,mismatch,1755,741,1,FALSE
nlgn4a,108,108,1,-,T,A,mismatch,1756,705,1,FALSE
nlgn4a,129,129,1,-,G,C,mismatch,1756,705,1,FALSE
nlgn4a,161,161,1,-,G,C,mismatch,1756,705,1,FALSE
nlgn4a,163,163,1,-,A,G,mismatch,1756,705,1,FALSE
nlgn4a,200,200,1,-,C,T,mismatch,1756,705,1,FALSE
nlgn4a,186,186,1,-,G,C,mismatch,1757,741,1,FALSE
nlgn4a,108,108,1,-,T,C,mismatch,1758,732,1,FALSE
nlgn4a,156,156,1,-,C,T,mismatch,1758,732,1,FALSE
nlgn4a,190,190,1,-,A,G,mismatch,1760,732,1,FALSE
nlgn4a,208,208,1,-,C,G,mismatch,1760,732,1,FALSE
nlgn4a,118,118,1,-,T,C,mismatch,1764,723,1,FALSE
nlgn4a,135,135,1,-,T,A,mismatch,1764,723,1,FALSE
nlgn4a,141,141,1,-,G,A,mismatch,1764,723,1,FALSE
nlgn4a,106,106,1,-,T,C,mismatch,1765,723,1,FALSE
nlgn4a,124,124,1,-,T,A,mismatch,1765,723,1,FALSE
nlgn4a,145,145,1,-,T,G,mismatch,1765,723,1,FALSE
nlgn4a,121,121,1,-,T,C,mismatch,1766,732,1,FALSE
nlgn4a,189,189,1,-,A,T,mismatch,1766,732,1,FALSE
nlgn4a,148,148,1,-,C,A,mismatch,1767,732,1,FALSE
nlgn4a,153,153,1,-,G,T,mismatch,1767,732,1,FALSE
nlgn4a,141,141,1,-,G,C,mismatch,1768,741,1,FALSE
nlgn4a,210,210,1,-,C,T,mismatch,1769,741,1,FALSE
nlgn4a,109,109,1,-,T,A,mismatch,1770,723,1,FALSE
nlgn4a,176,176,1,-,G,T,mismatch,1770,723,1,FALSE
nlgn4a,188,188,1,-,C,G,mismatch,1770,723,1,FALSE
nlgn4a,128,128,1,-,G,T,mismatch,1771,732,1,FALSE
nlgn4a,197,197,1,-,A,C,mismatch,1771,732,1,FALSE
nlgn4a,112,112,1,-,C,G,mismatch,1773,723,1,FALSE
nlgn4a,150,150,1,-,T,A,mismatch,1773,723,1,FALSE
nlgn4a,158,158,1,-,G,C,mismatch,1773,723,1,FALSE
nlgn4a,167,167,1,-,T,C,mismatch,1775,732,1,FALSE
nlgn4a,197,197,1,-,A,C,mismatch,1775,732,1,FALSE
nlgn4a,111,111,1,-,A,G,mismatch,1776,732,1,FALSE
nlgn4a,135,135,1,-,T,A,mismatch,1776,732,1,FALSE
nlgn4a,187,187,1,-,G,T,mismatch,1777,741,1,FALSE
nlgn4a,108,108,1,-,T,A,mismatch,1778,741,1,FALSE
nlgn4a,104,104,1,-,C,A,mismatch,1779,732,1,FALSE
nlgn4a,108,108,1,-,T,G,mismatch,1779,732,1,FALSE
nlgn4a,143,143,1,-,C,A,mismatch,1780,732,1,FALSE
nlgn4a,185,185,1,-,T,A,mismatch,1780,732,1,FALSE
nlgn4a,167,167,1,-,T,A,mismatch,1782,741,1,FALSE
nlgn4a,106,106,1,-,T,G,mismatch,1784,723,1,FALSE
nlgn4a,109,109,1,-,T,G,mismatch,1784,723,1,FALSE
nlgn4a,137,137,1,-,G,T,mismatch,1784,723,1,FALSE
nlgn4a,182,182,1,-,C,T,mismatch,1785,741,1,FALSE
nlgn4a,110,110,1,-,T,C,mismatch,1786,741,1,FALSE
nlgn4a,158,158,1,-,G,C,mismatch,1788,723,1,FALSE
nlgn4a,161,161,1,-,G,T,mismatch,1788,723,1,FALSE
nlgn4a,190,190,1,-,A,G,mismatch,1788,723,1,FALSE
nlgn4a,127,127,1,-,C,G,mismatch,1789,741,1,FALSE
nlgn4a,109,109,1,-,T,G,mismatch,1791,723,1,FALSE
nlgn4a,156,156,1,-,C,A,mismatch,1791,723,1,FALSE
nlgn4a,161,161,1,-,G,C,mismatch,1791,723,1,FALSE
nlgn4a,113,113,1,-,C,G,mismatch,1793,732,1,FALSE
nlgn4a,199,199,1,-,G,A,mismatch,1793,732,1,FALSE
nlgn4a,140,140,1,-,G,A,mismatch,1794,732,1,FALSE
nlgn4a,188,188,1,-,C,G,mismatch,1794,732,1,FALSE
nlgn4a,187,187,1,-,G,C,mismatch,1796,741,1,FALSE
nlgn4a,182,182,1,-,C,G,mismatch,1798,702,1,FALSE
nlgn4a,137,137,1,-,G,C,mismatch,1799,732,1,FALSE
nlgn4a,112,112,1,-,C,T,mismatch,1800,732,1,FALSE
nlgn4a,115,115,1,-,G,C,mismatch,1800,732,1,FALSE
nlgn4a,139,139,1,-,T,C,mismatch,1802,732,1,FALSE
nlgn4a,153,153,1,-,G,C,mismatch,1802,732,1,FALSE
nlgn4a,143,143,1,-,C,A,mismatch,1804,732,1,FALSE
nlgn4a,226,226,1,-,T,G,mismatch,1804,732,1,FALSE
nlgn4a,147,147,1,-,A,T,mismatch,1806,705,1,FALSE
nlgn4a,193,193,1,-,T,G,mismatch,1806,705,1,FALSE
nlgn4a,202,202,1,-,T,G,mismatch,1806,705,1,FALSE
nlgn4a,104,104,1,-,C,T,mismatch,1807,732,1,FALSE
nlgn4a,129,129,1,-,G,A,mismatch,1807,732,1,FALSE
nlgn4a,112,112,1,-,C,A,mismatch,1808,723,1,FALSE
nlgn4a,142,142,1,-,C,G,mismatch,1808,723,1,FALSE
nlgn4a,213,213,1,-,C,G,mismatch,1808,723,1,FALSE
nlgn4a,168,168,1,-,A,C,mismatch,1809,741,1,FALSE
nlgn4a,183,183,1,-,T,C,mismatch,1811,741,1,FALSE
nlgn4a,132,132,1,-,G,T,mismatch,1812,723,1,FALSE
nlgn4a,164,164,1,-,C,A,mismatch,1812,723,1,FALSE
nlgn4a,217,217,1,-,C,G,mismatch,1812,723,1,FALSE
nlgn4a,133,133,1,-,C,T,mismatch,1813,732,1,FALSE
nlgn4a,171,171,1,-,G,C,mismatch,1813,732,1,FALSE
nlgn4a,128,128,1,-,G,C,mismatch,1814,732,1,FALSE
nlgn4a,198,198,1,-,G,C,mismatch,1814,732,1,FALSE
nlgn4a,229,229,1,-,T,G,mismatch,1815,741,1,FALSE
nlgn4a,148,148,1,-,C,G,mismatch,1816,732,1,FALSE
nlgn4a,162,162,1,-,C,T,mismatch,1816,732,1,FALSE
nlgn4a,149,149,1,-,A,G,mismatch,1817,741,1,FALSE
nlgn4a,157,157,1,-,A,C,mismatch,1819,732,1,FALSE
nlgn4a,213,213,1,-,C,T,mismatch,1819,732,1,FALSE
nlgn4a,126,126,1,-,G,T,mismatch,1820,732,1,FALSE
nlgn4a,149,149,1,-,A,G,mismatch,1820,732,1,FALSE
nlgn4a,117,117,1,-,A,C,mismatch,1821,714,1,FALSE
nlgn4a,137,137,1,-,G,A,mismatch,1821,714,1,FALSE
nlgn4a,187,187,1,-,G,C,mismatch,1821,714,1,FALSE
nlgn4a,195,195,1,-,A,T,mismatch,1821,714,1,FALSE
nlgn4a,113,113,1,-,C,A,mismatch,1824,714,1,FALSE
nlgn4a,143,143,1,-,C,T,mismatch,1824,714,1,FALSE
nlgn4a,193,193,1,-,T,G,mismatch,1824,714,1,FALSE
nlgn4a,203,203,1,-,G,A,mismatch,1824,714,1,FALSE
nlgn4a,160,160,1,-,A,G,mismatch,1825,741,1,FALSE
nlgn4a,137,137,1,-,G,A,mismatch,1826,741,1,FALSE
nlgn4a,122,122,1,-,G,C,mismatch,455,723,1,FALSE
nlgn4a,123,123,1,-,C,T,mismatch,455,723,1,FALSE
nlgn4a,123,123,1,-,C,G,mismatch,520,714,1,FALSE
nlgn4a,124,124,1,-,T,C,mismatch,520,714,1,FALSE
nlgn4a,149,149,1,-,A,T,mismatch,561,714,1,FALSE
nlgn4a,150,150,1,-,T,A,mismatch,561,714,1,FALSE
nlgn4a,151,151,1,-,G,C,mismatch,590,705,1,FALSE
nlgn4a,152,152,1,-,G,C,mismatch,590,705,1,FALSE
nlgn4a,131,131,1,-,T,G,mismatch,683,714,1,FALSE
nlgn4a,132,132,1,-,G,A,mismatch,683,714,1,FALSE
nlgn4a,164,164,1,-,C,G,mismatch,793,723,1,FALSE
nlgn4a,165,165,1,-,C,A,mismatch,793,723,1,FALSE
nlgn4a,124,124,1,-,T,G,mismatch,820,714,1,FALSE
nlgn4a,125,125,1,-,T,A,mismatch,820,714,1,FALSE
nlgn4a,132,132,1,-,G,C,mismatch,894,723,1,FALSE
nlgn4a,133,133,1,-,C,T,mismatch,894,723,1,FALSE
nlgn4a,121,121,1,-,T,A,mismatch,977,723,1,FALSE
nlgn4a,122,122,1,-,G,C,mismatch,977,723,1,FALSE
nlgn4a,109,109,1,-,T,A,mismatch,978,714,1,FALSE
nlgn4a,110,110,1,-,T,A,mismatch,978,714,1,FALSE
nlgn4a,159,159,1,-,C,T,mismatch,1003,732,1,FALSE
nlgn4a,160,160,1,-,A,T,mismatch,1003,732,1,FALSE
nlgn4a,156,156,1,-,C,A,mismatch,1021,723,1,FALSE
nlgn4a,157,157,1,-,A,C,mismatch,1021,723,1,FALSE
nlgn4a,155,155,1,-,T,G,mismatch,1024,714,1,FALSE
nlgn4a,156,156,1,-,C,T,mismatch,1024,714,1,FALSE
nlgn4a,139,139,1,-,T,G,mismatch,1069,723,1,FALSE
nlgn4a,140,140,1,-,G,T,mismatch,1069,723,1,FALSE
nlgn4a,121,121,1,-,T,C,mismatch,1082,723,1,FALSE
nlgn4a,122,122,1,-,G,C,mismatch,1082,723,1,FALSE
nlgn4a,114,114,1,-,T,C,mismatch,1099,723,1,FALSE
nlgn4a,115,115,1,-,G,T,mismatch,1099,723,1,FALSE
nlgn4a,109,109,1,-,T,A,mismatch,1108,732,1,FALSE
nlgn4a,110,110,1,-,T,C,mismatch,1108,732,1,FALSE
nlgn4a,118,118,1,-,T,G,mismatch,1118,732,1,FALSE
nlgn4a,119,119,1,-,T,C,mismatch,1118,732,1,FALSE
nlgn4a,121,121,1,-,T,C,mismatch,1123,732,1,FALSE
nlgn4a,122,122,1,-,G,C,mismatch,1123,732,1,FALSE
nlgn4a,122,122,1,-,G,A,mismatch,1126,732,1,FALSE
nlgn4a,123,123,1,-,C,A,mismatch,1126,732,1,FALSE
nlgn4a,106,106,1,-,T,G,mismatch,1142,723,1,FALSE
nlgn4a,107,107,1,-,T,A,mismatch,1142,723,1,FALSE
nlgn4a,110,110,1,-,T,C,mismatch,1158,723,1,FALSE
nlgn4a,111,111,1,-,A,C,mismatch,1158,723,1,FALSE
nlgn4a,109,109,1,-,T,G,mismatch,1165,723,1,FALSE
nlgn4a,110,110,1,-,T,G,mismatch,1165,723,1,FALSE
nlgn4a,131,131,1,-,T,C,mismatch,1228,714,1,FALSE
nlgn4a,132,132,1,-,G,C,mismatch,1228,714,1,FALSE
nlgn4a,110,110,1,-,T,C,mismatch,1257,714,1,FALSE
nlgn4a,111,111,1,-,A,T,mismatch,1257,714,1,FALSE
nlgn4a,169,169,1,-,T,C,mismatch,1265,723,1,FALSE
nlgn4a,170,170,1,-,T,A,mismatch,1265,723,1,FALSE
nlgn4a,172,172,1,-,T,G,mismatch,1282,714,1,FALSE
nlgn4a,173,173,1,-,T,A,mismatch,1282,714,1,FALSE
nlgn4a,104,104,1,-,C,A,mismatch,1308,723,1,FALSE
nlgn4a,105,105,1,-,C,G,mismatch,1308,723,1,FALSE
nlgn4a,104,104,1,-,C,G,mismatch,1380,714,1,FALSE
nlgn4a,105,105,1,-,C,G,mismatch,1380,714,1,FALSE
nlgn4a,105,105,1,-,C,T,mismatch,1502,714,1,FALSE
nlgn4a,106,106,1,-,T,A,mismatch,1502,714,1,FALSE
nlgn4a,122,122,1,-,G,C,mismatch,1565,723,1,FALSE
nlgn4a,123,123,1,-,C,G,mismatch,1565,723,1,FALSE
nlgn4a,184,184,1,-,A,T,mismatch,1625,714,1,FALSE
nlgn4a,185,185,1,-,T,A,mismatch,1625,714,1,FALSE
