seqnames,start,end,width,strand,originally,replacement,type,read_id,score,counts,readType
synthetic,81,85,1,+,A,C,mismatch,wt_1,708,1,target
synthetic,198,198,1,+,A,C,mismatch,wt_2,704,1,target
synthetic,142,144,1,+,A,C,mismatch,wt_3,700,1,target
synthetic,54,57,1,+,A,C,mismatch,wt_4,708,1,target
synthetic,157,158,1,+,A,C,mismatch,wt_5,701,1,target
synthetic,175,179,1,+,A,C,mismatch,wt_6,690,1,target
synthetic,106,109,1,+,A,C,mismatch,wt_7,701,1,target
synthetic,61,65,1,+,A,C,mismatch,wt_8,703,1,target
synthetic,175,178,1,+,A,C,mismatch,wt_9,704,1,target
synthetic,98,102,1,+,A,C,mismatch,wt_10,700,1,target
synthetic,129,133,1,+,A,C,mismatch,wt_11,695,1,target
synthetic,51,51,1,+,A,C,mismatch,wt_12,709,1,target
synthetic,187,190,1,+,A,C,mismatch,wt_13,700,1,target
synthetic,79,84,1,+,A,C,mismatch,wt_14,701,1,target
synthetic,70,75,1,+,A,C,mismatch,wt_15,692,1,target
synthetic,173,177,1,+,A,C,mismatch,wt_16,694,1,target
synthetic,183,186,1,+,A,C,mismatch,wt_17,699,1,target
synthetic,189,194,1,+,A,C,mismatch,wt_18,699,1,target
synthetic,60,60,1,+,A,C,mismatch,wt_19,699,1,target
synthetic,171,173,1,+,A,C,mismatch,wt_20,706,1,target
synthetic,178,182,1,+,A,C,mismatch,wt_21,693,1,target
synthetic,141,142,1,+,A,C,mismatch,wt_22,709,1,target
synthetic,65,65,1,+,A,C,mismatch,wt_23,708,1,target
synthetic,169,173,1,+,A,C,mismatch,wt_24,694,1,target
synthetic,139,141,1,+,A,C,mismatch,wt_25,704,1,target
synthetic,163,167,1,+,A,C,mismatch,wt_26,698,1,target
synthetic,162,167,1,+,A,C,mismatch,wt_27,693,1,target
synthetic,75,77,1,+,A,C,mismatch,wt_28,694,1,target
synthetic,42,47,1,+,A,C,mismatch,wt_29,706,1,target
synthetic,148,153,1,+,A,C,mismatch,wt_30,698,1,target
synthetic,127,127,1,+,A,C,mismatch,wt_31,706,1,target
synthetic,80,81,1,+,A,C,mismatch,wt_32,691,1,target
synthetic,61,63,1,+,A,C,mismatch,wt_33,698,1,target
synthetic,47,48,1,+,A,C,mismatch,wt_34,710,1,target
synthetic,80,85,1,+,A,C,mismatch,wt_35,710,1,target
synthetic,70,72,1,+,A,C,mismatch,wt_36,702,1,target
synthetic,73,73,1,+,A,C,mismatch,wt_37,699,1,target
synthetic,71,73,1,+,A,C,mismatch,wt_38,704,1,target
synthetic,179,184,1,+,A,C,mismatch,wt_39,706,1,target
synthetic,188,191,1,+,A,C,mismatch,wt_40,704,1,target
synthetic,111,115,1,+,A,C,mismatch,wt_41,706,1,target
synthetic,127,131,1,+,A,C,mismatch,wt_42,698,1,target
synthetic,113,115,1,+,A,C,mismatch,wt_43,694,1,target
synthetic,161,162,1,+,A,C,mismatch,wt_44,708,1,target
synthetic,98,99,1,+,A,C,mismatch,wt_45,698,1,target
synthetic,153,157,1,+,A,C,mismatch,wt_46,704,1,target
synthetic,126,126,1,+,A,C,mismatch,wt_47,709,1,target
synthetic,172,177,1,+,A,C,mismatch,wt_48,704,1,target
synthetic,71,74,1,+,A,C,mismatch,wt_49,696,1,target
synthetic,156,161,1,+,A,C,mismatch,wt_50,710,1,target
synthetic,101,104,1,+,A,C,mismatch,wt_51,700,1,target
synthetic,94,95,1,+,A,C,mismatch,wt_52,704,1,target
synthetic,111,114,1,+,A,C,mismatch,wt_53,693,1,target
synthetic,67,69,1,+,A,C,mismatch,wt_54,695,1,target
synthetic,55,57,1,+,A,C,mismatch,wt_55,703,1,target
synthetic,57,58,1,+,A,C,mismatch,wt_56,698,1,target
synthetic,79,79,1,+,A,C,mismatch,wt_57,706,1,target
synthetic,132,133,1,+,A,C,mismatch,wt_58,701,1,target
synthetic,49,49,1,+,A,C,mismatch,wt_59,697,1,target
synthetic,148,150,1,+,A,C,mismatch,wt_60,709,1,target
synthetic,103,107,1,+,A,C,mismatch,wt_61,703,1,target
synthetic,160,161,1,+,A,C,mismatch,wt_62,708,1,target
synthetic,160,163,1,+,A,C,mismatch,wt_63,693,1,target
synthetic,95,100,1,+,A,C,mismatch,wt_64,706,1,target
synthetic,61,64,1,+,A,C,mismatch,wt_65,694,1,target
synthetic,45,49,1,+,A,C,mismatch,wt_66,698,1,target
synthetic,82,87,1,+,A,C,mismatch,wt_67,701,1,target
synthetic,116,121,1,+,A,C,mismatch,wt_68,692,1,target
synthetic,147,148,1,+,A,C,mismatch,wt_69,707,1,target
synthetic,163,166,1,+,A,C,mismatch,wt_70,699,1,target
synthetic,57,60,1,+,A,C,mismatch,wt_71,693,1,target
synthetic,56,61,1,+,A,C,mismatch,wt_72,692,1,target
synthetic,72,75,1,+,A,C,mismatch,wt_73,702,1,target
synthetic,83,86,1,+,A,C,mismatch,wt_74,706,1,target
synthetic,71,74,1,+,A,C,mismatch,wt_75,702,1,target
synthetic,87,90,1,+,A,C,mismatch,wt_76,703,1,target
synthetic,97,97,1,+,A,C,mismatch,wt_77,707,1,target
synthetic,152,157,1,+,A,C,mismatch,wt_78,691,1,target
synthetic,47,49,1,+,A,C,mismatch,wt_79,697,1,target
synthetic,48,49,1,+,A,C,mismatch,wt_80,696,1,target
synthetic,125,129,1,+,A,C,mismatch,wt_81,700,1,target
synthetic,155,155,1,+,A,C,mismatch,wt_82,700,1,target
synthetic,117,121,1,+,A,C,mismatch,wt_83,691,1,target
synthetic,82,85,1,+,A,C,mismatch,wt_84,691,1,target
synthetic,127,132,1,+,A,C,mismatch,wt_85,697,1,target
synthetic,155,156,1,+,A,C,mismatch,wt_86,709,1,target
synthetic,100,101,1,+,A,C,mismatch,wt_87,707,1,target
synthetic,67,71,1,+,A,C,mismatch,wt_88,693,1,target
synthetic,93,93,1,+,A,C,mismatch,wt_89,707,1,target
synthetic,143,144,1,+,A,C,mismatch,wt_90,703,1,target
synthetic,192,194,1,+,A,C,mismatch,wt_91,707,1,target
synthetic,57,57,1,+,A,C,mismatch,wt_92,704,1,target
synthetic,57,57,1,+,A,C,mismatch,wt_93,692,1,target
synthetic,148,148,1,+,A,C,mismatch,wt_94,703,1,target
synthetic,198,201,1,+,A,C,mismatch,wt_95,706,1,target
synthetic,188,192,1,+,A,C,mismatch,wt_96,708,1,target
synthetic,126,126,1,+,A,C,mismatch,wt_97,709,1,target
synthetic,155,159,1,+,A,C,mismatch,wt_98,698,1,target
synthetic,121,126,1,+,A,C,mismatch,wt_99,693,1,target
synthetic,47,47,1,+,A,C,mismatch,wt_100,696,1,target
synthetic,120,123,1,+,A,C,mismatch,wt_101,700,1,target
synthetic,188,191,1,+,A,C,mismatch,wt_102,698,1,target
synthetic,151,151,1,+,A,C,mismatch,wt_103,697,1,target
synthetic,118,121,1,+,A,C,mismatch,wt_104,707,1,target
synthetic,82,84,1,+,A,C,mismatch,wt_105,702,1,target
synthetic,114,115,1,+,A,C,mismatch,wt_106,708,1,target
synthetic,129,132,1,+,A,C,mismatch,wt_107,710,1,target
synthetic,115,115,1,+,A,C,mismatch,wt_108,693,1,target
synthetic,133,133,1,+,A,C,mismatch,wt_109,697,1,target
synthetic,164,164,1,+,A,C,mismatch,wt_110,695,1,target
synthetic,168,172,1,+,A,C,mismatch,wt_111,704,1,target
synthetic,139,140,1,+,A,C,mismatch,wt_112,691,1,target
synthetic,177,182,1,+,A,C,mismatch,wt_113,707,1,target
synthetic,142,145,1,+,A,C,mismatch,wt_114,710,1,target
synthetic,134,137,1,+,A,C,mismatch,wt_115,692,1,target
synthetic,180,180,1,+,A,C,mismatch,wt_116,702,1,target
synthetic,78,78,1,+,A,C,mismatch,wt_117,696,1,target
synthetic,161,163,1,+,A,C,mismatch,wt_118,706,1,target
synthetic,107,112,1,+,A,C,mismatch,wt_119,704,1,target
synthetic,177,178,1,+,A,C,mismatch,wt_120,697,1,target
synthetic,161,163,1,+,A,C,mismatch,wt_121,693,1,target
synthetic,181,184,1,+,A,C,mismatch,wt_122,708,1,target
synthetic,82,87,1,+,A,C,mismatch,wt_123,694,1,target
synthetic,82,86,1,+,A,C,mismatch,wt_124,690,1,target
synthetic,49,50,1,+,A,C,mismatch,wt_125,697,1,target
synthetic,121,126,1,+,A,C,mismatch,wt_126,709,1,target
synthetic,135,140,1,+,A,C,mismatch,wt_127,702,1,target
synthetic,62,66,1,+,A,C,mismatch,wt_128,701,1,target
synthetic,99,100,1,+,A,C,mismatch,wt_129,701,1,target
synthetic,105,106,1,+,A,C,mismatch,wt_130,696,1,target
synthetic,50,54,1,+,A,C,mismatch,wt_131,703,1,target
synthetic,110,113,1,+,A,C,mismatch,wt_132,702,1,target
synthetic,41,43,1,+,A,C,mismatch,wt_133,695,1,target
synthetic,188,192,1,+,A,C,mismatch,wt_134,704,1,target
synthetic,40,41,1,+,A,C,mismatch,wt_135,703,1,target
synthetic,53,53,1,+,A,C,mismatch,wt_136,691,1,target
synthetic,118,122,1,+,A,C,mismatch,wt_137,698,1,target
synthetic,199,199,1,+,A,C,mismatch,wt_138,701,1,target
synthetic,150,151,1,+,A,C,mismatch,wt_139,694,1,target
synthetic,41,45,1,+,A,C,mismatch,wt_140,708,1,target
synthetic,158,163,1,+,A,C,mismatch,wt_141,708,1,target
synthetic,118,119,1,+,A,C,mismatch,wt_142,702,1,target
synthetic,114,119,1,+,A,C,mismatch,wt_143,696,1,target
synthetic,195,195,1,+,A,C,mismatch,wt_144,700,1,target
synthetic,93,94,1,+,A,C,mismatch,wt_145,703,1,target
synthetic,132,136,1,+,A,C,mismatch,wt_146,709,1,target
synthetic,171,174,1,+,A,C,mismatch,wt_147,691,1,target
synthetic,64,65,1,+,A,C,mismatch,wt_148,702,1,target
synthetic,73,78,1,+,A,C,mismatch,wt_149,708,1,target
synthetic,127,127,1,+,A,C,mismatch,wt_150,697,1,target
synthetic,138,140,1,+,A,C,mismatch,wt_151,699,1,target
synthetic,134,139,1,+,A,C,mismatch,wt_152,690,1,target
synthetic,96,100,1,+,A,C,mismatch,wt_153,693,1,target
synthetic,195,195,1,+,A,C,mismatch,wt_154,697,1,target
synthetic,133,134,1,+,A,C,mismatch,wt_155,693,1,target
synthetic,143,145,1,+,A,C,mismatch,wt_156,692,1,target
synthetic,92,92,1,+,A,C,mismatch,wt_157,698,1,target
synthetic,57,62,1,+,A,C,mismatch,wt_158,704,1,target
synthetic,183,185,1,+,A,C,mismatch,wt_159,690,1,target
synthetic,199,204,1,+,A,C,mismatch,wt_160,708,1,target
synthetic,178,182,1,+,A,C,mismatch,wt_161,691,1,target
synthetic,78,81,1,+,A,C,mismatch,wt_162,697,1,target
synthetic,84,88,1,+,A,C,mismatch,wt_163,696,1,target
synthetic,160,165,1,+,A,C,mismatch,wt_164,702,1,target
synthetic,111,114,1,+,A,C,mismatch,wt_165,707,1,target
synthetic,42,43,1,+,A,C,mismatch,wt_166,695,1,target
synthetic,95,96,1,+,A,C,mismatch,wt_167,706,1,target
synthetic,188,189,1,+,A,C,mismatch,wt_168,691,1,target
synthetic,96,101,1,+,A,C,mismatch,wt_169,703,1,target
synthetic,53,58,1,+,A,C,mismatch,wt_170,703,1,target
synthetic,147,148,1,+,A,C,mismatch,wt_171,695,1,target
synthetic,85,89,1,+,A,C,mismatch,wt_172,702,1,target
synthetic,42,43,1,+,A,C,mismatch,wt_173,690,1,target
synthetic,186,189,1,+,A,C,mismatch,wt_174,697,1,target
synthetic,146,147,1,+,A,C,mismatch,wt_175,709,1,target
synthetic,118,123,1,+,A,C,mismatch,wt_176,706,1,target
synthetic,188,191,1,+,A,C,mismatch,wt_177,710,1,target
synthetic,126,128,1,+,A,C,mismatch,wt_178,691,1,target
synthetic,69,70,1,+,A,C,mismatch,wt_179,705,1,target
synthetic,196,200,1,+,A,C,mismatch,wt_180,705,1,target
synthetic,122,126,1,+,A,C,mismatch,wt_181,691,1,target
synthetic,148,152,1,+,A,C,mismatch,wt_182,708,1,target
synthetic,98,103,1,+,A,C,mismatch,wt_183,701,1,target
synthetic,70,70,1,+,A,C,mismatch,wt_184,691,1,target
synthetic,70,75,1,+,A,C,mismatch,wt_185,708,1,target
synthetic,141,142,1,+,A,C,mismatch,wt_186,707,1,target
synthetic,130,131,1,+,A,C,mismatch,wt_187,705,1,target
synthetic,162,162,1,+,A,C,mismatch,wt_188,691,1,target
synthetic,142,147,1,+,A,C,mismatch,wt_189,703,1,target
synthetic,55,60,1,+,A,C,mismatch,wt_190,701,1,target
synthetic,109,112,1,+,A,C,mismatch,wt_191,707,1,target
synthetic,41,42,1,+,A,C,mismatch,wt_192,698,1,target
synthetic,181,181,1,+,A,C,mismatch,wt_193,690,1,target
synthetic,100,102,1,+,A,C,mismatch,wt_194,707,1,target
synthetic,132,132,1,+,A,C,mismatch,wt_195,704,1,target
synthetic,193,193,1,+,A,C,mismatch,wt_196,708,1,target
synthetic,132,136,1,+,A,C,mismatch,wt_197,700,1,target
synthetic,194,196,1,+,A,C,mismatch,wt_198,708,1,target
synthetic,62,65,1,+,A,C,mismatch,wt_199,708,1,target
synthetic,145,146,1,+,A,C,mismatch,wt_200,701,1,target
synthetic,124,126,1,+,A,C,mismatch,wt_201,691,1,target
synthetic,44,48,1,+,A,C,mismatch,wt_202,697,1,target
synthetic,139,143,1,+,A,C,mismatch,wt_203,702,1,target
synthetic,69,74,1,+,A,C,mismatch,wt_204,706,1,target
synthetic,181,186,1,+,A,C,mismatch,wt_205,705,1,target
synthetic,79,83,1,+,A,C,mismatch,wt_206,694,1,target
synthetic,91,93,1,+,A,C,mismatch,wt_207,710,1,target
synthetic,66,71,1,+,A,C,mismatch,wt_208,701,1,target
synthetic,159,161,1,+,A,C,mismatch,wt_209,696,1,target
synthetic,103,106,1,+,A,C,mismatch,wt_210,698,1,target
synthetic,158,160,1,+,A,C,mismatch,wt_211,701,1,target
synthetic,158,158,1,+,A,C,mismatch,wt_212,699,1,target
synthetic,65,67,1,+,A,C,mismatch,wt_213,705,1,target
synthetic,73,73,1,+,A,C,mismatch,wt_214,708,1,target
synthetic,170,173,1,+,A,C,mismatch,wt_215,691,1,target
synthetic,106,106,1,+,A,C,mismatch,wt_216,701,1,target
synthetic,131,131,1,+,A,C,mismatch,wt_217,692,1,target
synthetic,106,109,1,+,A,C,mismatch,wt_218,695,1,target
synthetic,171,176,1,+,A,C,mismatch,wt_219,695,1,target
synthetic,125,127,1,+,A,C,mismatch,wt_220,696,1,target
synthetic,47,48,1,+,A,C,mismatch,wt_221,691,1,target
synthetic,135,139,1,+,A,C,mismatch,wt_222,702,1,target
synthetic,118,122,1,+,A,C,mismatch,wt_223,707,1,target
synthetic,153,156,1,+,A,C,mismatch,wt_224,702,1,target
synthetic,143,145,1,+,A,C,mismatch,wt_225,704,1,target
synthetic,85,89,1,+,A,C,mismatch,wt_226,701,1,target
synthetic,199,204,1,+,A,C,mismatch,wt_227,705,1,target
synthetic,199,201,1,+,A,C,mismatch,wt_228,692,1,target
synthetic,102,103,1,+,A,C,mismatch,wt_229,692,1,target
synthetic,184,186,1,+,A,C,mismatch,wt_230,702,1,target
synthetic,170,171,1,+,A,C,mismatch,wt_231,705,1,target
synthetic,189,190,1,+,A,C,mismatch,wt_232,694,1,target
synthetic,189,190,1,+,A,C,mismatch,wt_233,694,1,target
synthetic,45,46,1,+,A,C,mismatch,wt_234,694,1,target
synthetic,181,183,1,+,A,C,mismatch,wt_235,692,1,target
synthetic,53,53,1,+,A,C,mismatch,wt_236,700,1,target
synthetic,63,66,1,+,A,C,mismatch,wt_237,695,1,target
synthetic,188,188,1,+,A,C,mismatch,wt_238,705,1,target
synthetic,101,106,1,+,A,C,mismatch,wt_239,699,1,target
synthetic,125,130,1,+,A,C,mismatch,wt_240,703,1,target
synthetic,163,165,1,+,A,C,mismatch,wt_241,706,1,target
synthetic,95,96,1,+,A,C,mismatch,wt_242,691,1,target
synthetic,113,116,1,+,A,C,mismatch,wt_243,702,1,target
synthetic,113,115,1,+,A,C,mismatch,wt_244,706,1,target
synthetic,168,168,1,+,A,C,mismatch,wt_245,699,1,target
synthetic,74,75,1,+,A,C,mismatch,wt_246,698,1,target
synthetic,165,169,1,+,A,C,mismatch,wt_247,693,1,target
synthetic,112,115,1,+,A,C,mismatch,wt_248,708,1,target
synthetic,118,123,1,+,A,C,mismatch,wt_249,710,1,target
synthetic,156,158,1,+,A,C,mismatch,wt_250,708,1,target
synthetic,40,42,1,+,A,C,mismatch,wt_251,697,1,target
synthetic,98,100,1,+,A,C,mismatch,wt_252,702,1,target
synthetic,130,133,1,+,A,C,mismatch,wt_253,707,1,target
synthetic,146,147,1,+,A,C,mismatch,wt_254,702,1,target
synthetic,177,180,1,+,A,C,mismatch,wt_255,699,1,target
synthetic,189,191,1,+,A,C,mismatch,wt_256,706,1,target
synthetic,182,183,1,+,A,C,mismatch,wt_257,709,1,target
synthetic,72,74,1,+,A,C,mismatch,wt_258,698,1,target
synthetic,189,194,1,+,A,C,mismatch,wt_259,695,1,target
synthetic,153,155,1,+,A,C,mismatch,wt_260,705,1,target
synthetic,192,194,1,+,A,C,mismatch,wt_261,700,1,target
synthetic,158,163,1,+,A,C,mismatch,wt_262,696,1,target
synthetic,134,137,1,+,A,C,mismatch,wt_263,702,1,target
synthetic,49,52,1,+,A,C,mismatch,wt_264,709,1,target
synthetic,197,197,1,+,A,C,mismatch,wt_265,695,1,target
synthetic,151,152,1,+,A,C,mismatch,wt_266,700,1,target
synthetic,46,50,1,+,A,C,mismatch,wt_267,697,1,target
synthetic,134,135,1,+,A,C,mismatch,wt_268,707,1,target
synthetic,49,49,1,+,A,C,mismatch,wt_269,710,1,target
synthetic,161,161,1,+,A,C,mismatch,wt_270,708,1,target
synthetic,104,107,1,+,A,C,mismatch,wt_271,706,1,target
synthetic,48,49,1,+,A,C,mismatch,wt_272,698,1,target
synthetic,100,100,1,+,A,C,mismatch,wt_273,692,1,target
synthetic,66,67,1,+,A,C,mismatch,wt_274,704,1,target
synthetic,69,69,1,+,A,C,mismatch,wt_275,707,1,target
synthetic,78,82,1,+,A,C,mismatch,wt_276,691,1,target
synthetic,75,77,1,+,A,C,mismatch,wt_277,701,1,target
synthetic,152,152,1,+,A,C,mismatch,wt_278,698,1,target
synthetic,189,194,1,+,A,C,mismatch,wt_279,706,1,target
synthetic,173,178,1,+,A,C,mismatch,wt_280,702,1,target
synthetic,99,99,1,+,A,C,mismatch,wt_281,699,1,target
synthetic,188,188,1,+,A,C,mismatch,wt_282,691,1,target
synthetic,139,141,1,+,A,C,mismatch,wt_283,703,1,target
synthetic,153,157,1,+,A,C,mismatch,wt_284,699,1,target
synthetic,101,102,1,+,A,C,mismatch,wt_285,701,1,target
synthetic,197,198,1,+,A,C,mismatch,wt_286,702,1,target
synthetic,55,57,1,+,A,C,mismatch,wt_287,698,1,target
synthetic,150,152,1,+,A,C,mismatch,wt_288,691,1,target
synthetic,144,147,1,+,A,C,mismatch,wt_289,694,1,target
synthetic,169,173,1,+,A,C,mismatch,wt_290,697,1,target
synthetic,199,200,1,+,A,C,mismatch,wt_291,700,1,target
synthetic,165,167,1,+,A,C,mismatch,wt_292,699,1,target
synthetic,164,167,1,+,A,C,mismatch,wt_293,696,1,target
synthetic,97,98,1,+,A,C,mismatch,wt_294,708,1,target
synthetic,200,205,1,+,A,C,mismatch,wt_295,693,1,target
synthetic,40,44,1,+,A,C,mismatch,wt_296,696,1,target
synthetic,195,196,1,+,A,C,mismatch,wt_297,707,1,target
synthetic,119,120,1,+,A,C,mismatch,wt_298,701,1,target
synthetic,169,169,1,+,A,C,mismatch,wt_299,700,1,target
synthetic,49,50,1,+,A,C,mismatch,wt_300,709,1,target
synthetic,131,136,1,+,A,C,mismatch,wt_301,702,1,target
synthetic,123,128,1,+,A,C,mismatch,wt_302,702,1,target
synthetic,176,179,1,+,A,C,mismatch,wt_303,704,1,target
synthetic,129,134,1,+,A,C,mismatch,wt_304,700,1,target
synthetic,152,153,1,+,A,C,mismatch,wt_305,693,1,target
synthetic,152,156,1,+,A,C,mismatch,wt_306,707,1,target
synthetic,51,54,1,+,A,C,mismatch,wt_307,706,1,target
synthetic,199,201,1,+,A,C,mismatch,wt_308,691,1,target
synthetic,131,135,1,+,A,C,mismatch,wt_309,701,1,target
synthetic,65,66,1,+,A,C,mismatch,wt_310,700,1,target
synthetic,58,61,1,+,A,C,mismatch,wt_311,709,1,target
synthetic,138,138,1,+,A,C,mismatch,wt_312,699,1,target
synthetic,92,95,1,+,A,C,mismatch,wt_313,707,1,target
synthetic,98,103,1,+,A,C,mismatch,wt_314,704,1,target
synthetic,136,139,1,+,A,C,mismatch,wt_315,706,1,target
synthetic,60,62,1,+,A,C,mismatch,wt_316,707,1,target
synthetic,82,82,1,+,A,C,mismatch,wt_317,699,1,target
synthetic,197,202,1,+,A,C,mismatch,wt_318,698,1,target
synthetic,51,52,1,+,A,C,mismatch,wt_319,699,1,target
synthetic,108,108,1,+,A,C,mismatch,wt_320,702,1,target
synthetic,131,134,1,+,A,C,mismatch,wt_321,704,1,target
synthetic,54,59,1,+,A,C,mismatch,wt_322,700,1,target
synthetic,42,44,1,+,A,C,mismatch,wt_323,705,1,target
synthetic,196,197,1,+,A,C,mismatch,wt_324,695,1,target
synthetic,87,89,1,+,A,C,mismatch,wt_325,698,1,target
synthetic,171,176,1,+,A,C,mismatch,wt_326,704,1,target
synthetic,73,77,1,+,A,C,mismatch,wt_327,698,1,target
synthetic,100,102,1,+,A,C,mismatch,wt_328,697,1,target
synthetic,158,160,1,+,A,C,mismatch,wt_329,693,1,target
synthetic,104,108,1,+,A,C,mismatch,wt_330,704,1,target
synthetic,157,161,1,+,A,C,mismatch,wt_331,703,1,target
synthetic,64,69,1,+,A,C,mismatch,wt_332,705,1,target
synthetic,185,190,1,+,A,C,mismatch,wt_333,701,1,target
synthetic,116,120,1,+,A,C,mismatch,wt_334,696,1,target
synthetic,187,192,1,+,A,C,mismatch,wt_335,704,1,target
synthetic,124,124,1,+,A,C,mismatch,wt_336,702,1,target
synthetic,116,120,1,+,A,C,mismatch,wt_337,709,1,target
synthetic,70,75,1,+,A,C,mismatch,wt_338,703,1,target
synthetic,117,118,1,+,A,C,mismatch,wt_339,710,1,target
synthetic,52,53,1,+,A,C,mismatch,wt_340,709,1,target
synthetic,139,143,1,+,A,C,mismatch,wt_341,692,1,target
synthetic,83,85,1,+,A,C,mismatch,wt_342,704,1,target
synthetic,154,155,1,+,A,C,mismatch,wt_343,700,1,target
synthetic,198,203,1,+,A,C,mismatch,wt_344,691,1,target
synthetic,46,46,1,+,A,C,mismatch,wt_345,707,1,target
synthetic,100,103,1,+,A,C,mismatch,wt_346,706,1,target
synthetic,132,135,1,+,A,C,mismatch,wt_347,699,1,target
synthetic,160,161,1,+,A,C,mismatch,wt_348,709,1,target
synthetic,130,132,1,+,A,C,mismatch,wt_349,701,1,target
synthetic,171,172,1,+,A,C,mismatch,wt_350,708,1,target
synthetic,48,49,1,+,A,C,mismatch,wt_351,700,1,target
synthetic,174,177,1,+,A,C,mismatch,wt_352,695,1,target
synthetic,70,73,1,+,A,C,mismatch,wt_353,696,1,target
synthetic,188,188,1,+,A,C,mismatch,wt_354,692,1,target
synthetic,62,66,1,+,A,C,mismatch,wt_355,707,1,target
synthetic,58,63,1,+,A,C,mismatch,wt_356,702,1,target
synthetic,96,101,1,+,A,C,mismatch,wt_357,701,1,target
synthetic,137,140,1,+,A,C,mismatch,wt_358,702,1,target
synthetic,164,167,1,+,A,C,mismatch,wt_359,699,1,target
synthetic,131,133,1,+,A,C,mismatch,wt_360,709,1,target
synthetic,74,78,1,+,A,C,mismatch,wt_361,696,1,target
synthetic,133,137,1,+,A,C,mismatch,wt_362,695,1,target
synthetic,164,165,1,+,A,C,mismatch,wt_363,698,1,target
synthetic,197,198,1,+,A,C,mismatch,wt_364,705,1,target
synthetic,157,158,1,+,A,C,mismatch,wt_365,702,1,target
synthetic,107,109,1,+,A,C,mismatch,wt_366,704,1,target
synthetic,47,49,1,+,A,C,mismatch,wt_367,702,1,target
synthetic,83,87,1,+,A,C,mismatch,wt_368,702,1,target
synthetic,175,175,1,+,A,C,mismatch,wt_369,698,1,target
synthetic,76,76,1,+,A,C,mismatch,wt_370,691,1,target
synthetic,156,159,1,+,A,C,mismatch,wt_371,702,1,target
synthetic,46,50,1,+,A,C,mismatch,wt_372,697,1,target
synthetic,141,141,1,+,A,C,mismatch,wt_373,710,1,target
synthetic,189,190,1,+,A,C,mismatch,wt_374,707,1,target
synthetic,122,123,1,+,A,C,mismatch,wt_375,707,1,target
synthetic,55,57,1,+,A,C,mismatch,wt_376,693,1,target
synthetic,110,112,1,+,A,C,mismatch,wt_377,701,1,target
synthetic,176,180,1,+,A,C,mismatch,wt_378,702,1,target
synthetic,89,92,1,+,A,C,mismatch,wt_379,693,1,target
synthetic,163,165,1,+,A,C,mismatch,wt_380,700,1,target
synthetic,189,193,1,+,A,C,mismatch,wt_381,706,1,target
synthetic,53,56,1,+,A,C,mismatch,wt_382,709,1,target
synthetic,122,126,1,+,A,C,mismatch,wt_383,707,1,target
synthetic,144,146,1,+,A,C,mismatch,wt_384,696,1,target
synthetic,196,200,1,+,A,C,mismatch,wt_385,695,1,target
synthetic,110,111,1,+,A,C,mismatch,wt_386,691,1,target
synthetic,161,165,1,+,A,C,mismatch,wt_387,707,1,target
synthetic,137,142,1,+,A,C,mismatch,wt_388,695,1,target
synthetic,123,125,1,+,A,C,mismatch,wt_389,690,1,target
synthetic,155,160,1,+,A,C,mismatch,wt_390,702,1,target
synthetic,107,112,1,+,A,C,mismatch,wt_391,702,1,target
synthetic,69,70,1,+,A,C,mismatch,wt_392,694,1,target
synthetic,113,113,1,+,A,C,mismatch,wt_393,700,1,target
synthetic,75,78,1,+,A,C,mismatch,wt_394,702,1,target
synthetic,119,120,1,+,A,C,mismatch,wt_395,699,1,target
synthetic,83,86,1,+,A,C,mismatch,wt_396,701,1,target
synthetic,193,196,1,+,A,C,mismatch,wt_397,704,1,target
synthetic,170,173,1,+,A,C,mismatch,wt_398,695,1,target
synthetic,49,52,1,+,A,C,mismatch,wt_399,700,1,target
synthetic,84,84,1,+,A,C,mismatch,wt_400,710,1,target
synthetic,60,60,1,+,A,C,mismatch,wt_401,694,1,target
synthetic,40,40,1,+,A,C,mismatch,wt_402,693,1,target
synthetic,128,129,1,+,A,C,mismatch,wt_403,710,1,target
synthetic,163,168,1,+,A,C,mismatch,wt_404,710,1,target
synthetic,110,111,1,+,A,C,mismatch,wt_405,708,1,target
synthetic,143,145,1,+,A,C,mismatch,wt_406,706,1,target
synthetic,104,109,1,+,A,C,mismatch,wt_407,692,1,target
synthetic,84,89,1,+,A,C,mismatch,wt_408,702,1,target
synthetic,145,148,1,+,A,C,mismatch,wt_409,706,1,target
synthetic,123,124,1,+,A,C,mismatch,wt_410,697,1,target
synthetic,63,68,1,+,A,C,mismatch,wt_411,695,1,target
synthetic,171,171,1,+,A,C,mismatch,wt_412,699,1,target
synthetic,65,70,1,+,A,C,mismatch,wt_413,700,1,target
synthetic,167,169,1,+,A,C,mismatch,wt_414,699,1,target
synthetic,178,182,1,+,A,C,mismatch,wt_415,698,1,target
synthetic,80,80,1,+,A,C,mismatch,wt_416,693,1,target
synthetic,127,129,1,+,A,C,mismatch,wt_417,699,1,target
synthetic,89,93,1,+,A,C,mismatch,wt_418,698,1,target
synthetic,88,90,1,+,A,C,mismatch,wt_419,702,1,target
synthetic,178,182,1,+,A,C,mismatch,wt_420,699,1,target
synthetic,184,184,1,+,A,C,mismatch,wt_421,706,1,target
synthetic,146,149,1,+,A,C,mismatch,wt_422,698,1,target
synthetic,56,56,1,+,A,C,mismatch,wt_423,701,1,target
synthetic,153,156,1,+,A,C,mismatch,wt_424,701,1,target
synthetic,175,179,1,+,A,C,mismatch,wt_425,701,1,target
synthetic,144,148,1,+,A,C,mismatch,wt_426,706,1,target
synthetic,71,72,1,+,A,C,mismatch,wt_427,705,1,target
synthetic,172,172,1,+,A,C,mismatch,wt_428,698,1,target
synthetic,180,180,1,+,A,C,mismatch,wt_429,699,1,target
synthetic,56,58,1,+,A,C,mismatch,wt_430,698,1,target
synthetic,185,186,1,+,A,C,mismatch,wt_431,701,1,target
synthetic,180,183,1,+,A,C,mismatch,wt_432,697,1,target
synthetic,109,110,1,+,A,C,mismatch,wt_433,692,1,target
synthetic,87,89,1,+,A,C,mismatch,wt_434,705,1,target
synthetic,104,104,1,+,A,C,mismatch,wt_435,691,1,target
synthetic,164,164,1,+,A,C,mismatch,wt_436,692,1,target
synthetic,110,115,1,+,A,C,mismatch,wt_437,699,1,target
synthetic,199,204,1,+,A,C,mismatch,wt_438,698,1,target
synthetic,71,71,1,+,A,C,mismatch,wt_439,704,1,target
synthetic,100,103,1,+,A,C,mismatch,wt_440,693,1,target
synthetic,165,167,1,+,A,C,mismatch,wt_441,708,1,target
synthetic,200,205,1,+,A,C,mismatch,wt_442,695,1,target
synthetic,136,136,1,+,A,C,mismatch,wt_443,702,1,target
synthetic,186,187,1,+,A,C,mismatch,wt_444,693,1,target
synthetic,117,118,1,+,A,C,mismatch,wt_445,692,1,target
synthetic,163,163,1,+,A,C,mismatch,wt_446,690,1,target
synthetic,45,48,1,+,A,C,mismatch,wt_447,693,1,target
synthetic,179,183,1,+,A,C,mismatch,wt_448,705,1,target
synthetic,53,55,1,+,A,C,mismatch,wt_449,701,1,target
synthetic,183,188,1,+,A,C,mismatch,wt_450,709,1,target
synthetic,43,45,1,+,A,C,mismatch,wt_451,709,1,target
synthetic,152,154,1,+,A,C,mismatch,wt_452,709,1,target
synthetic,96,96,1,+,A,C,mismatch,wt_453,706,1,target
synthetic,145,150,1,+,A,C,mismatch,wt_454,697,1,target
synthetic,103,103,1,+,A,C,mismatch,wt_455,706,1,target
synthetic,94,98,1,+,A,C,mismatch,wt_456,693,1,target
synthetic,50,55,1,+,A,C,mismatch,wt_457,697,1,target
synthetic,136,141,1,+,A,C,mismatch,wt_458,693,1,target
synthetic,135,138,1,+,A,C,mismatch,wt_459,697,1,target
synthetic,151,153,1,+,A,C,mismatch,wt_460,705,1,target
synthetic,185,190,1,+,A,C,mismatch,wt_461,705,1,target
synthetic,41,46,1,+,A,C,mismatch,wt_462,705,1,target
synthetic,60,60,1,+,A,C,mismatch,wt_463,695,1,target
synthetic,56,56,1,+,A,C,mismatch,wt_464,697,1,target
synthetic,80,80,1,+,A,C,mismatch,wt_465,701,1,target
synthetic,78,78,1,+,A,C,mismatch,wt_466,698,1,target
synthetic,124,126,1,+,A,C,mismatch,wt_467,706,1,target
synthetic,68,70,1,+,A,C,mismatch,wt_468,702,1,target
synthetic,106,109,1,+,A,C,mismatch,wt_469,709,1,target
synthetic,140,145,1,+,A,C,mismatch,wt_470,700,1,target
synthetic,43,46,1,+,A,C,mismatch,wt_471,701,1,target
synthetic,92,92,1,+,A,C,mismatch,wt_472,691,1,target
synthetic,119,124,1,+,A,C,mismatch,wt_473,696,1,target
synthetic,41,42,1,+,A,C,mismatch,wt_474,707,1,target
synthetic,84,88,1,+,A,C,mismatch,wt_475,707,1,target
synthetic,76,76,1,+,A,C,mismatch,wt_476,693,1,target
synthetic,130,132,1,+,A,C,mismatch,wt_477,693,1,target
synthetic,171,171,1,+,A,C,mismatch,wt_478,708,1,target
synthetic,76,79,1,+,A,C,mismatch,wt_479,697,1,target
synthetic,178,179,1,+,A,C,mismatch,wt_480,706,1,target
synthetic,149,150,1,+,A,C,mismatch,wt_481,707,1,target
synthetic,168,168,1,+,A,C,mismatch,wt_482,692,1,target
synthetic,80,81,1,+,A,C,mismatch,wt_483,692,1,target
synthetic,180,182,1,+,A,C,mismatch,wt_484,698,1,target
synthetic,117,119,1,+,A,C,mismatch,wt_485,695,1,target
synthetic,135,135,1,+,A,C,mismatch,wt_486,698,1,target
synthetic,168,168,1,+,A,C,mismatch,wt_487,691,1,target
synthetic,168,172,1,+,A,C,mismatch,wt_488,707,1,target
synthetic,113,113,1,+,A,C,mismatch,wt_489,698,1,target
synthetic,188,188,1,+,A,C,mismatch,wt_490,698,1,target
synthetic,45,49,1,+,A,C,mismatch,wt_491,696,1,target
synthetic,96,98,1,+,A,C,mismatch,wt_492,709,1,target
synthetic,67,68,1,+,A,C,mismatch,wt_493,709,1,target
synthetic,65,65,1,+,A,C,mismatch,wt_494,699,1,target
synthetic,63,65,1,+,A,C,mismatch,wt_495,695,1,target
synthetic,104,105,1,+,A,C,mismatch,wt_496,694,1,target
synthetic,103,103,1,+,A,C,mismatch,wt_497,692,1,target
synthetic,133,137,1,+,A,C,mismatch,wt_498,705,1,target
synthetic,141,141,1,+,A,C,mismatch,wt_499,706,1,target
synthetic,134,136,1,+,A,C,mismatch,wt_500,697,1,target
synthetic,92,96,1,+,A,C,mismatch,wt_501,705,1,target
synthetic,185,190,1,+,A,C,mismatch,wt_502,708,1,target
synthetic,112,117,1,+,A,C,mismatch,wt_503,706,1,target
synthetic,92,92,1,+,A,C,mismatch,wt_504,704,1,target
synthetic,100,102,1,+,A,C,mismatch,wt_505,704,1,target
synthetic,154,154,1,+,A,C,mismatch,wt_506,697,1,target
synthetic,137,140,1,+,A,C,mismatch,wt_507,691,1,target
synthetic,124,129,1,+,A,C,mismatch,wt_508,696,1,target
synthetic,188,191,1,+,A,C,mismatch,wt_509,708,1,target
synthetic,176,176,1,+,A,C,mismatch,wt_510,699,1,target
synthetic,131,133,1,+,A,C,mismatch,wt_511,707,1,target
synthetic,74,75,1,+,A,C,mismatch,wt_512,697,1,target
synthetic,50,54,1,+,A,C,mismatch,wt_513,693,1,target
synthetic,134,138,1,+,A,C,mismatch,wt_514,703,1,target
synthetic,43,48,1,+,A,C,mismatch,wt_515,695,1,target
synthetic,107,107,1,+,A,C,mismatch,wt_516,698,1,target
synthetic,73,73,1,+,A,C,mismatch,wt_517,693,1,target
synthetic,114,114,1,+,A,C,mismatch,wt_518,709,1,target
synthetic,119,121,1,+,A,C,mismatch,wt_519,693,1,target
synthetic,192,195,1,+,A,C,mismatch,wt_520,696,1,target
synthetic,97,100,1,+,A,C,mismatch,wt_521,710,1,target
synthetic,86,87,1,+,A,C,mismatch,wt_522,705,1,target
synthetic,75,79,1,+,A,C,mismatch,wt_523,705,1,target
synthetic,131,131,1,+,A,C,mismatch,wt_524,703,1,target
synthetic,109,113,1,+,A,C,mismatch,wt_525,705,1,target
synthetic,153,157,1,+,A,C,mismatch,wt_526,709,1,target
synthetic,59,61,1,+,A,C,mismatch,wt_527,708,1,target
synthetic,106,108,1,+,A,C,mismatch,wt_528,695,1,target
synthetic,159,163,1,+,A,C,mismatch,wt_529,700,1,target
synthetic,102,105,1,+,A,C,mismatch,wt_530,691,1,target
synthetic,198,201,1,+,A,C,mismatch,wt_531,698,1,target
synthetic,161,162,1,+,A,C,mismatch,wt_532,691,1,target
synthetic,194,198,1,+,A,C,mismatch,wt_533,706,1,target
synthetic,173,174,1,+,A,C,mismatch,wt_534,692,1,target
synthetic,42,42,1,+,A,C,mismatch,wt_535,703,1,target
synthetic,112,117,1,+,A,C,mismatch,wt_536,706,1,target
synthetic,80,81,1,+,A,C,mismatch,wt_537,706,1,target
synthetic,148,152,1,+,A,C,mismatch,wt_538,691,1,target
synthetic,153,155,1,+,A,C,mismatch,wt_539,706,1,target
synthetic,180,185,1,+,A,C,mismatch,wt_540,695,1,target
synthetic,187,187,1,+,A,C,mismatch,wt_541,706,1,target
synthetic,109,113,1,+,A,C,mismatch,wt_542,693,1,target
synthetic,157,161,1,+,A,C,mismatch,wt_543,698,1,target
synthetic,167,170,1,+,A,C,mismatch,wt_544,692,1,target
synthetic,79,79,1,+,A,C,mismatch,wt_545,706,1,target
synthetic,101,102,1,+,A,C,mismatch,wt_546,694,1,target
synthetic,178,178,1,+,A,C,mismatch,wt_547,699,1,target
synthetic,107,112,1,+,A,C,mismatch,wt_548,706,1,target
synthetic,90,91,1,+,A,C,mismatch,wt_549,691,1,target
synthetic,137,141,1,+,A,C,mismatch,wt_550,703,1,target
synthetic,165,170,1,+,A,C,mismatch,wt_551,706,1,target
synthetic,170,174,1,+,A,C,mismatch,wt_552,701,1,target
synthetic,175,178,1,+,A,C,mismatch,wt_553,696,1,target
synthetic,174,178,1,+,A,C,mismatch,wt_554,703,1,target
synthetic,67,68,1,+,A,C,mismatch,wt_555,690,1,target
synthetic,165,165,1,+,A,C,mismatch,wt_556,705,1,target
synthetic,185,187,1,+,A,C,mismatch,wt_557,708,1,target
synthetic,189,192,1,+,A,C,mismatch,wt_558,690,1,target
synthetic,82,87,1,+,A,C,mismatch,wt_559,698,1,target
synthetic,184,187,1,+,A,C,mismatch,wt_560,708,1,target
synthetic,124,129,1,+,A,C,mismatch,wt_561,690,1,target
synthetic,68,72,1,+,A,C,mismatch,wt_562,706,1,target
synthetic,42,42,1,+,A,C,mismatch,wt_563,704,1,target
synthetic,91,96,1,+,A,C,mismatch,wt_564,708,1,target
synthetic,106,108,1,+,A,C,mismatch,wt_565,695,1,target
synthetic,127,131,1,+,A,C,mismatch,wt_566,703,1,target
synthetic,164,166,1,+,A,C,mismatch,wt_567,691,1,target
synthetic,73,73,1,+,A,C,mismatch,wt_568,697,1,target
synthetic,86,88,1,+,A,C,mismatch,wt_569,694,1,target
synthetic,44,45,1,+,A,C,mismatch,wt_570,697,1,target
synthetic,192,193,1,+,A,C,mismatch,wt_571,694,1,target
synthetic,133,138,1,+,A,C,mismatch,wt_572,694,1,target
synthetic,97,102,1,+,A,C,mismatch,wt_573,703,1,target
synthetic,148,149,1,+,A,C,mismatch,wt_574,702,1,target
synthetic,105,110,1,+,A,C,mismatch,wt_575,707,1,target
synthetic,173,178,1,+,A,C,mismatch,wt_576,703,1,target
synthetic,91,95,1,+,A,C,mismatch,wt_577,708,1,target
synthetic,103,103,1,+,A,C,mismatch,wt_578,707,1,target
synthetic,191,195,1,+,A,C,mismatch,wt_579,703,1,target
synthetic,126,130,1,+,A,C,mismatch,wt_580,693,1,target
synthetic,87,87,1,+,A,C,mismatch,wt_581,699,1,target
synthetic,87,87,1,+,A,C,mismatch,wt_582,703,1,target
synthetic,79,81,1,+,A,C,mismatch,wt_583,696,1,target
synthetic,174,179,1,+,A,C,mismatch,wt_584,701,1,target
synthetic,77,82,1,+,A,C,mismatch,wt_585,709,1,target
synthetic,113,118,1,+,A,C,mismatch,wt_586,698,1,target
synthetic,88,90,1,+,A,C,mismatch,wt_587,707,1,target
synthetic,139,142,1,+,A,C,mismatch,wt_588,690,1,target
synthetic,189,189,1,+,A,C,mismatch,wt_589,708,1,target
synthetic,89,94,1,+,A,C,mismatch,wt_590,702,1,target
synthetic,100,105,1,+,A,C,mismatch,wt_591,690,1,target
synthetic,181,185,1,+,A,C,mismatch,wt_592,693,1,target
synthetic,130,134,1,+,A,C,mismatch,wt_593,709,1,target
synthetic,130,130,1,+,A,C,mismatch,wt_594,704,1,target
synthetic,57,62,1,+,A,C,mismatch,wt_595,706,1,target
synthetic,121,122,1,+,A,C,mismatch,wt_596,700,1,target
synthetic,120,120,1,+,A,C,mismatch,wt_597,708,1,target
synthetic,192,194,1,+,A,C,mismatch,wt_598,709,1,target
synthetic,104,105,1,+,A,C,mismatch,wt_599,702,1,target
synthetic,122,123,1,+,A,C,mismatch,wt_600,699,1,target
synthetic,131,136,1,+,A,C,mismatch,wt_601,695,1,target
synthetic,160,163,1,+,A,C,mismatch,wt_602,702,1,target
synthetic,51,55,1,+,A,C,mismatch,wt_603,694,1,target
synthetic,145,149,1,+,A,C,mismatch,wt_604,704,1,target
synthetic,115,117,1,+,A,C,mismatch,wt_605,694,1,target
synthetic,41,42,1,+,A,C,mismatch,wt_606,704,1,target
synthetic,176,177,1,+,A,C,mismatch,wt_607,706,1,target
synthetic,43,45,1,+,A,C,mismatch,wt_608,702,1,target
synthetic,119,120,1,+,A,C,mismatch,wt_609,699,1,target
synthetic,86,86,1,+,A,C,mismatch,wt_610,698,1,target
synthetic,107,112,1,+,A,C,mismatch,wt_611,703,1,target
synthetic,40,45,1,+,A,C,mismatch,wt_612,707,1,target
synthetic,57,58,1,+,A,C,mismatch,wt_613,704,1,target
synthetic,136,136,1,+,A,C,mismatch,wt_614,696,1,target
synthetic,116,120,1,+,A,C,mismatch,wt_615,703,1,target
synthetic,121,126,1,+,A,C,mismatch,wt_616,701,1,target
synthetic,79,84,1,+,A,C,mismatch,wt_617,691,1,target
synthetic,71,73,1,+,A,C,mismatch,wt_618,708,1,target
synthetic,172,173,1,+,A,C,mismatch,wt_619,692,1,target
synthetic,90,93,1,+,A,C,mismatch,wt_620,691,1,target
synthetic,158,161,1,+,A,C,mismatch,wt_621,692,1,target
synthetic,137,137,1,+,A,C,mismatch,wt_622,699,1,target
synthetic,89,93,1,+,A,C,mismatch,wt_623,695,1,target
synthetic,136,138,1,+,A,C,mismatch,wt_624,705,1,target
synthetic,67,70,1,+,A,C,mismatch,wt_625,709,1,target
synthetic,66,67,1,+,A,C,mismatch,wt_626,692,1,target
synthetic,103,108,1,+,A,C,mismatch,wt_627,691,1,target
synthetic,68,72,1,+,A,C,mismatch,wt_628,710,1,target
synthetic,159,164,1,+,A,C,mismatch,wt_629,708,1,target
synthetic,113,114,1,+,A,C,mismatch,wt_630,703,1,target
synthetic,102,103,1,+,A,C,mismatch,wt_631,699,1,target
synthetic,63,66,1,+,A,C,mismatch,wt_632,697,1,target
synthetic,165,168,1,+,A,C,mismatch,wt_633,697,1,target
synthetic,138,140,1,+,A,C,mismatch,wt_634,699,1,target
synthetic,188,190,1,+,A,C,mismatch,wt_635,693,1,target
synthetic,177,179,1,+,A,C,mismatch,wt_636,701,1,target
synthetic,54,59,1,+,A,C,mismatch,wt_637,708,1,target
synthetic,103,106,1,+,A,C,mismatch,wt_638,690,1,target
synthetic,93,98,1,+,A,C,mismatch,wt_639,701,1,target
synthetic,138,140,1,+,A,C,mismatch,wt_640,707,1,target
synthetic,123,124,1,+,A,C,mismatch,wt_641,694,1,target
synthetic,84,87,1,+,A,C,mismatch,wt_642,701,1,target
synthetic,120,122,1,+,A,C,mismatch,wt_643,696,1,target
synthetic,104,109,1,+,A,C,mismatch,wt_644,706,1,target
synthetic,118,120,1,+,A,C,mismatch,wt_645,709,1,target
synthetic,200,202,1,+,A,C,mismatch,wt_646,702,1,target
synthetic,156,160,1,+,A,C,mismatch,wt_647,707,1,target
synthetic,89,94,1,+,A,C,mismatch,wt_648,695,1,target
synthetic,152,152,1,+,A,C,mismatch,wt_649,694,1,target
synthetic,121,122,1,+,A,C,mismatch,wt_650,708,1,target
synthetic,56,58,1,+,A,C,mismatch,wt_651,694,1,target
synthetic,126,127,1,+,A,C,mismatch,wt_652,708,1,target
synthetic,183,184,1,+,A,C,mismatch,wt_653,696,1,target
synthetic,151,155,1,+,A,C,mismatch,wt_654,699,1,target
synthetic,185,185,1,+,A,C,mismatch,wt_655,698,1,target
synthetic,174,176,1,+,A,C,mismatch,wt_656,691,1,target
synthetic,184,186,1,+,A,C,mismatch,wt_657,698,1,target
synthetic,67,68,1,+,A,C,mismatch,wt_658,691,1,target
synthetic,161,162,1,+,A,C,mismatch,wt_659,705,1,target
synthetic,93,94,1,+,A,C,mismatch,wt_660,696,1,target
synthetic,54,55,1,+,A,C,mismatch,wt_661,708,1,target
synthetic,181,182,1,+,A,C,mismatch,wt_662,701,1,target
synthetic,184,185,1,+,A,C,mismatch,wt_663,701,1,target
synthetic,108,111,1,+,A,C,mismatch,wt_664,699,1,target
synthetic,126,129,1,+,A,C,mismatch,wt_665,708,1,target
synthetic,83,85,1,+,A,C,mismatch,wt_666,706,1,target
synthetic,91,92,1,+,A,C,mismatch,wt_667,697,1,target
synthetic,99,102,1,+,A,C,mismatch,wt_668,697,1,target
synthetic,188,190,1,+,A,C,mismatch,wt_669,706,1,target
synthetic,180,184,1,+,A,C,mismatch,wt_670,694,1,target
synthetic,106,108,1,+,A,C,mismatch,wt_671,698,1,target
synthetic,137,137,1,+,A,C,mismatch,wt_672,707,1,target
synthetic,197,200,1,+,A,C,mismatch,wt_673,692,1,target
synthetic,49,52,1,+,A,C,mismatch,wt_674,692,1,target
synthetic,146,151,1,+,A,C,mismatch,wt_675,699,1,target
synthetic,149,152,1,+,A,C,mismatch,wt_676,708,1,target
synthetic,148,153,1,+,A,C,mismatch,wt_677,704,1,target
synthetic,92,93,1,+,A,C,mismatch,wt_678,697,1,target
synthetic,115,116,1,+,A,C,mismatch,wt_679,694,1,target
synthetic,46,46,1,+,A,C,mismatch,wt_680,707,1,target
synthetic,166,170,1,+,A,C,mismatch,wt_681,705,1,target
synthetic,181,182,1,+,A,C,mismatch,wt_682,705,1,target
synthetic,180,185,1,+,A,C,mismatch,wt_683,706,1,target
synthetic,162,163,1,+,A,C,mismatch,wt_684,706,1,target
synthetic,91,93,1,+,A,C,mismatch,wt_685,692,1,target
synthetic,59,64,1,+,A,C,mismatch,wt_686,707,1,target
synthetic,59,64,1,+,A,C,mismatch,wt_687,698,1,target
synthetic,148,151,1,+,A,C,mismatch,wt_688,710,1,target
synthetic,97,102,1,+,A,C,mismatch,wt_689,710,1,target
synthetic,179,180,1,+,A,C,mismatch,wt_690,697,1,target
synthetic,149,149,1,+,A,C,mismatch,wt_691,703,1,target
synthetic,83,86,1,+,A,C,mismatch,wt_692,706,1,target
synthetic,152,153,1,+,A,C,mismatch,wt_693,698,1,target
synthetic,149,154,1,+,A,C,mismatch,wt_694,694,1,target
synthetic,138,140,1,+,A,C,mismatch,wt_695,705,1,target
synthetic,148,149,1,+,A,C,mismatch,wt_696,696,1,target
synthetic,61,62,1,+,A,C,mismatch,wt_697,703,1,target
synthetic,180,185,1,+,A,C,mismatch,wt_698,703,1,target
synthetic,124,127,1,+,A,C,mismatch,wt_699,705,1,target
synthetic,93,98,1,+,A,C,mismatch,wt_700,705,1,target
synthetic,66,67,1,+,A,C,mismatch,wt_701,707,1,target
synthetic,196,198,1,+,A,C,mismatch,wt_702,702,1,target
synthetic,73,77,1,+,A,C,mismatch,wt_703,695,1,target
synthetic,164,166,1,+,A,C,mismatch,wt_704,703,1,target
synthetic,142,142,1,+,A,C,mismatch,wt_705,695,1,target
synthetic,158,158,1,+,A,C,mismatch,wt_706,702,1,target
synthetic,57,58,1,+,A,C,mismatch,wt_707,705,1,target
synthetic,181,184,1,+,A,C,mismatch,wt_708,692,1,target
synthetic,117,117,1,+,A,C,mismatch,wt_709,699,1,target
synthetic,153,154,1,+,A,C,mismatch,wt_710,698,1,target
synthetic,168,171,1,+,A,C,mismatch,wt_711,709,1,target
synthetic,167,168,1,+,A,C,mismatch,wt_712,698,1,target
synthetic,114,119,1,+,A,C,mismatch,wt_713,691,1,target
synthetic,143,145,1,+,A,C,mismatch,wt_714,699,1,target
synthetic,40,45,1,+,A,C,mismatch,wt_715,694,1,target
synthetic,179,180,1,+,A,C,mismatch,wt_716,709,1,target
synthetic,164,169,1,+,A,C,mismatch,wt_717,698,1,target
synthetic,82,84,1,+,A,C,mismatch,wt_718,708,1,target
synthetic,48,50,1,+,A,C,mismatch,wt_719,701,1,target
synthetic,136,139,1,+,A,C,mismatch,wt_720,703,1,target
synthetic,169,173,1,+,A,C,mismatch,wt_721,696,1,target
synthetic,147,151,1,+,A,C,mismatch,wt_722,702,1,target
synthetic,170,172,1,+,A,C,mismatch,wt_723,707,1,target
synthetic,64,66,1,+,A,C,mismatch,wt_724,709,1,target
synthetic,45,49,1,+,A,C,mismatch,wt_725,698,1,target
synthetic,48,50,1,+,A,C,mismatch,wt_726,708,1,target
synthetic,156,156,1,+,A,C,mismatch,wt_727,708,1,target
synthetic,129,134,1,+,A,C,mismatch,wt_728,699,1,target
synthetic,64,67,1,+,A,C,mismatch,wt_729,709,1,target
synthetic,91,96,1,+,A,C,mismatch,wt_730,704,1,target
synthetic,83,88,1,+,A,C,mismatch,wt_731,707,1,target
synthetic,170,171,1,+,A,C,mismatch,wt_732,705,1,target
synthetic,79,82,1,+,A,C,mismatch,wt_733,694,1,target
synthetic,105,108,1,+,A,C,mismatch,wt_734,704,1,target
synthetic,185,189,1,+,A,C,mismatch,wt_735,692,1,target
synthetic,131,136,1,+,A,C,mismatch,wt_736,692,1,target
synthetic,173,177,1,+,A,C,mismatch,wt_737,696,1,target
synthetic,46,47,1,+,A,C,mismatch,wt_738,699,1,target
synthetic,43,43,1,+,A,C,mismatch,wt_739,701,1,target
synthetic,114,119,1,+,A,C,mismatch,wt_740,697,1,target
synthetic,90,95,1,+,A,C,mismatch,wt_741,704,1,target
synthetic,157,161,1,+,A,C,mismatch,wt_742,696,1,target
synthetic,133,137,1,+,A,C,mismatch,wt_743,703,1,target
synthetic,87,92,1,+,A,C,mismatch,wt_744,697,1,target
synthetic,137,140,1,+,A,C,mismatch,wt_745,708,1,target
synthetic,44,45,1,+,A,C,mismatch,wt_746,700,1,target
synthetic,47,49,1,+,A,C,mismatch,wt_747,696,1,target
synthetic,123,123,1,+,A,C,mismatch,wt_748,692,1,target
synthetic,139,140,1,+,A,C,mismatch,wt_749,691,1,target
synthetic,76,76,1,+,A,C,mismatch,wt_750,693,1,target
synthetic,132,137,1,+,A,C,mismatch,wt_751,693,1,target
synthetic,94,97,1,+,A,C,mismatch,wt_752,707,1,target
synthetic,171,176,1,+,A,C,mismatch,wt_753,692,1,target
synthetic,86,87,1,+,A,C,mismatch,wt_754,707,1,target
synthetic,184,185,1,+,A,C,mismatch,wt_755,700,1,target
synthetic,150,154,1,+,A,C,mismatch,wt_756,704,1,target
synthetic,97,101,1,+,A,C,mismatch,wt_757,708,1,target
synthetic,64,65,1,+,A,C,mismatch,wt_758,700,1,target
synthetic,55,59,1,+,A,C,mismatch,wt_759,699,1,target
synthetic,145,149,1,+,A,C,mismatch,wt_760,694,1,target
synthetic,193,195,1,+,A,C,mismatch,wt_761,708,1,target
synthetic,185,189,1,+,A,C,mismatch,wt_762,690,1,target
synthetic,148,151,1,+,A,C,mismatch,wt_763,693,1,target
synthetic,155,158,1,+,A,C,mismatch,wt_764,699,1,target
synthetic,196,199,1,+,A,C,mismatch,wt_765,705,1,target
synthetic,108,108,1,+,A,C,mismatch,wt_766,693,1,target
synthetic,95,96,1,+,A,C,mismatch,wt_767,699,1,target
synthetic,110,115,1,+,A,C,mismatch,wt_768,698,1,target
synthetic,166,169,1,+,A,C,mismatch,wt_769,701,1,target
synthetic,184,188,1,+,A,C,mismatch,wt_770,694,1,target
synthetic,179,184,1,+,A,C,mismatch,wt_771,707,1,target
synthetic,160,162,1,+,A,C,mismatch,wt_772,709,1,target
synthetic,52,52,1,+,A,C,mismatch,wt_773,695,1,target
synthetic,199,202,1,+,A,C,mismatch,wt_774,691,1,target
synthetic,183,183,1,+,A,C,mismatch,wt_775,709,1,target
synthetic,94,99,1,+,A,C,mismatch,wt_776,700,1,target
synthetic,125,129,1,+,A,C,mismatch,wt_777,697,1,target
synthetic,74,76,1,+,A,C,mismatch,wt_778,698,1,target
synthetic,92,97,1,+,A,C,mismatch,wt_779,705,1,target
synthetic,189,192,1,+,A,C,mismatch,wt_780,705,1,target
synthetic,102,105,1,+,A,C,mismatch,wt_781,703,1,target
synthetic,184,188,1,+,A,C,mismatch,wt_782,691,1,target
synthetic,176,180,1,+,A,C,mismatch,wt_783,705,1,target
synthetic,91,91,1,+,A,C,mismatch,wt_784,696,1,target
synthetic,136,136,1,+,A,C,mismatch,wt_785,709,1,target
synthetic,49,53,1,+,A,C,mismatch,wt_786,709,1,target
synthetic,55,57,1,+,A,C,mismatch,wt_787,708,1,target
synthetic,139,142,1,+,A,C,mismatch,wt_788,691,1,target
synthetic,75,80,1,+,A,C,mismatch,wt_789,691,1,target
synthetic,145,150,1,+,A,C,mismatch,wt_790,703,1,target
synthetic,46,46,1,+,A,C,mismatch,wt_791,692,1,target
synthetic,196,197,1,+,A,C,mismatch,wt_792,704,1,target
synthetic,105,109,1,+,A,C,mismatch,wt_793,705,1,target
synthetic,119,119,1,+,A,C,mismatch,wt_794,701,1,target
synthetic,174,174,1,+,A,C,mismatch,wt_795,691,1,target
synthetic,147,148,1,+,A,C,mismatch,wt_796,709,1,target
synthetic,62,64,1,+,A,C,mismatch,wt_797,705,1,target
synthetic,52,57,1,+,A,C,mismatch,wt_798,708,1,target
synthetic,193,196,1,+,A,C,mismatch,wt_799,697,1,target
synthetic,50,53,1,+,A,C,mismatch,wt_800,699,1,target
synthetic,73,75,1,+,A,C,mismatch,wt_801,696,1,target
synthetic,81,81,1,+,A,C,mismatch,wt_802,694,1,target
synthetic,188,193,1,+,A,C,mismatch,wt_803,701,1,target
synthetic,183,188,1,+,A,C,mismatch,wt_804,700,1,target
synthetic,154,154,1,+,A,C,mismatch,wt_805,700,1,target
synthetic,118,122,1,+,A,C,mismatch,wt_806,704,1,target
synthetic,75,77,1,+,A,C,mismatch,wt_807,694,1,target
synthetic,58,63,1,+,A,C,mismatch,wt_808,706,1,target
synthetic,143,147,1,+,A,C,mismatch,wt_809,707,1,target
synthetic,179,180,1,+,A,C,mismatch,wt_810,695,1,target
synthetic,68,70,1,+,A,C,mismatch,wt_811,709,1,target
synthetic,63,67,1,+,A,C,mismatch,wt_812,709,1,target
synthetic,70,75,1,+,A,C,mismatch,wt_813,709,1,target
synthetic,170,170,1,+,A,C,mismatch,wt_814,705,1,target
synthetic,125,128,1,+,A,C,mismatch,wt_815,699,1,target
synthetic,111,116,1,+,A,C,mismatch,wt_816,703,1,target
synthetic,196,198,1,+,A,C,mismatch,wt_817,698,1,target
synthetic,42,45,1,+,A,C,mismatch,wt_818,706,1,target
synthetic,60,65,1,+,A,C,mismatch,wt_819,700,1,target
synthetic,197,202,1,+,A,C,mismatch,wt_820,699,1,target
synthetic,93,93,1,+,A,C,mismatch,wt_821,704,1,target
synthetic,106,106,1,+,A,C,mismatch,wt_822,700,1,target
synthetic,189,192,1,+,A,C,mismatch,wt_823,702,1,target
synthetic,62,63,1,+,A,C,mismatch,wt_824,710,1,target
synthetic,148,151,1,+,A,C,mismatch,wt_825,694,1,target
synthetic,188,189,1,+,A,C,mismatch,wt_826,695,1,target
synthetic,69,72,1,+,A,C,mismatch,wt_827,692,1,target
synthetic,183,184,1,+,A,C,mismatch,wt_828,705,1,target
synthetic,164,165,1,+,A,C,mismatch,wt_829,702,1,target
synthetic,84,87,1,+,A,C,mismatch,wt_830,707,1,target
synthetic,110,110,1,+,A,C,mismatch,wt_831,693,1,target
synthetic,58,59,1,+,A,C,mismatch,wt_832,701,1,target
synthetic,120,125,1,+,A,C,mismatch,wt_833,692,1,target
synthetic,64,65,1,+,A,C,mismatch,wt_834,705,1,target
synthetic,155,158,1,+,A,C,mismatch,wt_835,703,1,target
synthetic,62,67,1,+,A,C,mismatch,wt_836,708,1,target
synthetic,63,65,1,+,A,C,mismatch,wt_837,694,1,target
synthetic,68,72,1,+,A,C,mismatch,wt_838,707,1,target
synthetic,48,51,1,+,A,C,mismatch,wt_839,703,1,target
synthetic,50,50,1,+,A,C,mismatch,wt_840,694,1,target
synthetic,70,75,1,+,A,C,mismatch,wt_841,702,1,target
synthetic,100,100,1,+,A,C,mismatch,wt_842,693,1,target
synthetic,60,64,1,+,A,C,mismatch,wt_843,702,1,target
synthetic,124,129,1,+,A,C,mismatch,wt_844,695,1,target
synthetic,181,185,1,+,A,C,mismatch,wt_845,698,1,target
synthetic,173,175,1,+,A,C,mismatch,wt_846,697,1,target
synthetic,106,110,1,+,A,C,mismatch,wt_847,696,1,target
synthetic,130,130,1,+,A,C,mismatch,wt_848,701,1,target
synthetic,69,72,1,+,A,C,mismatch,wt_849,706,1,target
synthetic,75,79,1,+,A,C,mismatch,wt_850,697,1,target
synthetic,63,66,1,+,A,C,mismatch,wt_851,706,1,target
synthetic,197,198,1,+,A,C,mismatch,wt_852,698,1,target
synthetic,63,68,1,+,A,C,mismatch,wt_853,695,1,target
synthetic,161,164,1,+,A,C,mismatch,wt_854,703,1,target
synthetic,192,197,1,+,A,C,mismatch,wt_855,701,1,target
synthetic,175,179,1,+,A,C,mismatch,wt_856,700,1,target
synthetic,122,122,1,+,A,C,mismatch,wt_857,705,1,target
synthetic,53,53,1,+,A,C,mismatch,wt_858,695,1,target
synthetic,157,162,1,+,A,C,mismatch,wt_859,702,1,target
synthetic,71,72,1,+,A,C,mismatch,wt_860,691,1,target
synthetic,69,74,1,+,A,C,mismatch,wt_861,696,1,target
synthetic,162,167,1,+,A,C,mismatch,wt_862,693,1,target
synthetic,55,60,1,+,A,C,mismatch,wt_863,690,1,target
synthetic,134,137,1,+,A,C,mismatch,wt_864,709,1,target
synthetic,83,88,1,+,A,C,mismatch,wt_865,696,1,target
synthetic,87,92,1,+,A,C,mismatch,wt_866,707,1,target
synthetic,82,86,1,+,A,C,mismatch,wt_867,691,1,target
synthetic,160,161,1,+,A,C,mismatch,wt_868,708,1,target
synthetic,91,92,1,+,A,C,mismatch,wt_869,704,1,target
synthetic,88,88,1,+,A,C,mismatch,wt_870,703,1,target
synthetic,171,173,1,+,A,C,mismatch,wt_871,707,1,target
synthetic,123,125,1,+,A,C,mismatch,wt_872,706,1,target
synthetic,43,45,1,+,A,C,mismatch,wt_873,701,1,target
synthetic,73,77,1,+,A,C,mismatch,wt_874,695,1,target
synthetic,183,186,1,+,A,C,mismatch,wt_875,690,1,target
synthetic,143,146,1,+,A,C,mismatch,wt_876,701,1,target
synthetic,66,67,1,+,A,C,mismatch,wt_877,696,1,target
synthetic,182,185,1,+,A,C,mismatch,wt_878,709,1,target
synthetic,113,116,1,+,A,C,mismatch,wt_879,705,1,target
synthetic,54,58,1,+,A,C,mismatch,wt_880,691,1,target
synthetic,71,73,1,+,A,C,mismatch,wt_881,703,1,target
synthetic,84,86,1,+,A,C,mismatch,wt_882,704,1,target
synthetic,87,91,1,+,A,C,mismatch,wt_883,693,1,target
synthetic,118,118,1,+,A,C,mismatch,wt_884,695,1,target
synthetic,133,137,1,+,A,C,mismatch,wt_885,697,1,target
synthetic,138,141,1,+,A,C,mismatch,wt_886,698,1,target
synthetic,159,162,1,+,A,C,mismatch,wt_887,697,1,target
synthetic,199,203,1,+,A,C,mismatch,wt_888,709,1,target
synthetic,62,66,1,+,A,C,mismatch,wt_889,692,1,target
synthetic,59,64,1,+,A,C,mismatch,wt_890,706,1,target
synthetic,180,185,1,+,A,C,mismatch,wt_891,702,1,target
synthetic,151,153,1,+,A,C,mismatch,wt_892,707,1,target
synthetic,59,59,1,+,A,C,mismatch,wt_893,706,1,target
synthetic,64,69,1,+,A,C,mismatch,wt_894,695,1,target
synthetic,118,118,1,+,A,C,mismatch,wt_895,703,1,target
synthetic,137,142,1,+,A,C,mismatch,wt_896,698,1,target
synthetic,132,133,1,+,A,C,mismatch,wt_897,691,1,target
synthetic,132,134,1,+,A,C,mismatch,wt_898,704,1,target
synthetic,82,87,1,+,A,C,mismatch,wt_899,709,1,target
synthetic,188,193,1,+,A,C,mismatch,wt_900,699,1,target
synthetic,55,55,1,+,A,C,mismatch,wt_901,703,1,target
synthetic,40,41,1,+,A,C,mismatch,wt_902,700,1,target
synthetic,156,159,1,+,A,C,mismatch,wt_903,709,1,target
synthetic,166,170,1,+,A,C,mismatch,wt_904,699,1,target
synthetic,143,143,1,+,A,C,mismatch,wt_905,695,1,target
synthetic,126,128,1,+,A,C,mismatch,wt_906,692,1,target
synthetic,158,163,1,+,A,C,mismatch,wt_907,695,1,target
synthetic,116,117,1,+,A,C,mismatch,wt_908,698,1,target
synthetic,147,151,1,+,A,C,mismatch,wt_909,702,1,target
synthetic,166,168,1,+,A,C,mismatch,wt_910,706,1,target
synthetic,83,84,1,+,A,C,mismatch,wt_911,710,1,target
synthetic,109,114,1,+,A,C,mismatch,wt_912,707,1,target
synthetic,73,73,1,+,A,C,mismatch,wt_913,699,1,target
synthetic,58,59,1,+,A,C,mismatch,wt_914,707,1,target
synthetic,171,175,1,+,A,C,mismatch,wt_915,701,1,target
synthetic,145,147,1,+,A,C,mismatch,wt_916,707,1,target
synthetic,200,205,1,+,A,C,mismatch,wt_917,701,1,target
synthetic,187,190,1,+,A,C,mismatch,wt_918,704,1,target
synthetic,114,119,1,+,A,C,mismatch,wt_919,700,1,target
synthetic,76,77,1,+,A,C,mismatch,wt_920,704,1,target
synthetic,65,67,1,+,A,C,mismatch,wt_921,692,1,target
synthetic,130,132,1,+,A,C,mismatch,wt_922,691,1,target
synthetic,94,95,1,+,A,C,mismatch,wt_923,709,1,target
synthetic,76,79,1,+,A,C,mismatch,wt_924,700,1,target
synthetic,150,154,1,+,A,C,mismatch,wt_925,709,1,target
synthetic,144,146,1,+,A,C,mismatch,wt_926,700,1,target
synthetic,168,170,1,+,A,C,mismatch,wt_927,692,1,target
synthetic,172,176,1,+,A,C,mismatch,wt_928,696,1,target
synthetic,125,130,1,+,A,C,mismatch,wt_929,693,1,target
synthetic,155,158,1,+,A,C,mismatch,wt_930,704,1,target
synthetic,62,64,1,+,A,C,mismatch,wt_931,710,1,target
synthetic,177,178,1,+,A,C,mismatch,wt_932,691,1,target
synthetic,146,150,1,+,A,C,mismatch,wt_933,695,1,target
synthetic,195,200,1,+,A,C,mismatch,wt_934,707,1,target
synthetic,190,190,1,+,A,C,mismatch,wt_935,698,1,target
synthetic,53,56,1,+,A,C,mismatch,wt_936,702,1,target
synthetic,45,47,1,+,A,C,mismatch,wt_937,708,1,target
synthetic,164,167,1,+,A,C,mismatch,wt_938,708,1,target
synthetic,119,121,1,+,A,C,mismatch,wt_939,697,1,target
synthetic,42,47,1,+,A,C,mismatch,wt_940,698,1,target
synthetic,51,56,1,+,A,C,mismatch,wt_941,706,1,target
synthetic,121,125,1,+,A,C,mismatch,wt_942,709,1,target
synthetic,182,185,1,+,A,C,mismatch,wt_943,705,1,target
synthetic,138,140,1,+,A,C,mismatch,wt_944,707,1,target
synthetic,138,138,1,+,A,C,mismatch,wt_945,708,1,target
synthetic,124,129,1,+,A,C,mismatch,wt_946,701,1,target
synthetic,70,73,1,+,A,C,mismatch,wt_947,708,1,target
synthetic,69,71,1,+,A,C,mismatch,wt_948,695,1,target
synthetic,131,136,1,+,A,C,mismatch,wt_949,707,1,target
synthetic,52,53,1,+,A,C,mismatch,wt_950,704,1,target
synthetic,58,62,1,+,A,C,mismatch,wt_951,691,1,target
synthetic,68,70,1,+,A,C,mismatch,wt_952,695,1,target
synthetic,126,128,1,+,A,C,mismatch,wt_953,701,1,target
synthetic,189,191,1,+,A,C,mismatch,wt_954,699,1,target
synthetic,100,100,1,+,A,C,mismatch,wt_955,697,1,target
synthetic,130,132,1,+,A,C,mismatch,wt_956,690,1,target
synthetic,77,78,1,+,A,C,mismatch,wt_957,699,1,target
synthetic,43,43,1,+,A,C,mismatch,wt_958,706,1,target
synthetic,108,109,1,+,A,C,mismatch,wt_959,699,1,target
synthetic,145,150,1,+,A,C,mismatch,wt_960,692,1,target
synthetic,65,70,1,+,A,C,mismatch,wt_961,697,1,target
synthetic,62,66,1,+,A,C,mismatch,wt_962,695,1,target
synthetic,106,111,1,+,A,C,mismatch,wt_963,699,1,target
synthetic,115,118,1,+,A,C,mismatch,wt_964,701,1,target
synthetic,185,187,1,+,A,C,mismatch,wt_965,705,1,target
synthetic,129,132,1,+,A,C,mismatch,wt_966,697,1,target
synthetic,136,140,1,+,A,C,mismatch,wt_967,691,1,target
synthetic,55,58,1,+,A,C,mismatch,wt_968,698,1,target
synthetic,123,123,1,+,A,C,mismatch,wt_969,698,1,target
synthetic,197,201,1,+,A,C,mismatch,wt_970,701,1,target
synthetic,159,159,1,+,A,C,mismatch,wt_971,700,1,target
synthetic,136,141,1,+,A,C,mismatch,wt_972,699,1,target
synthetic,117,121,1,+,A,C,mismatch,wt_973,692,1,target
synthetic,81,86,1,+,A,C,mismatch,wt_974,697,1,target
synthetic,141,143,1,+,A,C,mismatch,wt_975,708,1,target
synthetic,79,84,1,+,A,C,mismatch,wt_976,696,1,target
synthetic,54,57,1,+,A,C,mismatch,wt_977,699,1,target
synthetic,101,106,1,+,A,C,mismatch,wt_978,703,1,target
synthetic,194,194,1,+,A,C,mismatch,wt_979,704,1,target
synthetic,91,95,1,+,A,C,mismatch,wt_980,698,1,target
synthetic,96,97,1,+,A,C,mismatch,wt_981,706,1,target
synthetic,175,176,1,+,A,C,mismatch,wt_982,697,1,target
synthetic,68,71,1,+,A,C,mismatch,wt_983,709,1,target
synthetic,195,199,1,+,A,C,mismatch,wt_984,695,1,target
synthetic,157,162,1,+,A,C,mismatch,wt_985,708,1,target
synthetic,117,119,1,+,A,C,mismatch,wt_986,694,1,target
synthetic,41,46,1,+,A,C,mismatch,wt_987,700,1,target
synthetic,189,190,1,+,A,C,mismatch,wt_988,704,1,target
synthetic,180,184,1,+,A,C,mismatch,wt_989,708,1,target
synthetic,151,154,1,+,A,C,mismatch,wt_990,701,1,target
synthetic,58,63,1,+,A,C,mismatch,wt_991,691,1,target
synthetic,77,82,1,+,A,C,mismatch,wt_992,690,1,target
synthetic,197,199,1,+,A,C,mismatch,wt_993,693,1,target
synthetic,94,99,1,+,A,C,mismatch,wt_994,697,1,target
synthetic,170,174,1,+,A,C,mismatch,wt_995,697,1,target
synthetic,53,56,1,+,A,C,mismatch,wt_996,702,1,target
synthetic,45,50,1,+,A,C,mismatch,wt_997,708,1,target
synthetic,199,204,1,+,A,C,mismatch,wt_998,700,1,target
synthetic,117,122,1,+,A,C,mismatch,wt_999,700,1,target
synthetic,183,185,1,+,A,C,mismatch,wt_1000,706,1,target
synthetic,71,72,1,+,A,C,mismatch,wt_1001,704,1,target
synthetic,94,94,1,+,A,C,mismatch,wt_1002,690,1,target
synthetic,139,140,1,+,A,C,mismatch,wt_1003,699,1,target
synthetic,189,193,1,+,A,C,mismatch,wt_1004,709,1,target
synthetic,173,178,1,+,A,C,mismatch,wt_1005,697,1,target
synthetic,114,115,1,+,A,C,mismatch,wt_1006,701,1,target
synthetic,185,189,1,+,A,C,mismatch,wt_1007,707,1,target
synthetic,112,113,1,+,A,C,mismatch,wt_1008,690,1,target
synthetic,196,197,1,+,A,C,mismatch,wt_1009,701,1,target
synthetic,67,67,1,+,A,C,mismatch,wt_1010,694,1,target
synthetic,186,187,1,+,A,C,mismatch,wt_1011,705,1,target
synthetic,180,185,1,+,A,C,mismatch,wt_1012,691,1,target
synthetic,94,97,1,+,A,C,mismatch,wt_1013,709,1,target
synthetic,135,137,1,+,A,C,mismatch,wt_1014,700,1,target
synthetic,189,191,1,+,A,C,mismatch,wt_1015,705,1,target
synthetic,94,96,1,+,A,C,mismatch,wt_1016,703,1,target
synthetic,67,69,1,+,A,C,mismatch,wt_1017,702,1,target
synthetic,122,126,1,+,A,C,mismatch,wt_1018,699,1,target
synthetic,176,180,1,+,A,C,mismatch,wt_1019,698,1,target
synthetic,168,169,1,+,A,C,mismatch,wt_1020,691,1,target
synthetic,178,182,1,+,A,C,mismatch,wt_1021,709,1,target
synthetic,120,123,1,+,A,C,mismatch,wt_1022,704,1,target
synthetic,83,85,1,+,A,C,mismatch,wt_1023,707,1,target
synthetic,124,128,1,+,A,C,mismatch,wt_1024,708,1,target
synthetic,74,74,1,+,A,C,mismatch,wt_1025,696,1,target
synthetic,124,127,1,+,A,C,mismatch,wt_1026,690,1,target
synthetic,194,195,1,+,A,C,mismatch,wt_1027,710,1,target
synthetic,48,53,1,+,A,C,mismatch,wt_1028,706,1,target
synthetic,115,120,1,+,A,C,mismatch,wt_1029,708,1,target
synthetic,191,195,1,+,A,C,mismatch,wt_1030,699,1,target
synthetic,103,108,1,+,A,C,mismatch,wt_1031,705,1,target
synthetic,41,42,1,+,A,C,mismatch,wt_1032,694,1,target
synthetic,161,162,1,+,A,C,mismatch,wt_1033,694,1,target
synthetic,179,183,1,+,A,C,mismatch,wt_1034,710,1,target
synthetic,122,125,1,+,A,C,mismatch,wt_1035,690,1,target
synthetic,195,196,1,+,A,C,mismatch,wt_1036,701,1,target
synthetic,61,64,1,+,A,C,mismatch,wt_1037,709,1,target
synthetic,102,103,1,+,A,C,mismatch,wt_1038,701,1,target
synthetic,184,187,1,+,A,C,mismatch,wt_1039,693,1,target
synthetic,104,106,1,+,A,C,mismatch,wt_1040,704,1,target
synthetic,175,177,1,+,A,C,mismatch,wt_1041,696,1,target
synthetic,82,85,1,+,A,C,mismatch,wt_1042,693,1,target
synthetic,57,62,1,+,A,C,mismatch,wt_1043,696,1,target
synthetic,134,137,1,+,A,C,mismatch,wt_1044,703,1,target
synthetic,200,203,1,+,A,C,mismatch,wt_1045,700,1,target
synthetic,85,90,1,+,A,C,mismatch,wt_1046,700,1,target
synthetic,172,173,1,+,A,C,mismatch,wt_1047,699,1,target
synthetic,199,202,1,+,A,C,mismatch,wt_1048,708,1,target
synthetic,48,48,1,+,A,C,mismatch,wt_1049,695,1,target
synthetic,84,88,1,+,A,C,mismatch,wt_1050,692,1,target
synthetic,120,124,1,+,A,C,mismatch,wt_1051,697,1,target
synthetic,175,177,1,+,A,C,mismatch,wt_1052,698,1,target
synthetic,135,136,1,+,A,C,mismatch,wt_1053,701,1,target
synthetic,158,163,1,+,A,C,mismatch,wt_1054,706,1,target
synthetic,160,162,1,+,A,C,mismatch,wt_1055,692,1,target
synthetic,157,160,1,+,A,C,mismatch,wt_1056,706,1,target
synthetic,60,65,1,+,A,C,mismatch,wt_1057,706,1,target
synthetic,147,151,1,+,A,C,mismatch,wt_1058,708,1,target
synthetic,141,143,1,+,A,C,mismatch,wt_1059,692,1,target
synthetic,105,107,1,+,A,C,mismatch,wt_1060,695,1,target
synthetic,95,97,1,+,A,C,mismatch,wt_1061,698,1,target
synthetic,177,182,1,+,A,C,mismatch,wt_1062,707,1,target
synthetic,156,160,1,+,A,C,mismatch,wt_1063,705,1,target
synthetic,53,53,1,+,A,C,mismatch,wt_1064,702,1,target
synthetic,105,108,1,+,A,C,mismatch,wt_1065,703,1,target
synthetic,61,66,1,+,A,C,mismatch,wt_1066,700,1,target
synthetic,103,103,1,+,A,C,mismatch,wt_1067,709,1,target
synthetic,196,200,1,+,A,C,mismatch,wt_1068,710,1,target
synthetic,42,44,1,+,A,C,mismatch,wt_1069,703,1,target
synthetic,113,114,1,+,A,C,mismatch,wt_1070,707,1,target
synthetic,156,157,1,+,A,C,mismatch,wt_1071,698,1,target
synthetic,103,107,1,+,A,C,mismatch,wt_1072,698,1,target
synthetic,152,153,1,+,A,C,mismatch,wt_1073,693,1,target
synthetic,104,107,1,+,A,C,mismatch,wt_1074,699,1,target
synthetic,70,72,1,+,A,C,mismatch,wt_1075,703,1,target
synthetic,113,114,1,+,A,C,mismatch,wt_1076,693,1,target
synthetic,139,141,1,+,A,C,mismatch,wt_1077,696,1,target
synthetic,174,176,1,+,A,C,mismatch,wt_1078,705,1,target
synthetic,44,47,1,+,A,C,mismatch,wt_1079,703,1,target
synthetic,58,63,1,+,A,C,mismatch,wt_1080,691,1,target
synthetic,91,95,1,+,A,C,mismatch,wt_1081,693,1,target
synthetic,93,98,1,+,A,C,mismatch,wt_1082,694,1,target
synthetic,159,160,1,+,A,C,mismatch,wt_1083,690,1,target
synthetic,188,188,1,+,A,C,mismatch,wt_1084,691,1,target
synthetic,55,56,1,+,A,C,mismatch,wt_1085,694,1,target
synthetic,119,119,1,+,A,C,mismatch,wt_1086,693,1,target
synthetic,110,114,1,+,A,C,mismatch,wt_1087,697,1,target
synthetic,154,157,1,+,A,C,mismatch,wt_1088,690,1,target
synthetic,55,60,1,+,A,C,mismatch,wt_1089,691,1,target
synthetic,105,108,1,+,A,C,mismatch,wt_1090,700,1,target
synthetic,158,162,1,+,A,C,mismatch,wt_1091,701,1,target
synthetic,73,78,1,+,A,C,mismatch,wt_1092,699,1,target
synthetic,128,131,1,+,A,C,mismatch,wt_1093,695,1,target
synthetic,182,185,1,+,A,C,mismatch,wt_1094,709,1,target
synthetic,183,185,1,+,A,C,mismatch,wt_1095,690,1,target
synthetic,143,145,1,+,A,C,mismatch,wt_1096,698,1,target
synthetic,73,77,1,+,A,C,mismatch,wt_1097,692,1,target
synthetic,84,84,1,+,A,C,mismatch,wt_1098,707,1,target
synthetic,97,101,1,+,A,C,mismatch,wt_1099,706,1,target
synthetic,75,78,1,+,A,C,mismatch,wt_1100,709,1,target
synthetic,134,137,1,+,A,C,mismatch,wt_1101,703,1,target
synthetic,158,163,1,+,A,C,mismatch,wt_1102,699,1,target
synthetic,62,63,1,+,A,C,mismatch,wt_1103,694,1,target
synthetic,71,71,1,+,A,C,mismatch,wt_1104,704,1,target
synthetic,140,144,1,+,A,C,mismatch,wt_1105,708,1,target
synthetic,93,95,1,+,A,C,mismatch,wt_1106,692,1,target
synthetic,132,135,1,+,A,C,mismatch,wt_1107,696,1,target
synthetic,136,140,1,+,A,C,mismatch,wt_1108,710,1,target
synthetic,47,51,1,+,A,C,mismatch,wt_1109,697,1,target
synthetic,93,96,1,+,A,C,mismatch,wt_1110,699,1,target
synthetic,183,184,1,+,A,C,mismatch,wt_1111,697,1,target
synthetic,153,157,1,+,A,C,mismatch,wt_1112,709,1,target
synthetic,184,185,1,+,A,C,mismatch,wt_1113,692,1,target
synthetic,108,110,1,+,A,C,mismatch,wt_1114,693,1,target
synthetic,153,157,1,+,A,C,mismatch,wt_1115,695,1,target
synthetic,46,48,1,+,A,C,mismatch,wt_1116,693,1,target
synthetic,59,62,1,+,A,C,mismatch,wt_1117,709,1,target
synthetic,43,43,1,+,A,C,mismatch,wt_1118,690,1,target
synthetic,96,97,1,+,A,C,mismatch,wt_1119,706,1,target
synthetic,177,182,1,+,A,C,mismatch,wt_1120,706,1,target
synthetic,51,53,1,+,A,C,mismatch,wt_1121,695,1,target
synthetic,200,201,1,+,A,C,mismatch,wt_1122,696,1,target
synthetic,53,53,1,+,A,C,mismatch,wt_1123,704,1,target
synthetic,143,146,1,+,A,C,mismatch,wt_1124,697,1,target
synthetic,112,115,1,+,A,C,mismatch,wt_1125,708,1,target
synthetic,72,76,1,+,A,C,mismatch,wt_1126,692,1,target
synthetic,123,123,1,+,A,C,mismatch,wt_1127,695,1,target
synthetic,71,72,1,+,A,C,mismatch,wt_1128,692,1,target
synthetic,45,49,1,+,A,C,mismatch,wt_1129,697,1,target
synthetic,68,68,1,+,A,C,mismatch,wt_1130,707,1,target
synthetic,54,58,1,+,A,C,mismatch,wt_1131,694,1,target
synthetic,112,112,1,+,A,C,mismatch,wt_1132,705,1,target
synthetic,48,48,1,+,A,C,mismatch,wt_1133,690,1,target
synthetic,99,99,1,+,A,C,mismatch,wt_1134,698,1,target
synthetic,192,196,1,+,A,C,mismatch,wt_1135,691,1,target
synthetic,47,47,1,+,A,C,mismatch,wt_1136,705,1,target
synthetic,183,187,1,+,A,C,mismatch,wt_1137,696,1,target
synthetic,84,86,1,+,A,C,mismatch,wt_1138,704,1,target
synthetic,190,195,1,+,A,C,mismatch,wt_1139,709,1,target
synthetic,76,80,1,+,A,C,mismatch,wt_1140,705,1,target
synthetic,40,45,1,+,A,C,mismatch,wt_1141,703,1,target
synthetic,89,90,1,+,A,C,mismatch,wt_1142,706,1,target
synthetic,113,117,1,+,A,C,mismatch,wt_1143,707,1,target
synthetic,60,61,1,+,A,C,mismatch,wt_1144,706,1,target
synthetic,175,178,1,+,A,C,mismatch,wt_1145,708,1,target
synthetic,185,189,1,+,A,C,mismatch,wt_1146,706,1,target
synthetic,130,134,1,+,A,C,mismatch,wt_1147,708,1,target
synthetic,86,87,1,+,A,C,mismatch,wt_1148,691,1,target
synthetic,46,47,1,+,A,C,mismatch,wt_1149,701,1,target
synthetic,65,68,1,+,A,C,mismatch,wt_1150,706,1,target
synthetic,158,163,1,+,A,C,mismatch,wt_1151,702,1,target
synthetic,181,186,1,+,A,C,mismatch,wt_1152,700,1,target
synthetic,135,140,1,+,A,C,mismatch,wt_1153,697,1,target
synthetic,176,180,1,+,A,C,mismatch,wt_1154,707,1,target
synthetic,94,98,1,+,A,C,mismatch,wt_1155,700,1,target
synthetic,151,151,1,+,A,C,mismatch,wt_1156,698,1,target
synthetic,94,95,1,+,A,C,mismatch,wt_1157,702,1,target
synthetic,195,200,1,+,A,C,mismatch,wt_1158,708,1,target
synthetic,156,158,1,+,A,C,mismatch,wt_1159,696,1,target
synthetic,189,189,1,+,A,C,mismatch,wt_1160,707,1,target
synthetic,107,107,1,+,A,C,mismatch,wt_1161,701,1,target
synthetic,183,188,1,+,A,C,mismatch,wt_1162,690,1,target
synthetic,106,106,1,+,A,C,mismatch,wt_1163,695,1,target
synthetic,167,167,1,+,A,C,mismatch,wt_1164,690,1,target
synthetic,45,47,1,+,A,C,mismatch,wt_1165,697,1,target
synthetic,113,118,1,+,A,C,mismatch,wt_1166,695,1,target
synthetic,154,156,1,+,A,C,mismatch,wt_1167,697,1,target
synthetic,73,77,1,+,A,C,mismatch,wt_1168,707,1,target
synthetic,128,132,1,+,A,C,mismatch,wt_1169,708,1,target
synthetic,131,134,1,+,A,C,mismatch,wt_1170,694,1,target
synthetic,154,157,1,+,A,C,mismatch,wt_1171,698,1,target
synthetic,120,120,1,+,A,C,mismatch,wt_1172,705,1,target
synthetic,170,174,1,+,A,C,mismatch,wt_1173,708,1,target
synthetic,174,175,1,+,A,C,mismatch,wt_1174,695,1,target
synthetic,85,87,1,+,A,C,mismatch,wt_1175,691,1,target
synthetic,144,147,1,+,A,C,mismatch,wt_1176,700,1,target
synthetic,115,120,1,+,A,C,mismatch,wt_1177,695,1,target
synthetic,80,80,1,+,A,C,mismatch,wt_1178,698,1,target
synthetic,67,67,1,+,A,C,mismatch,wt_1179,693,1,target
synthetic,80,82,1,+,A,C,mismatch,wt_1180,693,1,target
synthetic,171,171,1,+,A,C,mismatch,wt_1181,692,1,target
synthetic,106,108,1,+,A,C,mismatch,wt_1182,706,1,target
synthetic,56,60,1,+,A,C,mismatch,wt_1183,704,1,target
synthetic,122,126,1,+,A,C,mismatch,wt_1184,694,1,target
synthetic,60,62,1,+,A,C,mismatch,wt_1185,710,1,target
synthetic,165,168,1,+,A,C,mismatch,wt_1186,693,1,target
synthetic,107,109,1,+,A,C,mismatch,wt_1187,693,1,target
synthetic,179,180,1,+,A,C,mismatch,wt_1188,710,1,target
synthetic,197,199,1,+,A,C,mismatch,wt_1189,709,1,target
synthetic,88,91,1,+,A,C,mismatch,wt_1190,695,1,target
synthetic,73,75,1,+,A,C,mismatch,wt_1191,700,1,target
synthetic,149,153,1,+,A,C,mismatch,wt_1192,701,1,target
synthetic,79,79,1,+,A,C,mismatch,wt_1193,698,1,target
synthetic,83,84,1,+,A,C,mismatch,wt_1194,709,1,target
synthetic,87,87,1,+,A,C,mismatch,wt_1195,695,1,target
synthetic,48,49,1,+,A,C,mismatch,wt_1196,702,1,target
synthetic,134,137,1,+,A,C,mismatch,wt_1197,693,1,target
synthetic,54,59,1,+,A,C,mismatch,wt_1198,703,1,target
synthetic,183,183,1,+,A,C,mismatch,wt_1199,698,1,target
synthetic,117,119,1,+,A,C,mismatch,wt_1200,691,1,target
synthetic,78,82,1,+,A,C,mismatch,wt_1201,695,1,target
synthetic,158,159,1,+,A,C,mismatch,wt_1202,699,1,target
synthetic,76,76,1,+,A,C,mismatch,wt_1203,695,1,target
synthetic,187,189,1,+,A,C,mismatch,wt_1204,709,1,target
synthetic,113,118,1,+,A,C,mismatch,wt_1205,694,1,target
synthetic,107,111,1,+,A,C,mismatch,wt_1206,701,1,target
synthetic,68,72,1,+,A,C,mismatch,wt_1207,690,1,target
synthetic,142,146,1,+,A,C,mismatch,wt_1208,696,1,target
synthetic,106,111,1,+,A,C,mismatch,wt_1209,692,1,target
synthetic,95,98,1,+,A,C,mismatch,wt_1210,699,1,target
synthetic,182,182,1,+,A,C,mismatch,wt_1211,710,1,target
synthetic,190,191,1,+,A,C,mismatch,wt_1212,710,1,target
synthetic,148,152,1,+,A,C,mismatch,wt_1213,708,1,target
synthetic,180,184,1,+,A,C,mismatch,wt_1214,705,1,target
synthetic,163,168,1,+,A,C,mismatch,wt_1215,708,1,target
synthetic,57,58,1,+,A,C,mismatch,wt_1216,708,1,target
synthetic,96,101,1,+,A,C,mismatch,wt_1217,703,1,target
synthetic,180,184,1,+,A,C,mismatch,wt_1218,692,1,target
synthetic,130,131,1,+,A,C,mismatch,wt_1219,696,1,target
synthetic,131,131,1,+,A,C,mismatch,wt_1220,705,1,target
synthetic,79,82,1,+,A,C,mismatch,wt_1221,693,1,target
synthetic,54,58,1,+,A,C,mismatch,wt_1222,706,1,target
synthetic,45,45,1,+,A,C,mismatch,wt_1223,704,1,target
synthetic,134,134,1,+,A,C,mismatch,wt_1224,692,1,target
synthetic,42,42,1,+,A,C,mismatch,wt_1225,702,1,target
synthetic,163,164,1,+,A,C,mismatch,wt_1226,705,1,target
synthetic,81,81,1,+,A,C,mismatch,wt_1227,694,1,target
synthetic,124,129,1,+,A,C,mismatch,wt_1228,710,1,target
synthetic,129,130,1,+,A,C,mismatch,wt_1229,700,1,target
synthetic,192,196,1,+,A,C,mismatch,wt_1230,704,1,target
synthetic,71,73,1,+,A,C,mismatch,wt_1231,703,1,target
synthetic,200,204,1,+,A,C,mismatch,wt_1232,706,1,target
synthetic,49,54,1,+,A,C,mismatch,wt_1233,690,1,target
synthetic,146,151,1,+,A,C,mismatch,wt_1234,694,1,target
synthetic,131,135,1,+,A,C,mismatch,wt_1235,704,1,target
synthetic,42,42,1,+,A,C,mismatch,wt_1236,709,1,target
synthetic,88,93,1,+,A,C,mismatch,wt_1237,694,1,target
synthetic,144,146,1,+,A,C,mismatch,wt_1238,706,1,target
synthetic,55,56,1,+,A,C,mismatch,wt_1239,707,1,target
synthetic,122,127,1,+,A,C,mismatch,wt_1240,696,1,target
synthetic,193,193,1,+,A,C,mismatch,wt_1241,701,1,target
synthetic,97,100,1,+,A,C,mismatch,wt_1242,695,1,target
synthetic,148,151,1,+,A,C,mismatch,wt_1243,691,1,target
synthetic,85,86,1,+,A,C,mismatch,wt_1244,695,1,target
synthetic,193,194,1,+,A,C,mismatch,wt_1245,696,1,target
synthetic,150,151,1,+,A,C,mismatch,wt_1246,707,1,target
synthetic,131,134,1,+,A,C,mismatch,wt_1247,706,1,target
synthetic,143,144,1,+,A,C,mismatch,wt_1248,706,1,target
synthetic,149,151,1,+,A,C,mismatch,wt_1249,703,1,target
synthetic,192,192,1,+,A,C,mismatch,wt_1250,707,1,target
synthetic,180,185,1,+,A,C,mismatch,wt_1251,704,1,target
synthetic,111,114,1,+,A,C,mismatch,wt_1252,699,1,target
synthetic,155,158,1,+,A,C,mismatch,wt_1253,698,1,target
synthetic,87,92,1,+,A,C,mismatch,wt_1254,704,1,target
synthetic,90,95,1,+,A,C,mismatch,wt_1255,702,1,target
synthetic,58,58,1,+,A,C,mismatch,wt_1256,703,1,target
synthetic,51,53,1,+,A,C,mismatch,wt_1257,694,1,target
synthetic,89,93,1,+,A,C,mismatch,wt_1258,698,1,target
synthetic,118,120,1,+,A,C,mismatch,wt_1259,706,1,target
synthetic,187,187,1,+,A,C,mismatch,wt_1260,693,1,target
synthetic,118,121,1,+,A,C,mismatch,wt_1261,698,1,target
synthetic,89,89,1,+,A,C,mismatch,wt_1262,701,1,target
synthetic,95,95,1,+,A,C,mismatch,wt_1263,708,1,target
synthetic,53,53,1,+,A,C,mismatch,wt_1264,709,1,target
synthetic,111,115,1,+,A,C,mismatch,wt_1265,694,1,target
synthetic,68,70,1,+,A,C,mismatch,wt_1266,704,1,target
synthetic,171,176,1,+,A,C,mismatch,wt_1267,699,1,target
synthetic,181,185,1,+,A,C,mismatch,wt_1268,702,1,target
synthetic,112,112,1,+,A,C,mismatch,wt_1269,690,1,target
synthetic,72,75,1,+,A,C,mismatch,wt_1270,701,1,target
synthetic,153,157,1,+,A,C,mismatch,wt_1271,709,1,target
synthetic,58,62,1,+,A,C,mismatch,wt_1272,693,1,target
synthetic,194,197,1,+,A,C,mismatch,wt_1273,696,1,target
synthetic,104,106,1,+,A,C,mismatch,wt_1274,708,1,target
synthetic,105,106,1,+,A,C,mismatch,wt_1275,697,1,target
synthetic,151,152,1,+,A,C,mismatch,wt_1276,697,1,target
synthetic,192,194,1,+,A,C,mismatch,wt_1277,699,1,target
synthetic,43,44,1,+,A,C,mismatch,wt_1278,696,1,target
synthetic,98,102,1,+,A,C,mismatch,wt_1279,707,1,target
synthetic,157,159,1,+,A,C,mismatch,wt_1280,691,1,target
synthetic,137,138,1,+,A,C,mismatch,wt_1281,693,1,target
synthetic,118,123,1,+,A,C,mismatch,wt_1282,701,1,target
synthetic,183,188,1,+,A,C,mismatch,wt_1283,703,1,target
synthetic,125,126,1,+,A,C,mismatch,wt_1284,694,1,target
synthetic,168,173,1,+,A,C,mismatch,wt_1285,704,1,target
synthetic,195,200,1,+,A,C,mismatch,wt_1286,702,1,target
synthetic,163,163,1,+,A,C,mismatch,wt_1287,693,1,target
synthetic,130,133,1,+,A,C,mismatch,wt_1288,696,1,target
synthetic,198,200,1,+,A,C,mismatch,wt_1289,694,1,target
synthetic,200,203,1,+,A,C,mismatch,wt_1290,708,1,target
synthetic,119,120,1,+,A,C,mismatch,wt_1291,695,1,target
synthetic,54,55,1,+,A,C,mismatch,wt_1292,704,1,target
synthetic,122,125,1,+,A,C,mismatch,wt_1293,706,1,target
synthetic,97,101,1,+,A,C,mismatch,wt_1294,705,1,target
synthetic,176,177,1,+,A,C,mismatch,wt_1295,696,1,target
synthetic,48,50,1,+,A,C,mismatch,wt_1296,705,1,target
synthetic,82,86,1,+,A,C,mismatch,wt_1297,703,1,target
synthetic,55,59,1,+,A,C,mismatch,wt_1298,690,1,target
synthetic,110,110,1,+,A,C,mismatch,wt_1299,701,1,target
synthetic,128,132,1,+,A,C,mismatch,wt_1300,701,1,target
synthetic,52,55,1,+,A,C,mismatch,wt_1301,691,1,target
synthetic,87,92,1,+,A,C,mismatch,wt_1302,701,1,target
synthetic,94,98,1,+,A,C,mismatch,wt_1303,709,1,target
synthetic,100,103,1,+,A,C,mismatch,wt_1304,709,1,target
synthetic,133,135,1,+,A,C,mismatch,wt_1305,696,1,target
synthetic,178,180,1,+,A,C,mismatch,wt_1306,691,1,target
synthetic,130,134,1,+,A,C,mismatch,wt_1307,695,1,target
synthetic,126,126,1,+,A,C,mismatch,wt_1308,710,1,target
synthetic,127,132,1,+,A,C,mismatch,wt_1309,696,1,target
synthetic,45,45,1,+,A,C,mismatch,wt_1310,700,1,target
synthetic,76,78,1,+,A,C,mismatch,wt_1311,698,1,target
synthetic,65,66,1,+,A,C,mismatch,wt_1312,696,1,target
synthetic,161,161,1,+,A,C,mismatch,wt_1313,700,1,target
synthetic,109,113,1,+,A,C,mismatch,wt_1314,692,1,target
synthetic,65,68,1,+,A,C,mismatch,wt_1315,710,1,target
synthetic,61,62,1,+,A,C,mismatch,wt_1316,705,1,target
synthetic,200,204,1,+,A,C,mismatch,wt_1317,693,1,target
synthetic,163,163,1,+,A,C,mismatch,wt_1318,704,1,target
synthetic,48,51,1,+,A,C,mismatch,wt_1319,694,1,target
synthetic,178,181,1,+,A,C,mismatch,wt_1320,705,1,target
synthetic,193,193,1,+,A,C,mismatch,wt_1321,702,1,target
synthetic,111,111,1,+,A,C,mismatch,wt_1322,693,1,target
synthetic,124,124,1,+,A,C,mismatch,wt_1323,700,1,target
synthetic,84,89,1,+,A,C,mismatch,wt_1324,702,1,target
synthetic,153,153,1,+,A,C,mismatch,wt_1325,694,1,target
synthetic,178,181,1,+,A,C,mismatch,wt_1326,694,1,target
synthetic,198,199,1,+,A,C,mismatch,wt_1327,696,1,target
synthetic,173,174,1,+,A,C,mismatch,wt_1328,703,1,target
synthetic,86,88,1,+,A,C,mismatch,wt_1329,705,1,target
synthetic,75,78,1,+,A,C,mismatch,wt_1330,695,1,target
synthetic,125,126,1,+,A,C,mismatch,wt_1331,702,1,target
synthetic,112,113,1,+,A,C,mismatch,wt_1332,706,1,target
synthetic,196,198,1,+,A,C,mismatch,wt_1333,693,1,target
synthetic,65,70,1,+,A,C,mismatch,wt_1334,696,1,target
synthetic,72,75,1,+,A,C,mismatch,wt_1335,698,1,target
synthetic,64,66,1,+,A,C,mismatch,wt_1336,701,1,target
synthetic,125,129,1,+,A,C,mismatch,wt_1337,702,1,target
synthetic,43,45,1,+,A,C,mismatch,wt_1338,696,1,target
synthetic,141,146,1,+,A,C,mismatch,wt_1339,702,1,target
synthetic,81,85,1,+,A,C,mismatch,wt_1340,709,1,target
synthetic,182,182,1,+,A,C,mismatch,wt_1341,702,1,target
synthetic,88,91,1,+,A,C,mismatch,wt_1342,701,1,target
synthetic,40,41,1,+,A,C,mismatch,wt_1343,709,1,target
synthetic,74,74,1,+,A,C,mismatch,wt_1344,710,1,target
synthetic,52,52,1,+,A,C,mismatch,wt_1345,705,1,target
synthetic,89,93,1,+,A,C,mismatch,wt_1346,705,1,target
synthetic,157,157,1,+,A,C,mismatch,wt_1347,693,1,target
synthetic,112,115,1,+,A,C,mismatch,wt_1348,699,1,target
synthetic,52,53,1,+,A,C,mismatch,wt_1349,696,1,target
synthetic,64,67,1,+,A,C,mismatch,wt_1350,701,1,target
synthetic,170,171,1,+,A,C,mismatch,wt_1351,707,1,target
synthetic,145,145,1,+,A,C,mismatch,wt_1352,709,1,target
synthetic,112,115,1,+,A,C,mismatch,wt_1353,705,1,target
synthetic,112,112,1,+,A,C,mismatch,wt_1354,707,1,target
synthetic,146,150,1,+,A,C,mismatch,wt_1355,696,1,target
synthetic,98,102,1,+,A,C,mismatch,wt_1356,693,1,target
synthetic,194,194,1,+,A,C,mismatch,wt_1357,705,1,target
synthetic,85,87,1,+,A,C,mismatch,wt_1358,702,1,target
synthetic,126,128,1,+,A,C,mismatch,wt_1359,706,1,target
synthetic,187,187,1,+,A,C,mismatch,wt_1360,700,1,target
synthetic,180,180,1,+,A,C,mismatch,wt_1361,702,1,target
synthetic,151,156,1,+,A,C,mismatch,wt_1362,707,1,target
synthetic,195,195,1,+,A,C,mismatch,wt_1363,691,1,target
synthetic,102,104,1,+,A,C,mismatch,wt_1364,699,1,target
synthetic,175,177,1,+,A,C,mismatch,wt_1365,699,1,target
synthetic,158,162,1,+,A,C,mismatch,wt_1366,700,1,target
synthetic,66,70,1,+,A,C,mismatch,wt_1367,705,1,target
synthetic,172,177,1,+,A,C,mismatch,wt_1368,702,1,target
synthetic,44,44,1,+,A,C,mismatch,wt_1369,705,1,target
synthetic,81,84,1,+,A,C,mismatch,wt_1370,696,1,target
synthetic,178,182,1,+,A,C,mismatch,wt_1371,699,1,target
synthetic,106,111,1,+,A,C,mismatch,wt_1372,709,1,target
synthetic,57,61,1,+,A,C,mismatch,wt_1373,704,1,target
synthetic,143,144,1,+,A,C,mismatch,wt_1374,709,1,target
synthetic,74,78,1,+,A,C,mismatch,wt_1375,698,1,target
synthetic,156,159,1,+,A,C,mismatch,wt_1376,700,1,target
synthetic,142,142,1,+,A,C,mismatch,wt_1377,698,1,target
synthetic,166,167,1,+,A,C,mismatch,wt_1378,693,1,target
synthetic,124,126,1,+,A,C,mismatch,wt_1379,701,1,target
synthetic,120,121,1,+,A,C,mismatch,wt_1380,695,1,target
synthetic,188,188,1,+,A,C,mismatch,wt_1381,700,1,target
synthetic,143,144,1,+,A,C,mismatch,wt_1382,697,1,target
synthetic,182,183,1,+,A,C,mismatch,wt_1383,699,1,target
synthetic,111,115,1,+,A,C,mismatch,wt_1384,692,1,target
synthetic,123,127,1,+,A,C,mismatch,wt_1385,694,1,target
synthetic,93,96,1,+,A,C,mismatch,wt_1386,697,1,target
synthetic,145,145,1,+,A,C,mismatch,wt_1387,702,1,target
synthetic,76,77,1,+,A,C,mismatch,wt_1388,699,1,target
synthetic,86,88,1,+,A,C,mismatch,wt_1389,700,1,target
synthetic,141,144,1,+,A,C,mismatch,wt_1390,699,1,target
synthetic,102,105,1,+,A,C,mismatch,wt_1391,702,1,target
synthetic,192,194,1,+,A,C,mismatch,wt_1392,692,1,target
synthetic,176,177,1,+,A,C,mismatch,wt_1393,707,1,target
synthetic,60,62,1,+,A,C,mismatch,wt_1394,696,1,target
synthetic,52,55,1,+,A,C,mismatch,wt_1395,706,1,target
synthetic,113,117,1,+,A,C,mismatch,wt_1396,703,1,target
synthetic,69,69,1,+,A,C,mismatch,wt_1397,705,1,target
synthetic,69,70,1,+,A,C,mismatch,wt_1398,710,1,target
synthetic,104,106,1,+,A,C,mismatch,wt_1399,691,1,target
synthetic,187,187,1,+,A,C,mismatch,wt_1400,692,1,target
synthetic,157,162,1,+,A,C,mismatch,wt_1401,705,1,target
synthetic,129,131,1,+,A,C,mismatch,wt_1402,694,1,target
synthetic,165,168,1,+,A,C,mismatch,wt_1403,707,1,target
synthetic,152,153,1,+,A,C,mismatch,wt_1404,702,1,target
synthetic,143,144,1,+,A,C,mismatch,wt_1405,695,1,target
synthetic,61,62,1,+,A,C,mismatch,wt_1406,704,1,target
synthetic,145,147,1,+,A,C,mismatch,wt_1407,691,1,target
synthetic,62,63,1,+,A,C,mismatch,wt_1408,704,1,target
synthetic,93,95,1,+,A,C,mismatch,wt_1409,703,1,target
synthetic,187,189,1,+,A,C,mismatch,wt_1410,709,1,target
synthetic,198,200,1,+,A,C,mismatch,wt_1411,698,1,target
synthetic,87,92,1,+,A,C,mismatch,wt_1412,694,1,target
synthetic,136,141,1,+,A,C,mismatch,wt_1413,696,1,target
synthetic,41,46,1,+,A,C,mismatch,wt_1414,702,1,target
synthetic,50,55,1,+,A,C,mismatch,wt_1415,703,1,target
synthetic,193,195,1,+,A,C,mismatch,wt_1416,697,1,target
synthetic,56,60,1,+,A,C,mismatch,wt_1417,705,1,target
synthetic,85,85,1,+,A,C,mismatch,wt_1418,706,1,target
synthetic,52,54,1,+,A,C,mismatch,wt_1419,710,1,target
synthetic,41,42,1,+,A,C,mismatch,wt_1420,693,1,target
synthetic,42,47,1,+,A,C,mismatch,wt_1421,701,1,target
synthetic,123,128,1,+,A,C,mismatch,wt_1422,693,1,target
synthetic,174,176,1,+,A,C,mismatch,wt_1423,692,1,target
synthetic,200,203,1,+,A,C,mismatch,wt_1424,692,1,target
synthetic,107,108,1,+,A,C,mismatch,wt_1425,702,1,target
synthetic,177,180,1,+,A,C,mismatch,wt_1426,693,1,target
synthetic,152,153,1,+,A,C,mismatch,wt_1427,709,1,target
synthetic,81,82,1,+,A,C,mismatch,wt_1428,692,1,target
synthetic,169,170,1,+,A,C,mismatch,wt_1429,703,1,target
synthetic,105,106,1,+,A,C,mismatch,wt_1430,710,1,target
synthetic,49,53,1,+,A,C,mismatch,wt_1431,705,1,target
synthetic,41,45,1,+,A,C,mismatch,wt_1432,693,1,target
synthetic,172,174,1,+,A,C,mismatch,wt_1433,693,1,target
synthetic,79,81,1,+,A,C,mismatch,wt_1434,692,1,target
synthetic,67,67,1,+,A,C,mismatch,wt_1435,708,1,target
synthetic,190,192,1,+,A,C,mismatch,wt_1436,695,1,target
synthetic,117,118,1,+,A,C,mismatch,wt_1437,691,1,target
synthetic,102,106,1,+,A,C,mismatch,wt_1438,707,1,target
synthetic,61,62,1,+,A,C,mismatch,wt_1439,692,1,target
synthetic,72,77,1,+,A,C,mismatch,wt_1440,692,1,target
synthetic,53,58,1,+,A,C,mismatch,wt_1441,704,1,target
synthetic,112,116,1,+,A,C,mismatch,wt_1442,692,1,target
synthetic,200,201,1,+,A,C,mismatch,wt_1443,709,1,target
synthetic,160,160,1,+,A,C,mismatch,wt_1444,706,1,target
synthetic,69,74,1,+,A,C,mismatch,wt_1445,699,1,target
synthetic,98,100,1,+,A,C,mismatch,wt_1446,692,1,target
synthetic,71,71,1,+,A,C,mismatch,wt_1447,707,1,target
synthetic,44,45,1,+,A,C,mismatch,wt_1448,710,1,target
synthetic,152,154,1,+,A,C,mismatch,wt_1449,703,1,target
synthetic,157,162,1,+,A,C,mismatch,wt_1450,696,1,target
synthetic,199,202,1,+,A,C,mismatch,wt_1451,690,1,target
synthetic,167,167,1,+,A,C,mismatch,wt_1452,705,1,target
synthetic,68,73,1,+,A,C,mismatch,wt_1453,702,1,target
synthetic,130,134,1,+,A,C,mismatch,wt_1454,705,1,target
synthetic,137,138,1,+,A,C,mismatch,wt_1455,693,1,target
synthetic,53,56,1,+,A,C,mismatch,wt_1456,700,1,target
synthetic,129,133,1,+,A,C,mismatch,wt_1457,699,1,target
synthetic,187,190,1,+,A,C,mismatch,wt_1458,691,1,target
synthetic,179,180,1,+,A,C,mismatch,wt_1459,698,1,target
synthetic,129,131,1,+,A,C,mismatch,wt_1460,706,1,target
synthetic,174,174,1,+,A,C,mismatch,wt_1461,696,1,target
synthetic,80,84,1,+,A,C,mismatch,wt_1462,695,1,target
synthetic,170,172,1,+,A,C,mismatch,wt_1463,709,1,target
synthetic,178,178,1,+,A,C,mismatch,wt_1464,709,1,target
synthetic,125,128,1,+,A,C,mismatch,wt_1465,709,1,target
synthetic,87,92,1,+,A,C,mismatch,wt_1466,700,1,target
synthetic,174,177,1,+,A,C,mismatch,wt_1467,696,1,target
synthetic,68,69,1,+,A,C,mismatch,wt_1468,703,1,target
synthetic,133,137,1,+,A,C,mismatch,wt_1469,704,1,target
synthetic,195,200,1,+,A,C,mismatch,wt_1470,691,1,target
synthetic,63,67,1,+,A,C,mismatch,wt_1471,697,1,target
synthetic,130,135,1,+,A,C,mismatch,wt_1472,709,1,target
synthetic,179,182,1,+,A,C,mismatch,wt_1473,700,1,target
synthetic,169,172,1,+,A,C,mismatch,wt_1474,701,1,target
synthetic,120,121,1,+,A,C,mismatch,wt_1475,703,1,target
synthetic,113,114,1,+,A,C,mismatch,wt_1476,695,1,target
synthetic,192,196,1,+,A,C,mismatch,wt_1477,707,1,target
synthetic,117,117,1,+,A,C,mismatch,wt_1478,702,1,target
synthetic,183,184,1,+,A,C,mismatch,wt_1479,701,1,target
synthetic,147,152,1,+,A,C,mismatch,wt_1480,692,1,target
synthetic,190,192,1,+,A,C,mismatch,wt_1481,695,1,target
synthetic,85,89,1,+,A,C,mismatch,wt_1482,699,1,target
synthetic,180,185,1,+,A,C,mismatch,wt_1483,695,1,target
synthetic,119,124,1,+,A,C,mismatch,wt_1484,694,1,target
synthetic,62,64,1,+,A,C,mismatch,wt_1485,708,1,target
synthetic,173,173,1,+,A,C,mismatch,wt_1486,691,1,target
synthetic,175,175,1,+,A,C,mismatch,wt_1487,695,1,target
synthetic,169,174,1,+,A,C,mismatch,wt_1488,708,1,target
synthetic,68,73,1,+,A,C,mismatch,wt_1489,708,1,target
synthetic,190,190,1,+,A,C,mismatch,wt_1490,693,1,target
synthetic,167,171,1,+,A,C,mismatch,wt_1491,704,1,target
synthetic,54,56,1,+,A,C,mismatch,wt_1492,697,1,target
synthetic,64,66,1,+,A,C,mismatch,wt_1493,706,1,target
synthetic,90,93,1,+,A,C,mismatch,wt_1494,708,1,target
synthetic,48,49,1,+,A,C,mismatch,wt_1495,709,1,target
synthetic,43,46,1,+,A,C,mismatch,wt_1496,700,1,target
synthetic,73,76,1,+,A,C,mismatch,wt_1497,694,1,target
synthetic,189,192,1,+,A,C,mismatch,wt_1498,693,1,target
synthetic,70,74,1,+,A,C,mismatch,wt_1499,699,1,target
synthetic,171,174,1,+,A,C,mismatch,wt_1500,705,1,target
synthetic,107,111,1,+,A,C,mismatch,wt_1501,693,1,target
synthetic,94,95,1,+,A,C,mismatch,wt_1502,694,1,target
synthetic,193,194,1,+,A,C,mismatch,wt_1503,695,1,target
synthetic,160,161,1,+,A,C,mismatch,wt_1504,705,1,target
synthetic,66,70,1,+,A,C,mismatch,wt_1505,707,1,target
synthetic,152,153,1,+,A,C,mismatch,wt_1506,702,1,target
synthetic,131,132,1,+,A,C,mismatch,wt_1507,709,1,target
synthetic,124,125,1,+,A,C,mismatch,wt_1508,710,1,target
synthetic,87,87,1,+,A,C,mismatch,wt_1509,698,1,target
synthetic,148,148,1,+,A,C,mismatch,wt_1510,698,1,target
synthetic,99,104,1,+,A,C,mismatch,wt_1511,697,1,target
synthetic,182,185,1,+,A,C,mismatch,wt_1512,705,1,target
synthetic,95,97,1,+,A,C,mismatch,wt_1513,707,1,target
synthetic,127,130,1,+,A,C,mismatch,wt_1514,697,1,target
synthetic,143,147,1,+,A,C,mismatch,wt_1515,691,1,target
synthetic,87,90,1,+,A,C,mismatch,wt_1516,697,1,target
synthetic,195,195,1,+,A,C,mismatch,wt_1517,702,1,target
synthetic,158,160,1,+,A,C,mismatch,wt_1518,691,1,target
synthetic,77,82,1,+,A,C,mismatch,wt_1519,691,1,target
synthetic,176,180,1,+,A,C,mismatch,wt_1520,696,1,target
synthetic,112,112,1,+,A,C,mismatch,wt_1521,692,1,target
synthetic,70,70,1,+,A,C,mismatch,wt_1522,702,1,target
synthetic,169,171,1,+,A,C,mismatch,wt_1523,699,1,target
synthetic,164,165,1,+,A,C,mismatch,wt_1524,696,1,target
synthetic,84,88,1,+,A,C,mismatch,wt_1525,710,1,target
synthetic,90,95,1,+,A,C,mismatch,wt_1526,699,1,target
synthetic,117,118,1,+,A,C,mismatch,wt_1527,703,1,target
synthetic,80,85,1,+,A,C,mismatch,wt_1528,695,1,target
synthetic,155,156,1,+,A,C,mismatch,wt_1529,699,1,target
synthetic,52,56,1,+,A,C,mismatch,wt_1530,697,1,target
synthetic,106,107,1,+,A,C,mismatch,wt_1531,691,1,target
synthetic,164,169,1,+,A,C,mismatch,wt_1532,702,1,target
synthetic,186,189,1,+,A,C,mismatch,wt_1533,709,1,target
synthetic,74,78,1,+,A,C,mismatch,wt_1534,702,1,target
synthetic,130,135,1,+,A,C,mismatch,wt_1535,695,1,target
synthetic,189,190,1,+,A,C,mismatch,wt_1536,694,1,target
synthetic,142,146,1,+,A,C,mismatch,wt_1537,691,1,target
synthetic,137,142,1,+,A,C,mismatch,wt_1538,697,1,target
synthetic,86,89,1,+,A,C,mismatch,wt_1539,706,1,target
synthetic,53,58,1,+,A,C,mismatch,wt_1540,703,1,target
synthetic,58,59,1,+,A,C,mismatch,wt_1541,696,1,target
synthetic,178,183,1,+,A,C,mismatch,wt_1542,708,1,target
synthetic,69,74,1,+,A,C,mismatch,wt_1543,699,1,target
synthetic,126,131,1,+,A,C,mismatch,wt_1544,698,1,target
synthetic,49,52,1,+,A,C,mismatch,wt_1545,709,1,target
synthetic,167,171,1,+,A,C,mismatch,wt_1546,699,1,target
synthetic,109,112,1,+,A,C,mismatch,wt_1547,695,1,target
synthetic,148,152,1,+,A,C,mismatch,wt_1548,698,1,target
synthetic,163,167,1,+,A,C,mismatch,wt_1549,706,1,target
synthetic,163,164,1,+,A,C,mismatch,wt_1550,698,1,target
synthetic,115,115,1,+,A,C,mismatch,wt_1551,696,1,target
synthetic,184,185,1,+,A,C,mismatch,wt_1552,704,1,target
synthetic,180,180,1,+,A,C,mismatch,wt_1553,693,1,target
synthetic,162,166,1,+,A,C,mismatch,wt_1554,703,1,target
synthetic,139,142,1,+,A,C,mismatch,wt_1555,694,1,target
synthetic,102,106,1,+,A,C,mismatch,wt_1556,703,1,target
synthetic,125,127,1,+,A,C,mismatch,wt_1557,690,1,target
synthetic,185,190,1,+,A,C,mismatch,wt_1558,702,1,target
synthetic,183,184,1,+,A,C,mismatch,wt_1559,698,1,target
synthetic,99,102,1,+,A,C,mismatch,wt_1560,693,1,target
synthetic,172,172,1,+,A,C,mismatch,wt_1561,698,1,target
synthetic,195,199,1,+,A,C,mismatch,wt_1562,699,1,target
synthetic,151,155,1,+,A,C,mismatch,wt_1563,704,1,target
synthetic,183,183,1,+,A,C,mismatch,wt_1564,698,1,target
synthetic,143,143,1,+,A,C,mismatch,wt_1565,704,1,target
synthetic,86,87,1,+,A,C,mismatch,wt_1566,697,1,target
synthetic,64,64,1,+,A,C,mismatch,wt_1567,706,1,target
synthetic,194,198,1,+,A,C,mismatch,wt_1568,708,1,target
synthetic,48,50,1,+,A,C,mismatch,wt_1569,700,1,target
synthetic,61,61,1,+,A,C,mismatch,wt_1570,692,1,target
synthetic,171,174,1,+,A,C,mismatch,wt_1571,698,1,target
synthetic,189,192,1,+,A,C,mismatch,wt_1572,698,1,target
synthetic,159,161,1,+,A,C,mismatch,wt_1573,698,1,target
synthetic,145,146,1,+,A,C,mismatch,wt_1574,706,1,target
synthetic,54,57,1,+,A,C,mismatch,wt_1575,691,1,target
synthetic,77,82,1,+,A,C,mismatch,wt_1576,710,1,target
synthetic,128,132,1,+,A,C,mismatch,wt_1577,694,1,target
synthetic,155,157,1,+,A,C,mismatch,wt_1578,708,1,target
synthetic,46,46,1,+,A,C,mismatch,wt_1579,695,1,target
synthetic,135,136,1,+,A,C,mismatch,wt_1580,698,1,target
synthetic,126,127,1,+,A,C,mismatch,wt_1581,692,1,target
synthetic,49,49,1,+,A,C,mismatch,wt_1582,695,1,target
synthetic,172,176,1,+,A,C,mismatch,wt_1583,691,1,target
synthetic,196,200,1,+,A,C,mismatch,wt_1584,693,1,target
synthetic,172,174,1,+,A,C,mismatch,wt_1585,708,1,target
synthetic,114,114,1,+,A,C,mismatch,wt_1586,693,1,target
synthetic,51,51,1,+,A,C,mismatch,wt_1587,706,1,target
synthetic,59,61,1,+,A,C,mismatch,wt_1588,699,1,target
synthetic,129,129,1,+,A,C,mismatch,wt_1589,697,1,target
synthetic,65,66,1,+,A,C,mismatch,wt_1590,698,1,target
synthetic,76,76,1,+,A,C,mismatch,wt_1591,694,1,target
synthetic,146,150,1,+,A,C,mismatch,wt_1592,703,1,target
synthetic,147,148,1,+,A,C,mismatch,wt_1593,699,1,target
synthetic,136,137,1,+,A,C,mismatch,wt_1594,702,1,target
synthetic,84,87,1,+,A,C,mismatch,wt_1595,710,1,target
synthetic,121,122,1,+,A,C,mismatch,wt_1596,708,1,target
synthetic,160,165,1,+,A,C,mismatch,wt_1597,696,1,target
synthetic,133,134,1,+,A,C,mismatch,wt_1598,694,1,target
synthetic,133,138,1,+,A,C,mismatch,wt_1599,694,1,target
synthetic,196,199,1,+,A,C,mismatch,wt_1600,699,1,target
synthetic,191,192,1,+,A,C,mismatch,wt_1601,709,1,target
synthetic,101,101,1,+,A,C,mismatch,wt_1602,698,1,target
synthetic,95,96,1,+,A,C,mismatch,wt_1603,699,1,target
synthetic,104,107,1,+,A,C,mismatch,wt_1604,701,1,target
synthetic,128,132,1,+,A,C,mismatch,wt_1605,703,1,target
synthetic,140,143,1,+,A,C,mismatch,wt_1606,708,1,target
synthetic,53,55,1,+,A,C,mismatch,wt_1607,705,1,target
synthetic,134,135,1,+,A,C,mismatch,wt_1608,691,1,target
synthetic,43,43,1,+,A,C,mismatch,wt_1609,693,1,target
synthetic,159,160,1,+,A,C,mismatch,wt_1610,702,1,target
synthetic,71,75,1,+,A,C,mismatch,wt_1611,702,1,target
synthetic,122,125,1,+,A,C,mismatch,wt_1612,701,1,target
synthetic,90,95,1,+,A,C,mismatch,wt_1613,704,1,target
synthetic,68,72,1,+,A,C,mismatch,wt_1614,698,1,target
synthetic,171,175,1,+,A,C,mismatch,wt_1615,694,1,target
synthetic,146,149,1,+,A,C,mismatch,wt_1616,691,1,target
synthetic,62,67,1,+,A,C,mismatch,wt_1617,709,1,target
synthetic,179,184,1,+,A,C,mismatch,wt_1618,698,1,target
synthetic,90,90,1,+,A,C,mismatch,wt_1619,705,1,target
synthetic,146,150,1,+,A,C,mismatch,wt_1620,705,1,target
synthetic,197,198,1,+,A,C,mismatch,wt_1621,706,1,target
synthetic,159,162,1,+,A,C,mismatch,wt_1622,692,1,target
synthetic,135,139,1,+,A,C,mismatch,wt_1623,700,1,target
synthetic,164,168,1,+,A,C,mismatch,wt_1624,696,1,target
synthetic,116,119,1,+,A,C,mismatch,wt_1625,701,1,target
synthetic,195,198,1,+,A,C,mismatch,wt_1626,708,1,target
synthetic,135,135,1,+,A,C,mismatch,wt_1627,708,1,target
synthetic,152,155,1,+,A,C,mismatch,wt_1628,704,1,target
synthetic,58,63,1,+,A,C,mismatch,wt_1629,693,1,target
synthetic,167,172,1,+,A,C,mismatch,wt_1630,700,1,target
synthetic,147,152,1,+,A,C,mismatch,wt_1631,702,1,target
synthetic,142,145,1,+,A,C,mismatch,wt_1632,691,1,target
synthetic,54,57,1,+,A,C,mismatch,wt_1633,697,1,target
synthetic,148,149,1,+,A,C,mismatch,wt_1634,707,1,target
synthetic,57,62,1,+,A,C,mismatch,wt_1635,694,1,target
synthetic,132,136,1,+,A,C,mismatch,wt_1636,697,1,target
synthetic,75,75,1,+,A,C,mismatch,wt_1637,700,1,target
synthetic,170,173,1,+,A,C,mismatch,wt_1638,690,1,target
synthetic,126,126,1,+,A,C,mismatch,wt_1639,703,1,target
synthetic,127,130,1,+,A,C,mismatch,wt_1640,698,1,target
synthetic,56,58,1,+,A,C,mismatch,wt_1641,695,1,target
synthetic,158,159,1,+,A,C,mismatch,wt_1642,696,1,target
synthetic,47,49,1,+,A,C,mismatch,wt_1643,704,1,target
synthetic,90,95,1,+,A,C,mismatch,wt_1644,702,1,target
synthetic,126,126,1,+,A,C,mismatch,wt_1645,697,1,target
synthetic,139,141,1,+,A,C,mismatch,wt_1646,703,1,target
synthetic,44,44,1,+,A,C,mismatch,wt_1647,707,1,target
synthetic,118,121,1,+,A,C,mismatch,wt_1648,706,1,target
synthetic,68,73,1,+,A,C,mismatch,wt_1649,692,1,target
synthetic,141,142,1,+,A,C,mismatch,wt_1650,703,1,target
synthetic,176,177,1,+,A,C,mismatch,wt_1651,705,1,target
synthetic,157,158,1,+,A,C,mismatch,wt_1652,698,1,target
synthetic,68,71,1,+,A,C,mismatch,wt_1653,698,1,target
synthetic,169,173,1,+,A,C,mismatch,wt_1654,707,1,target
synthetic,138,143,1,+,A,C,mismatch,wt_1655,697,1,target
synthetic,148,150,1,+,A,C,mismatch,wt_1656,697,1,target
synthetic,66,67,1,+,A,C,mismatch,wt_1657,696,1,target
synthetic,67,72,1,+,A,C,mismatch,wt_1658,693,1,target
synthetic,137,137,1,+,A,C,mismatch,wt_1659,691,1,target
synthetic,128,129,1,+,A,C,mismatch,wt_1660,707,1,target
synthetic,91,96,1,+,A,C,mismatch,wt_1661,694,1,target
synthetic,73,78,1,+,A,C,mismatch,wt_1662,700,1,target
synthetic,175,180,1,+,A,C,mismatch,wt_1663,695,1,target
synthetic,44,48,1,+,A,C,mismatch,wt_1664,695,1,target
synthetic,98,98,1,+,A,C,mismatch,wt_1665,691,1,target
synthetic,133,133,1,+,A,C,mismatch,wt_1666,702,1,target
synthetic,150,152,1,+,A,C,mismatch,wt_1667,708,1,target
synthetic,49,54,1,+,A,C,mismatch,wt_1668,700,1,target
synthetic,70,75,1,+,A,C,mismatch,wt_1669,694,1,target
synthetic,156,156,1,+,A,C,mismatch,wt_1670,708,1,target
synthetic,180,185,1,+,A,C,mismatch,wt_1671,701,1,target
synthetic,80,81,1,+,A,C,mismatch,wt_1672,690,1,target
synthetic,107,107,1,+,A,C,mismatch,wt_1673,692,1,target
synthetic,66,71,1,+,A,C,mismatch,wt_1674,700,1,target
synthetic,49,49,1,+,A,C,mismatch,wt_1675,707,1,target
synthetic,51,55,1,+,A,C,mismatch,wt_1676,695,1,target
synthetic,40,43,1,+,A,C,mismatch,wt_1677,698,1,target
synthetic,130,135,1,+,A,C,mismatch,wt_1678,694,1,target
synthetic,130,131,1,+,A,C,mismatch,wt_1679,707,1,target
synthetic,97,101,1,+,A,C,mismatch,wt_1680,699,1,target
synthetic,161,165,1,+,A,C,mismatch,wt_1681,702,1,target
synthetic,127,132,1,+,A,C,mismatch,wt_1682,706,1,target
synthetic,122,125,1,+,A,C,mismatch,wt_1683,690,1,target
synthetic,49,53,1,+,A,C,mismatch,wt_1684,694,1,target
synthetic,55,59,1,+,A,C,mismatch,wt_1685,699,1,target
synthetic,41,41,1,+,A,C,mismatch,wt_1686,707,1,target
synthetic,99,101,1,+,A,C,mismatch,wt_1687,699,1,target
synthetic,164,168,1,+,A,C,mismatch,wt_1688,710,1,target
synthetic,168,169,1,+,A,C,mismatch,wt_1689,708,1,target
synthetic,199,203,1,+,A,C,mismatch,wt_1690,697,1,target
synthetic,98,101,1,+,A,C,mismatch,wt_1691,706,1,target
synthetic,67,71,1,+,A,C,mismatch,wt_1692,700,1,target
synthetic,106,110,1,+,A,C,mismatch,wt_1693,690,1,target
synthetic,194,195,1,+,A,C,mismatch,wt_1694,702,1,target
synthetic,107,111,1,+,A,C,mismatch,wt_1695,705,1,target
synthetic,187,191,1,+,A,C,mismatch,wt_1696,697,1,target
synthetic,124,126,1,+,A,C,mismatch,wt_1697,700,1,target
synthetic,67,71,1,+,A,C,mismatch,wt_1698,700,1,target
synthetic,147,147,1,+,A,C,mismatch,wt_1699,707,1,target
synthetic,125,125,1,+,A,C,mismatch,wt_1700,693,1,target
synthetic,121,121,1,+,A,C,mismatch,wt_1701,701,1,target
synthetic,138,139,1,+,A,C,mismatch,wt_1702,703,1,target
synthetic,189,192,1,+,A,C,mismatch,wt_1703,709,1,target
synthetic,184,187,1,+,A,C,mismatch,wt_1704,701,1,target
synthetic,129,129,1,+,A,C,mismatch,wt_1705,693,1,target
synthetic,106,109,1,+,A,C,mismatch,wt_1706,710,1,target
synthetic,53,56,1,+,A,C,mismatch,wt_1707,692,1,target
synthetic,194,198,1,+,A,C,mismatch,wt_1708,698,1,target
synthetic,91,91,1,+,A,C,mismatch,wt_1709,694,1,target
synthetic,200,205,1,+,A,C,mismatch,wt_1710,692,1,target
synthetic,42,46,1,+,A,C,mismatch,wt_1711,701,1,target
synthetic,123,123,1,+,A,C,mismatch,wt_1712,700,1,target
synthetic,184,189,1,+,A,C,mismatch,wt_1713,696,1,target
synthetic,193,198,1,+,A,C,mismatch,wt_1714,695,1,target
synthetic,67,68,1,+,A,C,mismatch,wt_1715,693,1,target
synthetic,160,162,1,+,A,C,mismatch,wt_1716,704,1,target
synthetic,171,175,1,+,A,C,mismatch,wt_1717,697,1,target
synthetic,111,113,1,+,A,C,mismatch,wt_1718,692,1,target
synthetic,51,52,1,+,A,C,mismatch,wt_1719,703,1,target
synthetic,82,84,1,+,A,C,mismatch,wt_1720,708,1,target
synthetic,156,161,1,+,A,C,mismatch,wt_1721,701,1,target
synthetic,51,53,1,+,A,C,mismatch,wt_1722,692,1,target
synthetic,194,194,1,+,A,C,mismatch,wt_1723,704,1,target
synthetic,149,150,1,+,A,C,mismatch,wt_1724,693,1,target
synthetic,74,77,1,+,A,C,mismatch,wt_1725,699,1,target
synthetic,164,168,1,+,A,C,mismatch,wt_1726,698,1,target
synthetic,145,146,1,+,A,C,mismatch,wt_1727,693,1,target
synthetic,167,169,1,+,A,C,mismatch,wt_1728,701,1,target
synthetic,180,180,1,+,A,C,mismatch,wt_1729,695,1,target
synthetic,113,118,1,+,A,C,mismatch,wt_1730,704,1,target
synthetic,181,181,1,+,A,C,mismatch,wt_1731,696,1,target
synthetic,54,58,1,+,A,C,mismatch,wt_1732,695,1,target
synthetic,170,173,1,+,A,C,mismatch,wt_1733,702,1,target
synthetic,148,150,1,+,A,C,mismatch,wt_1734,699,1,target
synthetic,143,143,1,+,A,C,mismatch,wt_1735,696,1,target
synthetic,157,159,1,+,A,C,mismatch,wt_1736,702,1,target
synthetic,130,134,1,+,A,C,mismatch,wt_1737,698,1,target
synthetic,80,81,1,+,A,C,mismatch,wt_1738,690,1,target
synthetic,78,82,1,+,A,C,mismatch,wt_1739,693,1,target
synthetic,177,179,1,+,A,C,mismatch,wt_1740,707,1,target
synthetic,111,112,1,+,A,C,mismatch,wt_1741,705,1,target
synthetic,97,99,1,+,A,C,mismatch,wt_1742,707,1,target
synthetic,94,96,1,+,A,C,mismatch,wt_1743,708,1,target
synthetic,73,78,1,+,A,C,mismatch,wt_1744,706,1,target
synthetic,183,188,1,+,A,C,mismatch,wt_1745,697,1,target
synthetic,112,112,1,+,A,C,mismatch,wt_1746,695,1,target
synthetic,65,66,1,+,A,C,mismatch,wt_1747,704,1,target
synthetic,127,131,1,+,A,C,mismatch,wt_1748,695,1,target
synthetic,92,94,1,+,A,C,mismatch,wt_1749,698,1,target
synthetic,78,82,1,+,A,C,mismatch,wt_1750,707,1,target
synthetic,97,100,1,+,A,C,mismatch,wt_1751,708,1,target
synthetic,187,189,1,+,A,C,mismatch,wt_1752,705,1,target
synthetic,186,191,1,+,A,C,mismatch,wt_1753,696,1,target
synthetic,96,96,1,+,A,C,mismatch,wt_1754,695,1,target
synthetic,80,83,1,+,A,C,mismatch,wt_1755,700,1,target
synthetic,72,75,1,+,A,C,mismatch,wt_1756,701,1,target
synthetic,187,191,1,+,A,C,mismatch,wt_1757,695,1,target
synthetic,135,137,1,+,A,C,mismatch,wt_1758,695,1,target
synthetic,104,107,1,+,A,C,mismatch,wt_1759,704,1,target
synthetic,48,52,1,+,A,C,mismatch,wt_1760,708,1,target
synthetic,130,132,1,+,A,C,mismatch,wt_1761,708,1,target
synthetic,99,102,1,+,A,C,mismatch,wt_1762,695,1,target
synthetic,152,156,1,+,A,C,mismatch,wt_1763,701,1,target
synthetic,185,189,1,+,A,C,mismatch,wt_1764,709,1,target
synthetic,67,69,1,+,A,C,mismatch,wt_1765,700,1,target
synthetic,54,55,1,+,A,C,mismatch,wt_1766,695,1,target
synthetic,186,191,1,+,A,C,mismatch,wt_1767,696,1,target
synthetic,142,144,1,+,A,C,mismatch,wt_1768,692,1,target
synthetic,171,175,1,+,A,C,mismatch,wt_1769,690,1,target
synthetic,162,166,1,+,A,C,mismatch,wt_1770,693,1,target
synthetic,78,81,1,+,A,C,mismatch,wt_1771,704,1,target
synthetic,194,195,1,+,A,C,mismatch,wt_1772,706,1,target
synthetic,120,124,1,+,A,C,mismatch,wt_1773,695,1,target
synthetic,96,101,1,+,A,C,mismatch,wt_1774,700,1,target
synthetic,125,129,1,+,A,C,mismatch,wt_1775,696,1,target
synthetic,56,58,1,+,A,C,mismatch,wt_1776,694,1,target
synthetic,82,84,1,+,A,C,mismatch,wt_1777,705,1,target
synthetic,67,72,1,+,A,C,mismatch,wt_1778,695,1,target
synthetic,146,146,1,+,A,C,mismatch,wt_1779,694,1,target
synthetic,183,183,1,+,A,C,mismatch,wt_1780,703,1,target
synthetic,50,55,1,+,A,C,mismatch,wt_1781,699,1,target
synthetic,58,62,1,+,A,C,mismatch,wt_1782,698,1,target
synthetic,135,135,1,+,A,C,mismatch,wt_1783,698,1,target
synthetic,128,133,1,+,A,C,mismatch,wt_1784,691,1,target
synthetic,177,177,1,+,A,C,mismatch,wt_1785,695,1,target
synthetic,82,86,1,+,A,C,mismatch,wt_1786,703,1,target
synthetic,54,59,1,+,A,C,mismatch,wt_1787,705,1,target
synthetic,151,151,1,+,A,C,mismatch,wt_1788,704,1,target
synthetic,187,190,1,+,A,C,mismatch,wt_1789,701,1,target
synthetic,119,121,1,+,A,C,mismatch,wt_1790,709,1,target
synthetic,82,84,1,+,A,C,mismatch,wt_1791,691,1,target
synthetic,102,104,1,+,A,C,mismatch,wt_1792,695,1,target
synthetic,79,84,1,+,A,C,mismatch,wt_1793,702,1,target
synthetic,97,97,1,+,A,C,mismatch,wt_1794,698,1,target
synthetic,156,160,1,+,A,C,mismatch,wt_1795,706,1,target
synthetic,166,171,1,+,A,C,mismatch,wt_1796,706,1,target
synthetic,88,90,1,+,A,C,mismatch,wt_1797,694,1,target
synthetic,196,198,1,+,A,C,mismatch,wt_1798,692,1,target
synthetic,171,174,1,+,A,C,mismatch,wt_1799,692,1,target
synthetic,131,132,1,+,A,C,mismatch,wt_1800,693,1,target
synthetic,127,129,1,+,A,C,mismatch,wt_1801,710,1,target
synthetic,119,121,1,+,A,C,mismatch,wt_1802,693,1,target
synthetic,70,75,1,+,A,C,mismatch,wt_1803,697,1,target
synthetic,74,75,1,+,A,C,mismatch,wt_1804,693,1,target
synthetic,64,69,1,+,A,C,mismatch,wt_1805,691,1,target
synthetic,50,52,1,+,A,C,mismatch,wt_1806,698,1,target
synthetic,148,153,1,+,A,C,mismatch,wt_1807,705,1,target
synthetic,83,85,1,+,A,C,mismatch,wt_1808,709,1,target
synthetic,74,78,1,+,A,C,mismatch,wt_1809,709,1,target
synthetic,186,186,1,+,A,C,mismatch,wt_1810,700,1,target
synthetic,142,147,1,+,A,C,mismatch,wt_1811,705,1,target
synthetic,47,50,1,+,A,C,mismatch,wt_1812,692,1,target
synthetic,169,170,1,+,A,C,mismatch,wt_1813,694,1,target
synthetic,120,121,1,+,A,C,mismatch,wt_1814,704,1,target
synthetic,89,93,1,+,A,C,mismatch,wt_1815,696,1,target
synthetic,98,103,1,+,A,C,mismatch,wt_1816,690,1,target
synthetic,196,201,1,+,A,C,mismatch,wt_1817,700,1,target
synthetic,151,155,1,+,A,C,mismatch,wt_1818,703,1,target
synthetic,148,148,1,+,A,C,mismatch,wt_1819,700,1,target
synthetic,138,140,1,+,A,C,mismatch,wt_1820,692,1,target
synthetic,52,56,1,+,A,C,mismatch,wt_1821,699,1,target
synthetic,142,142,1,+,A,C,mismatch,wt_1822,707,1,target
synthetic,61,65,1,+,A,C,mismatch,wt_1823,700,1,target
synthetic,128,129,1,+,A,C,mismatch,wt_1824,696,1,target
synthetic,196,201,1,+,A,C,mismatch,wt_1825,704,1,target
synthetic,60,64,1,+,A,C,mismatch,wt_1826,709,1,target
synthetic,167,168,1,+,A,C,mismatch,wt_1827,706,1,target
synthetic,111,115,1,+,A,C,mismatch,wt_1828,702,1,target
synthetic,178,179,1,+,A,C,mismatch,wt_1829,702,1,target
synthetic,114,119,1,+,A,C,mismatch,wt_1830,700,1,target
synthetic,162,163,1,+,A,C,mismatch,wt_1831,708,1,target
synthetic,165,170,1,+,A,C,mismatch,wt_1832,708,1,target
synthetic,87,91,1,+,A,C,mismatch,wt_1833,696,1,target
synthetic,172,177,1,+,A,C,mismatch,wt_1834,702,1,target
synthetic,64,69,1,+,A,C,mismatch,wt_1835,697,1,target
synthetic,180,181,1,+,A,C,mismatch,wt_1836,705,1,target
synthetic,169,174,1,+,A,C,mismatch,wt_1837,707,1,target
synthetic,86,90,1,+,A,C,mismatch,wt_1838,701,1,target
synthetic,98,100,1,+,A,C,mismatch,wt_1839,702,1,target
synthetic,53,53,1,+,A,C,mismatch,wt_1840,701,1,target
synthetic,129,130,1,+,A,C,mismatch,wt_1841,704,1,target
synthetic,64,64,1,+,A,C,mismatch,wt_1842,699,1,target
synthetic,129,129,1,+,A,C,mismatch,wt_1843,694,1,target
synthetic,183,188,1,+,A,C,mismatch,wt_1844,705,1,target
synthetic,132,136,1,+,A,C,mismatch,wt_1845,707,1,target
synthetic,125,128,1,+,A,C,mismatch,wt_1846,694,1,target
synthetic,139,144,1,+,A,C,mismatch,wt_1847,697,1,target
synthetic,110,110,1,+,A,C,mismatch,wt_1848,699,1,target
synthetic,64,65,1,+,A,C,mismatch,wt_1849,691,1,target
synthetic,111,111,1,+,A,C,mismatch,wt_1850,691,1,target
synthetic,116,116,1,+,A,C,mismatch,wt_1851,709,1,target
synthetic,142,143,1,+,A,C,mismatch,wt_1852,693,1,target
synthetic,174,179,1,+,A,C,mismatch,wt_1853,704,1,target
synthetic,170,174,1,+,A,C,mismatch,wt_1854,691,1,target
synthetic,97,100,1,+,A,C,mismatch,wt_1855,702,1,target
synthetic,174,179,1,+,A,C,mismatch,wt_1856,705,1,target
synthetic,85,85,1,+,A,C,mismatch,wt_1857,700,1,target
synthetic,144,146,1,+,A,C,mismatch,wt_1858,706,1,target
synthetic,195,195,1,+,A,C,mismatch,wt_1859,704,1,target
synthetic,182,182,1,+,A,C,mismatch,wt_1860,704,1,target
synthetic,112,116,1,+,A,C,mismatch,wt_1861,700,1,target
synthetic,119,120,1,+,A,C,mismatch,wt_1862,710,1,target
synthetic,178,183,1,+,A,C,mismatch,wt_1863,707,1,target
synthetic,147,147,1,+,A,C,mismatch,wt_1864,704,1,target
synthetic,70,71,1,+,A,C,mismatch,wt_1865,702,1,target
synthetic,176,180,1,+,A,C,mismatch,wt_1866,693,1,target
synthetic,168,169,1,+,A,C,mismatch,wt_1867,702,1,target
synthetic,130,130,1,+,A,C,mismatch,wt_1868,699,1,target
synthetic,56,59,1,+,A,C,mismatch,wt_1869,707,1,target
synthetic,126,126,1,+,A,C,mismatch,wt_1870,700,1,target
synthetic,45,47,1,+,A,C,mismatch,wt_1871,694,1,target
synthetic,174,175,1,+,A,C,mismatch,wt_1872,709,1,target
synthetic,95,98,1,+,A,C,mismatch,wt_1873,700,1,target
synthetic,131,133,1,+,A,C,mismatch,wt_1874,708,1,target
synthetic,55,59,1,+,A,C,mismatch,wt_1875,695,1,target
synthetic,145,149,1,+,A,C,mismatch,wt_1876,694,1,target
synthetic,59,62,1,+,A,C,mismatch,wt_1877,709,1,target
synthetic,185,186,1,+,A,C,mismatch,wt_1878,700,1,target
synthetic,151,151,1,+,A,C,mismatch,wt_1879,700,1,target
synthetic,178,179,1,+,A,C,mismatch,wt_1880,701,1,target
synthetic,162,166,1,+,A,C,mismatch,wt_1881,705,1,target
synthetic,188,188,1,+,A,C,mismatch,wt_1882,691,1,target
synthetic,69,70,1,+,A,C,mismatch,wt_1883,704,1,target
synthetic,80,83,1,+,A,C,mismatch,wt_1884,698,1,target
synthetic,50,54,1,+,A,C,mismatch,wt_1885,704,1,target
synthetic,177,180,1,+,A,C,mismatch,wt_1886,705,1,target
synthetic,145,147,1,+,A,C,mismatch,wt_1887,702,1,target
synthetic,76,76,1,+,A,C,mismatch,wt_1888,703,1,target
synthetic,118,121,1,+,A,C,mismatch,wt_1889,694,1,target
synthetic,78,81,1,+,A,C,mismatch,wt_1890,691,1,target
synthetic,119,124,1,+,A,C,mismatch,wt_1891,699,1,target
synthetic,193,195,1,+,A,C,mismatch,wt_1892,698,1,target
synthetic,124,125,1,+,A,C,mismatch,wt_1893,705,1,target
synthetic,182,186,1,+,A,C,mismatch,wt_1894,697,1,target
synthetic,149,151,1,+,A,C,mismatch,wt_1895,697,1,target
synthetic,45,47,1,+,A,C,mismatch,wt_1896,710,1,target
synthetic,48,53,1,+,A,C,mismatch,wt_1897,703,1,target
synthetic,160,163,1,+,A,C,mismatch,wt_1898,708,1,target
synthetic,97,98,1,+,A,C,mismatch,wt_1899,693,1,target
synthetic,181,183,1,+,A,C,mismatch,wt_1900,703,1,target
synthetic,150,150,1,+,A,C,mismatch,wt_1901,694,1,target
synthetic,129,130,1,+,A,C,mismatch,wt_1902,701,1,target
synthetic,63,66,1,+,A,C,mismatch,wt_1903,703,1,target
synthetic,168,168,1,+,A,C,mismatch,wt_1904,703,1,target
synthetic,129,131,1,+,A,C,mismatch,wt_1905,698,1,target
synthetic,103,104,1,+,A,C,mismatch,wt_1906,702,1,target
synthetic,153,158,1,+,A,C,mismatch,wt_1907,695,1,target
synthetic,134,138,1,+,A,C,mismatch,wt_1908,708,1,target
synthetic,170,170,1,+,A,C,mismatch,wt_1909,699,1,target
synthetic,79,83,1,+,A,C,mismatch,wt_1910,704,1,target
synthetic,51,56,1,+,A,C,mismatch,wt_1911,691,1,target
synthetic,160,161,1,+,A,C,mismatch,wt_1912,693,1,target
synthetic,53,54,1,+,A,C,mismatch,wt_1913,693,1,target
synthetic,48,52,1,+,A,C,mismatch,wt_1914,707,1,target
synthetic,40,43,1,+,A,C,mismatch,wt_1915,692,1,target
synthetic,92,97,1,+,A,C,mismatch,wt_1916,705,1,target
synthetic,46,47,1,+,A,C,mismatch,wt_1917,696,1,target
synthetic,189,194,1,+,A,C,mismatch,wt_1918,694,1,target
synthetic,102,103,1,+,A,C,mismatch,wt_1919,698,1,target
synthetic,55,60,1,+,A,C,mismatch,wt_1920,697,1,target
synthetic,158,162,1,+,A,C,mismatch,wt_1921,705,1,target
synthetic,143,143,1,+,A,C,mismatch,wt_1922,691,1,target
synthetic,101,102,1,+,A,C,mismatch,wt_1923,695,1,target
synthetic,81,84,1,+,A,C,mismatch,wt_1924,694,1,target
synthetic,152,152,1,+,A,C,mismatch,wt_1925,708,1,target
synthetic,180,185,1,+,A,C,mismatch,wt_1926,698,1,target
synthetic,65,66,1,+,A,C,mismatch,wt_1927,699,1,target
synthetic,97,99,1,+,A,C,mismatch,wt_1928,707,1,target
synthetic,68,70,1,+,A,C,mismatch,wt_1929,710,1,target
synthetic,106,107,1,+,A,C,mismatch,wt_1930,691,1,target
synthetic,199,203,1,+,A,C,mismatch,wt_1931,690,1,target
synthetic,195,195,1,+,A,C,mismatch,wt_1932,700,1,target
synthetic,193,193,1,+,A,C,mismatch,wt_1933,704,1,target
synthetic,141,144,1,+,A,C,mismatch,wt_1934,708,1,target
synthetic,129,133,1,+,A,C,mismatch,wt_1935,710,1,target
synthetic,73,77,1,+,A,C,mismatch,wt_1936,690,1,target
synthetic,72,74,1,+,A,C,mismatch,wt_1937,695,1,target
synthetic,123,123,1,+,A,C,mismatch,wt_1938,692,1,target
synthetic,92,92,1,+,A,C,mismatch,wt_1939,701,1,target
synthetic,131,136,1,+,A,C,mismatch,wt_1940,703,1,target
synthetic,172,173,1,+,A,C,mismatch,wt_1941,707,1,target
synthetic,171,174,1,+,A,C,mismatch,wt_1942,693,1,target
synthetic,47,51,1,+,A,C,mismatch,wt_1943,697,1,target
synthetic,112,113,1,+,A,C,mismatch,wt_1944,699,1,target
synthetic,77,78,1,+,A,C,mismatch,wt_1945,702,1,target
synthetic,167,170,1,+,A,C,mismatch,wt_1946,697,1,target
synthetic,127,128,1,+,A,C,mismatch,wt_1947,702,1,target
synthetic,52,57,1,+,A,C,mismatch,wt_1948,701,1,target
synthetic,136,140,1,+,A,C,mismatch,wt_1949,708,1,target
synthetic,65,68,1,+,A,C,mismatch,wt_1950,691,1,target
synthetic,125,130,1,+,A,C,mismatch,wt_1951,690,1,target
synthetic,186,190,1,+,A,C,mismatch,wt_1952,694,1,target
synthetic,189,193,1,+,A,C,mismatch,wt_1953,701,1,target
synthetic,172,177,1,+,A,C,mismatch,wt_1954,696,1,target
synthetic,119,124,1,+,A,C,mismatch,wt_1955,700,1,target
synthetic,84,87,1,+,A,C,mismatch,wt_1956,702,1,target
synthetic,94,96,1,+,A,C,mismatch,wt_1957,705,1,target
synthetic,115,116,1,+,A,C,mismatch,wt_1958,707,1,target
synthetic,53,58,1,+,A,C,mismatch,wt_1959,693,1,target
synthetic,61,62,1,+,A,C,mismatch,wt_1960,699,1,target
synthetic,55,60,1,+,A,C,mismatch,wt_1961,699,1,target
synthetic,135,136,1,+,A,C,mismatch,wt_1962,693,1,target
synthetic,163,168,1,+,A,C,mismatch,wt_1963,699,1,target
synthetic,165,167,1,+,A,C,mismatch,wt_1964,692,1,target
synthetic,198,200,1,+,A,C,mismatch,wt_1965,695,1,target
synthetic,44,47,1,+,A,C,mismatch,wt_1966,690,1,target
synthetic,116,117,1,+,A,C,mismatch,wt_1967,702,1,target
synthetic,75,80,1,+,A,C,mismatch,wt_1968,690,1,target
synthetic,168,168,1,+,A,C,mismatch,wt_1969,703,1,target
synthetic,174,174,1,+,A,C,mismatch,wt_1970,692,1,target
synthetic,90,91,1,+,A,C,mismatch,wt_1971,701,1,target
synthetic,87,88,1,+,A,C,mismatch,wt_1972,691,1,target
synthetic,46,49,1,+,A,C,mismatch,wt_1973,709,1,target
synthetic,75,78,1,+,A,C,mismatch,wt_1974,708,1,target
synthetic,79,84,1,+,A,C,mismatch,wt_1975,700,1,target
synthetic,99,102,1,+,A,C,mismatch,wt_1976,697,1,target
synthetic,59,59,1,+,A,C,mismatch,wt_1977,692,1,target
synthetic,163,164,1,+,A,C,mismatch,wt_1978,707,1,target
synthetic,103,107,1,+,A,C,mismatch,wt_1979,710,1,target
synthetic,72,75,1,+,A,C,mismatch,wt_1980,693,1,target
synthetic,60,60,1,+,A,C,mismatch,wt_1981,708,1,target
synthetic,183,184,1,+,A,C,mismatch,wt_1982,709,1,target
synthetic,159,161,1,+,A,C,mismatch,wt_1983,710,1,target
synthetic,84,85,1,+,A,C,mismatch,wt_1984,698,1,target
synthetic,171,176,1,+,A,C,mismatch,wt_1985,704,1,target
synthetic,169,170,1,+,A,C,mismatch,wt_1986,697,1,target
synthetic,87,91,1,+,A,C,mismatch,wt_1987,703,1,target
synthetic,94,97,1,+,A,C,mismatch,wt_1988,702,1,target
synthetic,183,187,1,+,A,C,mismatch,wt_1989,702,1,target
synthetic,57,59,1,+,A,C,mismatch,wt_1990,695,1,target
synthetic,121,123,1,+,A,C,mismatch,wt_1991,690,1,target
synthetic,171,174,1,+,A,C,mismatch,wt_1992,705,1,target
synthetic,89,89,1,+,A,C,mismatch,wt_1993,695,1,target
synthetic,165,169,1,+,A,C,mismatch,wt_1994,698,1,target
synthetic,141,146,1,+,A,C,mismatch,wt_1995,696,1,target
synthetic,127,127,1,+,A,C,mismatch,wt_1996,691,1,target
synthetic,71,72,1,+,A,C,mismatch,wt_1997,697,1,target
synthetic,146,150,1,+,A,C,mismatch,wt_1998,690,1,target
synthetic,125,129,1,+,A,C,mismatch,wt_1999,706,1,target
synthetic,102,104,1,+,A,C,mismatch,wt_2000,706,1,target
synthetic,199,200,1,+,A,C,mismatch,edited_1,645,1,target
synthetic,183,186,1,+,A,C,mismatch,edited_1,640,1,target
synthetic,99,102,1,+,A,C,mismatch,edited_2,649,1,target
synthetic,145,149,1,+,A,C,mismatch,edited_2,626,1,target
synthetic,88,93,1,+,A,C,mismatch,edited_3,627,1,target
synthetic,60,65,1,+,A,C,mismatch,edited_3,648,1,target
synthetic,159,164,1,+,A,C,mismatch,edited_4,643,1,target
synthetic,73,75,1,+,A,C,mismatch,edited_4,621,1,target
synthetic,133,133,1,+,A,C,mismatch,edited_5,642,1,target
synthetic,98,98,1,+,A,C,mismatch,edited_5,637,1,target
synthetic,79,84,1,+,A,C,mismatch,edited_6,631,1,target
synthetic,173,176,1,+,A,C,mismatch,edited_6,620,1,target
synthetic,166,170,1,+,A,C,mismatch,edited_7,636,1,target
synthetic,81,84,1,+,A,C,mismatch,edited_7,633,1,target
synthetic,97,100,1,+,A,C,mismatch,edited_8,624,1,target
synthetic,90,90,1,+,A,C,mismatch,edited_8,644,1,target
synthetic,81,84,1,+,A,C,mismatch,edited_9,650,1,target
synthetic,169,169,1,+,A,C,mismatch,edited_9,644,1,target
synthetic,199,200,1,+,A,C,mismatch,edited_10,649,1,target
synthetic,59,60,1,+,A,C,mismatch,edited_10,640,1,target
synthetic,69,70,1,+,A,C,mismatch,edited_11,627,1,target
synthetic,147,148,1,+,A,C,mismatch,edited_11,621,1,target
synthetic,96,98,1,+,A,C,mismatch,edited_12,641,1,target
synthetic,169,171,1,+,A,C,mismatch,edited_12,621,1,target
synthetic,101,106,1,+,A,C,mismatch,edited_13,630,1,target
synthetic,153,153,1,+,A,C,mismatch,edited_13,630,1,target
synthetic,189,191,1,+,A,C,mismatch,edited_14,630,1,target
synthetic,77,81,1,+,A,C,mismatch,edited_14,637,1,target
synthetic,103,104,1,+,A,C,mismatch,edited_15,627,1,target
synthetic,90,94,1,+,A,C,mismatch,edited_15,647,1,target
synthetic,81,82,1,+,A,C,mismatch,edited_16,626,1,target
synthetic,187,188,1,+,A,C,mismatch,edited_16,636,1,target
synthetic,58,62,1,+,A,C,mismatch,edited_17,631,1,target
synthetic,85,88,1,+,A,C,mismatch,edited_17,622,1,target
synthetic,71,72,1,+,A,C,mismatch,edited_18,647,1,target
synthetic,138,141,1,+,A,C,mismatch,edited_18,628,1,target
synthetic,198,200,1,+,A,C,mismatch,edited_19,639,1,target
synthetic,62,63,1,+,A,C,mismatch,edited_19,646,1,target
synthetic,190,193,1,+,A,C,mismatch,edited_20,632,1,target
synthetic,182,187,1,+,A,C,mismatch,edited_20,647,1,target
synthetic,122,123,1,+,A,C,mismatch,edited_21,629,1,target
synthetic,138,141,1,+,A,C,mismatch,edited_21,643,1,target
synthetic,158,158,1,+,A,C,mismatch,edited_22,640,1,target
synthetic,111,113,1,+,A,C,mismatch,edited_22,639,1,target
synthetic,113,117,1,+,A,C,mismatch,edited_23,627,1,target
synthetic,62,67,1,+,A,C,mismatch,edited_23,622,1,target
synthetic,67,69,1,+,A,C,mismatch,edited_24,632,1,target
synthetic,81,84,1,+,A,C,mismatch,edited_24,648,1,target
synthetic,121,124,1,+,A,C,mismatch,edited_25,627,1,target
synthetic,85,86,1,+,A,C,mismatch,edited_25,624,1,target
synthetic,200,202,1,+,A,C,mismatch,edited_26,625,1,target
synthetic,140,141,1,+,A,C,mismatch,edited_26,628,1,target
synthetic,112,112,1,+,A,C,mismatch,edited_27,640,1,target
synthetic,131,135,1,+,A,C,mismatch,edited_27,628,1,target
synthetic,167,171,1,+,A,C,mismatch,edited_28,637,1,target
synthetic,172,172,1,+,A,C,mismatch,edited_28,622,1,target
synthetic,68,71,1,+,A,C,mismatch,edited_29,632,1,target
synthetic,188,192,1,+,A,C,mismatch,edited_29,628,1,target
synthetic,40,43,1,+,A,C,mismatch,edited_30,646,1,target
synthetic,83,87,1,+,A,C,mismatch,edited_30,633,1,target
synthetic,61,62,1,+,A,C,mismatch,edited_31,638,1,target
synthetic,192,196,1,+,A,C,mismatch,edited_31,627,1,target
synthetic,164,168,1,+,A,C,mismatch,edited_32,640,1,target
synthetic,49,49,1,+,A,C,mismatch,edited_32,626,1,target
synthetic,104,106,1,+,A,C,mismatch,edited_33,645,1,target
synthetic,77,79,1,+,A,C,mismatch,edited_33,642,1,target
synthetic,40,42,1,+,A,C,mismatch,edited_34,638,1,target
synthetic,88,90,1,+,A,C,mismatch,edited_34,620,1,target
synthetic,167,167,1,+,A,C,mismatch,edited_35,631,1,target
synthetic,181,184,1,+,A,C,mismatch,edited_35,621,1,target
synthetic,90,93,1,+,A,C,mismatch,edited_36,636,1,target
synthetic,179,179,1,+,A,C,mismatch,edited_36,648,1,target
synthetic,106,109,1,+,A,C,mismatch,edited_37,641,1,target
synthetic,55,60,1,+,A,C,mismatch,edited_37,637,1,target
synthetic,175,179,1,+,A,C,mismatch,edited_38,629,1,target
synthetic,163,164,1,+,A,C,mismatch,edited_38,622,1,target
synthetic,147,152,1,+,A,C,mismatch,edited_39,639,1,target
synthetic,101,106,1,+,A,C,mismatch,edited_39,620,1,target
synthetic,166,168,1,+,A,C,mismatch,edited_40,634,1,target
synthetic,87,87,1,+,A,C,mismatch,edited_40,648,1,target
synthetic,88,92,1,+,A,C,mismatch,edited_41,626,1,target
synthetic,199,200,1,+,A,C,mismatch,edited_41,633,1,target
synthetic,114,117,1,+,A,C,mismatch,edited_42,624,1,target
synthetic,44,44,1,+,A,C,mismatch,edited_42,633,1,target
synthetic,111,111,1,+,A,C,mismatch,edited_43,629,1,target
synthetic,118,118,1,+,A,C,mismatch,edited_43,647,1,target
synthetic,70,75,1,+,A,C,mismatch,edited_44,624,1,target
synthetic,82,84,1,+,A,C,mismatch,edited_44,644,1,target
synthetic,103,103,1,+,A,C,mismatch,edited_45,637,1,target
synthetic,170,174,1,+,A,C,mismatch,edited_45,632,1,target
synthetic,68,72,1,+,A,C,mismatch,edited_46,647,1,target
synthetic,117,117,1,+,A,C,mismatch,edited_46,634,1,target
synthetic,127,128,1,+,A,C,mismatch,edited_47,633,1,target
synthetic,109,110,1,+,A,C,mismatch,edited_47,644,1,target
synthetic,181,183,1,+,A,C,mismatch,edited_48,645,1,target
synthetic,156,157,1,+,A,C,mismatch,edited_48,647,1,target
synthetic,102,105,1,+,A,C,mismatch,edited_49,633,1,target
synthetic,43,47,1,+,A,C,mismatch,edited_49,635,1,target
synthetic,190,191,1,+,A,C,mismatch,edited_50,626,1,target
synthetic,170,174,1,+,A,C,mismatch,edited_50,623,1,target
synthetic,87,91,1,+,A,C,mismatch,edited_51,636,1,target
synthetic,89,89,1,+,A,C,mismatch,edited_51,625,1,target
synthetic,78,81,1,+,A,C,mismatch,edited_52,628,1,target
synthetic,118,121,1,+,A,C,mismatch,edited_52,634,1,target
synthetic,159,159,1,+,A,C,mismatch,edited_53,649,1,target
synthetic,163,168,1,+,A,C,mismatch,edited_53,630,1,target
synthetic,195,196,1,+,A,C,mismatch,edited_54,628,1,target
synthetic,172,175,1,+,A,C,mismatch,edited_54,634,1,target
synthetic,66,71,1,+,A,C,mismatch,edited_55,642,1,target
synthetic,183,184,1,+,A,C,mismatch,edited_55,621,1,target
synthetic,65,65,1,+,A,C,mismatch,edited_56,650,1,target
synthetic,92,93,1,+,A,C,mismatch,edited_56,647,1,target
synthetic,193,193,1,+,A,C,mismatch,edited_57,632,1,target
synthetic,195,195,1,+,A,C,mismatch,edited_57,625,1,target
synthetic,64,69,1,+,A,C,mismatch,edited_58,622,1,target
synthetic,47,47,1,+,A,C,mismatch,edited_58,640,1,target
synthetic,46,49,1,+,A,C,mismatch,edited_59,636,1,target
synthetic,132,134,1,+,A,C,mismatch,edited_59,622,1,target
synthetic,108,113,1,+,A,C,mismatch,edited_60,637,1,target
synthetic,155,158,1,+,A,C,mismatch,edited_60,645,1,target
synthetic,93,93,1,+,A,C,mismatch,edited_61,640,1,target
synthetic,134,135,1,+,A,C,mismatch,edited_61,648,1,target
synthetic,49,50,1,+,A,C,mismatch,edited_62,625,1,target
synthetic,113,118,1,+,A,C,mismatch,edited_62,648,1,target
synthetic,121,121,1,+,A,C,mismatch,edited_63,644,1,target
synthetic,191,195,1,+,A,C,mismatch,edited_63,624,1,target
synthetic,155,159,1,+,A,C,mismatch,edited_64,638,1,target
synthetic,160,163,1,+,A,C,mismatch,edited_64,625,1,target
synthetic,52,55,1,+,A,C,mismatch,edited_65,623,1,target
synthetic,67,71,1,+,A,C,mismatch,edited_65,645,1,target
synthetic,78,78,1,+,A,C,mismatch,edited_66,640,1,target
synthetic,166,171,1,+,A,C,mismatch,edited_66,624,1,target
synthetic,82,83,1,+,A,C,mismatch,edited_67,649,1,target
synthetic,194,199,1,+,A,C,mismatch,edited_67,647,1,target
synthetic,91,94,1,+,A,C,mismatch,edited_68,633,1,target
synthetic,70,75,1,+,A,C,mismatch,edited_68,629,1,target
synthetic,78,83,1,+,A,C,mismatch,edited_69,646,1,target
synthetic,95,100,1,+,A,C,mismatch,edited_69,639,1,target
synthetic,143,147,1,+,A,C,mismatch,edited_70,631,1,target
synthetic,61,63,1,+,A,C,mismatch,edited_70,629,1,target
synthetic,129,133,1,+,A,C,mismatch,edited_71,649,1,target
synthetic,179,179,1,+,A,C,mismatch,edited_71,640,1,target
synthetic,62,67,1,+,A,C,mismatch,edited_72,634,1,target
synthetic,195,196,1,+,A,C,mismatch,edited_72,629,1,target
synthetic,141,145,1,+,A,C,mismatch,edited_73,640,1,target
synthetic,123,126,1,+,A,C,mismatch,edited_73,642,1,target
synthetic,190,190,1,+,A,C,mismatch,edited_74,629,1,target
synthetic,120,122,1,+,A,C,mismatch,edited_74,641,1,target
synthetic,124,124,1,+,A,C,mismatch,edited_75,623,1,target
synthetic,159,164,1,+,A,C,mismatch,edited_75,633,1,target
synthetic,144,147,1,+,A,C,mismatch,edited_76,627,1,target
synthetic,106,111,1,+,A,C,mismatch,edited_76,648,1,target
synthetic,184,185,1,+,A,C,mismatch,edited_77,631,1,target
synthetic,135,135,1,+,A,C,mismatch,edited_77,625,1,target
synthetic,74,76,1,+,A,C,mismatch,edited_78,637,1,target
synthetic,199,201,1,+,A,C,mismatch,edited_78,635,1,target
synthetic,192,193,1,+,A,C,mismatch,edited_79,621,1,target
synthetic,194,194,1,+,A,C,mismatch,edited_79,626,1,target
synthetic,79,79,1,+,A,C,mismatch,edited_80,627,1,target
synthetic,166,170,1,+,A,C,mismatch,edited_80,639,1,target
synthetic,118,118,1,+,A,C,mismatch,edited_81,648,1,target
synthetic,152,153,1,+,A,C,mismatch,edited_81,639,1,target
synthetic,169,172,1,+,A,C,mismatch,edited_82,629,1,target
synthetic,93,97,1,+,A,C,mismatch,edited_82,634,1,target
synthetic,111,116,1,+,A,C,mismatch,edited_83,644,1,target
synthetic,153,157,1,+,A,C,mismatch,edited_83,622,1,target
synthetic,95,97,1,+,A,C,mismatch,edited_84,637,1,target
synthetic,186,190,1,+,A,C,mismatch,edited_84,650,1,target
synthetic,140,141,1,+,A,C,mismatch,edited_85,636,1,target
synthetic,78,79,1,+,A,C,mismatch,edited_85,627,1,target
synthetic,99,99,1,+,A,C,mismatch,edited_86,633,1,target
synthetic,152,154,1,+,A,C,mismatch,edited_86,634,1,target
synthetic,85,87,1,+,A,C,mismatch,edited_87,644,1,target
synthetic,111,111,1,+,A,C,mismatch,edited_87,621,1,target
synthetic,128,131,1,+,A,C,mismatch,edited_88,623,1,target
synthetic,55,58,1,+,A,C,mismatch,edited_88,644,1,target
synthetic,136,136,1,+,A,C,mismatch,edited_89,649,1,target
synthetic,83,85,1,+,A,C,mismatch,edited_89,637,1,target
synthetic,195,196,1,+,A,C,mismatch,edited_90,621,1,target
synthetic,111,116,1,+,A,C,mismatch,edited_90,626,1,target
synthetic,137,142,1,+,A,C,mismatch,edited_91,644,1,target
synthetic,114,118,1,+,A,C,mismatch,edited_91,632,1,target
synthetic,166,166,1,+,A,C,mismatch,edited_92,648,1,target
synthetic,73,76,1,+,A,C,mismatch,edited_92,644,1,target
synthetic,130,133,1,+,A,C,mismatch,edited_93,630,1,target
synthetic,107,111,1,+,A,C,mismatch,edited_93,624,1,target
synthetic,81,81,1,+,A,C,mismatch,edited_94,636,1,target
synthetic,156,158,1,+,A,C,mismatch,edited_94,650,1,target
synthetic,45,49,1,+,A,C,mismatch,edited_95,638,1,target
synthetic,56,60,1,+,A,C,mismatch,edited_95,632,1,target
synthetic,178,179,1,+,A,C,mismatch,edited_96,631,1,target
synthetic,115,120,1,+,A,C,mismatch,edited_96,641,1,target
synthetic,163,163,1,+,A,C,mismatch,edited_97,642,1,target
synthetic,72,73,1,+,A,C,mismatch,edited_97,629,1,target
synthetic,145,150,1,+,A,C,mismatch,edited_98,648,1,target
synthetic,114,118,1,+,A,C,mismatch,edited_98,632,1,target
synthetic,133,137,1,+,A,C,mismatch,edited_99,643,1,target
synthetic,110,110,1,+,A,C,mismatch,edited_99,627,1,target
synthetic,179,184,1,+,A,C,mismatch,edited_100,630,1,target
synthetic,126,130,1,+,A,C,mismatch,edited_100,640,1,target
synthetic,130,130,1,+,A,C,mismatch,edited_101,644,1,target
synthetic,132,137,1,+,A,C,mismatch,edited_101,638,1,target
synthetic,103,106,1,+,A,C,mismatch,edited_102,622,1,target
synthetic,73,73,1,+,A,C,mismatch,edited_102,643,1,target
synthetic,103,105,1,+,A,C,mismatch,edited_103,643,1,target
synthetic,107,107,1,+,A,C,mismatch,edited_103,644,1,target
synthetic,99,100,1,+,A,C,mismatch,edited_104,646,1,target
synthetic,75,75,1,+,A,C,mismatch,edited_104,641,1,target
synthetic,91,95,1,+,A,C,mismatch,edited_105,632,1,target
synthetic,120,123,1,+,A,C,mismatch,edited_105,649,1,target
synthetic,125,128,1,+,A,C,mismatch,edited_106,626,1,target
synthetic,56,56,1,+,A,C,mismatch,edited_106,635,1,target
synthetic,174,174,1,+,A,C,mismatch,edited_107,626,1,target
synthetic,93,94,1,+,A,C,mismatch,edited_107,641,1,target
synthetic,134,135,1,+,A,C,mismatch,edited_108,630,1,target
synthetic,82,86,1,+,A,C,mismatch,edited_108,633,1,target
synthetic,123,125,1,+,A,C,mismatch,edited_109,632,1,target
synthetic,181,184,1,+,A,C,mismatch,edited_109,630,1,target
synthetic,175,176,1,+,A,C,mismatch,edited_110,620,1,target
synthetic,145,145,1,+,A,C,mismatch,edited_110,633,1,target
synthetic,64,64,1,+,A,C,mismatch,edited_111,647,1,target
synthetic,186,189,1,+,A,C,mismatch,edited_111,649,1,target
synthetic,61,63,1,+,A,C,mismatch,edited_112,642,1,target
synthetic,148,153,1,+,A,C,mismatch,edited_112,621,1,target
synthetic,132,137,1,+,A,C,mismatch,edited_113,644,1,target
synthetic,57,60,1,+,A,C,mismatch,edited_113,640,1,target
synthetic,160,163,1,+,A,C,mismatch,edited_114,641,1,target
synthetic,130,134,1,+,A,C,mismatch,edited_114,625,1,target
synthetic,157,159,1,+,A,C,mismatch,edited_115,648,1,target
synthetic,115,115,1,+,A,C,mismatch,edited_115,624,1,target
synthetic,95,96,1,+,A,C,mismatch,edited_116,639,1,target
synthetic,145,145,1,+,A,C,mismatch,edited_116,628,1,target
synthetic,183,187,1,+,A,C,mismatch,edited_117,621,1,target
synthetic,63,67,1,+,A,C,mismatch,edited_117,644,1,target
synthetic,197,197,1,+,A,C,mismatch,edited_118,639,1,target
synthetic,67,67,1,+,A,C,mismatch,edited_118,641,1,target
synthetic,117,119,1,+,A,C,mismatch,edited_119,642,1,target
synthetic,62,65,1,+,A,C,mismatch,edited_119,643,1,target
synthetic,51,54,1,+,A,C,mismatch,edited_120,644,1,target
synthetic,53,55,1,+,A,C,mismatch,edited_120,630,1,target
synthetic,114,114,1,+,A,C,mismatch,edited_121,648,1,target
synthetic,89,92,1,+,A,C,mismatch,edited_121,646,1,target
synthetic,46,49,1,+,A,C,mismatch,edited_122,624,1,target
synthetic,140,140,1,+,A,C,mismatch,edited_122,643,1,target
synthetic,122,124,1,+,A,C,mismatch,edited_123,634,1,target
synthetic,138,138,1,+,A,C,mismatch,edited_123,629,1,target
synthetic,119,120,1,+,A,C,mismatch,edited_124,644,1,target
synthetic,90,95,1,+,A,C,mismatch,edited_124,637,1,target
synthetic,179,180,1,+,A,C,mismatch,edited_125,627,1,target
synthetic,93,98,1,+,A,C,mismatch,edited_125,640,1,target
synthetic,188,189,1,+,A,C,mismatch,edited_126,644,1,target
synthetic,45,50,1,+,A,C,mismatch,edited_126,641,1,target
synthetic,197,199,1,+,A,C,mismatch,edited_127,635,1,target
synthetic,154,158,1,+,A,C,mismatch,edited_127,622,1,target
synthetic,169,173,1,+,A,C,mismatch,edited_128,634,1,target
synthetic,149,151,1,+,A,C,mismatch,edited_128,621,1,target
synthetic,178,181,1,+,A,C,mismatch,edited_129,621,1,target
synthetic,163,164,1,+,A,C,mismatch,edited_129,645,1,target
synthetic,130,133,1,+,A,C,mismatch,edited_130,630,1,target
synthetic,181,181,1,+,A,C,mismatch,edited_130,643,1,target
synthetic,111,116,1,+,A,C,mismatch,edited_131,640,1,target
synthetic,74,76,1,+,A,C,mismatch,edited_131,645,1,target
synthetic,168,168,1,+,A,C,mismatch,edited_132,640,1,target
synthetic,134,137,1,+,A,C,mismatch,edited_132,645,1,target
synthetic,79,82,1,+,A,C,mismatch,edited_133,645,1,target
synthetic,57,58,1,+,A,C,mismatch,edited_133,639,1,target
synthetic,63,68,1,+,A,C,mismatch,edited_134,639,1,target
synthetic,157,160,1,+,A,C,mismatch,edited_134,649,1,target
synthetic,197,198,1,+,A,C,mismatch,edited_135,629,1,target
synthetic,156,157,1,+,A,C,mismatch,edited_135,621,1,target
synthetic,148,148,1,+,A,C,mismatch,edited_136,642,1,target
synthetic,175,179,1,+,A,C,mismatch,edited_136,622,1,target
synthetic,48,50,1,+,A,C,mismatch,edited_137,649,1,target
synthetic,150,155,1,+,A,C,mismatch,edited_137,624,1,target
synthetic,122,122,1,+,A,C,mismatch,edited_138,630,1,target
synthetic,46,47,1,+,A,C,mismatch,edited_138,644,1,target
synthetic,115,120,1,+,A,C,mismatch,edited_139,621,1,target
synthetic,56,56,1,+,A,C,mismatch,edited_139,624,1,target
synthetic,163,167,1,+,A,C,mismatch,edited_140,623,1,target
synthetic,85,90,1,+,A,C,mismatch,edited_140,629,1,target
synthetic,41,45,1,+,A,C,mismatch,edited_141,632,1,target
synthetic,187,190,1,+,A,C,mismatch,edited_141,621,1,target
synthetic,162,162,1,+,A,C,mismatch,edited_142,623,1,target
synthetic,160,160,1,+,A,C,mismatch,edited_142,634,1,target
synthetic,50,53,1,+,A,C,mismatch,edited_143,632,1,target
synthetic,162,165,1,+,A,C,mismatch,edited_143,630,1,target
synthetic,171,172,1,+,A,C,mismatch,edited_144,639,1,target
synthetic,70,75,1,+,A,C,mismatch,edited_144,645,1,target
synthetic,137,141,1,+,A,C,mismatch,edited_145,628,1,target
synthetic,125,130,1,+,A,C,mismatch,edited_145,628,1,target
synthetic,175,175,1,+,A,C,mismatch,edited_146,631,1,target
synthetic,168,171,1,+,A,C,mismatch,edited_146,620,1,target
synthetic,120,121,1,+,A,C,mismatch,edited_147,648,1,target
synthetic,62,65,1,+,A,C,mismatch,edited_147,643,1,target
synthetic,188,193,1,+,A,C,mismatch,edited_148,630,1,target
synthetic,109,111,1,+,A,C,mismatch,edited_148,631,1,target
synthetic,161,161,1,+,A,C,mismatch,edited_149,623,1,target
synthetic,50,52,1,+,A,C,mismatch,edited_149,630,1,target
synthetic,194,194,1,+,A,C,mismatch,edited_150,646,1,target
synthetic,128,133,1,+,A,C,mismatch,edited_150,633,1,target
synthetic,198,201,1,+,A,C,mismatch,edited_151,631,1,target
synthetic,114,116,1,+,A,C,mismatch,edited_151,646,1,target
synthetic,82,83,1,+,A,C,mismatch,edited_152,621,1,target
synthetic,197,197,1,+,A,C,mismatch,edited_152,648,1,target
synthetic,101,106,1,+,A,C,mismatch,edited_153,639,1,target
synthetic,143,144,1,+,A,C,mismatch,edited_153,649,1,target
synthetic,123,125,1,+,A,C,mismatch,edited_154,634,1,target
synthetic,155,160,1,+,A,C,mismatch,edited_154,629,1,target
synthetic,188,189,1,+,A,C,mismatch,edited_155,642,1,target
synthetic,83,88,1,+,A,C,mismatch,edited_155,622,1,target
synthetic,107,109,1,+,A,C,mismatch,edited_156,635,1,target
synthetic,110,114,1,+,A,C,mismatch,edited_156,638,1,target
synthetic,73,73,1,+,A,C,mismatch,edited_157,631,1,target
synthetic,84,89,1,+,A,C,mismatch,edited_157,649,1,target
synthetic,72,76,1,+,A,C,mismatch,edited_158,643,1,target
synthetic,163,168,1,+,A,C,mismatch,edited_158,636,1,target
synthetic,45,46,1,+,A,C,mismatch,edited_159,626,1,target
synthetic,103,105,1,+,A,C,mismatch,edited_159,624,1,target
synthetic,99,99,1,+,A,C,mismatch,edited_160,635,1,target
synthetic,75,78,1,+,A,C,mismatch,edited_160,632,1,target
synthetic,154,158,1,+,A,C,mismatch,edited_161,636,1,target
synthetic,116,117,1,+,A,C,mismatch,edited_161,624,1,target
synthetic,117,118,1,+,A,C,mismatch,edited_162,627,1,target
synthetic,149,150,1,+,A,C,mismatch,edited_162,640,1,target
synthetic,181,185,1,+,A,C,mismatch,edited_163,646,1,target
synthetic,50,50,1,+,A,C,mismatch,edited_163,637,1,target
synthetic,130,135,1,+,A,C,mismatch,edited_164,626,1,target
synthetic,67,69,1,+,A,C,mismatch,edited_164,640,1,target
synthetic,195,200,1,+,A,C,mismatch,edited_165,623,1,target
synthetic,136,137,1,+,A,C,mismatch,edited_165,629,1,target
synthetic,148,152,1,+,A,C,mismatch,edited_166,626,1,target
synthetic,106,111,1,+,A,C,mismatch,edited_166,635,1,target
synthetic,177,177,1,+,A,C,mismatch,edited_167,620,1,target
synthetic,159,163,1,+,A,C,mismatch,edited_167,641,1,target
synthetic,104,105,1,+,A,C,mismatch,edited_168,634,1,target
synthetic,164,169,1,+,A,C,mismatch,edited_168,632,1,target
synthetic,189,191,1,+,A,C,mismatch,edited_169,628,1,target
synthetic,200,205,1,+,A,C,mismatch,edited_169,646,1,target
synthetic,82,83,1,+,A,C,mismatch,edited_170,623,1,target
synthetic,152,154,1,+,A,C,mismatch,edited_170,646,1,target
synthetic,141,143,1,+,A,C,mismatch,edited_171,623,1,target
synthetic,51,56,1,+,A,C,mismatch,edited_171,643,1,target
synthetic,190,192,1,+,A,C,mismatch,edited_172,649,1,target
synthetic,157,162,1,+,A,C,mismatch,edited_172,634,1,target
synthetic,138,139,1,+,A,C,mismatch,edited_173,649,1,target
synthetic,125,128,1,+,A,C,mismatch,edited_173,637,1,target
synthetic,173,178,1,+,A,C,mismatch,edited_174,635,1,target
synthetic,184,186,1,+,A,C,mismatch,edited_174,632,1,target
synthetic,152,155,1,+,A,C,mismatch,edited_175,646,1,target
synthetic,149,151,1,+,A,C,mismatch,edited_175,633,1,target
synthetic,156,156,1,+,A,C,mismatch,edited_176,623,1,target
synthetic,90,95,1,+,A,C,mismatch,edited_176,646,1,target
synthetic,104,105,1,+,A,C,mismatch,edited_177,629,1,target
synthetic,52,56,1,+,A,C,mismatch,edited_177,638,1,target
synthetic,77,79,1,+,A,C,mismatch,edited_178,623,1,target
synthetic,166,166,1,+,A,C,mismatch,edited_178,645,1,target
synthetic,192,197,1,+,A,C,mismatch,edited_179,633,1,target
synthetic,147,149,1,+,A,C,mismatch,edited_179,641,1,target
synthetic,131,136,1,+,A,C,mismatch,edited_180,636,1,target
synthetic,161,166,1,+,A,C,mismatch,edited_180,637,1,target
synthetic,61,66,1,+,A,C,mismatch,edited_181,641,1,target
synthetic,162,163,1,+,A,C,mismatch,edited_181,637,1,target
synthetic,58,61,1,+,A,C,mismatch,edited_182,622,1,target
synthetic,75,78,1,+,A,C,mismatch,edited_182,645,1,target
synthetic,189,191,1,+,A,C,mismatch,edited_183,630,1,target
synthetic,186,191,1,+,A,C,mismatch,edited_183,621,1,target
synthetic,116,118,1,+,A,C,mismatch,edited_184,627,1,target
synthetic,71,72,1,+,A,C,mismatch,edited_184,623,1,target
synthetic,126,126,1,+,A,C,mismatch,edited_185,628,1,target
synthetic,144,145,1,+,A,C,mismatch,edited_185,636,1,target
synthetic,144,146,1,+,A,C,mismatch,edited_186,643,1,target
synthetic,44,49,1,+,A,C,mismatch,edited_186,648,1,target
synthetic,145,146,1,+,A,C,mismatch,edited_187,628,1,target
synthetic,160,162,1,+,A,C,mismatch,edited_187,642,1,target
synthetic,125,130,1,+,A,C,mismatch,edited_188,629,1,target
synthetic,174,176,1,+,A,C,mismatch,edited_188,640,1,target
synthetic,143,146,1,+,A,C,mismatch,edited_189,630,1,target
synthetic,43,48,1,+,A,C,mismatch,edited_189,626,1,target
synthetic,155,158,1,+,A,C,mismatch,edited_190,630,1,target
synthetic,84,84,1,+,A,C,mismatch,edited_190,648,1,target
synthetic,45,45,1,+,A,C,mismatch,edited_191,623,1,target
synthetic,198,198,1,+,A,C,mismatch,edited_191,626,1,target
synthetic,41,42,1,+,A,C,mismatch,edited_192,634,1,target
synthetic,102,102,1,+,A,C,mismatch,edited_192,642,1,target
synthetic,184,185,1,+,A,C,mismatch,edited_193,625,1,target
synthetic,180,180,1,+,A,C,mismatch,edited_193,622,1,target
synthetic,96,101,1,+,A,C,mismatch,edited_194,627,1,target
synthetic,149,152,1,+,A,C,mismatch,edited_194,624,1,target
synthetic,191,192,1,+,A,C,mismatch,edited_195,622,1,target
synthetic,138,140,1,+,A,C,mismatch,edited_195,633,1,target
synthetic,86,88,1,+,A,C,mismatch,edited_196,638,1,target
synthetic,124,129,1,+,A,C,mismatch,edited_196,642,1,target
synthetic,95,100,1,+,A,C,mismatch,edited_197,630,1,target
synthetic,102,105,1,+,A,C,mismatch,edited_197,649,1,target
synthetic,79,79,1,+,A,C,mismatch,edited_198,641,1,target
synthetic,178,181,1,+,A,C,mismatch,edited_198,640,1,target
synthetic,71,75,1,+,A,C,mismatch,edited_199,637,1,target
synthetic,73,73,1,+,A,C,mismatch,edited_199,626,1,target
synthetic,179,180,1,+,A,C,mismatch,edited_200,650,1,target
synthetic,198,199,1,+,A,C,mismatch,edited_200,626,1,target
synthetic,178,180,1,+,A,C,mismatch,edited_201,648,1,target
synthetic,90,92,1,+,A,C,mismatch,edited_201,648,1,target
synthetic,142,147,1,+,A,C,mismatch,edited_202,644,1,target
synthetic,145,147,1,+,A,C,mismatch,edited_202,646,1,target
synthetic,179,183,1,+,A,C,mismatch,edited_203,649,1,target
synthetic,92,94,1,+,A,C,mismatch,edited_203,634,1,target
synthetic,147,147,1,+,A,C,mismatch,edited_204,643,1,target
synthetic,132,137,1,+,A,C,mismatch,edited_204,645,1,target
synthetic,45,48,1,+,A,C,mismatch,edited_205,640,1,target
synthetic,66,67,1,+,A,C,mismatch,edited_205,622,1,target
synthetic,141,141,1,+,A,C,mismatch,edited_206,646,1,target
synthetic,82,82,1,+,A,C,mismatch,edited_206,643,1,target
synthetic,93,95,1,+,A,C,mismatch,edited_207,626,1,target
synthetic,125,125,1,+,A,C,mismatch,edited_207,629,1,target
synthetic,156,156,1,+,A,C,mismatch,edited_208,634,1,target
synthetic,186,186,1,+,A,C,mismatch,edited_208,638,1,target
synthetic,181,183,1,+,A,C,mismatch,edited_209,627,1,target
synthetic,153,156,1,+,A,C,mismatch,edited_209,631,1,target
synthetic,175,179,1,+,A,C,mismatch,edited_210,630,1,target
synthetic,59,59,1,+,A,C,mismatch,edited_210,625,1,target
synthetic,189,193,1,+,A,C,mismatch,edited_211,640,1,target
synthetic,45,49,1,+,A,C,mismatch,edited_211,626,1,target
synthetic,48,51,1,+,A,C,mismatch,edited_212,623,1,target
synthetic,68,71,1,+,A,C,mismatch,edited_212,624,1,target
synthetic,156,160,1,+,A,C,mismatch,edited_213,632,1,target
synthetic,193,193,1,+,A,C,mismatch,edited_213,648,1,target
synthetic,137,139,1,+,A,C,mismatch,edited_214,643,1,target
synthetic,187,188,1,+,A,C,mismatch,edited_214,645,1,target
synthetic,114,119,1,+,A,C,mismatch,edited_215,636,1,target
synthetic,44,47,1,+,A,C,mismatch,edited_215,628,1,target
synthetic,55,60,1,+,A,C,mismatch,edited_216,643,1,target
synthetic,188,191,1,+,A,C,mismatch,edited_216,649,1,target
synthetic,105,110,1,+,A,C,mismatch,edited_217,632,1,target
synthetic,96,97,1,+,A,C,mismatch,edited_217,642,1,target
synthetic,195,200,1,+,A,C,mismatch,edited_218,633,1,target
synthetic,121,126,1,+,A,C,mismatch,edited_218,644,1,target
synthetic,53,54,1,+,A,C,mismatch,edited_219,635,1,target
synthetic,118,119,1,+,A,C,mismatch,edited_219,649,1,target
synthetic,112,117,1,+,A,C,mismatch,edited_220,625,1,target
synthetic,129,133,1,+,A,C,mismatch,edited_220,632,1,target
synthetic,54,54,1,+,A,C,mismatch,edited_221,629,1,target
synthetic,126,129,1,+,A,C,mismatch,edited_221,650,1,target
synthetic,132,133,1,+,A,C,mismatch,edited_222,636,1,target
synthetic,137,141,1,+,A,C,mismatch,edited_222,644,1,target
synthetic,177,179,1,+,A,C,mismatch,edited_223,625,1,target
synthetic,122,125,1,+,A,C,mismatch,edited_223,622,1,target
synthetic,93,97,1,+,A,C,mismatch,edited_224,648,1,target
synthetic,46,46,1,+,A,C,mismatch,edited_224,635,1,target
synthetic,48,51,1,+,A,C,mismatch,edited_225,638,1,target
synthetic,149,153,1,+,A,C,mismatch,edited_225,631,1,target
synthetic,107,107,1,+,A,C,mismatch,edited_226,636,1,target
synthetic,187,192,1,+,A,C,mismatch,edited_226,644,1,target
synthetic,50,54,1,+,A,C,mismatch,edited_227,626,1,target
synthetic,95,100,1,+,A,C,mismatch,edited_227,624,1,target
synthetic,72,74,1,+,A,C,mismatch,edited_228,632,1,target
synthetic,126,130,1,+,A,C,mismatch,edited_228,635,1,target
synthetic,80,80,1,+,A,C,mismatch,edited_229,645,1,target
synthetic,115,118,1,+,A,C,mismatch,edited_229,640,1,target
synthetic,102,105,1,+,A,C,mismatch,edited_230,628,1,target
synthetic,143,147,1,+,A,C,mismatch,edited_230,621,1,target
synthetic,161,164,1,+,A,C,mismatch,edited_231,643,1,target
synthetic,78,83,1,+,A,C,mismatch,edited_231,646,1,target
synthetic,162,163,1,+,A,C,mismatch,edited_232,635,1,target
synthetic,196,197,1,+,A,C,mismatch,edited_232,648,1,target
synthetic,136,136,1,+,A,C,mismatch,edited_233,636,1,target
synthetic,125,128,1,+,A,C,mismatch,edited_233,641,1,target
synthetic,40,42,1,+,A,C,mismatch,edited_234,625,1,target
synthetic,67,69,1,+,A,C,mismatch,edited_234,644,1,target
synthetic,120,124,1,+,A,C,mismatch,edited_235,637,1,target
synthetic,52,52,1,+,A,C,mismatch,edited_235,629,1,target
synthetic,106,109,1,+,A,C,mismatch,edited_236,637,1,target
synthetic,161,166,1,+,A,C,mismatch,edited_236,621,1,target
synthetic,64,69,1,+,A,C,mismatch,edited_237,636,1,target
synthetic,42,47,1,+,A,C,mismatch,edited_237,628,1,target
synthetic,74,75,1,+,A,C,mismatch,edited_238,625,1,target
synthetic,64,65,1,+,A,C,mismatch,edited_238,641,1,target
synthetic,105,108,1,+,A,C,mismatch,edited_239,629,1,target
synthetic,45,49,1,+,A,C,mismatch,edited_239,645,1,target
synthetic,182,187,1,+,A,C,mismatch,edited_240,625,1,target
synthetic,61,62,1,+,A,C,mismatch,edited_240,626,1,target
synthetic,153,158,1,+,A,C,mismatch,edited_241,631,1,target
synthetic,135,140,1,+,A,C,mismatch,edited_241,637,1,target
synthetic,107,112,1,+,A,C,mismatch,edited_242,628,1,target
synthetic,121,124,1,+,A,C,mismatch,edited_242,649,1,target
synthetic,177,178,1,+,A,C,mismatch,edited_243,634,1,target
synthetic,100,104,1,+,A,C,mismatch,edited_243,645,1,target
synthetic,193,197,1,+,A,C,mismatch,edited_244,635,1,target
synthetic,43,46,1,+,A,C,mismatch,edited_244,632,1,target
synthetic,140,140,1,+,A,C,mismatch,edited_245,624,1,target
synthetic,143,146,1,+,A,C,mismatch,edited_245,649,1,target
synthetic,72,74,1,+,A,C,mismatch,edited_246,649,1,target
synthetic,194,199,1,+,A,C,mismatch,edited_246,623,1,target
synthetic,109,110,1,+,A,C,mismatch,edited_247,640,1,target
synthetic,152,152,1,+,A,C,mismatch,edited_247,645,1,target
synthetic,84,87,1,+,A,C,mismatch,edited_248,638,1,target
synthetic,88,88,1,+,A,C,mismatch,edited_248,636,1,target
synthetic,128,129,1,+,A,C,mismatch,edited_249,631,1,target
synthetic,73,73,1,+,A,C,mismatch,edited_249,643,1,target
synthetic,68,70,1,+,A,C,mismatch,edited_250,641,1,target
synthetic,137,139,1,+,A,C,mismatch,edited_250,622,1,target
synthetic,112,116,1,+,A,C,mismatch,edited_251,636,1,target
synthetic,186,188,1,+,A,C,mismatch,edited_251,636,1,target
synthetic,57,62,1,+,A,C,mismatch,edited_252,647,1,target
synthetic,71,76,1,+,A,C,mismatch,edited_252,630,1,target
synthetic,147,152,1,+,A,C,mismatch,edited_253,637,1,target
synthetic,150,154,1,+,A,C,mismatch,edited_253,630,1,target
synthetic,111,114,1,+,A,C,mismatch,edited_254,649,1,target
synthetic,47,48,1,+,A,C,mismatch,edited_254,638,1,target
synthetic,144,144,1,+,A,C,mismatch,edited_255,639,1,target
synthetic,153,154,1,+,A,C,mismatch,edited_255,641,1,target
synthetic,187,187,1,+,A,C,mismatch,edited_256,638,1,target
synthetic,43,48,1,+,A,C,mismatch,edited_256,637,1,target
synthetic,141,142,1,+,A,C,mismatch,edited_257,646,1,target
synthetic,101,101,1,+,A,C,mismatch,edited_257,627,1,target
synthetic,190,191,1,+,A,C,mismatch,edited_258,631,1,target
synthetic,52,57,1,+,A,C,mismatch,edited_258,648,1,target
synthetic,153,157,1,+,A,C,mismatch,edited_259,621,1,target
synthetic,91,94,1,+,A,C,mismatch,edited_259,628,1,target
synthetic,100,102,1,+,A,C,mismatch,edited_260,639,1,target
synthetic,71,72,1,+,A,C,mismatch,edited_260,639,1,target
synthetic,200,203,1,+,A,C,mismatch,edited_261,634,1,target
synthetic,77,78,1,+,A,C,mismatch,edited_261,632,1,target
synthetic,157,157,1,+,A,C,mismatch,edited_262,648,1,target
synthetic,189,194,1,+,A,C,mismatch,edited_262,643,1,target
synthetic,106,110,1,+,A,C,mismatch,edited_263,644,1,target
synthetic,48,48,1,+,A,C,mismatch,edited_263,623,1,target
synthetic,152,155,1,+,A,C,mismatch,edited_264,633,1,target
synthetic,198,201,1,+,A,C,mismatch,edited_264,646,1,target
synthetic,102,106,1,+,A,C,mismatch,edited_265,629,1,target
synthetic,179,184,1,+,A,C,mismatch,edited_265,630,1,target
synthetic,132,136,1,+,A,C,mismatch,edited_266,630,1,target
synthetic,98,100,1,+,A,C,mismatch,edited_266,647,1,target
synthetic,69,69,1,+,A,C,mismatch,edited_267,635,1,target
synthetic,111,112,1,+,A,C,mismatch,edited_267,648,1,target
synthetic,93,95,1,+,A,C,mismatch,edited_268,649,1,target
synthetic,138,139,1,+,A,C,mismatch,edited_268,647,1,target
synthetic,73,73,1,+,A,C,mismatch,edited_269,639,1,target
synthetic,159,159,1,+,A,C,mismatch,edited_269,624,1,target
synthetic,113,116,1,+,A,C,mismatch,edited_270,645,1,target
synthetic,161,163,1,+,A,C,mismatch,edited_270,633,1,target
synthetic,99,99,1,+,A,C,mismatch,edited_271,639,1,target
synthetic,49,52,1,+,A,C,mismatch,edited_271,620,1,target
synthetic,167,171,1,+,A,C,mismatch,edited_272,650,1,target
synthetic,170,170,1,+,A,C,mismatch,edited_272,624,1,target
synthetic,82,85,1,+,A,C,mismatch,edited_273,649,1,target
synthetic,88,93,1,+,A,C,mismatch,edited_273,629,1,target
synthetic,141,146,1,+,A,C,mismatch,edited_274,625,1,target
synthetic,178,182,1,+,A,C,mismatch,edited_274,628,1,target
synthetic,127,132,1,+,A,C,mismatch,edited_275,628,1,target
synthetic,134,139,1,+,A,C,mismatch,edited_275,624,1,target
synthetic,179,183,1,+,A,C,mismatch,edited_276,628,1,target
synthetic,52,53,1,+,A,C,mismatch,edited_276,638,1,target
synthetic,104,108,1,+,A,C,mismatch,edited_277,628,1,target
synthetic,200,204,1,+,A,C,mismatch,edited_277,644,1,target
synthetic,49,51,1,+,A,C,mismatch,edited_278,638,1,target
synthetic,154,155,1,+,A,C,mismatch,edited_278,647,1,target
synthetic,115,115,1,+,A,C,mismatch,edited_279,633,1,target
synthetic,57,60,1,+,A,C,mismatch,edited_279,633,1,target
synthetic,81,85,1,+,A,C,mismatch,edited_280,632,1,target
synthetic,79,79,1,+,A,C,mismatch,edited_280,645,1,target
synthetic,113,118,1,+,A,C,mismatch,edited_281,630,1,target
synthetic,88,93,1,+,A,C,mismatch,edited_281,649,1,target
synthetic,140,140,1,+,A,C,mismatch,edited_282,646,1,target
synthetic,146,147,1,+,A,C,mismatch,edited_282,622,1,target
synthetic,88,90,1,+,A,C,mismatch,edited_283,627,1,target
synthetic,78,80,1,+,A,C,mismatch,edited_283,642,1,target
synthetic,123,125,1,+,A,C,mismatch,edited_284,640,1,target
synthetic,121,123,1,+,A,C,mismatch,edited_284,623,1,target
synthetic,107,112,1,+,A,C,mismatch,edited_285,635,1,target
synthetic,133,134,1,+,A,C,mismatch,edited_285,622,1,target
synthetic,186,187,1,+,A,C,mismatch,edited_286,641,1,target
synthetic,49,54,1,+,A,C,mismatch,edited_286,632,1,target
synthetic,171,172,1,+,A,C,mismatch,edited_287,649,1,target
synthetic,191,196,1,+,A,C,mismatch,edited_287,636,1,target
synthetic,110,114,1,+,A,C,mismatch,edited_288,622,1,target
synthetic,68,72,1,+,A,C,mismatch,edited_288,647,1,target
synthetic,174,178,1,+,A,C,mismatch,edited_289,627,1,target
synthetic,117,118,1,+,A,C,mismatch,edited_289,635,1,target
synthetic,197,198,1,+,A,C,mismatch,edited_290,628,1,target
synthetic,176,176,1,+,A,C,mismatch,edited_290,629,1,target
synthetic,58,63,1,+,A,C,mismatch,edited_291,627,1,target
synthetic,125,125,1,+,A,C,mismatch,edited_291,624,1,target
synthetic,132,136,1,+,A,C,mismatch,edited_292,627,1,target
synthetic,45,46,1,+,A,C,mismatch,edited_292,628,1,target
synthetic,154,154,1,+,A,C,mismatch,edited_293,630,1,target
synthetic,60,62,1,+,A,C,mismatch,edited_293,640,1,target
synthetic,100,100,1,+,A,C,mismatch,edited_294,622,1,target
synthetic,45,48,1,+,A,C,mismatch,edited_294,621,1,target
synthetic,117,120,1,+,A,C,mismatch,edited_295,635,1,target
synthetic,49,49,1,+,A,C,mismatch,edited_295,629,1,target
synthetic,188,188,1,+,A,C,mismatch,edited_296,620,1,target
synthetic,141,142,1,+,A,C,mismatch,edited_296,646,1,target
synthetic,175,176,1,+,A,C,mismatch,edited_297,647,1,target
synthetic,115,120,1,+,A,C,mismatch,edited_297,625,1,target
synthetic,150,151,1,+,A,C,mismatch,edited_298,629,1,target
synthetic,72,77,1,+,A,C,mismatch,edited_298,645,1,target
synthetic,52,56,1,+,A,C,mismatch,edited_299,636,1,target
synthetic,80,82,1,+,A,C,mismatch,edited_299,650,1,target
synthetic,119,124,1,+,A,C,mismatch,edited_300,630,1,target
synthetic,64,64,1,+,A,C,mismatch,edited_300,644,1,target
synthetic,131,136,1,+,A,C,mismatch,edited_301,623,1,target
synthetic,87,87,1,+,A,C,mismatch,edited_301,625,1,target
synthetic,48,48,1,+,A,C,mismatch,edited_302,638,1,target
synthetic,159,160,1,+,A,C,mismatch,edited_302,629,1,target
synthetic,122,123,1,+,A,C,mismatch,edited_303,647,1,target
synthetic,61,66,1,+,A,C,mismatch,edited_303,640,1,target
synthetic,168,172,1,+,A,C,mismatch,edited_304,645,1,target
synthetic,120,121,1,+,A,C,mismatch,edited_304,628,1,target
synthetic,93,94,1,+,A,C,mismatch,edited_305,642,1,target
synthetic,54,59,1,+,A,C,mismatch,edited_305,633,1,target
synthetic,42,45,1,+,A,C,mismatch,edited_306,624,1,target
synthetic,182,186,1,+,A,C,mismatch,edited_306,623,1,target
synthetic,197,201,1,+,A,C,mismatch,edited_307,627,1,target
synthetic,140,143,1,+,A,C,mismatch,edited_307,627,1,target
synthetic,89,90,1,+,A,C,mismatch,edited_308,640,1,target
synthetic,92,97,1,+,A,C,mismatch,edited_308,623,1,target
synthetic,191,195,1,+,A,C,mismatch,edited_309,647,1,target
synthetic,184,184,1,+,A,C,mismatch,edited_309,634,1,target
synthetic,83,87,1,+,A,C,mismatch,edited_310,630,1,target
synthetic,155,155,1,+,A,C,mismatch,edited_310,634,1,target
synthetic,134,139,1,+,A,C,mismatch,edited_311,648,1,target
synthetic,94,96,1,+,A,C,mismatch,edited_311,630,1,target
synthetic,115,120,1,+,A,C,mismatch,edited_312,622,1,target
synthetic,76,79,1,+,A,C,mismatch,edited_312,622,1,target
synthetic,90,95,1,+,A,C,mismatch,edited_313,629,1,target
synthetic,113,115,1,+,A,C,mismatch,edited_313,650,1,target
synthetic,75,80,1,+,A,C,mismatch,edited_314,650,1,target
synthetic,183,187,1,+,A,C,mismatch,edited_314,643,1,target
synthetic,164,167,1,+,A,C,mismatch,edited_315,627,1,target
synthetic,87,89,1,+,A,C,mismatch,edited_315,630,1,target
synthetic,49,54,1,+,A,C,mismatch,edited_316,646,1,target
synthetic,167,172,1,+,A,C,mismatch,edited_316,637,1,target
synthetic,67,67,1,+,A,C,mismatch,edited_317,635,1,target
synthetic,106,107,1,+,A,C,mismatch,edited_317,642,1,target
synthetic,178,182,1,+,A,C,mismatch,edited_318,639,1,target
synthetic,167,171,1,+,A,C,mismatch,edited_318,637,1,target
synthetic,140,141,1,+,A,C,mismatch,edited_319,636,1,target
synthetic,131,131,1,+,A,C,mismatch,edited_319,631,1,target
synthetic,158,158,1,+,A,C,mismatch,edited_320,631,1,target
synthetic,189,190,1,+,A,C,mismatch,edited_320,633,1,target
synthetic,190,195,1,+,A,C,mismatch,edited_321,642,1,target
synthetic,176,179,1,+,A,C,mismatch,edited_321,634,1,target
synthetic,197,199,1,+,A,C,mismatch,edited_322,640,1,target
synthetic,109,113,1,+,A,C,mismatch,edited_322,631,1,target
synthetic,130,133,1,+,A,C,mismatch,edited_323,644,1,target
synthetic,153,158,1,+,A,C,mismatch,edited_323,638,1,target
synthetic,125,125,1,+,A,C,mismatch,edited_324,636,1,target
synthetic,191,192,1,+,A,C,mismatch,edited_324,650,1,target
synthetic,66,66,1,+,A,C,mismatch,edited_325,629,1,target
synthetic,121,121,1,+,A,C,mismatch,edited_325,638,1,target
synthetic,134,136,1,+,A,C,mismatch,edited_326,622,1,target
synthetic,161,161,1,+,A,C,mismatch,edited_326,621,1,target
synthetic,154,158,1,+,A,C,mismatch,edited_327,628,1,target
synthetic,65,65,1,+,A,C,mismatch,edited_327,621,1,target
synthetic,156,161,1,+,A,C,mismatch,edited_328,645,1,target
synthetic,83,86,1,+,A,C,mismatch,edited_328,628,1,target
synthetic,135,136,1,+,A,C,mismatch,edited_329,622,1,target
synthetic,109,110,1,+,A,C,mismatch,edited_329,647,1,target
synthetic,120,124,1,+,A,C,mismatch,edited_330,622,1,target
synthetic,144,149,1,+,A,C,mismatch,edited_330,624,1,target
synthetic,122,122,1,+,A,C,mismatch,edited_331,647,1,target
synthetic,128,131,1,+,A,C,mismatch,edited_331,648,1,target
synthetic,97,102,1,+,A,C,mismatch,edited_332,633,1,target
synthetic,194,194,1,+,A,C,mismatch,edited_332,621,1,target
synthetic,182,184,1,+,A,C,mismatch,edited_333,644,1,target
synthetic,140,142,1,+,A,C,mismatch,edited_333,626,1,target
synthetic,100,103,1,+,A,C,mismatch,edited_334,647,1,target
synthetic,175,180,1,+,A,C,mismatch,edited_334,630,1,target
synthetic,182,183,1,+,A,C,mismatch,edited_335,629,1,target
synthetic,58,62,1,+,A,C,mismatch,edited_335,637,1,target
synthetic,41,46,1,+,A,C,mismatch,edited_336,641,1,target
synthetic,103,105,1,+,A,C,mismatch,edited_336,630,1,target
synthetic,84,84,1,+,A,C,mismatch,edited_337,635,1,target
synthetic,195,200,1,+,A,C,mismatch,edited_337,644,1,target
synthetic,175,175,1,+,A,C,mismatch,edited_338,624,1,target
synthetic,155,160,1,+,A,C,mismatch,edited_338,632,1,target
synthetic,102,105,1,+,A,C,mismatch,edited_339,624,1,target
synthetic,137,138,1,+,A,C,mismatch,edited_339,640,1,target
synthetic,50,51,1,+,A,C,mismatch,edited_340,644,1,target
synthetic,157,157,1,+,A,C,mismatch,edited_340,630,1,target
synthetic,157,162,1,+,A,C,mismatch,edited_341,630,1,target
synthetic,139,141,1,+,A,C,mismatch,edited_341,638,1,target
synthetic,92,92,1,+,A,C,mismatch,edited_342,625,1,target
synthetic,172,173,1,+,A,C,mismatch,edited_342,650,1,target
synthetic,115,120,1,+,A,C,mismatch,edited_343,622,1,target
synthetic,127,131,1,+,A,C,mismatch,edited_343,644,1,target
synthetic,84,89,1,+,A,C,mismatch,edited_344,639,1,target
synthetic,63,64,1,+,A,C,mismatch,edited_344,646,1,target
synthetic,198,199,1,+,A,C,mismatch,edited_345,621,1,target
synthetic,177,181,1,+,A,C,mismatch,edited_345,648,1,target
synthetic,144,144,1,+,A,C,mismatch,edited_346,621,1,target
synthetic,184,189,1,+,A,C,mismatch,edited_346,642,1,target
synthetic,72,72,1,+,A,C,mismatch,edited_347,627,1,target
synthetic,164,166,1,+,A,C,mismatch,edited_347,641,1,target
synthetic,66,69,1,+,A,C,mismatch,edited_348,628,1,target
synthetic,69,71,1,+,A,C,mismatch,edited_348,648,1,target
synthetic,131,132,1,+,A,C,mismatch,edited_349,627,1,target
synthetic,183,183,1,+,A,C,mismatch,edited_349,640,1,target
synthetic,125,126,1,+,A,C,mismatch,edited_350,647,1,target
synthetic,156,160,1,+,A,C,mismatch,edited_350,630,1,target
synthetic,66,68,1,+,A,C,mismatch,edited_351,643,1,target
synthetic,190,191,1,+,A,C,mismatch,edited_351,621,1,target
synthetic,42,45,1,+,A,C,mismatch,edited_352,636,1,target
synthetic,145,150,1,+,A,C,mismatch,edited_352,636,1,target
synthetic,115,117,1,+,A,C,mismatch,edited_353,632,1,target
synthetic,77,78,1,+,A,C,mismatch,edited_353,621,1,target
synthetic,46,46,1,+,A,C,mismatch,edited_354,624,1,target
synthetic,45,50,1,+,A,C,mismatch,edited_354,632,1,target
synthetic,156,157,1,+,A,C,mismatch,edited_355,642,1,target
synthetic,161,166,1,+,A,C,mismatch,edited_355,640,1,target
synthetic,130,134,1,+,A,C,mismatch,edited_356,639,1,target
synthetic,156,160,1,+,A,C,mismatch,edited_356,639,1,target
synthetic,121,125,1,+,A,C,mismatch,edited_357,646,1,target
synthetic,198,203,1,+,A,C,mismatch,edited_357,629,1,target
synthetic,136,138,1,+,A,C,mismatch,edited_358,621,1,target
synthetic,183,183,1,+,A,C,mismatch,edited_358,628,1,target
synthetic,109,114,1,+,A,C,mismatch,edited_359,641,1,target
synthetic,197,198,1,+,A,C,mismatch,edited_359,646,1,target
synthetic,57,57,1,+,A,C,mismatch,edited_360,646,1,target
synthetic,102,104,1,+,A,C,mismatch,edited_360,633,1,target
synthetic,69,70,1,+,A,C,mismatch,edited_361,637,1,target
synthetic,111,116,1,+,A,C,mismatch,edited_361,625,1,target
synthetic,142,146,1,+,A,C,mismatch,edited_362,638,1,target
synthetic,184,185,1,+,A,C,mismatch,edited_362,626,1,target
synthetic,96,99,1,+,A,C,mismatch,edited_363,647,1,target
synthetic,139,143,1,+,A,C,mismatch,edited_363,643,1,target
synthetic,154,159,1,+,A,C,mismatch,edited_364,632,1,target
synthetic,138,139,1,+,A,C,mismatch,edited_364,650,1,target
synthetic,139,140,1,+,A,C,mismatch,edited_365,649,1,target
synthetic,200,204,1,+,A,C,mismatch,edited_365,625,1,target
synthetic,176,180,1,+,A,C,mismatch,edited_366,630,1,target
synthetic,184,184,1,+,A,C,mismatch,edited_366,627,1,target
synthetic,163,163,1,+,A,C,mismatch,edited_367,620,1,target
synthetic,86,88,1,+,A,C,mismatch,edited_367,620,1,target
synthetic,81,82,1,+,A,C,mismatch,edited_368,647,1,target
synthetic,91,95,1,+,A,C,mismatch,edited_368,637,1,target
synthetic,142,143,1,+,A,C,mismatch,edited_369,642,1,target
synthetic,109,112,1,+,A,C,mismatch,edited_369,626,1,target
synthetic,49,52,1,+,A,C,mismatch,edited_370,643,1,target
synthetic,197,198,1,+,A,C,mismatch,edited_370,643,1,target
synthetic,98,100,1,+,A,C,mismatch,edited_371,636,1,target
synthetic,56,61,1,+,A,C,mismatch,edited_371,637,1,target
synthetic,197,202,1,+,A,C,mismatch,edited_372,636,1,target
synthetic,200,200,1,+,A,C,mismatch,edited_372,632,1,target
synthetic,152,156,1,+,A,C,mismatch,edited_373,647,1,target
synthetic,95,95,1,+,A,C,mismatch,edited_373,646,1,target
synthetic,197,202,1,+,A,C,mismatch,edited_374,638,1,target
synthetic,136,136,1,+,A,C,mismatch,edited_374,645,1,target
synthetic,101,101,1,+,A,C,mismatch,edited_375,627,1,target
synthetic,146,150,1,+,A,C,mismatch,edited_375,641,1,target
synthetic,162,164,1,+,A,C,mismatch,edited_376,629,1,target
synthetic,91,91,1,+,A,C,mismatch,edited_376,637,1,target
synthetic,190,190,1,+,A,C,mismatch,edited_377,646,1,target
synthetic,144,147,1,+,A,C,mismatch,edited_377,646,1,target
synthetic,160,160,1,+,A,C,mismatch,edited_378,629,1,target
synthetic,152,153,1,+,A,C,mismatch,edited_378,625,1,target
synthetic,130,134,1,+,A,C,mismatch,edited_379,630,1,target
synthetic,155,160,1,+,A,C,mismatch,edited_379,637,1,target
synthetic,170,171,1,+,A,C,mismatch,edited_380,642,1,target
synthetic,143,145,1,+,A,C,mismatch,edited_380,630,1,target
synthetic,60,60,1,+,A,C,mismatch,edited_381,631,1,target
synthetic,55,57,1,+,A,C,mismatch,edited_381,621,1,target
synthetic,179,181,1,+,A,C,mismatch,edited_382,625,1,target
synthetic,113,117,1,+,A,C,mismatch,edited_382,648,1,target
synthetic,144,146,1,+,A,C,mismatch,edited_383,639,1,target
synthetic,92,96,1,+,A,C,mismatch,edited_383,640,1,target
synthetic,163,168,1,+,A,C,mismatch,edited_384,624,1,target
synthetic,47,51,1,+,A,C,mismatch,edited_384,649,1,target
synthetic,81,85,1,+,A,C,mismatch,edited_385,642,1,target
synthetic,172,175,1,+,A,C,mismatch,edited_385,628,1,target
synthetic,122,122,1,+,A,C,mismatch,edited_386,625,1,target
synthetic,97,102,1,+,A,C,mismatch,edited_386,638,1,target
synthetic,71,71,1,+,A,C,mismatch,edited_387,627,1,target
synthetic,102,103,1,+,A,C,mismatch,edited_387,625,1,target
synthetic,50,55,1,+,A,C,mismatch,edited_388,622,1,target
synthetic,190,190,1,+,A,C,mismatch,edited_388,638,1,target
synthetic,169,173,1,+,A,C,mismatch,edited_389,623,1,target
synthetic,55,57,1,+,A,C,mismatch,edited_389,625,1,target
synthetic,194,196,1,+,A,C,mismatch,edited_390,644,1,target
synthetic,87,89,1,+,A,C,mismatch,edited_390,646,1,target
synthetic,104,104,1,+,A,C,mismatch,edited_391,640,1,target
synthetic,90,93,1,+,A,C,mismatch,edited_391,630,1,target
synthetic,103,108,1,+,A,C,mismatch,edited_392,639,1,target
synthetic,96,100,1,+,A,C,mismatch,edited_392,643,1,target
synthetic,116,117,1,+,A,C,mismatch,edited_393,623,1,target
synthetic,84,87,1,+,A,C,mismatch,edited_393,650,1,target
synthetic,122,123,1,+,A,C,mismatch,edited_394,631,1,target
synthetic,182,186,1,+,A,C,mismatch,edited_394,639,1,target
synthetic,105,108,1,+,A,C,mismatch,edited_395,625,1,target
synthetic,120,124,1,+,A,C,mismatch,edited_395,645,1,target
synthetic,80,83,1,+,A,C,mismatch,edited_396,624,1,target
synthetic,146,146,1,+,A,C,mismatch,edited_396,635,1,target
synthetic,107,107,1,+,A,C,mismatch,edited_397,639,1,target
synthetic,91,94,1,+,A,C,mismatch,edited_397,627,1,target
synthetic,143,147,1,+,A,C,mismatch,edited_398,647,1,target
synthetic,129,131,1,+,A,C,mismatch,edited_398,647,1,target
synthetic,192,193,1,+,A,C,mismatch,edited_399,622,1,target
synthetic,182,186,1,+,A,C,mismatch,edited_399,643,1,target
synthetic,177,178,1,+,A,C,mismatch,edited_400,643,1,target
synthetic,169,172,1,+,A,C,mismatch,edited_400,640,1,target
synthetic,149,154,1,+,A,C,mismatch,junk_1,288,1,offtarget
synthetic,43,45,1,+,A,C,mismatch,junk_1,294,1,offtarget
synthetic,46,51,1,+,A,C,mismatch,junk_1,334,1,offtarget
synthetic,52,56,1,+,A,C,mismatch,junk_2,311,1,offtarget
synthetic,168,169,1,+,A,C,mismatch,junk_2,337,1,offtarget
synthetic,111,111,1,+,A,C,mismatch,junk_2,319,1,offtarget
synthetic,170,173,1,+,A,C,mismatch,junk_2,331,1,offtarget
synthetic,154,157,1,+,A,C,mismatch,junk_3,290,1,offtarget
synthetic,174,179,1,+,A,C,mismatch,junk_3,299,1,offtarget
synthetic,155,156,1,+,A,C,mismatch,junk_3,289,1,offtarget
synthetic,77,78,1,+,A,C,mismatch,junk_3,326,1,offtarget
synthetic,152,152,1,+,A,C,mismatch,junk_4,315,1,offtarget
synthetic,118,121,1,+,A,C,mismatch,junk_4,282,1,offtarget
synthetic,180,181,1,+,A,C,mismatch,junk_4,320,1,offtarget
synthetic,103,107,1,+,A,C,mismatch,junk_4,302,1,offtarget
synthetic,83,86,1,+,A,C,mismatch,junk_5,302,1,offtarget
synthetic,195,197,1,+,A,C,mismatch,junk_5,330,1,offtarget
synthetic,122,122,1,+,A,C,mismatch,junk_5,320,1,offtarget
synthetic,75,78,1,+,A,C,mismatch,junk_6,305,1,offtarget
synthetic,107,110,1,+,A,C,mismatch,junk_6,306,1,offtarget
synthetic,134,139,1,+,A,C,mismatch,junk_6,328,1,offtarget
synthetic,153,156,1,+,A,C,mismatch,junk_7,333,1,offtarget
synthetic,69,74,1,+,A,C,mismatch,junk_7,324,1,offtarget
synthetic,70,74,1,+,A,C,mismatch,junk_7,311,1,offtarget
synthetic,89,89,1,+,A,C,mismatch,junk_8,283,1,offtarget
synthetic,122,125,1,+,A,C,mismatch,junk_8,287,1,offtarget
synthetic,134,138,1,+,A,C,mismatch,junk_8,327,1,offtarget
synthetic,136,141,1,+,A,C,mismatch,junk_8,300,1,offtarget
synthetic,119,119,1,+,A,C,mismatch,junk_9,282,1,offtarget
synthetic,69,72,1,+,A,C,mismatch,junk_9,327,1,offtarget
synthetic,129,132,1,+,A,C,mismatch,junk_9,325,1,offtarget
synthetic,96,101,1,+,A,C,mismatch,junk_9,337,1,offtarget
synthetic,82,84,1,+,A,C,mismatch,junk_10,285,1,offtarget
synthetic,69,74,1,+,A,C,mismatch,junk_10,306,1,offtarget
synthetic,100,102,1,+,A,C,mismatch,junk_10,293,1,offtarget
synthetic,133,134,1,+,A,C,mismatch,junk_11,290,1,offtarget
synthetic,43,44,1,+,A,C,mismatch,junk_11,303,1,offtarget
synthetic,178,180,1,+,A,C,mismatch,junk_11,280,1,offtarget
synthetic,114,119,1,+,A,C,mismatch,junk_12,331,1,offtarget
synthetic,90,91,1,+,A,C,mismatch,junk_12,325,1,offtarget
synthetic,158,160,1,+,A,C,mismatch,junk_12,300,1,offtarget
synthetic,41,41,1,+,A,C,mismatch,junk_13,330,1,offtarget
synthetic,58,60,1,+,A,C,mismatch,junk_13,282,1,offtarget
synthetic,97,97,1,+,A,C,mismatch,junk_13,338,1,offtarget
synthetic,101,103,1,+,A,C,mismatch,junk_13,283,1,offtarget
synthetic,156,156,1,+,A,C,mismatch,junk_14,281,1,offtarget
synthetic,65,65,1,+,A,C,mismatch,junk_14,299,1,offtarget
synthetic,139,140,1,+,A,C,mismatch,junk_14,290,1,offtarget
synthetic,165,167,1,+,A,C,mismatch,junk_14,315,1,offtarget
synthetic,114,117,1,+,A,C,mismatch,junk_15,331,1,offtarget
synthetic,130,130,1,+,A,C,mismatch,junk_15,308,1,offtarget
synthetic,122,123,1,+,A,C,mismatch,junk_15,333,1,offtarget
synthetic,158,159,1,+,A,C,mismatch,junk_15,287,1,offtarget
synthetic,197,200,1,+,A,C,mismatch,junk_16,307,1,offtarget
synthetic,166,167,1,+,A,C,mismatch,junk_16,338,1,offtarget
synthetic,40,41,1,+,A,C,mismatch,junk_16,316,1,offtarget
synthetic,120,124,1,+,A,C,mismatch,junk_16,331,1,offtarget
synthetic,172,174,1,+,A,C,mismatch,junk_17,309,1,offtarget
synthetic,45,47,1,+,A,C,mismatch,junk_17,302,1,offtarget
synthetic,191,194,1,+,A,C,mismatch,junk_17,322,1,offtarget
synthetic,85,85,1,+,A,C,mismatch,junk_17,324,1,offtarget
synthetic,46,50,1,+,A,C,mismatch,junk_18,296,1,offtarget
synthetic,118,123,1,+,A,C,mismatch,junk_18,286,1,offtarget
synthetic,104,108,1,+,A,C,mismatch,junk_18,281,1,offtarget
synthetic,78,80,1,+,A,C,mismatch,junk_19,321,1,offtarget
synthetic,194,199,1,+,A,C,mismatch,junk_19,290,1,offtarget
synthetic,161,165,1,+,A,C,mismatch,junk_19,317,1,offtarget
synthetic,117,121,1,+,A,C,mismatch,junk_19,294,1,offtarget
synthetic,41,43,1,+,A,C,mismatch,junk_20,281,1,offtarget
synthetic,76,81,1,+,A,C,mismatch,junk_20,335,1,offtarget
synthetic,105,107,1,+,A,C,mismatch,junk_20,340,1,offtarget
synthetic,74,79,1,+,A,C,mismatch,junk_20,336,1,offtarget
synthetic,178,181,1,+,A,C,mismatch,junk_21,311,1,offtarget
synthetic,171,172,1,+,A,C,mismatch,junk_21,310,1,offtarget
synthetic,133,133,1,+,A,C,mismatch,junk_21,319,1,offtarget
synthetic,58,62,1,+,A,C,mismatch,junk_22,340,1,offtarget
synthetic,175,176,1,+,A,C,mismatch,junk_22,333,1,offtarget
synthetic,183,183,1,+,A,C,mismatch,junk_22,320,1,offtarget
synthetic,162,165,1,+,A,C,mismatch,junk_22,337,1,offtarget
synthetic,123,128,1,+,A,C,mismatch,junk_23,319,1,offtarget
synthetic,157,157,1,+,A,C,mismatch,junk_23,282,1,offtarget
synthetic,53,58,1,+,A,C,mismatch,junk_23,304,1,offtarget
synthetic,68,72,1,+,A,C,mismatch,junk_23,297,1,offtarget
synthetic,193,193,1,+,A,C,mismatch,junk_24,319,1,offtarget
synthetic,58,63,1,+,A,C,mismatch,junk_24,284,1,offtarget
synthetic,69,74,1,+,A,C,mismatch,junk_24,286,1,offtarget
synthetic,126,128,1,+,A,C,mismatch,junk_24,283,1,offtarget
synthetic,61,65,1,+,A,C,mismatch,junk_25,329,1,offtarget
synthetic,118,119,1,+,A,C,mismatch,junk_25,331,1,offtarget
synthetic,71,75,1,+,A,C,mismatch,junk_25,287,1,offtarget
synthetic,46,47,1,+,A,C,mismatch,junk_26,299,1,offtarget
synthetic,76,77,1,+,A,C,mismatch,junk_26,295,1,offtarget
synthetic,175,180,1,+,A,C,mismatch,junk_26,295,1,offtarget
synthetic,152,155,1,+,A,C,mismatch,junk_26,286,1,offtarget
synthetic,169,171,1,+,A,C,mismatch,junk_27,304,1,offtarget
synthetic,129,129,1,+,A,C,mismatch,junk_27,299,1,offtarget
synthetic,53,53,1,+,A,C,mismatch,junk_27,288,1,offtarget
synthetic,196,201,1,+,A,C,mismatch,junk_27,299,1,offtarget
synthetic,75,79,1,+,A,C,mismatch,junk_28,320,1,offtarget
synthetic,86,89,1,+,A,C,mismatch,junk_28,339,1,offtarget
synthetic,180,182,1,+,A,C,mismatch,junk_28,315,1,offtarget
synthetic,127,127,1,+,A,C,mismatch,junk_28,291,1,offtarget
synthetic,102,105,1,+,A,C,mismatch,junk_29,326,1,offtarget
synthetic,181,182,1,+,A,C,mismatch,junk_29,297,1,offtarget
synthetic,181,186,1,+,A,C,mismatch,junk_29,297,1,offtarget
synthetic,179,182,1,+,A,C,mismatch,junk_30,320,1,offtarget
synthetic,156,161,1,+,A,C,mismatch,junk_30,329,1,offtarget
synthetic,79,83,1,+,A,C,mismatch,junk_30,329,1,offtarget
synthetic,147,149,1,+,A,C,mismatch,junk_31,294,1,offtarget
synthetic,51,53,1,+,A,C,mismatch,junk_31,294,1,offtarget
synthetic,92,93,1,+,A,C,mismatch,junk_31,287,1,offtarget
synthetic,81,83,1,+,A,C,mismatch,junk_32,318,1,offtarget
synthetic,77,82,1,+,A,C,mismatch,junk_32,299,1,offtarget
synthetic,62,62,1,+,A,C,mismatch,junk_32,329,1,offtarget
synthetic,124,125,1,+,A,C,mismatch,junk_32,340,1,offtarget
synthetic,127,127,1,+,A,C,mismatch,junk_33,284,1,offtarget
synthetic,88,93,1,+,A,C,mismatch,junk_33,291,1,offtarget
synthetic,72,72,1,+,A,C,mismatch,junk_33,294,1,offtarget
synthetic,191,192,1,+,A,C,mismatch,junk_33,289,1,offtarget
synthetic,98,103,1,+,A,C,mismatch,junk_34,308,1,offtarget
synthetic,124,127,1,+,A,C,mismatch,junk_34,327,1,offtarget
synthetic,60,61,1,+,A,C,mismatch,junk_34,335,1,offtarget
synthetic,141,145,1,+,A,C,mismatch,junk_34,281,1,offtarget
synthetic,198,202,1,+,A,C,mismatch,junk_35,305,1,offtarget
synthetic,191,194,1,+,A,C,mismatch,junk_35,289,1,offtarget
synthetic,124,128,1,+,A,C,mismatch,junk_35,303,1,offtarget
synthetic,154,156,1,+,A,C,mismatch,junk_35,302,1,offtarget
synthetic,89,89,1,+,A,C,mismatch,junk_36,339,1,offtarget
synthetic,54,57,1,+,A,C,mismatch,junk_36,293,1,offtarget
synthetic,182,184,1,+,A,C,mismatch,junk_36,293,1,offtarget
synthetic,100,103,1,+,A,C,mismatch,junk_36,301,1,offtarget
synthetic,89,93,1,+,A,C,mismatch,junk_37,336,1,offtarget
synthetic,105,105,1,+,A,C,mismatch,junk_37,292,1,offtarget
synthetic,185,190,1,+,A,C,mismatch,junk_37,333,1,offtarget
synthetic,196,200,1,+,A,C,mismatch,junk_37,324,1,offtarget
synthetic,119,119,1,+,A,C,mismatch,junk_38,310,1,offtarget
synthetic,78,79,1,+,A,C,mismatch,junk_38,315,1,offtarget
synthetic,173,178,1,+,A,C,mismatch,junk_38,290,1,offtarget
synthetic,159,162,1,+,A,C,mismatch,junk_39,283,1,offtarget
synthetic,179,184,1,+,A,C,mismatch,junk_39,286,1,offtarget
synthetic,85,89,1,+,A,C,mismatch,junk_39,302,1,offtarget
synthetic,161,161,1,+,A,C,mismatch,junk_40,316,1,offtarget
synthetic,181,183,1,+,A,C,mismatch,junk_40,287,1,offtarget
synthetic,140,143,1,+,A,C,mismatch,junk_40,291,1,offtarget
synthetic,169,173,1,+,A,C,mismatch,junk_40,292,1,offtarget
synthetic,178,180,1,+,A,C,mismatch,junk_41,322,1,offtarget
synthetic,178,182,1,+,A,C,mismatch,junk_41,309,1,offtarget
synthetic,65,69,1,+,A,C,mismatch,junk_41,320,1,offtarget
synthetic,129,129,1,+,A,C,mismatch,junk_42,306,1,offtarget
synthetic,169,171,1,+,A,C,mismatch,junk_42,324,1,offtarget
synthetic,98,102,1,+,A,C,mismatch,junk_42,300,1,offtarget
synthetic,156,158,1,+,A,C,mismatch,junk_43,334,1,offtarget
synthetic,172,176,1,+,A,C,mismatch,junk_43,337,1,offtarget
synthetic,173,174,1,+,A,C,mismatch,junk_43,295,1,offtarget
synthetic,158,162,1,+,A,C,mismatch,junk_44,306,1,offtarget
synthetic,191,196,1,+,A,C,mismatch,junk_44,308,1,offtarget
synthetic,147,147,1,+,A,C,mismatch,junk_44,315,1,offtarget
synthetic,106,107,1,+,A,C,mismatch,junk_44,300,1,offtarget
synthetic,179,181,1,+,A,C,mismatch,junk_45,328,1,offtarget
synthetic,128,130,1,+,A,C,mismatch,junk_45,295,1,offtarget
synthetic,130,135,1,+,A,C,mismatch,junk_45,325,1,offtarget
synthetic,69,73,1,+,A,C,mismatch,junk_45,288,1,offtarget
synthetic,193,193,1,+,A,C,mismatch,junk_46,306,1,offtarget
synthetic,80,81,1,+,A,C,mismatch,junk_46,318,1,offtarget
synthetic,144,146,1,+,A,C,mismatch,junk_46,329,1,offtarget
synthetic,182,187,1,+,A,C,mismatch,junk_47,293,1,offtarget
synthetic,135,136,1,+,A,C,mismatch,junk_47,311,1,offtarget
synthetic,173,174,1,+,A,C,mismatch,junk_47,319,1,offtarget
synthetic,178,179,1,+,A,C,mismatch,junk_47,300,1,offtarget
synthetic,143,148,1,+,A,C,mismatch,junk_48,284,1,offtarget
synthetic,61,63,1,+,A,C,mismatch,junk_48,320,1,offtarget
synthetic,178,178,1,+,A,C,mismatch,junk_48,336,1,offtarget
synthetic,44,46,1,+,A,C,mismatch,junk_49,287,1,offtarget
synthetic,121,124,1,+,A,C,mismatch,junk_49,314,1,offtarget
synthetic,113,118,1,+,A,C,mismatch,junk_49,280,1,offtarget
synthetic,156,158,1,+,A,C,mismatch,junk_49,303,1,offtarget
synthetic,187,190,1,+,A,C,mismatch,junk_50,301,1,offtarget
synthetic,187,189,1,+,A,C,mismatch,junk_50,314,1,offtarget
synthetic,101,101,1,+,A,C,mismatch,junk_50,282,1,offtarget
synthetic,41,42,1,+,A,C,mismatch,junk_50,325,1,offtarget
synthetic,141,143,1,+,A,C,mismatch,junk_51,318,1,offtarget
synthetic,68,72,1,+,A,C,mismatch,junk_51,300,1,offtarget
synthetic,93,98,1,+,A,C,mismatch,junk_51,295,1,offtarget
synthetic,101,103,1,+,A,C,mismatch,junk_51,291,1,offtarget
synthetic,88,93,1,+,A,C,mismatch,junk_52,293,1,offtarget
synthetic,89,89,1,+,A,C,mismatch,junk_52,286,1,offtarget
synthetic,101,105,1,+,A,C,mismatch,junk_52,314,1,offtarget
synthetic,178,183,1,+,A,C,mismatch,junk_53,289,1,offtarget
synthetic,139,143,1,+,A,C,mismatch,junk_53,281,1,offtarget
synthetic,197,202,1,+,A,C,mismatch,junk_53,289,1,offtarget
synthetic,123,126,1,+,A,C,mismatch,junk_53,327,1,offtarget
synthetic,143,143,1,+,A,C,mismatch,junk_54,299,1,offtarget
synthetic,126,129,1,+,A,C,mismatch,junk_54,290,1,offtarget
synthetic,102,103,1,+,A,C,mismatch,junk_54,302,1,offtarget
synthetic,115,119,1,+,A,C,mismatch,junk_54,293,1,offtarget
synthetic,87,89,1,+,A,C,mismatch,junk_55,335,1,offtarget
synthetic,56,56,1,+,A,C,mismatch,junk_55,308,1,offtarget
synthetic,84,87,1,+,A,C,mismatch,junk_55,330,1,offtarget
synthetic,145,145,1,+,A,C,mismatch,junk_55,328,1,offtarget
synthetic,127,128,1,+,A,C,mismatch,junk_56,317,1,offtarget
synthetic,171,172,1,+,A,C,mismatch,junk_56,288,1,offtarget
synthetic,45,50,1,+,A,C,mismatch,junk_56,289,1,offtarget
synthetic,144,148,1,+,A,C,mismatch,junk_56,326,1,offtarget
synthetic,160,165,1,+,A,C,mismatch,junk_57,299,1,offtarget
synthetic,136,136,1,+,A,C,mismatch,junk_57,295,1,offtarget
synthetic,58,59,1,+,A,C,mismatch,junk_57,280,1,offtarget
synthetic,45,46,1,+,A,C,mismatch,junk_58,297,1,offtarget
synthetic,105,110,1,+,A,C,mismatch,junk_58,326,1,offtarget
synthetic,137,142,1,+,A,C,mismatch,junk_58,288,1,offtarget
synthetic,68,73,1,+,A,C,mismatch,junk_59,315,1,offtarget
synthetic,129,131,1,+,A,C,mismatch,junk_59,301,1,offtarget
synthetic,178,180,1,+,A,C,mismatch,junk_59,295,1,offtarget
synthetic,136,139,1,+,A,C,mismatch,junk_59,289,1,offtarget
synthetic,44,47,1,+,A,C,mismatch,junk_60,285,1,offtarget
synthetic,100,104,1,+,A,C,mismatch,junk_60,315,1,offtarget
synthetic,151,154,1,+,A,C,mismatch,junk_60,339,1,offtarget
synthetic,93,98,1,+,A,C,mismatch,junk_60,293,1,offtarget
synthetic,150,154,1,+,A,C,mismatch,junk_61,281,1,offtarget
synthetic,190,195,1,+,A,C,mismatch,junk_61,322,1,offtarget
synthetic,123,125,1,+,A,C,mismatch,junk_61,307,1,offtarget
synthetic,59,61,1,+,A,C,mismatch,junk_62,322,1,offtarget
synthetic,90,94,1,+,A,C,mismatch,junk_62,287,1,offtarget
synthetic,126,130,1,+,A,C,mismatch,junk_62,316,1,offtarget
synthetic,145,148,1,+,A,C,mismatch,junk_63,293,1,offtarget
synthetic,60,64,1,+,A,C,mismatch,junk_63,294,1,offtarget
synthetic,97,101,1,+,A,C,mismatch,junk_63,311,1,offtarget
synthetic,138,139,1,+,A,C,mismatch,junk_63,282,1,offtarget
synthetic,168,171,1,+,A,C,mismatch,junk_64,297,1,offtarget
synthetic,51,55,1,+,A,C,mismatch,junk_64,311,1,offtarget
synthetic,180,181,1,+,A,C,mismatch,junk_64,322,1,offtarget
synthetic,73,77,1,+,A,C,mismatch,junk_64,315,1,offtarget
synthetic,60,60,1,+,A,C,mismatch,junk_65,308,1,offtarget
synthetic,158,161,1,+,A,C,mismatch,junk_65,292,1,offtarget
synthetic,72,76,1,+,A,C,mismatch,junk_65,300,1,offtarget
synthetic,63,66,1,+,A,C,mismatch,junk_65,281,1,offtarget
synthetic,41,41,1,+,A,C,mismatch,junk_66,301,1,offtarget
synthetic,173,176,1,+,A,C,mismatch,junk_66,308,1,offtarget
synthetic,128,133,1,+,A,C,mismatch,junk_66,303,1,offtarget
synthetic,52,54,1,+,A,C,mismatch,junk_67,309,1,offtarget
synthetic,135,138,1,+,A,C,mismatch,junk_67,313,1,offtarget
synthetic,51,52,1,+,A,C,mismatch,junk_67,299,1,offtarget
synthetic,78,81,1,+,A,C,mismatch,junk_67,315,1,offtarget
synthetic,149,150,1,+,A,C,mismatch,junk_68,328,1,offtarget
synthetic,176,181,1,+,A,C,mismatch,junk_68,317,1,offtarget
synthetic,130,132,1,+,A,C,mismatch,junk_68,310,1,offtarget
synthetic,133,133,1,+,A,C,mismatch,junk_68,299,1,offtarget
synthetic,177,182,1,+,A,C,mismatch,junk_69,293,1,offtarget
synthetic,53,54,1,+,A,C,mismatch,junk_69,287,1,offtarget
synthetic,94,94,1,+,A,C,mismatch,junk_69,316,1,offtarget
synthetic,176,179,1,+,A,C,mismatch,junk_70,280,1,offtarget
synthetic,174,174,1,+,A,C,mismatch,junk_70,323,1,offtarget
synthetic,60,61,1,+,A,C,mismatch,junk_70,315,1,offtarget
synthetic,53,54,1,+,A,C,mismatch,junk_71,337,1,offtarget
synthetic,195,200,1,+,A,C,mismatch,junk_71,314,1,offtarget
synthetic,70,72,1,+,A,C,mismatch,junk_71,287,1,offtarget
synthetic,143,145,1,+,A,C,mismatch,junk_71,295,1,offtarget
synthetic,200,205,1,+,A,C,mismatch,junk_72,319,1,offtarget
synthetic,102,106,1,+,A,C,mismatch,junk_72,299,1,offtarget
synthetic,166,166,1,+,A,C,mismatch,junk_72,296,1,offtarget
synthetic,130,134,1,+,A,C,mismatch,junk_73,308,1,offtarget
synthetic,95,95,1,+,A,C,mismatch,junk_73,327,1,offtarget
synthetic,154,157,1,+,A,C,mismatch,junk_73,322,1,offtarget
synthetic,71,75,1,+,A,C,mismatch,junk_73,312,1,offtarget
synthetic,147,147,1,+,A,C,mismatch,junk_74,299,1,offtarget
synthetic,116,118,1,+,A,C,mismatch,junk_74,314,1,offtarget
synthetic,90,94,1,+,A,C,mismatch,junk_74,333,1,offtarget
synthetic,141,143,1,+,A,C,mismatch,junk_75,319,1,offtarget
synthetic,125,126,1,+,A,C,mismatch,junk_75,306,1,offtarget
synthetic,159,159,1,+,A,C,mismatch,junk_75,331,1,offtarget
synthetic,180,183,1,+,A,C,mismatch,junk_76,285,1,offtarget
synthetic,149,151,1,+,A,C,mismatch,junk_76,325,1,offtarget
synthetic,88,90,1,+,A,C,mismatch,junk_76,285,1,offtarget
synthetic,195,196,1,+,A,C,mismatch,junk_77,298,1,offtarget
synthetic,159,161,1,+,A,C,mismatch,junk_77,306,1,offtarget
synthetic,87,90,1,+,A,C,mismatch,junk_77,335,1,offtarget
synthetic,55,60,1,+,A,C,mismatch,junk_77,323,1,offtarget
synthetic,197,201,1,+,A,C,mismatch,junk_78,315,1,offtarget
synthetic,150,153,1,+,A,C,mismatch,junk_78,299,1,offtarget
synthetic,44,47,1,+,A,C,mismatch,junk_78,288,1,offtarget
synthetic,84,88,1,+,A,C,mismatch,junk_78,314,1,offtarget
synthetic,94,98,1,+,A,C,mismatch,junk_79,281,1,offtarget
synthetic,182,185,1,+,A,C,mismatch,junk_79,303,1,offtarget
synthetic,140,143,1,+,A,C,mismatch,junk_79,298,1,offtarget
synthetic,149,149,1,+,A,C,mismatch,junk_80,295,1,offtarget
synthetic,110,112,1,+,A,C,mismatch,junk_80,281,1,offtarget
synthetic,72,77,1,+,A,C,mismatch,junk_80,313,1,offtarget
synthetic,50,52,1,+,A,C,mismatch,junk_81,338,1,offtarget
synthetic,92,96,1,+,A,C,mismatch,junk_81,283,1,offtarget
synthetic,111,113,1,+,A,C,mismatch,junk_81,285,1,offtarget
synthetic,72,73,1,+,A,C,mismatch,junk_81,334,1,offtarget
synthetic,181,181,1,+,A,C,mismatch,junk_82,285,1,offtarget
synthetic,185,187,1,+,A,C,mismatch,junk_82,324,1,offtarget
synthetic,41,42,1,+,A,C,mismatch,junk_82,307,1,offtarget
synthetic,166,171,1,+,A,C,mismatch,junk_82,334,1,offtarget
synthetic,42,46,1,+,A,C,mismatch,junk_83,325,1,offtarget
synthetic,43,45,1,+,A,C,mismatch,junk_83,310,1,offtarget
synthetic,71,76,1,+,A,C,mismatch,junk_83,301,1,offtarget
synthetic,136,138,1,+,A,C,mismatch,junk_84,293,1,offtarget
synthetic,80,82,1,+,A,C,mismatch,junk_84,319,1,offtarget
synthetic,182,185,1,+,A,C,mismatch,junk_84,282,1,offtarget
synthetic,197,197,1,+,A,C,mismatch,junk_85,289,1,offtarget
synthetic,49,52,1,+,A,C,mismatch,junk_85,303,1,offtarget
synthetic,151,154,1,+,A,C,mismatch,junk_85,300,1,offtarget
synthetic,97,101,1,+,A,C,mismatch,junk_85,307,1,offtarget
synthetic,146,146,1,+,A,C,mismatch,junk_86,321,1,offtarget
synthetic,109,110,1,+,A,C,mismatch,junk_86,293,1,offtarget
synthetic,89,93,1,+,A,C,mismatch,junk_86,291,1,offtarget
synthetic,100,104,1,+,A,C,mismatch,junk_86,323,1,offtarget
synthetic,177,179,1,+,A,C,mismatch,junk_87,288,1,offtarget
synthetic,93,98,1,+,A,C,mismatch,junk_87,334,1,offtarget
synthetic,112,112,1,+,A,C,mismatch,junk_87,310,1,offtarget
synthetic,134,139,1,+,A,C,mismatch,junk_87,310,1,offtarget
synthetic,167,172,1,+,A,C,mismatch,junk_88,336,1,offtarget
synthetic,170,170,1,+,A,C,mismatch,junk_88,326,1,offtarget
synthetic,183,185,1,+,A,C,mismatch,junk_88,314,1,offtarget
synthetic,149,149,1,+,A,C,mismatch,junk_89,286,1,offtarget
synthetic,169,173,1,+,A,C,mismatch,junk_89,325,1,offtarget
synthetic,49,53,1,+,A,C,mismatch,junk_89,328,1,offtarget
synthetic,47,48,1,+,A,C,mismatch,junk_90,290,1,offtarget
synthetic,108,110,1,+,A,C,mismatch,junk_90,338,1,offtarget
synthetic,150,153,1,+,A,C,mismatch,junk_90,314,1,offtarget
synthetic,142,145,1,+,A,C,mismatch,junk_90,318,1,offtarget
synthetic,78,78,1,+,A,C,mismatch,junk_91,281,1,offtarget
synthetic,93,95,1,+,A,C,mismatch,junk_91,320,1,offtarget
synthetic,86,88,1,+,A,C,mismatch,junk_91,308,1,offtarget
synthetic,53,57,1,+,A,C,mismatch,junk_91,307,1,offtarget
synthetic,173,176,1,+,A,C,mismatch,junk_92,298,1,offtarget
synthetic,75,80,1,+,A,C,mismatch,junk_92,294,1,offtarget
synthetic,131,135,1,+,A,C,mismatch,junk_92,290,1,offtarget
synthetic,58,63,1,+,A,C,mismatch,junk_92,336,1,offtarget
synthetic,74,74,1,+,A,C,mismatch,junk_93,301,1,offtarget
synthetic,164,168,1,+,A,C,mismatch,junk_93,299,1,offtarget
synthetic,92,94,1,+,A,C,mismatch,junk_93,330,1,offtarget
synthetic,150,151,1,+,A,C,mismatch,junk_94,282,1,offtarget
synthetic,142,143,1,+,A,C,mismatch,junk_94,327,1,offtarget
synthetic,136,141,1,+,A,C,mismatch,junk_94,337,1,offtarget
synthetic,55,58,1,+,A,C,mismatch,junk_94,332,1,offtarget
synthetic,42,47,1,+,A,C,mismatch,junk_95,333,1,offtarget
synthetic,100,105,1,+,A,C,mismatch,junk_95,307,1,offtarget
synthetic,59,64,1,+,A,C,mismatch,junk_95,336,1,offtarget
synthetic,160,161,1,+,A,C,mismatch,junk_96,308,1,offtarget
synthetic,53,54,1,+,A,C,mismatch,junk_96,285,1,offtarget
synthetic,169,171,1,+,A,C,mismatch,junk_96,293,1,offtarget
synthetic,113,114,1,+,A,C,mismatch,junk_96,299,1,offtarget
synthetic,165,167,1,+,A,C,mismatch,junk_97,315,1,offtarget
synthetic,50,50,1,+,A,C,mismatch,junk_97,330,1,offtarget
synthetic,103,106,1,+,A,C,mismatch,junk_97,315,1,offtarget
synthetic,149,150,1,+,A,C,mismatch,junk_98,323,1,offtarget
synthetic,78,79,1,+,A,C,mismatch,junk_98,293,1,offtarget
synthetic,156,156,1,+,A,C,mismatch,junk_98,299,1,offtarget
synthetic,58,63,1,+,A,C,mismatch,junk_98,288,1,offtarget
synthetic,51,52,1,+,A,C,mismatch,junk_99,336,1,offtarget
synthetic,74,79,1,+,A,C,mismatch,junk_99,317,1,offtarget
synthetic,199,203,1,+,A,C,mismatch,junk_99,302,1,offtarget
synthetic,161,163,1,+,A,C,mismatch,junk_99,312,1,offtarget
synthetic,147,148,1,+,A,C,mismatch,junk_100,284,1,offtarget
synthetic,166,170,1,+,A,C,mismatch,junk_100,280,1,offtarget
synthetic,94,99,1,+,A,C,mismatch,junk_100,297,1,offtarget
synthetic,66,66,1,+,A,C,mismatch,junk_101,299,1,offtarget
synthetic,73,76,1,+,A,C,mismatch,junk_101,295,1,offtarget
synthetic,121,125,1,+,A,C,mismatch,junk_101,288,1,offtarget
synthetic,128,130,1,+,A,C,mismatch,junk_101,282,1,offtarget
synthetic,72,73,1,+,A,C,mismatch,junk_102,331,1,offtarget
synthetic,147,151,1,+,A,C,mismatch,junk_102,332,1,offtarget
synthetic,48,51,1,+,A,C,mismatch,junk_102,329,1,offtarget
synthetic,54,57,1,+,A,C,mismatch,junk_102,336,1,offtarget
synthetic,47,49,1,+,A,C,mismatch,junk_103,339,1,offtarget
synthetic,41,41,1,+,A,C,mismatch,junk_103,294,1,offtarget
synthetic,88,88,1,+,A,C,mismatch,junk_103,330,1,offtarget
synthetic,121,121,1,+,A,C,mismatch,junk_103,326,1,offtarget
synthetic,98,98,1,+,A,C,mismatch,junk_104,325,1,offtarget
synthetic,115,118,1,+,A,C,mismatch,junk_104,316,1,offtarget
synthetic,132,135,1,+,A,C,mismatch,junk_104,303,1,offtarget
synthetic,195,195,1,+,A,C,mismatch,junk_105,281,1,offtarget
synthetic,56,60,1,+,A,C,mismatch,junk_105,331,1,offtarget
synthetic,143,146,1,+,A,C,mismatch,junk_105,304,1,offtarget
synthetic,120,125,1,+,A,C,mismatch,junk_105,318,1,offtarget
synthetic,109,109,1,+,A,C,mismatch,junk_106,322,1,offtarget
synthetic,114,118,1,+,A,C,mismatch,junk_106,339,1,offtarget
synthetic,54,59,1,+,A,C,mismatch,junk_106,307,1,offtarget
synthetic,127,128,1,+,A,C,mismatch,junk_106,321,1,offtarget
synthetic,197,198,1,+,A,C,mismatch,junk_107,284,1,offtarget
synthetic,106,106,1,+,A,C,mismatch,junk_107,289,1,offtarget
synthetic,148,150,1,+,A,C,mismatch,junk_107,322,1,offtarget
synthetic,127,130,1,+,A,C,mismatch,junk_107,334,1,offtarget
synthetic,88,91,1,+,A,C,mismatch,junk_108,325,1,offtarget
synthetic,155,159,1,+,A,C,mismatch,junk_108,333,1,offtarget
synthetic,115,119,1,+,A,C,mismatch,junk_108,289,1,offtarget
synthetic,186,189,1,+,A,C,mismatch,junk_109,313,1,offtarget
synthetic,190,192,1,+,A,C,mismatch,junk_109,337,1,offtarget
synthetic,100,104,1,+,A,C,mismatch,junk_109,292,1,offtarget
synthetic,184,184,1,+,A,C,mismatch,junk_110,303,1,offtarget
synthetic,188,190,1,+,A,C,mismatch,junk_110,322,1,offtarget
synthetic,139,140,1,+,A,C,mismatch,junk_110,337,1,offtarget
synthetic,152,154,1,+,A,C,mismatch,junk_110,307,1,offtarget
synthetic,143,148,1,+,A,C,mismatch,junk_111,339,1,offtarget
synthetic,106,108,1,+,A,C,mismatch,junk_111,340,1,offtarget
synthetic,77,77,1,+,A,C,mismatch,junk_111,323,1,offtarget
synthetic,76,76,1,+,A,C,mismatch,junk_111,301,1,offtarget
synthetic,168,172,1,+,A,C,mismatch,junk_112,311,1,offtarget
synthetic,45,48,1,+,A,C,mismatch,junk_112,339,1,offtarget
synthetic,166,169,1,+,A,C,mismatch,junk_112,282,1,offtarget
synthetic,100,103,1,+,A,C,mismatch,junk_112,314,1,offtarget
synthetic,167,170,1,+,A,C,mismatch,junk_113,281,1,offtarget
synthetic,106,106,1,+,A,C,mismatch,junk_113,298,1,offtarget
synthetic,56,57,1,+,A,C,mismatch,junk_113,294,1,offtarget
synthetic,157,161,1,+,A,C,mismatch,junk_114,312,1,offtarget
synthetic,149,152,1,+,A,C,mismatch,junk_114,291,1,offtarget
synthetic,127,127,1,+,A,C,mismatch,junk_114,282,1,offtarget
synthetic,171,171,1,+,A,C,mismatch,junk_114,288,1,offtarget
synthetic,194,194,1,+,A,C,mismatch,junk_115,285,1,offtarget
synthetic,199,199,1,+,A,C,mismatch,junk_115,283,1,offtarget
synthetic,177,181,1,+,A,C,mismatch,junk_115,282,1,offtarget
synthetic,134,137,1,+,A,C,mismatch,junk_116,283,1,offtarget
synthetic,168,170,1,+,A,C,mismatch,junk_116,332,1,offtarget
synthetic,135,135,1,+,A,C,mismatch,junk_116,317,1,offtarget
synthetic,76,80,1,+,A,C,mismatch,junk_117,323,1,offtarget
synthetic,141,144,1,+,A,C,mismatch,junk_117,282,1,offtarget
synthetic,166,169,1,+,A,C,mismatch,junk_117,281,1,offtarget
synthetic,121,123,1,+,A,C,mismatch,junk_117,301,1,offtarget
synthetic,93,96,1,+,A,C,mismatch,junk_118,293,1,offtarget
synthetic,158,159,1,+,A,C,mismatch,junk_118,322,1,offtarget
synthetic,159,162,1,+,A,C,mismatch,junk_118,329,1,offtarget
synthetic,66,66,1,+,A,C,mismatch,junk_118,290,1,offtarget
synthetic,161,165,1,+,A,C,mismatch,junk_119,333,1,offtarget
synthetic,55,60,1,+,A,C,mismatch,junk_119,316,1,offtarget
synthetic,41,42,1,+,A,C,mismatch,junk_119,290,1,offtarget
synthetic,166,168,1,+,A,C,mismatch,junk_119,324,1,offtarget
synthetic,168,172,1,+,A,C,mismatch,junk_120,332,1,offtarget
synthetic,144,149,1,+,A,C,mismatch,junk_120,281,1,offtarget
synthetic,102,106,1,+,A,C,mismatch,junk_120,299,1,offtarget
synthetic,179,179,1,+,A,C,mismatch,junk_120,331,1,offtarget
