seqnames,start,end,width,strand,originally,replacement,type,read_id,score,counts,readType
synthetic,73,77,1,+,A,C,mismatch,wt_1,703,1,target
synthetic,192,193,1,+,A,C,mismatch,wt_2,696,1,target
synthetic,183,183,1,+,A,C,mismatch,wt_3,698,1,target
synthetic,152,153,1,+,A,C,mismatch,wt_4,700,1,target
synthetic,76,80,1,+,A,C,mismatch,wt_5,702,1,target
synthetic,99,104,1,+,A,C,mismatch,wt_6,707,1,target
synthetic,157,160,1,+,A,C,mismatch,wt_7,705,1,target
synthetic,179,181,1,+,A,C,mismatch,wt_8,696,1,target
synthetic,101,101,1,+,A,C,mismatch,wt_9,699,1,target
synthetic,124,129,1,+,A,C,mismatch,wt_10,701,1,target
synthetic,132,137,1,+,A,C,mismatch,wt_11,707,1,target
synthetic,78,82,1,+,A,C,mismatch,wt_12,697,1,target
synthetic,84,89,1,+,A,C,mismatch,wt_13,709,1,target
synthetic,73,74,1,+,A,C,mismatch,wt_14,703,1,target
synthetic,86,88,1,+,A,C,mismatch,wt_15,709,1,target
synthetic,78,79,1,+,A,C,mismatch,wt_16,699,1,target
synthetic,45,49,1,+,A,C,mismatch,wt_17,700,1,target
synthetic,106,107,1,+,A,C,mismatch,wt_18,697,1,target
synthetic,146,150,1,+,A,C,mismatch,wt_19,708,1,target
synthetic,51,51,1,+,A,C,mismatch,wt_20,710,1,target
synthetic,132,132,1,+,A,C,mismatch,wt_21,706,1,target
synthetic,170,170,1,+,A,C,mismatch,wt_22,705,1,target
synthetic,177,179,1,+,A,C,mismatch,wt_23,699,1,target
synthetic,129,130,1,+,A,C,mismatch,wt_24,702,1,target
synthetic,50,50,1,+,A,C,mismatch,wt_25,708,1,target
synthetic,137,137,1,+,A,C,mismatch,wt_26,695,1,target
synthetic,112,113,1,+,A,C,mismatch,wt_27,694,1,target
synthetic,99,103,1,+,A,C,mismatch,wt_28,697,1,target
synthetic,79,80,1,+,A,C,mismatch,wt_29,704,1,target
synthetic,110,113,1,+,A,C,mismatch,wt_30,690,1,target
synthetic,175,176,1,+,A,C,mismatch,wt_31,695,1,target
synthetic,159,164,1,+,A,C,mismatch,wt_32,699,1,target
synthetic,192,196,1,+,A,C,mismatch,wt_33,703,1,target
synthetic,46,50,1,+,A,C,mismatch,wt_34,700,1,target
synthetic,172,174,1,+,A,C,mismatch,wt_35,694,1,target
synthetic,195,197,1,+,A,C,mismatch,wt_36,702,1,target
synthetic,165,169,1,+,A,C,mismatch,wt_37,703,1,target
synthetic,194,199,1,+,A,C,mismatch,wt_38,705,1,target
synthetic,184,188,1,+,A,C,mismatch,wt_39,694,1,target
synthetic,151,156,1,+,A,C,mismatch,wt_40,695,1,target
synthetic,125,126,1,+,A,C,mismatch,wt_41,690,1,target
synthetic,196,197,1,+,A,C,mismatch,wt_42,705,1,target
synthetic,89,92,1,+,A,C,mismatch,wt_43,702,1,target
synthetic,200,202,1,+,A,C,mismatch,wt_44,699,1,target
synthetic,67,72,1,+,A,C,mismatch,wt_45,707,1,target
synthetic,130,134,1,+,A,C,mismatch,wt_46,706,1,target
synthetic,131,132,1,+,A,C,mismatch,wt_47,705,1,target
synthetic,77,78,1,+,A,C,mismatch,wt_48,701,1,target
synthetic,101,101,1,+,A,C,mismatch,wt_49,701,1,target
synthetic,60,65,1,+,A,C,mismatch,wt_50,700,1,target
synthetic,87,91,1,+,A,C,mismatch,wt_51,707,1,target
synthetic,141,143,1,+,A,C,mismatch,wt_52,690,1,target
synthetic,45,48,1,+,A,C,mismatch,wt_53,698,1,target
synthetic,53,55,1,+,A,C,mismatch,wt_54,698,1,target
synthetic,60,63,1,+,A,C,mismatch,wt_55,704,1,target
synthetic,141,145,1,+,A,C,mismatch,wt_56,691,1,target
synthetic,120,122,1,+,A,C,mismatch,wt_57,700,1,target
synthetic,114,115,1,+,A,C,mismatch,wt_58,695,1,target
synthetic,70,73,1,+,A,C,mismatch,wt_59,701,1,target
synthetic,91,93,1,+,A,C,mismatch,wt_60,706,1,target
synthetic,183,183,1,+,A,C,mismatch,wt_61,695,1,target
synthetic,170,174,1,+,A,C,mismatch,wt_62,703,1,target
synthetic,107,107,1,+,A,C,mismatch,wt_63,702,1,target
synthetic,146,149,1,+,A,C,mismatch,wt_64,703,1,target
synthetic,110,112,1,+,A,C,mismatch,wt_65,707,1,target
synthetic,67,67,1,+,A,C,mismatch,wt_66,705,1,target
synthetic,42,45,1,+,A,C,mismatch,wt_67,704,1,target
synthetic,131,132,1,+,A,C,mismatch,wt_68,699,1,target
synthetic,188,193,1,+,A,C,mismatch,wt_69,693,1,target
synthetic,179,183,1,+,A,C,mismatch,wt_70,704,1,target
synthetic,88,88,1,+,A,C,mismatch,wt_71,691,1,target
synthetic,200,202,1,+,A,C,mismatch,wt_72,707,1,target
synthetic,47,49,1,+,A,C,mismatch,wt_73,708,1,target
synthetic,57,60,1,+,A,C,mismatch,wt_74,692,1,target
synthetic,155,158,1,+,A,C,mismatch,wt_75,707,1,target
synthetic,146,148,1,+,A,C,mismatch,wt_76,705,1,target
synthetic,170,171,1,+,A,C,mismatch,wt_77,697,1,target
synthetic,165,165,1,+,A,C,mismatch,wt_78,701,1,target
synthetic,76,77,1,+,A,C,mismatch,wt_79,699,1,target
synthetic,56,60,1,+,A,C,mismatch,wt_80,708,1,target
synthetic,175,180,1,+,A,C,mismatch,wt_81,692,1,target
synthetic,149,149,1,+,A,C,mismatch,wt_82,698,1,target
synthetic,180,185,1,+,A,C,mismatch,wt_83,699,1,target
synthetic,102,104,1,+,A,C,mismatch,wt_84,699,1,target
synthetic,160,164,1,+,A,C,mismatch,wt_85,699,1,target
synthetic,169,173,1,+,A,C,mismatch,wt_86,706,1,target
synthetic,151,154,1,+,A,C,mismatch,wt_87,704,1,target
synthetic,181,185,1,+,A,C,mismatch,wt_88,694,1,target
synthetic,114,117,1,+,A,C,mismatch,wt_89,709,1,target
synthetic,73,75,1,+,A,C,mismatch,wt_90,701,1,target
synthetic,151,155,1,+,A,C,mismatch,wt_91,699,1,target
synthetic,177,178,1,+,A,C,mismatch,wt_92,699,1,target
synthetic,175,180,1,+,A,C,mismatch,wt_93,705,1,target
synthetic,122,126,1,+,A,C,mismatch,wt_94,701,1,target
synthetic,115,120,1,+,A,C,mismatch,wt_95,696,1,target
synthetic,148,152,1,+,A,C,mismatch,wt_96,702,1,target
synthetic,78,83,1,+,A,C,mismatch,wt_97,706,1,target
synthetic,43,44,1,+,A,C,mismatch,wt_98,705,1,target
synthetic,142,147,1,+,A,C,mismatch,wt_99,709,1,target
synthetic,68,70,1,+,A,C,mismatch,wt_100,706,1,target
synthetic,127,131,1,+,A,C,mismatch,wt_101,694,1,target
synthetic,45,47,1,+,A,C,mismatch,wt_102,700,1,target
synthetic,176,179,1,+,A,C,mismatch,wt_103,693,1,target
synthetic,186,190,1,+,A,C,mismatch,wt_104,694,1,target
synthetic,104,109,1,+,A,C,mismatch,wt_105,691,1,target
synthetic,56,61,1,+,A,C,mismatch,wt_106,707,1,target
synthetic,139,143,1,+,A,C,mismatch,wt_107,710,1,target
synthetic,50,53,1,+,A,C,mismatch,wt_108,702,1,target
synthetic,194,195,1,+,A,C,mismatch,wt_109,709,1,target
synthetic,185,185,1,+,A,C,mismatch,wt_110,694,1,target
synthetic,192,192,1,+,A,C,mismatch,wt_111,693,1,target
synthetic,126,127,1,+,A,C,mismatch,wt_112,691,1,target
synthetic,133,137,1,+,A,C,mismatch,wt_113,693,1,target
synthetic,160,160,1,+,A,C,mismatch,wt_114,697,1,target
synthetic,98,99,1,+,A,C,mismatch,wt_115,701,1,target
synthetic,153,157,1,+,A,C,mismatch,wt_116,702,1,target
synthetic,75,77,1,+,A,C,mismatch,wt_117,705,1,target
synthetic,106,106,1,+,A,C,mismatch,wt_118,705,1,target
synthetic,88,91,1,+,A,C,mismatch,wt_119,698,1,target
synthetic,65,68,1,+,A,C,mismatch,wt_120,707,1,target
synthetic,100,101,1,+,A,C,mismatch,wt_121,709,1,target
synthetic,132,134,1,+,A,C,mismatch,wt_122,698,1,target
synthetic,145,148,1,+,A,C,mismatch,wt_123,706,1,target
synthetic,178,183,1,+,A,C,mismatch,wt_124,707,1,target
synthetic,67,71,1,+,A,C,mismatch,wt_125,705,1,target
synthetic,45,48,1,+,A,C,mismatch,wt_126,709,1,target
synthetic,121,123,1,+,A,C,mismatch,wt_127,705,1,target
synthetic,150,153,1,+,A,C,mismatch,wt_128,705,1,target
synthetic,172,176,1,+,A,C,mismatch,wt_129,694,1,target
synthetic,98,100,1,+,A,C,mismatch,wt_130,702,1,target
synthetic,47,47,1,+,A,C,mismatch,wt_131,702,1,target
synthetic,183,187,1,+,A,C,mismatch,wt_132,707,1,target
synthetic,54,58,1,+,A,C,mismatch,wt_133,708,1,target
synthetic,47,48,1,+,A,C,mismatch,wt_134,697,1,target
synthetic,93,98,1,+,A,C,mismatch,wt_135,691,1,target
synthetic,119,124,1,+,A,C,mismatch,wt_136,691,1,target
synthetic,139,141,1,+,A,C,mismatch,wt_137,707,1,target
synthetic,189,190,1,+,A,C,mismatch,wt_138,710,1,target
synthetic,113,114,1,+,A,C,mismatch,wt_139,700,1,target
synthetic,180,185,1,+,A,C,mismatch,wt_140,691,1,target
synthetic,179,180,1,+,A,C,mismatch,wt_141,701,1,target
synthetic,100,100,1,+,A,C,mismatch,wt_142,697,1,target
synthetic,178,182,1,+,A,C,mismatch,wt_143,691,1,target
synthetic,48,51,1,+,A,C,mismatch,wt_144,691,1,target
synthetic,161,161,1,+,A,C,mismatch,wt_145,700,1,target
synthetic,183,183,1,+,A,C,mismatch,wt_146,692,1,target
synthetic,91,91,1,+,A,C,mismatch,wt_147,706,1,target
synthetic,119,124,1,+,A,C,mismatch,wt_148,692,1,target
synthetic,130,132,1,+,A,C,mismatch,wt_149,708,1,target
synthetic,99,100,1,+,A,C,mismatch,wt_150,697,1,target
synthetic,66,66,1,+,A,C,mismatch,wt_151,707,1,target
synthetic,157,157,1,+,A,C,mismatch,wt_152,692,1,target
synthetic,144,147,1,+,A,C,mismatch,wt_153,690,1,target
synthetic,154,156,1,+,A,C,mismatch,wt_154,704,1,target
synthetic,196,199,1,+,A,C,mismatch,wt_155,707,1,target
synthetic,128,129,1,+,A,C,mismatch,wt_156,705,1,target
synthetic,79,82,1,+,A,C,mismatch,wt_157,703,1,target
synthetic,179,181,1,+,A,C,mismatch,wt_158,695,1,target
synthetic,112,112,1,+,A,C,mismatch,wt_159,706,1,target
synthetic,56,58,1,+,A,C,mismatch,wt_160,693,1,target
synthetic,186,188,1,+,A,C,mismatch,wt_161,704,1,target
synthetic,135,140,1,+,A,C,mismatch,wt_162,696,1,target
synthetic,151,153,1,+,A,C,mismatch,wt_163,694,1,target
synthetic,51,51,1,+,A,C,mismatch,wt_164,698,1,target
synthetic,108,111,1,+,A,C,mismatch,wt_165,696,1,target
synthetic,136,139,1,+,A,C,mismatch,wt_166,699,1,target
synthetic,150,154,1,+,A,C,mismatch,wt_167,699,1,target
synthetic,127,128,1,+,A,C,mismatch,wt_168,694,1,target
synthetic,46,46,1,+,A,C,mismatch,wt_169,702,1,target
synthetic,58,60,1,+,A,C,mismatch,wt_170,703,1,target
synthetic,50,51,1,+,A,C,mismatch,wt_171,707,1,target
synthetic,56,56,1,+,A,C,mismatch,wt_172,697,1,target
synthetic,194,196,1,+,A,C,mismatch,wt_173,697,1,target
synthetic,73,74,1,+,A,C,mismatch,wt_174,706,1,target
synthetic,181,181,1,+,A,C,mismatch,wt_175,700,1,target
synthetic,113,116,1,+,A,C,mismatch,wt_176,709,1,target
synthetic,121,124,1,+,A,C,mismatch,wt_177,706,1,target
synthetic,172,172,1,+,A,C,mismatch,wt_178,694,1,target
synthetic,76,77,1,+,A,C,mismatch,wt_179,706,1,target
synthetic,181,186,1,+,A,C,mismatch,wt_180,697,1,target
synthetic,88,93,1,+,A,C,mismatch,wt_181,710,1,target
synthetic,79,79,1,+,A,C,mismatch,wt_182,700,1,target
synthetic,69,71,1,+,A,C,mismatch,wt_183,703,1,target
synthetic,127,131,1,+,A,C,mismatch,wt_184,694,1,target
synthetic,40,45,1,+,A,C,mismatch,wt_185,694,1,target
synthetic,139,141,1,+,A,C,mismatch,wt_186,691,1,target
synthetic,171,176,1,+,A,C,mismatch,wt_187,697,1,target
synthetic,64,65,1,+,A,C,mismatch,wt_188,691,1,target
synthetic,126,129,1,+,A,C,mismatch,wt_189,705,1,target
synthetic,77,77,1,+,A,C,mismatch,wt_190,706,1,target
synthetic,78,81,1,+,A,C,mismatch,wt_191,696,1,target
synthetic,91,92,1,+,A,C,mismatch,wt_192,694,1,target
synthetic,98,98,1,+,A,C,mismatch,wt_193,709,1,target
synthetic,97,102,1,+,A,C,mismatch,wt_194,692,1,target
synthetic,89,90,1,+,A,C,mismatch,wt_195,694,1,target
synthetic,176,177,1,+,A,C,mismatch,wt_196,699,1,target
synthetic,188,191,1,+,A,C,mismatch,wt_197,692,1,target
synthetic,194,194,1,+,A,C,mismatch,wt_198,692,1,target
synthetic,60,61,1,+,A,C,mismatch,wt_199,700,1,target
synthetic,189,193,1,+,A,C,mismatch,wt_200,698,1,target
synthetic,111,115,1,+,A,C,mismatch,wt_201,694,1,target
synthetic,197,199,1,+,A,C,mismatch,wt_202,696,1,target
synthetic,131,133,1,+,A,C,mismatch,wt_203,698,1,target
synthetic,76,78,1,+,A,C,mismatch,wt_204,699,1,target
synthetic,153,153,1,+,A,C,mismatch,wt_205,693,1,target
synthetic,176,176,1,+,A,C,mismatch,wt_206,708,1,target
synthetic,71,73,1,+,A,C,mismatch,wt_207,692,1,target
synthetic,115,118,1,+,A,C,mismatch,wt_208,709,1,target
synthetic,146,146,1,+,A,C,mismatch,wt_209,705,1,target
synthetic,47,47,1,+,A,C,mismatch,wt_210,691,1,target
synthetic,50,55,1,+,A,C,mismatch,wt_211,699,1,target
synthetic,57,61,1,+,A,C,mismatch,wt_212,692,1,target
synthetic,173,178,1,+,A,C,mismatch,wt_213,697,1,target
synthetic,153,155,1,+,A,C,mismatch,wt_214,706,1,target
synthetic,143,146,1,+,A,C,mismatch,wt_215,702,1,target
synthetic,86,88,1,+,A,C,mismatch,wt_216,693,1,target
synthetic,148,151,1,+,A,C,mismatch,wt_217,702,1,target
synthetic,151,156,1,+,A,C,mismatch,wt_218,691,1,target
synthetic,124,127,1,+,A,C,mismatch,wt_219,707,1,target
synthetic,122,126,1,+,A,C,mismatch,wt_220,699,1,target
synthetic,176,179,1,+,A,C,mismatch,wt_221,701,1,target
synthetic,123,124,1,+,A,C,mismatch,wt_222,697,1,target
synthetic,130,135,1,+,A,C,mismatch,wt_223,701,1,target
synthetic,74,79,1,+,A,C,mismatch,wt_224,708,1,target
synthetic,63,68,1,+,A,C,mismatch,wt_225,699,1,target
synthetic,90,93,1,+,A,C,mismatch,wt_226,700,1,target
synthetic,196,198,1,+,A,C,mismatch,wt_227,710,1,target
synthetic,54,59,1,+,A,C,mismatch,wt_228,707,1,target
synthetic,117,120,1,+,A,C,mismatch,wt_229,708,1,target
synthetic,165,166,1,+,A,C,mismatch,wt_230,703,1,target
synthetic,194,198,1,+,A,C,mismatch,wt_231,698,1,target
synthetic,77,81,1,+,A,C,mismatch,wt_232,701,1,target
synthetic,59,60,1,+,A,C,mismatch,wt_233,700,1,target
synthetic,83,83,1,+,A,C,mismatch,wt_234,690,1,target
synthetic,169,169,1,+,A,C,mismatch,wt_235,694,1,target
synthetic,107,110,1,+,A,C,mismatch,wt_236,707,1,target
synthetic,137,138,1,+,A,C,mismatch,wt_237,698,1,target
synthetic,55,60,1,+,A,C,mismatch,wt_238,710,1,target
synthetic,86,86,1,+,A,C,mismatch,wt_239,708,1,target
synthetic,188,190,1,+,A,C,mismatch,wt_240,708,1,target
synthetic,93,95,1,+,A,C,mismatch,wt_241,696,1,target
synthetic,111,111,1,+,A,C,mismatch,wt_242,691,1,target
synthetic,113,114,1,+,A,C,mismatch,wt_243,701,1,target
synthetic,98,98,1,+,A,C,mismatch,wt_244,695,1,target
synthetic,189,190,1,+,A,C,mismatch,wt_245,704,1,target
synthetic,125,130,1,+,A,C,mismatch,wt_246,699,1,target
synthetic,64,69,1,+,A,C,mismatch,wt_247,708,1,target
synthetic,41,44,1,+,A,C,mismatch,wt_248,709,1,target
synthetic,139,141,1,+,A,C,mismatch,wt_249,696,1,target
synthetic,77,80,1,+,A,C,mismatch,wt_250,694,1,target
synthetic,187,189,1,+,A,C,mismatch,wt_251,709,1,target
synthetic,196,200,1,+,A,C,mismatch,wt_252,703,1,target
synthetic,144,144,1,+,A,C,mismatch,wt_253,709,1,target
synthetic,161,166,1,+,A,C,mismatch,wt_254,701,1,target
synthetic,80,84,1,+,A,C,mismatch,wt_255,698,1,target
synthetic,126,131,1,+,A,C,mismatch,wt_256,693,1,target
synthetic,194,194,1,+,A,C,mismatch,wt_257,704,1,target
synthetic,44,44,1,+,A,C,mismatch,wt_258,703,1,target
synthetic,197,200,1,+,A,C,mismatch,wt_259,706,1,target
synthetic,153,154,1,+,A,C,mismatch,wt_260,702,1,target
synthetic,190,192,1,+,A,C,mismatch,wt_261,699,1,target
synthetic,191,191,1,+,A,C,mismatch,wt_262,706,1,target
synthetic,97,102,1,+,A,C,mismatch,wt_263,703,1,target
synthetic,78,83,1,+,A,C,mismatch,wt_264,705,1,target
synthetic,88,93,1,+,A,C,mismatch,wt_265,695,1,target
synthetic,76,76,1,+,A,C,mismatch,wt_266,706,1,target
synthetic,54,56,1,+,A,C,mismatch,wt_267,709,1,target
synthetic,89,94,1,+,A,C,mismatch,wt_268,695,1,target
synthetic,114,114,1,+,A,C,mismatch,wt_269,697,1,target
synthetic,139,139,1,+,A,C,mismatch,wt_270,701,1,target
synthetic,168,169,1,+,A,C,mismatch,wt_271,700,1,target
synthetic,164,166,1,+,A,C,mismatch,wt_272,705,1,target
synthetic,103,103,1,+,A,C,mismatch,wt_273,703,1,target
synthetic,112,116,1,+,A,C,mismatch,wt_274,709,1,target
synthetic,45,50,1,+,A,C,mismatch,wt_275,703,1,target
synthetic,182,182,1,+,A,C,mismatch,wt_276,706,1,target
synthetic,101,101,1,+,A,C,mismatch,wt_277,694,1,target
synthetic,192,194,1,+,A,C,mismatch,wt_278,693,1,target
synthetic,96,100,1,+,A,C,mismatch,wt_279,706,1,target
synthetic,106,109,1,+,A,C,mismatch,wt_280,700,1,target
synthetic,78,83,1,+,A,C,mismatch,wt_281,705,1,target
synthetic,62,66,1,+,A,C,mismatch,wt_282,708,1,target
synthetic,146,148,1,+,A,C,mismatch,wt_283,695,1,target
synthetic,51,52,1,+,A,C,mismatch,wt_284,701,1,target
synthetic,176,180,1,+,A,C,mismatch,wt_285,691,1,target
synthetic,149,151,1,+,A,C,mismatch,wt_286,700,1,target
synthetic,198,199,1,+,A,C,mismatch,wt_287,700,1,target
synthetic,85,89,1,+,A,C,mismatch,wt_288,705,1,target
synthetic,43,47,1,+,A,C,mismatch,wt_289,694,1,target
synthetic,156,157,1,+,A,C,mismatch,wt_290,704,1,target
synthetic,142,145,1,+,A,C,mismatch,wt_291,690,1,target
synthetic,137,140,1,+,A,C,mismatch,wt_292,709,1,target
synthetic,181,185,1,+,A,C,mismatch,wt_293,704,1,target
synthetic,114,116,1,+,A,C,mismatch,wt_294,702,1,target
synthetic,149,152,1,+,A,C,mismatch,wt_295,696,1,target
synthetic,59,62,1,+,A,C,mismatch,wt_296,710,1,target
synthetic,150,151,1,+,A,C,mismatch,wt_297,697,1,target
synthetic,134,139,1,+,A,C,mismatch,wt_298,706,1,target
synthetic,150,150,1,+,A,C,mismatch,wt_299,705,1,target
synthetic,98,102,1,+,A,C,mismatch,wt_300,708,1,target
synthetic,133,137,1,+,A,C,mismatch,wt_301,705,1,target
synthetic,137,138,1,+,A,C,mismatch,wt_302,710,1,target
synthetic,175,179,1,+,A,C,mismatch,wt_303,698,1,target
synthetic,49,51,1,+,A,C,mismatch,wt_304,694,1,target
synthetic,157,159,1,+,A,C,mismatch,wt_305,697,1,target
synthetic,162,163,1,+,A,C,mismatch,wt_306,702,1,target
synthetic,41,43,1,+,A,C,mismatch,wt_307,695,1,target
synthetic,143,144,1,+,A,C,mismatch,wt_308,699,1,target
synthetic,119,122,1,+,A,C,mismatch,wt_309,705,1,target
synthetic,69,71,1,+,A,C,mismatch,wt_310,704,1,target
synthetic,143,143,1,+,A,C,mismatch,wt_311,700,1,target
synthetic,169,173,1,+,A,C,mismatch,wt_312,709,1,target
synthetic,160,160,1,+,A,C,mismatch,wt_313,703,1,target
synthetic,78,78,1,+,A,C,mismatch,wt_314,709,1,target
synthetic,58,61,1,+,A,C,mismatch,wt_315,699,1,target
synthetic,169,174,1,+,A,C,mismatch,wt_316,706,1,target
synthetic,56,56,1,+,A,C,mismatch,wt_317,695,1,target
synthetic,160,160,1,+,A,C,mismatch,wt_318,698,1,target
synthetic,156,158,1,+,A,C,mismatch,wt_319,703,1,target
synthetic,133,135,1,+,A,C,mismatch,wt_320,700,1,target
synthetic,71,75,1,+,A,C,mismatch,wt_321,691,1,target
synthetic,148,152,1,+,A,C,mismatch,wt_322,698,1,target
synthetic,79,84,1,+,A,C,mismatch,wt_323,701,1,target
synthetic,57,59,1,+,A,C,mismatch,wt_324,691,1,target
synthetic,183,187,1,+,A,C,mismatch,wt_325,706,1,target
synthetic,66,66,1,+,A,C,mismatch,wt_326,707,1,target
synthetic,147,151,1,+,A,C,mismatch,wt_327,690,1,target
synthetic,174,177,1,+,A,C,mismatch,wt_328,709,1,target
synthetic,40,42,1,+,A,C,mismatch,wt_329,697,1,target
synthetic,190,192,1,+,A,C,mismatch,wt_330,704,1,target
synthetic,65,70,1,+,A,C,mismatch,wt_331,703,1,target
synthetic,129,133,1,+,A,C,mismatch,wt_332,709,1,target
synthetic,102,106,1,+,A,C,mismatch,wt_333,701,1,target
synthetic,166,168,1,+,A,C,mismatch,wt_334,692,1,target
synthetic,111,113,1,+,A,C,mismatch,wt_335,696,1,target
synthetic,153,156,1,+,A,C,mismatch,wt_336,705,1,target
synthetic,152,156,1,+,A,C,mismatch,wt_337,699,1,target
synthetic,138,141,1,+,A,C,mismatch,wt_338,691,1,target
synthetic,165,165,1,+,A,C,mismatch,wt_339,707,1,target
synthetic,65,65,1,+,A,C,mismatch,wt_340,697,1,target
synthetic,44,47,1,+,A,C,mismatch,wt_341,707,1,target
synthetic,171,175,1,+,A,C,mismatch,wt_342,709,1,target
synthetic,171,176,1,+,A,C,mismatch,wt_343,692,1,target
synthetic,125,126,1,+,A,C,mismatch,wt_344,706,1,target
synthetic,111,111,1,+,A,C,mismatch,wt_345,696,1,target
synthetic,192,192,1,+,A,C,mismatch,wt_346,704,1,target
synthetic,173,175,1,+,A,C,mismatch,wt_347,707,1,target
synthetic,43,46,1,+,A,C,mismatch,wt_348,695,1,target
synthetic,41,45,1,+,A,C,mismatch,wt_349,707,1,target
synthetic,55,60,1,+,A,C,mismatch,wt_350,697,1,target
synthetic,144,145,1,+,A,C,mismatch,wt_351,702,1,target
synthetic,63,63,1,+,A,C,mismatch,wt_352,698,1,target
synthetic,150,154,1,+,A,C,mismatch,wt_353,692,1,target
synthetic,110,112,1,+,A,C,mismatch,wt_354,698,1,target
synthetic,115,115,1,+,A,C,mismatch,wt_355,705,1,target
synthetic,137,138,1,+,A,C,mismatch,wt_356,693,1,target
synthetic,110,110,1,+,A,C,mismatch,wt_357,697,1,target
synthetic,74,79,1,+,A,C,mismatch,wt_358,701,1,target
synthetic,84,88,1,+,A,C,mismatch,wt_359,702,1,target
synthetic,62,62,1,+,A,C,mismatch,wt_360,701,1,target
synthetic,58,60,1,+,A,C,mismatch,wt_361,696,1,target
synthetic,180,180,1,+,A,C,mismatch,wt_362,692,1,target
synthetic,187,187,1,+,A,C,mismatch,wt_363,705,1,target
synthetic,174,179,1,+,A,C,mismatch,wt_364,697,1,target
synthetic,52,57,1,+,A,C,mismatch,wt_365,705,1,target
synthetic,134,138,1,+,A,C,mismatch,wt_366,693,1,target
synthetic,185,190,1,+,A,C,mismatch,wt_367,704,1,target
synthetic,68,71,1,+,A,C,mismatch,wt_368,706,1,target
synthetic,90,93,1,+,A,C,mismatch,wt_369,702,1,target
synthetic,98,100,1,+,A,C,mismatch,wt_370,701,1,target
synthetic,61,64,1,+,A,C,mismatch,wt_371,710,1,target
synthetic,105,108,1,+,A,C,mismatch,wt_372,697,1,target
synthetic,191,195,1,+,A,C,mismatch,wt_373,704,1,target
synthetic,68,70,1,+,A,C,mismatch,wt_374,692,1,target
synthetic,136,138,1,+,A,C,mismatch,wt_375,690,1,target
synthetic,164,168,1,+,A,C,mismatch,wt_376,698,1,target
synthetic,79,83,1,+,A,C,mismatch,wt_377,708,1,target
synthetic,83,87,1,+,A,C,mismatch,wt_378,691,1,target
synthetic,116,116,1,+,A,C,mismatch,wt_379,710,1,target
synthetic,145,148,1,+,A,C,mismatch,wt_380,700,1,target
synthetic,169,172,1,+,A,C,mismatch,wt_381,709,1,target
synthetic,127,127,1,+,A,C,mismatch,wt_382,702,1,target
synthetic,143,147,1,+,A,C,mismatch,wt_383,704,1,target
synthetic,46,48,1,+,A,C,mismatch,wt_384,693,1,target
synthetic,149,150,1,+,A,C,mismatch,wt_385,704,1,target
synthetic,114,117,1,+,A,C,mismatch,wt_386,707,1,target
synthetic,135,138,1,+,A,C,mismatch,wt_387,693,1,target
synthetic,194,195,1,+,A,C,mismatch,wt_388,694,1,target
synthetic,98,101,1,+,A,C,mismatch,wt_389,708,1,target
synthetic,82,86,1,+,A,C,mismatch,wt_390,710,1,target
synthetic,167,169,1,+,A,C,mismatch,wt_391,696,1,target
synthetic,171,176,1,+,A,C,mismatch,wt_392,704,1,target
synthetic,119,121,1,+,A,C,mismatch,wt_393,706,1,target
synthetic,193,193,1,+,A,C,mismatch,wt_394,692,1,target
synthetic,135,137,1,+,A,C,mismatch,wt_395,707,1,target
synthetic,162,167,1,+,A,C,mismatch,wt_396,703,1,target
synthetic,111,111,1,+,A,C,mismatch,wt_397,697,1,target
synthetic,89,91,1,+,A,C,mismatch,wt_398,708,1,target
synthetic,128,129,1,+,A,C,mismatch,wt_399,702,1,target
synthetic,158,161,1,+,A,C,mismatch,wt_400,705,1,target
synthetic,71,75,1,+,A,C,mismatch,edited_1,649,1,target
synthetic,183,188,1,+,A,C,mismatch,edited_1,647,1,target
synthetic,135,138,1,+,A,C,mismatch,edited_2,649,1,target
synthetic,164,165,1,+,A,C,mismatch,edited_2,641,1,target
synthetic,51,56,1,+,A,C,mismatch,edited_3,630,1,target
synthetic,122,122,1,+,A,C,mismatch,edited_3,631,1,target
synthetic,72,75,1,+,A,C,mismatch,edited_4,647,1,target
synthetic,50,52,1,+,A,C,mismatch,edited_4,628,1,target
synthetic,133,138,1,+,A,C,mismatch,edited_5,648,1,target
synthetic,71,71,1,+,A,C,mismatch,edited_5,637,1,target
synthetic,130,134,1,+,A,C,mismatch,edited_6,645,1,target
synthetic,167,167,1,+,A,C,mismatch,edited_6,626,1,target
synthetic,194,197,1,+,A,C,mismatch,edited_7,645,1,target
synthetic,147,152,1,+,A,C,mismatch,edited_7,643,1,target
synthetic,45,50,1,+,A,C,mismatch,edited_8,646,1,target
synthetic,69,70,1,+,A,C,mismatch,edited_8,646,1,target
synthetic,189,194,1,+,A,C,mismatch,edited_9,637,1,target
synthetic,142,145,1,+,A,C,mismatch,edited_9,635,1,target
synthetic,67,70,1,+,A,C,mismatch,edited_10,634,1,target
synthetic,152,153,1,+,A,C,mismatch,edited_10,632,1,target
synthetic,115,118,1,+,A,C,mismatch,edited_11,640,1,target
synthetic,48,52,1,+,A,C,mismatch,edited_11,646,1,target
synthetic,125,130,1,+,A,C,mismatch,edited_12,639,1,target
synthetic,71,74,1,+,A,C,mismatch,edited_12,639,1,target
synthetic,85,87,1,+,A,C,mismatch,edited_13,627,1,target
synthetic,43,48,1,+,A,C,mismatch,edited_13,648,1,target
synthetic,186,189,1,+,A,C,mismatch,edited_14,641,1,target
synthetic,172,177,1,+,A,C,mismatch,edited_14,628,1,target
synthetic,51,55,1,+,A,C,mismatch,edited_15,632,1,target
synthetic,114,117,1,+,A,C,mismatch,edited_15,625,1,target
synthetic,149,150,1,+,A,C,mismatch,edited_16,633,1,target
synthetic,191,191,1,+,A,C,mismatch,edited_16,639,1,target
synthetic,151,155,1,+,A,C,mismatch,edited_17,636,1,target
synthetic,74,75,1,+,A,C,mismatch,edited_17,630,1,target
synthetic,50,51,1,+,A,C,mismatch,edited_18,634,1,target
synthetic,116,117,1,+,A,C,mismatch,edited_18,634,1,target
synthetic,59,63,1,+,A,C,mismatch,edited_19,644,1,target
synthetic,141,146,1,+,A,C,mismatch,edited_19,627,1,target
synthetic,157,160,1,+,A,C,mismatch,edited_20,643,1,target
synthetic,158,161,1,+,A,C,mismatch,edited_20,635,1,target
synthetic,192,197,1,+,A,C,mismatch,edited_21,647,1,target
synthetic,65,65,1,+,A,C,mismatch,edited_21,631,1,target
synthetic,40,43,1,+,A,C,mismatch,edited_22,641,1,target
synthetic,57,62,1,+,A,C,mismatch,edited_22,622,1,target
synthetic,104,106,1,+,A,C,mismatch,edited_23,646,1,target
synthetic,119,120,1,+,A,C,mismatch,edited_23,648,1,target
synthetic,97,102,1,+,A,C,mismatch,edited_24,636,1,target
synthetic,69,71,1,+,A,C,mismatch,edited_24,639,1,target
synthetic,151,151,1,+,A,C,mismatch,edited_25,634,1,target
synthetic,89,93,1,+,A,C,mismatch,edited_25,621,1,target
synthetic,177,178,1,+,A,C,mismatch,edited_26,637,1,target
synthetic,185,185,1,+,A,C,mismatch,edited_26,636,1,target
synthetic,72,74,1,+,A,C,mismatch,edited_27,645,1,target
synthetic,40,42,1,+,A,C,mismatch,edited_27,640,1,target
synthetic,56,60,1,+,A,C,mismatch,edited_28,642,1,target
synthetic,40,42,1,+,A,C,mismatch,edited_28,626,1,target
synthetic,118,118,1,+,A,C,mismatch,edited_29,621,1,target
synthetic,100,104,1,+,A,C,mismatch,edited_29,637,1,target
synthetic,104,109,1,+,A,C,mismatch,edited_30,638,1,target
synthetic,143,145,1,+,A,C,mismatch,edited_30,650,1,target
synthetic,187,187,1,+,A,C,mismatch,edited_31,623,1,target
synthetic,162,162,1,+,A,C,mismatch,edited_31,623,1,target
synthetic,78,81,1,+,A,C,mismatch,edited_32,646,1,target
synthetic,118,120,1,+,A,C,mismatch,edited_32,642,1,target
synthetic,42,45,1,+,A,C,mismatch,edited_33,638,1,target
synthetic,179,179,1,+,A,C,mismatch,edited_33,642,1,target
synthetic,89,89,1,+,A,C,mismatch,edited_34,643,1,target
synthetic,48,51,1,+,A,C,mismatch,edited_34,641,1,target
synthetic,156,161,1,+,A,C,mismatch,edited_35,625,1,target
synthetic,117,117,1,+,A,C,mismatch,edited_35,622,1,target
synthetic,49,52,1,+,A,C,mismatch,edited_36,633,1,target
synthetic,142,145,1,+,A,C,mismatch,edited_36,645,1,target
synthetic,195,200,1,+,A,C,mismatch,edited_37,630,1,target
synthetic,58,60,1,+,A,C,mismatch,edited_37,645,1,target
synthetic,154,156,1,+,A,C,mismatch,edited_38,645,1,target
synthetic,111,111,1,+,A,C,mismatch,edited_38,647,1,target
synthetic,101,104,1,+,A,C,mismatch,edited_39,646,1,target
synthetic,164,165,1,+,A,C,mismatch,edited_39,623,1,target
synthetic,182,186,1,+,A,C,mismatch,edited_40,630,1,target
synthetic,49,51,1,+,A,C,mismatch,edited_40,626,1,target
synthetic,64,64,1,+,A,C,mismatch,edited_41,629,1,target
synthetic,109,114,1,+,A,C,mismatch,edited_41,628,1,target
synthetic,158,158,1,+,A,C,mismatch,edited_42,630,1,target
synthetic,47,47,1,+,A,C,mismatch,edited_42,627,1,target
synthetic,111,116,1,+,A,C,mismatch,edited_43,637,1,target
synthetic,73,78,1,+,A,C,mismatch,edited_43,644,1,target
synthetic,121,124,1,+,A,C,mismatch,edited_44,635,1,target
synthetic,49,54,1,+,A,C,mismatch,edited_44,622,1,target
synthetic,189,190,1,+,A,C,mismatch,edited_45,648,1,target
synthetic,99,100,1,+,A,C,mismatch,edited_45,628,1,target
synthetic,129,131,1,+,A,C,mismatch,edited_46,620,1,target
synthetic,103,108,1,+,A,C,mismatch,edited_46,635,1,target
synthetic,104,109,1,+,A,C,mismatch,edited_47,628,1,target
synthetic,197,200,1,+,A,C,mismatch,edited_47,634,1,target
synthetic,64,64,1,+,A,C,mismatch,edited_48,650,1,target
synthetic,67,70,1,+,A,C,mismatch,edited_48,630,1,target
synthetic,140,142,1,+,A,C,mismatch,edited_49,643,1,target
synthetic,102,106,1,+,A,C,mismatch,edited_49,648,1,target
synthetic,83,86,1,+,A,C,mismatch,edited_50,633,1,target
synthetic,71,76,1,+,A,C,mismatch,edited_50,635,1,target
synthetic,161,163,1,+,A,C,mismatch,edited_51,647,1,target
synthetic,200,201,1,+,A,C,mismatch,edited_51,645,1,target
synthetic,82,82,1,+,A,C,mismatch,edited_52,636,1,target
synthetic,44,49,1,+,A,C,mismatch,edited_52,642,1,target
synthetic,161,162,1,+,A,C,mismatch,edited_53,637,1,target
synthetic,176,178,1,+,A,C,mismatch,edited_53,633,1,target
synthetic,96,97,1,+,A,C,mismatch,edited_54,643,1,target
synthetic,62,67,1,+,A,C,mismatch,edited_54,627,1,target
synthetic,199,199,1,+,A,C,mismatch,edited_55,637,1,target
synthetic,198,201,1,+,A,C,mismatch,edited_55,641,1,target
synthetic,140,141,1,+,A,C,mismatch,edited_56,630,1,target
synthetic,138,143,1,+,A,C,mismatch,edited_56,647,1,target
synthetic,116,116,1,+,A,C,mismatch,edited_57,642,1,target
synthetic,169,173,1,+,A,C,mismatch,edited_57,626,1,target
synthetic,148,151,1,+,A,C,mismatch,edited_58,646,1,target
synthetic,75,80,1,+,A,C,mismatch,edited_58,626,1,target
synthetic,101,106,1,+,A,C,mismatch,edited_59,647,1,target
synthetic,183,183,1,+,A,C,mismatch,edited_59,626,1,target
synthetic,79,82,1,+,A,C,mismatch,edited_60,648,1,target
synthetic,51,55,1,+,A,C,mismatch,edited_60,644,1,target
synthetic,60,61,1,+,A,C,mismatch,edited_61,634,1,target
synthetic,192,195,1,+,A,C,mismatch,edited_61,642,1,target
synthetic,66,67,1,+,A,C,mismatch,edited_62,622,1,target
synthetic,83,86,1,+,A,C,mismatch,edited_62,638,1,target
synthetic,171,176,1,+,A,C,mismatch,edited_63,628,1,target
synthetic,105,107,1,+,A,C,mismatch,edited_63,636,1,target
synthetic,143,144,1,+,A,C,mismatch,edited_64,632,1,target
synthetic,181,184,1,+,A,C,mismatch,edited_64,646,1,target
synthetic,163,164,1,+,A,C,mismatch,edited_65,642,1,target
synthetic,186,187,1,+,A,C,mismatch,edited_65,644,1,target
synthetic,179,181,1,+,A,C,mismatch,edited_66,633,1,target
synthetic,132,136,1,+,A,C,mismatch,edited_66,638,1,target
synthetic,104,109,1,+,A,C,mismatch,edited_67,635,1,target
synthetic,119,121,1,+,A,C,mismatch,edited_67,642,1,target
synthetic,137,138,1,+,A,C,mismatch,edited_68,646,1,target
synthetic,117,121,1,+,A,C,mismatch,edited_68,636,1,target
synthetic,198,198,1,+,A,C,mismatch,edited_69,633,1,target
synthetic,64,66,1,+,A,C,mismatch,edited_69,625,1,target
synthetic,188,190,1,+,A,C,mismatch,edited_70,641,1,target
synthetic,55,60,1,+,A,C,mismatch,edited_70,623,1,target
synthetic,85,85,1,+,A,C,mismatch,edited_71,622,1,target
synthetic,194,198,1,+,A,C,mismatch,edited_71,643,1,target
synthetic,162,164,1,+,A,C,mismatch,edited_72,621,1,target
synthetic,53,55,1,+,A,C,mismatch,edited_72,632,1,target
synthetic,85,85,1,+,A,C,mismatch,edited_73,629,1,target
synthetic,73,78,1,+,A,C,mismatch,edited_73,641,1,target
synthetic,111,112,1,+,A,C,mismatch,edited_74,633,1,target
synthetic,108,110,1,+,A,C,mismatch,edited_74,623,1,target
synthetic,110,111,1,+,A,C,mismatch,edited_75,647,1,target
synthetic,111,112,1,+,A,C,mismatch,edited_75,624,1,target
synthetic,106,110,1,+,A,C,mismatch,edited_76,624,1,target
synthetic,82,84,1,+,A,C,mismatch,edited_76,638,1,target
synthetic,107,108,1,+,A,C,mismatch,edited_77,635,1,target
synthetic,92,97,1,+,A,C,mismatch,edited_77,646,1,target
synthetic,85,86,1,+,A,C,mismatch,edited_78,638,1,target
synthetic,175,178,1,+,A,C,mismatch,edited_78,635,1,target
synthetic,104,108,1,+,A,C,mismatch,edited_79,644,1,target
synthetic,168,169,1,+,A,C,mismatch,edited_79,631,1,target
synthetic,119,123,1,+,A,C,mismatch,edited_80,621,1,target
synthetic,83,83,1,+,A,C,mismatch,edited_80,623,1,target
synthetic,98,100,1,+,A,C,mismatch,edited_81,646,1,target
synthetic,120,123,1,+,A,C,mismatch,edited_81,650,1,target
synthetic,100,101,1,+,A,C,mismatch,edited_82,648,1,target
synthetic,80,80,1,+,A,C,mismatch,edited_82,633,1,target
synthetic,88,88,1,+,A,C,mismatch,edited_83,623,1,target
synthetic,196,201,1,+,A,C,mismatch,edited_83,648,1,target
synthetic,133,134,1,+,A,C,mismatch,edited_84,641,1,target
synthetic,105,106,1,+,A,C,mismatch,edited_84,648,1,target
synthetic,90,91,1,+,A,C,mismatch,edited_85,649,1,target
synthetic,97,102,1,+,A,C,mismatch,edited_85,639,1,target
synthetic,156,156,1,+,A,C,mismatch,edited_86,635,1,target
synthetic,195,195,1,+,A,C,mismatch,edited_86,621,1,target
synthetic,103,104,1,+,A,C,mismatch,edited_87,632,1,target
synthetic,129,132,1,+,A,C,mismatch,edited_87,626,1,target
synthetic,169,169,1,+,A,C,mismatch,edited_88,640,1,target
synthetic,195,196,1,+,A,C,mismatch,edited_88,627,1,target
synthetic,183,186,1,+,A,C,mismatch,edited_89,620,1,target
synthetic,161,165,1,+,A,C,mismatch,edited_89,630,1,target
synthetic,185,190,1,+,A,C,mismatch,edited_90,636,1,target
synthetic,186,186,1,+,A,C,mismatch,edited_90,626,1,target
synthetic,105,110,1,+,A,C,mismatch,edited_91,632,1,target
synthetic,65,66,1,+,A,C,mismatch,edited_91,632,1,target
synthetic,197,197,1,+,A,C,mismatch,edited_92,634,1,target
synthetic,87,89,1,+,A,C,mismatch,edited_92,648,1,target
synthetic,122,122,1,+,A,C,mismatch,edited_93,638,1,target
synthetic,97,101,1,+,A,C,mismatch,edited_93,638,1,target
synthetic,137,137,1,+,A,C,mismatch,edited_94,644,1,target
synthetic,66,69,1,+,A,C,mismatch,edited_94,636,1,target
synthetic,169,172,1,+,A,C,mismatch,edited_95,642,1,target
synthetic,163,165,1,+,A,C,mismatch,edited_95,632,1,target
synthetic,123,126,1,+,A,C,mismatch,edited_96,638,1,target
synthetic,83,85,1,+,A,C,mismatch,edited_96,636,1,target
synthetic,139,140,1,+,A,C,mismatch,edited_97,630,1,target
synthetic,40,41,1,+,A,C,mismatch,edited_97,636,1,target
synthetic,187,188,1,+,A,C,mismatch,edited_98,628,1,target
synthetic,100,103,1,+,A,C,mismatch,edited_98,634,1,target
synthetic,171,171,1,+,A,C,mismatch,edited_99,635,1,target
synthetic,160,160,1,+,A,C,mismatch,edited_99,646,1,target
synthetic,87,89,1,+,A,C,mismatch,edited_100,634,1,target
synthetic,198,199,1,+,A,C,mismatch,edited_100,648,1,target
synthetic,60,60,1,+,A,C,mismatch,edited_101,648,1,target
synthetic,197,198,1,+,A,C,mismatch,edited_101,643,1,target
synthetic,73,73,1,+,A,C,mismatch,edited_102,645,1,target
synthetic,65,70,1,+,A,C,mismatch,edited_102,640,1,target
synthetic,186,190,1,+,A,C,mismatch,edited_103,623,1,target
synthetic,166,171,1,+,A,C,mismatch,edited_103,623,1,target
synthetic,82,87,1,+,A,C,mismatch,edited_104,639,1,target
synthetic,182,184,1,+,A,C,mismatch,edited_104,641,1,target
synthetic,141,143,1,+,A,C,mismatch,edited_105,623,1,target
synthetic,171,176,1,+,A,C,mismatch,edited_105,629,1,target
synthetic,119,119,1,+,A,C,mismatch,edited_106,629,1,target
synthetic,193,196,1,+,A,C,mismatch,edited_106,643,1,target
synthetic,97,99,1,+,A,C,mismatch,edited_107,641,1,target
synthetic,53,57,1,+,A,C,mismatch,edited_107,622,1,target
synthetic,130,135,1,+,A,C,mismatch,edited_108,631,1,target
synthetic,184,186,1,+,A,C,mismatch,edited_108,628,1,target
synthetic,124,128,1,+,A,C,mismatch,edited_109,645,1,target
synthetic,104,107,1,+,A,C,mismatch,edited_109,649,1,target
synthetic,168,171,1,+,A,C,mismatch,edited_110,639,1,target
synthetic,123,124,1,+,A,C,mismatch,edited_110,635,1,target
synthetic,87,92,1,+,A,C,mismatch,edited_111,647,1,target
synthetic,46,46,1,+,A,C,mismatch,edited_111,643,1,target
synthetic,42,42,1,+,A,C,mismatch,edited_112,638,1,target
synthetic,54,57,1,+,A,C,mismatch,edited_112,636,1,target
synthetic,170,174,1,+,A,C,mismatch,edited_113,623,1,target
synthetic,153,154,1,+,A,C,mismatch,edited_113,626,1,target
synthetic,41,41,1,+,A,C,mismatch,edited_114,639,1,target
synthetic,118,121,1,+,A,C,mismatch,edited_114,648,1,target
synthetic,70,70,1,+,A,C,mismatch,edited_115,644,1,target
synthetic,87,89,1,+,A,C,mismatch,edited_115,639,1,target
synthetic,64,67,1,+,A,C,mismatch,edited_116,638,1,target
synthetic,149,151,1,+,A,C,mismatch,edited_116,647,1,target
synthetic,134,137,1,+,A,C,mismatch,edited_117,638,1,target
synthetic,174,174,1,+,A,C,mismatch,edited_117,631,1,target
synthetic,91,94,1,+,A,C,mismatch,edited_118,625,1,target
synthetic,85,88,1,+,A,C,mismatch,edited_118,623,1,target
synthetic,152,157,1,+,A,C,mismatch,edited_119,640,1,target
synthetic,156,159,1,+,A,C,mismatch,edited_119,644,1,target
synthetic,130,132,1,+,A,C,mismatch,edited_120,645,1,target
synthetic,83,84,1,+,A,C,mismatch,edited_120,624,1,target
synthetic,73,74,1,+,A,C,mismatch,edited_121,640,1,target
synthetic,46,50,1,+,A,C,mismatch,edited_121,623,1,target
synthetic,132,134,1,+,A,C,mismatch,edited_122,628,1,target
synthetic,113,118,1,+,A,C,mismatch,edited_122,647,1,target
synthetic,168,171,1,+,A,C,mismatch,edited_123,645,1,target
synthetic,193,194,1,+,A,C,mismatch,edited_123,625,1,target
synthetic,191,196,1,+,A,C,mismatch,edited_124,620,1,target
synthetic,128,129,1,+,A,C,mismatch,edited_124,624,1,target
synthetic,197,199,1,+,A,C,mismatch,edited_125,647,1,target
synthetic,171,172,1,+,A,C,mismatch,edited_125,626,1,target
synthetic,147,150,1,+,A,C,mismatch,edited_126,647,1,target
synthetic,175,178,1,+,A,C,mismatch,edited_126,648,1,target
synthetic,45,46,1,+,A,C,mismatch,edited_127,629,1,target
synthetic,118,118,1,+,A,C,mismatch,edited_127,645,1,target
synthetic,70,74,1,+,A,C,mismatch,edited_128,634,1,target
synthetic,153,154,1,+,A,C,mismatch,edited_128,630,1,target
synthetic,111,111,1,+,A,C,mismatch,edited_129,642,1,target
synthetic,128,128,1,+,A,C,mismatch,edited_129,647,1,target
synthetic,69,69,1,+,A,C,mismatch,edited_130,628,1,target
synthetic,152,155,1,+,A,C,mismatch,edited_130,634,1,target
synthetic,65,69,1,+,A,C,mismatch,edited_131,647,1,target
synthetic,129,133,1,+,A,C,mismatch,edited_131,649,1,target
synthetic,116,116,1,+,A,C,mismatch,edited_132,645,1,target
synthetic,98,100,1,+,A,C,mismatch,edited_132,636,1,target
synthetic,65,66,1,+,A,C,mismatch,edited_133,640,1,target
synthetic,83,83,1,+,A,C,mismatch,edited_133,635,1,target
synthetic,94,96,1,+,A,C,mismatch,edited_134,634,1,target
synthetic,62,65,1,+,A,C,mismatch,edited_134,632,1,target
synthetic,53,55,1,+,A,C,mismatch,edited_135,647,1,target
synthetic,98,102,1,+,A,C,mismatch,edited_135,643,1,target
synthetic,144,144,1,+,A,C,mismatch,edited_136,631,1,target
synthetic,180,180,1,+,A,C,mismatch,edited_136,626,1,target
synthetic,64,69,1,+,A,C,mismatch,edited_137,629,1,target
synthetic,76,76,1,+,A,C,mismatch,edited_137,636,1,target
synthetic,49,51,1,+,A,C,mismatch,edited_138,647,1,target
synthetic,131,131,1,+,A,C,mismatch,edited_138,638,1,target
synthetic,176,179,1,+,A,C,mismatch,edited_139,631,1,target
synthetic,183,187,1,+,A,C,mismatch,edited_139,632,1,target
synthetic,40,40,1,+,A,C,mismatch,edited_140,646,1,target
synthetic,187,191,1,+,A,C,mismatch,edited_140,633,1,target
synthetic,152,152,1,+,A,C,mismatch,edited_141,629,1,target
synthetic,108,112,1,+,A,C,mismatch,edited_141,621,1,target
synthetic,197,199,1,+,A,C,mismatch,edited_142,626,1,target
synthetic,112,113,1,+,A,C,mismatch,edited_142,639,1,target
synthetic,161,162,1,+,A,C,mismatch,edited_143,648,1,target
synthetic,191,194,1,+,A,C,mismatch,edited_143,641,1,target
synthetic,174,177,1,+,A,C,mismatch,edited_144,644,1,target
synthetic,94,97,1,+,A,C,mismatch,edited_144,626,1,target
synthetic,61,64,1,+,A,C,mismatch,edited_145,633,1,target
synthetic,58,63,1,+,A,C,mismatch,edited_145,636,1,target
synthetic,111,111,1,+,A,C,mismatch,edited_146,622,1,target
synthetic,144,146,1,+,A,C,mismatch,edited_146,637,1,target
synthetic,135,136,1,+,A,C,mismatch,edited_147,634,1,target
synthetic,57,58,1,+,A,C,mismatch,edited_147,638,1,target
synthetic,151,151,1,+,A,C,mismatch,edited_148,639,1,target
synthetic,199,200,1,+,A,C,mismatch,edited_148,633,1,target
synthetic,59,61,1,+,A,C,mismatch,edited_149,638,1,target
synthetic,121,121,1,+,A,C,mismatch,edited_149,620,1,target
synthetic,47,52,1,+,A,C,mismatch,edited_150,630,1,target
synthetic,65,69,1,+,A,C,mismatch,edited_150,644,1,target
synthetic,52,54,1,+,A,C,mismatch,edited_151,623,1,target
synthetic,64,66,1,+,A,C,mismatch,edited_151,628,1,target
synthetic,136,139,1,+,A,C,mismatch,edited_152,621,1,target
synthetic,64,65,1,+,A,C,mismatch,edited_152,625,1,target
synthetic,179,182,1,+,A,C,mismatch,edited_153,633,1,target
synthetic,52,56,1,+,A,C,mismatch,edited_153,624,1,target
synthetic,74,78,1,+,A,C,mismatch,edited_154,642,1,target
synthetic,117,119,1,+,A,C,mismatch,edited_154,638,1,target
synthetic,173,177,1,+,A,C,mismatch,edited_155,631,1,target
synthetic,171,175,1,+,A,C,mismatch,edited_155,630,1,target
synthetic,145,145,1,+,A,C,mismatch,edited_156,625,1,target
synthetic,148,150,1,+,A,C,mismatch,edited_156,630,1,target
synthetic,111,111,1,+,A,C,mismatch,edited_157,641,1,target
synthetic,120,123,1,+,A,C,mismatch,edited_157,622,1,target
synthetic,186,187,1,+,A,C,mismatch,edited_158,639,1,target
synthetic,71,73,1,+,A,C,mismatch,edited_158,647,1,target
synthetic,137,141,1,+,A,C,mismatch,edited_159,648,1,target
synthetic,152,153,1,+,A,C,mismatch,edited_159,621,1,target
synthetic,89,94,1,+,A,C,mismatch,edited_160,624,1,target
synthetic,178,181,1,+,A,C,mismatch,edited_160,644,1,target
synthetic,92,97,1,+,A,C,mismatch,edited_161,647,1,target
synthetic,186,191,1,+,A,C,mismatch,edited_161,639,1,target
synthetic,90,91,1,+,A,C,mismatch,edited_162,621,1,target
synthetic,73,77,1,+,A,C,mismatch,edited_162,637,1,target
synthetic,163,165,1,+,A,C,mismatch,edited_163,633,1,target
synthetic,62,65,1,+,A,C,mismatch,edited_163,621,1,target
synthetic,66,70,1,+,A,C,mismatch,edited_164,643,1,target
synthetic,180,184,1,+,A,C,mismatch,edited_164,624,1,target
synthetic,164,164,1,+,A,C,mismatch,edited_165,627,1,target
synthetic,80,83,1,+,A,C,mismatch,edited_165,639,1,target
synthetic,64,69,1,+,A,C,mismatch,edited_166,628,1,target
synthetic,161,161,1,+,A,C,mismatch,edited_166,647,1,target
synthetic,192,192,1,+,A,C,mismatch,edited_167,650,1,target
synthetic,189,194,1,+,A,C,mismatch,edited_167,649,1,target
synthetic,188,191,1,+,A,C,mismatch,edited_168,622,1,target
synthetic,142,146,1,+,A,C,mismatch,edited_168,633,1,target
synthetic,135,140,1,+,A,C,mismatch,edited_169,636,1,target
synthetic,174,178,1,+,A,C,mismatch,edited_169,638,1,target
synthetic,105,109,1,+,A,C,mismatch,edited_170,642,1,target
synthetic,72,75,1,+,A,C,mismatch,edited_170,626,1,target
synthetic,76,76,1,+,A,C,mismatch,edited_171,624,1,target
synthetic,129,130,1,+,A,C,mismatch,edited_171,625,1,target
synthetic,96,97,1,+,A,C,mismatch,edited_172,647,1,target
synthetic,155,157,1,+,A,C,mismatch,edited_172,649,1,target
synthetic,93,96,1,+,A,C,mismatch,edited_173,638,1,target
synthetic,139,140,1,+,A,C,mismatch,edited_173,638,1,target
synthetic,143,145,1,+,A,C,mismatch,edited_174,639,1,target
synthetic,200,203,1,+,A,C,mismatch,edited_174,645,1,target
synthetic,118,119,1,+,A,C,mismatch,edited_175,645,1,target
synthetic,149,154,1,+,A,C,mismatch,edited_175,634,1,target
synthetic,52,55,1,+,A,C,mismatch,edited_176,634,1,target
synthetic,115,115,1,+,A,C,mismatch,edited_176,642,1,target
synthetic,85,87,1,+,A,C,mismatch,edited_177,630,1,target
synthetic,68,68,1,+,A,C,mismatch,edited_177,638,1,target
synthetic,187,191,1,+,A,C,mismatch,edited_178,627,1,target
synthetic,90,95,1,+,A,C,mismatch,edited_178,628,1,target
synthetic,148,152,1,+,A,C,mismatch,edited_179,648,1,target
synthetic,92,93,1,+,A,C,mismatch,edited_179,647,1,target
synthetic,116,117,1,+,A,C,mismatch,edited_180,642,1,target
synthetic,183,184,1,+,A,C,mismatch,edited_180,622,1,target
synthetic,90,93,1,+,A,C,mismatch,edited_181,629,1,target
synthetic,107,107,1,+,A,C,mismatch,edited_181,636,1,target
synthetic,175,178,1,+,A,C,mismatch,edited_182,622,1,target
synthetic,69,71,1,+,A,C,mismatch,edited_182,634,1,target
synthetic,153,156,1,+,A,C,mismatch,edited_183,638,1,target
synthetic,117,120,1,+,A,C,mismatch,edited_183,622,1,target
synthetic,168,171,1,+,A,C,mismatch,edited_184,633,1,target
synthetic,135,137,1,+,A,C,mismatch,edited_184,633,1,target
synthetic,199,200,1,+,A,C,mismatch,edited_185,627,1,target
synthetic,83,87,1,+,A,C,mismatch,edited_185,627,1,target
synthetic,63,68,1,+,A,C,mismatch,edited_186,645,1,target
synthetic,166,167,1,+,A,C,mismatch,edited_186,634,1,target
synthetic,135,139,1,+,A,C,mismatch,edited_187,639,1,target
synthetic,140,140,1,+,A,C,mismatch,edited_187,639,1,target
synthetic,104,105,1,+,A,C,mismatch,edited_188,646,1,target
synthetic,53,53,1,+,A,C,mismatch,edited_188,626,1,target
synthetic,71,72,1,+,A,C,mismatch,edited_189,640,1,target
synthetic,83,87,1,+,A,C,mismatch,edited_189,627,1,target
synthetic,47,49,1,+,A,C,mismatch,edited_190,643,1,target
synthetic,174,177,1,+,A,C,mismatch,edited_190,630,1,target
synthetic,106,108,1,+,A,C,mismatch,edited_191,630,1,target
synthetic,55,60,1,+,A,C,mismatch,edited_191,641,1,target
synthetic,177,179,1,+,A,C,mismatch,edited_192,640,1,target
synthetic,152,156,1,+,A,C,mismatch,edited_192,620,1,target
synthetic,149,149,1,+,A,C,mismatch,edited_193,648,1,target
synthetic,148,149,1,+,A,C,mismatch,edited_193,628,1,target
synthetic,147,148,1,+,A,C,mismatch,edited_194,622,1,target
synthetic,191,193,1,+,A,C,mismatch,edited_194,634,1,target
synthetic,104,104,1,+,A,C,mismatch,edited_195,642,1,target
synthetic,184,187,1,+,A,C,mismatch,edited_195,631,1,target
synthetic,107,108,1,+,A,C,mismatch,edited_196,629,1,target
synthetic,180,182,1,+,A,C,mismatch,edited_196,629,1,target
synthetic,86,89,1,+,A,C,mismatch,edited_197,636,1,target
synthetic,76,76,1,+,A,C,mismatch,edited_197,627,1,target
synthetic,93,96,1,+,A,C,mismatch,edited_198,633,1,target
synthetic,148,149,1,+,A,C,mismatch,edited_198,647,1,target
synthetic,174,178,1,+,A,C,mismatch,edited_199,643,1,target
synthetic,122,123,1,+,A,C,mismatch,edited_199,647,1,target
synthetic,167,172,1,+,A,C,mismatch,edited_200,632,1,target
synthetic,59,60,1,+,A,C,mismatch,edited_200,626,1,target
synthetic,138,143,1,+,A,C,mismatch,edited_201,621,1,target
synthetic,124,125,1,+,A,C,mismatch,edited_201,644,1,target
synthetic,54,59,1,+,A,C,mismatch,edited_202,633,1,target
synthetic,55,59,1,+,A,C,mismatch,edited_202,631,1,target
synthetic,57,60,1,+,A,C,mismatch,edited_203,622,1,target
synthetic,165,170,1,+,A,C,mismatch,edited_203,648,1,target
synthetic,50,50,1,+,A,C,mismatch,edited_204,629,1,target
synthetic,65,67,1,+,A,C,mismatch,edited_204,625,1,target
synthetic,133,135,1,+,A,C,mismatch,edited_205,629,1,target
synthetic,168,171,1,+,A,C,mismatch,edited_205,641,1,target
synthetic,115,120,1,+,A,C,mismatch,edited_206,649,1,target
synthetic,42,46,1,+,A,C,mismatch,edited_206,623,1,target
synthetic,172,172,1,+,A,C,mismatch,edited_207,637,1,target
synthetic,64,66,1,+,A,C,mismatch,edited_207,629,1,target
synthetic,98,98,1,+,A,C,mismatch,edited_208,647,1,target
synthetic,72,75,1,+,A,C,mismatch,edited_208,636,1,target
synthetic,106,111,1,+,A,C,mismatch,edited_209,643,1,target
synthetic,144,146,1,+,A,C,mismatch,edited_209,627,1,target
synthetic,83,85,1,+,A,C,mismatch,edited_210,625,1,target
synthetic,170,175,1,+,A,C,mismatch,edited_210,640,1,target
synthetic,54,58,1,+,A,C,mismatch,edited_211,627,1,target
synthetic,147,151,1,+,A,C,mismatch,edited_211,648,1,target
synthetic,107,111,1,+,A,C,mismatch,edited_212,648,1,target
synthetic,104,109,1,+,A,C,mismatch,edited_212,632,1,target
synthetic,118,118,1,+,A,C,mismatch,edited_213,648,1,target
synthetic,56,61,1,+,A,C,mismatch,edited_213,632,1,target
synthetic,58,60,1,+,A,C,mismatch,edited_214,634,1,target
synthetic,199,201,1,+,A,C,mismatch,edited_214,622,1,target
synthetic,164,164,1,+,A,C,mismatch,edited_215,648,1,target
synthetic,119,120,1,+,A,C,mismatch,edited_215,629,1,target
synthetic,120,124,1,+,A,C,mismatch,edited_216,650,1,target
synthetic,70,71,1,+,A,C,mismatch,edited_216,634,1,target
synthetic,104,109,1,+,A,C,mismatch,edited_217,648,1,target
synthetic,136,136,1,+,A,C,mismatch,edited_217,628,1,target
synthetic,102,104,1,+,A,C,mismatch,edited_218,626,1,target
synthetic,172,174,1,+,A,C,mismatch,edited_218,628,1,target
synthetic,112,115,1,+,A,C,mismatch,edited_219,644,1,target
synthetic,131,136,1,+,A,C,mismatch,edited_219,621,1,target
synthetic,90,93,1,+,A,C,mismatch,edited_220,640,1,target
synthetic,195,198,1,+,A,C,mismatch,edited_220,648,1,target
synthetic,70,72,1,+,A,C,mismatch,edited_221,640,1,target
synthetic,78,81,1,+,A,C,mismatch,edited_221,644,1,target
synthetic,134,135,1,+,A,C,mismatch,edited_222,637,1,target
synthetic,67,70,1,+,A,C,mismatch,edited_222,636,1,target
synthetic,169,170,1,+,A,C,mismatch,edited_223,625,1,target
synthetic,165,170,1,+,A,C,mismatch,edited_223,624,1,target
synthetic,131,136,1,+,A,C,mismatch,edited_224,625,1,target
synthetic,69,73,1,+,A,C,mismatch,edited_224,626,1,target
synthetic,156,160,1,+,A,C,mismatch,edited_225,650,1,target
synthetic,122,123,1,+,A,C,mismatch,edited_225,631,1,target
synthetic,57,61,1,+,A,C,mismatch,edited_226,636,1,target
synthetic,54,56,1,+,A,C,mismatch,edited_226,633,1,target
synthetic,116,117,1,+,A,C,mismatch,edited_227,643,1,target
synthetic,155,158,1,+,A,C,mismatch,edited_227,621,1,target
synthetic,191,194,1,+,A,C,mismatch,edited_228,649,1,target
synthetic,84,88,1,+,A,C,mismatch,edited_228,622,1,target
synthetic,146,147,1,+,A,C,mismatch,edited_229,645,1,target
synthetic,192,194,1,+,A,C,mismatch,edited_229,639,1,target
synthetic,112,117,1,+,A,C,mismatch,edited_230,636,1,target
synthetic,155,156,1,+,A,C,mismatch,edited_230,650,1,target
synthetic,53,56,1,+,A,C,mismatch,edited_231,633,1,target
synthetic,190,194,1,+,A,C,mismatch,edited_231,637,1,target
synthetic,191,194,1,+,A,C,mismatch,edited_232,622,1,target
synthetic,147,151,1,+,A,C,mismatch,edited_232,624,1,target
synthetic,105,107,1,+,A,C,mismatch,edited_233,632,1,target
synthetic,101,104,1,+,A,C,mismatch,edited_233,648,1,target
synthetic,74,74,1,+,A,C,mismatch,edited_234,625,1,target
synthetic,41,45,1,+,A,C,mismatch,edited_234,649,1,target
synthetic,100,102,1,+,A,C,mismatch,edited_235,633,1,target
synthetic,105,108,1,+,A,C,mismatch,edited_235,630,1,target
synthetic,102,105,1,+,A,C,mismatch,edited_236,644,1,target
synthetic,75,79,1,+,A,C,mismatch,edited_236,632,1,target
synthetic,87,88,1,+,A,C,mismatch,edited_237,637,1,target
synthetic,158,162,1,+,A,C,mismatch,edited_237,628,1,target
synthetic,115,116,1,+,A,C,mismatch,edited_238,634,1,target
synthetic,175,175,1,+,A,C,mismatch,edited_238,639,1,target
synthetic,114,115,1,+,A,C,mismatch,edited_239,648,1,target
synthetic,61,65,1,+,A,C,mismatch,edited_239,646,1,target
synthetic,103,104,1,+,A,C,mismatch,edited_240,623,1,target
synthetic,74,77,1,+,A,C,mismatch,edited_240,621,1,target
synthetic,175,178,1,+,A,C,mismatch,edited_241,636,1,target
synthetic,110,114,1,+,A,C,mismatch,edited_241,630,1,target
synthetic,45,45,1,+,A,C,mismatch,edited_242,633,1,target
synthetic,132,136,1,+,A,C,mismatch,edited_242,647,1,target
synthetic,67,71,1,+,A,C,mismatch,edited_243,635,1,target
synthetic,183,185,1,+,A,C,mismatch,edited_243,632,1,target
synthetic,54,56,1,+,A,C,mismatch,edited_244,626,1,target
synthetic,193,197,1,+,A,C,mismatch,edited_244,623,1,target
synthetic,198,201,1,+,A,C,mismatch,edited_245,628,1,target
synthetic,145,150,1,+,A,C,mismatch,edited_245,633,1,target
synthetic,61,66,1,+,A,C,mismatch,edited_246,632,1,target
synthetic,132,133,1,+,A,C,mismatch,edited_246,640,1,target
synthetic,161,161,1,+,A,C,mismatch,edited_247,642,1,target
synthetic,68,69,1,+,A,C,mismatch,edited_247,624,1,target
synthetic,146,151,1,+,A,C,mismatch,edited_248,648,1,target
synthetic,187,192,1,+,A,C,mismatch,edited_248,643,1,target
synthetic,89,89,1,+,A,C,mismatch,edited_249,638,1,target
synthetic,61,65,1,+,A,C,mismatch,edited_249,640,1,target
synthetic,145,150,1,+,A,C,mismatch,edited_250,629,1,target
synthetic,84,87,1,+,A,C,mismatch,edited_250,623,1,target
synthetic,167,167,1,+,A,C,mismatch,edited_251,644,1,target
synthetic,65,69,1,+,A,C,mismatch,edited_251,639,1,target
synthetic,81,82,1,+,A,C,mismatch,edited_252,635,1,target
synthetic,112,115,1,+,A,C,mismatch,edited_252,628,1,target
synthetic,140,145,1,+,A,C,mismatch,edited_253,643,1,target
synthetic,180,182,1,+,A,C,mismatch,edited_253,641,1,target
synthetic,75,80,1,+,A,C,mismatch,edited_254,641,1,target
synthetic,185,187,1,+,A,C,mismatch,edited_254,630,1,target
synthetic,146,146,1,+,A,C,mismatch,edited_255,628,1,target
synthetic,172,176,1,+,A,C,mismatch,edited_255,625,1,target
synthetic,92,93,1,+,A,C,mismatch,edited_256,640,1,target
synthetic,84,88,1,+,A,C,mismatch,edited_256,647,1,target
synthetic,47,52,1,+,A,C,mismatch,edited_257,641,1,target
synthetic,67,68,1,+,A,C,mismatch,edited_257,632,1,target
synthetic,76,81,1,+,A,C,mismatch,edited_258,636,1,target
synthetic,195,195,1,+,A,C,mismatch,edited_258,628,1,target
synthetic,154,156,1,+,A,C,mismatch,edited_259,648,1,target
synthetic,194,194,1,+,A,C,mismatch,edited_259,645,1,target
synthetic,174,177,1,+,A,C,mismatch,edited_260,631,1,target
synthetic,57,58,1,+,A,C,mismatch,edited_260,643,1,target
synthetic,94,97,1,+,A,C,mismatch,edited_261,633,1,target
synthetic,116,119,1,+,A,C,mismatch,edited_261,642,1,target
synthetic,190,191,1,+,A,C,mismatch,edited_262,625,1,target
synthetic,190,191,1,+,A,C,mismatch,edited_262,635,1,target
synthetic,85,87,1,+,A,C,mismatch,edited_263,629,1,target
synthetic,198,201,1,+,A,C,mismatch,edited_263,626,1,target
synthetic,97,100,1,+,A,C,mismatch,edited_264,642,1,target
synthetic,167,167,1,+,A,C,mismatch,edited_264,647,1,target
synthetic,63,65,1,+,A,C,mismatch,edited_265,623,1,target
synthetic,65,66,1,+,A,C,mismatch,edited_265,646,1,target
synthetic,65,67,1,+,A,C,mismatch,edited_266,631,1,target
synthetic,75,80,1,+,A,C,mismatch,edited_266,628,1,target
synthetic,156,159,1,+,A,C,mismatch,edited_267,620,1,target
synthetic,172,173,1,+,A,C,mismatch,edited_267,641,1,target
synthetic,125,127,1,+,A,C,mismatch,edited_268,629,1,target
synthetic,58,63,1,+,A,C,mismatch,edited_268,621,1,target
synthetic,173,178,1,+,A,C,mismatch,edited_269,647,1,target
synthetic,86,91,1,+,A,C,mismatch,edited_269,624,1,target
synthetic,70,70,1,+,A,C,mismatch,edited_270,641,1,target
synthetic,60,65,1,+,A,C,mismatch,edited_270,648,1,target
synthetic,139,139,1,+,A,C,mismatch,edited_271,624,1,target
synthetic,44,46,1,+,A,C,mismatch,edited_271,644,1,target
synthetic,92,92,1,+,A,C,mismatch,edited_272,645,1,target
synthetic,175,175,1,+,A,C,mismatch,edited_272,632,1,target
synthetic,69,73,1,+,A,C,mismatch,edited_273,627,1,target
synthetic,91,93,1,+,A,C,mismatch,edited_273,637,1,target
synthetic,115,118,1,+,A,C,mismatch,edited_274,642,1,target
synthetic,64,66,1,+,A,C,mismatch,edited_274,633,1,target
synthetic,47,47,1,+,A,C,mismatch,edited_275,639,1,target
synthetic,168,169,1,+,A,C,mismatch,edited_275,622,1,target
synthetic,129,133,1,+,A,C,mismatch,edited_276,641,1,target
synthetic,176,179,1,+,A,C,mismatch,edited_276,647,1,target
synthetic,165,169,1,+,A,C,mismatch,edited_277,643,1,target
synthetic,54,54,1,+,A,C,mismatch,edited_277,637,1,target
synthetic,179,184,1,+,A,C,mismatch,edited_278,628,1,target
synthetic,102,105,1,+,A,C,mismatch,edited_278,626,1,target
synthetic,104,106,1,+,A,C,mismatch,edited_279,633,1,target
synthetic,174,179,1,+,A,C,mismatch,edited_279,624,1,target
synthetic,92,94,1,+,A,C,mismatch,edited_280,636,1,target
synthetic,123,127,1,+,A,C,mismatch,edited_280,623,1,target
synthetic,200,202,1,+,A,C,mismatch,edited_281,639,1,target
synthetic,177,178,1,+,A,C,mismatch,edited_281,634,1,target
synthetic,98,101,1,+,A,C,mismatch,edited_282,643,1,target
synthetic,96,97,1,+,A,C,mismatch,edited_282,648,1,target
synthetic,125,127,1,+,A,C,mismatch,edited_283,634,1,target
synthetic,40,42,1,+,A,C,mismatch,edited_283,646,1,target
synthetic,105,106,1,+,A,C,mismatch,edited_284,639,1,target
synthetic,125,129,1,+,A,C,mismatch,edited_284,631,1,target
synthetic,155,157,1,+,A,C,mismatch,edited_285,647,1,target
synthetic,59,62,1,+,A,C,mismatch,edited_285,634,1,target
synthetic,116,116,1,+,A,C,mismatch,edited_286,645,1,target
synthetic,74,75,1,+,A,C,mismatch,edited_286,647,1,target
synthetic,47,51,1,+,A,C,mismatch,edited_287,639,1,target
synthetic,70,75,1,+,A,C,mismatch,edited_287,638,1,target
synthetic,183,183,1,+,A,C,mismatch,edited_288,642,1,target
synthetic,55,55,1,+,A,C,mismatch,edited_288,648,1,target
synthetic,44,45,1,+,A,C,mismatch,edited_289,640,1,target
synthetic,182,182,1,+,A,C,mismatch,edited_289,624,1,target
synthetic,86,87,1,+,A,C,mismatch,edited_290,623,1,target
synthetic,106,111,1,+,A,C,mismatch,edited_290,643,1,target
synthetic,131,131,1,+,A,C,mismatch,edited_291,627,1,target
synthetic,126,131,1,+,A,C,mismatch,edited_291,643,1,target
synthetic,66,70,1,+,A,C,mismatch,edited_292,642,1,target
synthetic,85,87,1,+,A,C,mismatch,edited_292,624,1,target
synthetic,154,154,1,+,A,C,mismatch,edited_293,622,1,target
synthetic,130,131,1,+,A,C,mismatch,edited_293,628,1,target
synthetic,65,69,1,+,A,C,mismatch,edited_294,635,1,target
synthetic,45,48,1,+,A,C,mismatch,edited_294,639,1,target
synthetic,59,61,1,+,A,C,mismatch,edited_295,637,1,target
synthetic,196,201,1,+,A,C,mismatch,edited_295,650,1,target
synthetic,148,151,1,+,A,C,mismatch,edited_296,637,1,target
synthetic,172,172,1,+,A,C,mismatch,edited_296,626,1,target
synthetic,127,130,1,+,A,C,mismatch,edited_297,633,1,target
synthetic,85,89,1,+,A,C,mismatch,edited_297,623,1,target
synthetic,109,111,1,+,A,C,mismatch,edited_298,622,1,target
synthetic,140,141,1,+,A,C,mismatch,edited_298,629,1,target
synthetic,163,165,1,+,A,C,mismatch,edited_299,635,1,target
synthetic,127,132,1,+,A,C,mismatch,edited_299,625,1,target
synthetic,74,76,1,+,A,C,mismatch,edited_300,634,1,target
synthetic,52,53,1,+,A,C,mismatch,edited_300,633,1,target
synthetic,52,57,1,+,A,C,mismatch,edited_301,648,1,target
synthetic,146,146,1,+,A,C,mismatch,edited_301,623,1,target
synthetic,187,189,1,+,A,C,mismatch,edited_302,629,1,target
synthetic,77,82,1,+,A,C,mismatch,edited_302,643,1,target
synthetic,134,139,1,+,A,C,mismatch,edited_303,649,1,target
synthetic,75,79,1,+,A,C,mismatch,edited_303,625,1,target
synthetic,70,70,1,+,A,C,mismatch,edited_304,627,1,target
synthetic,129,129,1,+,A,C,mismatch,edited_304,631,1,target
synthetic,112,115,1,+,A,C,mismatch,edited_305,633,1,target
synthetic,127,127,1,+,A,C,mismatch,edited_305,645,1,target
synthetic,59,61,1,+,A,C,mismatch,edited_306,635,1,target
synthetic,105,109,1,+,A,C,mismatch,edited_306,645,1,target
synthetic,176,181,1,+,A,C,mismatch,edited_307,630,1,target
synthetic,191,193,1,+,A,C,mismatch,edited_307,640,1,target
synthetic,40,45,1,+,A,C,mismatch,edited_308,632,1,target
synthetic,77,81,1,+,A,C,mismatch,edited_308,649,1,target
synthetic,81,81,1,+,A,C,mismatch,edited_309,630,1,target
synthetic,116,119,1,+,A,C,mismatch,edited_309,643,1,target
synthetic,56,57,1,+,A,C,mismatch,edited_310,644,1,target
synthetic,149,151,1,+,A,C,mismatch,edited_310,638,1,target
synthetic,187,192,1,+,A,C,mismatch,edited_311,648,1,target
synthetic,178,180,1,+,A,C,mismatch,edited_311,623,1,target
synthetic,178,180,1,+,A,C,mismatch,edited_312,621,1,target
synthetic,56,61,1,+,A,C,mismatch,edited_312,632,1,target
synthetic,117,119,1,+,A,C,mismatch,edited_313,634,1,target
synthetic,51,54,1,+,A,C,mismatch,edited_313,637,1,target
synthetic,129,134,1,+,A,C,mismatch,edited_314,648,1,target
synthetic,152,153,1,+,A,C,mismatch,edited_314,645,1,target
synthetic,179,182,1,+,A,C,mismatch,edited_315,630,1,target
synthetic,121,126,1,+,A,C,mismatch,edited_315,639,1,target
synthetic,102,105,1,+,A,C,mismatch,edited_316,622,1,target
synthetic,150,155,1,+,A,C,mismatch,edited_316,645,1,target
synthetic,41,45,1,+,A,C,mismatch,edited_317,624,1,target
synthetic,144,148,1,+,A,C,mismatch,edited_317,647,1,target
synthetic,161,165,1,+,A,C,mismatch,edited_318,648,1,target
synthetic,47,47,1,+,A,C,mismatch,edited_318,650,1,target
synthetic,174,178,1,+,A,C,mismatch,edited_319,633,1,target
synthetic,109,110,1,+,A,C,mismatch,edited_319,638,1,target
synthetic,48,52,1,+,A,C,mismatch,edited_320,646,1,target
synthetic,120,124,1,+,A,C,mismatch,edited_320,621,1,target
synthetic,161,163,1,+,A,C,mismatch,edited_321,633,1,target
synthetic,188,188,1,+,A,C,mismatch,edited_321,647,1,target
synthetic,62,65,1,+,A,C,mismatch,edited_322,647,1,target
synthetic,178,181,1,+,A,C,mismatch,edited_322,627,1,target
synthetic,125,125,1,+,A,C,mismatch,edited_323,623,1,target
synthetic,182,187,1,+,A,C,mismatch,edited_323,643,1,target
synthetic,94,95,1,+,A,C,mismatch,edited_324,637,1,target
synthetic,198,201,1,+,A,C,mismatch,edited_324,631,1,target
synthetic,182,184,1,+,A,C,mismatch,edited_325,626,1,target
synthetic,83,84,1,+,A,C,mismatch,edited_325,630,1,target
synthetic,80,82,1,+,A,C,mismatch,edited_326,645,1,target
synthetic,71,72,1,+,A,C,mismatch,edited_326,646,1,target
synthetic,123,125,1,+,A,C,mismatch,edited_327,634,1,target
synthetic,191,196,1,+,A,C,mismatch,edited_327,624,1,target
synthetic,88,89,1,+,A,C,mismatch,edited_328,642,1,target
synthetic,193,195,1,+,A,C,mismatch,edited_328,629,1,target
synthetic,100,104,1,+,A,C,mismatch,edited_329,646,1,target
synthetic,112,115,1,+,A,C,mismatch,edited_329,650,1,target
synthetic,42,44,1,+,A,C,mismatch,edited_330,626,1,target
synthetic,93,94,1,+,A,C,mismatch,edited_330,624,1,target
synthetic,190,195,1,+,A,C,mismatch,edited_331,633,1,target
synthetic,53,58,1,+,A,C,mismatch,edited_331,629,1,target
synthetic,150,150,1,+,A,C,mismatch,edited_332,630,1,target
synthetic,71,75,1,+,A,C,mismatch,edited_332,645,1,target
synthetic,51,55,1,+,A,C,mismatch,edited_333,631,1,target
synthetic,111,111,1,+,A,C,mismatch,edited_333,631,1,target
synthetic,101,102,1,+,A,C,mismatch,edited_334,628,1,target
synthetic,88,89,1,+,A,C,mismatch,edited_334,622,1,target
synthetic,172,177,1,+,A,C,mismatch,edited_335,639,1,target
synthetic,104,109,1,+,A,C,mismatch,edited_335,635,1,target
synthetic,44,46,1,+,A,C,mismatch,edited_336,630,1,target
synthetic,50,51,1,+,A,C,mismatch,edited_336,620,1,target
synthetic,183,183,1,+,A,C,mismatch,edited_337,646,1,target
synthetic,123,127,1,+,A,C,mismatch,edited_337,631,1,target
synthetic,86,91,1,+,A,C,mismatch,edited_338,625,1,target
synthetic,56,60,1,+,A,C,mismatch,edited_338,641,1,target
synthetic,124,129,1,+,A,C,mismatch,edited_339,623,1,target
synthetic,145,147,1,+,A,C,mismatch,edited_339,643,1,target
synthetic,134,135,1,+,A,C,mismatch,edited_340,620,1,target
synthetic,110,115,1,+,A,C,mismatch,edited_340,641,1,target
synthetic,167,171,1,+,A,C,mismatch,edited_341,635,1,target
synthetic,193,193,1,+,A,C,mismatch,edited_341,645,1,target
synthetic,181,185,1,+,A,C,mismatch,edited_342,629,1,target
synthetic,124,125,1,+,A,C,mismatch,edited_342,635,1,target
synthetic,41,43,1,+,A,C,mismatch,edited_343,621,1,target
synthetic,158,161,1,+,A,C,mismatch,edited_343,650,1,target
synthetic,77,79,1,+,A,C,mismatch,edited_344,628,1,target
synthetic,162,167,1,+,A,C,mismatch,edited_344,642,1,target
synthetic,88,88,1,+,A,C,mismatch,edited_345,635,1,target
synthetic,198,199,1,+,A,C,mismatch,edited_345,622,1,target
synthetic,99,104,1,+,A,C,mismatch,edited_346,636,1,target
synthetic,165,168,1,+,A,C,mismatch,edited_346,648,1,target
synthetic,79,81,1,+,A,C,mismatch,edited_347,644,1,target
synthetic,163,164,1,+,A,C,mismatch,edited_347,646,1,target
synthetic,50,54,1,+,A,C,mismatch,edited_348,627,1,target
synthetic,156,158,1,+,A,C,mismatch,edited_348,621,1,target
synthetic,185,185,1,+,A,C,mismatch,edited_349,647,1,target
synthetic,63,65,1,+,A,C,mismatch,edited_349,637,1,target
synthetic,118,120,1,+,A,C,mismatch,edited_350,636,1,target
synthetic,124,126,1,+,A,C,mismatch,edited_350,624,1,target
synthetic,121,125,1,+,A,C,mismatch,edited_351,630,1,target
synthetic,189,194,1,+,A,C,mismatch,edited_351,647,1,target
synthetic,140,141,1,+,A,C,mismatch,edited_352,634,1,target
synthetic,49,51,1,+,A,C,mismatch,edited_352,629,1,target
synthetic,189,193,1,+,A,C,mismatch,edited_353,625,1,target
synthetic,112,112,1,+,A,C,mismatch,edited_353,639,1,target
synthetic,79,81,1,+,A,C,mismatch,edited_354,637,1,target
synthetic,88,93,1,+,A,C,mismatch,edited_354,642,1,target
synthetic,151,153,1,+,A,C,mismatch,edited_355,646,1,target
synthetic,43,48,1,+,A,C,mismatch,edited_355,647,1,target
synthetic,48,50,1,+,A,C,mismatch,edited_356,639,1,target
synthetic,108,110,1,+,A,C,mismatch,edited_356,631,1,target
synthetic,137,139,1,+,A,C,mismatch,edited_357,632,1,target
synthetic,130,132,1,+,A,C,mismatch,edited_357,636,1,target
synthetic,124,127,1,+,A,C,mismatch,edited_358,624,1,target
synthetic,177,181,1,+,A,C,mismatch,edited_358,634,1,target
synthetic,181,185,1,+,A,C,mismatch,edited_359,635,1,target
synthetic,151,152,1,+,A,C,mismatch,edited_359,630,1,target
synthetic,188,193,1,+,A,C,mismatch,edited_360,630,1,target
synthetic,130,132,1,+,A,C,mismatch,edited_360,621,1,target
synthetic,72,74,1,+,A,C,mismatch,edited_361,645,1,target
synthetic,160,160,1,+,A,C,mismatch,edited_361,621,1,target
synthetic,66,71,1,+,A,C,mismatch,edited_362,638,1,target
synthetic,124,124,1,+,A,C,mismatch,edited_362,632,1,target
synthetic,99,104,1,+,A,C,mismatch,edited_363,631,1,target
synthetic,74,74,1,+,A,C,mismatch,edited_363,639,1,target
synthetic,82,84,1,+,A,C,mismatch,edited_364,621,1,target
synthetic,76,77,1,+,A,C,mismatch,edited_364,630,1,target
synthetic,166,166,1,+,A,C,mismatch,edited_365,634,1,target
synthetic,50,51,1,+,A,C,mismatch,edited_365,637,1,target
synthetic,58,62,1,+,A,C,mismatch,edited_366,628,1,target
synthetic,122,125,1,+,A,C,mismatch,edited_366,647,1,target
synthetic,54,57,1,+,A,C,mismatch,edited_367,637,1,target
synthetic,200,203,1,+,A,C,mismatch,edited_367,647,1,target
synthetic,118,122,1,+,A,C,mismatch,edited_368,649,1,target
synthetic,181,183,1,+,A,C,mismatch,edited_368,649,1,target
synthetic,122,126,1,+,A,C,mismatch,edited_369,621,1,target
synthetic,64,68,1,+,A,C,mismatch,edited_369,628,1,target
synthetic,133,133,1,+,A,C,mismatch,edited_370,625,1,target
synthetic,102,107,1,+,A,C,mismatch,edited_370,635,1,target
synthetic,198,201,1,+,A,C,mismatch,edited_371,625,1,target
synthetic,175,177,1,+,A,C,mismatch,edited_371,635,1,target
synthetic,127,131,1,+,A,C,mismatch,edited_372,626,1,target
synthetic,94,94,1,+,A,C,mismatch,edited_372,625,1,target
synthetic,176,179,1,+,A,C,mismatch,edited_373,631,1,target
synthetic,134,139,1,+,A,C,mismatch,edited_373,649,1,target
synthetic,53,57,1,+,A,C,mismatch,edited_374,622,1,target
synthetic,190,192,1,+,A,C,mismatch,edited_374,633,1,target
synthetic,100,101,1,+,A,C,mismatch,edited_375,627,1,target
synthetic,40,41,1,+,A,C,mismatch,edited_375,631,1,target
synthetic,92,93,1,+,A,C,mismatch,edited_376,642,1,target
synthetic,158,158,1,+,A,C,mismatch,edited_376,627,1,target
synthetic,111,115,1,+,A,C,mismatch,edited_377,625,1,target
synthetic,144,147,1,+,A,C,mismatch,edited_377,644,1,target
synthetic,134,134,1,+,A,C,mismatch,edited_378,631,1,target
synthetic,111,116,1,+,A,C,mismatch,edited_378,627,1,target
synthetic,81,84,1,+,A,C,mismatch,edited_379,624,1,target
synthetic,102,103,1,+,A,C,mismatch,edited_379,625,1,target
synthetic,182,187,1,+,A,C,mismatch,edited_380,637,1,target
synthetic,197,198,1,+,A,C,mismatch,edited_380,639,1,target
synthetic,148,153,1,+,A,C,mismatch,edited_381,629,1,target
synthetic,101,105,1,+,A,C,mismatch,edited_381,626,1,target
synthetic,190,191,1,+,A,C,mismatch,edited_382,636,1,target
synthetic,120,121,1,+,A,C,mismatch,edited_382,636,1,target
synthetic,89,91,1,+,A,C,mismatch,edited_383,633,1,target
synthetic,60,60,1,+,A,C,mismatch,edited_383,624,1,target
synthetic,85,85,1,+,A,C,mismatch,edited_384,620,1,target
synthetic,193,194,1,+,A,C,mismatch,edited_384,646,1,target
synthetic,134,135,1,+,A,C,mismatch,edited_385,621,1,target
synthetic,58,58,1,+,A,C,mismatch,edited_385,648,1,target
synthetic,80,84,1,+,A,C,mismatch,edited_386,644,1,target
synthetic,137,139,1,+,A,C,mismatch,edited_386,635,1,target
synthetic,112,114,1,+,A,C,mismatch,edited_387,628,1,target
synthetic,136,138,1,+,A,C,mismatch,edited_387,637,1,target
synthetic,140,141,1,+,A,C,mismatch,edited_388,645,1,target
synthetic,166,167,1,+,A,C,mismatch,edited_388,638,1,target
synthetic,183,187,1,+,A,C,mismatch,edited_389,639,1,target
synthetic,55,57,1,+,A,C,mismatch,edited_389,640,1,target
synthetic,101,105,1,+,A,C,mismatch,edited_390,634,1,target
synthetic,62,66,1,+,A,C,mismatch,edited_390,625,1,target
synthetic,88,90,1,+,A,C,mismatch,edited_391,633,1,target
synthetic,90,95,1,+,A,C,mismatch,edited_391,635,1,target
synthetic,73,73,1,+,A,C,mismatch,edited_392,620,1,target
synthetic,98,100,1,+,A,C,mismatch,edited_392,648,1,target
synthetic,163,163,1,+,A,C,mismatch,edited_393,645,1,target
synthetic,136,140,1,+,A,C,mismatch,edited_393,625,1,target
synthetic,119,122,1,+,A,C,mismatch,edited_394,629,1,target
synthetic,74,75,1,+,A,C,mismatch,edited_394,632,1,target
synthetic,106,106,1,+,A,C,mismatch,edited_395,621,1,target
synthetic,170,174,1,+,A,C,mismatch,edited_395,643,1,target
synthetic,41,45,1,+,A,C,mismatch,edited_396,639,1,target
synthetic,118,120,1,+,A,C,mismatch,edited_396,622,1,target
synthetic,143,147,1,+,A,C,mismatch,edited_397,642,1,target
synthetic,195,195,1,+,A,C,mismatch,edited_397,623,1,target
synthetic,112,117,1,+,A,C,mismatch,edited_398,624,1,target
synthetic,126,129,1,+,A,C,mismatch,edited_398,633,1,target
synthetic,45,46,1,+,A,C,mismatch,edited_399,641,1,target
synthetic,142,145,1,+,A,C,mismatch,edited_399,645,1,target
synthetic,104,106,1,+,A,C,mismatch,edited_400,622,1,target
synthetic,135,140,1,+,A,C,mismatch,edited_400,620,1,target
synthetic,45,48,1,+,A,C,mismatch,edited_401,631,1,target
synthetic,72,75,1,+,A,C,mismatch,edited_401,645,1,target
synthetic,43,48,1,+,A,C,mismatch,edited_402,623,1,target
synthetic,47,48,1,+,A,C,mismatch,edited_402,626,1,target
synthetic,121,123,1,+,A,C,mismatch,edited_403,647,1,target
synthetic,71,75,1,+,A,C,mismatch,edited_403,636,1,target
synthetic,58,59,1,+,A,C,mismatch,edited_404,629,1,target
synthetic,199,200,1,+,A,C,mismatch,edited_404,645,1,target
synthetic,84,88,1,+,A,C,mismatch,edited_405,640,1,target
synthetic,165,165,1,+,A,C,mismatch,edited_405,631,1,target
synthetic,54,55,1,+,A,C,mismatch,edited_406,643,1,target
synthetic,78,81,1,+,A,C,mismatch,edited_406,640,1,target
synthetic,57,60,1,+,A,C,mismatch,edited_407,646,1,target
synthetic,44,49,1,+,A,C,mismatch,edited_407,643,1,target
synthetic,81,85,1,+,A,C,mismatch,edited_408,637,1,target
synthetic,175,178,1,+,A,C,mismatch,edited_408,627,1,target
synthetic,54,54,1,+,A,C,mismatch,edited_409,633,1,target
synthetic,94,97,1,+,A,C,mismatch,edited_409,639,1,target
synthetic,40,42,1,+,A,C,mismatch,edited_410,641,1,target
synthetic,128,128,1,+,A,C,mismatch,edited_410,646,1,target
synthetic,159,163,1,+,A,C,mismatch,edited_411,649,1,target
synthetic,101,105,1,+,A,C,mismatch,edited_411,636,1,target
synthetic,136,141,1,+,A,C,mismatch,edited_412,632,1,target
synthetic,200,205,1,+,A,C,mismatch,edited_412,639,1,target
synthetic,44,44,1,+,A,C,mismatch,edited_413,647,1,target
synthetic,178,180,1,+,A,C,mismatch,edited_413,645,1,target
synthetic,94,97,1,+,A,C,mismatch,edited_414,635,1,target
synthetic,187,192,1,+,A,C,mismatch,edited_414,635,1,target
synthetic,131,135,1,+,A,C,mismatch,edited_415,623,1,target
synthetic,83,83,1,+,A,C,mismatch,edited_415,632,1,target
synthetic,146,149,1,+,A,C,mismatch,edited_416,645,1,target
synthetic,112,117,1,+,A,C,mismatch,edited_416,624,1,target
synthetic,108,113,1,+,A,C,mismatch,edited_417,645,1,target
synthetic,117,121,1,+,A,C,mismatch,edited_417,630,1,target
synthetic,118,119,1,+,A,C,mismatch,edited_418,631,1,target
synthetic,85,88,1,+,A,C,mismatch,edited_418,629,1,target
synthetic,62,64,1,+,A,C,mismatch,edited_419,641,1,target
synthetic,147,151,1,+,A,C,mismatch,edited_419,646,1,target
synthetic,123,127,1,+,A,C,mismatch,edited_420,641,1,target
synthetic,120,123,1,+,A,C,mismatch,edited_420,640,1,target
synthetic,98,100,1,+,A,C,mismatch,edited_421,644,1,target
synthetic,142,144,1,+,A,C,mismatch,edited_421,623,1,target
synthetic,125,130,1,+,A,C,mismatch,edited_422,620,1,target
synthetic,139,142,1,+,A,C,mismatch,edited_422,630,1,target
synthetic,148,150,1,+,A,C,mismatch,edited_423,636,1,target
synthetic,194,197,1,+,A,C,mismatch,edited_423,639,1,target
synthetic,144,147,1,+,A,C,mismatch,edited_424,623,1,target
synthetic,120,121,1,+,A,C,mismatch,edited_424,648,1,target
synthetic,176,176,1,+,A,C,mismatch,edited_425,644,1,target
synthetic,161,161,1,+,A,C,mismatch,edited_425,637,1,target
synthetic,100,100,1,+,A,C,mismatch,edited_426,643,1,target
synthetic,88,89,1,+,A,C,mismatch,edited_426,632,1,target
synthetic,179,184,1,+,A,C,mismatch,edited_427,622,1,target
synthetic,149,153,1,+,A,C,mismatch,edited_427,630,1,target
synthetic,109,109,1,+,A,C,mismatch,edited_428,624,1,target
synthetic,73,78,1,+,A,C,mismatch,edited_428,630,1,target
synthetic,68,73,1,+,A,C,mismatch,edited_429,649,1,target
synthetic,145,147,1,+,A,C,mismatch,edited_429,633,1,target
synthetic,161,161,1,+,A,C,mismatch,edited_430,625,1,target
synthetic,126,129,1,+,A,C,mismatch,edited_430,626,1,target
synthetic,70,70,1,+,A,C,mismatch,edited_431,638,1,target
synthetic,156,159,1,+,A,C,mismatch,edited_431,643,1,target
synthetic,122,124,1,+,A,C,mismatch,edited_432,648,1,target
synthetic,142,142,1,+,A,C,mismatch,edited_432,631,1,target
synthetic,107,109,1,+,A,C,mismatch,edited_433,644,1,target
synthetic,145,149,1,+,A,C,mismatch,edited_433,627,1,target
synthetic,155,156,1,+,A,C,mismatch,edited_434,626,1,target
synthetic,149,149,1,+,A,C,mismatch,edited_434,635,1,target
synthetic,45,46,1,+,A,C,mismatch,edited_435,620,1,target
synthetic,77,77,1,+,A,C,mismatch,edited_435,649,1,target
synthetic,147,151,1,+,A,C,mismatch,edited_436,628,1,target
synthetic,45,45,1,+,A,C,mismatch,edited_436,625,1,target
synthetic,154,154,1,+,A,C,mismatch,edited_437,628,1,target
synthetic,84,87,1,+,A,C,mismatch,edited_437,623,1,target
synthetic,74,76,1,+,A,C,mismatch,edited_438,622,1,target
synthetic,82,86,1,+,A,C,mismatch,edited_438,625,1,target
synthetic,172,173,1,+,A,C,mismatch,edited_439,632,1,target
synthetic,140,143,1,+,A,C,mismatch,edited_439,625,1,target
synthetic,180,180,1,+,A,C,mismatch,edited_440,637,1,target
synthetic,148,153,1,+,A,C,mismatch,edited_440,640,1,target
synthetic,41,41,1,+,A,C,mismatch,edited_441,622,1,target
synthetic,88,91,1,+,A,C,mismatch,edited_441,632,1,target
synthetic,144,147,1,+,A,C,mismatch,edited_442,644,1,target
synthetic,161,164,1,+,A,C,mismatch,edited_442,643,1,target
synthetic,73,74,1,+,A,C,mismatch,edited_443,629,1,target
synthetic,186,188,1,+,A,C,mismatch,edited_443,632,1,target
synthetic,190,191,1,+,A,C,mismatch,edited_444,640,1,target
synthetic,78,82,1,+,A,C,mismatch,edited_444,646,1,target
synthetic,55,55,1,+,A,C,mismatch,edited_445,631,1,target
synthetic,74,79,1,+,A,C,mismatch,edited_445,635,1,target
synthetic,134,138,1,+,A,C,mismatch,edited_446,645,1,target
synthetic,110,114,1,+,A,C,mismatch,edited_446,646,1,target
synthetic,108,113,1,+,A,C,mismatch,edited_447,620,1,target
synthetic,42,45,1,+,A,C,mismatch,edited_447,630,1,target
synthetic,94,96,1,+,A,C,mismatch,edited_448,633,1,target
synthetic,40,41,1,+,A,C,mismatch,edited_448,628,1,target
synthetic,76,79,1,+,A,C,mismatch,edited_449,635,1,target
synthetic,198,201,1,+,A,C,mismatch,edited_449,631,1,target
synthetic,192,197,1,+,A,C,mismatch,edited_450,644,1,target
synthetic,90,95,1,+,A,C,mismatch,edited_450,628,1,target
synthetic,117,122,1,+,A,C,mismatch,edited_451,632,1,target
synthetic,106,111,1,+,A,C,mismatch,edited_451,623,1,target
synthetic,135,135,1,+,A,C,mismatch,edited_452,625,1,target
synthetic,104,109,1,+,A,C,mismatch,edited_452,629,1,target
synthetic,86,89,1,+,A,C,mismatch,edited_453,624,1,target
synthetic,61,61,1,+,A,C,mismatch,edited_453,625,1,target
synthetic,70,71,1,+,A,C,mismatch,edited_454,624,1,target
synthetic,117,118,1,+,A,C,mismatch,edited_454,622,1,target
synthetic,93,97,1,+,A,C,mismatch,edited_455,621,1,target
synthetic,129,134,1,+,A,C,mismatch,edited_455,640,1,target
synthetic,113,115,1,+,A,C,mismatch,edited_456,638,1,target
synthetic,80,84,1,+,A,C,mismatch,edited_456,639,1,target
synthetic,85,86,1,+,A,C,mismatch,edited_457,638,1,target
synthetic,136,141,1,+,A,C,mismatch,edited_457,631,1,target
synthetic,94,98,1,+,A,C,mismatch,edited_458,632,1,target
synthetic,151,154,1,+,A,C,mismatch,edited_458,634,1,target
synthetic,53,57,1,+,A,C,mismatch,edited_459,634,1,target
synthetic,150,150,1,+,A,C,mismatch,edited_459,631,1,target
synthetic,116,117,1,+,A,C,mismatch,edited_460,628,1,target
synthetic,136,139,1,+,A,C,mismatch,edited_460,621,1,target
synthetic,80,83,1,+,A,C,mismatch,edited_461,637,1,target
synthetic,128,129,1,+,A,C,mismatch,edited_461,644,1,target
synthetic,106,108,1,+,A,C,mismatch,edited_462,638,1,target
synthetic,61,62,1,+,A,C,mismatch,edited_462,649,1,target
synthetic,67,67,1,+,A,C,mismatch,edited_463,633,1,target
synthetic,190,190,1,+,A,C,mismatch,edited_463,624,1,target
synthetic,120,123,1,+,A,C,mismatch,edited_464,636,1,target
synthetic,181,182,1,+,A,C,mismatch,edited_464,625,1,target
synthetic,119,124,1,+,A,C,mismatch,edited_465,624,1,target
synthetic,121,121,1,+,A,C,mismatch,edited_465,634,1,target
synthetic,142,144,1,+,A,C,mismatch,edited_466,635,1,target
synthetic,49,52,1,+,A,C,mismatch,edited_466,640,1,target
synthetic,54,56,1,+,A,C,mismatch,edited_467,625,1,target
synthetic,86,91,1,+,A,C,mismatch,edited_467,634,1,target
synthetic,81,86,1,+,A,C,mismatch,edited_468,633,1,target
synthetic,198,198,1,+,A,C,mismatch,edited_468,638,1,target
synthetic,191,195,1,+,A,C,mismatch,edited_469,647,1,target
synthetic,115,119,1,+,A,C,mismatch,edited_469,628,1,target
synthetic,185,185,1,+,A,C,mismatch,edited_470,650,1,target
synthetic,195,200,1,+,A,C,mismatch,edited_470,644,1,target
synthetic,112,113,1,+,A,C,mismatch,edited_471,645,1,target
synthetic,54,54,1,+,A,C,mismatch,edited_471,631,1,target
synthetic,163,165,1,+,A,C,mismatch,edited_472,643,1,target
synthetic,139,142,1,+,A,C,mismatch,edited_472,643,1,target
synthetic,120,123,1,+,A,C,mismatch,edited_473,647,1,target
synthetic,198,201,1,+,A,C,mismatch,edited_473,647,1,target
synthetic,84,88,1,+,A,C,mismatch,edited_474,621,1,target
synthetic,59,64,1,+,A,C,mismatch,edited_474,632,1,target
synthetic,142,145,1,+,A,C,mismatch,edited_475,647,1,target
synthetic,128,131,1,+,A,C,mismatch,edited_475,623,1,target
synthetic,137,138,1,+,A,C,mismatch,edited_476,640,1,target
synthetic,77,79,1,+,A,C,mismatch,edited_476,628,1,target
synthetic,140,144,1,+,A,C,mismatch,edited_477,649,1,target
synthetic,54,55,1,+,A,C,mismatch,edited_477,624,1,target
synthetic,55,60,1,+,A,C,mismatch,edited_478,634,1,target
synthetic,48,53,1,+,A,C,mismatch,edited_478,645,1,target
synthetic,95,96,1,+,A,C,mismatch,edited_479,635,1,target
synthetic,55,57,1,+,A,C,mismatch,edited_479,633,1,target
synthetic,157,161,1,+,A,C,mismatch,edited_480,624,1,target
synthetic,115,120,1,+,A,C,mismatch,edited_480,645,1,target
synthetic,98,101,1,+,A,C,mismatch,edited_481,634,1,target
synthetic,141,141,1,+,A,C,mismatch,edited_481,620,1,target
synthetic,137,138,1,+,A,C,mismatch,edited_482,625,1,target
synthetic,140,144,1,+,A,C,mismatch,edited_482,630,1,target
synthetic,48,53,1,+,A,C,mismatch,edited_483,626,1,target
synthetic,129,134,1,+,A,C,mismatch,edited_483,621,1,target
synthetic,200,204,1,+,A,C,mismatch,edited_484,630,1,target
synthetic,135,135,1,+,A,C,mismatch,edited_484,649,1,target
synthetic,54,58,1,+,A,C,mismatch,edited_485,649,1,target
synthetic,104,107,1,+,A,C,mismatch,edited_485,624,1,target
synthetic,96,99,1,+,A,C,mismatch,edited_486,634,1,target
synthetic,101,103,1,+,A,C,mismatch,edited_486,638,1,target
synthetic,177,177,1,+,A,C,mismatch,edited_487,644,1,target
synthetic,113,116,1,+,A,C,mismatch,edited_487,643,1,target
synthetic,193,194,1,+,A,C,mismatch,edited_488,636,1,target
synthetic,186,191,1,+,A,C,mismatch,edited_488,633,1,target
synthetic,108,111,1,+,A,C,mismatch,edited_489,643,1,target
synthetic,49,54,1,+,A,C,mismatch,edited_489,636,1,target
synthetic,50,55,1,+,A,C,mismatch,edited_490,628,1,target
synthetic,172,173,1,+,A,C,mismatch,edited_490,631,1,target
synthetic,200,204,1,+,A,C,mismatch,edited_491,644,1,target
synthetic,192,194,1,+,A,C,mismatch,edited_491,637,1,target
synthetic,64,66,1,+,A,C,mismatch,edited_492,639,1,target
synthetic,191,193,1,+,A,C,mismatch,edited_492,642,1,target
synthetic,66,71,1,+,A,C,mismatch,edited_493,621,1,target
synthetic,172,174,1,+,A,C,mismatch,edited_493,640,1,target
synthetic,67,71,1,+,A,C,mismatch,edited_494,632,1,target
synthetic,80,83,1,+,A,C,mismatch,edited_494,641,1,target
synthetic,120,124,1,+,A,C,mismatch,edited_495,629,1,target
synthetic,48,50,1,+,A,C,mismatch,edited_495,640,1,target
synthetic,81,81,1,+,A,C,mismatch,edited_496,626,1,target
synthetic,96,98,1,+,A,C,mismatch,edited_496,626,1,target
synthetic,157,157,1,+,A,C,mismatch,edited_497,639,1,target
synthetic,183,184,1,+,A,C,mismatch,edited_497,630,1,target
synthetic,47,52,1,+,A,C,mismatch,edited_498,621,1,target
synthetic,191,191,1,+,A,C,mismatch,edited_498,627,1,target
synthetic,81,84,1,+,A,C,mismatch,edited_499,643,1,target
synthetic,122,123,1,+,A,C,mismatch,edited_499,624,1,target
synthetic,99,103,1,+,A,C,mismatch,edited_500,648,1,target
synthetic,116,117,1,+,A,C,mismatch,edited_500,626,1,target
synthetic,127,132,1,+,A,C,mismatch,edited_501,646,1,target
synthetic,57,59,1,+,A,C,mismatch,edited_501,620,1,target
synthetic,154,154,1,+,A,C,mismatch,edited_502,622,1,target
synthetic,138,139,1,+,A,C,mismatch,edited_502,633,1,target
synthetic,96,96,1,+,A,C,mismatch,edited_503,649,1,target
synthetic,173,174,1,+,A,C,mismatch,edited_503,632,1,target
synthetic,145,148,1,+,A,C,mismatch,edited_504,635,1,target
synthetic,167,169,1,+,A,C,mismatch,edited_504,635,1,target
synthetic,129,134,1,+,A,C,mismatch,edited_505,634,1,target
synthetic,157,160,1,+,A,C,mismatch,edited_505,627,1,target
synthetic,146,151,1,+,A,C,mismatch,edited_506,634,1,target
synthetic,43,43,1,+,A,C,mismatch,edited_506,638,1,target
synthetic,99,100,1,+,A,C,mismatch,edited_507,648,1,target
synthetic,194,196,1,+,A,C,mismatch,edited_507,635,1,target
synthetic,197,200,1,+,A,C,mismatch,edited_508,627,1,target
synthetic,149,154,1,+,A,C,mismatch,edited_508,631,1,target
synthetic,87,88,1,+,A,C,mismatch,edited_509,643,1,target
synthetic,114,115,1,+,A,C,mismatch,edited_509,623,1,target
synthetic,78,79,1,+,A,C,mismatch,edited_510,630,1,target
synthetic,40,43,1,+,A,C,mismatch,edited_510,626,1,target
synthetic,54,56,1,+,A,C,mismatch,edited_511,648,1,target
synthetic,57,59,1,+,A,C,mismatch,edited_511,630,1,target
synthetic,105,109,1,+,A,C,mismatch,edited_512,630,1,target
synthetic,134,138,1,+,A,C,mismatch,edited_512,648,1,target
synthetic,123,124,1,+,A,C,mismatch,edited_513,639,1,target
synthetic,51,51,1,+,A,C,mismatch,edited_513,630,1,target
synthetic,171,175,1,+,A,C,mismatch,edited_514,642,1,target
synthetic,77,79,1,+,A,C,mismatch,edited_514,625,1,target
synthetic,152,156,1,+,A,C,mismatch,edited_515,624,1,target
synthetic,156,158,1,+,A,C,mismatch,edited_515,632,1,target
synthetic,100,100,1,+,A,C,mismatch,edited_516,649,1,target
synthetic,47,47,1,+,A,C,mismatch,edited_516,636,1,target
synthetic,71,72,1,+,A,C,mismatch,edited_517,633,1,target
synthetic,131,133,1,+,A,C,mismatch,edited_517,645,1,target
synthetic,119,123,1,+,A,C,mismatch,edited_518,642,1,target
synthetic,115,115,1,+,A,C,mismatch,edited_518,632,1,target
synthetic,129,133,1,+,A,C,mismatch,edited_519,648,1,target
synthetic,95,97,1,+,A,C,mismatch,edited_519,650,1,target
synthetic,94,94,1,+,A,C,mismatch,edited_520,621,1,target
synthetic,56,61,1,+,A,C,mismatch,edited_520,632,1,target
synthetic,118,119,1,+,A,C,mismatch,edited_521,624,1,target
synthetic,47,52,1,+,A,C,mismatch,edited_521,625,1,target
synthetic,73,76,1,+,A,C,mismatch,edited_522,640,1,target
synthetic,65,66,1,+,A,C,mismatch,edited_522,648,1,target
synthetic,117,121,1,+,A,C,mismatch,edited_523,644,1,target
synthetic,171,172,1,+,A,C,mismatch,edited_523,631,1,target
synthetic,177,182,1,+,A,C,mismatch,edited_524,644,1,target
synthetic,152,153,1,+,A,C,mismatch,edited_524,645,1,target
synthetic,195,199,1,+,A,C,mismatch,edited_525,650,1,target
synthetic,71,75,1,+,A,C,mismatch,edited_525,639,1,target
synthetic,132,134,1,+,A,C,mismatch,edited_526,638,1,target
synthetic,51,54,1,+,A,C,mismatch,edited_526,626,1,target
synthetic,188,192,1,+,A,C,mismatch,edited_527,649,1,target
synthetic,84,89,1,+,A,C,mismatch,edited_527,623,1,target
synthetic,182,187,1,+,A,C,mismatch,edited_528,633,1,target
synthetic,66,68,1,+,A,C,mismatch,edited_528,624,1,target
synthetic,141,141,1,+,A,C,mismatch,edited_529,647,1,target
synthetic,68,68,1,+,A,C,mismatch,edited_529,650,1,target
synthetic,169,173,1,+,A,C,mismatch,edited_530,629,1,target
synthetic,172,173,1,+,A,C,mismatch,edited_530,645,1,target
synthetic,166,166,1,+,A,C,mismatch,edited_531,634,1,target
synthetic,166,171,1,+,A,C,mismatch,edited_531,622,1,target
synthetic,87,91,1,+,A,C,mismatch,edited_532,627,1,target
synthetic,116,121,1,+,A,C,mismatch,edited_532,637,1,target
synthetic,112,116,1,+,A,C,mismatch,edited_533,643,1,target
synthetic,135,135,1,+,A,C,mismatch,edited_533,634,1,target
synthetic,178,178,1,+,A,C,mismatch,edited_534,629,1,target
synthetic,182,185,1,+,A,C,mismatch,edited_534,630,1,target
synthetic,115,117,1,+,A,C,mismatch,edited_535,645,1,target
synthetic,129,134,1,+,A,C,mismatch,edited_535,649,1,target
synthetic,88,91,1,+,A,C,mismatch,edited_536,624,1,target
synthetic,75,80,1,+,A,C,mismatch,edited_536,645,1,target
synthetic,175,175,1,+,A,C,mismatch,edited_537,641,1,target
synthetic,116,121,1,+,A,C,mismatch,edited_537,627,1,target
synthetic,66,69,1,+,A,C,mismatch,edited_538,642,1,target
synthetic,137,141,1,+,A,C,mismatch,edited_538,638,1,target
synthetic,148,150,1,+,A,C,mismatch,edited_539,647,1,target
synthetic,104,106,1,+,A,C,mismatch,edited_539,640,1,target
synthetic,142,146,1,+,A,C,mismatch,edited_540,622,1,target
synthetic,187,191,1,+,A,C,mismatch,edited_540,628,1,target
synthetic,150,155,1,+,A,C,mismatch,edited_541,632,1,target
synthetic,163,167,1,+,A,C,mismatch,edited_541,637,1,target
synthetic,129,133,1,+,A,C,mismatch,edited_542,641,1,target
synthetic,65,65,1,+,A,C,mismatch,edited_542,648,1,target
synthetic,130,130,1,+,A,C,mismatch,edited_543,627,1,target
synthetic,52,53,1,+,A,C,mismatch,edited_543,620,1,target
synthetic,190,195,1,+,A,C,mismatch,edited_544,649,1,target
synthetic,85,85,1,+,A,C,mismatch,edited_544,632,1,target
synthetic,200,201,1,+,A,C,mismatch,edited_545,649,1,target
synthetic,83,83,1,+,A,C,mismatch,edited_545,631,1,target
synthetic,66,68,1,+,A,C,mismatch,edited_546,623,1,target
synthetic,153,156,1,+,A,C,mismatch,edited_546,623,1,target
synthetic,66,66,1,+,A,C,mismatch,edited_547,624,1,target
synthetic,166,166,1,+,A,C,mismatch,edited_547,647,1,target
synthetic,90,93,1,+,A,C,mismatch,edited_548,633,1,target
synthetic,73,75,1,+,A,C,mismatch,edited_548,643,1,target
synthetic,81,82,1,+,A,C,mismatch,edited_549,631,1,target
synthetic,77,77,1,+,A,C,mismatch,edited_549,641,1,target
synthetic,108,112,1,+,A,C,mismatch,edited_550,638,1,target
synthetic,130,131,1,+,A,C,mismatch,edited_550,631,1,target
synthetic,110,111,1,+,A,C,mismatch,edited_551,621,1,target
synthetic,152,152,1,+,A,C,mismatch,edited_551,639,1,target
synthetic,198,199,1,+,A,C,mismatch,edited_552,643,1,target
synthetic,184,188,1,+,A,C,mismatch,edited_552,649,1,target
synthetic,146,146,1,+,A,C,mismatch,edited_553,627,1,target
synthetic,40,44,1,+,A,C,mismatch,edited_553,645,1,target
synthetic,70,72,1,+,A,C,mismatch,edited_554,625,1,target
synthetic,86,91,1,+,A,C,mismatch,edited_554,647,1,target
synthetic,51,54,1,+,A,C,mismatch,edited_555,628,1,target
synthetic,116,116,1,+,A,C,mismatch,edited_555,635,1,target
synthetic,122,126,1,+,A,C,mismatch,edited_556,628,1,target
synthetic,134,139,1,+,A,C,mismatch,edited_556,637,1,target
synthetic,54,58,1,+,A,C,mismatch,edited_557,645,1,target
synthetic,183,187,1,+,A,C,mismatch,edited_557,625,1,target
synthetic,156,159,1,+,A,C,mismatch,edited_558,647,1,target
synthetic,190,190,1,+,A,C,mismatch,edited_558,635,1,target
synthetic,178,179,1,+,A,C,mismatch,edited_559,643,1,target
synthetic,171,175,1,+,A,C,mismatch,edited_559,638,1,target
synthetic,132,135,1,+,A,C,mismatch,edited_560,623,1,target
synthetic,136,138,1,+,A,C,mismatch,edited_560,640,1,target
synthetic,187,188,1,+,A,C,mismatch,edited_561,633,1,target
synthetic,191,194,1,+,A,C,mismatch,edited_561,637,1,target
synthetic,166,166,1,+,A,C,mismatch,edited_562,633,1,target
synthetic,147,150,1,+,A,C,mismatch,edited_562,625,1,target
synthetic,175,176,1,+,A,C,mismatch,edited_563,628,1,target
synthetic,43,48,1,+,A,C,mismatch,edited_563,647,1,target
synthetic,74,78,1,+,A,C,mismatch,edited_564,650,1,target
synthetic,104,107,1,+,A,C,mismatch,edited_564,647,1,target
synthetic,82,86,1,+,A,C,mismatch,edited_565,631,1,target
synthetic,178,179,1,+,A,C,mismatch,edited_565,629,1,target
synthetic,160,164,1,+,A,C,mismatch,edited_566,644,1,target
synthetic,83,87,1,+,A,C,mismatch,edited_566,638,1,target
synthetic,119,122,1,+,A,C,mismatch,edited_567,629,1,target
synthetic,139,142,1,+,A,C,mismatch,edited_567,633,1,target
synthetic,81,81,1,+,A,C,mismatch,edited_568,629,1,target
synthetic,196,196,1,+,A,C,mismatch,edited_568,644,1,target
synthetic,169,174,1,+,A,C,mismatch,edited_569,627,1,target
synthetic,112,117,1,+,A,C,mismatch,edited_569,630,1,target
synthetic,143,145,1,+,A,C,mismatch,edited_570,624,1,target
synthetic,112,116,1,+,A,C,mismatch,edited_570,620,1,target
synthetic,90,91,1,+,A,C,mismatch,edited_571,628,1,target
synthetic,118,123,1,+,A,C,mismatch,edited_571,649,1,target
synthetic,187,190,1,+,A,C,mismatch,edited_572,637,1,target
synthetic,159,161,1,+,A,C,mismatch,edited_572,637,1,target
synthetic,125,128,1,+,A,C,mismatch,edited_573,649,1,target
synthetic,64,64,1,+,A,C,mismatch,edited_573,634,1,target
synthetic,103,103,1,+,A,C,mismatch,edited_574,638,1,target
synthetic,131,134,1,+,A,C,mismatch,edited_574,629,1,target
synthetic,139,141,1,+,A,C,mismatch,edited_575,640,1,target
synthetic,46,46,1,+,A,C,mismatch,edited_575,622,1,target
synthetic,162,162,1,+,A,C,mismatch,edited_576,639,1,target
synthetic,180,181,1,+,A,C,mismatch,edited_576,628,1,target
synthetic,183,187,1,+,A,C,mismatch,edited_577,634,1,target
synthetic,196,197,1,+,A,C,mismatch,edited_577,639,1,target
synthetic,184,188,1,+,A,C,mismatch,edited_578,640,1,target
synthetic,170,172,1,+,A,C,mismatch,edited_578,635,1,target
synthetic,177,180,1,+,A,C,mismatch,edited_579,650,1,target
synthetic,44,47,1,+,A,C,mismatch,edited_579,628,1,target
synthetic,92,95,1,+,A,C,mismatch,edited_580,621,1,target
synthetic,89,90,1,+,A,C,mismatch,edited_580,621,1,target
synthetic,51,54,1,+,A,C,mismatch,edited_581,636,1,target
synthetic,112,116,1,+,A,C,mismatch,edited_581,633,1,target
synthetic,142,146,1,+,A,C,mismatch,edited_582,642,1,target
synthetic,191,194,1,+,A,C,mismatch,edited_582,632,1,target
synthetic,88,92,1,+,A,C,mismatch,edited_583,622,1,target
synthetic,70,70,1,+,A,C,mismatch,edited_583,644,1,target
synthetic,133,136,1,+,A,C,mismatch,edited_584,632,1,target
synthetic,145,146,1,+,A,C,mismatch,edited_584,649,1,target
synthetic,89,90,1,+,A,C,mismatch,edited_585,647,1,target
synthetic,111,111,1,+,A,C,mismatch,edited_585,646,1,target
synthetic,123,126,1,+,A,C,mismatch,edited_586,649,1,target
synthetic,118,121,1,+,A,C,mismatch,edited_586,640,1,target
synthetic,52,57,1,+,A,C,mismatch,edited_587,639,1,target
synthetic,151,154,1,+,A,C,mismatch,edited_587,630,1,target
synthetic,150,152,1,+,A,C,mismatch,edited_588,636,1,target
synthetic,122,125,1,+,A,C,mismatch,edited_588,632,1,target
synthetic,155,156,1,+,A,C,mismatch,edited_589,635,1,target
synthetic,100,101,1,+,A,C,mismatch,edited_589,626,1,target
synthetic,186,191,1,+,A,C,mismatch,edited_590,636,1,target
synthetic,52,55,1,+,A,C,mismatch,edited_590,636,1,target
synthetic,177,177,1,+,A,C,mismatch,edited_591,633,1,target
synthetic,91,94,1,+,A,C,mismatch,edited_591,644,1,target
synthetic,53,57,1,+,A,C,mismatch,edited_592,646,1,target
synthetic,193,196,1,+,A,C,mismatch,edited_592,649,1,target
synthetic,77,80,1,+,A,C,mismatch,edited_593,646,1,target
synthetic,58,59,1,+,A,C,mismatch,edited_593,631,1,target
synthetic,121,123,1,+,A,C,mismatch,edited_594,629,1,target
synthetic,149,151,1,+,A,C,mismatch,edited_594,631,1,target
synthetic,194,194,1,+,A,C,mismatch,edited_595,634,1,target
synthetic,118,118,1,+,A,C,mismatch,edited_595,625,1,target
synthetic,128,130,1,+,A,C,mismatch,edited_596,631,1,target
synthetic,107,111,1,+,A,C,mismatch,edited_596,647,1,target
synthetic,98,102,1,+,A,C,mismatch,edited_597,646,1,target
synthetic,135,139,1,+,A,C,mismatch,edited_597,628,1,target
synthetic,155,156,1,+,A,C,mismatch,edited_598,647,1,target
synthetic,93,98,1,+,A,C,mismatch,edited_598,648,1,target
synthetic,96,99,1,+,A,C,mismatch,edited_599,621,1,target
synthetic,164,165,1,+,A,C,mismatch,edited_599,632,1,target
synthetic,170,170,1,+,A,C,mismatch,edited_600,631,1,target
synthetic,51,56,1,+,A,C,mismatch,edited_600,634,1,target
synthetic,108,110,1,+,A,C,mismatch,edited_601,641,1,target
synthetic,55,59,1,+,A,C,mismatch,edited_601,620,1,target
synthetic,130,133,1,+,A,C,mismatch,edited_602,630,1,target
synthetic,173,173,1,+,A,C,mismatch,edited_602,642,1,target
synthetic,56,58,1,+,A,C,mismatch,edited_603,621,1,target
synthetic,89,94,1,+,A,C,mismatch,edited_603,640,1,target
synthetic,182,183,1,+,A,C,mismatch,edited_604,647,1,target
synthetic,85,88,1,+,A,C,mismatch,edited_604,635,1,target
synthetic,53,58,1,+,A,C,mismatch,edited_605,627,1,target
synthetic,160,162,1,+,A,C,mismatch,edited_605,623,1,target
synthetic,43,43,1,+,A,C,mismatch,edited_606,641,1,target
synthetic,180,183,1,+,A,C,mismatch,edited_606,639,1,target
synthetic,55,60,1,+,A,C,mismatch,edited_607,635,1,target
synthetic,128,129,1,+,A,C,mismatch,edited_607,620,1,target
synthetic,178,180,1,+,A,C,mismatch,edited_608,631,1,target
synthetic,63,64,1,+,A,C,mismatch,edited_608,629,1,target
synthetic,105,108,1,+,A,C,mismatch,edited_609,627,1,target
synthetic,106,106,1,+,A,C,mismatch,edited_609,644,1,target
synthetic,164,169,1,+,A,C,mismatch,edited_610,640,1,target
synthetic,54,58,1,+,A,C,mismatch,edited_610,623,1,target
synthetic,127,132,1,+,A,C,mismatch,edited_611,634,1,target
synthetic,159,159,1,+,A,C,mismatch,edited_611,623,1,target
synthetic,49,49,1,+,A,C,mismatch,edited_612,622,1,target
synthetic,51,53,1,+,A,C,mismatch,edited_612,644,1,target
synthetic,84,88,1,+,A,C,mismatch,edited_613,630,1,target
synthetic,146,148,1,+,A,C,mismatch,edited_613,633,1,target
synthetic,199,204,1,+,A,C,mismatch,edited_614,641,1,target
synthetic,76,77,1,+,A,C,mismatch,edited_614,626,1,target
synthetic,44,49,1,+,A,C,mismatch,edited_615,645,1,target
synthetic,170,171,1,+,A,C,mismatch,edited_615,634,1,target
synthetic,154,157,1,+,A,C,mismatch,edited_616,634,1,target
synthetic,175,178,1,+,A,C,mismatch,edited_616,629,1,target
synthetic,178,179,1,+,A,C,mismatch,edited_617,630,1,target
synthetic,156,161,1,+,A,C,mismatch,edited_617,637,1,target
synthetic,120,123,1,+,A,C,mismatch,edited_618,642,1,target
synthetic,181,181,1,+,A,C,mismatch,edited_618,632,1,target
synthetic,187,192,1,+,A,C,mismatch,edited_619,622,1,target
synthetic,124,126,1,+,A,C,mismatch,edited_619,622,1,target
synthetic,66,71,1,+,A,C,mismatch,edited_620,643,1,target
synthetic,134,134,1,+,A,C,mismatch,edited_620,637,1,target
synthetic,166,170,1,+,A,C,mismatch,edited_621,624,1,target
synthetic,176,179,1,+,A,C,mismatch,edited_621,636,1,target
synthetic,74,78,1,+,A,C,mismatch,edited_622,634,1,target
synthetic,174,178,1,+,A,C,mismatch,edited_622,623,1,target
synthetic,194,194,1,+,A,C,mismatch,edited_623,621,1,target
synthetic,158,160,1,+,A,C,mismatch,edited_623,633,1,target
synthetic,180,182,1,+,A,C,mismatch,edited_624,625,1,target
synthetic,86,86,1,+,A,C,mismatch,edited_624,635,1,target
synthetic,141,143,1,+,A,C,mismatch,edited_625,647,1,target
synthetic,187,190,1,+,A,C,mismatch,edited_625,643,1,target
synthetic,41,46,1,+,A,C,mismatch,edited_626,629,1,target
synthetic,135,136,1,+,A,C,mismatch,edited_626,642,1,target
synthetic,54,58,1,+,A,C,mismatch,edited_627,633,1,target
synthetic,146,148,1,+,A,C,mismatch,edited_627,643,1,target
synthetic,83,88,1,+,A,C,mismatch,edited_628,644,1,target
synthetic,175,177,1,+,A,C,mismatch,edited_628,645,1,target
synthetic,89,91,1,+,A,C,mismatch,edited_629,637,1,target
synthetic,53,55,1,+,A,C,mismatch,edited_629,627,1,target
synthetic,117,122,1,+,A,C,mismatch,edited_630,646,1,target
synthetic,181,181,1,+,A,C,mismatch,edited_630,630,1,target
synthetic,178,180,1,+,A,C,mismatch,edited_631,647,1,target
synthetic,157,158,1,+,A,C,mismatch,edited_631,629,1,target
synthetic,102,106,1,+,A,C,mismatch,edited_632,626,1,target
synthetic,111,112,1,+,A,C,mismatch,edited_632,621,1,target
synthetic,95,97,1,+,A,C,mismatch,edited_633,644,1,target
synthetic,102,107,1,+,A,C,mismatch,edited_633,627,1,target
synthetic,84,85,1,+,A,C,mismatch,edited_634,640,1,target
synthetic,126,127,1,+,A,C,mismatch,edited_634,628,1,target
synthetic,170,174,1,+,A,C,mismatch,edited_635,641,1,target
synthetic,53,54,1,+,A,C,mismatch,edited_635,639,1,target
synthetic,154,157,1,+,A,C,mismatch,edited_636,638,1,target
synthetic,120,125,1,+,A,C,mismatch,edited_636,638,1,target
synthetic,88,93,1,+,A,C,mismatch,edited_637,642,1,target
synthetic,155,159,1,+,A,C,mismatch,edited_637,622,1,target
synthetic,181,181,1,+,A,C,mismatch,edited_638,629,1,target
synthetic,175,175,1,+,A,C,mismatch,edited_638,623,1,target
synthetic,90,90,1,+,A,C,mismatch,edited_639,643,1,target
synthetic,135,135,1,+,A,C,mismatch,edited_639,632,1,target
synthetic,115,120,1,+,A,C,mismatch,edited_640,636,1,target
synthetic,45,47,1,+,A,C,mismatch,edited_640,629,1,target
synthetic,127,128,1,+,A,C,mismatch,edited_641,642,1,target
synthetic,128,133,1,+,A,C,mismatch,edited_641,620,1,target
synthetic,139,139,1,+,A,C,mismatch,edited_642,643,1,target
synthetic,95,97,1,+,A,C,mismatch,edited_642,632,1,target
synthetic,126,128,1,+,A,C,mismatch,edited_643,646,1,target
synthetic,59,64,1,+,A,C,mismatch,edited_643,634,1,target
synthetic,132,135,1,+,A,C,mismatch,edited_644,635,1,target
synthetic,150,153,1,+,A,C,mismatch,edited_644,642,1,target
synthetic,129,134,1,+,A,C,mismatch,edited_645,646,1,target
synthetic,101,104,1,+,A,C,mismatch,edited_645,635,1,target
synthetic,77,79,1,+,A,C,mismatch,edited_646,644,1,target
synthetic,60,60,1,+,A,C,mismatch,edited_646,639,1,target
synthetic,176,180,1,+,A,C,mismatch,edited_647,635,1,target
synthetic,185,188,1,+,A,C,mismatch,edited_647,649,1,target
synthetic,195,196,1,+,A,C,mismatch,edited_648,643,1,target
synthetic,176,176,1,+,A,C,mismatch,edited_648,641,1,target
synthetic,192,194,1,+,A,C,mismatch,edited_649,639,1,target
synthetic,51,55,1,+,A,C,mismatch,edited_649,625,1,target
synthetic,160,163,1,+,A,C,mismatch,edited_650,644,1,target
synthetic,40,43,1,+,A,C,mismatch,edited_650,642,1,target
synthetic,195,200,1,+,A,C,mismatch,edited_651,624,1,target
synthetic,123,127,1,+,A,C,mismatch,edited_651,648,1,target
synthetic,64,65,1,+,A,C,mismatch,edited_652,649,1,target
synthetic,72,74,1,+,A,C,mismatch,edited_652,645,1,target
synthetic,178,179,1,+,A,C,mismatch,edited_653,642,1,target
synthetic,135,140,1,+,A,C,mismatch,edited_653,640,1,target
synthetic,99,99,1,+,A,C,mismatch,edited_654,629,1,target
synthetic,44,46,1,+,A,C,mismatch,edited_654,643,1,target
synthetic,105,108,1,+,A,C,mismatch,edited_655,628,1,target
synthetic,40,41,1,+,A,C,mismatch,edited_655,627,1,target
synthetic,59,59,1,+,A,C,mismatch,edited_656,648,1,target
synthetic,44,48,1,+,A,C,mismatch,edited_656,638,1,target
synthetic,97,102,1,+,A,C,mismatch,edited_657,641,1,target
synthetic,161,162,1,+,A,C,mismatch,edited_657,635,1,target
synthetic,119,121,1,+,A,C,mismatch,edited_658,645,1,target
synthetic,78,78,1,+,A,C,mismatch,edited_658,635,1,target
synthetic,178,183,1,+,A,C,mismatch,edited_659,635,1,target
synthetic,191,192,1,+,A,C,mismatch,edited_659,644,1,target
synthetic,149,150,1,+,A,C,mismatch,edited_660,649,1,target
synthetic,119,123,1,+,A,C,mismatch,edited_660,646,1,target
synthetic,144,144,1,+,A,C,mismatch,edited_661,638,1,target
synthetic,56,61,1,+,A,C,mismatch,edited_661,622,1,target
synthetic,55,56,1,+,A,C,mismatch,edited_662,632,1,target
synthetic,116,121,1,+,A,C,mismatch,edited_662,636,1,target
synthetic,49,51,1,+,A,C,mismatch,edited_663,620,1,target
synthetic,139,144,1,+,A,C,mismatch,edited_663,626,1,target
synthetic,184,185,1,+,A,C,mismatch,edited_664,634,1,target
synthetic,181,181,1,+,A,C,mismatch,edited_664,636,1,target
synthetic,136,140,1,+,A,C,mismatch,edited_665,628,1,target
synthetic,57,60,1,+,A,C,mismatch,edited_665,649,1,target
synthetic,184,188,1,+,A,C,mismatch,edited_666,621,1,target
synthetic,141,144,1,+,A,C,mismatch,edited_666,647,1,target
synthetic,80,84,1,+,A,C,mismatch,edited_667,640,1,target
synthetic,136,140,1,+,A,C,mismatch,edited_667,626,1,target
synthetic,69,69,1,+,A,C,mismatch,edited_668,621,1,target
synthetic,48,53,1,+,A,C,mismatch,edited_668,648,1,target
synthetic,78,81,1,+,A,C,mismatch,edited_669,627,1,target
synthetic,75,79,1,+,A,C,mismatch,edited_669,641,1,target
synthetic,60,60,1,+,A,C,mismatch,edited_670,645,1,target
synthetic,163,168,1,+,A,C,mismatch,edited_670,624,1,target
synthetic,133,136,1,+,A,C,mismatch,edited_671,625,1,target
synthetic,187,188,1,+,A,C,mismatch,edited_671,631,1,target
synthetic,184,185,1,+,A,C,mismatch,edited_672,639,1,target
synthetic,100,101,1,+,A,C,mismatch,edited_672,649,1,target
synthetic,116,120,1,+,A,C,mismatch,edited_673,642,1,target
synthetic,136,138,1,+,A,C,mismatch,edited_673,646,1,target
synthetic,48,52,1,+,A,C,mismatch,edited_674,627,1,target
synthetic,42,43,1,+,A,C,mismatch,edited_674,633,1,target
synthetic,115,116,1,+,A,C,mismatch,edited_675,643,1,target
synthetic,175,180,1,+,A,C,mismatch,edited_675,641,1,target
synthetic,112,116,1,+,A,C,mismatch,edited_676,630,1,target
synthetic,200,200,1,+,A,C,mismatch,edited_676,641,1,target
synthetic,50,53,1,+,A,C,mismatch,edited_677,626,1,target
synthetic,74,77,1,+,A,C,mismatch,edited_677,640,1,target
synthetic,171,176,1,+,A,C,mismatch,edited_678,635,1,target
synthetic,56,56,1,+,A,C,mismatch,edited_678,625,1,target
synthetic,198,199,1,+,A,C,mismatch,edited_679,635,1,target
synthetic,57,58,1,+,A,C,mismatch,edited_679,620,1,target
synthetic,66,66,1,+,A,C,mismatch,edited_680,641,1,target
synthetic,60,60,1,+,A,C,mismatch,edited_680,637,1,target
synthetic,123,123,1,+,A,C,mismatch,edited_681,636,1,target
synthetic,85,85,1,+,A,C,mismatch,edited_681,628,1,target
synthetic,147,151,1,+,A,C,mismatch,edited_682,626,1,target
synthetic,175,177,1,+,A,C,mismatch,edited_682,637,1,target
synthetic,49,49,1,+,A,C,mismatch,edited_683,649,1,target
synthetic,126,128,1,+,A,C,mismatch,edited_683,631,1,target
synthetic,40,40,1,+,A,C,mismatch,edited_684,646,1,target
synthetic,130,135,1,+,A,C,mismatch,edited_684,629,1,target
synthetic,165,167,1,+,A,C,mismatch,edited_685,621,1,target
synthetic,86,91,1,+,A,C,mismatch,edited_685,628,1,target
synthetic,102,102,1,+,A,C,mismatch,edited_686,621,1,target
synthetic,176,178,1,+,A,C,mismatch,edited_686,642,1,target
synthetic,176,178,1,+,A,C,mismatch,edited_687,631,1,target
synthetic,78,79,1,+,A,C,mismatch,edited_687,626,1,target
synthetic,187,190,1,+,A,C,mismatch,edited_688,633,1,target
synthetic,124,128,1,+,A,C,mismatch,edited_688,626,1,target
synthetic,71,72,1,+,A,C,mismatch,edited_689,624,1,target
synthetic,80,81,1,+,A,C,mismatch,edited_689,633,1,target
synthetic,144,145,1,+,A,C,mismatch,edited_690,637,1,target
synthetic,139,140,1,+,A,C,mismatch,edited_690,638,1,target
synthetic,72,76,1,+,A,C,mismatch,edited_691,624,1,target
synthetic,129,129,1,+,A,C,mismatch,edited_691,640,1,target
synthetic,42,42,1,+,A,C,mismatch,edited_692,642,1,target
synthetic,41,43,1,+,A,C,mismatch,edited_692,641,1,target
synthetic,131,135,1,+,A,C,mismatch,edited_693,640,1,target
synthetic,128,130,1,+,A,C,mismatch,edited_693,635,1,target
synthetic,72,72,1,+,A,C,mismatch,edited_694,629,1,target
synthetic,94,96,1,+,A,C,mismatch,edited_694,633,1,target
synthetic,136,140,1,+,A,C,mismatch,edited_695,624,1,target
synthetic,102,105,1,+,A,C,mismatch,edited_695,632,1,target
synthetic,198,203,1,+,A,C,mismatch,edited_696,641,1,target
synthetic,134,139,1,+,A,C,mismatch,edited_696,637,1,target
synthetic,70,71,1,+,A,C,mismatch,edited_697,638,1,target
synthetic,167,169,1,+,A,C,mismatch,edited_697,646,1,target
synthetic,74,78,1,+,A,C,mismatch,edited_698,630,1,target
synthetic,188,191,1,+,A,C,mismatch,edited_698,649,1,target
synthetic,175,179,1,+,A,C,mismatch,edited_699,632,1,target
synthetic,65,67,1,+,A,C,mismatch,edited_699,641,1,target
synthetic,113,115,1,+,A,C,mismatch,edited_700,649,1,target
synthetic,118,123,1,+,A,C,mismatch,edited_700,640,1,target
synthetic,193,196,1,+,A,C,mismatch,edited_701,629,1,target
synthetic,173,176,1,+,A,C,mismatch,edited_701,646,1,target
synthetic,40,45,1,+,A,C,mismatch,edited_702,639,1,target
synthetic,181,185,1,+,A,C,mismatch,edited_702,642,1,target
synthetic,113,113,1,+,A,C,mismatch,edited_703,633,1,target
synthetic,58,60,1,+,A,C,mismatch,edited_703,649,1,target
synthetic,158,162,1,+,A,C,mismatch,edited_704,629,1,target
synthetic,86,88,1,+,A,C,mismatch,edited_704,635,1,target
synthetic,127,127,1,+,A,C,mismatch,edited_705,635,1,target
synthetic,123,127,1,+,A,C,mismatch,edited_705,625,1,target
synthetic,152,156,1,+,A,C,mismatch,edited_706,649,1,target
synthetic,43,46,1,+,A,C,mismatch,edited_706,632,1,target
synthetic,40,45,1,+,A,C,mismatch,edited_707,632,1,target
synthetic,79,79,1,+,A,C,mismatch,edited_707,633,1,target
synthetic,147,150,1,+,A,C,mismatch,edited_708,647,1,target
synthetic,87,92,1,+,A,C,mismatch,edited_708,645,1,target
synthetic,88,93,1,+,A,C,mismatch,edited_709,626,1,target
synthetic,172,172,1,+,A,C,mismatch,edited_709,638,1,target
synthetic,167,172,1,+,A,C,mismatch,edited_710,623,1,target
synthetic,194,194,1,+,A,C,mismatch,edited_710,647,1,target
synthetic,57,59,1,+,A,C,mismatch,edited_711,632,1,target
synthetic,116,116,1,+,A,C,mismatch,edited_711,620,1,target
synthetic,116,120,1,+,A,C,mismatch,edited_712,649,1,target
synthetic,84,87,1,+,A,C,mismatch,edited_712,633,1,target
synthetic,138,141,1,+,A,C,mismatch,edited_713,642,1,target
synthetic,168,169,1,+,A,C,mismatch,edited_713,627,1,target
synthetic,79,84,1,+,A,C,mismatch,edited_714,635,1,target
synthetic,84,88,1,+,A,C,mismatch,edited_714,650,1,target
synthetic,69,71,1,+,A,C,mismatch,edited_715,646,1,target
synthetic,196,198,1,+,A,C,mismatch,edited_715,631,1,target
synthetic,120,121,1,+,A,C,mismatch,edited_716,639,1,target
synthetic,112,114,1,+,A,C,mismatch,edited_716,624,1,target
synthetic,77,80,1,+,A,C,mismatch,edited_717,646,1,target
synthetic,94,98,1,+,A,C,mismatch,edited_717,646,1,target
synthetic,129,129,1,+,A,C,mismatch,edited_718,620,1,target
synthetic,196,199,1,+,A,C,mismatch,edited_718,650,1,target
synthetic,82,87,1,+,A,C,mismatch,edited_719,625,1,target
synthetic,78,79,1,+,A,C,mismatch,edited_719,649,1,target
synthetic,151,153,1,+,A,C,mismatch,edited_720,646,1,target
synthetic,189,189,1,+,A,C,mismatch,edited_720,642,1,target
synthetic,105,110,1,+,A,C,mismatch,edited_721,648,1,target
synthetic,183,188,1,+,A,C,mismatch,edited_721,626,1,target
synthetic,54,56,1,+,A,C,mismatch,edited_722,626,1,target
synthetic,56,59,1,+,A,C,mismatch,edited_722,636,1,target
synthetic,71,72,1,+,A,C,mismatch,edited_723,637,1,target
synthetic,89,90,1,+,A,C,mismatch,edited_723,632,1,target
synthetic,40,43,1,+,A,C,mismatch,edited_724,628,1,target
synthetic,71,71,1,+,A,C,mismatch,edited_724,631,1,target
synthetic,199,201,1,+,A,C,mismatch,edited_725,634,1,target
synthetic,89,89,1,+,A,C,mismatch,edited_725,636,1,target
synthetic,60,62,1,+,A,C,mismatch,edited_726,639,1,target
synthetic,181,185,1,+,A,C,mismatch,edited_726,627,1,target
synthetic,74,75,1,+,A,C,mismatch,edited_727,625,1,target
synthetic,51,54,1,+,A,C,mismatch,edited_727,632,1,target
synthetic,157,160,1,+,A,C,mismatch,edited_728,624,1,target
synthetic,47,51,1,+,A,C,mismatch,edited_728,633,1,target
synthetic,84,88,1,+,A,C,mismatch,edited_729,623,1,target
synthetic,92,96,1,+,A,C,mismatch,edited_729,625,1,target
synthetic,193,194,1,+,A,C,mismatch,edited_730,626,1,target
synthetic,102,103,1,+,A,C,mismatch,edited_730,638,1,target
synthetic,96,100,1,+,A,C,mismatch,edited_731,624,1,target
synthetic,178,183,1,+,A,C,mismatch,edited_731,641,1,target
synthetic,91,96,1,+,A,C,mismatch,edited_732,646,1,target
synthetic,199,199,1,+,A,C,mismatch,edited_732,643,1,target
synthetic,178,182,1,+,A,C,mismatch,edited_733,627,1,target
synthetic,91,91,1,+,A,C,mismatch,edited_733,639,1,target
synthetic,131,134,1,+,A,C,mismatch,edited_734,639,1,target
synthetic,197,198,1,+,A,C,mismatch,edited_734,643,1,target
synthetic,104,105,1,+,A,C,mismatch,edited_735,636,1,target
synthetic,172,173,1,+,A,C,mismatch,edited_735,646,1,target
synthetic,52,55,1,+,A,C,mismatch,edited_736,625,1,target
synthetic,70,75,1,+,A,C,mismatch,edited_736,645,1,target
synthetic,150,150,1,+,A,C,mismatch,edited_737,642,1,target
synthetic,158,163,1,+,A,C,mismatch,edited_737,620,1,target
synthetic,111,116,1,+,A,C,mismatch,edited_738,646,1,target
synthetic,155,156,1,+,A,C,mismatch,edited_738,647,1,target
synthetic,200,202,1,+,A,C,mismatch,edited_739,635,1,target
synthetic,190,192,1,+,A,C,mismatch,edited_739,631,1,target
synthetic,140,140,1,+,A,C,mismatch,edited_740,647,1,target
synthetic,62,63,1,+,A,C,mismatch,edited_740,621,1,target
synthetic,93,96,1,+,A,C,mismatch,edited_741,636,1,target
synthetic,109,109,1,+,A,C,mismatch,edited_741,642,1,target
synthetic,188,192,1,+,A,C,mismatch,edited_742,621,1,target
synthetic,129,130,1,+,A,C,mismatch,edited_742,647,1,target
synthetic,58,58,1,+,A,C,mismatch,edited_743,626,1,target
synthetic,79,84,1,+,A,C,mismatch,edited_743,634,1,target
synthetic,126,130,1,+,A,C,mismatch,edited_744,632,1,target
synthetic,112,117,1,+,A,C,mismatch,edited_744,642,1,target
synthetic,64,67,1,+,A,C,mismatch,edited_745,633,1,target
synthetic,143,146,1,+,A,C,mismatch,edited_745,644,1,target
synthetic,188,191,1,+,A,C,mismatch,edited_746,636,1,target
synthetic,80,82,1,+,A,C,mismatch,edited_746,624,1,target
synthetic,65,68,1,+,A,C,mismatch,edited_747,627,1,target
synthetic,197,202,1,+,A,C,mismatch,edited_747,624,1,target
synthetic,127,127,1,+,A,C,mismatch,edited_748,648,1,target
synthetic,55,56,1,+,A,C,mismatch,edited_748,648,1,target
synthetic,60,65,1,+,A,C,mismatch,edited_749,630,1,target
synthetic,65,67,1,+,A,C,mismatch,edited_749,632,1,target
synthetic,52,56,1,+,A,C,mismatch,edited_750,635,1,target
synthetic,49,53,1,+,A,C,mismatch,edited_750,648,1,target
synthetic,183,186,1,+,A,C,mismatch,edited_751,624,1,target
synthetic,83,83,1,+,A,C,mismatch,edited_751,634,1,target
synthetic,79,84,1,+,A,C,mismatch,edited_752,633,1,target
synthetic,104,107,1,+,A,C,mismatch,edited_752,630,1,target
synthetic,174,175,1,+,A,C,mismatch,edited_753,632,1,target
synthetic,164,165,1,+,A,C,mismatch,edited_753,622,1,target
synthetic,170,171,1,+,A,C,mismatch,edited_754,649,1,target
synthetic,79,81,1,+,A,C,mismatch,edited_754,620,1,target
synthetic,127,131,1,+,A,C,mismatch,edited_755,639,1,target
synthetic,127,128,1,+,A,C,mismatch,edited_755,644,1,target
synthetic,78,81,1,+,A,C,mismatch,edited_756,620,1,target
synthetic,163,166,1,+,A,C,mismatch,edited_756,647,1,target
synthetic,95,98,1,+,A,C,mismatch,edited_757,629,1,target
synthetic,114,115,1,+,A,C,mismatch,edited_757,645,1,target
synthetic,171,175,1,+,A,C,mismatch,edited_758,648,1,target
synthetic,110,112,1,+,A,C,mismatch,edited_758,641,1,target
synthetic,105,107,1,+,A,C,mismatch,edited_759,632,1,target
synthetic,59,61,1,+,A,C,mismatch,edited_759,621,1,target
synthetic,106,109,1,+,A,C,mismatch,edited_760,635,1,target
synthetic,109,110,1,+,A,C,mismatch,edited_760,623,1,target
synthetic,115,117,1,+,A,C,mismatch,edited_761,633,1,target
synthetic,135,140,1,+,A,C,mismatch,edited_761,648,1,target
synthetic,174,178,1,+,A,C,mismatch,edited_762,625,1,target
synthetic,156,161,1,+,A,C,mismatch,edited_762,630,1,target
synthetic,148,149,1,+,A,C,mismatch,edited_763,622,1,target
synthetic,185,189,1,+,A,C,mismatch,edited_763,650,1,target
synthetic,71,71,1,+,A,C,mismatch,edited_764,640,1,target
synthetic,50,55,1,+,A,C,mismatch,edited_764,644,1,target
synthetic,127,127,1,+,A,C,mismatch,edited_765,638,1,target
synthetic,91,96,1,+,A,C,mismatch,edited_765,649,1,target
synthetic,162,167,1,+,A,C,mismatch,edited_766,647,1,target
synthetic,185,190,1,+,A,C,mismatch,edited_766,625,1,target
synthetic,84,84,1,+,A,C,mismatch,edited_767,629,1,target
synthetic,128,132,1,+,A,C,mismatch,edited_767,642,1,target
synthetic,83,83,1,+,A,C,mismatch,edited_768,625,1,target
synthetic,164,164,1,+,A,C,mismatch,edited_768,641,1,target
synthetic,156,156,1,+,A,C,mismatch,edited_769,628,1,target
synthetic,88,89,1,+,A,C,mismatch,edited_769,631,1,target
synthetic,157,162,1,+,A,C,mismatch,edited_770,623,1,target
synthetic,143,144,1,+,A,C,mismatch,edited_770,621,1,target
synthetic,146,149,1,+,A,C,mismatch,edited_771,621,1,target
synthetic,95,100,1,+,A,C,mismatch,edited_771,621,1,target
synthetic,106,107,1,+,A,C,mismatch,edited_772,650,1,target
synthetic,192,192,1,+,A,C,mismatch,edited_772,636,1,target
synthetic,54,59,1,+,A,C,mismatch,edited_773,648,1,target
synthetic,189,194,1,+,A,C,mismatch,edited_773,646,1,target
synthetic,197,198,1,+,A,C,mismatch,edited_774,635,1,target
synthetic,165,167,1,+,A,C,mismatch,edited_774,629,1,target
synthetic,164,169,1,+,A,C,mismatch,edited_775,635,1,target
synthetic,196,196,1,+,A,C,mismatch,edited_775,649,1,target
synthetic,125,128,1,+,A,C,mismatch,edited_776,648,1,target
synthetic,192,197,1,+,A,C,mismatch,edited_776,632,1,target
synthetic,68,70,1,+,A,C,mismatch,edited_777,648,1,target
synthetic,71,72,1,+,A,C,mismatch,edited_777,632,1,target
synthetic,47,52,1,+,A,C,mismatch,edited_778,639,1,target
synthetic,194,195,1,+,A,C,mismatch,edited_778,631,1,target
synthetic,147,151,1,+,A,C,mismatch,edited_779,647,1,target
synthetic,168,172,1,+,A,C,mismatch,edited_779,640,1,target
synthetic,144,146,1,+,A,C,mismatch,edited_780,620,1,target
synthetic,188,193,1,+,A,C,mismatch,edited_780,647,1,target
synthetic,98,98,1,+,A,C,mismatch,edited_781,645,1,target
synthetic,168,169,1,+,A,C,mismatch,edited_781,629,1,target
synthetic,155,155,1,+,A,C,mismatch,edited_782,624,1,target
synthetic,146,147,1,+,A,C,mismatch,edited_782,649,1,target
synthetic,106,106,1,+,A,C,mismatch,edited_783,649,1,target
synthetic,88,93,1,+,A,C,mismatch,edited_783,624,1,target
synthetic,109,110,1,+,A,C,mismatch,edited_784,632,1,target
synthetic,69,73,1,+,A,C,mismatch,edited_784,631,1,target
synthetic,153,155,1,+,A,C,mismatch,edited_785,628,1,target
synthetic,125,125,1,+,A,C,mismatch,edited_785,642,1,target
synthetic,194,196,1,+,A,C,mismatch,edited_786,626,1,target
synthetic,122,122,1,+,A,C,mismatch,edited_786,636,1,target
synthetic,57,59,1,+,A,C,mismatch,edited_787,622,1,target
synthetic,194,198,1,+,A,C,mismatch,edited_787,631,1,target
synthetic,104,106,1,+,A,C,mismatch,edited_788,649,1,target
synthetic,194,196,1,+,A,C,mismatch,edited_788,624,1,target
synthetic,144,144,1,+,A,C,mismatch,edited_789,632,1,target
synthetic,50,54,1,+,A,C,mismatch,edited_789,623,1,target
synthetic,181,185,1,+,A,C,mismatch,edited_790,625,1,target
synthetic,158,162,1,+,A,C,mismatch,edited_790,645,1,target
synthetic,136,139,1,+,A,C,mismatch,edited_791,630,1,target
synthetic,40,42,1,+,A,C,mismatch,edited_791,627,1,target
synthetic,195,200,1,+,A,C,mismatch,edited_792,623,1,target
synthetic,65,67,1,+,A,C,mismatch,edited_792,621,1,target
synthetic,91,95,1,+,A,C,mismatch,edited_793,638,1,target
synthetic,43,44,1,+,A,C,mismatch,edited_793,647,1,target
synthetic,191,195,1,+,A,C,mismatch,edited_794,650,1,target
synthetic,166,170,1,+,A,C,mismatch,edited_794,640,1,target
synthetic,168,171,1,+,A,C,mismatch,edited_795,645,1,target
synthetic,110,112,1,+,A,C,mismatch,edited_795,628,1,target
synthetic,62,63,1,+,A,C,mismatch,edited_796,647,1,target
synthetic,78,81,1,+,A,C,mismatch,edited_796,640,1,target
synthetic,104,105,1,+,A,C,mismatch,edited_797,640,1,target
synthetic,100,101,1,+,A,C,mismatch,edited_797,627,1,target
synthetic,189,193,1,+,A,C,mismatch,edited_798,649,1,target
synthetic,124,127,1,+,A,C,mismatch,edited_798,625,1,target
synthetic,46,50,1,+,A,C,mismatch,edited_799,639,1,target
synthetic,80,84,1,+,A,C,mismatch,edited_799,630,1,target
synthetic,49,51,1,+,A,C,mismatch,edited_800,640,1,target
synthetic,87,87,1,+,A,C,mismatch,edited_800,643,1,target
synthetic,40,42,1,+,A,C,mismatch,edited_801,647,1,target
synthetic,96,100,1,+,A,C,mismatch,edited_801,635,1,target
synthetic,40,43,1,+,A,C,mismatch,edited_802,624,1,target
synthetic,74,76,1,+,A,C,mismatch,edited_802,646,1,target
synthetic,190,194,1,+,A,C,mismatch,edited_803,627,1,target
synthetic,136,138,1,+,A,C,mismatch,edited_803,632,1,target
synthetic,113,115,1,+,A,C,mismatch,edited_804,631,1,target
synthetic,126,131,1,+,A,C,mismatch,edited_804,636,1,target
synthetic,76,78,1,+,A,C,mismatch,edited_805,631,1,target
synthetic,152,152,1,+,A,C,mismatch,edited_805,647,1,target
synthetic,159,161,1,+,A,C,mismatch,edited_806,632,1,target
synthetic,98,102,1,+,A,C,mismatch,edited_806,642,1,target
synthetic,199,201,1,+,A,C,mismatch,edited_807,644,1,target
synthetic,114,118,1,+,A,C,mismatch,edited_807,621,1,target
synthetic,82,86,1,+,A,C,mismatch,edited_808,623,1,target
synthetic,56,59,1,+,A,C,mismatch,edited_808,627,1,target
synthetic,62,63,1,+,A,C,mismatch,edited_809,636,1,target
synthetic,154,157,1,+,A,C,mismatch,edited_809,642,1,target
synthetic,169,171,1,+,A,C,mismatch,edited_810,637,1,target
synthetic,182,186,1,+,A,C,mismatch,edited_810,644,1,target
synthetic,156,158,1,+,A,C,mismatch,edited_811,624,1,target
synthetic,182,186,1,+,A,C,mismatch,edited_811,626,1,target
synthetic,200,203,1,+,A,C,mismatch,edited_812,641,1,target
synthetic,100,100,1,+,A,C,mismatch,edited_812,649,1,target
synthetic,145,145,1,+,A,C,mismatch,edited_813,649,1,target
synthetic,119,123,1,+,A,C,mismatch,edited_813,635,1,target
synthetic,47,52,1,+,A,C,mismatch,edited_814,647,1,target
synthetic,135,140,1,+,A,C,mismatch,edited_814,648,1,target
synthetic,112,114,1,+,A,C,mismatch,edited_815,628,1,target
synthetic,107,109,1,+,A,C,mismatch,edited_815,646,1,target
synthetic,178,182,1,+,A,C,mismatch,edited_816,620,1,target
synthetic,49,51,1,+,A,C,mismatch,edited_816,632,1,target
synthetic,127,131,1,+,A,C,mismatch,edited_817,640,1,target
synthetic,137,141,1,+,A,C,mismatch,edited_817,634,1,target
synthetic,64,67,1,+,A,C,mismatch,edited_818,648,1,target
synthetic,67,70,1,+,A,C,mismatch,edited_818,632,1,target
synthetic,148,150,1,+,A,C,mismatch,edited_819,624,1,target
synthetic,70,72,1,+,A,C,mismatch,edited_819,636,1,target
synthetic,166,171,1,+,A,C,mismatch,edited_820,628,1,target
synthetic,88,92,1,+,A,C,mismatch,edited_820,632,1,target
synthetic,62,62,1,+,A,C,mismatch,edited_821,640,1,target
synthetic,122,122,1,+,A,C,mismatch,edited_821,649,1,target
synthetic,153,153,1,+,A,C,mismatch,edited_822,647,1,target
synthetic,82,87,1,+,A,C,mismatch,edited_822,634,1,target
synthetic,198,198,1,+,A,C,mismatch,edited_823,642,1,target
synthetic,190,194,1,+,A,C,mismatch,edited_823,632,1,target
synthetic,127,132,1,+,A,C,mismatch,edited_824,633,1,target
synthetic,55,57,1,+,A,C,mismatch,edited_824,633,1,target
synthetic,112,113,1,+,A,C,mismatch,edited_825,650,1,target
synthetic,55,57,1,+,A,C,mismatch,edited_825,649,1,target
synthetic,92,92,1,+,A,C,mismatch,edited_826,627,1,target
synthetic,132,137,1,+,A,C,mismatch,edited_826,649,1,target
synthetic,105,105,1,+,A,C,mismatch,edited_827,642,1,target
synthetic,188,189,1,+,A,C,mismatch,edited_827,633,1,target
synthetic,194,199,1,+,A,C,mismatch,edited_828,648,1,target
synthetic,196,200,1,+,A,C,mismatch,edited_828,636,1,target
synthetic,50,52,1,+,A,C,mismatch,edited_829,629,1,target
synthetic,65,70,1,+,A,C,mismatch,edited_829,623,1,target
synthetic,82,82,1,+,A,C,mismatch,edited_830,646,1,target
synthetic,157,159,1,+,A,C,mismatch,edited_830,628,1,target
synthetic,54,57,1,+,A,C,mismatch,edited_831,636,1,target
synthetic,143,145,1,+,A,C,mismatch,edited_831,621,1,target
synthetic,195,199,1,+,A,C,mismatch,edited_832,622,1,target
synthetic,81,83,1,+,A,C,mismatch,edited_832,620,1,target
synthetic,149,150,1,+,A,C,mismatch,edited_833,633,1,target
synthetic,104,108,1,+,A,C,mismatch,edited_833,623,1,target
synthetic,151,152,1,+,A,C,mismatch,edited_834,639,1,target
synthetic,44,48,1,+,A,C,mismatch,edited_834,630,1,target
synthetic,130,131,1,+,A,C,mismatch,edited_835,620,1,target
synthetic,193,195,1,+,A,C,mismatch,edited_835,636,1,target
synthetic,65,68,1,+,A,C,mismatch,edited_836,635,1,target
synthetic,154,157,1,+,A,C,mismatch,edited_836,635,1,target
synthetic,135,140,1,+,A,C,mismatch,edited_837,620,1,target
synthetic,168,172,1,+,A,C,mismatch,edited_837,628,1,target
synthetic,105,108,1,+,A,C,mismatch,edited_838,620,1,target
synthetic,195,200,1,+,A,C,mismatch,edited_838,635,1,target
synthetic,197,197,1,+,A,C,mismatch,edited_839,649,1,target
synthetic,77,78,1,+,A,C,mismatch,edited_839,647,1,target
synthetic,77,80,1,+,A,C,mismatch,edited_840,637,1,target
synthetic,92,97,1,+,A,C,mismatch,edited_840,633,1,target
synthetic,105,105,1,+,A,C,mismatch,edited_841,650,1,target
synthetic,80,82,1,+,A,C,mismatch,edited_841,647,1,target
synthetic,129,129,1,+,A,C,mismatch,edited_842,631,1,target
synthetic,49,52,1,+,A,C,mismatch,edited_842,645,1,target
synthetic,62,64,1,+,A,C,mismatch,edited_843,627,1,target
synthetic,98,100,1,+,A,C,mismatch,edited_843,635,1,target
synthetic,125,130,1,+,A,C,mismatch,edited_844,639,1,target
synthetic,180,185,1,+,A,C,mismatch,edited_844,634,1,target
synthetic,58,63,1,+,A,C,mismatch,edited_845,625,1,target
synthetic,199,200,1,+,A,C,mismatch,edited_845,626,1,target
synthetic,188,190,1,+,A,C,mismatch,edited_846,630,1,target
synthetic,184,185,1,+,A,C,mismatch,edited_846,641,1,target
synthetic,69,71,1,+,A,C,mismatch,edited_847,645,1,target
synthetic,78,81,1,+,A,C,mismatch,edited_847,635,1,target
synthetic,169,169,1,+,A,C,mismatch,edited_848,641,1,target
synthetic,77,77,1,+,A,C,mismatch,edited_848,648,1,target
synthetic,76,79,1,+,A,C,mismatch,edited_849,645,1,target
synthetic,68,68,1,+,A,C,mismatch,edited_849,638,1,target
synthetic,121,125,1,+,A,C,mismatch,edited_850,647,1,target
synthetic,111,113,1,+,A,C,mismatch,edited_850,646,1,target
synthetic,82,87,1,+,A,C,mismatch,edited_851,639,1,target
synthetic,159,161,1,+,A,C,mismatch,edited_851,646,1,target
synthetic,57,58,1,+,A,C,mismatch,edited_852,624,1,target
synthetic,117,118,1,+,A,C,mismatch,edited_852,631,1,target
synthetic,110,110,1,+,A,C,mismatch,edited_853,649,1,target
synthetic,59,60,1,+,A,C,mismatch,edited_853,620,1,target
synthetic,108,113,1,+,A,C,mismatch,edited_854,635,1,target
synthetic,53,58,1,+,A,C,mismatch,edited_854,634,1,target
synthetic,56,60,1,+,A,C,mismatch,edited_855,639,1,target
synthetic,170,173,1,+,A,C,mismatch,edited_855,644,1,target
synthetic,66,70,1,+,A,C,mismatch,edited_856,636,1,target
synthetic,191,195,1,+,A,C,mismatch,edited_856,628,1,target
synthetic,198,203,1,+,A,C,mismatch,edited_857,629,1,target
synthetic,50,50,1,+,A,C,mismatch,edited_857,622,1,target
synthetic,63,68,1,+,A,C,mismatch,edited_858,645,1,target
synthetic,44,44,1,+,A,C,mismatch,edited_858,645,1,target
synthetic,121,124,1,+,A,C,mismatch,edited_859,637,1,target
synthetic,126,128,1,+,A,C,mismatch,edited_859,650,1,target
synthetic,137,137,1,+,A,C,mismatch,edited_860,634,1,target
synthetic,178,180,1,+,A,C,mismatch,edited_860,646,1,target
synthetic,183,183,1,+,A,C,mismatch,edited_861,639,1,target
synthetic,177,181,1,+,A,C,mismatch,edited_861,622,1,target
synthetic,82,83,1,+,A,C,mismatch,edited_862,636,1,target
synthetic,122,123,1,+,A,C,mismatch,edited_862,639,1,target
synthetic,83,88,1,+,A,C,mismatch,edited_863,648,1,target
synthetic,103,108,1,+,A,C,mismatch,edited_863,642,1,target
synthetic,110,110,1,+,A,C,mismatch,edited_864,633,1,target
synthetic,64,66,1,+,A,C,mismatch,edited_864,650,1,target
synthetic,185,186,1,+,A,C,mismatch,edited_865,638,1,target
synthetic,173,174,1,+,A,C,mismatch,edited_865,628,1,target
synthetic,73,73,1,+,A,C,mismatch,edited_866,634,1,target
synthetic,86,88,1,+,A,C,mismatch,edited_866,624,1,target
synthetic,115,120,1,+,A,C,mismatch,edited_867,631,1,target
synthetic,186,188,1,+,A,C,mismatch,edited_867,630,1,target
synthetic,149,152,1,+,A,C,mismatch,edited_868,646,1,target
synthetic,169,171,1,+,A,C,mismatch,edited_868,621,1,target
synthetic,115,118,1,+,A,C,mismatch,edited_869,637,1,target
synthetic,72,72,1,+,A,C,mismatch,edited_869,625,1,target
synthetic,180,185,1,+,A,C,mismatch,edited_870,649,1,target
synthetic,178,179,1,+,A,C,mismatch,edited_870,626,1,target
synthetic,100,103,1,+,A,C,mismatch,edited_871,622,1,target
synthetic,137,137,1,+,A,C,mismatch,edited_871,650,1,target
synthetic,111,114,1,+,A,C,mismatch,edited_872,629,1,target
synthetic,195,197,1,+,A,C,mismatch,edited_872,641,1,target
synthetic,54,57,1,+,A,C,mismatch,edited_873,646,1,target
synthetic,175,177,1,+,A,C,mismatch,edited_873,638,1,target
synthetic,67,68,1,+,A,C,mismatch,edited_874,624,1,target
synthetic,113,117,1,+,A,C,mismatch,edited_874,630,1,target
synthetic,124,125,1,+,A,C,mismatch,edited_875,648,1,target
synthetic,78,78,1,+,A,C,mismatch,edited_875,625,1,target
synthetic,138,140,1,+,A,C,mismatch,edited_876,627,1,target
synthetic,119,122,1,+,A,C,mismatch,edited_876,637,1,target
synthetic,147,148,1,+,A,C,mismatch,edited_877,646,1,target
synthetic,121,123,1,+,A,C,mismatch,edited_877,631,1,target
synthetic,107,109,1,+,A,C,mismatch,edited_878,620,1,target
synthetic,119,121,1,+,A,C,mismatch,edited_878,643,1,target
synthetic,108,112,1,+,A,C,mismatch,edited_879,633,1,target
synthetic,134,134,1,+,A,C,mismatch,edited_879,632,1,target
synthetic,165,165,1,+,A,C,mismatch,edited_880,642,1,target
synthetic,194,195,1,+,A,C,mismatch,edited_880,629,1,target
synthetic,128,133,1,+,A,C,mismatch,edited_881,642,1,target
synthetic,189,189,1,+,A,C,mismatch,edited_881,628,1,target
synthetic,175,175,1,+,A,C,mismatch,edited_882,635,1,target
synthetic,133,134,1,+,A,C,mismatch,edited_882,647,1,target
synthetic,108,111,1,+,A,C,mismatch,edited_883,620,1,target
synthetic,160,163,1,+,A,C,mismatch,edited_883,646,1,target
synthetic,113,114,1,+,A,C,mismatch,edited_884,638,1,target
synthetic,144,146,1,+,A,C,mismatch,edited_884,648,1,target
synthetic,117,119,1,+,A,C,mismatch,edited_885,644,1,target
synthetic,191,195,1,+,A,C,mismatch,edited_885,625,1,target
synthetic,113,115,1,+,A,C,mismatch,edited_886,622,1,target
synthetic,156,159,1,+,A,C,mismatch,edited_886,632,1,target
synthetic,68,72,1,+,A,C,mismatch,edited_887,629,1,target
synthetic,192,195,1,+,A,C,mismatch,edited_887,625,1,target
synthetic,68,72,1,+,A,C,mismatch,edited_888,648,1,target
synthetic,113,114,1,+,A,C,mismatch,edited_888,648,1,target
synthetic,169,173,1,+,A,C,mismatch,edited_889,647,1,target
synthetic,130,135,1,+,A,C,mismatch,edited_889,642,1,target
synthetic,195,195,1,+,A,C,mismatch,edited_890,639,1,target
synthetic,150,153,1,+,A,C,mismatch,edited_890,636,1,target
synthetic,93,95,1,+,A,C,mismatch,edited_891,642,1,target
synthetic,193,193,1,+,A,C,mismatch,edited_891,646,1,target
synthetic,152,153,1,+,A,C,mismatch,edited_892,643,1,target
synthetic,97,101,1,+,A,C,mismatch,edited_892,629,1,target
synthetic,44,45,1,+,A,C,mismatch,edited_893,625,1,target
synthetic,82,84,1,+,A,C,mismatch,edited_893,630,1,target
synthetic,97,98,1,+,A,C,mismatch,edited_894,622,1,target
synthetic,43,45,1,+,A,C,mismatch,edited_894,647,1,target
synthetic,66,71,1,+,A,C,mismatch,edited_895,646,1,target
synthetic,185,186,1,+,A,C,mismatch,edited_895,626,1,target
synthetic,69,73,1,+,A,C,mismatch,edited_896,649,1,target
synthetic,42,43,1,+,A,C,mismatch,edited_896,634,1,target
synthetic,166,171,1,+,A,C,mismatch,edited_897,635,1,target
synthetic,159,164,1,+,A,C,mismatch,edited_897,628,1,target
synthetic,103,104,1,+,A,C,mismatch,edited_898,638,1,target
synthetic,165,168,1,+,A,C,mismatch,edited_898,640,1,target
synthetic,87,89,1,+,A,C,mismatch,edited_899,645,1,target
synthetic,125,125,1,+,A,C,mismatch,edited_899,630,1,target
synthetic,88,92,1,+,A,C,mismatch,edited_900,639,1,target
synthetic,128,133,1,+,A,C,mismatch,edited_900,625,1,target
synthetic,125,125,1,+,A,C,mismatch,edited_901,633,1,target
synthetic,73,73,1,+,A,C,mismatch,edited_901,632,1,target
synthetic,129,132,1,+,A,C,mismatch,edited_902,620,1,target
synthetic,182,187,1,+,A,C,mismatch,edited_902,641,1,target
synthetic,93,95,1,+,A,C,mismatch,edited_903,633,1,target
synthetic,53,54,1,+,A,C,mismatch,edited_903,639,1,target
synthetic,76,76,1,+,A,C,mismatch,edited_904,628,1,target
synthetic,189,193,1,+,A,C,mismatch,edited_904,643,1,target
synthetic,138,141,1,+,A,C,mismatch,edited_905,632,1,target
synthetic,67,70,1,+,A,C,mismatch,edited_905,649,1,target
synthetic,170,172,1,+,A,C,mismatch,edited_906,631,1,target
synthetic,116,119,1,+,A,C,mismatch,edited_906,638,1,target
synthetic,113,115,1,+,A,C,mismatch,edited_907,634,1,target
synthetic,91,94,1,+,A,C,mismatch,edited_907,644,1,target
synthetic,142,142,1,+,A,C,mismatch,edited_908,648,1,target
synthetic,101,105,1,+,A,C,mismatch,edited_908,630,1,target
synthetic,51,55,1,+,A,C,mismatch,edited_909,626,1,target
synthetic,76,78,1,+,A,C,mismatch,edited_909,639,1,target
synthetic,59,59,1,+,A,C,mismatch,edited_910,632,1,target
synthetic,106,106,1,+,A,C,mismatch,edited_910,627,1,target
synthetic,196,200,1,+,A,C,mismatch,edited_911,638,1,target
synthetic,111,115,1,+,A,C,mismatch,edited_911,640,1,target
synthetic,193,198,1,+,A,C,mismatch,edited_912,629,1,target
synthetic,75,79,1,+,A,C,mismatch,edited_912,643,1,target
synthetic,170,175,1,+,A,C,mismatch,edited_913,646,1,target
synthetic,138,138,1,+,A,C,mismatch,edited_913,621,1,target
synthetic,120,125,1,+,A,C,mismatch,edited_914,634,1,target
synthetic,118,123,1,+,A,C,mismatch,edited_914,646,1,target
synthetic,193,193,1,+,A,C,mismatch,edited_915,628,1,target
synthetic,101,105,1,+,A,C,mismatch,edited_915,628,1,target
synthetic,47,47,1,+,A,C,mismatch,edited_916,637,1,target
synthetic,96,96,1,+,A,C,mismatch,edited_916,632,1,target
synthetic,66,67,1,+,A,C,mismatch,edited_917,625,1,target
synthetic,71,76,1,+,A,C,mismatch,edited_917,641,1,target
synthetic,196,199,1,+,A,C,mismatch,edited_918,649,1,target
synthetic,43,48,1,+,A,C,mismatch,edited_918,630,1,target
synthetic,61,61,1,+,A,C,mismatch,edited_919,640,1,target
synthetic,196,196,1,+,A,C,mismatch,edited_919,624,1,target
synthetic,142,144,1,+,A,C,mismatch,edited_920,626,1,target
synthetic,174,179,1,+,A,C,mismatch,edited_920,641,1,target
synthetic,82,84,1,+,A,C,mismatch,edited_921,626,1,target
synthetic,157,158,1,+,A,C,mismatch,edited_921,631,1,target
synthetic,120,122,1,+,A,C,mismatch,edited_922,644,1,target
synthetic,106,111,1,+,A,C,mismatch,edited_922,645,1,target
synthetic,180,184,1,+,A,C,mismatch,edited_923,645,1,target
synthetic,59,60,1,+,A,C,mismatch,edited_923,642,1,target
synthetic,111,111,1,+,A,C,mismatch,edited_924,633,1,target
synthetic,163,167,1,+,A,C,mismatch,edited_924,629,1,target
synthetic,181,185,1,+,A,C,mismatch,edited_925,622,1,target
synthetic,50,53,1,+,A,C,mismatch,edited_925,643,1,target
synthetic,93,98,1,+,A,C,mismatch,edited_926,640,1,target
synthetic,74,74,1,+,A,C,mismatch,edited_926,646,1,target
synthetic,75,75,1,+,A,C,mismatch,edited_927,636,1,target
synthetic,97,98,1,+,A,C,mismatch,edited_927,637,1,target
synthetic,200,200,1,+,A,C,mismatch,edited_928,647,1,target
synthetic,62,65,1,+,A,C,mismatch,edited_928,646,1,target
synthetic,128,131,1,+,A,C,mismatch,edited_929,623,1,target
synthetic,70,70,1,+,A,C,mismatch,edited_929,623,1,target
synthetic,57,61,1,+,A,C,mismatch,edited_930,633,1,target
synthetic,167,170,1,+,A,C,mismatch,edited_930,650,1,target
synthetic,190,190,1,+,A,C,mismatch,edited_931,622,1,target
synthetic,148,151,1,+,A,C,mismatch,edited_931,621,1,target
synthetic,113,116,1,+,A,C,mismatch,edited_932,634,1,target
synthetic,70,75,1,+,A,C,mismatch,edited_932,622,1,target
synthetic,110,114,1,+,A,C,mismatch,edited_933,627,1,target
synthetic,47,48,1,+,A,C,mismatch,edited_933,633,1,target
synthetic,182,183,1,+,A,C,mismatch,edited_934,636,1,target
synthetic,99,102,1,+,A,C,mismatch,edited_934,628,1,target
synthetic,121,121,1,+,A,C,mismatch,edited_935,640,1,target
synthetic,183,186,1,+,A,C,mismatch,edited_935,643,1,target
synthetic,99,99,1,+,A,C,mismatch,edited_936,639,1,target
synthetic,106,109,1,+,A,C,mismatch,edited_936,637,1,target
synthetic,96,98,1,+,A,C,mismatch,edited_937,644,1,target
synthetic,148,153,1,+,A,C,mismatch,edited_937,643,1,target
synthetic,122,122,1,+,A,C,mismatch,edited_938,639,1,target
synthetic,149,153,1,+,A,C,mismatch,edited_938,627,1,target
synthetic,161,163,1,+,A,C,mismatch,edited_939,620,1,target
synthetic,188,191,1,+,A,C,mismatch,edited_939,641,1,target
synthetic,186,189,1,+,A,C,mismatch,edited_940,629,1,target
synthetic,137,137,1,+,A,C,mismatch,edited_940,624,1,target
synthetic,58,62,1,+,A,C,mismatch,edited_941,640,1,target
synthetic,163,164,1,+,A,C,mismatch,edited_941,648,1,target
synthetic,92,97,1,+,A,C,mismatch,edited_942,626,1,target
synthetic,166,167,1,+,A,C,mismatch,edited_942,641,1,target
synthetic,176,176,1,+,A,C,mismatch,edited_943,620,1,target
synthetic,113,117,1,+,A,C,mismatch,edited_943,628,1,target
synthetic,187,192,1,+,A,C,mismatch,edited_944,639,1,target
synthetic,184,189,1,+,A,C,mismatch,edited_944,622,1,target
synthetic,176,178,1,+,A,C,mismatch,edited_945,621,1,target
synthetic,132,134,1,+,A,C,mismatch,edited_945,644,1,target
synthetic,185,185,1,+,A,C,mismatch,edited_946,632,1,target
synthetic,127,128,1,+,A,C,mismatch,edited_946,639,1,target
synthetic,86,86,1,+,A,C,mismatch,edited_947,641,1,target
synthetic,68,72,1,+,A,C,mismatch,edited_947,644,1,target
synthetic,172,174,1,+,A,C,mismatch,edited_948,623,1,target
synthetic,155,155,1,+,A,C,mismatch,edited_948,649,1,target
synthetic,64,69,1,+,A,C,mismatch,edited_949,648,1,target
synthetic,192,196,1,+,A,C,mismatch,edited_949,634,1,target
synthetic,63,64,1,+,A,C,mismatch,edited_950,632,1,target
synthetic,71,73,1,+,A,C,mismatch,edited_950,637,1,target
synthetic,63,64,1,+,A,C,mismatch,edited_951,630,1,target
synthetic,68,73,1,+,A,C,mismatch,edited_951,621,1,target
synthetic,74,76,1,+,A,C,mismatch,edited_952,627,1,target
synthetic,176,178,1,+,A,C,mismatch,edited_952,628,1,target
synthetic,107,110,1,+,A,C,mismatch,edited_953,626,1,target
synthetic,47,50,1,+,A,C,mismatch,edited_953,624,1,target
synthetic,92,94,1,+,A,C,mismatch,edited_954,622,1,target
synthetic,157,161,1,+,A,C,mismatch,edited_954,643,1,target
synthetic,104,107,1,+,A,C,mismatch,edited_955,630,1,target
synthetic,49,52,1,+,A,C,mismatch,edited_955,622,1,target
synthetic,184,187,1,+,A,C,mismatch,edited_956,649,1,target
synthetic,163,165,1,+,A,C,mismatch,edited_956,629,1,target
synthetic,97,97,1,+,A,C,mismatch,edited_957,626,1,target
synthetic,126,126,1,+,A,C,mismatch,edited_957,634,1,target
synthetic,181,182,1,+,A,C,mismatch,edited_958,650,1,target
synthetic,114,118,1,+,A,C,mismatch,edited_958,642,1,target
synthetic,135,140,1,+,A,C,mismatch,edited_959,631,1,target
synthetic,136,139,1,+,A,C,mismatch,edited_959,630,1,target
synthetic,92,93,1,+,A,C,mismatch,edited_960,635,1,target
synthetic,161,163,1,+,A,C,mismatch,edited_960,644,1,target
synthetic,90,91,1,+,A,C,mismatch,edited_961,622,1,target
synthetic,67,70,1,+,A,C,mismatch,edited_961,634,1,target
synthetic,73,78,1,+,A,C,mismatch,edited_962,634,1,target
synthetic,114,117,1,+,A,C,mismatch,edited_962,625,1,target
synthetic,197,199,1,+,A,C,mismatch,edited_963,637,1,target
synthetic,53,53,1,+,A,C,mismatch,edited_963,640,1,target
synthetic,114,117,1,+,A,C,mismatch,edited_964,622,1,target
synthetic,167,170,1,+,A,C,mismatch,edited_964,638,1,target
synthetic,82,82,1,+,A,C,mismatch,edited_965,629,1,target
synthetic,134,138,1,+,A,C,mismatch,edited_965,627,1,target
synthetic,63,66,1,+,A,C,mismatch,edited_966,644,1,target
synthetic,123,126,1,+,A,C,mismatch,edited_966,631,1,target
synthetic,181,183,1,+,A,C,mismatch,edited_967,643,1,target
synthetic,99,103,1,+,A,C,mismatch,edited_967,632,1,target
synthetic,190,195,1,+,A,C,mismatch,edited_968,621,1,target
synthetic,184,186,1,+,A,C,mismatch,edited_968,639,1,target
synthetic,77,81,1,+,A,C,mismatch,edited_969,649,1,target
synthetic,170,170,1,+,A,C,mismatch,edited_969,642,1,target
synthetic,159,163,1,+,A,C,mismatch,edited_970,634,1,target
synthetic,83,88,1,+,A,C,mismatch,edited_970,643,1,target
synthetic,106,110,1,+,A,C,mismatch,edited_971,638,1,target
synthetic,76,81,1,+,A,C,mismatch,edited_971,646,1,target
synthetic,167,168,1,+,A,C,mismatch,edited_972,639,1,target
synthetic,44,49,1,+,A,C,mismatch,edited_972,641,1,target
synthetic,54,55,1,+,A,C,mismatch,edited_973,622,1,target
synthetic,92,95,1,+,A,C,mismatch,edited_973,640,1,target
synthetic,191,195,1,+,A,C,mismatch,edited_974,639,1,target
synthetic,60,62,1,+,A,C,mismatch,edited_974,637,1,target
synthetic,104,109,1,+,A,C,mismatch,edited_975,646,1,target
synthetic,148,151,1,+,A,C,mismatch,edited_975,635,1,target
synthetic,64,68,1,+,A,C,mismatch,edited_976,622,1,target
synthetic,76,76,1,+,A,C,mismatch,edited_976,629,1,target
synthetic,54,54,1,+,A,C,mismatch,edited_977,627,1,target
synthetic,69,72,1,+,A,C,mismatch,edited_977,643,1,target
synthetic,58,61,1,+,A,C,mismatch,edited_978,633,1,target
synthetic,150,150,1,+,A,C,mismatch,edited_978,646,1,target
synthetic,139,143,1,+,A,C,mismatch,edited_979,625,1,target
synthetic,93,95,1,+,A,C,mismatch,edited_979,638,1,target
synthetic,50,55,1,+,A,C,mismatch,edited_980,635,1,target
synthetic,55,57,1,+,A,C,mismatch,edited_980,645,1,target
synthetic,46,51,1,+,A,C,mismatch,edited_981,641,1,target
synthetic,193,194,1,+,A,C,mismatch,edited_981,630,1,target
synthetic,184,185,1,+,A,C,mismatch,edited_982,632,1,target
synthetic,114,114,1,+,A,C,mismatch,edited_982,645,1,target
synthetic,102,106,1,+,A,C,mismatch,edited_983,650,1,target
synthetic,93,94,1,+,A,C,mismatch,edited_983,636,1,target
synthetic,198,199,1,+,A,C,mismatch,edited_984,622,1,target
synthetic,49,53,1,+,A,C,mismatch,edited_984,630,1,target
synthetic,149,154,1,+,A,C,mismatch,edited_985,638,1,target
synthetic,108,111,1,+,A,C,mismatch,edited_985,636,1,target
synthetic,72,77,1,+,A,C,mismatch,edited_986,648,1,target
synthetic,106,110,1,+,A,C,mismatch,edited_986,649,1,target
synthetic,100,103,1,+,A,C,mismatch,edited_987,639,1,target
synthetic,169,172,1,+,A,C,mismatch,edited_987,643,1,target
synthetic,179,180,1,+,A,C,mismatch,edited_988,620,1,target
synthetic,163,164,1,+,A,C,mismatch,edited_988,631,1,target
synthetic,161,166,1,+,A,C,mismatch,edited_989,633,1,target
synthetic,105,108,1,+,A,C,mismatch,edited_989,630,1,target
synthetic,101,106,1,+,A,C,mismatch,edited_990,622,1,target
synthetic,102,104,1,+,A,C,mismatch,edited_990,646,1,target
synthetic,80,83,1,+,A,C,mismatch,edited_991,626,1,target
synthetic,107,107,1,+,A,C,mismatch,edited_991,638,1,target
synthetic,150,152,1,+,A,C,mismatch,edited_992,630,1,target
synthetic,185,186,1,+,A,C,mismatch,edited_992,641,1,target
synthetic,121,121,1,+,A,C,mismatch,edited_993,638,1,target
synthetic,190,191,1,+,A,C,mismatch,edited_993,641,1,target
synthetic,123,126,1,+,A,C,mismatch,edited_994,632,1,target
synthetic,114,118,1,+,A,C,mismatch,edited_994,645,1,target
synthetic,109,112,1,+,A,C,mismatch,edited_995,623,1,target
synthetic,45,46,1,+,A,C,mismatch,edited_995,648,1,target
synthetic,169,174,1,+,A,C,mismatch,edited_996,629,1,target
synthetic,101,105,1,+,A,C,mismatch,edited_996,633,1,target
synthetic,74,75,1,+,A,C,mismatch,edited_997,632,1,target
synthetic,89,91,1,+,A,C,mismatch,edited_997,622,1,target
synthetic,183,183,1,+,A,C,mismatch,edited_998,639,1,target
synthetic,186,191,1,+,A,C,mismatch,edited_998,625,1,target
synthetic,114,119,1,+,A,C,mismatch,edited_999,624,1,target
synthetic,99,100,1,+,A,C,mismatch,edited_999,627,1,target
synthetic,117,117,1,+,A,C,mismatch,edited_1000,646,1,target
synthetic,165,170,1,+,A,C,mismatch,edited_1000,639,1,target
synthetic,159,164,1,+,A,C,mismatch,edited_1001,627,1,target
synthetic,149,150,1,+,A,C,mismatch,edited_1001,622,1,target
synthetic,189,190,1,+,A,C,mismatch,edited_1002,628,1,target
synthetic,183,186,1,+,A,C,mismatch,edited_1002,640,1,target
synthetic,197,201,1,+,A,C,mismatch,edited_1003,644,1,target
synthetic,46,50,1,+,A,C,mismatch,edited_1003,649,1,target
synthetic,144,146,1,+,A,C,mismatch,edited_1004,637,1,target
synthetic,165,170,1,+,A,C,mismatch,edited_1004,624,1,target
synthetic,183,183,1,+,A,C,mismatch,edited_1005,637,1,target
synthetic,116,119,1,+,A,C,mismatch,edited_1005,632,1,target
synthetic,115,118,1,+,A,C,mismatch,edited_1006,650,1,target
synthetic,169,169,1,+,A,C,mismatch,edited_1006,645,1,target
synthetic,190,195,1,+,A,C,mismatch,edited_1007,648,1,target
synthetic,183,185,1,+,A,C,mismatch,edited_1007,639,1,target
synthetic,141,143,1,+,A,C,mismatch,edited_1008,625,1,target
synthetic,139,142,1,+,A,C,mismatch,edited_1008,634,1,target
synthetic,158,161,1,+,A,C,mismatch,edited_1009,639,1,target
synthetic,96,96,1,+,A,C,mismatch,edited_1009,634,1,target
synthetic,156,156,1,+,A,C,mismatch,edited_1010,636,1,target
synthetic,133,133,1,+,A,C,mismatch,edited_1010,634,1,target
synthetic,140,145,1,+,A,C,mismatch,edited_1011,626,1,target
synthetic,151,156,1,+,A,C,mismatch,edited_1011,622,1,target
synthetic,122,124,1,+,A,C,mismatch,edited_1012,631,1,target
synthetic,58,60,1,+,A,C,mismatch,edited_1012,621,1,target
synthetic,97,98,1,+,A,C,mismatch,edited_1013,630,1,target
synthetic,129,133,1,+,A,C,mismatch,edited_1013,647,1,target
synthetic,117,117,1,+,A,C,mismatch,edited_1014,635,1,target
synthetic,194,194,1,+,A,C,mismatch,edited_1014,645,1,target
synthetic,156,161,1,+,A,C,mismatch,edited_1015,646,1,target
synthetic,174,178,1,+,A,C,mismatch,edited_1015,629,1,target
synthetic,152,157,1,+,A,C,mismatch,edited_1016,632,1,target
synthetic,183,186,1,+,A,C,mismatch,edited_1016,622,1,target
synthetic,116,118,1,+,A,C,mismatch,edited_1017,642,1,target
synthetic,107,110,1,+,A,C,mismatch,edited_1017,624,1,target
synthetic,190,191,1,+,A,C,mismatch,edited_1018,638,1,target
synthetic,120,121,1,+,A,C,mismatch,edited_1018,640,1,target
synthetic,127,130,1,+,A,C,mismatch,edited_1019,638,1,target
synthetic,86,87,1,+,A,C,mismatch,edited_1019,625,1,target
synthetic,67,67,1,+,A,C,mismatch,edited_1020,637,1,target
synthetic,193,194,1,+,A,C,mismatch,edited_1020,626,1,target
synthetic,40,40,1,+,A,C,mismatch,edited_1021,627,1,target
synthetic,190,190,1,+,A,C,mismatch,edited_1021,626,1,target
synthetic,96,99,1,+,A,C,mismatch,edited_1022,626,1,target
synthetic,46,50,1,+,A,C,mismatch,edited_1022,624,1,target
synthetic,154,159,1,+,A,C,mismatch,edited_1023,641,1,target
synthetic,41,44,1,+,A,C,mismatch,edited_1023,620,1,target
synthetic,171,176,1,+,A,C,mismatch,edited_1024,635,1,target
synthetic,108,109,1,+,A,C,mismatch,edited_1024,649,1,target
synthetic,161,161,1,+,A,C,mismatch,edited_1025,643,1,target
synthetic,44,46,1,+,A,C,mismatch,edited_1025,643,1,target
synthetic,109,114,1,+,A,C,mismatch,edited_1026,622,1,target
synthetic,180,182,1,+,A,C,mismatch,edited_1026,621,1,target
synthetic,69,69,1,+,A,C,mismatch,edited_1027,631,1,target
synthetic,121,125,1,+,A,C,mismatch,edited_1027,639,1,target
synthetic,92,93,1,+,A,C,mismatch,edited_1028,630,1,target
synthetic,86,91,1,+,A,C,mismatch,edited_1028,643,1,target
synthetic,152,157,1,+,A,C,mismatch,edited_1029,649,1,target
synthetic,127,127,1,+,A,C,mismatch,edited_1029,641,1,target
synthetic,93,96,1,+,A,C,mismatch,edited_1030,644,1,target
synthetic,151,156,1,+,A,C,mismatch,edited_1030,639,1,target
synthetic,41,43,1,+,A,C,mismatch,edited_1031,642,1,target
synthetic,118,118,1,+,A,C,mismatch,edited_1031,630,1,target
synthetic,69,70,1,+,A,C,mismatch,edited_1032,649,1,target
synthetic,179,180,1,+,A,C,mismatch,edited_1032,626,1,target
synthetic,170,172,1,+,A,C,mismatch,edited_1033,641,1,target
synthetic,84,86,1,+,A,C,mismatch,edited_1033,636,1,target
synthetic,180,183,1,+,A,C,mismatch,edited_1034,626,1,target
synthetic,173,177,1,+,A,C,mismatch,edited_1034,637,1,target
synthetic,93,96,1,+,A,C,mismatch,edited_1035,635,1,target
synthetic,192,192,1,+,A,C,mismatch,edited_1035,638,1,target
synthetic,171,171,1,+,A,C,mismatch,edited_1036,625,1,target
synthetic,175,179,1,+,A,C,mismatch,edited_1036,639,1,target
synthetic,53,55,1,+,A,C,mismatch,edited_1037,645,1,target
synthetic,174,174,1,+,A,C,mismatch,edited_1037,636,1,target
synthetic,144,147,1,+,A,C,mismatch,edited_1038,637,1,target
synthetic,156,160,1,+,A,C,mismatch,edited_1038,638,1,target
synthetic,107,111,1,+,A,C,mismatch,edited_1039,641,1,target
synthetic,125,129,1,+,A,C,mismatch,edited_1039,635,1,target
synthetic,44,44,1,+,A,C,mismatch,edited_1040,641,1,target
synthetic,124,127,1,+,A,C,mismatch,edited_1040,644,1,target
synthetic,114,115,1,+,A,C,mismatch,edited_1041,632,1,target
synthetic,48,51,1,+,A,C,mismatch,edited_1041,649,1,target
synthetic,96,97,1,+,A,C,mismatch,edited_1042,638,1,target
synthetic,134,136,1,+,A,C,mismatch,edited_1042,643,1,target
synthetic,99,100,1,+,A,C,mismatch,edited_1043,626,1,target
synthetic,137,138,1,+,A,C,mismatch,edited_1043,641,1,target
synthetic,139,141,1,+,A,C,mismatch,edited_1044,646,1,target
synthetic,106,108,1,+,A,C,mismatch,edited_1044,629,1,target
synthetic,171,176,1,+,A,C,mismatch,edited_1045,629,1,target
synthetic,129,129,1,+,A,C,mismatch,edited_1045,625,1,target
synthetic,184,188,1,+,A,C,mismatch,edited_1046,646,1,target
synthetic,44,48,1,+,A,C,mismatch,edited_1046,622,1,target
synthetic,80,82,1,+,A,C,mismatch,edited_1047,627,1,target
synthetic,76,80,1,+,A,C,mismatch,edited_1047,620,1,target
synthetic,123,127,1,+,A,C,mismatch,edited_1048,632,1,target
synthetic,132,137,1,+,A,C,mismatch,edited_1048,626,1,target
synthetic,56,58,1,+,A,C,mismatch,edited_1049,639,1,target
synthetic,41,44,1,+,A,C,mismatch,edited_1049,643,1,target
synthetic,95,100,1,+,A,C,mismatch,edited_1050,643,1,target
synthetic,101,103,1,+,A,C,mismatch,edited_1050,649,1,target
synthetic,99,102,1,+,A,C,mismatch,edited_1051,632,1,target
synthetic,83,88,1,+,A,C,mismatch,edited_1051,636,1,target
synthetic,65,68,1,+,A,C,mismatch,edited_1052,628,1,target
synthetic,95,100,1,+,A,C,mismatch,edited_1052,632,1,target
synthetic,182,182,1,+,A,C,mismatch,edited_1053,646,1,target
synthetic,142,145,1,+,A,C,mismatch,edited_1053,621,1,target
synthetic,131,132,1,+,A,C,mismatch,edited_1054,644,1,target
synthetic,46,46,1,+,A,C,mismatch,edited_1054,624,1,target
synthetic,45,49,1,+,A,C,mismatch,edited_1055,626,1,target
synthetic,97,97,1,+,A,C,mismatch,edited_1055,645,1,target
synthetic,44,45,1,+,A,C,mismatch,edited_1056,643,1,target
synthetic,121,122,1,+,A,C,mismatch,edited_1056,629,1,target
synthetic,169,171,1,+,A,C,mismatch,edited_1057,638,1,target
synthetic,106,106,1,+,A,C,mismatch,edited_1057,636,1,target
synthetic,192,192,1,+,A,C,mismatch,edited_1058,644,1,target
synthetic,68,73,1,+,A,C,mismatch,edited_1058,627,1,target
synthetic,178,181,1,+,A,C,mismatch,edited_1059,642,1,target
synthetic,200,201,1,+,A,C,mismatch,edited_1059,649,1,target
synthetic,85,88,1,+,A,C,mismatch,edited_1060,642,1,target
synthetic,151,154,1,+,A,C,mismatch,edited_1060,634,1,target
synthetic,72,77,1,+,A,C,mismatch,edited_1061,649,1,target
synthetic,73,75,1,+,A,C,mismatch,edited_1061,648,1,target
synthetic,100,102,1,+,A,C,mismatch,edited_1062,628,1,target
synthetic,52,52,1,+,A,C,mismatch,edited_1062,623,1,target
synthetic,91,91,1,+,A,C,mismatch,edited_1063,627,1,target
synthetic,61,62,1,+,A,C,mismatch,edited_1063,625,1,target
synthetic,77,80,1,+,A,C,mismatch,edited_1064,633,1,target
synthetic,132,137,1,+,A,C,mismatch,edited_1064,647,1,target
synthetic,95,100,1,+,A,C,mismatch,edited_1065,649,1,target
synthetic,172,177,1,+,A,C,mismatch,edited_1065,639,1,target
synthetic,97,101,1,+,A,C,mismatch,edited_1066,631,1,target
synthetic,166,170,1,+,A,C,mismatch,edited_1066,622,1,target
synthetic,82,82,1,+,A,C,mismatch,edited_1067,645,1,target
synthetic,171,175,1,+,A,C,mismatch,edited_1067,639,1,target
synthetic,114,119,1,+,A,C,mismatch,edited_1068,632,1,target
synthetic,188,191,1,+,A,C,mismatch,edited_1068,648,1,target
synthetic,161,165,1,+,A,C,mismatch,edited_1069,647,1,target
synthetic,189,191,1,+,A,C,mismatch,edited_1069,635,1,target
synthetic,187,191,1,+,A,C,mismatch,edited_1070,637,1,target
synthetic,97,102,1,+,A,C,mismatch,edited_1070,634,1,target
synthetic,41,46,1,+,A,C,mismatch,edited_1071,631,1,target
synthetic,161,165,1,+,A,C,mismatch,edited_1071,637,1,target
synthetic,157,159,1,+,A,C,mismatch,edited_1072,626,1,target
synthetic,187,188,1,+,A,C,mismatch,edited_1072,623,1,target
synthetic,189,194,1,+,A,C,mismatch,edited_1073,631,1,target
synthetic,104,106,1,+,A,C,mismatch,edited_1073,645,1,target
synthetic,43,48,1,+,A,C,mismatch,edited_1074,649,1,target
synthetic,175,179,1,+,A,C,mismatch,edited_1074,633,1,target
synthetic,190,192,1,+,A,C,mismatch,edited_1075,624,1,target
synthetic,60,64,1,+,A,C,mismatch,edited_1075,623,1,target
synthetic,154,155,1,+,A,C,mismatch,edited_1076,634,1,target
synthetic,143,144,1,+,A,C,mismatch,edited_1076,643,1,target
synthetic,147,152,1,+,A,C,mismatch,edited_1077,624,1,target
synthetic,97,97,1,+,A,C,mismatch,edited_1077,625,1,target
synthetic,46,49,1,+,A,C,mismatch,edited_1078,643,1,target
synthetic,50,53,1,+,A,C,mismatch,edited_1078,634,1,target
synthetic,144,148,1,+,A,C,mismatch,edited_1079,632,1,target
synthetic,137,142,1,+,A,C,mismatch,edited_1079,621,1,target
synthetic,165,169,1,+,A,C,mismatch,edited_1080,641,1,target
synthetic,83,88,1,+,A,C,mismatch,edited_1080,627,1,target
synthetic,122,122,1,+,A,C,mismatch,edited_1081,628,1,target
synthetic,110,111,1,+,A,C,mismatch,edited_1081,625,1,target
synthetic,108,108,1,+,A,C,mismatch,edited_1082,633,1,target
synthetic,153,158,1,+,A,C,mismatch,edited_1082,643,1,target
synthetic,183,183,1,+,A,C,mismatch,edited_1083,622,1,target
synthetic,156,160,1,+,A,C,mismatch,edited_1083,626,1,target
synthetic,85,87,1,+,A,C,mismatch,edited_1084,620,1,target
synthetic,53,53,1,+,A,C,mismatch,edited_1084,626,1,target
synthetic,149,151,1,+,A,C,mismatch,edited_1085,647,1,target
synthetic,120,123,1,+,A,C,mismatch,edited_1085,646,1,target
synthetic,126,130,1,+,A,C,mismatch,edited_1086,644,1,target
synthetic,139,143,1,+,A,C,mismatch,edited_1086,635,1,target
synthetic,182,187,1,+,A,C,mismatch,edited_1087,643,1,target
synthetic,147,152,1,+,A,C,mismatch,edited_1087,645,1,target
synthetic,178,183,1,+,A,C,mismatch,edited_1088,635,1,target
synthetic,175,176,1,+,A,C,mismatch,edited_1088,623,1,target
synthetic,142,144,1,+,A,C,mismatch,edited_1089,632,1,target
synthetic,194,194,1,+,A,C,mismatch,edited_1089,634,1,target
synthetic,61,61,1,+,A,C,mismatch,edited_1090,635,1,target
synthetic,68,69,1,+,A,C,mismatch,edited_1090,649,1,target
synthetic,46,51,1,+,A,C,mismatch,edited_1091,639,1,target
synthetic,114,116,1,+,A,C,mismatch,edited_1091,622,1,target
synthetic,133,133,1,+,A,C,mismatch,edited_1092,622,1,target
synthetic,64,64,1,+,A,C,mismatch,edited_1092,634,1,target
synthetic,60,62,1,+,A,C,mismatch,edited_1093,634,1,target
synthetic,117,118,1,+,A,C,mismatch,edited_1093,647,1,target
synthetic,130,133,1,+,A,C,mismatch,edited_1094,633,1,target
synthetic,196,197,1,+,A,C,mismatch,edited_1094,629,1,target
synthetic,77,80,1,+,A,C,mismatch,edited_1095,624,1,target
synthetic,152,156,1,+,A,C,mismatch,edited_1095,636,1,target
synthetic,128,129,1,+,A,C,mismatch,edited_1096,633,1,target
synthetic,164,169,1,+,A,C,mismatch,edited_1096,648,1,target
synthetic,87,88,1,+,A,C,mismatch,edited_1097,637,1,target
synthetic,91,91,1,+,A,C,mismatch,edited_1097,649,1,target
synthetic,191,196,1,+,A,C,mismatch,edited_1098,648,1,target
synthetic,133,135,1,+,A,C,mismatch,edited_1098,647,1,target
synthetic,70,72,1,+,A,C,mismatch,edited_1099,650,1,target
synthetic,97,98,1,+,A,C,mismatch,edited_1099,646,1,target
synthetic,83,88,1,+,A,C,mismatch,edited_1100,622,1,target
synthetic,145,147,1,+,A,C,mismatch,edited_1100,650,1,target
synthetic,84,89,1,+,A,C,mismatch,edited_1101,629,1,target
synthetic,120,124,1,+,A,C,mismatch,edited_1101,643,1,target
synthetic,55,56,1,+,A,C,mismatch,edited_1102,649,1,target
synthetic,195,198,1,+,A,C,mismatch,edited_1102,623,1,target
synthetic,45,46,1,+,A,C,mismatch,edited_1103,648,1,target
synthetic,164,169,1,+,A,C,mismatch,edited_1103,625,1,target
synthetic,97,101,1,+,A,C,mismatch,edited_1104,650,1,target
synthetic,94,95,1,+,A,C,mismatch,edited_1104,641,1,target
synthetic,168,171,1,+,A,C,mismatch,edited_1105,625,1,target
synthetic,168,168,1,+,A,C,mismatch,edited_1105,625,1,target
synthetic,70,70,1,+,A,C,mismatch,edited_1106,629,1,target
synthetic,168,169,1,+,A,C,mismatch,edited_1106,627,1,target
synthetic,118,122,1,+,A,C,mismatch,edited_1107,647,1,target
synthetic,80,83,1,+,A,C,mismatch,edited_1107,636,1,target
synthetic,93,97,1,+,A,C,mismatch,edited_1108,621,1,target
synthetic,169,170,1,+,A,C,mismatch,edited_1108,626,1,target
synthetic,97,97,1,+,A,C,mismatch,edited_1109,634,1,target
synthetic,84,86,1,+,A,C,mismatch,edited_1109,631,1,target
synthetic,177,177,1,+,A,C,mismatch,edited_1110,628,1,target
synthetic,48,51,1,+,A,C,mismatch,edited_1110,624,1,target
synthetic,193,193,1,+,A,C,mismatch,edited_1111,641,1,target
synthetic,53,55,1,+,A,C,mismatch,edited_1111,621,1,target
synthetic,92,95,1,+,A,C,mismatch,edited_1112,634,1,target
synthetic,177,181,1,+,A,C,mismatch,edited_1112,634,1,target
synthetic,121,124,1,+,A,C,mismatch,edited_1113,627,1,target
synthetic,110,114,1,+,A,C,mismatch,edited_1113,624,1,target
synthetic,181,182,1,+,A,C,mismatch,edited_1114,644,1,target
synthetic,85,85,1,+,A,C,mismatch,edited_1114,626,1,target
synthetic,180,182,1,+,A,C,mismatch,edited_1115,638,1,target
synthetic,89,92,1,+,A,C,mismatch,edited_1115,634,1,target
synthetic,115,119,1,+,A,C,mismatch,edited_1116,624,1,target
synthetic,122,122,1,+,A,C,mismatch,edited_1116,623,1,target
synthetic,92,96,1,+,A,C,mismatch,edited_1117,626,1,target
synthetic,182,187,1,+,A,C,mismatch,edited_1117,633,1,target
synthetic,186,191,1,+,A,C,mismatch,edited_1118,627,1,target
synthetic,199,204,1,+,A,C,mismatch,edited_1118,633,1,target
synthetic,175,180,1,+,A,C,mismatch,edited_1119,641,1,target
synthetic,180,180,1,+,A,C,mismatch,edited_1119,636,1,target
synthetic,163,163,1,+,A,C,mismatch,edited_1120,637,1,target
synthetic,117,122,1,+,A,C,mismatch,edited_1120,630,1,target
synthetic,135,138,1,+,A,C,mismatch,edited_1121,637,1,target
synthetic,164,164,1,+,A,C,mismatch,edited_1121,646,1,target
synthetic,164,169,1,+,A,C,mismatch,edited_1122,641,1,target
synthetic,179,182,1,+,A,C,mismatch,edited_1122,635,1,target
synthetic,69,72,1,+,A,C,mismatch,edited_1123,625,1,target
synthetic,139,139,1,+,A,C,mismatch,edited_1123,649,1,target
synthetic,153,155,1,+,A,C,mismatch,edited_1124,634,1,target
synthetic,136,141,1,+,A,C,mismatch,edited_1124,647,1,target
synthetic,106,107,1,+,A,C,mismatch,edited_1125,646,1,target
synthetic,112,113,1,+,A,C,mismatch,edited_1125,635,1,target
synthetic,146,148,1,+,A,C,mismatch,edited_1126,638,1,target
synthetic,58,60,1,+,A,C,mismatch,edited_1126,646,1,target
synthetic,88,91,1,+,A,C,mismatch,edited_1127,645,1,target
synthetic,85,85,1,+,A,C,mismatch,edited_1127,642,1,target
synthetic,111,115,1,+,A,C,mismatch,edited_1128,641,1,target
synthetic,158,159,1,+,A,C,mismatch,edited_1128,626,1,target
synthetic,54,58,1,+,A,C,mismatch,edited_1129,625,1,target
synthetic,114,115,1,+,A,C,mismatch,edited_1129,634,1,target
synthetic,56,59,1,+,A,C,mismatch,edited_1130,630,1,target
synthetic,196,198,1,+,A,C,mismatch,edited_1130,620,1,target
synthetic,167,172,1,+,A,C,mismatch,edited_1131,630,1,target
synthetic,109,109,1,+,A,C,mismatch,edited_1131,644,1,target
synthetic,76,78,1,+,A,C,mismatch,edited_1132,633,1,target
synthetic,163,163,1,+,A,C,mismatch,edited_1132,628,1,target
synthetic,195,196,1,+,A,C,mismatch,edited_1133,646,1,target
synthetic,153,154,1,+,A,C,mismatch,edited_1133,648,1,target
synthetic,127,132,1,+,A,C,mismatch,edited_1134,645,1,target
synthetic,107,111,1,+,A,C,mismatch,edited_1134,622,1,target
synthetic,143,147,1,+,A,C,mismatch,edited_1135,632,1,target
synthetic,135,139,1,+,A,C,mismatch,edited_1135,625,1,target
synthetic,125,127,1,+,A,C,mismatch,edited_1136,645,1,target
synthetic,88,88,1,+,A,C,mismatch,edited_1136,634,1,target
synthetic,169,170,1,+,A,C,mismatch,edited_1137,644,1,target
synthetic,43,44,1,+,A,C,mismatch,edited_1137,627,1,target
synthetic,180,183,1,+,A,C,mismatch,edited_1138,646,1,target
synthetic,189,194,1,+,A,C,mismatch,edited_1138,628,1,target
synthetic,155,155,1,+,A,C,mismatch,edited_1139,621,1,target
synthetic,159,159,1,+,A,C,mismatch,edited_1139,634,1,target
synthetic,116,121,1,+,A,C,mismatch,edited_1140,621,1,target
synthetic,155,159,1,+,A,C,mismatch,edited_1140,639,1,target
synthetic,44,44,1,+,A,C,mismatch,edited_1141,645,1,target
synthetic,133,134,1,+,A,C,mismatch,edited_1141,648,1,target
synthetic,112,115,1,+,A,C,mismatch,edited_1142,632,1,target
synthetic,127,128,1,+,A,C,mismatch,edited_1142,648,1,target
synthetic,126,131,1,+,A,C,mismatch,edited_1143,640,1,target
synthetic,129,134,1,+,A,C,mismatch,edited_1143,631,1,target
synthetic,86,90,1,+,A,C,mismatch,edited_1144,636,1,target
synthetic,131,134,1,+,A,C,mismatch,edited_1144,622,1,target
synthetic,142,146,1,+,A,C,mismatch,edited_1145,642,1,target
synthetic,142,143,1,+,A,C,mismatch,edited_1145,647,1,target
synthetic,117,119,1,+,A,C,mismatch,edited_1146,639,1,target
synthetic,117,119,1,+,A,C,mismatch,edited_1146,625,1,target
synthetic,109,109,1,+,A,C,mismatch,edited_1147,630,1,target
synthetic,93,98,1,+,A,C,mismatch,edited_1147,623,1,target
synthetic,120,122,1,+,A,C,mismatch,edited_1148,644,1,target
synthetic,145,146,1,+,A,C,mismatch,edited_1148,621,1,target
synthetic,182,185,1,+,A,C,mismatch,edited_1149,634,1,target
synthetic,101,106,1,+,A,C,mismatch,edited_1149,647,1,target
synthetic,89,89,1,+,A,C,mismatch,edited_1150,634,1,target
synthetic,112,116,1,+,A,C,mismatch,edited_1150,633,1,target
synthetic,175,178,1,+,A,C,mismatch,edited_1151,643,1,target
synthetic,90,94,1,+,A,C,mismatch,edited_1151,648,1,target
synthetic,120,123,1,+,A,C,mismatch,edited_1152,640,1,target
synthetic,106,111,1,+,A,C,mismatch,edited_1152,645,1,target
synthetic,116,116,1,+,A,C,mismatch,edited_1153,629,1,target
synthetic,141,141,1,+,A,C,mismatch,edited_1153,647,1,target
synthetic,80,83,1,+,A,C,mismatch,edited_1154,628,1,target
synthetic,105,105,1,+,A,C,mismatch,edited_1154,635,1,target
synthetic,190,191,1,+,A,C,mismatch,edited_1155,635,1,target
synthetic,174,175,1,+,A,C,mismatch,edited_1155,645,1,target
synthetic,177,181,1,+,A,C,mismatch,edited_1156,627,1,target
synthetic,47,52,1,+,A,C,mismatch,edited_1156,627,1,target
synthetic,50,54,1,+,A,C,mismatch,edited_1157,634,1,target
synthetic,147,152,1,+,A,C,mismatch,edited_1157,642,1,target
synthetic,43,45,1,+,A,C,mismatch,edited_1158,644,1,target
synthetic,189,193,1,+,A,C,mismatch,edited_1158,639,1,target
synthetic,59,59,1,+,A,C,mismatch,edited_1159,647,1,target
synthetic,106,108,1,+,A,C,mismatch,edited_1159,623,1,target
synthetic,72,75,1,+,A,C,mismatch,edited_1160,632,1,target
synthetic,56,59,1,+,A,C,mismatch,edited_1160,623,1,target
synthetic,110,113,1,+,A,C,mismatch,edited_1161,631,1,target
synthetic,193,194,1,+,A,C,mismatch,edited_1161,622,1,target
synthetic,98,101,1,+,A,C,mismatch,edited_1162,646,1,target
synthetic,130,132,1,+,A,C,mismatch,edited_1162,641,1,target
synthetic,139,140,1,+,A,C,mismatch,edited_1163,622,1,target
synthetic,157,161,1,+,A,C,mismatch,edited_1163,639,1,target
synthetic,57,60,1,+,A,C,mismatch,edited_1164,649,1,target
synthetic,91,92,1,+,A,C,mismatch,edited_1164,649,1,target
synthetic,109,113,1,+,A,C,mismatch,edited_1165,648,1,target
synthetic,173,177,1,+,A,C,mismatch,edited_1165,626,1,target
synthetic,138,143,1,+,A,C,mismatch,edited_1166,634,1,target
synthetic,70,70,1,+,A,C,mismatch,edited_1166,631,1,target
synthetic,84,84,1,+,A,C,mismatch,edited_1167,627,1,target
synthetic,188,189,1,+,A,C,mismatch,edited_1167,623,1,target
synthetic,160,162,1,+,A,C,mismatch,edited_1168,630,1,target
synthetic,129,130,1,+,A,C,mismatch,edited_1168,622,1,target
synthetic,96,97,1,+,A,C,mismatch,edited_1169,639,1,target
synthetic,154,154,1,+,A,C,mismatch,edited_1169,648,1,target
synthetic,123,123,1,+,A,C,mismatch,edited_1170,630,1,target
synthetic,92,97,1,+,A,C,mismatch,edited_1170,626,1,target
synthetic,104,105,1,+,A,C,mismatch,edited_1171,640,1,target
synthetic,132,132,1,+,A,C,mismatch,edited_1171,646,1,target
synthetic,117,117,1,+,A,C,mismatch,edited_1172,642,1,target
synthetic,75,80,1,+,A,C,mismatch,edited_1172,624,1,target
synthetic,112,115,1,+,A,C,mismatch,edited_1173,633,1,target
synthetic,91,94,1,+,A,C,mismatch,edited_1173,625,1,target
synthetic,62,62,1,+,A,C,mismatch,edited_1174,626,1,target
synthetic,169,173,1,+,A,C,mismatch,edited_1174,621,1,target
synthetic,92,93,1,+,A,C,mismatch,edited_1175,632,1,target
synthetic,73,75,1,+,A,C,mismatch,edited_1175,637,1,target
synthetic,187,192,1,+,A,C,mismatch,edited_1176,636,1,target
synthetic,68,73,1,+,A,C,mismatch,edited_1176,627,1,target
synthetic,40,42,1,+,A,C,mismatch,edited_1177,621,1,target
synthetic,97,98,1,+,A,C,mismatch,edited_1177,643,1,target
synthetic,58,60,1,+,A,C,mismatch,edited_1178,635,1,target
synthetic,72,75,1,+,A,C,mismatch,edited_1178,632,1,target
synthetic,199,199,1,+,A,C,mismatch,edited_1179,631,1,target
synthetic,44,47,1,+,A,C,mismatch,edited_1179,628,1,target
synthetic,52,55,1,+,A,C,mismatch,edited_1180,622,1,target
synthetic,157,159,1,+,A,C,mismatch,edited_1180,647,1,target
synthetic,83,87,1,+,A,C,mismatch,edited_1181,623,1,target
synthetic,139,142,1,+,A,C,mismatch,edited_1181,645,1,target
synthetic,174,177,1,+,A,C,mismatch,edited_1182,620,1,target
synthetic,153,155,1,+,A,C,mismatch,edited_1182,644,1,target
synthetic,122,127,1,+,A,C,mismatch,edited_1183,635,1,target
synthetic,130,131,1,+,A,C,mismatch,edited_1183,637,1,target
synthetic,135,139,1,+,A,C,mismatch,edited_1184,641,1,target
synthetic,72,74,1,+,A,C,mismatch,edited_1184,631,1,target
synthetic,51,56,1,+,A,C,mismatch,edited_1185,642,1,target
synthetic,157,158,1,+,A,C,mismatch,edited_1185,630,1,target
synthetic,200,205,1,+,A,C,mismatch,edited_1186,622,1,target
synthetic,178,182,1,+,A,C,mismatch,edited_1186,645,1,target
synthetic,177,182,1,+,A,C,mismatch,edited_1187,647,1,target
synthetic,75,78,1,+,A,C,mismatch,edited_1187,642,1,target
synthetic,130,132,1,+,A,C,mismatch,edited_1188,631,1,target
synthetic,146,151,1,+,A,C,mismatch,edited_1188,624,1,target
synthetic,199,204,1,+,A,C,mismatch,edited_1189,631,1,target
synthetic,73,75,1,+,A,C,mismatch,edited_1189,649,1,target
synthetic,184,187,1,+,A,C,mismatch,edited_1190,624,1,target
synthetic,124,128,1,+,A,C,mismatch,edited_1190,628,1,target
synthetic,117,121,1,+,A,C,mismatch,edited_1191,629,1,target
synthetic,148,150,1,+,A,C,mismatch,edited_1191,628,1,target
synthetic,187,191,1,+,A,C,mismatch,edited_1192,625,1,target
synthetic,130,133,1,+,A,C,mismatch,edited_1192,635,1,target
synthetic,55,56,1,+,A,C,mismatch,edited_1193,628,1,target
synthetic,170,174,1,+,A,C,mismatch,edited_1193,648,1,target
synthetic,95,96,1,+,A,C,mismatch,edited_1194,623,1,target
synthetic,155,157,1,+,A,C,mismatch,edited_1194,638,1,target
synthetic,179,182,1,+,A,C,mismatch,edited_1195,639,1,target
synthetic,82,86,1,+,A,C,mismatch,edited_1195,644,1,target
synthetic,143,148,1,+,A,C,mismatch,edited_1196,623,1,target
synthetic,88,93,1,+,A,C,mismatch,edited_1196,633,1,target
synthetic,198,200,1,+,A,C,mismatch,edited_1197,642,1,target
synthetic,188,193,1,+,A,C,mismatch,edited_1197,623,1,target
synthetic,109,111,1,+,A,C,mismatch,edited_1198,622,1,target
synthetic,145,146,1,+,A,C,mismatch,edited_1198,640,1,target
synthetic,120,125,1,+,A,C,mismatch,edited_1199,634,1,target
synthetic,56,60,1,+,A,C,mismatch,edited_1199,632,1,target
synthetic,196,198,1,+,A,C,mismatch,edited_1200,638,1,target
synthetic,179,182,1,+,A,C,mismatch,edited_1200,650,1,target
synthetic,133,135,1,+,A,C,mismatch,edited_1201,639,1,target
synthetic,113,115,1,+,A,C,mismatch,edited_1201,625,1,target
synthetic,103,104,1,+,A,C,mismatch,edited_1202,638,1,target
synthetic,134,139,1,+,A,C,mismatch,edited_1202,636,1,target
synthetic,154,158,1,+,A,C,mismatch,edited_1203,634,1,target
synthetic,113,113,1,+,A,C,mismatch,edited_1203,648,1,target
synthetic,79,80,1,+,A,C,mismatch,edited_1204,621,1,target
synthetic,142,144,1,+,A,C,mismatch,edited_1204,628,1,target
synthetic,144,147,1,+,A,C,mismatch,edited_1205,625,1,target
synthetic,161,162,1,+,A,C,mismatch,edited_1205,623,1,target
synthetic,168,172,1,+,A,C,mismatch,edited_1206,622,1,target
synthetic,154,156,1,+,A,C,mismatch,edited_1206,645,1,target
synthetic,88,90,1,+,A,C,mismatch,edited_1207,628,1,target
synthetic,171,171,1,+,A,C,mismatch,edited_1207,642,1,target
synthetic,74,76,1,+,A,C,mismatch,edited_1208,622,1,target
synthetic,193,193,1,+,A,C,mismatch,edited_1208,622,1,target
synthetic,88,88,1,+,A,C,mismatch,edited_1209,649,1,target
synthetic,98,100,1,+,A,C,mismatch,edited_1209,628,1,target
synthetic,99,102,1,+,A,C,mismatch,edited_1210,629,1,target
synthetic,129,129,1,+,A,C,mismatch,edited_1210,627,1,target
synthetic,169,172,1,+,A,C,mismatch,edited_1211,649,1,target
synthetic,191,195,1,+,A,C,mismatch,edited_1211,649,1,target
synthetic,54,56,1,+,A,C,mismatch,edited_1212,635,1,target
synthetic,43,44,1,+,A,C,mismatch,edited_1212,648,1,target
synthetic,158,158,1,+,A,C,mismatch,edited_1213,647,1,target
synthetic,95,100,1,+,A,C,mismatch,edited_1213,647,1,target
synthetic,187,188,1,+,A,C,mismatch,edited_1214,637,1,target
synthetic,142,147,1,+,A,C,mismatch,edited_1214,625,1,target
synthetic,114,115,1,+,A,C,mismatch,edited_1215,622,1,target
synthetic,116,116,1,+,A,C,mismatch,edited_1215,634,1,target
synthetic,40,45,1,+,A,C,mismatch,edited_1216,646,1,target
synthetic,41,42,1,+,A,C,mismatch,edited_1216,633,1,target
synthetic,154,157,1,+,A,C,mismatch,edited_1217,642,1,target
synthetic,80,85,1,+,A,C,mismatch,edited_1217,623,1,target
synthetic,174,176,1,+,A,C,mismatch,edited_1218,644,1,target
synthetic,148,152,1,+,A,C,mismatch,edited_1218,622,1,target
synthetic,160,162,1,+,A,C,mismatch,edited_1219,633,1,target
synthetic,85,87,1,+,A,C,mismatch,edited_1219,648,1,target
synthetic,159,162,1,+,A,C,mismatch,edited_1220,636,1,target
synthetic,156,161,1,+,A,C,mismatch,edited_1220,640,1,target
synthetic,56,61,1,+,A,C,mismatch,edited_1221,644,1,target
synthetic,104,106,1,+,A,C,mismatch,edited_1221,624,1,target
synthetic,101,106,1,+,A,C,mismatch,edited_1222,627,1,target
synthetic,96,98,1,+,A,C,mismatch,edited_1222,644,1,target
synthetic,69,73,1,+,A,C,mismatch,edited_1223,636,1,target
synthetic,60,60,1,+,A,C,mismatch,edited_1223,646,1,target
synthetic,191,195,1,+,A,C,mismatch,edited_1224,636,1,target
synthetic,150,153,1,+,A,C,mismatch,edited_1224,627,1,target
synthetic,55,55,1,+,A,C,mismatch,edited_1225,647,1,target
synthetic,145,145,1,+,A,C,mismatch,edited_1225,636,1,target
synthetic,173,173,1,+,A,C,mismatch,edited_1226,627,1,target
synthetic,167,169,1,+,A,C,mismatch,edited_1226,624,1,target
synthetic,116,121,1,+,A,C,mismatch,edited_1227,633,1,target
synthetic,200,201,1,+,A,C,mismatch,edited_1227,644,1,target
synthetic,47,52,1,+,A,C,mismatch,edited_1228,623,1,target
synthetic,154,154,1,+,A,C,mismatch,edited_1228,633,1,target
synthetic,116,117,1,+,A,C,mismatch,edited_1229,621,1,target
synthetic,188,192,1,+,A,C,mismatch,edited_1229,632,1,target
synthetic,110,113,1,+,A,C,mismatch,edited_1230,648,1,target
synthetic,116,116,1,+,A,C,mismatch,edited_1230,626,1,target
synthetic,126,128,1,+,A,C,mismatch,edited_1231,621,1,target
synthetic,80,82,1,+,A,C,mismatch,edited_1231,650,1,target
synthetic,41,46,1,+,A,C,mismatch,edited_1232,632,1,target
synthetic,115,118,1,+,A,C,mismatch,edited_1232,644,1,target
synthetic,192,193,1,+,A,C,mismatch,edited_1233,629,1,target
synthetic,46,48,1,+,A,C,mismatch,edited_1233,633,1,target
synthetic,160,162,1,+,A,C,mismatch,edited_1234,648,1,target
synthetic,54,55,1,+,A,C,mismatch,edited_1234,636,1,target
synthetic,93,94,1,+,A,C,mismatch,edited_1235,623,1,target
synthetic,132,132,1,+,A,C,mismatch,edited_1235,646,1,target
synthetic,104,104,1,+,A,C,mismatch,edited_1236,646,1,target
synthetic,122,126,1,+,A,C,mismatch,edited_1236,628,1,target
synthetic,48,51,1,+,A,C,mismatch,edited_1237,642,1,target
synthetic,149,151,1,+,A,C,mismatch,edited_1237,621,1,target
synthetic,96,98,1,+,A,C,mismatch,edited_1238,631,1,target
synthetic,94,98,1,+,A,C,mismatch,edited_1238,625,1,target
synthetic,58,60,1,+,A,C,mismatch,edited_1239,633,1,target
synthetic,192,197,1,+,A,C,mismatch,edited_1239,627,1,target
synthetic,97,102,1,+,A,C,mismatch,edited_1240,649,1,target
synthetic,153,153,1,+,A,C,mismatch,edited_1240,625,1,target
synthetic,42,46,1,+,A,C,mismatch,edited_1241,648,1,target
synthetic,59,64,1,+,A,C,mismatch,edited_1241,632,1,target
synthetic,144,144,1,+,A,C,mismatch,edited_1242,648,1,target
synthetic,77,81,1,+,A,C,mismatch,edited_1242,635,1,target
synthetic,187,191,1,+,A,C,mismatch,edited_1243,625,1,target
synthetic,137,137,1,+,A,C,mismatch,edited_1243,625,1,target
synthetic,127,131,1,+,A,C,mismatch,edited_1244,626,1,target
synthetic,196,196,1,+,A,C,mismatch,edited_1244,629,1,target
synthetic,150,151,1,+,A,C,mismatch,edited_1245,633,1,target
synthetic,79,79,1,+,A,C,mismatch,edited_1245,633,1,target
synthetic,135,140,1,+,A,C,mismatch,edited_1246,650,1,target
synthetic,181,182,1,+,A,C,mismatch,edited_1246,631,1,target
synthetic,146,146,1,+,A,C,mismatch,edited_1247,647,1,target
synthetic,177,177,1,+,A,C,mismatch,edited_1247,648,1,target
synthetic,83,88,1,+,A,C,mismatch,edited_1248,625,1,target
synthetic,161,163,1,+,A,C,mismatch,edited_1248,622,1,target
synthetic,64,66,1,+,A,C,mismatch,edited_1249,646,1,target
synthetic,48,48,1,+,A,C,mismatch,edited_1249,643,1,target
synthetic,44,49,1,+,A,C,mismatch,edited_1250,638,1,target
synthetic,79,82,1,+,A,C,mismatch,edited_1250,627,1,target
synthetic,185,186,1,+,A,C,mismatch,edited_1251,620,1,target
synthetic,63,66,1,+,A,C,mismatch,edited_1251,632,1,target
synthetic,126,128,1,+,A,C,mismatch,edited_1252,627,1,target
synthetic,146,146,1,+,A,C,mismatch,edited_1252,650,1,target
synthetic,145,149,1,+,A,C,mismatch,edited_1253,645,1,target
synthetic,153,157,1,+,A,C,mismatch,edited_1253,624,1,target
synthetic,127,130,1,+,A,C,mismatch,edited_1254,634,1,target
synthetic,63,64,1,+,A,C,mismatch,edited_1254,637,1,target
synthetic,72,72,1,+,A,C,mismatch,edited_1255,623,1,target
synthetic,186,188,1,+,A,C,mismatch,edited_1255,648,1,target
synthetic,145,149,1,+,A,C,mismatch,edited_1256,630,1,target
synthetic,178,183,1,+,A,C,mismatch,edited_1256,634,1,target
synthetic,170,170,1,+,A,C,mismatch,edited_1257,646,1,target
synthetic,84,89,1,+,A,C,mismatch,edited_1257,620,1,target
synthetic,133,135,1,+,A,C,mismatch,edited_1258,642,1,target
synthetic,155,158,1,+,A,C,mismatch,edited_1258,636,1,target
synthetic,116,120,1,+,A,C,mismatch,edited_1259,627,1,target
synthetic,115,115,1,+,A,C,mismatch,edited_1259,639,1,target
synthetic,117,122,1,+,A,C,mismatch,edited_1260,631,1,target
synthetic,176,180,1,+,A,C,mismatch,edited_1260,648,1,target
synthetic,89,93,1,+,A,C,mismatch,edited_1261,642,1,target
synthetic,45,50,1,+,A,C,mismatch,edited_1261,647,1,target
synthetic,144,146,1,+,A,C,mismatch,edited_1262,648,1,target
synthetic,94,95,1,+,A,C,mismatch,edited_1262,643,1,target
synthetic,108,108,1,+,A,C,mismatch,edited_1263,623,1,target
synthetic,65,67,1,+,A,C,mismatch,edited_1263,626,1,target
synthetic,99,103,1,+,A,C,mismatch,edited_1264,630,1,target
synthetic,123,123,1,+,A,C,mismatch,edited_1264,632,1,target
synthetic,77,77,1,+,A,C,mismatch,edited_1265,623,1,target
synthetic,80,80,1,+,A,C,mismatch,edited_1265,638,1,target
synthetic,94,95,1,+,A,C,mismatch,edited_1266,643,1,target
synthetic,154,154,1,+,A,C,mismatch,edited_1266,641,1,target
synthetic,153,158,1,+,A,C,mismatch,edited_1267,633,1,target
synthetic,87,91,1,+,A,C,mismatch,edited_1267,622,1,target
synthetic,159,162,1,+,A,C,mismatch,edited_1268,640,1,target
synthetic,47,47,1,+,A,C,mismatch,edited_1268,623,1,target
synthetic,195,199,1,+,A,C,mismatch,edited_1269,629,1,target
synthetic,150,155,1,+,A,C,mismatch,edited_1269,638,1,target
synthetic,172,176,1,+,A,C,mismatch,edited_1270,647,1,target
synthetic,147,148,1,+,A,C,mismatch,edited_1270,643,1,target
synthetic,47,50,1,+,A,C,mismatch,edited_1271,633,1,target
synthetic,129,133,1,+,A,C,mismatch,edited_1271,635,1,target
synthetic,76,78,1,+,A,C,mismatch,edited_1272,620,1,target
synthetic,68,71,1,+,A,C,mismatch,edited_1272,628,1,target
synthetic,183,187,1,+,A,C,mismatch,edited_1273,623,1,target
synthetic,72,74,1,+,A,C,mismatch,edited_1273,630,1,target
synthetic,194,195,1,+,A,C,mismatch,edited_1274,647,1,target
synthetic,96,100,1,+,A,C,mismatch,edited_1274,637,1,target
synthetic,185,190,1,+,A,C,mismatch,edited_1275,647,1,target
synthetic,191,191,1,+,A,C,mismatch,edited_1275,645,1,target
synthetic,163,164,1,+,A,C,mismatch,edited_1276,647,1,target
synthetic,91,96,1,+,A,C,mismatch,edited_1276,635,1,target
synthetic,183,186,1,+,A,C,mismatch,edited_1277,648,1,target
synthetic,168,170,1,+,A,C,mismatch,edited_1277,645,1,target
synthetic,165,167,1,+,A,C,mismatch,edited_1278,624,1,target
synthetic,51,53,1,+,A,C,mismatch,edited_1278,648,1,target
synthetic,100,103,1,+,A,C,mismatch,edited_1279,625,1,target
synthetic,137,137,1,+,A,C,mismatch,edited_1279,640,1,target
synthetic,163,167,1,+,A,C,mismatch,edited_1280,634,1,target
synthetic,149,150,1,+,A,C,mismatch,edited_1280,633,1,target
synthetic,109,112,1,+,A,C,mismatch,edited_1281,646,1,target
synthetic,73,78,1,+,A,C,mismatch,edited_1281,622,1,target
synthetic,179,180,1,+,A,C,mismatch,edited_1282,643,1,target
synthetic,84,88,1,+,A,C,mismatch,edited_1282,633,1,target
synthetic,129,130,1,+,A,C,mismatch,edited_1283,625,1,target
synthetic,197,198,1,+,A,C,mismatch,edited_1283,631,1,target
synthetic,74,77,1,+,A,C,mismatch,edited_1284,629,1,target
synthetic,68,71,1,+,A,C,mismatch,edited_1284,645,1,target
synthetic,106,110,1,+,A,C,mismatch,edited_1285,639,1,target
synthetic,154,155,1,+,A,C,mismatch,edited_1285,635,1,target
synthetic,80,85,1,+,A,C,mismatch,edited_1286,646,1,target
synthetic,191,194,1,+,A,C,mismatch,edited_1286,640,1,target
synthetic,70,72,1,+,A,C,mismatch,edited_1287,622,1,target
synthetic,160,165,1,+,A,C,mismatch,edited_1287,625,1,target
synthetic,149,152,1,+,A,C,mismatch,edited_1288,640,1,target
synthetic,189,192,1,+,A,C,mismatch,edited_1288,649,1,target
synthetic,164,165,1,+,A,C,mismatch,edited_1289,642,1,target
synthetic,148,148,1,+,A,C,mismatch,edited_1289,648,1,target
synthetic,163,166,1,+,A,C,mismatch,edited_1290,649,1,target
synthetic,74,75,1,+,A,C,mismatch,edited_1290,633,1,target
synthetic,42,43,1,+,A,C,mismatch,edited_1291,641,1,target
synthetic,198,198,1,+,A,C,mismatch,edited_1291,645,1,target
synthetic,193,196,1,+,A,C,mismatch,edited_1292,648,1,target
synthetic,99,100,1,+,A,C,mismatch,edited_1292,636,1,target
synthetic,171,171,1,+,A,C,mismatch,edited_1293,646,1,target
synthetic,55,55,1,+,A,C,mismatch,edited_1293,633,1,target
synthetic,45,48,1,+,A,C,mismatch,edited_1294,630,1,target
synthetic,153,157,1,+,A,C,mismatch,edited_1294,623,1,target
synthetic,57,62,1,+,A,C,mismatch,edited_1295,622,1,target
synthetic,77,80,1,+,A,C,mismatch,edited_1295,645,1,target
synthetic,144,144,1,+,A,C,mismatch,edited_1296,629,1,target
synthetic,167,172,1,+,A,C,mismatch,edited_1296,643,1,target
synthetic,146,147,1,+,A,C,mismatch,edited_1297,634,1,target
synthetic,167,170,1,+,A,C,mismatch,edited_1297,633,1,target
synthetic,159,163,1,+,A,C,mismatch,edited_1298,624,1,target
synthetic,179,181,1,+,A,C,mismatch,edited_1298,645,1,target
synthetic,85,87,1,+,A,C,mismatch,edited_1299,621,1,target
synthetic,100,103,1,+,A,C,mismatch,edited_1299,635,1,target
synthetic,198,203,1,+,A,C,mismatch,edited_1300,646,1,target
synthetic,63,63,1,+,A,C,mismatch,edited_1300,629,1,target
synthetic,79,82,1,+,A,C,mismatch,edited_1301,636,1,target
synthetic,126,129,1,+,A,C,mismatch,edited_1301,636,1,target
synthetic,164,165,1,+,A,C,mismatch,edited_1302,637,1,target
synthetic,62,63,1,+,A,C,mismatch,edited_1302,622,1,target
synthetic,194,195,1,+,A,C,mismatch,edited_1303,629,1,target
synthetic,143,147,1,+,A,C,mismatch,edited_1303,642,1,target
synthetic,46,48,1,+,A,C,mismatch,edited_1304,644,1,target
synthetic,120,123,1,+,A,C,mismatch,edited_1304,634,1,target
synthetic,109,114,1,+,A,C,mismatch,edited_1305,641,1,target
synthetic,51,56,1,+,A,C,mismatch,edited_1305,639,1,target
synthetic,154,155,1,+,A,C,mismatch,edited_1306,647,1,target
synthetic,172,173,1,+,A,C,mismatch,edited_1306,644,1,target
synthetic,151,156,1,+,A,C,mismatch,edited_1307,648,1,target
synthetic,61,63,1,+,A,C,mismatch,edited_1307,644,1,target
synthetic,168,168,1,+,A,C,mismatch,edited_1308,648,1,target
synthetic,182,186,1,+,A,C,mismatch,edited_1308,643,1,target
synthetic,161,164,1,+,A,C,mismatch,edited_1309,623,1,target
synthetic,124,126,1,+,A,C,mismatch,edited_1309,634,1,target
synthetic,166,167,1,+,A,C,mismatch,edited_1310,641,1,target
synthetic,183,186,1,+,A,C,mismatch,edited_1310,622,1,target
synthetic,167,169,1,+,A,C,mismatch,edited_1311,638,1,target
synthetic,199,201,1,+,A,C,mismatch,edited_1311,629,1,target
synthetic,80,81,1,+,A,C,mismatch,edited_1312,639,1,target
synthetic,191,194,1,+,A,C,mismatch,edited_1312,629,1,target
synthetic,164,169,1,+,A,C,mismatch,edited_1313,622,1,target
synthetic,185,186,1,+,A,C,mismatch,edited_1313,647,1,target
synthetic,117,121,1,+,A,C,mismatch,edited_1314,630,1,target
synthetic,60,61,1,+,A,C,mismatch,edited_1314,641,1,target
synthetic,154,156,1,+,A,C,mismatch,edited_1315,631,1,target
synthetic,123,125,1,+,A,C,mismatch,edited_1315,647,1,target
synthetic,132,136,1,+,A,C,mismatch,edited_1316,626,1,target
synthetic,183,185,1,+,A,C,mismatch,edited_1316,637,1,target
synthetic,77,82,1,+,A,C,mismatch,edited_1317,632,1,target
synthetic,55,56,1,+,A,C,mismatch,edited_1317,632,1,target
synthetic,141,145,1,+,A,C,mismatch,edited_1318,630,1,target
synthetic,187,190,1,+,A,C,mismatch,edited_1318,626,1,target
synthetic,192,193,1,+,A,C,mismatch,edited_1319,627,1,target
synthetic,182,186,1,+,A,C,mismatch,edited_1319,629,1,target
synthetic,90,92,1,+,A,C,mismatch,edited_1320,627,1,target
synthetic,69,73,1,+,A,C,mismatch,edited_1320,640,1,target
synthetic,157,161,1,+,A,C,mismatch,edited_1321,649,1,target
synthetic,142,147,1,+,A,C,mismatch,edited_1321,628,1,target
synthetic,52,56,1,+,A,C,mismatch,edited_1322,644,1,target
synthetic,164,166,1,+,A,C,mismatch,edited_1322,627,1,target
synthetic,118,120,1,+,A,C,mismatch,edited_1323,647,1,target
synthetic,103,104,1,+,A,C,mismatch,edited_1323,626,1,target
synthetic,143,145,1,+,A,C,mismatch,edited_1324,626,1,target
synthetic,178,180,1,+,A,C,mismatch,edited_1324,637,1,target
synthetic,134,138,1,+,A,C,mismatch,edited_1325,647,1,target
synthetic,119,124,1,+,A,C,mismatch,edited_1325,624,1,target
synthetic,84,89,1,+,A,C,mismatch,edited_1326,629,1,target
synthetic,145,148,1,+,A,C,mismatch,edited_1326,621,1,target
synthetic,175,176,1,+,A,C,mismatch,edited_1327,632,1,target
synthetic,90,93,1,+,A,C,mismatch,edited_1327,622,1,target
synthetic,107,112,1,+,A,C,mismatch,edited_1328,632,1,target
synthetic,193,193,1,+,A,C,mismatch,edited_1328,625,1,target
synthetic,62,65,1,+,A,C,mismatch,edited_1329,622,1,target
synthetic,198,202,1,+,A,C,mismatch,edited_1329,626,1,target
synthetic,107,108,1,+,A,C,mismatch,edited_1330,622,1,target
synthetic,90,92,1,+,A,C,mismatch,edited_1330,626,1,target
synthetic,99,101,1,+,A,C,mismatch,edited_1331,626,1,target
synthetic,44,44,1,+,A,C,mismatch,edited_1331,621,1,target
synthetic,59,64,1,+,A,C,mismatch,edited_1332,624,1,target
synthetic,163,163,1,+,A,C,mismatch,edited_1332,626,1,target
synthetic,51,51,1,+,A,C,mismatch,edited_1333,647,1,target
synthetic,54,57,1,+,A,C,mismatch,edited_1333,628,1,target
synthetic,98,98,1,+,A,C,mismatch,edited_1334,648,1,target
synthetic,72,76,1,+,A,C,mismatch,edited_1334,642,1,target
synthetic,164,168,1,+,A,C,mismatch,edited_1335,625,1,target
synthetic,48,50,1,+,A,C,mismatch,edited_1335,642,1,target
synthetic,172,175,1,+,A,C,mismatch,edited_1336,642,1,target
synthetic,57,58,1,+,A,C,mismatch,edited_1336,626,1,target
synthetic,104,109,1,+,A,C,mismatch,edited_1337,640,1,target
synthetic,192,195,1,+,A,C,mismatch,edited_1337,640,1,target
synthetic,102,102,1,+,A,C,mismatch,edited_1338,637,1,target
synthetic,197,198,1,+,A,C,mismatch,edited_1338,635,1,target
synthetic,76,80,1,+,A,C,mismatch,edited_1339,644,1,target
synthetic,93,96,1,+,A,C,mismatch,edited_1339,625,1,target
synthetic,185,186,1,+,A,C,mismatch,edited_1340,625,1,target
synthetic,98,99,1,+,A,C,mismatch,edited_1340,648,1,target
synthetic,130,131,1,+,A,C,mismatch,edited_1341,643,1,target
synthetic,112,113,1,+,A,C,mismatch,edited_1341,631,1,target
synthetic,81,83,1,+,A,C,mismatch,edited_1342,634,1,target
synthetic,185,190,1,+,A,C,mismatch,edited_1342,644,1,target
synthetic,92,97,1,+,A,C,mismatch,edited_1343,641,1,target
synthetic,84,86,1,+,A,C,mismatch,edited_1343,634,1,target
synthetic,106,109,1,+,A,C,mismatch,edited_1344,638,1,target
synthetic,110,111,1,+,A,C,mismatch,edited_1344,623,1,target
synthetic,119,123,1,+,A,C,mismatch,edited_1345,626,1,target
synthetic,106,109,1,+,A,C,mismatch,edited_1345,644,1,target
synthetic,151,153,1,+,A,C,mismatch,edited_1346,632,1,target
synthetic,63,63,1,+,A,C,mismatch,edited_1346,639,1,target
synthetic,40,43,1,+,A,C,mismatch,edited_1347,622,1,target
synthetic,147,148,1,+,A,C,mismatch,edited_1347,643,1,target
synthetic,168,169,1,+,A,C,mismatch,edited_1348,646,1,target
synthetic,73,78,1,+,A,C,mismatch,edited_1348,634,1,target
synthetic,72,77,1,+,A,C,mismatch,edited_1349,631,1,target
synthetic,175,180,1,+,A,C,mismatch,edited_1349,623,1,target
synthetic,52,54,1,+,A,C,mismatch,edited_1350,629,1,target
synthetic,77,79,1,+,A,C,mismatch,edited_1350,623,1,target
synthetic,58,63,1,+,A,C,mismatch,edited_1351,624,1,target
synthetic,184,187,1,+,A,C,mismatch,edited_1351,646,1,target
synthetic,115,119,1,+,A,C,mismatch,edited_1352,648,1,target
synthetic,44,46,1,+,A,C,mismatch,edited_1352,625,1,target
synthetic,153,153,1,+,A,C,mismatch,edited_1353,622,1,target
synthetic,149,154,1,+,A,C,mismatch,edited_1353,631,1,target
synthetic,136,141,1,+,A,C,mismatch,edited_1354,633,1,target
synthetic,74,78,1,+,A,C,mismatch,edited_1354,624,1,target
synthetic,70,72,1,+,A,C,mismatch,edited_1355,641,1,target
synthetic,123,128,1,+,A,C,mismatch,edited_1355,644,1,target
synthetic,142,146,1,+,A,C,mismatch,edited_1356,625,1,target
synthetic,88,89,1,+,A,C,mismatch,edited_1356,638,1,target
synthetic,69,70,1,+,A,C,mismatch,edited_1357,630,1,target
synthetic,49,49,1,+,A,C,mismatch,edited_1357,632,1,target
synthetic,53,56,1,+,A,C,mismatch,edited_1358,639,1,target
synthetic,75,79,1,+,A,C,mismatch,edited_1358,639,1,target
synthetic,46,47,1,+,A,C,mismatch,edited_1359,621,1,target
synthetic,106,111,1,+,A,C,mismatch,edited_1359,620,1,target
synthetic,169,170,1,+,A,C,mismatch,edited_1360,639,1,target
synthetic,159,159,1,+,A,C,mismatch,edited_1360,623,1,target
synthetic,73,75,1,+,A,C,mismatch,edited_1361,629,1,target
synthetic,172,173,1,+,A,C,mismatch,edited_1361,643,1,target
synthetic,104,108,1,+,A,C,mismatch,edited_1362,642,1,target
synthetic,102,106,1,+,A,C,mismatch,edited_1362,635,1,target
synthetic,132,137,1,+,A,C,mismatch,edited_1363,645,1,target
synthetic,199,201,1,+,A,C,mismatch,edited_1363,641,1,target
synthetic,99,104,1,+,A,C,mismatch,edited_1364,650,1,target
synthetic,105,108,1,+,A,C,mismatch,edited_1364,635,1,target
synthetic,59,60,1,+,A,C,mismatch,edited_1365,623,1,target
synthetic,98,101,1,+,A,C,mismatch,edited_1365,627,1,target
synthetic,123,128,1,+,A,C,mismatch,edited_1366,624,1,target
synthetic,152,156,1,+,A,C,mismatch,edited_1366,643,1,target
synthetic,178,180,1,+,A,C,mismatch,edited_1367,633,1,target
synthetic,139,142,1,+,A,C,mismatch,edited_1367,621,1,target
synthetic,85,89,1,+,A,C,mismatch,edited_1368,626,1,target
synthetic,190,193,1,+,A,C,mismatch,edited_1368,639,1,target
synthetic,189,192,1,+,A,C,mismatch,edited_1369,644,1,target
synthetic,98,102,1,+,A,C,mismatch,edited_1369,628,1,target
synthetic,191,191,1,+,A,C,mismatch,edited_1370,622,1,target
synthetic,164,166,1,+,A,C,mismatch,edited_1370,637,1,target
synthetic,100,103,1,+,A,C,mismatch,edited_1371,649,1,target
synthetic,164,164,1,+,A,C,mismatch,edited_1371,624,1,target
synthetic,86,89,1,+,A,C,mismatch,edited_1372,631,1,target
synthetic,90,91,1,+,A,C,mismatch,edited_1372,635,1,target
synthetic,46,46,1,+,A,C,mismatch,edited_1373,644,1,target
synthetic,157,158,1,+,A,C,mismatch,edited_1373,641,1,target
synthetic,122,125,1,+,A,C,mismatch,edited_1374,635,1,target
synthetic,164,164,1,+,A,C,mismatch,edited_1374,623,1,target
synthetic,173,177,1,+,A,C,mismatch,edited_1375,642,1,target
synthetic,110,111,1,+,A,C,mismatch,edited_1375,643,1,target
synthetic,168,172,1,+,A,C,mismatch,edited_1376,623,1,target
synthetic,57,60,1,+,A,C,mismatch,edited_1376,637,1,target
synthetic,114,119,1,+,A,C,mismatch,edited_1377,646,1,target
synthetic,78,79,1,+,A,C,mismatch,edited_1377,648,1,target
synthetic,126,130,1,+,A,C,mismatch,edited_1378,639,1,target
synthetic,67,72,1,+,A,C,mismatch,edited_1378,636,1,target
synthetic,68,69,1,+,A,C,mismatch,edited_1379,632,1,target
synthetic,91,93,1,+,A,C,mismatch,edited_1379,638,1,target
synthetic,168,171,1,+,A,C,mismatch,edited_1380,647,1,target
synthetic,119,120,1,+,A,C,mismatch,edited_1380,625,1,target
synthetic,123,125,1,+,A,C,mismatch,edited_1381,635,1,target
synthetic,151,154,1,+,A,C,mismatch,edited_1381,627,1,target
synthetic,64,66,1,+,A,C,mismatch,edited_1382,627,1,target
synthetic,132,133,1,+,A,C,mismatch,edited_1382,630,1,target
synthetic,134,139,1,+,A,C,mismatch,edited_1383,644,1,target
synthetic,96,97,1,+,A,C,mismatch,edited_1383,641,1,target
synthetic,73,77,1,+,A,C,mismatch,edited_1384,634,1,target
synthetic,137,138,1,+,A,C,mismatch,edited_1384,636,1,target
synthetic,53,55,1,+,A,C,mismatch,edited_1385,632,1,target
synthetic,187,191,1,+,A,C,mismatch,edited_1385,649,1,target
synthetic,91,96,1,+,A,C,mismatch,edited_1386,629,1,target
synthetic,146,147,1,+,A,C,mismatch,edited_1386,648,1,target
synthetic,124,124,1,+,A,C,mismatch,edited_1387,633,1,target
synthetic,77,81,1,+,A,C,mismatch,edited_1387,639,1,target
synthetic,101,101,1,+,A,C,mismatch,edited_1388,632,1,target
synthetic,88,89,1,+,A,C,mismatch,edited_1388,645,1,target
synthetic,45,47,1,+,A,C,mismatch,edited_1389,638,1,target
synthetic,169,169,1,+,A,C,mismatch,edited_1389,647,1,target
synthetic,141,146,1,+,A,C,mismatch,edited_1390,642,1,target
synthetic,135,138,1,+,A,C,mismatch,edited_1390,628,1,target
synthetic,176,179,1,+,A,C,mismatch,edited_1391,639,1,target
synthetic,200,204,1,+,A,C,mismatch,edited_1391,648,1,target
synthetic,140,140,1,+,A,C,mismatch,edited_1392,630,1,target
synthetic,79,81,1,+,A,C,mismatch,edited_1392,644,1,target
synthetic,112,117,1,+,A,C,mismatch,edited_1393,644,1,target
synthetic,48,49,1,+,A,C,mismatch,edited_1393,628,1,target
synthetic,71,73,1,+,A,C,mismatch,edited_1394,639,1,target
synthetic,172,173,1,+,A,C,mismatch,edited_1394,648,1,target
synthetic,187,190,1,+,A,C,mismatch,edited_1395,634,1,target
synthetic,76,79,1,+,A,C,mismatch,edited_1395,640,1,target
synthetic,191,196,1,+,A,C,mismatch,edited_1396,633,1,target
synthetic,173,174,1,+,A,C,mismatch,edited_1396,627,1,target
synthetic,180,185,1,+,A,C,mismatch,edited_1397,637,1,target
synthetic,77,77,1,+,A,C,mismatch,edited_1397,624,1,target
synthetic,131,135,1,+,A,C,mismatch,edited_1398,638,1,target
synthetic,114,115,1,+,A,C,mismatch,edited_1398,633,1,target
synthetic,126,130,1,+,A,C,mismatch,edited_1399,650,1,target
synthetic,192,192,1,+,A,C,mismatch,edited_1399,635,1,target
synthetic,163,167,1,+,A,C,mismatch,edited_1400,643,1,target
synthetic,153,155,1,+,A,C,mismatch,edited_1400,621,1,target
synthetic,196,197,1,+,A,C,mismatch,edited_1401,627,1,target
synthetic,170,172,1,+,A,C,mismatch,edited_1401,620,1,target
synthetic,171,171,1,+,A,C,mismatch,edited_1402,638,1,target
synthetic,117,122,1,+,A,C,mismatch,edited_1402,643,1,target
synthetic,188,193,1,+,A,C,mismatch,edited_1403,633,1,target
synthetic,42,46,1,+,A,C,mismatch,edited_1403,644,1,target
synthetic,101,106,1,+,A,C,mismatch,edited_1404,638,1,target
synthetic,82,87,1,+,A,C,mismatch,edited_1404,645,1,target
synthetic,126,127,1,+,A,C,mismatch,edited_1405,642,1,target
synthetic,126,128,1,+,A,C,mismatch,edited_1405,640,1,target
synthetic,155,157,1,+,A,C,mismatch,edited_1406,641,1,target
synthetic,188,190,1,+,A,C,mismatch,edited_1406,639,1,target
synthetic,103,104,1,+,A,C,mismatch,edited_1407,629,1,target
synthetic,187,189,1,+,A,C,mismatch,edited_1407,640,1,target
synthetic,81,85,1,+,A,C,mismatch,edited_1408,631,1,target
synthetic,115,115,1,+,A,C,mismatch,edited_1408,638,1,target
synthetic,152,155,1,+,A,C,mismatch,edited_1409,628,1,target
synthetic,57,58,1,+,A,C,mismatch,edited_1409,639,1,target
synthetic,185,186,1,+,A,C,mismatch,edited_1410,636,1,target
synthetic,183,183,1,+,A,C,mismatch,edited_1410,639,1,target
synthetic,141,146,1,+,A,C,mismatch,edited_1411,643,1,target
synthetic,132,136,1,+,A,C,mismatch,edited_1411,629,1,target
synthetic,52,53,1,+,A,C,mismatch,edited_1412,620,1,target
synthetic,128,133,1,+,A,C,mismatch,edited_1412,648,1,target
synthetic,117,121,1,+,A,C,mismatch,edited_1413,647,1,target
synthetic,194,199,1,+,A,C,mismatch,edited_1413,622,1,target
synthetic,61,63,1,+,A,C,mismatch,edited_1414,622,1,target
synthetic,142,144,1,+,A,C,mismatch,edited_1414,621,1,target
synthetic,171,173,1,+,A,C,mismatch,edited_1415,622,1,target
synthetic,117,117,1,+,A,C,mismatch,edited_1415,641,1,target
synthetic,139,140,1,+,A,C,mismatch,edited_1416,621,1,target
synthetic,119,123,1,+,A,C,mismatch,edited_1416,637,1,target
synthetic,103,103,1,+,A,C,mismatch,edited_1417,627,1,target
synthetic,97,102,1,+,A,C,mismatch,edited_1417,633,1,target
synthetic,174,178,1,+,A,C,mismatch,edited_1418,649,1,target
synthetic,67,70,1,+,A,C,mismatch,edited_1418,639,1,target
synthetic,123,125,1,+,A,C,mismatch,edited_1419,621,1,target
synthetic,68,69,1,+,A,C,mismatch,edited_1419,634,1,target
synthetic,105,109,1,+,A,C,mismatch,edited_1420,627,1,target
synthetic,96,101,1,+,A,C,mismatch,edited_1420,641,1,target
synthetic,75,75,1,+,A,C,mismatch,edited_1421,645,1,target
synthetic,189,190,1,+,A,C,mismatch,edited_1421,634,1,target
synthetic,197,199,1,+,A,C,mismatch,edited_1422,629,1,target
synthetic,43,47,1,+,A,C,mismatch,edited_1422,631,1,target
synthetic,168,172,1,+,A,C,mismatch,edited_1423,645,1,target
synthetic,198,203,1,+,A,C,mismatch,edited_1423,623,1,target
synthetic,52,55,1,+,A,C,mismatch,edited_1424,630,1,target
synthetic,188,188,1,+,A,C,mismatch,edited_1424,637,1,target
synthetic,180,181,1,+,A,C,mismatch,edited_1425,621,1,target
synthetic,41,45,1,+,A,C,mismatch,edited_1425,623,1,target
synthetic,85,87,1,+,A,C,mismatch,edited_1426,634,1,target
synthetic,66,69,1,+,A,C,mismatch,edited_1426,620,1,target
synthetic,182,183,1,+,A,C,mismatch,edited_1427,643,1,target
synthetic,156,160,1,+,A,C,mismatch,edited_1427,627,1,target
synthetic,106,107,1,+,A,C,mismatch,edited_1428,647,1,target
synthetic,199,202,1,+,A,C,mismatch,edited_1428,644,1,target
synthetic,194,197,1,+,A,C,mismatch,edited_1429,635,1,target
synthetic,58,63,1,+,A,C,mismatch,edited_1429,620,1,target
synthetic,184,189,1,+,A,C,mismatch,edited_1430,637,1,target
synthetic,172,173,1,+,A,C,mismatch,edited_1430,646,1,target
synthetic,146,147,1,+,A,C,mismatch,edited_1431,632,1,target
synthetic,160,164,1,+,A,C,mismatch,edited_1431,633,1,target
synthetic,164,165,1,+,A,C,mismatch,edited_1432,639,1,target
synthetic,182,184,1,+,A,C,mismatch,edited_1432,636,1,target
synthetic,142,144,1,+,A,C,mismatch,edited_1433,642,1,target
synthetic,178,179,1,+,A,C,mismatch,edited_1433,642,1,target
synthetic,94,99,1,+,A,C,mismatch,edited_1434,633,1,target
synthetic,153,153,1,+,A,C,mismatch,edited_1434,634,1,target
synthetic,150,152,1,+,A,C,mismatch,edited_1435,636,1,target
synthetic,132,137,1,+,A,C,mismatch,edited_1435,638,1,target
synthetic,167,167,1,+,A,C,mismatch,edited_1436,637,1,target
synthetic,140,140,1,+,A,C,mismatch,edited_1436,620,1,target
synthetic,130,130,1,+,A,C,mismatch,edited_1437,621,1,target
synthetic,109,111,1,+,A,C,mismatch,edited_1437,627,1,target
synthetic,183,187,1,+,A,C,mismatch,edited_1438,647,1,target
synthetic,106,107,1,+,A,C,mismatch,edited_1438,649,1,target
synthetic,129,133,1,+,A,C,mismatch,edited_1439,621,1,target
synthetic,121,126,1,+,A,C,mismatch,edited_1439,621,1,target
synthetic,59,60,1,+,A,C,mismatch,edited_1440,646,1,target
synthetic,134,137,1,+,A,C,mismatch,edited_1440,645,1,target
synthetic,154,156,1,+,A,C,mismatch,edited_1441,644,1,target
synthetic,183,185,1,+,A,C,mismatch,edited_1441,650,1,target
synthetic,173,177,1,+,A,C,mismatch,edited_1442,640,1,target
synthetic,178,180,1,+,A,C,mismatch,edited_1442,634,1,target
synthetic,49,52,1,+,A,C,mismatch,edited_1443,638,1,target
synthetic,152,153,1,+,A,C,mismatch,edited_1443,645,1,target
synthetic,40,45,1,+,A,C,mismatch,edited_1444,639,1,target
synthetic,76,78,1,+,A,C,mismatch,edited_1444,628,1,target
synthetic,169,174,1,+,A,C,mismatch,edited_1445,639,1,target
synthetic,58,60,1,+,A,C,mismatch,edited_1445,622,1,target
synthetic,46,51,1,+,A,C,mismatch,edited_1446,620,1,target
synthetic,192,194,1,+,A,C,mismatch,edited_1446,623,1,target
synthetic,58,60,1,+,A,C,mismatch,edited_1447,641,1,target
synthetic,139,142,1,+,A,C,mismatch,edited_1447,628,1,target
synthetic,149,150,1,+,A,C,mismatch,edited_1448,649,1,target
synthetic,62,65,1,+,A,C,mismatch,edited_1448,647,1,target
synthetic,84,89,1,+,A,C,mismatch,edited_1449,647,1,target
synthetic,192,195,1,+,A,C,mismatch,edited_1449,628,1,target
synthetic,187,188,1,+,A,C,mismatch,edited_1450,644,1,target
synthetic,130,134,1,+,A,C,mismatch,edited_1450,636,1,target
synthetic,200,204,1,+,A,C,mismatch,edited_1451,631,1,target
synthetic,173,174,1,+,A,C,mismatch,edited_1451,639,1,target
synthetic,46,48,1,+,A,C,mismatch,edited_1452,624,1,target
synthetic,196,199,1,+,A,C,mismatch,edited_1452,649,1,target
synthetic,164,167,1,+,A,C,mismatch,edited_1453,648,1,target
synthetic,157,162,1,+,A,C,mismatch,edited_1453,635,1,target
synthetic,116,121,1,+,A,C,mismatch,edited_1454,649,1,target
synthetic,171,173,1,+,A,C,mismatch,edited_1454,630,1,target
synthetic,104,106,1,+,A,C,mismatch,edited_1455,646,1,target
synthetic,187,188,1,+,A,C,mismatch,edited_1455,646,1,target
synthetic,69,69,1,+,A,C,mismatch,edited_1456,630,1,target
synthetic,57,62,1,+,A,C,mismatch,edited_1456,636,1,target
synthetic,111,111,1,+,A,C,mismatch,edited_1457,621,1,target
synthetic,42,42,1,+,A,C,mismatch,edited_1457,637,1,target
synthetic,176,180,1,+,A,C,mismatch,edited_1458,630,1,target
synthetic,120,124,1,+,A,C,mismatch,edited_1458,633,1,target
synthetic,188,188,1,+,A,C,mismatch,edited_1459,633,1,target
synthetic,176,180,1,+,A,C,mismatch,edited_1459,638,1,target
synthetic,184,185,1,+,A,C,mismatch,edited_1460,646,1,target
synthetic,164,168,1,+,A,C,mismatch,edited_1460,646,1,target
synthetic,44,49,1,+,A,C,mismatch,edited_1461,632,1,target
synthetic,129,132,1,+,A,C,mismatch,edited_1461,636,1,target
synthetic,70,70,1,+,A,C,mismatch,edited_1462,644,1,target
synthetic,40,44,1,+,A,C,mismatch,edited_1462,647,1,target
synthetic,186,186,1,+,A,C,mismatch,edited_1463,640,1,target
synthetic,162,163,1,+,A,C,mismatch,edited_1463,638,1,target
synthetic,99,103,1,+,A,C,mismatch,edited_1464,645,1,target
synthetic,54,59,1,+,A,C,mismatch,edited_1464,628,1,target
synthetic,40,41,1,+,A,C,mismatch,edited_1465,623,1,target
synthetic,139,144,1,+,A,C,mismatch,edited_1465,625,1,target
synthetic,146,149,1,+,A,C,mismatch,edited_1466,648,1,target
synthetic,104,109,1,+,A,C,mismatch,edited_1466,643,1,target
synthetic,129,129,1,+,A,C,mismatch,edited_1467,645,1,target
synthetic,108,109,1,+,A,C,mismatch,edited_1467,645,1,target
synthetic,42,46,1,+,A,C,mismatch,edited_1468,645,1,target
synthetic,59,62,1,+,A,C,mismatch,edited_1468,636,1,target
synthetic,181,186,1,+,A,C,mismatch,edited_1469,645,1,target
synthetic,171,175,1,+,A,C,mismatch,edited_1469,628,1,target
synthetic,113,117,1,+,A,C,mismatch,edited_1470,644,1,target
synthetic,57,59,1,+,A,C,mismatch,edited_1470,634,1,target
synthetic,166,168,1,+,A,C,mismatch,edited_1471,627,1,target
synthetic,156,159,1,+,A,C,mismatch,edited_1471,641,1,target
synthetic,52,53,1,+,A,C,mismatch,edited_1472,624,1,target
synthetic,115,119,1,+,A,C,mismatch,edited_1472,645,1,target
synthetic,173,176,1,+,A,C,mismatch,edited_1473,636,1,target
synthetic,111,116,1,+,A,C,mismatch,edited_1473,634,1,target
synthetic,153,153,1,+,A,C,mismatch,edited_1474,647,1,target
synthetic,89,94,1,+,A,C,mismatch,edited_1474,645,1,target
synthetic,80,85,1,+,A,C,mismatch,edited_1475,634,1,target
synthetic,77,82,1,+,A,C,mismatch,edited_1475,623,1,target
synthetic,103,105,1,+,A,C,mismatch,edited_1476,649,1,target
synthetic,138,140,1,+,A,C,mismatch,edited_1476,623,1,target
synthetic,77,78,1,+,A,C,mismatch,edited_1477,630,1,target
synthetic,131,134,1,+,A,C,mismatch,edited_1477,625,1,target
synthetic,54,57,1,+,A,C,mismatch,edited_1478,623,1,target
synthetic,88,93,1,+,A,C,mismatch,edited_1478,628,1,target
synthetic,98,99,1,+,A,C,mismatch,edited_1479,624,1,target
synthetic,59,60,1,+,A,C,mismatch,edited_1479,625,1,target
synthetic,117,118,1,+,A,C,mismatch,edited_1480,638,1,target
synthetic,90,93,1,+,A,C,mismatch,edited_1480,629,1,target
synthetic,101,103,1,+,A,C,mismatch,edited_1481,637,1,target
synthetic,194,196,1,+,A,C,mismatch,edited_1481,631,1,target
synthetic,182,185,1,+,A,C,mismatch,edited_1482,624,1,target
synthetic,199,200,1,+,A,C,mismatch,edited_1482,625,1,target
synthetic,199,200,1,+,A,C,mismatch,edited_1483,639,1,target
synthetic,86,91,1,+,A,C,mismatch,edited_1483,641,1,target
synthetic,47,52,1,+,A,C,mismatch,edited_1484,633,1,target
synthetic,187,188,1,+,A,C,mismatch,edited_1484,634,1,target
synthetic,151,151,1,+,A,C,mismatch,edited_1485,625,1,target
synthetic,105,109,1,+,A,C,mismatch,edited_1485,628,1,target
synthetic,147,152,1,+,A,C,mismatch,edited_1486,626,1,target
synthetic,59,63,1,+,A,C,mismatch,edited_1486,635,1,target
synthetic,107,109,1,+,A,C,mismatch,edited_1487,645,1,target
synthetic,199,200,1,+,A,C,mismatch,edited_1487,635,1,target
synthetic,68,68,1,+,A,C,mismatch,edited_1488,625,1,target
synthetic,190,195,1,+,A,C,mismatch,edited_1488,646,1,target
synthetic,175,175,1,+,A,C,mismatch,edited_1489,638,1,target
synthetic,83,86,1,+,A,C,mismatch,edited_1489,631,1,target
synthetic,198,199,1,+,A,C,mismatch,edited_1490,633,1,target
synthetic,162,163,1,+,A,C,mismatch,edited_1490,630,1,target
synthetic,87,90,1,+,A,C,mismatch,edited_1491,624,1,target
synthetic,50,54,1,+,A,C,mismatch,edited_1491,629,1,target
synthetic,42,46,1,+,A,C,mismatch,edited_1492,624,1,target
synthetic,105,110,1,+,A,C,mismatch,edited_1492,627,1,target
synthetic,141,144,1,+,A,C,mismatch,edited_1493,627,1,target
synthetic,144,144,1,+,A,C,mismatch,edited_1493,641,1,target
synthetic,200,204,1,+,A,C,mismatch,edited_1494,648,1,target
synthetic,191,191,1,+,A,C,mismatch,edited_1494,634,1,target
synthetic,55,56,1,+,A,C,mismatch,edited_1495,630,1,target
synthetic,90,94,1,+,A,C,mismatch,edited_1495,622,1,target
synthetic,63,65,1,+,A,C,mismatch,edited_1496,640,1,target
synthetic,52,56,1,+,A,C,mismatch,edited_1496,631,1,target
synthetic,69,72,1,+,A,C,mismatch,edited_1497,621,1,target
synthetic,131,136,1,+,A,C,mismatch,edited_1497,639,1,target
synthetic,198,199,1,+,A,C,mismatch,edited_1498,646,1,target
synthetic,169,172,1,+,A,C,mismatch,edited_1498,620,1,target
synthetic,106,110,1,+,A,C,mismatch,edited_1499,623,1,target
synthetic,109,112,1,+,A,C,mismatch,edited_1499,638,1,target
synthetic,194,198,1,+,A,C,mismatch,edited_1500,649,1,target
synthetic,97,100,1,+,A,C,mismatch,edited_1500,630,1,target
synthetic,66,66,1,+,A,C,mismatch,edited_1501,648,1,target
synthetic,108,109,1,+,A,C,mismatch,edited_1501,643,1,target
synthetic,64,68,1,+,A,C,mismatch,edited_1502,639,1,target
synthetic,52,54,1,+,A,C,mismatch,edited_1502,625,1,target
synthetic,48,53,1,+,A,C,mismatch,edited_1503,643,1,target
synthetic,187,189,1,+,A,C,mismatch,edited_1503,648,1,target
synthetic,100,100,1,+,A,C,mismatch,edited_1504,646,1,target
synthetic,154,159,1,+,A,C,mismatch,edited_1504,624,1,target
synthetic,192,195,1,+,A,C,mismatch,edited_1505,620,1,target
synthetic,113,116,1,+,A,C,mismatch,edited_1505,636,1,target
synthetic,99,103,1,+,A,C,mismatch,edited_1506,628,1,target
synthetic,93,95,1,+,A,C,mismatch,edited_1506,645,1,target
synthetic,191,194,1,+,A,C,mismatch,edited_1507,641,1,target
synthetic,87,90,1,+,A,C,mismatch,edited_1507,641,1,target
synthetic,125,130,1,+,A,C,mismatch,edited_1508,627,1,target
synthetic,171,171,1,+,A,C,mismatch,edited_1508,626,1,target
synthetic,173,175,1,+,A,C,mismatch,edited_1509,644,1,target
synthetic,96,100,1,+,A,C,mismatch,edited_1509,628,1,target
synthetic,136,138,1,+,A,C,mismatch,edited_1510,637,1,target
synthetic,75,80,1,+,A,C,mismatch,edited_1510,641,1,target
synthetic,187,189,1,+,A,C,mismatch,edited_1511,621,1,target
synthetic,142,144,1,+,A,C,mismatch,edited_1511,637,1,target
synthetic,142,144,1,+,A,C,mismatch,edited_1512,640,1,target
synthetic,175,179,1,+,A,C,mismatch,edited_1512,626,1,target
synthetic,164,167,1,+,A,C,mismatch,edited_1513,641,1,target
synthetic,62,62,1,+,A,C,mismatch,edited_1513,647,1,target
synthetic,40,40,1,+,A,C,mismatch,edited_1514,635,1,target
synthetic,160,165,1,+,A,C,mismatch,edited_1514,628,1,target
synthetic,90,95,1,+,A,C,mismatch,edited_1515,625,1,target
synthetic,103,105,1,+,A,C,mismatch,edited_1515,647,1,target
synthetic,189,193,1,+,A,C,mismatch,edited_1516,638,1,target
synthetic,131,132,1,+,A,C,mismatch,edited_1516,631,1,target
synthetic,198,199,1,+,A,C,mismatch,edited_1517,643,1,target
synthetic,86,88,1,+,A,C,mismatch,edited_1517,624,1,target
synthetic,143,145,1,+,A,C,mismatch,edited_1518,636,1,target
synthetic,116,121,1,+,A,C,mismatch,edited_1518,634,1,target
synthetic,167,168,1,+,A,C,mismatch,edited_1519,624,1,target
synthetic,156,159,1,+,A,C,mismatch,edited_1519,640,1,target
synthetic,160,165,1,+,A,C,mismatch,edited_1520,623,1,target
synthetic,91,93,1,+,A,C,mismatch,edited_1520,630,1,target
synthetic,92,96,1,+,A,C,mismatch,edited_1521,643,1,target
synthetic,199,199,1,+,A,C,mismatch,edited_1521,626,1,target
synthetic,187,190,1,+,A,C,mismatch,edited_1522,638,1,target
synthetic,125,128,1,+,A,C,mismatch,edited_1522,623,1,target
synthetic,117,120,1,+,A,C,mismatch,edited_1523,623,1,target
synthetic,56,57,1,+,A,C,mismatch,edited_1523,638,1,target
synthetic,54,58,1,+,A,C,mismatch,edited_1524,629,1,target
synthetic,106,107,1,+,A,C,mismatch,edited_1524,648,1,target
synthetic,70,70,1,+,A,C,mismatch,edited_1525,625,1,target
synthetic,115,120,1,+,A,C,mismatch,edited_1525,647,1,target
synthetic,93,95,1,+,A,C,mismatch,edited_1526,636,1,target
synthetic,74,77,1,+,A,C,mismatch,edited_1526,639,1,target
synthetic,160,165,1,+,A,C,mismatch,edited_1527,646,1,target
synthetic,139,139,1,+,A,C,mismatch,edited_1527,641,1,target
synthetic,127,127,1,+,A,C,mismatch,edited_1528,625,1,target
synthetic,162,164,1,+,A,C,mismatch,edited_1528,632,1,target
synthetic,194,199,1,+,A,C,mismatch,edited_1529,630,1,target
synthetic,185,189,1,+,A,C,mismatch,edited_1529,630,1,target
synthetic,90,91,1,+,A,C,mismatch,edited_1530,635,1,target
synthetic,51,53,1,+,A,C,mismatch,edited_1530,636,1,target
synthetic,122,125,1,+,A,C,mismatch,edited_1531,621,1,target
synthetic,120,120,1,+,A,C,mismatch,edited_1531,638,1,target
synthetic,185,188,1,+,A,C,mismatch,edited_1532,634,1,target
synthetic,119,119,1,+,A,C,mismatch,edited_1532,627,1,target
synthetic,66,68,1,+,A,C,mismatch,edited_1533,626,1,target
synthetic,87,92,1,+,A,C,mismatch,edited_1533,623,1,target
synthetic,169,173,1,+,A,C,mismatch,edited_1534,625,1,target
synthetic,65,67,1,+,A,C,mismatch,edited_1534,630,1,target
synthetic,200,200,1,+,A,C,mismatch,edited_1535,628,1,target
synthetic,199,200,1,+,A,C,mismatch,edited_1535,643,1,target
synthetic,147,150,1,+,A,C,mismatch,edited_1536,621,1,target
synthetic,192,192,1,+,A,C,mismatch,edited_1536,648,1,target
synthetic,160,164,1,+,A,C,mismatch,edited_1537,636,1,target
synthetic,174,176,1,+,A,C,mismatch,edited_1537,624,1,target
synthetic,165,167,1,+,A,C,mismatch,edited_1538,621,1,target
synthetic,146,149,1,+,A,C,mismatch,edited_1538,643,1,target
synthetic,47,48,1,+,A,C,mismatch,edited_1539,641,1,target
synthetic,87,88,1,+,A,C,mismatch,edited_1539,640,1,target
synthetic,193,193,1,+,A,C,mismatch,edited_1540,635,1,target
synthetic,67,72,1,+,A,C,mismatch,edited_1540,649,1,target
synthetic,125,126,1,+,A,C,mismatch,edited_1541,637,1,target
synthetic,162,165,1,+,A,C,mismatch,edited_1541,632,1,target
synthetic,54,57,1,+,A,C,mismatch,edited_1542,620,1,target
synthetic,173,178,1,+,A,C,mismatch,edited_1542,638,1,target
synthetic,156,156,1,+,A,C,mismatch,edited_1543,641,1,target
synthetic,61,62,1,+,A,C,mismatch,edited_1543,627,1,target
synthetic,82,82,1,+,A,C,mismatch,edited_1544,626,1,target
synthetic,163,168,1,+,A,C,mismatch,edited_1544,633,1,target
synthetic,180,180,1,+,A,C,mismatch,edited_1545,622,1,target
synthetic,132,133,1,+,A,C,mismatch,edited_1545,644,1,target
synthetic,157,162,1,+,A,C,mismatch,edited_1546,627,1,target
synthetic,162,164,1,+,A,C,mismatch,edited_1546,634,1,target
synthetic,81,83,1,+,A,C,mismatch,edited_1547,640,1,target
synthetic,50,51,1,+,A,C,mismatch,edited_1547,620,1,target
synthetic,61,63,1,+,A,C,mismatch,edited_1548,632,1,target
synthetic,176,176,1,+,A,C,mismatch,edited_1548,643,1,target
synthetic,47,47,1,+,A,C,mismatch,edited_1549,632,1,target
synthetic,185,190,1,+,A,C,mismatch,edited_1549,623,1,target
synthetic,47,47,1,+,A,C,mismatch,edited_1550,643,1,target
synthetic,115,120,1,+,A,C,mismatch,edited_1550,627,1,target
synthetic,69,72,1,+,A,C,mismatch,edited_1551,625,1,target
synthetic,192,197,1,+,A,C,mismatch,edited_1551,649,1,target
synthetic,166,169,1,+,A,C,mismatch,edited_1552,646,1,target
synthetic,125,129,1,+,A,C,mismatch,edited_1552,642,1,target
synthetic,124,124,1,+,A,C,mismatch,edited_1553,631,1,target
synthetic,54,55,1,+,A,C,mismatch,edited_1553,638,1,target
synthetic,125,127,1,+,A,C,mismatch,edited_1554,643,1,target
synthetic,59,60,1,+,A,C,mismatch,edited_1554,623,1,target
synthetic,111,114,1,+,A,C,mismatch,edited_1555,632,1,target
synthetic,54,57,1,+,A,C,mismatch,edited_1555,621,1,target
synthetic,78,80,1,+,A,C,mismatch,edited_1556,648,1,target
synthetic,55,57,1,+,A,C,mismatch,edited_1556,635,1,target
synthetic,161,161,1,+,A,C,mismatch,edited_1557,646,1,target
synthetic,132,135,1,+,A,C,mismatch,edited_1557,641,1,target
synthetic,65,69,1,+,A,C,mismatch,edited_1558,648,1,target
synthetic,130,134,1,+,A,C,mismatch,edited_1558,645,1,target
synthetic,55,59,1,+,A,C,mismatch,edited_1559,632,1,target
synthetic,119,119,1,+,A,C,mismatch,edited_1559,646,1,target
synthetic,154,154,1,+,A,C,mismatch,edited_1560,624,1,target
synthetic,166,170,1,+,A,C,mismatch,edited_1560,634,1,target
synthetic,92,97,1,+,A,C,mismatch,edited_1561,632,1,target
synthetic,61,66,1,+,A,C,mismatch,edited_1561,643,1,target
synthetic,71,72,1,+,A,C,mismatch,edited_1562,621,1,target
synthetic,46,48,1,+,A,C,mismatch,edited_1562,621,1,target
synthetic,121,126,1,+,A,C,mismatch,edited_1563,644,1,target
synthetic,82,86,1,+,A,C,mismatch,edited_1563,623,1,target
synthetic,166,171,1,+,A,C,mismatch,edited_1564,631,1,target
synthetic,142,145,1,+,A,C,mismatch,edited_1564,629,1,target
synthetic,56,59,1,+,A,C,mismatch,edited_1565,641,1,target
synthetic,185,185,1,+,A,C,mismatch,edited_1565,639,1,target
synthetic,131,132,1,+,A,C,mismatch,edited_1566,628,1,target
synthetic,89,94,1,+,A,C,mismatch,edited_1566,634,1,target
synthetic,177,177,1,+,A,C,mismatch,edited_1567,642,1,target
synthetic,118,119,1,+,A,C,mismatch,edited_1567,648,1,target
synthetic,187,190,1,+,A,C,mismatch,edited_1568,634,1,target
synthetic,82,86,1,+,A,C,mismatch,edited_1568,639,1,target
synthetic,107,109,1,+,A,C,mismatch,edited_1569,647,1,target
synthetic,164,169,1,+,A,C,mismatch,edited_1569,634,1,target
synthetic,177,181,1,+,A,C,mismatch,edited_1570,632,1,target
synthetic,178,181,1,+,A,C,mismatch,edited_1570,625,1,target
synthetic,69,70,1,+,A,C,mismatch,edited_1571,631,1,target
synthetic,155,159,1,+,A,C,mismatch,edited_1571,641,1,target
synthetic,187,187,1,+,A,C,mismatch,edited_1572,642,1,target
synthetic,49,53,1,+,A,C,mismatch,edited_1572,639,1,target
synthetic,94,97,1,+,A,C,mismatch,edited_1573,624,1,target
synthetic,156,158,1,+,A,C,mismatch,edited_1573,629,1,target
synthetic,83,88,1,+,A,C,mismatch,edited_1574,642,1,target
synthetic,195,200,1,+,A,C,mismatch,edited_1574,626,1,target
synthetic,109,111,1,+,A,C,mismatch,edited_1575,636,1,target
synthetic,85,87,1,+,A,C,mismatch,edited_1575,629,1,target
synthetic,162,162,1,+,A,C,mismatch,edited_1576,647,1,target
synthetic,62,65,1,+,A,C,mismatch,edited_1576,627,1,target
synthetic,91,94,1,+,A,C,mismatch,edited_1577,626,1,target
synthetic,116,118,1,+,A,C,mismatch,edited_1577,647,1,target
synthetic,103,104,1,+,A,C,mismatch,edited_1578,644,1,target
synthetic,157,161,1,+,A,C,mismatch,edited_1578,635,1,target
synthetic,97,101,1,+,A,C,mismatch,edited_1579,638,1,target
synthetic,173,173,1,+,A,C,mismatch,edited_1579,638,1,target
synthetic,85,87,1,+,A,C,mismatch,edited_1580,630,1,target
synthetic,126,130,1,+,A,C,mismatch,edited_1580,640,1,target
synthetic,141,143,1,+,A,C,mismatch,edited_1581,634,1,target
synthetic,56,61,1,+,A,C,mismatch,edited_1581,628,1,target
synthetic,97,97,1,+,A,C,mismatch,edited_1582,624,1,target
synthetic,65,70,1,+,A,C,mismatch,edited_1582,631,1,target
synthetic,173,174,1,+,A,C,mismatch,edited_1583,642,1,target
synthetic,200,204,1,+,A,C,mismatch,edited_1583,631,1,target
synthetic,94,99,1,+,A,C,mismatch,edited_1584,624,1,target
synthetic,174,175,1,+,A,C,mismatch,edited_1584,629,1,target
synthetic,90,90,1,+,A,C,mismatch,edited_1585,628,1,target
synthetic,100,102,1,+,A,C,mismatch,edited_1585,635,1,target
synthetic,119,120,1,+,A,C,mismatch,edited_1586,640,1,target
synthetic,85,86,1,+,A,C,mismatch,edited_1586,641,1,target
synthetic,119,119,1,+,A,C,mismatch,edited_1587,646,1,target
synthetic,65,68,1,+,A,C,mismatch,edited_1587,645,1,target
synthetic,153,154,1,+,A,C,mismatch,edited_1588,633,1,target
synthetic,48,53,1,+,A,C,mismatch,edited_1588,636,1,target
synthetic,169,171,1,+,A,C,mismatch,edited_1589,640,1,target
synthetic,157,159,1,+,A,C,mismatch,edited_1589,643,1,target
synthetic,115,120,1,+,A,C,mismatch,edited_1590,650,1,target
synthetic,164,167,1,+,A,C,mismatch,edited_1590,650,1,target
synthetic,176,179,1,+,A,C,mismatch,edited_1591,624,1,target
synthetic,162,164,1,+,A,C,mismatch,edited_1591,646,1,target
synthetic,91,93,1,+,A,C,mismatch,edited_1592,646,1,target
synthetic,157,161,1,+,A,C,mismatch,edited_1592,622,1,target
synthetic,197,199,1,+,A,C,mismatch,edited_1593,620,1,target
synthetic,94,94,1,+,A,C,mismatch,edited_1593,649,1,target
synthetic,120,122,1,+,A,C,mismatch,edited_1594,639,1,target
synthetic,131,135,1,+,A,C,mismatch,edited_1594,630,1,target
synthetic,200,205,1,+,A,C,mismatch,edited_1595,630,1,target
synthetic,195,198,1,+,A,C,mismatch,edited_1595,636,1,target
synthetic,178,180,1,+,A,C,mismatch,edited_1596,639,1,target
synthetic,200,201,1,+,A,C,mismatch,edited_1596,633,1,target
synthetic,87,90,1,+,A,C,mismatch,edited_1597,635,1,target
synthetic,52,54,1,+,A,C,mismatch,edited_1597,628,1,target
synthetic,191,196,1,+,A,C,mismatch,edited_1598,647,1,target
synthetic,131,136,1,+,A,C,mismatch,edited_1598,636,1,target
synthetic,79,82,1,+,A,C,mismatch,edited_1599,644,1,target
synthetic,130,135,1,+,A,C,mismatch,edited_1599,631,1,target
synthetic,148,150,1,+,A,C,mismatch,edited_1600,621,1,target
synthetic,97,101,1,+,A,C,mismatch,edited_1600,639,1,target
synthetic,133,138,1,+,A,C,mismatch,edited_1601,650,1,target
synthetic,43,46,1,+,A,C,mismatch,edited_1601,635,1,target
synthetic,181,184,1,+,A,C,mismatch,edited_1602,625,1,target
synthetic,125,125,1,+,A,C,mismatch,edited_1602,646,1,target
synthetic,75,80,1,+,A,C,mismatch,edited_1603,640,1,target
synthetic,119,123,1,+,A,C,mismatch,edited_1603,639,1,target
synthetic,175,176,1,+,A,C,mismatch,edited_1604,621,1,target
synthetic,112,116,1,+,A,C,mismatch,edited_1604,633,1,target
synthetic,194,197,1,+,A,C,mismatch,edited_1605,621,1,target
synthetic,59,62,1,+,A,C,mismatch,edited_1605,621,1,target
synthetic,156,156,1,+,A,C,mismatch,edited_1606,629,1,target
synthetic,165,167,1,+,A,C,mismatch,edited_1606,632,1,target
synthetic,157,159,1,+,A,C,mismatch,edited_1607,622,1,target
synthetic,47,52,1,+,A,C,mismatch,edited_1607,642,1,target
synthetic,60,64,1,+,A,C,mismatch,edited_1608,624,1,target
synthetic,54,57,1,+,A,C,mismatch,edited_1608,643,1,target
synthetic,76,78,1,+,A,C,mismatch,edited_1609,641,1,target
synthetic,135,136,1,+,A,C,mismatch,edited_1609,625,1,target
synthetic,165,167,1,+,A,C,mismatch,edited_1610,642,1,target
synthetic,153,155,1,+,A,C,mismatch,edited_1610,622,1,target
synthetic,115,116,1,+,A,C,mismatch,edited_1611,621,1,target
synthetic,174,178,1,+,A,C,mismatch,edited_1611,629,1,target
synthetic,168,173,1,+,A,C,mismatch,edited_1612,636,1,target
synthetic,100,103,1,+,A,C,mismatch,edited_1612,630,1,target
synthetic,83,86,1,+,A,C,mismatch,edited_1613,636,1,target
synthetic,89,91,1,+,A,C,mismatch,edited_1613,622,1,target
synthetic,149,154,1,+,A,C,mismatch,edited_1614,620,1,target
synthetic,141,141,1,+,A,C,mismatch,edited_1614,621,1,target
synthetic,137,142,1,+,A,C,mismatch,edited_1615,628,1,target
synthetic,154,158,1,+,A,C,mismatch,edited_1615,632,1,target
synthetic,48,51,1,+,A,C,mismatch,edited_1616,650,1,target
synthetic,156,158,1,+,A,C,mismatch,edited_1616,623,1,target
synthetic,125,127,1,+,A,C,mismatch,edited_1617,650,1,target
synthetic,157,162,1,+,A,C,mismatch,edited_1617,639,1,target
synthetic,91,95,1,+,A,C,mismatch,edited_1618,645,1,target
synthetic,148,153,1,+,A,C,mismatch,edited_1618,630,1,target
synthetic,89,90,1,+,A,C,mismatch,edited_1619,648,1,target
synthetic,127,127,1,+,A,C,mismatch,edited_1619,621,1,target
synthetic,150,151,1,+,A,C,mismatch,edited_1620,620,1,target
synthetic,45,47,1,+,A,C,mismatch,edited_1620,627,1,target
synthetic,199,199,1,+,A,C,mismatch,edited_1621,649,1,target
synthetic,166,167,1,+,A,C,mismatch,edited_1621,639,1,target
synthetic,43,44,1,+,A,C,mismatch,edited_1622,623,1,target
synthetic,116,118,1,+,A,C,mismatch,edited_1622,639,1,target
synthetic,139,140,1,+,A,C,mismatch,edited_1623,642,1,target
synthetic,168,170,1,+,A,C,mismatch,edited_1623,649,1,target
synthetic,45,50,1,+,A,C,mismatch,edited_1624,626,1,target
synthetic,187,191,1,+,A,C,mismatch,edited_1624,634,1,target
synthetic,46,48,1,+,A,C,mismatch,edited_1625,649,1,target
synthetic,120,123,1,+,A,C,mismatch,edited_1625,625,1,target
synthetic,115,118,1,+,A,C,mismatch,edited_1626,640,1,target
synthetic,158,163,1,+,A,C,mismatch,edited_1626,624,1,target
synthetic,162,162,1,+,A,C,mismatch,edited_1627,634,1,target
synthetic,43,48,1,+,A,C,mismatch,edited_1627,634,1,target
synthetic,200,204,1,+,A,C,mismatch,edited_1628,637,1,target
synthetic,158,160,1,+,A,C,mismatch,edited_1628,620,1,target
synthetic,62,62,1,+,A,C,mismatch,edited_1629,623,1,target
synthetic,66,67,1,+,A,C,mismatch,edited_1629,638,1,target
synthetic,159,162,1,+,A,C,mismatch,edited_1630,641,1,target
synthetic,111,112,1,+,A,C,mismatch,edited_1630,641,1,target
synthetic,131,134,1,+,A,C,mismatch,edited_1631,648,1,target
synthetic,74,74,1,+,A,C,mismatch,edited_1631,645,1,target
synthetic,113,117,1,+,A,C,mismatch,edited_1632,644,1,target
synthetic,61,66,1,+,A,C,mismatch,edited_1632,630,1,target
synthetic,154,154,1,+,A,C,mismatch,edited_1633,632,1,target
synthetic,136,140,1,+,A,C,mismatch,edited_1633,627,1,target
synthetic,124,124,1,+,A,C,mismatch,edited_1634,645,1,target
synthetic,84,85,1,+,A,C,mismatch,edited_1634,625,1,target
synthetic,41,44,1,+,A,C,mismatch,edited_1635,642,1,target
synthetic,127,130,1,+,A,C,mismatch,edited_1635,640,1,target
synthetic,126,131,1,+,A,C,mismatch,edited_1636,620,1,target
synthetic,193,195,1,+,A,C,mismatch,edited_1636,645,1,target
synthetic,155,155,1,+,A,C,mismatch,edited_1637,644,1,target
synthetic,160,164,1,+,A,C,mismatch,edited_1637,630,1,target
synthetic,183,183,1,+,A,C,mismatch,edited_1638,633,1,target
synthetic,182,185,1,+,A,C,mismatch,edited_1638,646,1,target
synthetic,64,64,1,+,A,C,mismatch,edited_1639,622,1,target
synthetic,41,44,1,+,A,C,mismatch,edited_1639,636,1,target
synthetic,128,128,1,+,A,C,mismatch,edited_1640,623,1,target
synthetic,169,169,1,+,A,C,mismatch,edited_1640,635,1,target
synthetic,124,124,1,+,A,C,mismatch,edited_1641,650,1,target
synthetic,82,85,1,+,A,C,mismatch,edited_1641,638,1,target
synthetic,130,132,1,+,A,C,mismatch,edited_1642,642,1,target
synthetic,173,174,1,+,A,C,mismatch,edited_1642,630,1,target
synthetic,178,181,1,+,A,C,mismatch,edited_1643,630,1,target
synthetic,56,56,1,+,A,C,mismatch,edited_1643,630,1,target
synthetic,94,98,1,+,A,C,mismatch,edited_1644,631,1,target
synthetic,45,49,1,+,A,C,mismatch,edited_1644,627,1,target
synthetic,140,143,1,+,A,C,mismatch,edited_1645,638,1,target
synthetic,194,196,1,+,A,C,mismatch,edited_1645,643,1,target
synthetic,63,68,1,+,A,C,mismatch,edited_1646,638,1,target
synthetic,132,137,1,+,A,C,mismatch,edited_1646,628,1,target
synthetic,187,191,1,+,A,C,mismatch,edited_1647,633,1,target
synthetic,134,135,1,+,A,C,mismatch,edited_1647,628,1,target
synthetic,80,81,1,+,A,C,mismatch,edited_1648,643,1,target
synthetic,177,180,1,+,A,C,mismatch,edited_1648,647,1,target
synthetic,113,114,1,+,A,C,mismatch,edited_1649,631,1,target
synthetic,110,110,1,+,A,C,mismatch,edited_1649,622,1,target
synthetic,154,155,1,+,A,C,mismatch,edited_1650,630,1,target
synthetic,113,115,1,+,A,C,mismatch,edited_1650,626,1,target
synthetic,149,150,1,+,A,C,mismatch,edited_1651,621,1,target
synthetic,105,109,1,+,A,C,mismatch,edited_1651,628,1,target
synthetic,195,197,1,+,A,C,mismatch,edited_1652,649,1,target
synthetic,114,114,1,+,A,C,mismatch,edited_1652,625,1,target
synthetic,175,177,1,+,A,C,mismatch,edited_1653,644,1,target
synthetic,145,147,1,+,A,C,mismatch,edited_1653,640,1,target
synthetic,162,165,1,+,A,C,mismatch,edited_1654,625,1,target
synthetic,142,147,1,+,A,C,mismatch,edited_1654,641,1,target
synthetic,45,46,1,+,A,C,mismatch,edited_1655,636,1,target
synthetic,198,202,1,+,A,C,mismatch,edited_1655,631,1,target
synthetic,97,98,1,+,A,C,mismatch,edited_1656,621,1,target
synthetic,72,77,1,+,A,C,mismatch,edited_1656,632,1,target
synthetic,187,188,1,+,A,C,mismatch,edited_1657,631,1,target
synthetic,174,177,1,+,A,C,mismatch,edited_1657,634,1,target
synthetic,179,181,1,+,A,C,mismatch,edited_1658,631,1,target
synthetic,165,166,1,+,A,C,mismatch,edited_1658,626,1,target
synthetic,91,96,1,+,A,C,mismatch,edited_1659,637,1,target
synthetic,52,57,1,+,A,C,mismatch,edited_1659,644,1,target
synthetic,134,134,1,+,A,C,mismatch,edited_1660,631,1,target
synthetic,169,173,1,+,A,C,mismatch,edited_1660,640,1,target
synthetic,176,177,1,+,A,C,mismatch,edited_1661,625,1,target
synthetic,134,135,1,+,A,C,mismatch,edited_1661,635,1,target
synthetic,41,44,1,+,A,C,mismatch,edited_1662,636,1,target
synthetic,195,198,1,+,A,C,mismatch,edited_1662,643,1,target
synthetic,92,95,1,+,A,C,mismatch,edited_1663,644,1,target
synthetic,67,67,1,+,A,C,mismatch,edited_1663,626,1,target
synthetic,119,124,1,+,A,C,mismatch,edited_1664,633,1,target
synthetic,188,192,1,+,A,C,mismatch,edited_1664,643,1,target
synthetic,166,170,1,+,A,C,mismatch,edited_1665,643,1,target
synthetic,167,172,1,+,A,C,mismatch,edited_1665,649,1,target
synthetic,71,72,1,+,A,C,mismatch,edited_1666,638,1,target
synthetic,57,60,1,+,A,C,mismatch,edited_1666,627,1,target
synthetic,50,54,1,+,A,C,mismatch,edited_1667,640,1,target
synthetic,194,195,1,+,A,C,mismatch,edited_1667,644,1,target
synthetic,195,198,1,+,A,C,mismatch,edited_1668,636,1,target
synthetic,136,140,1,+,A,C,mismatch,edited_1668,632,1,target
synthetic,55,55,1,+,A,C,mismatch,edited_1669,646,1,target
synthetic,178,183,1,+,A,C,mismatch,edited_1669,643,1,target
synthetic,131,136,1,+,A,C,mismatch,edited_1670,623,1,target
synthetic,53,57,1,+,A,C,mismatch,edited_1670,639,1,target
synthetic,156,159,1,+,A,C,mismatch,edited_1671,625,1,target
synthetic,61,66,1,+,A,C,mismatch,edited_1671,623,1,target
synthetic,59,63,1,+,A,C,mismatch,edited_1672,643,1,target
synthetic,143,145,1,+,A,C,mismatch,edited_1672,630,1,target
synthetic,191,194,1,+,A,C,mismatch,edited_1673,631,1,target
synthetic,186,191,1,+,A,C,mismatch,edited_1673,629,1,target
synthetic,102,103,1,+,A,C,mismatch,edited_1674,637,1,target
synthetic,116,120,1,+,A,C,mismatch,edited_1674,641,1,target
synthetic,128,129,1,+,A,C,mismatch,edited_1675,646,1,target
synthetic,78,81,1,+,A,C,mismatch,edited_1675,641,1,target
synthetic,86,90,1,+,A,C,mismatch,edited_1676,649,1,target
synthetic,86,91,1,+,A,C,mismatch,edited_1676,640,1,target
synthetic,116,119,1,+,A,C,mismatch,edited_1677,629,1,target
synthetic,100,100,1,+,A,C,mismatch,edited_1677,621,1,target
synthetic,195,195,1,+,A,C,mismatch,edited_1678,648,1,target
synthetic,50,54,1,+,A,C,mismatch,edited_1678,634,1,target
synthetic,66,71,1,+,A,C,mismatch,edited_1679,641,1,target
synthetic,197,198,1,+,A,C,mismatch,edited_1679,647,1,target
synthetic,92,97,1,+,A,C,mismatch,edited_1680,647,1,target
synthetic,94,96,1,+,A,C,mismatch,edited_1680,641,1,target
synthetic,98,99,1,+,A,C,mismatch,edited_1681,632,1,target
synthetic,51,52,1,+,A,C,mismatch,edited_1681,625,1,target
synthetic,49,53,1,+,A,C,mismatch,edited_1682,639,1,target
synthetic,142,142,1,+,A,C,mismatch,edited_1682,649,1,target
synthetic,163,167,1,+,A,C,mismatch,edited_1683,647,1,target
synthetic,55,55,1,+,A,C,mismatch,edited_1683,646,1,target
synthetic,126,128,1,+,A,C,mismatch,edited_1684,625,1,target
synthetic,189,190,1,+,A,C,mismatch,edited_1684,628,1,target
synthetic,95,95,1,+,A,C,mismatch,edited_1685,649,1,target
synthetic,190,192,1,+,A,C,mismatch,edited_1685,647,1,target
synthetic,140,140,1,+,A,C,mismatch,edited_1686,633,1,target
synthetic,57,60,1,+,A,C,mismatch,edited_1686,637,1,target
synthetic,159,161,1,+,A,C,mismatch,edited_1687,643,1,target
synthetic,155,156,1,+,A,C,mismatch,edited_1687,643,1,target
synthetic,72,77,1,+,A,C,mismatch,edited_1688,648,1,target
synthetic,188,193,1,+,A,C,mismatch,edited_1688,649,1,target
synthetic,181,183,1,+,A,C,mismatch,edited_1689,642,1,target
synthetic,42,42,1,+,A,C,mismatch,edited_1689,646,1,target
synthetic,87,91,1,+,A,C,mismatch,edited_1690,640,1,target
synthetic,193,195,1,+,A,C,mismatch,edited_1690,649,1,target
synthetic,155,156,1,+,A,C,mismatch,edited_1691,629,1,target
synthetic,41,44,1,+,A,C,mismatch,edited_1691,628,1,target
synthetic,109,110,1,+,A,C,mismatch,edited_1692,623,1,target
synthetic,94,96,1,+,A,C,mismatch,edited_1692,638,1,target
synthetic,148,151,1,+,A,C,mismatch,edited_1693,636,1,target
synthetic,128,129,1,+,A,C,mismatch,edited_1693,647,1,target
synthetic,123,125,1,+,A,C,mismatch,edited_1694,641,1,target
synthetic,80,80,1,+,A,C,mismatch,edited_1694,647,1,target
synthetic,47,52,1,+,A,C,mismatch,edited_1695,644,1,target
synthetic,106,108,1,+,A,C,mismatch,edited_1695,637,1,target
synthetic,87,91,1,+,A,C,mismatch,edited_1696,630,1,target
synthetic,72,73,1,+,A,C,mismatch,edited_1696,649,1,target
synthetic,198,199,1,+,A,C,mismatch,edited_1697,641,1,target
synthetic,155,160,1,+,A,C,mismatch,edited_1697,647,1,target
synthetic,43,43,1,+,A,C,mismatch,edited_1698,650,1,target
synthetic,74,74,1,+,A,C,mismatch,edited_1698,626,1,target
synthetic,185,190,1,+,A,C,mismatch,edited_1699,640,1,target
synthetic,118,119,1,+,A,C,mismatch,edited_1699,630,1,target
synthetic,170,172,1,+,A,C,mismatch,edited_1700,626,1,target
synthetic,57,59,1,+,A,C,mismatch,edited_1700,626,1,target
synthetic,51,56,1,+,A,C,mismatch,edited_1701,621,1,target
synthetic,81,81,1,+,A,C,mismatch,edited_1701,626,1,target
synthetic,167,172,1,+,A,C,mismatch,edited_1702,639,1,target
synthetic,42,47,1,+,A,C,mismatch,edited_1702,645,1,target
synthetic,188,193,1,+,A,C,mismatch,edited_1703,630,1,target
synthetic,84,87,1,+,A,C,mismatch,edited_1703,646,1,target
synthetic,80,80,1,+,A,C,mismatch,edited_1704,625,1,target
synthetic,144,146,1,+,A,C,mismatch,edited_1704,626,1,target
synthetic,77,82,1,+,A,C,mismatch,edited_1705,621,1,target
synthetic,113,116,1,+,A,C,mismatch,edited_1705,623,1,target
synthetic,92,94,1,+,A,C,mismatch,edited_1706,632,1,target
synthetic,56,60,1,+,A,C,mismatch,edited_1706,648,1,target
synthetic,84,89,1,+,A,C,mismatch,edited_1707,630,1,target
synthetic,78,82,1,+,A,C,mismatch,edited_1707,638,1,target
synthetic,58,63,1,+,A,C,mismatch,edited_1708,642,1,target
synthetic,61,62,1,+,A,C,mismatch,edited_1708,627,1,target
synthetic,125,129,1,+,A,C,mismatch,edited_1709,642,1,target
synthetic,195,198,1,+,A,C,mismatch,edited_1709,648,1,target
synthetic,128,128,1,+,A,C,mismatch,edited_1710,639,1,target
synthetic,161,165,1,+,A,C,mismatch,edited_1710,634,1,target
synthetic,178,180,1,+,A,C,mismatch,edited_1711,631,1,target
synthetic,199,201,1,+,A,C,mismatch,edited_1711,627,1,target
synthetic,164,168,1,+,A,C,mismatch,edited_1712,633,1,target
synthetic,87,89,1,+,A,C,mismatch,edited_1712,646,1,target
synthetic,128,129,1,+,A,C,mismatch,edited_1713,624,1,target
synthetic,178,181,1,+,A,C,mismatch,edited_1713,637,1,target
synthetic,110,112,1,+,A,C,mismatch,edited_1714,647,1,target
synthetic,183,187,1,+,A,C,mismatch,edited_1714,649,1,target
synthetic,160,164,1,+,A,C,mismatch,edited_1715,638,1,target
synthetic,131,131,1,+,A,C,mismatch,edited_1715,650,1,target
synthetic,188,192,1,+,A,C,mismatch,edited_1716,636,1,target
synthetic,75,77,1,+,A,C,mismatch,edited_1716,627,1,target
synthetic,52,57,1,+,A,C,mismatch,edited_1717,634,1,target
synthetic,104,105,1,+,A,C,mismatch,edited_1717,622,1,target
synthetic,154,158,1,+,A,C,mismatch,edited_1718,631,1,target
synthetic,84,86,1,+,A,C,mismatch,edited_1718,639,1,target
synthetic,89,91,1,+,A,C,mismatch,edited_1719,629,1,target
synthetic,169,173,1,+,A,C,mismatch,edited_1719,636,1,target
synthetic,186,188,1,+,A,C,mismatch,edited_1720,623,1,target
synthetic,147,149,1,+,A,C,mismatch,edited_1720,629,1,target
synthetic,87,88,1,+,A,C,mismatch,edited_1721,638,1,target
synthetic,93,93,1,+,A,C,mismatch,edited_1721,645,1,target
synthetic,45,47,1,+,A,C,mismatch,edited_1722,646,1,target
synthetic,86,86,1,+,A,C,mismatch,edited_1722,632,1,target
synthetic,85,87,1,+,A,C,mismatch,edited_1723,647,1,target
synthetic,148,153,1,+,A,C,mismatch,edited_1723,642,1,target
synthetic,100,101,1,+,A,C,mismatch,edited_1724,649,1,target
synthetic,101,103,1,+,A,C,mismatch,edited_1724,648,1,target
synthetic,108,111,1,+,A,C,mismatch,edited_1725,623,1,target
synthetic,55,57,1,+,A,C,mismatch,edited_1725,642,1,target
synthetic,143,148,1,+,A,C,mismatch,edited_1726,643,1,target
synthetic,171,176,1,+,A,C,mismatch,edited_1726,627,1,target
synthetic,168,173,1,+,A,C,mismatch,edited_1727,648,1,target
synthetic,62,65,1,+,A,C,mismatch,edited_1727,639,1,target
synthetic,138,138,1,+,A,C,mismatch,edited_1728,640,1,target
synthetic,62,65,1,+,A,C,mismatch,edited_1728,634,1,target
synthetic,170,171,1,+,A,C,mismatch,edited_1729,643,1,target
synthetic,144,145,1,+,A,C,mismatch,edited_1729,623,1,target
synthetic,67,72,1,+,A,C,mismatch,edited_1730,647,1,target
synthetic,95,96,1,+,A,C,mismatch,edited_1730,638,1,target
synthetic,87,92,1,+,A,C,mismatch,edited_1731,649,1,target
synthetic,168,171,1,+,A,C,mismatch,edited_1731,630,1,target
synthetic,172,177,1,+,A,C,mismatch,edited_1732,641,1,target
synthetic,171,175,1,+,A,C,mismatch,edited_1732,649,1,target
synthetic,160,165,1,+,A,C,mismatch,edited_1733,631,1,target
synthetic,167,169,1,+,A,C,mismatch,edited_1733,626,1,target
synthetic,107,112,1,+,A,C,mismatch,edited_1734,627,1,target
synthetic,80,83,1,+,A,C,mismatch,edited_1734,639,1,target
synthetic,70,75,1,+,A,C,mismatch,edited_1735,629,1,target
synthetic,162,167,1,+,A,C,mismatch,edited_1735,645,1,target
synthetic,62,63,1,+,A,C,mismatch,edited_1736,639,1,target
synthetic,122,126,1,+,A,C,mismatch,edited_1736,622,1,target
synthetic,167,171,1,+,A,C,mismatch,edited_1737,648,1,target
synthetic,143,145,1,+,A,C,mismatch,edited_1737,630,1,target
synthetic,54,59,1,+,A,C,mismatch,edited_1738,631,1,target
synthetic,110,114,1,+,A,C,mismatch,edited_1738,628,1,target
synthetic,99,101,1,+,A,C,mismatch,edited_1739,647,1,target
synthetic,169,174,1,+,A,C,mismatch,edited_1739,639,1,target
synthetic,170,173,1,+,A,C,mismatch,edited_1740,638,1,target
synthetic,139,141,1,+,A,C,mismatch,edited_1740,645,1,target
synthetic,58,61,1,+,A,C,mismatch,edited_1741,630,1,target
synthetic,118,119,1,+,A,C,mismatch,edited_1741,630,1,target
synthetic,74,78,1,+,A,C,mismatch,edited_1742,638,1,target
synthetic,144,147,1,+,A,C,mismatch,edited_1742,647,1,target
synthetic,195,199,1,+,A,C,mismatch,edited_1743,625,1,target
synthetic,129,134,1,+,A,C,mismatch,edited_1743,644,1,target
synthetic,155,158,1,+,A,C,mismatch,edited_1744,649,1,target
synthetic,144,145,1,+,A,C,mismatch,edited_1744,648,1,target
synthetic,173,177,1,+,A,C,mismatch,edited_1745,643,1,target
synthetic,61,64,1,+,A,C,mismatch,edited_1745,622,1,target
synthetic,94,97,1,+,A,C,mismatch,edited_1746,628,1,target
synthetic,48,48,1,+,A,C,mismatch,edited_1746,635,1,target
synthetic,140,141,1,+,A,C,mismatch,edited_1747,636,1,target
synthetic,46,47,1,+,A,C,mismatch,edited_1747,626,1,target
synthetic,115,119,1,+,A,C,mismatch,edited_1748,629,1,target
synthetic,94,99,1,+,A,C,mismatch,edited_1748,637,1,target
synthetic,70,74,1,+,A,C,mismatch,edited_1749,644,1,target
synthetic,89,90,1,+,A,C,mismatch,edited_1749,630,1,target
synthetic,167,171,1,+,A,C,mismatch,edited_1750,638,1,target
synthetic,145,146,1,+,A,C,mismatch,edited_1750,650,1,target
synthetic,76,80,1,+,A,C,mismatch,edited_1751,624,1,target
synthetic,187,188,1,+,A,C,mismatch,edited_1751,622,1,target
synthetic,158,160,1,+,A,C,mismatch,edited_1752,629,1,target
synthetic,128,133,1,+,A,C,mismatch,edited_1752,622,1,target
synthetic,55,55,1,+,A,C,mismatch,edited_1753,649,1,target
synthetic,137,141,1,+,A,C,mismatch,edited_1753,623,1,target
synthetic,74,77,1,+,A,C,mismatch,edited_1754,625,1,target
synthetic,190,193,1,+,A,C,mismatch,edited_1754,639,1,target
synthetic,90,92,1,+,A,C,mismatch,edited_1755,622,1,target
synthetic,41,43,1,+,A,C,mismatch,edited_1755,647,1,target
synthetic,71,76,1,+,A,C,mismatch,edited_1756,620,1,target
synthetic,162,167,1,+,A,C,mismatch,edited_1756,636,1,target
synthetic,197,198,1,+,A,C,mismatch,edited_1757,641,1,target
synthetic,185,188,1,+,A,C,mismatch,edited_1757,630,1,target
synthetic,195,198,1,+,A,C,mismatch,edited_1758,634,1,target
synthetic,70,71,1,+,A,C,mismatch,edited_1758,632,1,target
synthetic,151,155,1,+,A,C,mismatch,edited_1759,624,1,target
synthetic,65,67,1,+,A,C,mismatch,edited_1759,623,1,target
synthetic,58,60,1,+,A,C,mismatch,edited_1760,641,1,target
synthetic,191,191,1,+,A,C,mismatch,edited_1760,640,1,target
synthetic,51,55,1,+,A,C,mismatch,edited_1761,631,1,target
synthetic,168,173,1,+,A,C,mismatch,edited_1761,632,1,target
synthetic,195,195,1,+,A,C,mismatch,edited_1762,635,1,target
synthetic,43,47,1,+,A,C,mismatch,edited_1762,645,1,target
synthetic,50,52,1,+,A,C,mismatch,edited_1763,629,1,target
synthetic,102,103,1,+,A,C,mismatch,edited_1763,633,1,target
synthetic,144,145,1,+,A,C,mismatch,edited_1764,639,1,target
synthetic,105,107,1,+,A,C,mismatch,edited_1764,636,1,target
synthetic,58,58,1,+,A,C,mismatch,edited_1765,643,1,target
synthetic,184,188,1,+,A,C,mismatch,edited_1765,632,1,target
synthetic,159,162,1,+,A,C,mismatch,edited_1766,622,1,target
synthetic,177,180,1,+,A,C,mismatch,edited_1766,622,1,target
synthetic,59,60,1,+,A,C,mismatch,edited_1767,636,1,target
synthetic,147,149,1,+,A,C,mismatch,edited_1767,638,1,target
synthetic,63,68,1,+,A,C,mismatch,edited_1768,628,1,target
synthetic,141,146,1,+,A,C,mismatch,edited_1768,630,1,target
synthetic,60,60,1,+,A,C,mismatch,edited_1769,632,1,target
synthetic,54,58,1,+,A,C,mismatch,edited_1769,626,1,target
synthetic,41,43,1,+,A,C,mismatch,edited_1770,623,1,target
synthetic,55,55,1,+,A,C,mismatch,edited_1770,648,1,target
synthetic,66,66,1,+,A,C,mismatch,edited_1771,629,1,target
synthetic,199,201,1,+,A,C,mismatch,edited_1771,638,1,target
synthetic,187,189,1,+,A,C,mismatch,edited_1772,648,1,target
synthetic,94,97,1,+,A,C,mismatch,edited_1772,628,1,target
synthetic,67,67,1,+,A,C,mismatch,edited_1773,631,1,target
synthetic,97,99,1,+,A,C,mismatch,edited_1773,644,1,target
synthetic,66,71,1,+,A,C,mismatch,edited_1774,623,1,target
synthetic,146,148,1,+,A,C,mismatch,edited_1774,647,1,target
synthetic,159,161,1,+,A,C,mismatch,edited_1775,648,1,target
synthetic,137,141,1,+,A,C,mismatch,edited_1775,639,1,target
synthetic,62,63,1,+,A,C,mismatch,edited_1776,645,1,target
synthetic,137,139,1,+,A,C,mismatch,edited_1776,633,1,target
synthetic,75,76,1,+,A,C,mismatch,edited_1777,640,1,target
synthetic,62,62,1,+,A,C,mismatch,edited_1777,636,1,target
synthetic,196,196,1,+,A,C,mismatch,edited_1778,621,1,target
synthetic,122,124,1,+,A,C,mismatch,edited_1778,641,1,target
synthetic,93,95,1,+,A,C,mismatch,edited_1779,650,1,target
synthetic,62,62,1,+,A,C,mismatch,edited_1779,641,1,target
synthetic,64,66,1,+,A,C,mismatch,edited_1780,630,1,target
synthetic,82,87,1,+,A,C,mismatch,edited_1780,628,1,target
synthetic,162,164,1,+,A,C,mismatch,edited_1781,635,1,target
synthetic,200,202,1,+,A,C,mismatch,edited_1781,628,1,target
synthetic,133,134,1,+,A,C,mismatch,edited_1782,634,1,target
synthetic,197,202,1,+,A,C,mismatch,edited_1782,626,1,target
synthetic,55,57,1,+,A,C,mismatch,edited_1783,630,1,target
synthetic,104,108,1,+,A,C,mismatch,edited_1783,646,1,target
synthetic,199,199,1,+,A,C,mismatch,edited_1784,640,1,target
synthetic,160,162,1,+,A,C,mismatch,edited_1784,636,1,target
synthetic,198,198,1,+,A,C,mismatch,edited_1785,642,1,target
synthetic,42,43,1,+,A,C,mismatch,edited_1785,640,1,target
synthetic,77,82,1,+,A,C,mismatch,edited_1786,643,1,target
synthetic,178,183,1,+,A,C,mismatch,edited_1786,646,1,target
synthetic,139,140,1,+,A,C,mismatch,edited_1787,646,1,target
synthetic,69,72,1,+,A,C,mismatch,edited_1787,637,1,target
synthetic,74,78,1,+,A,C,mismatch,edited_1788,649,1,target
synthetic,189,190,1,+,A,C,mismatch,edited_1788,639,1,target
synthetic,121,123,1,+,A,C,mismatch,edited_1789,629,1,target
synthetic,193,194,1,+,A,C,mismatch,edited_1789,629,1,target
synthetic,106,110,1,+,A,C,mismatch,edited_1790,642,1,target
synthetic,58,63,1,+,A,C,mismatch,edited_1790,638,1,target
synthetic,132,134,1,+,A,C,mismatch,edited_1791,622,1,target
synthetic,62,63,1,+,A,C,mismatch,edited_1791,621,1,target
synthetic,199,199,1,+,A,C,mismatch,edited_1792,639,1,target
synthetic,98,100,1,+,A,C,mismatch,edited_1792,628,1,target
synthetic,163,166,1,+,A,C,mismatch,edited_1793,628,1,target
synthetic,158,161,1,+,A,C,mismatch,edited_1793,640,1,target
synthetic,74,77,1,+,A,C,mismatch,edited_1794,627,1,target
synthetic,62,64,1,+,A,C,mismatch,edited_1794,641,1,target
synthetic,49,49,1,+,A,C,mismatch,edited_1795,638,1,target
synthetic,161,161,1,+,A,C,mismatch,edited_1795,647,1,target
synthetic,199,200,1,+,A,C,mismatch,edited_1796,631,1,target
synthetic,79,79,1,+,A,C,mismatch,edited_1796,648,1,target
synthetic,67,68,1,+,A,C,mismatch,edited_1797,649,1,target
synthetic,185,186,1,+,A,C,mismatch,edited_1797,642,1,target
synthetic,184,186,1,+,A,C,mismatch,edited_1798,637,1,target
synthetic,154,157,1,+,A,C,mismatch,edited_1798,639,1,target
synthetic,188,191,1,+,A,C,mismatch,edited_1799,643,1,target
synthetic,158,159,1,+,A,C,mismatch,edited_1799,622,1,target
synthetic,143,143,1,+,A,C,mismatch,edited_1800,625,1,target
synthetic,184,188,1,+,A,C,mismatch,edited_1800,637,1,target
synthetic,154,154,1,+,A,C,mismatch,edited_1801,635,1,target
synthetic,178,183,1,+,A,C,mismatch,edited_1801,621,1,target
synthetic,183,184,1,+,A,C,mismatch,edited_1802,648,1,target
synthetic,55,56,1,+,A,C,mismatch,edited_1802,621,1,target
synthetic,57,61,1,+,A,C,mismatch,edited_1803,644,1,target
synthetic,43,47,1,+,A,C,mismatch,edited_1803,639,1,target
synthetic,110,115,1,+,A,C,mismatch,edited_1804,645,1,target
synthetic,187,191,1,+,A,C,mismatch,edited_1804,627,1,target
synthetic,92,94,1,+,A,C,mismatch,edited_1805,640,1,target
synthetic,167,169,1,+,A,C,mismatch,edited_1805,621,1,target
synthetic,120,122,1,+,A,C,mismatch,edited_1806,647,1,target
synthetic,105,108,1,+,A,C,mismatch,edited_1806,634,1,target
synthetic,57,62,1,+,A,C,mismatch,edited_1807,641,1,target
synthetic,56,56,1,+,A,C,mismatch,edited_1807,623,1,target
synthetic,44,46,1,+,A,C,mismatch,edited_1808,641,1,target
synthetic,58,61,1,+,A,C,mismatch,edited_1808,638,1,target
synthetic,66,66,1,+,A,C,mismatch,edited_1809,620,1,target
synthetic,155,155,1,+,A,C,mismatch,edited_1809,643,1,target
synthetic,195,196,1,+,A,C,mismatch,edited_1810,643,1,target
synthetic,184,189,1,+,A,C,mismatch,edited_1810,635,1,target
synthetic,100,100,1,+,A,C,mismatch,edited_1811,624,1,target
synthetic,85,89,1,+,A,C,mismatch,edited_1811,649,1,target
synthetic,184,186,1,+,A,C,mismatch,edited_1812,636,1,target
synthetic,85,89,1,+,A,C,mismatch,edited_1812,628,1,target
synthetic,170,174,1,+,A,C,mismatch,edited_1813,648,1,target
synthetic,69,70,1,+,A,C,mismatch,edited_1813,638,1,target
synthetic,67,68,1,+,A,C,mismatch,edited_1814,645,1,target
synthetic,191,194,1,+,A,C,mismatch,edited_1814,626,1,target
synthetic,164,165,1,+,A,C,mismatch,edited_1815,635,1,target
synthetic,103,108,1,+,A,C,mismatch,edited_1815,626,1,target
synthetic,141,141,1,+,A,C,mismatch,edited_1816,623,1,target
synthetic,60,62,1,+,A,C,mismatch,edited_1816,638,1,target
synthetic,48,51,1,+,A,C,mismatch,edited_1817,643,1,target
synthetic,183,185,1,+,A,C,mismatch,edited_1817,634,1,target
synthetic,163,165,1,+,A,C,mismatch,edited_1818,627,1,target
synthetic,82,87,1,+,A,C,mismatch,edited_1818,640,1,target
synthetic,155,157,1,+,A,C,mismatch,edited_1819,650,1,target
synthetic,62,62,1,+,A,C,mismatch,edited_1819,648,1,target
synthetic,160,161,1,+,A,C,mismatch,edited_1820,625,1,target
synthetic,141,146,1,+,A,C,mismatch,edited_1820,641,1,target
synthetic,145,146,1,+,A,C,mismatch,edited_1821,627,1,target
synthetic,155,156,1,+,A,C,mismatch,edited_1821,625,1,target
synthetic,141,144,1,+,A,C,mismatch,edited_1822,625,1,target
synthetic,118,122,1,+,A,C,mismatch,edited_1822,648,1,target
synthetic,91,93,1,+,A,C,mismatch,edited_1823,627,1,target
synthetic,127,130,1,+,A,C,mismatch,edited_1823,638,1,target
synthetic,109,114,1,+,A,C,mismatch,edited_1824,646,1,target
synthetic,197,198,1,+,A,C,mismatch,edited_1824,630,1,target
synthetic,176,179,1,+,A,C,mismatch,edited_1825,642,1,target
synthetic,100,101,1,+,A,C,mismatch,edited_1825,644,1,target
synthetic,194,196,1,+,A,C,mismatch,edited_1826,632,1,target
synthetic,61,61,1,+,A,C,mismatch,edited_1826,627,1,target
synthetic,50,54,1,+,A,C,mismatch,edited_1827,626,1,target
synthetic,55,58,1,+,A,C,mismatch,edited_1827,641,1,target
synthetic,107,110,1,+,A,C,mismatch,edited_1828,638,1,target
synthetic,71,73,1,+,A,C,mismatch,edited_1828,621,1,target
synthetic,198,203,1,+,A,C,mismatch,edited_1829,646,1,target
synthetic,118,118,1,+,A,C,mismatch,edited_1829,646,1,target
synthetic,187,187,1,+,A,C,mismatch,edited_1830,630,1,target
synthetic,40,44,1,+,A,C,mismatch,edited_1830,649,1,target
synthetic,137,138,1,+,A,C,mismatch,edited_1831,645,1,target
synthetic,86,90,1,+,A,C,mismatch,edited_1831,637,1,target
synthetic,144,144,1,+,A,C,mismatch,edited_1832,636,1,target
synthetic,114,119,1,+,A,C,mismatch,edited_1832,633,1,target
synthetic,155,159,1,+,A,C,mismatch,edited_1833,640,1,target
synthetic,182,183,1,+,A,C,mismatch,edited_1833,634,1,target
synthetic,168,173,1,+,A,C,mismatch,edited_1834,642,1,target
synthetic,104,106,1,+,A,C,mismatch,edited_1834,650,1,target
synthetic,111,115,1,+,A,C,mismatch,edited_1835,632,1,target
synthetic,78,83,1,+,A,C,mismatch,edited_1835,627,1,target
synthetic,195,198,1,+,A,C,mismatch,edited_1836,630,1,target
synthetic,139,139,1,+,A,C,mismatch,edited_1836,628,1,target
synthetic,128,132,1,+,A,C,mismatch,edited_1837,633,1,target
synthetic,177,179,1,+,A,C,mismatch,edited_1837,624,1,target
synthetic,63,65,1,+,A,C,mismatch,edited_1838,624,1,target
synthetic,77,78,1,+,A,C,mismatch,edited_1838,638,1,target
synthetic,134,134,1,+,A,C,mismatch,edited_1839,636,1,target
synthetic,174,179,1,+,A,C,mismatch,edited_1839,624,1,target
synthetic,143,144,1,+,A,C,mismatch,edited_1840,623,1,target
synthetic,158,161,1,+,A,C,mismatch,edited_1840,644,1,target
synthetic,80,84,1,+,A,C,mismatch,edited_1841,649,1,target
synthetic,96,101,1,+,A,C,mismatch,edited_1841,642,1,target
synthetic,105,107,1,+,A,C,mismatch,edited_1842,624,1,target
synthetic,74,74,1,+,A,C,mismatch,edited_1842,640,1,target
synthetic,123,125,1,+,A,C,mismatch,edited_1843,620,1,target
synthetic,159,163,1,+,A,C,mismatch,edited_1843,631,1,target
synthetic,49,53,1,+,A,C,mismatch,edited_1844,631,1,target
synthetic,115,116,1,+,A,C,mismatch,edited_1844,639,1,target
synthetic,78,80,1,+,A,C,mismatch,edited_1845,625,1,target
synthetic,148,148,1,+,A,C,mismatch,edited_1845,623,1,target
synthetic,191,195,1,+,A,C,mismatch,edited_1846,642,1,target
synthetic,77,82,1,+,A,C,mismatch,edited_1846,646,1,target
synthetic,91,92,1,+,A,C,mismatch,edited_1847,625,1,target
synthetic,196,200,1,+,A,C,mismatch,edited_1847,628,1,target
synthetic,124,126,1,+,A,C,mismatch,edited_1848,638,1,target
synthetic,78,79,1,+,A,C,mismatch,edited_1848,622,1,target
synthetic,96,96,1,+,A,C,mismatch,edited_1849,644,1,target
synthetic,130,130,1,+,A,C,mismatch,edited_1849,647,1,target
synthetic,140,143,1,+,A,C,mismatch,edited_1850,640,1,target
synthetic,140,142,1,+,A,C,mismatch,edited_1850,633,1,target
synthetic,87,89,1,+,A,C,mismatch,edited_1851,643,1,target
synthetic,186,187,1,+,A,C,mismatch,edited_1851,632,1,target
synthetic,107,109,1,+,A,C,mismatch,edited_1852,646,1,target
synthetic,153,158,1,+,A,C,mismatch,edited_1852,643,1,target
synthetic,146,149,1,+,A,C,mismatch,edited_1853,647,1,target
synthetic,140,145,1,+,A,C,mismatch,edited_1853,640,1,target
synthetic,199,201,1,+,A,C,mismatch,edited_1854,646,1,target
synthetic,148,150,1,+,A,C,mismatch,edited_1854,624,1,target
synthetic,128,130,1,+,A,C,mismatch,edited_1855,622,1,target
synthetic,48,53,1,+,A,C,mismatch,edited_1855,644,1,target
synthetic,161,164,1,+,A,C,mismatch,edited_1856,629,1,target
synthetic,184,187,1,+,A,C,mismatch,edited_1856,622,1,target
synthetic,187,190,1,+,A,C,mismatch,edited_1857,622,1,target
synthetic,47,47,1,+,A,C,mismatch,edited_1857,634,1,target
synthetic,46,47,1,+,A,C,mismatch,edited_1858,630,1,target
synthetic,108,113,1,+,A,C,mismatch,edited_1858,625,1,target
synthetic,143,144,1,+,A,C,mismatch,edited_1859,648,1,target
synthetic,108,108,1,+,A,C,mismatch,edited_1859,642,1,target
synthetic,162,164,1,+,A,C,mismatch,edited_1860,625,1,target
synthetic,131,133,1,+,A,C,mismatch,edited_1860,626,1,target
synthetic,84,89,1,+,A,C,mismatch,edited_1861,622,1,target
synthetic,151,153,1,+,A,C,mismatch,edited_1861,621,1,target
synthetic,82,84,1,+,A,C,mismatch,edited_1862,650,1,target
synthetic,88,91,1,+,A,C,mismatch,edited_1862,621,1,target
synthetic,115,120,1,+,A,C,mismatch,edited_1863,645,1,target
synthetic,142,142,1,+,A,C,mismatch,edited_1863,637,1,target
synthetic,136,137,1,+,A,C,mismatch,edited_1864,634,1,target
synthetic,124,127,1,+,A,C,mismatch,edited_1864,644,1,target
synthetic,177,177,1,+,A,C,mismatch,edited_1865,640,1,target
synthetic,77,78,1,+,A,C,mismatch,edited_1865,636,1,target
synthetic,93,96,1,+,A,C,mismatch,edited_1866,648,1,target
synthetic,43,46,1,+,A,C,mismatch,edited_1866,639,1,target
synthetic,133,136,1,+,A,C,mismatch,edited_1867,641,1,target
synthetic,116,118,1,+,A,C,mismatch,edited_1867,629,1,target
synthetic,162,162,1,+,A,C,mismatch,edited_1868,625,1,target
synthetic,156,156,1,+,A,C,mismatch,edited_1868,638,1,target
synthetic,195,195,1,+,A,C,mismatch,edited_1869,645,1,target
synthetic,74,78,1,+,A,C,mismatch,edited_1869,646,1,target
synthetic,52,52,1,+,A,C,mismatch,edited_1870,641,1,target
synthetic,179,184,1,+,A,C,mismatch,edited_1870,638,1,target
synthetic,121,121,1,+,A,C,mismatch,edited_1871,627,1,target
synthetic,174,176,1,+,A,C,mismatch,edited_1871,638,1,target
synthetic,152,156,1,+,A,C,mismatch,edited_1872,644,1,target
synthetic,44,44,1,+,A,C,mismatch,edited_1872,638,1,target
synthetic,166,166,1,+,A,C,mismatch,edited_1873,635,1,target
synthetic,62,63,1,+,A,C,mismatch,edited_1873,627,1,target
synthetic,68,68,1,+,A,C,mismatch,edited_1874,638,1,target
synthetic,51,56,1,+,A,C,mismatch,edited_1874,637,1,target
synthetic,177,179,1,+,A,C,mismatch,edited_1875,634,1,target
synthetic,181,186,1,+,A,C,mismatch,edited_1875,646,1,target
synthetic,148,153,1,+,A,C,mismatch,edited_1876,645,1,target
synthetic,125,125,1,+,A,C,mismatch,edited_1876,642,1,target
synthetic,66,69,1,+,A,C,mismatch,edited_1877,643,1,target
synthetic,174,176,1,+,A,C,mismatch,edited_1877,647,1,target
synthetic,198,202,1,+,A,C,mismatch,edited_1878,646,1,target
synthetic,164,169,1,+,A,C,mismatch,edited_1878,627,1,target
synthetic,144,145,1,+,A,C,mismatch,edited_1879,621,1,target
synthetic,166,171,1,+,A,C,mismatch,edited_1879,641,1,target
synthetic,177,179,1,+,A,C,mismatch,edited_1880,629,1,target
synthetic,92,95,1,+,A,C,mismatch,edited_1880,647,1,target
synthetic,121,123,1,+,A,C,mismatch,edited_1881,622,1,target
synthetic,151,153,1,+,A,C,mismatch,edited_1881,648,1,target
synthetic,107,111,1,+,A,C,mismatch,edited_1882,621,1,target
synthetic,41,41,1,+,A,C,mismatch,edited_1882,624,1,target
synthetic,42,44,1,+,A,C,mismatch,edited_1883,630,1,target
synthetic,53,56,1,+,A,C,mismatch,edited_1883,644,1,target
synthetic,117,119,1,+,A,C,mismatch,edited_1884,621,1,target
synthetic,153,153,1,+,A,C,mismatch,edited_1884,649,1,target
synthetic,96,99,1,+,A,C,mismatch,edited_1885,630,1,target
synthetic,87,88,1,+,A,C,mismatch,edited_1885,649,1,target
synthetic,170,175,1,+,A,C,mismatch,edited_1886,637,1,target
synthetic,155,160,1,+,A,C,mismatch,edited_1886,632,1,target
synthetic,151,153,1,+,A,C,mismatch,edited_1887,630,1,target
synthetic,97,97,1,+,A,C,mismatch,edited_1887,626,1,target
synthetic,99,100,1,+,A,C,mismatch,edited_1888,628,1,target
synthetic,90,93,1,+,A,C,mismatch,edited_1888,641,1,target
synthetic,119,121,1,+,A,C,mismatch,edited_1889,622,1,target
synthetic,134,135,1,+,A,C,mismatch,edited_1889,621,1,target
synthetic,132,136,1,+,A,C,mismatch,edited_1890,647,1,target
synthetic,163,166,1,+,A,C,mismatch,edited_1890,649,1,target
synthetic,100,105,1,+,A,C,mismatch,edited_1891,642,1,target
synthetic,150,155,1,+,A,C,mismatch,edited_1891,643,1,target
synthetic,54,58,1,+,A,C,mismatch,edited_1892,626,1,target
synthetic,138,139,1,+,A,C,mismatch,edited_1892,650,1,target
synthetic,169,170,1,+,A,C,mismatch,edited_1893,635,1,target
synthetic,115,120,1,+,A,C,mismatch,edited_1893,645,1,target
synthetic,98,101,1,+,A,C,mismatch,edited_1894,636,1,target
synthetic,162,167,1,+,A,C,mismatch,edited_1894,645,1,target
synthetic,180,184,1,+,A,C,mismatch,edited_1895,648,1,target
synthetic,175,177,1,+,A,C,mismatch,edited_1895,638,1,target
synthetic,95,96,1,+,A,C,mismatch,edited_1896,638,1,target
synthetic,142,144,1,+,A,C,mismatch,edited_1896,636,1,target
synthetic,78,79,1,+,A,C,mismatch,edited_1897,648,1,target
synthetic,142,142,1,+,A,C,mismatch,edited_1897,638,1,target
synthetic,116,120,1,+,A,C,mismatch,edited_1898,625,1,target
synthetic,55,57,1,+,A,C,mismatch,edited_1898,638,1,target
synthetic,162,164,1,+,A,C,mismatch,edited_1899,630,1,target
synthetic,181,184,1,+,A,C,mismatch,edited_1899,629,1,target
synthetic,179,183,1,+,A,C,mismatch,edited_1900,639,1,target
synthetic,176,180,1,+,A,C,mismatch,edited_1900,624,1,target
synthetic,173,177,1,+,A,C,mismatch,edited_1901,642,1,target
synthetic,148,150,1,+,A,C,mismatch,edited_1901,642,1,target
synthetic,170,172,1,+,A,C,mismatch,edited_1902,643,1,target
synthetic,131,134,1,+,A,C,mismatch,edited_1902,639,1,target
synthetic,68,70,1,+,A,C,mismatch,edited_1903,625,1,target
synthetic,101,102,1,+,A,C,mismatch,edited_1903,647,1,target
synthetic,195,196,1,+,A,C,mismatch,edited_1904,632,1,target
synthetic,142,142,1,+,A,C,mismatch,edited_1904,640,1,target
synthetic,155,157,1,+,A,C,mismatch,edited_1905,641,1,target
synthetic,170,175,1,+,A,C,mismatch,edited_1905,638,1,target
synthetic,118,120,1,+,A,C,mismatch,edited_1906,635,1,target
synthetic,183,186,1,+,A,C,mismatch,edited_1906,627,1,target
synthetic,110,114,1,+,A,C,mismatch,edited_1907,630,1,target
synthetic,100,102,1,+,A,C,mismatch,edited_1907,648,1,target
synthetic,77,82,1,+,A,C,mismatch,edited_1908,637,1,target
synthetic,151,151,1,+,A,C,mismatch,edited_1908,634,1,target
synthetic,124,128,1,+,A,C,mismatch,edited_1909,628,1,target
synthetic,51,56,1,+,A,C,mismatch,edited_1909,646,1,target
synthetic,151,151,1,+,A,C,mismatch,edited_1910,645,1,target
synthetic,91,95,1,+,A,C,mismatch,edited_1910,644,1,target
synthetic,144,148,1,+,A,C,mismatch,edited_1911,644,1,target
synthetic,144,145,1,+,A,C,mismatch,edited_1911,626,1,target
synthetic,153,155,1,+,A,C,mismatch,edited_1912,636,1,target
synthetic,56,57,1,+,A,C,mismatch,edited_1912,623,1,target
synthetic,139,141,1,+,A,C,mismatch,edited_1913,628,1,target
synthetic,156,161,1,+,A,C,mismatch,edited_1913,646,1,target
synthetic,89,89,1,+,A,C,mismatch,edited_1914,627,1,target
synthetic,197,201,1,+,A,C,mismatch,edited_1914,628,1,target
synthetic,45,50,1,+,A,C,mismatch,edited_1915,625,1,target
synthetic,80,84,1,+,A,C,mismatch,edited_1915,627,1,target
synthetic,195,195,1,+,A,C,mismatch,edited_1916,621,1,target
synthetic,183,185,1,+,A,C,mismatch,edited_1916,641,1,target
synthetic,152,154,1,+,A,C,mismatch,edited_1917,644,1,target
synthetic,114,114,1,+,A,C,mismatch,edited_1917,634,1,target
synthetic,179,183,1,+,A,C,mismatch,edited_1918,636,1,target
synthetic,94,99,1,+,A,C,mismatch,edited_1918,638,1,target
synthetic,52,55,1,+,A,C,mismatch,edited_1919,648,1,target
synthetic,192,192,1,+,A,C,mismatch,edited_1919,635,1,target
synthetic,191,196,1,+,A,C,mismatch,edited_1920,639,1,target
synthetic,199,200,1,+,A,C,mismatch,edited_1920,621,1,target
synthetic,108,111,1,+,A,C,mismatch,edited_1921,644,1,target
synthetic,64,69,1,+,A,C,mismatch,edited_1921,645,1,target
synthetic,105,110,1,+,A,C,mismatch,edited_1922,646,1,target
synthetic,89,91,1,+,A,C,mismatch,edited_1922,636,1,target
synthetic,155,155,1,+,A,C,mismatch,edited_1923,620,1,target
synthetic,75,76,1,+,A,C,mismatch,edited_1923,644,1,target
synthetic,51,55,1,+,A,C,mismatch,edited_1924,636,1,target
synthetic,41,45,1,+,A,C,mismatch,edited_1924,643,1,target
synthetic,187,188,1,+,A,C,mismatch,edited_1925,623,1,target
synthetic,57,60,1,+,A,C,mismatch,edited_1925,638,1,target
synthetic,153,156,1,+,A,C,mismatch,edited_1926,649,1,target
synthetic,49,51,1,+,A,C,mismatch,edited_1926,644,1,target
synthetic,177,182,1,+,A,C,mismatch,edited_1927,628,1,target
synthetic,127,127,1,+,A,C,mismatch,edited_1927,623,1,target
synthetic,130,131,1,+,A,C,mismatch,edited_1928,621,1,target
synthetic,41,44,1,+,A,C,mismatch,edited_1928,627,1,target
synthetic,129,129,1,+,A,C,mismatch,edited_1929,648,1,target
synthetic,53,54,1,+,A,C,mismatch,edited_1929,623,1,target
synthetic,71,74,1,+,A,C,mismatch,edited_1930,632,1,target
synthetic,107,107,1,+,A,C,mismatch,edited_1930,624,1,target
synthetic,180,183,1,+,A,C,mismatch,edited_1931,629,1,target
synthetic,132,134,1,+,A,C,mismatch,edited_1931,644,1,target
synthetic,99,100,1,+,A,C,mismatch,edited_1932,641,1,target
synthetic,135,139,1,+,A,C,mismatch,edited_1932,644,1,target
synthetic,110,111,1,+,A,C,mismatch,edited_1933,631,1,target
synthetic,41,45,1,+,A,C,mismatch,edited_1933,625,1,target
synthetic,169,169,1,+,A,C,mismatch,edited_1934,649,1,target
synthetic,152,152,1,+,A,C,mismatch,edited_1934,640,1,target
synthetic,93,97,1,+,A,C,mismatch,edited_1935,634,1,target
synthetic,121,123,1,+,A,C,mismatch,edited_1935,623,1,target
synthetic,169,169,1,+,A,C,mismatch,edited_1936,638,1,target
synthetic,137,138,1,+,A,C,mismatch,edited_1936,629,1,target
synthetic,164,167,1,+,A,C,mismatch,edited_1937,632,1,target
synthetic,120,120,1,+,A,C,mismatch,edited_1937,633,1,target
synthetic,168,168,1,+,A,C,mismatch,edited_1938,634,1,target
synthetic,91,91,1,+,A,C,mismatch,edited_1938,646,1,target
synthetic,151,152,1,+,A,C,mismatch,edited_1939,631,1,target
synthetic,92,93,1,+,A,C,mismatch,edited_1939,631,1,target
synthetic,62,62,1,+,A,C,mismatch,edited_1940,634,1,target
synthetic,72,75,1,+,A,C,mismatch,edited_1940,628,1,target
synthetic,72,73,1,+,A,C,mismatch,edited_1941,622,1,target
synthetic,146,148,1,+,A,C,mismatch,edited_1941,624,1,target
synthetic,119,120,1,+,A,C,mismatch,edited_1942,632,1,target
synthetic,167,167,1,+,A,C,mismatch,edited_1942,630,1,target
synthetic,62,63,1,+,A,C,mismatch,edited_1943,639,1,target
synthetic,58,60,1,+,A,C,mismatch,edited_1943,632,1,target
synthetic,63,66,1,+,A,C,mismatch,edited_1944,632,1,target
synthetic,86,88,1,+,A,C,mismatch,edited_1944,630,1,target
synthetic,180,183,1,+,A,C,mismatch,edited_1945,644,1,target
synthetic,169,173,1,+,A,C,mismatch,edited_1945,634,1,target
synthetic,119,123,1,+,A,C,mismatch,edited_1946,642,1,target
synthetic,185,186,1,+,A,C,mismatch,edited_1946,634,1,target
synthetic,40,41,1,+,A,C,mismatch,edited_1947,631,1,target
synthetic,60,63,1,+,A,C,mismatch,edited_1947,626,1,target
synthetic,182,186,1,+,A,C,mismatch,edited_1948,633,1,target
synthetic,69,73,1,+,A,C,mismatch,edited_1948,629,1,target
synthetic,110,115,1,+,A,C,mismatch,edited_1949,626,1,target
synthetic,82,87,1,+,A,C,mismatch,edited_1949,622,1,target
synthetic,126,126,1,+,A,C,mismatch,edited_1950,628,1,target
synthetic,195,200,1,+,A,C,mismatch,edited_1950,635,1,target
synthetic,88,88,1,+,A,C,mismatch,edited_1951,622,1,target
synthetic,137,137,1,+,A,C,mismatch,edited_1951,625,1,target
synthetic,108,113,1,+,A,C,mismatch,edited_1952,624,1,target
synthetic,161,162,1,+,A,C,mismatch,edited_1952,641,1,target
synthetic,56,56,1,+,A,C,mismatch,edited_1953,633,1,target
synthetic,107,108,1,+,A,C,mismatch,edited_1953,636,1,target
synthetic,92,97,1,+,A,C,mismatch,edited_1954,630,1,target
synthetic,41,44,1,+,A,C,mismatch,edited_1954,633,1,target
synthetic,108,111,1,+,A,C,mismatch,edited_1955,627,1,target
synthetic,112,113,1,+,A,C,mismatch,edited_1955,631,1,target
synthetic,56,60,1,+,A,C,mismatch,edited_1956,641,1,target
synthetic,154,155,1,+,A,C,mismatch,edited_1956,649,1,target
synthetic,102,103,1,+,A,C,mismatch,edited_1957,622,1,target
synthetic,137,140,1,+,A,C,mismatch,edited_1957,649,1,target
synthetic,179,180,1,+,A,C,mismatch,edited_1958,641,1,target
synthetic,162,163,1,+,A,C,mismatch,edited_1958,627,1,target
synthetic,85,87,1,+,A,C,mismatch,edited_1959,645,1,target
synthetic,134,135,1,+,A,C,mismatch,edited_1959,645,1,target
synthetic,135,138,1,+,A,C,mismatch,edited_1960,627,1,target
synthetic,100,102,1,+,A,C,mismatch,edited_1960,641,1,target
synthetic,149,154,1,+,A,C,mismatch,edited_1961,632,1,target
synthetic,109,109,1,+,A,C,mismatch,edited_1961,639,1,target
synthetic,192,193,1,+,A,C,mismatch,edited_1962,641,1,target
synthetic,181,185,1,+,A,C,mismatch,edited_1962,629,1,target
synthetic,134,139,1,+,A,C,mismatch,edited_1963,625,1,target
synthetic,44,45,1,+,A,C,mismatch,edited_1963,641,1,target
synthetic,47,50,1,+,A,C,mismatch,edited_1964,641,1,target
synthetic,146,146,1,+,A,C,mismatch,edited_1964,648,1,target
synthetic,131,136,1,+,A,C,mismatch,edited_1965,625,1,target
synthetic,178,183,1,+,A,C,mismatch,edited_1965,626,1,target
synthetic,72,73,1,+,A,C,mismatch,edited_1966,643,1,target
synthetic,58,61,1,+,A,C,mismatch,edited_1966,627,1,target
synthetic,51,52,1,+,A,C,mismatch,edited_1967,641,1,target
synthetic,133,134,1,+,A,C,mismatch,edited_1967,627,1,target
synthetic,48,52,1,+,A,C,mismatch,edited_1968,640,1,target
synthetic,44,47,1,+,A,C,mismatch,edited_1968,620,1,target
synthetic,81,83,1,+,A,C,mismatch,edited_1969,625,1,target
synthetic,157,157,1,+,A,C,mismatch,edited_1969,641,1,target
synthetic,50,50,1,+,A,C,mismatch,edited_1970,641,1,target
synthetic,185,185,1,+,A,C,mismatch,edited_1970,649,1,target
synthetic,61,64,1,+,A,C,mismatch,edited_1971,634,1,target
synthetic,127,132,1,+,A,C,mismatch,edited_1971,625,1,target
synthetic,64,66,1,+,A,C,mismatch,edited_1972,637,1,target
synthetic,50,54,1,+,A,C,mismatch,edited_1972,644,1,target
synthetic,195,200,1,+,A,C,mismatch,edited_1973,627,1,target
synthetic,129,134,1,+,A,C,mismatch,edited_1973,636,1,target
synthetic,147,152,1,+,A,C,mismatch,edited_1974,649,1,target
synthetic,156,161,1,+,A,C,mismatch,edited_1974,625,1,target
synthetic,78,80,1,+,A,C,mismatch,edited_1975,635,1,target
synthetic,65,70,1,+,A,C,mismatch,edited_1975,631,1,target
synthetic,127,132,1,+,A,C,mismatch,edited_1976,623,1,target
synthetic,62,64,1,+,A,C,mismatch,edited_1976,630,1,target
synthetic,142,146,1,+,A,C,mismatch,edited_1977,636,1,target
synthetic,85,87,1,+,A,C,mismatch,edited_1977,642,1,target
synthetic,165,165,1,+,A,C,mismatch,edited_1978,626,1,target
synthetic,133,134,1,+,A,C,mismatch,edited_1978,644,1,target
synthetic,151,154,1,+,A,C,mismatch,edited_1979,624,1,target
synthetic,69,72,1,+,A,C,mismatch,edited_1979,650,1,target
synthetic,42,43,1,+,A,C,mismatch,edited_1980,637,1,target
synthetic,99,103,1,+,A,C,mismatch,edited_1980,623,1,target
synthetic,184,185,1,+,A,C,mismatch,edited_1981,641,1,target
synthetic,143,147,1,+,A,C,mismatch,edited_1981,647,1,target
synthetic,195,197,1,+,A,C,mismatch,edited_1982,646,1,target
synthetic,173,178,1,+,A,C,mismatch,edited_1982,620,1,target
synthetic,60,60,1,+,A,C,mismatch,edited_1983,647,1,target
synthetic,167,168,1,+,A,C,mismatch,edited_1983,644,1,target
synthetic,74,75,1,+,A,C,mismatch,edited_1984,625,1,target
synthetic,93,97,1,+,A,C,mismatch,edited_1984,634,1,target
synthetic,192,194,1,+,A,C,mismatch,edited_1985,627,1,target
synthetic,161,161,1,+,A,C,mismatch,edited_1985,644,1,target
synthetic,66,70,1,+,A,C,mismatch,edited_1986,630,1,target
synthetic,111,115,1,+,A,C,mismatch,edited_1986,628,1,target
synthetic,88,88,1,+,A,C,mismatch,edited_1987,621,1,target
synthetic,99,99,1,+,A,C,mismatch,edited_1987,622,1,target
synthetic,151,154,1,+,A,C,mismatch,edited_1988,621,1,target
synthetic,45,50,1,+,A,C,mismatch,edited_1988,632,1,target
synthetic,110,110,1,+,A,C,mismatch,edited_1989,628,1,target
synthetic,80,84,1,+,A,C,mismatch,edited_1989,645,1,target
synthetic,130,132,1,+,A,C,mismatch,edited_1990,647,1,target
synthetic,84,86,1,+,A,C,mismatch,edited_1990,645,1,target
synthetic,184,189,1,+,A,C,mismatch,edited_1991,636,1,target
synthetic,198,203,1,+,A,C,mismatch,edited_1991,640,1,target
synthetic,79,83,1,+,A,C,mismatch,edited_1992,628,1,target
synthetic,100,102,1,+,A,C,mismatch,edited_1992,635,1,target
synthetic,179,184,1,+,A,C,mismatch,edited_1993,637,1,target
synthetic,137,139,1,+,A,C,mismatch,edited_1993,631,1,target
synthetic,65,65,1,+,A,C,mismatch,edited_1994,639,1,target
synthetic,197,199,1,+,A,C,mismatch,edited_1994,633,1,target
synthetic,137,142,1,+,A,C,mismatch,edited_1995,627,1,target
synthetic,197,201,1,+,A,C,mismatch,edited_1995,630,1,target
synthetic,40,40,1,+,A,C,mismatch,edited_1996,647,1,target
synthetic,74,75,1,+,A,C,mismatch,edited_1996,634,1,target
synthetic,95,97,1,+,A,C,mismatch,edited_1997,628,1,target
synthetic,155,158,1,+,A,C,mismatch,edited_1997,647,1,target
synthetic,191,194,1,+,A,C,mismatch,edited_1998,643,1,target
synthetic,105,105,1,+,A,C,mismatch,edited_1998,620,1,target
synthetic,164,168,1,+,A,C,mismatch,edited_1999,633,1,target
synthetic,179,183,1,+,A,C,mismatch,edited_1999,637,1,target
synthetic,157,157,1,+,A,C,mismatch,edited_2000,642,1,target
synthetic,120,124,1,+,A,C,mismatch,edited_2000,647,1,target
synthetic,161,161,1,+,A,C,mismatch,junk_1,289,1,offtarget
synthetic,157,157,1,+,A,C,mismatch,junk_1,296,1,offtarget
synthetic,57,62,1,+,A,C,mismatch,junk_1,294,1,offtarget
synthetic,87,88,1,+,A,C,mismatch,junk_1,329,1,offtarget
synthetic,81,81,1,+,A,C,mismatch,junk_2,315,1,offtarget
synthetic,106,111,1,+,A,C,mismatch,junk_2,322,1,offtarget
synthetic,94,99,1,+,A,C,mismatch,junk_2,304,1,offtarget
synthetic,189,189,1,+,A,C,mismatch,junk_2,329,1,offtarget
synthetic,152,155,1,+,A,C,mismatch,junk_3,315,1,offtarget
synthetic,131,134,1,+,A,C,mismatch,junk_3,314,1,offtarget
synthetic,46,47,1,+,A,C,mismatch,junk_3,316,1,offtarget
synthetic,76,76,1,+,A,C,mismatch,junk_4,298,1,offtarget
synthetic,152,155,1,+,A,C,mismatch,junk_4,283,1,offtarget
synthetic,139,139,1,+,A,C,mismatch,junk_4,291,1,offtarget
synthetic,119,122,1,+,A,C,mismatch,junk_5,319,1,offtarget
synthetic,58,58,1,+,A,C,mismatch,junk_5,332,1,offtarget
synthetic,138,139,1,+,A,C,mismatch,junk_5,292,1,offtarget
synthetic,134,139,1,+,A,C,mismatch,junk_5,335,1,offtarget
synthetic,56,59,1,+,A,C,mismatch,junk_6,306,1,offtarget
synthetic,62,64,1,+,A,C,mismatch,junk_6,311,1,offtarget
synthetic,40,45,1,+,A,C,mismatch,junk_6,293,1,offtarget
synthetic,177,180,1,+,A,C,mismatch,junk_6,292,1,offtarget
synthetic,129,134,1,+,A,C,mismatch,junk_7,293,1,offtarget
synthetic,121,122,1,+,A,C,mismatch,junk_7,317,1,offtarget
synthetic,112,117,1,+,A,C,mismatch,junk_7,306,1,offtarget
synthetic,160,163,1,+,A,C,mismatch,junk_8,281,1,offtarget
synthetic,130,130,1,+,A,C,mismatch,junk_8,289,1,offtarget
synthetic,82,83,1,+,A,C,mismatch,junk_8,287,1,offtarget
synthetic,128,130,1,+,A,C,mismatch,junk_8,281,1,offtarget
synthetic,154,157,1,+,A,C,mismatch,junk_9,317,1,offtarget
synthetic,162,164,1,+,A,C,mismatch,junk_9,291,1,offtarget
synthetic,119,122,1,+,A,C,mismatch,junk_9,316,1,offtarget
synthetic,71,72,1,+,A,C,mismatch,junk_9,286,1,offtarget
synthetic,67,68,1,+,A,C,mismatch,junk_10,304,1,offtarget
synthetic,107,107,1,+,A,C,mismatch,junk_10,315,1,offtarget
synthetic,195,198,1,+,A,C,mismatch,junk_10,323,1,offtarget
synthetic,51,53,1,+,A,C,mismatch,junk_10,312,1,offtarget
synthetic,121,126,1,+,A,C,mismatch,junk_11,281,1,offtarget
synthetic,95,97,1,+,A,C,mismatch,junk_11,323,1,offtarget
synthetic,121,122,1,+,A,C,mismatch,junk_11,309,1,offtarget
synthetic,62,62,1,+,A,C,mismatch,junk_11,326,1,offtarget
synthetic,158,159,1,+,A,C,mismatch,junk_12,326,1,offtarget
synthetic,97,99,1,+,A,C,mismatch,junk_12,287,1,offtarget
synthetic,166,171,1,+,A,C,mismatch,junk_12,314,1,offtarget
synthetic,75,76,1,+,A,C,mismatch,junk_12,307,1,offtarget
synthetic,144,149,1,+,A,C,mismatch,junk_13,312,1,offtarget
synthetic,46,47,1,+,A,C,mismatch,junk_13,331,1,offtarget
synthetic,167,172,1,+,A,C,mismatch,junk_13,309,1,offtarget
synthetic,137,139,1,+,A,C,mismatch,junk_14,332,1,offtarget
synthetic,56,59,1,+,A,C,mismatch,junk_14,323,1,offtarget
synthetic,139,139,1,+,A,C,mismatch,junk_14,336,1,offtarget
synthetic,150,153,1,+,A,C,mismatch,junk_15,316,1,offtarget
synthetic,108,110,1,+,A,C,mismatch,junk_15,330,1,offtarget
synthetic,109,110,1,+,A,C,mismatch,junk_15,310,1,offtarget
synthetic,92,93,1,+,A,C,mismatch,junk_15,305,1,offtarget
synthetic,80,84,1,+,A,C,mismatch,junk_16,324,1,offtarget
synthetic,44,45,1,+,A,C,mismatch,junk_16,319,1,offtarget
synthetic,101,101,1,+,A,C,mismatch,junk_16,282,1,offtarget
synthetic,52,54,1,+,A,C,mismatch,junk_17,323,1,offtarget
synthetic,109,114,1,+,A,C,mismatch,junk_17,325,1,offtarget
synthetic,120,124,1,+,A,C,mismatch,junk_17,329,1,offtarget
synthetic,113,113,1,+,A,C,mismatch,junk_18,284,1,offtarget
synthetic,125,126,1,+,A,C,mismatch,junk_18,295,1,offtarget
synthetic,121,126,1,+,A,C,mismatch,junk_18,328,1,offtarget
synthetic,115,119,1,+,A,C,mismatch,junk_18,296,1,offtarget
synthetic,168,169,1,+,A,C,mismatch,junk_19,284,1,offtarget
synthetic,107,108,1,+,A,C,mismatch,junk_19,317,1,offtarget
synthetic,171,173,1,+,A,C,mismatch,junk_19,337,1,offtarget
synthetic,101,103,1,+,A,C,mismatch,junk_19,321,1,offtarget
synthetic,107,110,1,+,A,C,mismatch,junk_20,337,1,offtarget
synthetic,86,91,1,+,A,C,mismatch,junk_20,322,1,offtarget
synthetic,123,126,1,+,A,C,mismatch,junk_20,301,1,offtarget
synthetic,145,150,1,+,A,C,mismatch,junk_21,321,1,offtarget
synthetic,194,196,1,+,A,C,mismatch,junk_21,282,1,offtarget
synthetic,118,119,1,+,A,C,mismatch,junk_21,292,1,offtarget
synthetic,163,163,1,+,A,C,mismatch,junk_22,336,1,offtarget
synthetic,91,95,1,+,A,C,mismatch,junk_22,327,1,offtarget
synthetic,41,46,1,+,A,C,mismatch,junk_22,332,1,offtarget
synthetic,74,78,1,+,A,C,mismatch,junk_22,336,1,offtarget
synthetic,125,128,1,+,A,C,mismatch,junk_23,311,1,offtarget
synthetic,67,72,1,+,A,C,mismatch,junk_23,283,1,offtarget
synthetic,88,90,1,+,A,C,mismatch,junk_23,280,1,offtarget
synthetic,197,201,1,+,A,C,mismatch,junk_23,284,1,offtarget
synthetic,115,116,1,+,A,C,mismatch,junk_24,320,1,offtarget
synthetic,70,73,1,+,A,C,mismatch,junk_24,332,1,offtarget
synthetic,129,132,1,+,A,C,mismatch,junk_24,338,1,offtarget
synthetic,58,61,1,+,A,C,mismatch,junk_25,334,1,offtarget
synthetic,133,135,1,+,A,C,mismatch,junk_25,319,1,offtarget
synthetic,64,64,1,+,A,C,mismatch,junk_25,327,1,offtarget
synthetic,59,62,1,+,A,C,mismatch,junk_25,323,1,offtarget
synthetic,117,119,1,+,A,C,mismatch,junk_26,307,1,offtarget
synthetic,160,160,1,+,A,C,mismatch,junk_26,300,1,offtarget
synthetic,81,81,1,+,A,C,mismatch,junk_26,288,1,offtarget
synthetic,174,174,1,+,A,C,mismatch,junk_26,326,1,offtarget
synthetic,41,46,1,+,A,C,mismatch,junk_27,321,1,offtarget
synthetic,70,75,1,+,A,C,mismatch,junk_27,326,1,offtarget
synthetic,184,186,1,+,A,C,mismatch,junk_27,330,1,offtarget
synthetic,186,189,1,+,A,C,mismatch,junk_27,329,1,offtarget
synthetic,175,176,1,+,A,C,mismatch,junk_28,283,1,offtarget
synthetic,52,55,1,+,A,C,mismatch,junk_28,318,1,offtarget
synthetic,117,118,1,+,A,C,mismatch,junk_28,287,1,offtarget
synthetic,189,194,1,+,A,C,mismatch,junk_28,295,1,offtarget
synthetic,121,122,1,+,A,C,mismatch,junk_29,309,1,offtarget
synthetic,124,128,1,+,A,C,mismatch,junk_29,306,1,offtarget
synthetic,58,61,1,+,A,C,mismatch,junk_29,298,1,offtarget
synthetic,122,122,1,+,A,C,mismatch,junk_29,295,1,offtarget
synthetic,200,203,1,+,A,C,mismatch,junk_30,312,1,offtarget
synthetic,89,92,1,+,A,C,mismatch,junk_30,287,1,offtarget
synthetic,61,65,1,+,A,C,mismatch,junk_30,313,1,offtarget
synthetic,136,141,1,+,A,C,mismatch,junk_30,309,1,offtarget
synthetic,188,191,1,+,A,C,mismatch,junk_31,300,1,offtarget
synthetic,123,126,1,+,A,C,mismatch,junk_31,300,1,offtarget
synthetic,79,82,1,+,A,C,mismatch,junk_31,335,1,offtarget
synthetic,197,202,1,+,A,C,mismatch,junk_32,321,1,offtarget
synthetic,92,96,1,+,A,C,mismatch,junk_32,298,1,offtarget
synthetic,139,139,1,+,A,C,mismatch,junk_32,285,1,offtarget
synthetic,99,102,1,+,A,C,mismatch,junk_33,316,1,offtarget
synthetic,63,68,1,+,A,C,mismatch,junk_33,290,1,offtarget
synthetic,42,45,1,+,A,C,mismatch,junk_33,336,1,offtarget
synthetic,170,175,1,+,A,C,mismatch,junk_33,309,1,offtarget
synthetic,128,133,1,+,A,C,mismatch,junk_34,336,1,offtarget
synthetic,56,58,1,+,A,C,mismatch,junk_34,306,1,offtarget
synthetic,63,66,1,+,A,C,mismatch,junk_34,334,1,offtarget
synthetic,92,93,1,+,A,C,mismatch,junk_34,285,1,offtarget
synthetic,161,161,1,+,A,C,mismatch,junk_35,318,1,offtarget
synthetic,173,176,1,+,A,C,mismatch,junk_35,298,1,offtarget
synthetic,119,124,1,+,A,C,mismatch,junk_35,319,1,offtarget
synthetic,48,52,1,+,A,C,mismatch,junk_36,286,1,offtarget
synthetic,126,130,1,+,A,C,mismatch,junk_36,308,1,offtarget
synthetic,128,130,1,+,A,C,mismatch,junk_36,290,1,offtarget
synthetic,189,191,1,+,A,C,mismatch,junk_37,337,1,offtarget
synthetic,40,43,1,+,A,C,mismatch,junk_37,280,1,offtarget
synthetic,163,166,1,+,A,C,mismatch,junk_37,283,1,offtarget
synthetic,105,109,1,+,A,C,mismatch,junk_38,316,1,offtarget
synthetic,127,132,1,+,A,C,mismatch,junk_38,331,1,offtarget
synthetic,47,47,1,+,A,C,mismatch,junk_38,292,1,offtarget
synthetic,197,202,1,+,A,C,mismatch,junk_39,327,1,offtarget
synthetic,72,73,1,+,A,C,mismatch,junk_39,328,1,offtarget
synthetic,155,156,1,+,A,C,mismatch,junk_39,299,1,offtarget
synthetic,181,185,1,+,A,C,mismatch,junk_39,290,1,offtarget
synthetic,75,79,1,+,A,C,mismatch,junk_40,281,1,offtarget
synthetic,102,106,1,+,A,C,mismatch,junk_40,315,1,offtarget
synthetic,101,104,1,+,A,C,mismatch,junk_40,324,1,offtarget
synthetic,169,172,1,+,A,C,mismatch,junk_40,302,1,offtarget
synthetic,44,48,1,+,A,C,mismatch,junk_41,326,1,offtarget
synthetic,128,130,1,+,A,C,mismatch,junk_41,330,1,offtarget
synthetic,55,57,1,+,A,C,mismatch,junk_41,323,1,offtarget
synthetic,60,60,1,+,A,C,mismatch,junk_41,294,1,offtarget
synthetic,108,113,1,+,A,C,mismatch,junk_42,322,1,offtarget
synthetic,84,86,1,+,A,C,mismatch,junk_42,327,1,offtarget
synthetic,80,81,1,+,A,C,mismatch,junk_42,330,1,offtarget
synthetic,55,58,1,+,A,C,mismatch,junk_43,300,1,offtarget
synthetic,45,46,1,+,A,C,mismatch,junk_43,283,1,offtarget
synthetic,48,52,1,+,A,C,mismatch,junk_43,312,1,offtarget
synthetic,131,133,1,+,A,C,mismatch,junk_44,293,1,offtarget
synthetic,87,88,1,+,A,C,mismatch,junk_44,302,1,offtarget
synthetic,86,87,1,+,A,C,mismatch,junk_44,300,1,offtarget
synthetic,58,61,1,+,A,C,mismatch,junk_45,338,1,offtarget
synthetic,91,94,1,+,A,C,mismatch,junk_45,308,1,offtarget
synthetic,102,107,1,+,A,C,mismatch,junk_45,312,1,offtarget
synthetic,191,194,1,+,A,C,mismatch,junk_46,327,1,offtarget
synthetic,87,89,1,+,A,C,mismatch,junk_46,294,1,offtarget
synthetic,63,68,1,+,A,C,mismatch,junk_46,311,1,offtarget
synthetic,159,164,1,+,A,C,mismatch,junk_47,313,1,offtarget
synthetic,165,165,1,+,A,C,mismatch,junk_47,283,1,offtarget
synthetic,41,45,1,+,A,C,mismatch,junk_47,315,1,offtarget
synthetic,187,189,1,+,A,C,mismatch,junk_48,303,1,offtarget
synthetic,61,63,1,+,A,C,mismatch,junk_48,293,1,offtarget
synthetic,197,197,1,+,A,C,mismatch,junk_48,339,1,offtarget
synthetic,73,78,1,+,A,C,mismatch,junk_49,295,1,offtarget
synthetic,67,68,1,+,A,C,mismatch,junk_49,282,1,offtarget
synthetic,83,85,1,+,A,C,mismatch,junk_49,315,1,offtarget
synthetic,69,70,1,+,A,C,mismatch,junk_50,286,1,offtarget
synthetic,119,121,1,+,A,C,mismatch,junk_50,303,1,offtarget
synthetic,169,172,1,+,A,C,mismatch,junk_50,311,1,offtarget
synthetic,121,124,1,+,A,C,mismatch,junk_51,332,1,offtarget
synthetic,94,99,1,+,A,C,mismatch,junk_51,290,1,offtarget
synthetic,183,186,1,+,A,C,mismatch,junk_51,297,1,offtarget
synthetic,79,80,1,+,A,C,mismatch,junk_52,328,1,offtarget
synthetic,129,131,1,+,A,C,mismatch,junk_52,306,1,offtarget
synthetic,133,135,1,+,A,C,mismatch,junk_52,316,1,offtarget
synthetic,126,131,1,+,A,C,mismatch,junk_52,318,1,offtarget
synthetic,97,99,1,+,A,C,mismatch,junk_53,305,1,offtarget
synthetic,160,163,1,+,A,C,mismatch,junk_53,290,1,offtarget
synthetic,106,108,1,+,A,C,mismatch,junk_53,334,1,offtarget
synthetic,183,185,1,+,A,C,mismatch,junk_53,303,1,offtarget
synthetic,182,185,1,+,A,C,mismatch,junk_54,313,1,offtarget
synthetic,68,70,1,+,A,C,mismatch,junk_54,312,1,offtarget
synthetic,181,184,1,+,A,C,mismatch,junk_54,328,1,offtarget
synthetic,195,198,1,+,A,C,mismatch,junk_55,321,1,offtarget
synthetic,75,75,1,+,A,C,mismatch,junk_55,323,1,offtarget
synthetic,53,54,1,+,A,C,mismatch,junk_55,339,1,offtarget
synthetic,117,119,1,+,A,C,mismatch,junk_55,301,1,offtarget
synthetic,84,88,1,+,A,C,mismatch,junk_56,317,1,offtarget
synthetic,155,155,1,+,A,C,mismatch,junk_56,310,1,offtarget
synthetic,123,125,1,+,A,C,mismatch,junk_56,281,1,offtarget
synthetic,71,73,1,+,A,C,mismatch,junk_57,307,1,offtarget
synthetic,80,80,1,+,A,C,mismatch,junk_57,329,1,offtarget
synthetic,124,125,1,+,A,C,mismatch,junk_57,313,1,offtarget
synthetic,164,169,1,+,A,C,mismatch,junk_57,324,1,offtarget
synthetic,165,170,1,+,A,C,mismatch,junk_58,283,1,offtarget
synthetic,79,81,1,+,A,C,mismatch,junk_58,311,1,offtarget
synthetic,198,198,1,+,A,C,mismatch,junk_58,300,1,offtarget
synthetic,57,57,1,+,A,C,mismatch,junk_58,335,1,offtarget
synthetic,191,195,1,+,A,C,mismatch,junk_59,282,1,offtarget
synthetic,164,169,1,+,A,C,mismatch,junk_59,290,1,offtarget
synthetic,104,106,1,+,A,C,mismatch,junk_59,318,1,offtarget
synthetic,103,106,1,+,A,C,mismatch,junk_60,328,1,offtarget
synthetic,68,69,1,+,A,C,mismatch,junk_60,316,1,offtarget
synthetic,50,50,1,+,A,C,mismatch,junk_60,332,1,offtarget
synthetic,61,66,1,+,A,C,mismatch,junk_60,329,1,offtarget
synthetic,108,111,1,+,A,C,mismatch,junk_61,331,1,offtarget
synthetic,136,140,1,+,A,C,mismatch,junk_61,293,1,offtarget
synthetic,87,90,1,+,A,C,mismatch,junk_61,327,1,offtarget
synthetic,139,139,1,+,A,C,mismatch,junk_62,314,1,offtarget
synthetic,184,187,1,+,A,C,mismatch,junk_62,330,1,offtarget
synthetic,103,108,1,+,A,C,mismatch,junk_62,293,1,offtarget
synthetic,183,185,1,+,A,C,mismatch,junk_62,288,1,offtarget
synthetic,88,90,1,+,A,C,mismatch,junk_63,293,1,offtarget
synthetic,40,45,1,+,A,C,mismatch,junk_63,330,1,offtarget
synthetic,188,189,1,+,A,C,mismatch,junk_63,299,1,offtarget
synthetic,192,193,1,+,A,C,mismatch,junk_64,331,1,offtarget
synthetic,52,52,1,+,A,C,mismatch,junk_64,302,1,offtarget
synthetic,124,124,1,+,A,C,mismatch,junk_64,283,1,offtarget
synthetic,140,145,1,+,A,C,mismatch,junk_64,289,1,offtarget
synthetic,109,110,1,+,A,C,mismatch,junk_65,322,1,offtarget
synthetic,159,160,1,+,A,C,mismatch,junk_65,287,1,offtarget
synthetic,132,132,1,+,A,C,mismatch,junk_65,308,1,offtarget
synthetic,133,137,1,+,A,C,mismatch,junk_66,299,1,offtarget
synthetic,178,182,1,+,A,C,mismatch,junk_66,295,1,offtarget
synthetic,195,197,1,+,A,C,mismatch,junk_66,335,1,offtarget
synthetic,77,79,1,+,A,C,mismatch,junk_67,329,1,offtarget
synthetic,77,80,1,+,A,C,mismatch,junk_67,294,1,offtarget
synthetic,79,82,1,+,A,C,mismatch,junk_67,293,1,offtarget
synthetic,159,161,1,+,A,C,mismatch,junk_67,307,1,offtarget
synthetic,54,59,1,+,A,C,mismatch,junk_68,302,1,offtarget
synthetic,120,122,1,+,A,C,mismatch,junk_68,293,1,offtarget
synthetic,47,51,1,+,A,C,mismatch,junk_68,319,1,offtarget
synthetic,120,122,1,+,A,C,mismatch,junk_69,307,1,offtarget
synthetic,134,137,1,+,A,C,mismatch,junk_69,338,1,offtarget
synthetic,83,83,1,+,A,C,mismatch,junk_69,305,1,offtarget
synthetic,60,62,1,+,A,C,mismatch,junk_70,289,1,offtarget
synthetic,135,140,1,+,A,C,mismatch,junk_70,299,1,offtarget
synthetic,166,166,1,+,A,C,mismatch,junk_70,311,1,offtarget
synthetic,87,89,1,+,A,C,mismatch,junk_71,317,1,offtarget
synthetic,180,184,1,+,A,C,mismatch,junk_71,330,1,offtarget
synthetic,76,77,1,+,A,C,mismatch,junk_71,307,1,offtarget
synthetic,185,186,1,+,A,C,mismatch,junk_72,287,1,offtarget
synthetic,155,157,1,+,A,C,mismatch,junk_72,287,1,offtarget
synthetic,200,203,1,+,A,C,mismatch,junk_72,309,1,offtarget
synthetic,115,116,1,+,A,C,mismatch,junk_72,331,1,offtarget
synthetic,169,169,1,+,A,C,mismatch,junk_73,339,1,offtarget
synthetic,98,103,1,+,A,C,mismatch,junk_73,283,1,offtarget
synthetic,105,106,1,+,A,C,mismatch,junk_73,284,1,offtarget
synthetic,103,106,1,+,A,C,mismatch,junk_73,339,1,offtarget
synthetic,99,102,1,+,A,C,mismatch,junk_74,329,1,offtarget
synthetic,188,193,1,+,A,C,mismatch,junk_74,280,1,offtarget
synthetic,193,193,1,+,A,C,mismatch,junk_74,335,1,offtarget
synthetic,74,74,1,+,A,C,mismatch,junk_74,320,1,offtarget
synthetic,77,79,1,+,A,C,mismatch,junk_75,310,1,offtarget
synthetic,172,175,1,+,A,C,mismatch,junk_75,322,1,offtarget
synthetic,40,43,1,+,A,C,mismatch,junk_75,313,1,offtarget
synthetic,161,166,1,+,A,C,mismatch,junk_76,285,1,offtarget
synthetic,50,50,1,+,A,C,mismatch,junk_76,332,1,offtarget
synthetic,146,150,1,+,A,C,mismatch,junk_76,321,1,offtarget
synthetic,105,109,1,+,A,C,mismatch,junk_77,297,1,offtarget
synthetic,59,60,1,+,A,C,mismatch,junk_77,295,1,offtarget
synthetic,124,125,1,+,A,C,mismatch,junk_77,308,1,offtarget
synthetic,90,95,1,+,A,C,mismatch,junk_77,319,1,offtarget
synthetic,100,102,1,+,A,C,mismatch,junk_78,293,1,offtarget
synthetic,196,198,1,+,A,C,mismatch,junk_78,303,1,offtarget
synthetic,87,87,1,+,A,C,mismatch,junk_78,302,1,offtarget
synthetic,69,69,1,+,A,C,mismatch,junk_79,331,1,offtarget
synthetic,96,96,1,+,A,C,mismatch,junk_79,300,1,offtarget
synthetic,117,120,1,+,A,C,mismatch,junk_79,304,1,offtarget
synthetic,177,180,1,+,A,C,mismatch,junk_80,304,1,offtarget
synthetic,84,87,1,+,A,C,mismatch,junk_80,330,1,offtarget
synthetic,74,74,1,+,A,C,mismatch,junk_80,294,1,offtarget
synthetic,154,156,1,+,A,C,mismatch,junk_81,296,1,offtarget
synthetic,138,138,1,+,A,C,mismatch,junk_81,318,1,offtarget
synthetic,58,59,1,+,A,C,mismatch,junk_81,322,1,offtarget
synthetic,173,178,1,+,A,C,mismatch,junk_81,292,1,offtarget
synthetic,174,178,1,+,A,C,mismatch,junk_82,283,1,offtarget
synthetic,44,48,1,+,A,C,mismatch,junk_82,321,1,offtarget
synthetic,131,136,1,+,A,C,mismatch,junk_82,311,1,offtarget
synthetic,193,193,1,+,A,C,mismatch,junk_82,333,1,offtarget
synthetic,181,183,1,+,A,C,mismatch,junk_83,282,1,offtarget
synthetic,160,162,1,+,A,C,mismatch,junk_83,297,1,offtarget
synthetic,58,59,1,+,A,C,mismatch,junk_83,285,1,offtarget
synthetic,153,154,1,+,A,C,mismatch,junk_83,308,1,offtarget
synthetic,70,70,1,+,A,C,mismatch,junk_84,311,1,offtarget
synthetic,74,78,1,+,A,C,mismatch,junk_84,317,1,offtarget
synthetic,156,157,1,+,A,C,mismatch,junk_84,291,1,offtarget
synthetic,161,165,1,+,A,C,mismatch,junk_85,297,1,offtarget
synthetic,115,120,1,+,A,C,mismatch,junk_85,323,1,offtarget
synthetic,63,64,1,+,A,C,mismatch,junk_85,295,1,offtarget
synthetic,166,171,1,+,A,C,mismatch,junk_85,285,1,offtarget
synthetic,110,112,1,+,A,C,mismatch,junk_86,302,1,offtarget
synthetic,116,119,1,+,A,C,mismatch,junk_86,323,1,offtarget
synthetic,125,127,1,+,A,C,mismatch,junk_86,334,1,offtarget
synthetic,57,60,1,+,A,C,mismatch,junk_86,325,1,offtarget
synthetic,138,142,1,+,A,C,mismatch,junk_87,305,1,offtarget
synthetic,66,67,1,+,A,C,mismatch,junk_87,326,1,offtarget
synthetic,114,114,1,+,A,C,mismatch,junk_87,337,1,offtarget
synthetic,170,174,1,+,A,C,mismatch,junk_88,291,1,offtarget
synthetic,74,78,1,+,A,C,mismatch,junk_88,304,1,offtarget
synthetic,135,140,1,+,A,C,mismatch,junk_88,300,1,offtarget
synthetic,84,84,1,+,A,C,mismatch,junk_88,319,1,offtarget
synthetic,56,58,1,+,A,C,mismatch,junk_89,297,1,offtarget
synthetic,104,105,1,+,A,C,mismatch,junk_89,282,1,offtarget
synthetic,40,42,1,+,A,C,mismatch,junk_89,284,1,offtarget
synthetic,87,91,1,+,A,C,mismatch,junk_89,290,1,offtarget
synthetic,184,188,1,+,A,C,mismatch,junk_90,285,1,offtarget
synthetic,180,180,1,+,A,C,mismatch,junk_90,301,1,offtarget
synthetic,78,81,1,+,A,C,mismatch,junk_90,292,1,offtarget
synthetic,121,125,1,+,A,C,mismatch,junk_90,318,1,offtarget
synthetic,181,182,1,+,A,C,mismatch,junk_91,317,1,offtarget
synthetic,92,97,1,+,A,C,mismatch,junk_91,320,1,offtarget
synthetic,50,54,1,+,A,C,mismatch,junk_91,324,1,offtarget
synthetic,69,74,1,+,A,C,mismatch,junk_92,333,1,offtarget
synthetic,179,181,1,+,A,C,mismatch,junk_92,325,1,offtarget
synthetic,123,128,1,+,A,C,mismatch,junk_92,310,1,offtarget
synthetic,96,97,1,+,A,C,mismatch,junk_93,287,1,offtarget
synthetic,182,187,1,+,A,C,mismatch,junk_93,318,1,offtarget
synthetic,61,65,1,+,A,C,mismatch,junk_93,283,1,offtarget
synthetic,134,136,1,+,A,C,mismatch,junk_94,305,1,offtarget
synthetic,105,105,1,+,A,C,mismatch,junk_94,286,1,offtarget
synthetic,105,105,1,+,A,C,mismatch,junk_94,307,1,offtarget
synthetic,117,121,1,+,A,C,mismatch,junk_95,320,1,offtarget
synthetic,179,184,1,+,A,C,mismatch,junk_95,314,1,offtarget
synthetic,123,125,1,+,A,C,mismatch,junk_95,305,1,offtarget
synthetic,56,58,1,+,A,C,mismatch,junk_96,320,1,offtarget
synthetic,112,112,1,+,A,C,mismatch,junk_96,323,1,offtarget
synthetic,159,159,1,+,A,C,mismatch,junk_96,339,1,offtarget
synthetic,91,94,1,+,A,C,mismatch,junk_96,295,1,offtarget
synthetic,186,186,1,+,A,C,mismatch,junk_97,322,1,offtarget
synthetic,53,55,1,+,A,C,mismatch,junk_97,282,1,offtarget
synthetic,75,75,1,+,A,C,mismatch,junk_97,283,1,offtarget
synthetic,131,131,1,+,A,C,mismatch,junk_98,288,1,offtarget
synthetic,103,107,1,+,A,C,mismatch,junk_98,299,1,offtarget
synthetic,173,175,1,+,A,C,mismatch,junk_98,322,1,offtarget
synthetic,80,85,1,+,A,C,mismatch,junk_98,282,1,offtarget
synthetic,108,110,1,+,A,C,mismatch,junk_99,314,1,offtarget
synthetic,187,191,1,+,A,C,mismatch,junk_99,295,1,offtarget
synthetic,163,167,1,+,A,C,mismatch,junk_99,330,1,offtarget
synthetic,189,191,1,+,A,C,mismatch,junk_99,317,1,offtarget
synthetic,128,132,1,+,A,C,mismatch,junk_100,295,1,offtarget
synthetic,87,91,1,+,A,C,mismatch,junk_100,324,1,offtarget
synthetic,87,87,1,+,A,C,mismatch,junk_100,298,1,offtarget
synthetic,48,52,1,+,A,C,mismatch,junk_101,294,1,offtarget
synthetic,168,168,1,+,A,C,mismatch,junk_101,304,1,offtarget
synthetic,54,59,1,+,A,C,mismatch,junk_101,334,1,offtarget
synthetic,71,75,1,+,A,C,mismatch,junk_102,319,1,offtarget
synthetic,111,114,1,+,A,C,mismatch,junk_102,322,1,offtarget
synthetic,73,78,1,+,A,C,mismatch,junk_102,334,1,offtarget
synthetic,74,77,1,+,A,C,mismatch,junk_102,298,1,offtarget
synthetic,124,124,1,+,A,C,mismatch,junk_103,326,1,offtarget
synthetic,129,130,1,+,A,C,mismatch,junk_103,302,1,offtarget
synthetic,181,186,1,+,A,C,mismatch,junk_103,329,1,offtarget
synthetic,167,171,1,+,A,C,mismatch,junk_103,313,1,offtarget
synthetic,50,54,1,+,A,C,mismatch,junk_104,336,1,offtarget
synthetic,141,141,1,+,A,C,mismatch,junk_104,291,1,offtarget
synthetic,109,113,1,+,A,C,mismatch,junk_104,302,1,offtarget
synthetic,71,74,1,+,A,C,mismatch,junk_105,329,1,offtarget
synthetic,125,130,1,+,A,C,mismatch,junk_105,306,1,offtarget
synthetic,177,182,1,+,A,C,mismatch,junk_105,293,1,offtarget
synthetic,192,193,1,+,A,C,mismatch,junk_106,325,1,offtarget
synthetic,138,143,1,+,A,C,mismatch,junk_106,327,1,offtarget
synthetic,118,123,1,+,A,C,mismatch,junk_106,297,1,offtarget
synthetic,170,170,1,+,A,C,mismatch,junk_107,337,1,offtarget
synthetic,60,63,1,+,A,C,mismatch,junk_107,289,1,offtarget
synthetic,196,201,1,+,A,C,mismatch,junk_107,307,1,offtarget
synthetic,193,196,1,+,A,C,mismatch,junk_107,330,1,offtarget
synthetic,172,177,1,+,A,C,mismatch,junk_108,280,1,offtarget
synthetic,80,81,1,+,A,C,mismatch,junk_108,301,1,offtarget
synthetic,191,194,1,+,A,C,mismatch,junk_108,316,1,offtarget
synthetic,48,50,1,+,A,C,mismatch,junk_109,325,1,offtarget
synthetic,167,167,1,+,A,C,mismatch,junk_109,318,1,offtarget
synthetic,106,106,1,+,A,C,mismatch,junk_109,301,1,offtarget
synthetic,119,119,1,+,A,C,mismatch,junk_110,325,1,offtarget
synthetic,75,77,1,+,A,C,mismatch,junk_110,302,1,offtarget
synthetic,148,151,1,+,A,C,mismatch,junk_110,282,1,offtarget
synthetic,196,198,1,+,A,C,mismatch,junk_111,329,1,offtarget
synthetic,188,191,1,+,A,C,mismatch,junk_111,309,1,offtarget
synthetic,137,139,1,+,A,C,mismatch,junk_111,328,1,offtarget
synthetic,77,79,1,+,A,C,mismatch,junk_112,314,1,offtarget
synthetic,75,80,1,+,A,C,mismatch,junk_112,291,1,offtarget
synthetic,88,89,1,+,A,C,mismatch,junk_112,299,1,offtarget
synthetic,76,77,1,+,A,C,mismatch,junk_112,334,1,offtarget
synthetic,200,205,1,+,A,C,mismatch,junk_113,288,1,offtarget
synthetic,42,42,1,+,A,C,mismatch,junk_113,293,1,offtarget
synthetic,49,50,1,+,A,C,mismatch,junk_113,307,1,offtarget
synthetic,71,75,1,+,A,C,mismatch,junk_114,307,1,offtarget
synthetic,131,132,1,+,A,C,mismatch,junk_114,322,1,offtarget
synthetic,113,114,1,+,A,C,mismatch,junk_114,307,1,offtarget
synthetic,122,127,1,+,A,C,mismatch,junk_114,334,1,offtarget
synthetic,105,106,1,+,A,C,mismatch,junk_115,297,1,offtarget
synthetic,78,79,1,+,A,C,mismatch,junk_115,335,1,offtarget
synthetic,191,195,1,+,A,C,mismatch,junk_115,305,1,offtarget
synthetic,182,184,1,+,A,C,mismatch,junk_116,315,1,offtarget
synthetic,150,151,1,+,A,C,mismatch,junk_116,335,1,offtarget
synthetic,59,61,1,+,A,C,mismatch,junk_116,328,1,offtarget
synthetic,169,172,1,+,A,C,mismatch,junk_117,281,1,offtarget
synthetic,62,65,1,+,A,C,mismatch,junk_117,314,1,offtarget
synthetic,52,55,1,+,A,C,mismatch,junk_117,293,1,offtarget
synthetic,66,71,1,+,A,C,mismatch,junk_117,306,1,offtarget
synthetic,159,163,1,+,A,C,mismatch,junk_118,330,1,offtarget
synthetic,144,144,1,+,A,C,mismatch,junk_118,333,1,offtarget
synthetic,172,172,1,+,A,C,mismatch,junk_118,283,1,offtarget
synthetic,54,54,1,+,A,C,mismatch,junk_118,313,1,offtarget
synthetic,137,139,1,+,A,C,mismatch,junk_119,326,1,offtarget
synthetic,53,57,1,+,A,C,mismatch,junk_119,325,1,offtarget
synthetic,181,183,1,+,A,C,mismatch,junk_119,290,1,offtarget
synthetic,109,109,1,+,A,C,mismatch,junk_119,292,1,offtarget
synthetic,159,160,1,+,A,C,mismatch,junk_120,282,1,offtarget
synthetic,48,52,1,+,A,C,mismatch,junk_120,297,1,offtarget
synthetic,154,159,1,+,A,C,mismatch,junk_120,336,1,offtarget
synthetic,76,78,1,+,A,C,mismatch,junk_121,300,1,offtarget
synthetic,153,157,1,+,A,C,mismatch,junk_121,298,1,offtarget
synthetic,153,153,1,+,A,C,mismatch,junk_121,287,1,offtarget
synthetic,82,87,1,+,A,C,mismatch,junk_122,291,1,offtarget
synthetic,107,109,1,+,A,C,mismatch,junk_122,285,1,offtarget
synthetic,135,135,1,+,A,C,mismatch,junk_122,312,1,offtarget
synthetic,92,93,1,+,A,C,mismatch,junk_123,293,1,offtarget
synthetic,82,87,1,+,A,C,mismatch,junk_123,317,1,offtarget
synthetic,191,196,1,+,A,C,mismatch,junk_123,291,1,offtarget
synthetic,197,199,1,+,A,C,mismatch,junk_123,328,1,offtarget
synthetic,42,47,1,+,A,C,mismatch,junk_124,317,1,offtarget
synthetic,90,94,1,+,A,C,mismatch,junk_124,309,1,offtarget
synthetic,43,46,1,+,A,C,mismatch,junk_124,314,1,offtarget
synthetic,99,102,1,+,A,C,mismatch,junk_124,285,1,offtarget
synthetic,76,76,1,+,A,C,mismatch,junk_125,326,1,offtarget
synthetic,98,103,1,+,A,C,mismatch,junk_125,316,1,offtarget
synthetic,109,111,1,+,A,C,mismatch,junk_125,339,1,offtarget
synthetic,153,154,1,+,A,C,mismatch,junk_125,289,1,offtarget
synthetic,158,161,1,+,A,C,mismatch,junk_126,287,1,offtarget
synthetic,94,97,1,+,A,C,mismatch,junk_126,286,1,offtarget
synthetic,126,127,1,+,A,C,mismatch,junk_126,318,1,offtarget
synthetic,142,145,1,+,A,C,mismatch,junk_126,283,1,offtarget
synthetic,106,108,1,+,A,C,mismatch,junk_127,318,1,offtarget
synthetic,76,76,1,+,A,C,mismatch,junk_127,315,1,offtarget
synthetic,145,145,1,+,A,C,mismatch,junk_127,326,1,offtarget
synthetic,171,174,1,+,A,C,mismatch,junk_128,298,1,offtarget
synthetic,59,63,1,+,A,C,mismatch,junk_128,284,1,offtarget
synthetic,199,204,1,+,A,C,mismatch,junk_128,296,1,offtarget
synthetic,188,192,1,+,A,C,mismatch,junk_129,307,1,offtarget
synthetic,44,46,1,+,A,C,mismatch,junk_129,333,1,offtarget
synthetic,123,128,1,+,A,C,mismatch,junk_129,287,1,offtarget
synthetic,113,116,1,+,A,C,mismatch,junk_130,309,1,offtarget
synthetic,184,187,1,+,A,C,mismatch,junk_130,308,1,offtarget
synthetic,70,74,1,+,A,C,mismatch,junk_130,297,1,offtarget
synthetic,71,71,1,+,A,C,mismatch,junk_130,319,1,offtarget
synthetic,87,89,1,+,A,C,mismatch,junk_131,316,1,offtarget
synthetic,110,114,1,+,A,C,mismatch,junk_131,324,1,offtarget
synthetic,114,117,1,+,A,C,mismatch,junk_131,296,1,offtarget
synthetic,41,42,1,+,A,C,mismatch,junk_131,321,1,offtarget
synthetic,188,190,1,+,A,C,mismatch,junk_132,322,1,offtarget
synthetic,45,45,1,+,A,C,mismatch,junk_132,285,1,offtarget
synthetic,57,62,1,+,A,C,mismatch,junk_132,333,1,offtarget
synthetic,200,204,1,+,A,C,mismatch,junk_132,296,1,offtarget
synthetic,168,172,1,+,A,C,mismatch,junk_133,319,1,offtarget
synthetic,126,130,1,+,A,C,mismatch,junk_133,300,1,offtarget
synthetic,75,80,1,+,A,C,mismatch,junk_133,308,1,offtarget
synthetic,113,118,1,+,A,C,mismatch,junk_134,311,1,offtarget
synthetic,144,149,1,+,A,C,mismatch,junk_134,313,1,offtarget
synthetic,165,168,1,+,A,C,mismatch,junk_134,283,1,offtarget
synthetic,188,189,1,+,A,C,mismatch,junk_134,319,1,offtarget
synthetic,81,86,1,+,A,C,mismatch,junk_135,315,1,offtarget
synthetic,72,73,1,+,A,C,mismatch,junk_135,288,1,offtarget
synthetic,151,153,1,+,A,C,mismatch,junk_135,311,1,offtarget
synthetic,151,156,1,+,A,C,mismatch,junk_135,332,1,offtarget
synthetic,63,64,1,+,A,C,mismatch,junk_136,283,1,offtarget
synthetic,170,175,1,+,A,C,mismatch,junk_136,288,1,offtarget
synthetic,76,78,1,+,A,C,mismatch,junk_136,311,1,offtarget
synthetic,40,42,1,+,A,C,mismatch,junk_137,334,1,offtarget
synthetic,103,108,1,+,A,C,mismatch,junk_137,320,1,offtarget
synthetic,92,97,1,+,A,C,mismatch,junk_137,311,1,offtarget
synthetic,146,151,1,+,A,C,mismatch,junk_137,293,1,offtarget
synthetic,87,91,1,+,A,C,mismatch,junk_138,283,1,offtarget
synthetic,63,63,1,+,A,C,mismatch,junk_138,310,1,offtarget
synthetic,77,79,1,+,A,C,mismatch,junk_138,299,1,offtarget
synthetic,172,173,1,+,A,C,mismatch,junk_139,304,1,offtarget
synthetic,68,72,1,+,A,C,mismatch,junk_139,284,1,offtarget
synthetic,51,54,1,+,A,C,mismatch,junk_139,330,1,offtarget
synthetic,42,42,1,+,A,C,mismatch,junk_140,320,1,offtarget
synthetic,198,203,1,+,A,C,mismatch,junk_140,292,1,offtarget
synthetic,148,149,1,+,A,C,mismatch,junk_140,336,1,offtarget
synthetic,111,113,1,+,A,C,mismatch,junk_141,339,1,offtarget
synthetic,197,201,1,+,A,C,mismatch,junk_141,329,1,offtarget
synthetic,104,108,1,+,A,C,mismatch,junk_141,336,1,offtarget
synthetic,198,202,1,+,A,C,mismatch,junk_141,296,1,offtarget
synthetic,148,151,1,+,A,C,mismatch,junk_142,283,1,offtarget
synthetic,87,87,1,+,A,C,mismatch,junk_142,335,1,offtarget
synthetic,136,138,1,+,A,C,mismatch,junk_142,328,1,offtarget
synthetic,182,182,1,+,A,C,mismatch,junk_143,326,1,offtarget
synthetic,151,153,1,+,A,C,mismatch,junk_143,319,1,offtarget
synthetic,149,154,1,+,A,C,mismatch,junk_143,289,1,offtarget
synthetic,98,100,1,+,A,C,mismatch,junk_144,284,1,offtarget
synthetic,142,144,1,+,A,C,mismatch,junk_144,338,1,offtarget
synthetic,48,53,1,+,A,C,mismatch,junk_144,336,1,offtarget
synthetic,71,72,1,+,A,C,mismatch,junk_144,297,1,offtarget
synthetic,63,67,1,+,A,C,mismatch,junk_145,294,1,offtarget
synthetic,179,184,1,+,A,C,mismatch,junk_145,316,1,offtarget
synthetic,122,124,1,+,A,C,mismatch,junk_145,295,1,offtarget
synthetic,146,151,1,+,A,C,mismatch,junk_146,316,1,offtarget
synthetic,41,42,1,+,A,C,mismatch,junk_146,316,1,offtarget
synthetic,92,92,1,+,A,C,mismatch,junk_146,314,1,offtarget
synthetic,177,181,1,+,A,C,mismatch,junk_146,285,1,offtarget
synthetic,92,93,1,+,A,C,mismatch,junk_147,291,1,offtarget
synthetic,98,102,1,+,A,C,mismatch,junk_147,338,1,offtarget
synthetic,43,43,1,+,A,C,mismatch,junk_147,328,1,offtarget
synthetic,153,157,1,+,A,C,mismatch,junk_148,328,1,offtarget
synthetic,83,83,1,+,A,C,mismatch,junk_148,293,1,offtarget
synthetic,53,53,1,+,A,C,mismatch,junk_148,286,1,offtarget
synthetic,182,186,1,+,A,C,mismatch,junk_148,315,1,offtarget
synthetic,155,159,1,+,A,C,mismatch,junk_149,320,1,offtarget
synthetic,84,88,1,+,A,C,mismatch,junk_149,309,1,offtarget
synthetic,51,55,1,+,A,C,mismatch,junk_149,294,1,offtarget
synthetic,187,191,1,+,A,C,mismatch,junk_149,329,1,offtarget
synthetic,86,86,1,+,A,C,mismatch,junk_150,286,1,offtarget
synthetic,127,130,1,+,A,C,mismatch,junk_150,310,1,offtarget
synthetic,146,150,1,+,A,C,mismatch,junk_150,281,1,offtarget
synthetic,109,111,1,+,A,C,mismatch,junk_150,306,1,offtarget
synthetic,90,95,1,+,A,C,mismatch,junk_151,331,1,offtarget
synthetic,110,113,1,+,A,C,mismatch,junk_151,324,1,offtarget
synthetic,142,145,1,+,A,C,mismatch,junk_151,283,1,offtarget
synthetic,97,98,1,+,A,C,mismatch,junk_151,332,1,offtarget
synthetic,81,84,1,+,A,C,mismatch,junk_152,336,1,offtarget
synthetic,192,196,1,+,A,C,mismatch,junk_152,304,1,offtarget
synthetic,47,48,1,+,A,C,mismatch,junk_152,326,1,offtarget
synthetic,151,154,1,+,A,C,mismatch,junk_153,282,1,offtarget
synthetic,104,104,1,+,A,C,mismatch,junk_153,333,1,offtarget
synthetic,126,131,1,+,A,C,mismatch,junk_153,329,1,offtarget
synthetic,58,59,1,+,A,C,mismatch,junk_154,290,1,offtarget
synthetic,53,58,1,+,A,C,mismatch,junk_154,286,1,offtarget
synthetic,132,133,1,+,A,C,mismatch,junk_154,331,1,offtarget
synthetic,46,46,1,+,A,C,mismatch,junk_155,290,1,offtarget
synthetic,111,112,1,+,A,C,mismatch,junk_155,331,1,offtarget
synthetic,49,54,1,+,A,C,mismatch,junk_155,312,1,offtarget
synthetic,80,80,1,+,A,C,mismatch,junk_156,320,1,offtarget
synthetic,121,124,1,+,A,C,mismatch,junk_156,322,1,offtarget
synthetic,107,109,1,+,A,C,mismatch,junk_156,286,1,offtarget
synthetic,140,141,1,+,A,C,mismatch,junk_156,318,1,offtarget
synthetic,191,192,1,+,A,C,mismatch,junk_157,318,1,offtarget
synthetic,107,111,1,+,A,C,mismatch,junk_157,300,1,offtarget
synthetic,93,96,1,+,A,C,mismatch,junk_157,318,1,offtarget
synthetic,118,118,1,+,A,C,mismatch,junk_158,331,1,offtarget
synthetic,161,165,1,+,A,C,mismatch,junk_158,312,1,offtarget
synthetic,100,104,1,+,A,C,mismatch,junk_158,292,1,offtarget
synthetic,100,101,1,+,A,C,mismatch,junk_159,295,1,offtarget
synthetic,112,113,1,+,A,C,mismatch,junk_159,311,1,offtarget
synthetic,200,202,1,+,A,C,mismatch,junk_159,319,1,offtarget
synthetic,164,169,1,+,A,C,mismatch,junk_160,288,1,offtarget
synthetic,91,95,1,+,A,C,mismatch,junk_160,326,1,offtarget
synthetic,104,106,1,+,A,C,mismatch,junk_160,336,1,offtarget
synthetic,91,96,1,+,A,C,mismatch,junk_161,281,1,offtarget
synthetic,67,70,1,+,A,C,mismatch,junk_161,338,1,offtarget
synthetic,114,119,1,+,A,C,mismatch,junk_161,320,1,offtarget
synthetic,192,195,1,+,A,C,mismatch,junk_162,292,1,offtarget
synthetic,165,168,1,+,A,C,mismatch,junk_162,326,1,offtarget
synthetic,154,159,1,+,A,C,mismatch,junk_162,307,1,offtarget
synthetic,77,78,1,+,A,C,mismatch,junk_163,325,1,offtarget
synthetic,65,68,1,+,A,C,mismatch,junk_163,333,1,offtarget
synthetic,130,133,1,+,A,C,mismatch,junk_163,300,1,offtarget
synthetic,63,63,1,+,A,C,mismatch,junk_163,283,1,offtarget
synthetic,140,141,1,+,A,C,mismatch,junk_164,287,1,offtarget
synthetic,51,53,1,+,A,C,mismatch,junk_164,309,1,offtarget
synthetic,101,103,1,+,A,C,mismatch,junk_164,282,1,offtarget
synthetic,147,151,1,+,A,C,mismatch,junk_165,307,1,offtarget
synthetic,155,157,1,+,A,C,mismatch,junk_165,327,1,offtarget
synthetic,157,157,1,+,A,C,mismatch,junk_165,306,1,offtarget
synthetic,104,105,1,+,A,C,mismatch,junk_166,333,1,offtarget
synthetic,92,96,1,+,A,C,mismatch,junk_166,301,1,offtarget
synthetic,98,102,1,+,A,C,mismatch,junk_166,320,1,offtarget
synthetic,183,184,1,+,A,C,mismatch,junk_167,303,1,offtarget
synthetic,102,102,1,+,A,C,mismatch,junk_167,299,1,offtarget
synthetic,197,202,1,+,A,C,mismatch,junk_167,317,1,offtarget
synthetic,75,80,1,+,A,C,mismatch,junk_167,313,1,offtarget
synthetic,189,190,1,+,A,C,mismatch,junk_168,339,1,offtarget
synthetic,196,200,1,+,A,C,mismatch,junk_168,301,1,offtarget
synthetic,117,119,1,+,A,C,mismatch,junk_168,324,1,offtarget
synthetic,119,124,1,+,A,C,mismatch,junk_169,318,1,offtarget
synthetic,136,138,1,+,A,C,mismatch,junk_169,329,1,offtarget
synthetic,139,144,1,+,A,C,mismatch,junk_169,317,1,offtarget
synthetic,100,104,1,+,A,C,mismatch,junk_169,299,1,offtarget
synthetic,52,55,1,+,A,C,mismatch,junk_170,331,1,offtarget
synthetic,139,143,1,+,A,C,mismatch,junk_170,320,1,offtarget
synthetic,170,170,1,+,A,C,mismatch,junk_170,326,1,offtarget
synthetic,198,200,1,+,A,C,mismatch,junk_170,294,1,offtarget
synthetic,135,140,1,+,A,C,mismatch,junk_171,306,1,offtarget
synthetic,184,184,1,+,A,C,mismatch,junk_171,296,1,offtarget
synthetic,51,53,1,+,A,C,mismatch,junk_171,296,1,offtarget
synthetic,153,154,1,+,A,C,mismatch,junk_171,333,1,offtarget
synthetic,133,134,1,+,A,C,mismatch,junk_172,324,1,offtarget
synthetic,141,145,1,+,A,C,mismatch,junk_172,323,1,offtarget
synthetic,45,47,1,+,A,C,mismatch,junk_172,315,1,offtarget
synthetic,107,110,1,+,A,C,mismatch,junk_173,316,1,offtarget
synthetic,114,117,1,+,A,C,mismatch,junk_173,340,1,offtarget
synthetic,124,128,1,+,A,C,mismatch,junk_173,280,1,offtarget
synthetic,132,135,1,+,A,C,mismatch,junk_174,324,1,offtarget
synthetic,112,112,1,+,A,C,mismatch,junk_174,321,1,offtarget
synthetic,194,197,1,+,A,C,mismatch,junk_174,339,1,offtarget
synthetic,103,104,1,+,A,C,mismatch,junk_175,317,1,offtarget
synthetic,41,44,1,+,A,C,mismatch,junk_175,333,1,offtarget
synthetic,125,130,1,+,A,C,mismatch,junk_175,288,1,offtarget
synthetic,197,197,1,+,A,C,mismatch,junk_176,337,1,offtarget
synthetic,67,69,1,+,A,C,mismatch,junk_176,339,1,offtarget
synthetic,166,171,1,+,A,C,mismatch,junk_176,280,1,offtarget
synthetic,95,98,1,+,A,C,mismatch,junk_177,337,1,offtarget
synthetic,154,155,1,+,A,C,mismatch,junk_177,331,1,offtarget
synthetic,170,173,1,+,A,C,mismatch,junk_177,333,1,offtarget
synthetic,176,180,1,+,A,C,mismatch,junk_178,326,1,offtarget
synthetic,183,184,1,+,A,C,mismatch,junk_178,313,1,offtarget
synthetic,44,44,1,+,A,C,mismatch,junk_178,292,1,offtarget
synthetic,147,150,1,+,A,C,mismatch,junk_179,281,1,offtarget
synthetic,102,103,1,+,A,C,mismatch,junk_179,313,1,offtarget
synthetic,196,199,1,+,A,C,mismatch,junk_179,310,1,offtarget
synthetic,94,95,1,+,A,C,mismatch,junk_180,336,1,offtarget
synthetic,79,79,1,+,A,C,mismatch,junk_180,292,1,offtarget
synthetic,175,175,1,+,A,C,mismatch,junk_180,325,1,offtarget
synthetic,65,65,1,+,A,C,mismatch,junk_181,297,1,offtarget
synthetic,43,48,1,+,A,C,mismatch,junk_181,315,1,offtarget
synthetic,186,187,1,+,A,C,mismatch,junk_181,298,1,offtarget
synthetic,129,129,1,+,A,C,mismatch,junk_181,280,1,offtarget
synthetic,160,160,1,+,A,C,mismatch,junk_182,322,1,offtarget
synthetic,117,120,1,+,A,C,mismatch,junk_182,294,1,offtarget
synthetic,72,72,1,+,A,C,mismatch,junk_182,313,1,offtarget
synthetic,114,115,1,+,A,C,mismatch,junk_182,300,1,offtarget
synthetic,187,189,1,+,A,C,mismatch,junk_183,320,1,offtarget
synthetic,152,157,1,+,A,C,mismatch,junk_183,339,1,offtarget
synthetic,181,181,1,+,A,C,mismatch,junk_183,286,1,offtarget
synthetic,107,108,1,+,A,C,mismatch,junk_183,309,1,offtarget
synthetic,54,56,1,+,A,C,mismatch,junk_184,313,1,offtarget
synthetic,102,103,1,+,A,C,mismatch,junk_184,330,1,offtarget
synthetic,110,115,1,+,A,C,mismatch,junk_184,309,1,offtarget
synthetic,102,102,1,+,A,C,mismatch,junk_184,326,1,offtarget
synthetic,75,76,1,+,A,C,mismatch,junk_185,319,1,offtarget
synthetic,120,122,1,+,A,C,mismatch,junk_185,310,1,offtarget
synthetic,104,108,1,+,A,C,mismatch,junk_185,288,1,offtarget
synthetic,64,67,1,+,A,C,mismatch,junk_186,289,1,offtarget
synthetic,97,99,1,+,A,C,mismatch,junk_186,311,1,offtarget
synthetic,167,170,1,+,A,C,mismatch,junk_186,301,1,offtarget
synthetic,176,176,1,+,A,C,mismatch,junk_187,324,1,offtarget
synthetic,183,183,1,+,A,C,mismatch,junk_187,309,1,offtarget
synthetic,84,88,1,+,A,C,mismatch,junk_187,322,1,offtarget
synthetic,114,117,1,+,A,C,mismatch,junk_188,315,1,offtarget
synthetic,169,173,1,+,A,C,mismatch,junk_188,322,1,offtarget
synthetic,185,186,1,+,A,C,mismatch,junk_188,296,1,offtarget
synthetic,94,99,1,+,A,C,mismatch,junk_189,292,1,offtarget
synthetic,162,164,1,+,A,C,mismatch,junk_189,319,1,offtarget
synthetic,142,147,1,+,A,C,mismatch,junk_189,330,1,offtarget
synthetic,46,50,1,+,A,C,mismatch,junk_190,284,1,offtarget
synthetic,72,72,1,+,A,C,mismatch,junk_190,329,1,offtarget
synthetic,131,133,1,+,A,C,mismatch,junk_190,306,1,offtarget
synthetic,146,146,1,+,A,C,mismatch,junk_191,310,1,offtarget
synthetic,152,153,1,+,A,C,mismatch,junk_191,301,1,offtarget
synthetic,85,90,1,+,A,C,mismatch,junk_191,303,1,offtarget
synthetic,106,107,1,+,A,C,mismatch,junk_192,285,1,offtarget
synthetic,177,179,1,+,A,C,mismatch,junk_192,295,1,offtarget
synthetic,95,99,1,+,A,C,mismatch,junk_192,317,1,offtarget
synthetic,191,191,1,+,A,C,mismatch,junk_192,324,1,offtarget
synthetic,163,167,1,+,A,C,mismatch,junk_193,282,1,offtarget
synthetic,115,120,1,+,A,C,mismatch,junk_193,320,1,offtarget
synthetic,198,199,1,+,A,C,mismatch,junk_193,286,1,offtarget
synthetic,107,111,1,+,A,C,mismatch,junk_193,296,1,offtarget
synthetic,185,185,1,+,A,C,mismatch,junk_194,291,1,offtarget
synthetic,139,139,1,+,A,C,mismatch,junk_194,310,1,offtarget
synthetic,158,162,1,+,A,C,mismatch,junk_194,334,1,offtarget
synthetic,142,144,1,+,A,C,mismatch,junk_195,331,1,offtarget
synthetic,115,119,1,+,A,C,mismatch,junk_195,287,1,offtarget
synthetic,193,198,1,+,A,C,mismatch,junk_195,294,1,offtarget
synthetic,111,116,1,+,A,C,mismatch,junk_195,314,1,offtarget
synthetic,132,137,1,+,A,C,mismatch,junk_196,299,1,offtarget
synthetic,60,60,1,+,A,C,mismatch,junk_196,298,1,offtarget
synthetic,184,188,1,+,A,C,mismatch,junk_196,289,1,offtarget
synthetic,191,196,1,+,A,C,mismatch,junk_197,289,1,offtarget
synthetic,183,183,1,+,A,C,mismatch,junk_197,323,1,offtarget
synthetic,41,44,1,+,A,C,mismatch,junk_197,302,1,offtarget
synthetic,93,93,1,+,A,C,mismatch,junk_197,314,1,offtarget
synthetic,171,176,1,+,A,C,mismatch,junk_198,297,1,offtarget
synthetic,66,69,1,+,A,C,mismatch,junk_198,306,1,offtarget
synthetic,77,78,1,+,A,C,mismatch,junk_198,318,1,offtarget
synthetic,162,162,1,+,A,C,mismatch,junk_198,301,1,offtarget
synthetic,122,124,1,+,A,C,mismatch,junk_199,298,1,offtarget
synthetic,78,78,1,+,A,C,mismatch,junk_199,329,1,offtarget
synthetic,153,155,1,+,A,C,mismatch,junk_199,305,1,offtarget
synthetic,174,178,1,+,A,C,mismatch,junk_199,332,1,offtarget
synthetic,173,177,1,+,A,C,mismatch,junk_200,325,1,offtarget
synthetic,71,73,1,+,A,C,mismatch,junk_200,284,1,offtarget
synthetic,199,203,1,+,A,C,mismatch,junk_200,316,1,offtarget
synthetic,88,91,1,+,A,C,mismatch,junk_200,302,1,offtarget
synthetic,42,45,1,+,A,C,mismatch,junk_201,295,1,offtarget
synthetic,197,202,1,+,A,C,mismatch,junk_201,334,1,offtarget
synthetic,164,169,1,+,A,C,mismatch,junk_201,336,1,offtarget
synthetic,130,134,1,+,A,C,mismatch,junk_202,312,1,offtarget
synthetic,102,107,1,+,A,C,mismatch,junk_202,325,1,offtarget
synthetic,101,101,1,+,A,C,mismatch,junk_202,333,1,offtarget
synthetic,55,59,1,+,A,C,mismatch,junk_203,289,1,offtarget
synthetic,181,181,1,+,A,C,mismatch,junk_203,285,1,offtarget
synthetic,122,125,1,+,A,C,mismatch,junk_203,299,1,offtarget
synthetic,155,160,1,+,A,C,mismatch,junk_204,334,1,offtarget
synthetic,120,120,1,+,A,C,mismatch,junk_204,284,1,offtarget
synthetic,79,81,1,+,A,C,mismatch,junk_204,291,1,offtarget
synthetic,154,157,1,+,A,C,mismatch,junk_204,282,1,offtarget
synthetic,108,110,1,+,A,C,mismatch,junk_205,332,1,offtarget
synthetic,58,59,1,+,A,C,mismatch,junk_205,327,1,offtarget
synthetic,176,179,1,+,A,C,mismatch,junk_205,297,1,offtarget
synthetic,199,204,1,+,A,C,mismatch,junk_206,312,1,offtarget
synthetic,160,165,1,+,A,C,mismatch,junk_206,301,1,offtarget
synthetic,64,64,1,+,A,C,mismatch,junk_206,310,1,offtarget
synthetic,146,150,1,+,A,C,mismatch,junk_206,320,1,offtarget
synthetic,157,159,1,+,A,C,mismatch,junk_207,334,1,offtarget
synthetic,113,116,1,+,A,C,mismatch,junk_207,329,1,offtarget
synthetic,200,205,1,+,A,C,mismatch,junk_207,288,1,offtarget
synthetic,63,67,1,+,A,C,mismatch,junk_207,314,1,offtarget
synthetic,106,109,1,+,A,C,mismatch,junk_208,315,1,offtarget
synthetic,58,63,1,+,A,C,mismatch,junk_208,302,1,offtarget
synthetic,75,79,1,+,A,C,mismatch,junk_208,339,1,offtarget
synthetic,185,185,1,+,A,C,mismatch,junk_208,335,1,offtarget
synthetic,73,77,1,+,A,C,mismatch,junk_209,311,1,offtarget
synthetic,43,47,1,+,A,C,mismatch,junk_209,287,1,offtarget
synthetic,161,162,1,+,A,C,mismatch,junk_209,322,1,offtarget
synthetic,147,148,1,+,A,C,mismatch,junk_209,304,1,offtarget
synthetic,83,87,1,+,A,C,mismatch,junk_210,283,1,offtarget
synthetic,41,44,1,+,A,C,mismatch,junk_210,332,1,offtarget
synthetic,90,94,1,+,A,C,mismatch,junk_210,285,1,offtarget
synthetic,128,130,1,+,A,C,mismatch,junk_210,290,1,offtarget
synthetic,199,204,1,+,A,C,mismatch,junk_211,303,1,offtarget
synthetic,157,160,1,+,A,C,mismatch,junk_211,311,1,offtarget
synthetic,193,195,1,+,A,C,mismatch,junk_211,303,1,offtarget
synthetic,126,126,1,+,A,C,mismatch,junk_211,303,1,offtarget
synthetic,154,154,1,+,A,C,mismatch,junk_212,322,1,offtarget
synthetic,126,127,1,+,A,C,mismatch,junk_212,302,1,offtarget
synthetic,196,199,1,+,A,C,mismatch,junk_212,282,1,offtarget
synthetic,85,85,1,+,A,C,mismatch,junk_212,335,1,offtarget
synthetic,113,113,1,+,A,C,mismatch,junk_213,283,1,offtarget
synthetic,164,165,1,+,A,C,mismatch,junk_213,319,1,offtarget
synthetic,88,89,1,+,A,C,mismatch,junk_213,287,1,offtarget
synthetic,163,165,1,+,A,C,mismatch,junk_213,283,1,offtarget
synthetic,154,157,1,+,A,C,mismatch,junk_214,297,1,offtarget
synthetic,85,88,1,+,A,C,mismatch,junk_214,315,1,offtarget
synthetic,181,181,1,+,A,C,mismatch,junk_214,338,1,offtarget
synthetic,163,164,1,+,A,C,mismatch,junk_214,312,1,offtarget
synthetic,185,187,1,+,A,C,mismatch,junk_215,297,1,offtarget
synthetic,49,52,1,+,A,C,mismatch,junk_215,340,1,offtarget
synthetic,78,82,1,+,A,C,mismatch,junk_215,281,1,offtarget
synthetic,94,95,1,+,A,C,mismatch,junk_215,297,1,offtarget
synthetic,161,165,1,+,A,C,mismatch,junk_216,337,1,offtarget
synthetic,191,193,1,+,A,C,mismatch,junk_216,316,1,offtarget
synthetic,105,110,1,+,A,C,mismatch,junk_216,299,1,offtarget
synthetic,98,102,1,+,A,C,mismatch,junk_216,319,1,offtarget
synthetic,76,80,1,+,A,C,mismatch,junk_217,330,1,offtarget
synthetic,180,180,1,+,A,C,mismatch,junk_217,336,1,offtarget
synthetic,111,115,1,+,A,C,mismatch,junk_217,322,1,offtarget
synthetic,174,177,1,+,A,C,mismatch,junk_217,335,1,offtarget
synthetic,170,172,1,+,A,C,mismatch,junk_218,326,1,offtarget
synthetic,114,114,1,+,A,C,mismatch,junk_218,324,1,offtarget
synthetic,57,60,1,+,A,C,mismatch,junk_218,337,1,offtarget
synthetic,52,53,1,+,A,C,mismatch,junk_219,293,1,offtarget
synthetic,169,173,1,+,A,C,mismatch,junk_219,289,1,offtarget
synthetic,136,140,1,+,A,C,mismatch,junk_219,332,1,offtarget
synthetic,65,66,1,+,A,C,mismatch,junk_220,330,1,offtarget
synthetic,99,104,1,+,A,C,mismatch,junk_220,328,1,offtarget
synthetic,118,120,1,+,A,C,mismatch,junk_220,289,1,offtarget
synthetic,116,117,1,+,A,C,mismatch,junk_221,284,1,offtarget
synthetic,167,169,1,+,A,C,mismatch,junk_221,284,1,offtarget
synthetic,175,179,1,+,A,C,mismatch,junk_221,314,1,offtarget
synthetic,124,126,1,+,A,C,mismatch,junk_221,337,1,offtarget
synthetic,119,119,1,+,A,C,mismatch,junk_222,310,1,offtarget
synthetic,182,187,1,+,A,C,mismatch,junk_222,306,1,offtarget
synthetic,80,85,1,+,A,C,mismatch,junk_222,331,1,offtarget
synthetic,80,85,1,+,A,C,mismatch,junk_222,295,1,offtarget
synthetic,168,173,1,+,A,C,mismatch,junk_223,291,1,offtarget
synthetic,152,152,1,+,A,C,mismatch,junk_223,293,1,offtarget
synthetic,150,155,1,+,A,C,mismatch,junk_223,324,1,offtarget
synthetic,115,115,1,+,A,C,mismatch,junk_223,285,1,offtarget
synthetic,190,193,1,+,A,C,mismatch,junk_224,286,1,offtarget
synthetic,169,170,1,+,A,C,mismatch,junk_224,311,1,offtarget
synthetic,156,159,1,+,A,C,mismatch,junk_224,302,1,offtarget
synthetic,97,100,1,+,A,C,mismatch,junk_224,304,1,offtarget
synthetic,101,105,1,+,A,C,mismatch,junk_225,323,1,offtarget
synthetic,138,140,1,+,A,C,mismatch,junk_225,291,1,offtarget
synthetic,91,91,1,+,A,C,mismatch,junk_225,283,1,offtarget
synthetic,99,103,1,+,A,C,mismatch,junk_225,285,1,offtarget
synthetic,99,99,1,+,A,C,mismatch,junk_226,305,1,offtarget
synthetic,116,117,1,+,A,C,mismatch,junk_226,323,1,offtarget
synthetic,85,87,1,+,A,C,mismatch,junk_226,286,1,offtarget
synthetic,70,75,1,+,A,C,mismatch,junk_226,292,1,offtarget
synthetic,153,153,1,+,A,C,mismatch,junk_227,340,1,offtarget
synthetic,82,87,1,+,A,C,mismatch,junk_227,307,1,offtarget
synthetic,51,56,1,+,A,C,mismatch,junk_227,302,1,offtarget
synthetic,187,192,1,+,A,C,mismatch,junk_227,320,1,offtarget
synthetic,97,98,1,+,A,C,mismatch,junk_228,302,1,offtarget
synthetic,183,188,1,+,A,C,mismatch,junk_228,317,1,offtarget
synthetic,44,44,1,+,A,C,mismatch,junk_228,297,1,offtarget
synthetic,81,84,1,+,A,C,mismatch,junk_228,309,1,offtarget
synthetic,124,127,1,+,A,C,mismatch,junk_229,330,1,offtarget
synthetic,84,86,1,+,A,C,mismatch,junk_229,319,1,offtarget
synthetic,41,45,1,+,A,C,mismatch,junk_229,337,1,offtarget
synthetic,73,74,1,+,A,C,mismatch,junk_230,309,1,offtarget
synthetic,177,182,1,+,A,C,mismatch,junk_230,326,1,offtarget
synthetic,187,187,1,+,A,C,mismatch,junk_230,332,1,offtarget
synthetic,113,113,1,+,A,C,mismatch,junk_231,291,1,offtarget
synthetic,71,75,1,+,A,C,mismatch,junk_231,319,1,offtarget
synthetic,129,130,1,+,A,C,mismatch,junk_231,312,1,offtarget
synthetic,193,198,1,+,A,C,mismatch,junk_231,286,1,offtarget
synthetic,89,93,1,+,A,C,mismatch,junk_232,305,1,offtarget
synthetic,66,66,1,+,A,C,mismatch,junk_232,328,1,offtarget
synthetic,171,174,1,+,A,C,mismatch,junk_232,314,1,offtarget
synthetic,58,61,1,+,A,C,mismatch,junk_233,312,1,offtarget
synthetic,102,102,1,+,A,C,mismatch,junk_233,326,1,offtarget
synthetic,82,84,1,+,A,C,mismatch,junk_233,306,1,offtarget
synthetic,59,59,1,+,A,C,mismatch,junk_234,324,1,offtarget
synthetic,182,183,1,+,A,C,mismatch,junk_234,282,1,offtarget
synthetic,102,107,1,+,A,C,mismatch,junk_234,327,1,offtarget
synthetic,197,199,1,+,A,C,mismatch,junk_234,321,1,offtarget
synthetic,111,114,1,+,A,C,mismatch,junk_235,298,1,offtarget
synthetic,124,128,1,+,A,C,mismatch,junk_235,308,1,offtarget
synthetic,140,143,1,+,A,C,mismatch,junk_235,312,1,offtarget
synthetic,80,84,1,+,A,C,mismatch,junk_236,340,1,offtarget
synthetic,130,135,1,+,A,C,mismatch,junk_236,300,1,offtarget
synthetic,198,203,1,+,A,C,mismatch,junk_236,311,1,offtarget
synthetic,72,77,1,+,A,C,mismatch,junk_237,337,1,offtarget
synthetic,69,70,1,+,A,C,mismatch,junk_237,332,1,offtarget
synthetic,81,86,1,+,A,C,mismatch,junk_237,305,1,offtarget
synthetic,191,191,1,+,A,C,mismatch,junk_238,313,1,offtarget
synthetic,104,108,1,+,A,C,mismatch,junk_238,298,1,offtarget
synthetic,68,69,1,+,A,C,mismatch,junk_238,289,1,offtarget
synthetic,196,201,1,+,A,C,mismatch,junk_239,338,1,offtarget
synthetic,178,178,1,+,A,C,mismatch,junk_239,311,1,offtarget
synthetic,183,187,1,+,A,C,mismatch,junk_239,283,1,offtarget
synthetic,44,44,1,+,A,C,mismatch,junk_239,283,1,offtarget
synthetic,97,101,1,+,A,C,mismatch,junk_240,335,1,offtarget
synthetic,85,85,1,+,A,C,mismatch,junk_240,312,1,offtarget
synthetic,99,99,1,+,A,C,mismatch,junk_240,304,1,offtarget
synthetic,59,59,1,+,A,C,mismatch,junk_241,309,1,offtarget
synthetic,138,143,1,+,A,C,mismatch,junk_241,336,1,offtarget
synthetic,51,56,1,+,A,C,mismatch,junk_241,332,1,offtarget
synthetic,110,115,1,+,A,C,mismatch,junk_241,322,1,offtarget
synthetic,83,83,1,+,A,C,mismatch,junk_242,305,1,offtarget
synthetic,174,178,1,+,A,C,mismatch,junk_242,332,1,offtarget
synthetic,124,125,1,+,A,C,mismatch,junk_242,329,1,offtarget
synthetic,75,77,1,+,A,C,mismatch,junk_243,280,1,offtarget
synthetic,130,131,1,+,A,C,mismatch,junk_243,294,1,offtarget
synthetic,110,111,1,+,A,C,mismatch,junk_243,316,1,offtarget
synthetic,140,144,1,+,A,C,mismatch,junk_244,334,1,offtarget
synthetic,187,187,1,+,A,C,mismatch,junk_244,335,1,offtarget
synthetic,146,146,1,+,A,C,mismatch,junk_244,299,1,offtarget
synthetic,98,98,1,+,A,C,mismatch,junk_244,313,1,offtarget
synthetic,75,78,1,+,A,C,mismatch,junk_245,317,1,offtarget
synthetic,130,131,1,+,A,C,mismatch,junk_245,290,1,offtarget
synthetic,58,61,1,+,A,C,mismatch,junk_245,291,1,offtarget
synthetic,167,171,1,+,A,C,mismatch,junk_246,300,1,offtarget
synthetic,144,147,1,+,A,C,mismatch,junk_246,280,1,offtarget
synthetic,91,95,1,+,A,C,mismatch,junk_246,296,1,offtarget
synthetic,136,141,1,+,A,C,mismatch,junk_247,338,1,offtarget
synthetic,94,94,1,+,A,C,mismatch,junk_247,292,1,offtarget
synthetic,152,152,1,+,A,C,mismatch,junk_247,328,1,offtarget
synthetic,42,43,1,+,A,C,mismatch,junk_248,295,1,offtarget
synthetic,95,95,1,+,A,C,mismatch,junk_248,333,1,offtarget
synthetic,190,191,1,+,A,C,mismatch,junk_248,296,1,offtarget
synthetic,40,43,1,+,A,C,mismatch,junk_249,281,1,offtarget
synthetic,172,177,1,+,A,C,mismatch,junk_249,318,1,offtarget
synthetic,101,105,1,+,A,C,mismatch,junk_249,327,1,offtarget
synthetic,156,159,1,+,A,C,mismatch,junk_250,310,1,offtarget
synthetic,164,167,1,+,A,C,mismatch,junk_250,336,1,offtarget
synthetic,156,160,1,+,A,C,mismatch,junk_250,303,1,offtarget
synthetic,190,192,1,+,A,C,mismatch,junk_251,319,1,offtarget
synthetic,172,172,1,+,A,C,mismatch,junk_251,303,1,offtarget
synthetic,110,114,1,+,A,C,mismatch,junk_251,313,1,offtarget
synthetic,126,129,1,+,A,C,mismatch,junk_251,301,1,offtarget
synthetic,151,152,1,+,A,C,mismatch,junk_252,310,1,offtarget
synthetic,142,142,1,+,A,C,mismatch,junk_252,290,1,offtarget
synthetic,176,176,1,+,A,C,mismatch,junk_252,319,1,offtarget
synthetic,84,89,1,+,A,C,mismatch,junk_252,307,1,offtarget
synthetic,129,129,1,+,A,C,mismatch,junk_253,283,1,offtarget
synthetic,75,77,1,+,A,C,mismatch,junk_253,301,1,offtarget
synthetic,43,46,1,+,A,C,mismatch,junk_253,321,1,offtarget
synthetic,92,92,1,+,A,C,mismatch,junk_253,294,1,offtarget
synthetic,136,138,1,+,A,C,mismatch,junk_254,283,1,offtarget
synthetic,186,189,1,+,A,C,mismatch,junk_254,338,1,offtarget
synthetic,88,93,1,+,A,C,mismatch,junk_254,303,1,offtarget
synthetic,181,185,1,+,A,C,mismatch,junk_254,318,1,offtarget
synthetic,103,104,1,+,A,C,mismatch,junk_255,327,1,offtarget
synthetic,116,118,1,+,A,C,mismatch,junk_255,337,1,offtarget
synthetic,122,124,1,+,A,C,mismatch,junk_255,294,1,offtarget
synthetic,139,143,1,+,A,C,mismatch,junk_255,292,1,offtarget
synthetic,101,104,1,+,A,C,mismatch,junk_256,312,1,offtarget
synthetic,123,125,1,+,A,C,mismatch,junk_256,336,1,offtarget
synthetic,121,123,1,+,A,C,mismatch,junk_256,282,1,offtarget
synthetic,73,74,1,+,A,C,mismatch,junk_257,309,1,offtarget
synthetic,176,179,1,+,A,C,mismatch,junk_257,320,1,offtarget
synthetic,187,188,1,+,A,C,mismatch,junk_257,333,1,offtarget
synthetic,69,69,1,+,A,C,mismatch,junk_257,302,1,offtarget
synthetic,151,151,1,+,A,C,mismatch,junk_258,321,1,offtarget
synthetic,139,141,1,+,A,C,mismatch,junk_258,318,1,offtarget
synthetic,191,196,1,+,A,C,mismatch,junk_258,333,1,offtarget
synthetic,82,87,1,+,A,C,mismatch,junk_258,308,1,offtarget
synthetic,193,197,1,+,A,C,mismatch,junk_259,331,1,offtarget
synthetic,48,53,1,+,A,C,mismatch,junk_259,287,1,offtarget
synthetic,55,58,1,+,A,C,mismatch,junk_259,287,1,offtarget
synthetic,162,166,1,+,A,C,mismatch,junk_259,302,1,offtarget
synthetic,198,203,1,+,A,C,mismatch,junk_260,304,1,offtarget
synthetic,187,188,1,+,A,C,mismatch,junk_260,316,1,offtarget
synthetic,45,47,1,+,A,C,mismatch,junk_260,316,1,offtarget
synthetic,149,150,1,+,A,C,mismatch,junk_261,311,1,offtarget
synthetic,193,197,1,+,A,C,mismatch,junk_261,334,1,offtarget
synthetic,90,94,1,+,A,C,mismatch,junk_261,313,1,offtarget
synthetic,164,169,1,+,A,C,mismatch,junk_262,315,1,offtarget
synthetic,75,79,1,+,A,C,mismatch,junk_262,304,1,offtarget
synthetic,51,55,1,+,A,C,mismatch,junk_262,313,1,offtarget
synthetic,113,118,1,+,A,C,mismatch,junk_262,336,1,offtarget
synthetic,98,100,1,+,A,C,mismatch,junk_263,329,1,offtarget
synthetic,102,107,1,+,A,C,mismatch,junk_263,311,1,offtarget
synthetic,177,179,1,+,A,C,mismatch,junk_263,329,1,offtarget
synthetic,60,64,1,+,A,C,mismatch,junk_264,285,1,offtarget
synthetic,114,117,1,+,A,C,mismatch,junk_264,291,1,offtarget
synthetic,94,98,1,+,A,C,mismatch,junk_264,333,1,offtarget
synthetic,139,141,1,+,A,C,mismatch,junk_265,295,1,offtarget
synthetic,61,63,1,+,A,C,mismatch,junk_265,297,1,offtarget
synthetic,98,98,1,+,A,C,mismatch,junk_265,335,1,offtarget
synthetic,198,201,1,+,A,C,mismatch,junk_266,317,1,offtarget
synthetic,143,144,1,+,A,C,mismatch,junk_266,337,1,offtarget
synthetic,81,86,1,+,A,C,mismatch,junk_266,330,1,offtarget
synthetic,108,108,1,+,A,C,mismatch,junk_267,338,1,offtarget
synthetic,179,183,1,+,A,C,mismatch,junk_267,333,1,offtarget
synthetic,197,198,1,+,A,C,mismatch,junk_267,293,1,offtarget
synthetic,141,144,1,+,A,C,mismatch,junk_268,281,1,offtarget
synthetic,163,164,1,+,A,C,mismatch,junk_268,308,1,offtarget
synthetic,84,85,1,+,A,C,mismatch,junk_268,288,1,offtarget
synthetic,172,175,1,+,A,C,mismatch,junk_269,324,1,offtarget
synthetic,146,151,1,+,A,C,mismatch,junk_269,326,1,offtarget
synthetic,86,91,1,+,A,C,mismatch,junk_269,283,1,offtarget
synthetic,45,46,1,+,A,C,mismatch,junk_270,308,1,offtarget
synthetic,109,113,1,+,A,C,mismatch,junk_270,296,1,offtarget
synthetic,63,68,1,+,A,C,mismatch,junk_270,316,1,offtarget
synthetic,57,62,1,+,A,C,mismatch,junk_270,295,1,offtarget
synthetic,145,145,1,+,A,C,mismatch,junk_271,323,1,offtarget
synthetic,123,125,1,+,A,C,mismatch,junk_271,286,1,offtarget
synthetic,63,66,1,+,A,C,mismatch,junk_271,326,1,offtarget
synthetic,102,105,1,+,A,C,mismatch,junk_272,312,1,offtarget
synthetic,182,184,1,+,A,C,mismatch,junk_272,324,1,offtarget
synthetic,178,182,1,+,A,C,mismatch,junk_272,304,1,offtarget
synthetic,191,196,1,+,A,C,mismatch,junk_272,282,1,offtarget
synthetic,157,162,1,+,A,C,mismatch,junk_273,318,1,offtarget
synthetic,112,113,1,+,A,C,mismatch,junk_273,288,1,offtarget
synthetic,117,118,1,+,A,C,mismatch,junk_273,322,1,offtarget
synthetic,66,66,1,+,A,C,mismatch,junk_274,329,1,offtarget
synthetic,182,184,1,+,A,C,mismatch,junk_274,291,1,offtarget
synthetic,80,83,1,+,A,C,mismatch,junk_274,316,1,offtarget
synthetic,121,124,1,+,A,C,mismatch,junk_275,293,1,offtarget
synthetic,145,149,1,+,A,C,mismatch,junk_275,318,1,offtarget
synthetic,159,160,1,+,A,C,mismatch,junk_275,310,1,offtarget
synthetic,81,82,1,+,A,C,mismatch,junk_275,294,1,offtarget
synthetic,48,50,1,+,A,C,mismatch,junk_276,283,1,offtarget
synthetic,77,79,1,+,A,C,mismatch,junk_276,324,1,offtarget
synthetic,124,126,1,+,A,C,mismatch,junk_276,321,1,offtarget
synthetic,49,52,1,+,A,C,mismatch,junk_276,296,1,offtarget
synthetic,66,66,1,+,A,C,mismatch,junk_277,308,1,offtarget
synthetic,94,94,1,+,A,C,mismatch,junk_277,314,1,offtarget
synthetic,184,186,1,+,A,C,mismatch,junk_277,295,1,offtarget
synthetic,90,90,1,+,A,C,mismatch,junk_278,336,1,offtarget
synthetic,132,135,1,+,A,C,mismatch,junk_278,294,1,offtarget
synthetic,41,45,1,+,A,C,mismatch,junk_278,339,1,offtarget
synthetic,117,118,1,+,A,C,mismatch,junk_278,311,1,offtarget
synthetic,50,54,1,+,A,C,mismatch,junk_279,303,1,offtarget
synthetic,45,48,1,+,A,C,mismatch,junk_279,298,1,offtarget
synthetic,132,136,1,+,A,C,mismatch,junk_279,325,1,offtarget
synthetic,162,165,1,+,A,C,mismatch,junk_279,334,1,offtarget
synthetic,120,122,1,+,A,C,mismatch,junk_280,319,1,offtarget
synthetic,185,185,1,+,A,C,mismatch,junk_280,317,1,offtarget
synthetic,190,194,1,+,A,C,mismatch,junk_280,327,1,offtarget
synthetic,75,79,1,+,A,C,mismatch,junk_280,302,1,offtarget
synthetic,91,95,1,+,A,C,mismatch,junk_281,340,1,offtarget
synthetic,134,139,1,+,A,C,mismatch,junk_281,292,1,offtarget
synthetic,127,130,1,+,A,C,mismatch,junk_281,297,1,offtarget
synthetic,64,67,1,+,A,C,mismatch,junk_282,318,1,offtarget
synthetic,60,64,1,+,A,C,mismatch,junk_282,309,1,offtarget
synthetic,159,160,1,+,A,C,mismatch,junk_282,310,1,offtarget
synthetic,116,119,1,+,A,C,mismatch,junk_283,331,1,offtarget
synthetic,57,59,1,+,A,C,mismatch,junk_283,334,1,offtarget
synthetic,44,47,1,+,A,C,mismatch,junk_283,316,1,offtarget
synthetic,137,141,1,+,A,C,mismatch,junk_283,290,1,offtarget
synthetic,151,155,1,+,A,C,mismatch,junk_284,306,1,offtarget
synthetic,115,117,1,+,A,C,mismatch,junk_284,287,1,offtarget
synthetic,58,59,1,+,A,C,mismatch,junk_284,329,1,offtarget
synthetic,198,199,1,+,A,C,mismatch,junk_285,339,1,offtarget
synthetic,132,133,1,+,A,C,mismatch,junk_285,281,1,offtarget
synthetic,62,64,1,+,A,C,mismatch,junk_285,292,1,offtarget
synthetic,60,61,1,+,A,C,mismatch,junk_286,307,1,offtarget
synthetic,162,165,1,+,A,C,mismatch,junk_286,295,1,offtarget
synthetic,57,62,1,+,A,C,mismatch,junk_286,311,1,offtarget
synthetic,174,176,1,+,A,C,mismatch,junk_287,297,1,offtarget
synthetic,52,57,1,+,A,C,mismatch,junk_287,331,1,offtarget
synthetic,150,150,1,+,A,C,mismatch,junk_287,282,1,offtarget
synthetic,93,97,1,+,A,C,mismatch,junk_288,281,1,offtarget
synthetic,76,78,1,+,A,C,mismatch,junk_288,317,1,offtarget
synthetic,151,153,1,+,A,C,mismatch,junk_288,317,1,offtarget
synthetic,59,61,1,+,A,C,mismatch,junk_289,331,1,offtarget
synthetic,146,149,1,+,A,C,mismatch,junk_289,327,1,offtarget
synthetic,165,169,1,+,A,C,mismatch,junk_289,313,1,offtarget
synthetic,191,193,1,+,A,C,mismatch,junk_289,318,1,offtarget
synthetic,95,95,1,+,A,C,mismatch,junk_290,333,1,offtarget
synthetic,123,125,1,+,A,C,mismatch,junk_290,319,1,offtarget
synthetic,126,130,1,+,A,C,mismatch,junk_290,290,1,offtarget
synthetic,86,86,1,+,A,C,mismatch,junk_291,340,1,offtarget
synthetic,173,178,1,+,A,C,mismatch,junk_291,333,1,offtarget
synthetic,47,48,1,+,A,C,mismatch,junk_291,326,1,offtarget
synthetic,43,47,1,+,A,C,mismatch,junk_291,327,1,offtarget
synthetic,122,127,1,+,A,C,mismatch,junk_292,292,1,offtarget
synthetic,65,69,1,+,A,C,mismatch,junk_292,290,1,offtarget
synthetic,132,134,1,+,A,C,mismatch,junk_292,306,1,offtarget
synthetic,172,174,1,+,A,C,mismatch,junk_293,324,1,offtarget
synthetic,40,44,1,+,A,C,mismatch,junk_293,337,1,offtarget
synthetic,47,51,1,+,A,C,mismatch,junk_293,330,1,offtarget
synthetic,137,140,1,+,A,C,mismatch,junk_293,293,1,offtarget
synthetic,167,169,1,+,A,C,mismatch,junk_294,309,1,offtarget
synthetic,157,158,1,+,A,C,mismatch,junk_294,330,1,offtarget
synthetic,45,49,1,+,A,C,mismatch,junk_294,287,1,offtarget
synthetic,166,166,1,+,A,C,mismatch,junk_294,288,1,offtarget
synthetic,172,174,1,+,A,C,mismatch,junk_295,310,1,offtarget
synthetic,142,145,1,+,A,C,mismatch,junk_295,303,1,offtarget
synthetic,98,99,1,+,A,C,mismatch,junk_295,324,1,offtarget
synthetic,168,170,1,+,A,C,mismatch,junk_295,312,1,offtarget
synthetic,59,62,1,+,A,C,mismatch,junk_296,326,1,offtarget
synthetic,127,127,1,+,A,C,mismatch,junk_296,304,1,offtarget
synthetic,116,120,1,+,A,C,mismatch,junk_296,334,1,offtarget
synthetic,133,136,1,+,A,C,mismatch,junk_296,294,1,offtarget
synthetic,87,87,1,+,A,C,mismatch,junk_297,291,1,offtarget
synthetic,165,169,1,+,A,C,mismatch,junk_297,329,1,offtarget
synthetic,97,100,1,+,A,C,mismatch,junk_297,297,1,offtarget
synthetic,100,102,1,+,A,C,mismatch,junk_297,299,1,offtarget
synthetic,40,41,1,+,A,C,mismatch,junk_298,303,1,offtarget
synthetic,183,187,1,+,A,C,mismatch,junk_298,281,1,offtarget
synthetic,131,134,1,+,A,C,mismatch,junk_298,286,1,offtarget
synthetic,48,53,1,+,A,C,mismatch,junk_298,311,1,offtarget
synthetic,186,190,1,+,A,C,mismatch,junk_299,295,1,offtarget
synthetic,125,129,1,+,A,C,mismatch,junk_299,330,1,offtarget
synthetic,149,154,1,+,A,C,mismatch,junk_299,308,1,offtarget
synthetic,135,138,1,+,A,C,mismatch,junk_299,310,1,offtarget
synthetic,176,177,1,+,A,C,mismatch,junk_300,319,1,offtarget
synthetic,150,155,1,+,A,C,mismatch,junk_300,310,1,offtarget
synthetic,86,90,1,+,A,C,mismatch,junk_300,322,1,offtarget
synthetic,118,123,1,+,A,C,mismatch,junk_300,335,1,offtarget
synthetic,128,128,1,+,A,C,mismatch,junk_301,314,1,offtarget
synthetic,182,187,1,+,A,C,mismatch,junk_301,305,1,offtarget
synthetic,50,54,1,+,A,C,mismatch,junk_301,286,1,offtarget
synthetic,181,186,1,+,A,C,mismatch,junk_301,304,1,offtarget
synthetic,183,186,1,+,A,C,mismatch,junk_302,305,1,offtarget
synthetic,196,200,1,+,A,C,mismatch,junk_302,293,1,offtarget
synthetic,193,195,1,+,A,C,mismatch,junk_302,300,1,offtarget
synthetic,177,180,1,+,A,C,mismatch,junk_302,293,1,offtarget
synthetic,97,100,1,+,A,C,mismatch,junk_303,318,1,offtarget
synthetic,198,198,1,+,A,C,mismatch,junk_303,287,1,offtarget
synthetic,57,57,1,+,A,C,mismatch,junk_303,327,1,offtarget
synthetic,62,64,1,+,A,C,mismatch,junk_304,311,1,offtarget
synthetic,171,175,1,+,A,C,mismatch,junk_304,291,1,offtarget
synthetic,95,96,1,+,A,C,mismatch,junk_304,291,1,offtarget
synthetic,191,193,1,+,A,C,mismatch,junk_304,305,1,offtarget
synthetic,170,175,1,+,A,C,mismatch,junk_305,310,1,offtarget
synthetic,143,143,1,+,A,C,mismatch,junk_305,304,1,offtarget
synthetic,182,185,1,+,A,C,mismatch,junk_305,337,1,offtarget
synthetic,43,43,1,+,A,C,mismatch,junk_306,336,1,offtarget
synthetic,109,114,1,+,A,C,mismatch,junk_306,283,1,offtarget
synthetic,45,49,1,+,A,C,mismatch,junk_306,309,1,offtarget
synthetic,92,93,1,+,A,C,mismatch,junk_307,284,1,offtarget
synthetic,125,125,1,+,A,C,mismatch,junk_307,309,1,offtarget
synthetic,40,45,1,+,A,C,mismatch,junk_307,326,1,offtarget
synthetic,74,75,1,+,A,C,mismatch,junk_308,298,1,offtarget
synthetic,115,118,1,+,A,C,mismatch,junk_308,322,1,offtarget
synthetic,86,90,1,+,A,C,mismatch,junk_308,288,1,offtarget
synthetic,160,160,1,+,A,C,mismatch,junk_308,286,1,offtarget
synthetic,124,129,1,+,A,C,mismatch,junk_309,321,1,offtarget
synthetic,193,198,1,+,A,C,mismatch,junk_309,318,1,offtarget
synthetic,43,45,1,+,A,C,mismatch,junk_309,299,1,offtarget
synthetic,88,93,1,+,A,C,mismatch,junk_309,308,1,offtarget
synthetic,64,65,1,+,A,C,mismatch,junk_310,333,1,offtarget
synthetic,158,161,1,+,A,C,mismatch,junk_310,322,1,offtarget
synthetic,156,156,1,+,A,C,mismatch,junk_310,298,1,offtarget
synthetic,61,66,1,+,A,C,mismatch,junk_310,298,1,offtarget
synthetic,147,149,1,+,A,C,mismatch,junk_311,333,1,offtarget
synthetic,184,186,1,+,A,C,mismatch,junk_311,299,1,offtarget
synthetic,95,99,1,+,A,C,mismatch,junk_311,286,1,offtarget
synthetic,78,80,1,+,A,C,mismatch,junk_312,320,1,offtarget
synthetic,144,145,1,+,A,C,mismatch,junk_312,298,1,offtarget
synthetic,71,71,1,+,A,C,mismatch,junk_312,310,1,offtarget
synthetic,103,108,1,+,A,C,mismatch,junk_313,327,1,offtarget
synthetic,48,53,1,+,A,C,mismatch,junk_313,327,1,offtarget
synthetic,198,203,1,+,A,C,mismatch,junk_313,296,1,offtarget
synthetic,141,145,1,+,A,C,mismatch,junk_313,312,1,offtarget
synthetic,166,167,1,+,A,C,mismatch,junk_314,321,1,offtarget
synthetic,44,47,1,+,A,C,mismatch,junk_314,294,1,offtarget
synthetic,81,84,1,+,A,C,mismatch,junk_314,322,1,offtarget
synthetic,89,93,1,+,A,C,mismatch,junk_315,294,1,offtarget
synthetic,73,77,1,+,A,C,mismatch,junk_315,316,1,offtarget
synthetic,161,161,1,+,A,C,mismatch,junk_315,313,1,offtarget
synthetic,151,156,1,+,A,C,mismatch,junk_316,311,1,offtarget
synthetic,102,103,1,+,A,C,mismatch,junk_316,302,1,offtarget
synthetic,200,202,1,+,A,C,mismatch,junk_316,287,1,offtarget
synthetic,189,192,1,+,A,C,mismatch,junk_316,331,1,offtarget
synthetic,100,101,1,+,A,C,mismatch,junk_317,319,1,offtarget
synthetic,168,169,1,+,A,C,mismatch,junk_317,295,1,offtarget
synthetic,197,198,1,+,A,C,mismatch,junk_317,286,1,offtarget
synthetic,197,201,1,+,A,C,mismatch,junk_318,328,1,offtarget
synthetic,145,150,1,+,A,C,mismatch,junk_318,313,1,offtarget
synthetic,189,191,1,+,A,C,mismatch,junk_318,333,1,offtarget
synthetic,143,146,1,+,A,C,mismatch,junk_318,337,1,offtarget
synthetic,80,82,1,+,A,C,mismatch,junk_319,329,1,offtarget
synthetic,103,103,1,+,A,C,mismatch,junk_319,318,1,offtarget
synthetic,199,202,1,+,A,C,mismatch,junk_319,318,1,offtarget
synthetic,97,99,1,+,A,C,mismatch,junk_319,320,1,offtarget
synthetic,191,192,1,+,A,C,mismatch,junk_320,331,1,offtarget
synthetic,84,86,1,+,A,C,mismatch,junk_320,317,1,offtarget
synthetic,134,139,1,+,A,C,mismatch,junk_320,330,1,offtarget
synthetic,161,163,1,+,A,C,mismatch,junk_320,303,1,offtarget
synthetic,150,151,1,+,A,C,mismatch,junk_321,326,1,offtarget
synthetic,129,130,1,+,A,C,mismatch,junk_321,299,1,offtarget
synthetic,44,46,1,+,A,C,mismatch,junk_321,290,1,offtarget
synthetic,127,128,1,+,A,C,mismatch,junk_321,282,1,offtarget
synthetic,123,124,1,+,A,C,mismatch,junk_322,330,1,offtarget
synthetic,112,116,1,+,A,C,mismatch,junk_322,300,1,offtarget
synthetic,184,184,1,+,A,C,mismatch,junk_322,281,1,offtarget
synthetic,146,149,1,+,A,C,mismatch,junk_322,306,1,offtarget
synthetic,82,83,1,+,A,C,mismatch,junk_323,331,1,offtarget
synthetic,177,178,1,+,A,C,mismatch,junk_323,300,1,offtarget
synthetic,83,86,1,+,A,C,mismatch,junk_323,320,1,offtarget
synthetic,175,177,1,+,A,C,mismatch,junk_324,304,1,offtarget
synthetic,165,168,1,+,A,C,mismatch,junk_324,286,1,offtarget
synthetic,43,43,1,+,A,C,mismatch,junk_324,308,1,offtarget
synthetic,141,142,1,+,A,C,mismatch,junk_325,332,1,offtarget
synthetic,121,121,1,+,A,C,mismatch,junk_325,286,1,offtarget
synthetic,191,196,1,+,A,C,mismatch,junk_325,319,1,offtarget
synthetic,190,195,1,+,A,C,mismatch,junk_326,281,1,offtarget
synthetic,197,199,1,+,A,C,mismatch,junk_326,290,1,offtarget
synthetic,113,116,1,+,A,C,mismatch,junk_326,335,1,offtarget
synthetic,129,134,1,+,A,C,mismatch,junk_327,304,1,offtarget
synthetic,141,146,1,+,A,C,mismatch,junk_327,334,1,offtarget
synthetic,180,182,1,+,A,C,mismatch,junk_327,335,1,offtarget
synthetic,178,182,1,+,A,C,mismatch,junk_327,327,1,offtarget
synthetic,100,105,1,+,A,C,mismatch,junk_328,323,1,offtarget
synthetic,113,114,1,+,A,C,mismatch,junk_328,314,1,offtarget
synthetic,141,141,1,+,A,C,mismatch,junk_328,313,1,offtarget
synthetic,126,131,1,+,A,C,mismatch,junk_328,331,1,offtarget
synthetic,139,142,1,+,A,C,mismatch,junk_329,288,1,offtarget
synthetic,87,88,1,+,A,C,mismatch,junk_329,298,1,offtarget
synthetic,48,50,1,+,A,C,mismatch,junk_329,329,1,offtarget
synthetic,178,181,1,+,A,C,mismatch,junk_329,306,1,offtarget
synthetic,67,68,1,+,A,C,mismatch,junk_330,300,1,offtarget
synthetic,44,45,1,+,A,C,mismatch,junk_330,318,1,offtarget
synthetic,187,187,1,+,A,C,mismatch,junk_330,338,1,offtarget
synthetic,98,102,1,+,A,C,mismatch,junk_331,304,1,offtarget
synthetic,172,172,1,+,A,C,mismatch,junk_331,297,1,offtarget
synthetic,144,145,1,+,A,C,mismatch,junk_331,280,1,offtarget
synthetic,138,141,1,+,A,C,mismatch,junk_332,308,1,offtarget
synthetic,193,195,1,+,A,C,mismatch,junk_332,312,1,offtarget
synthetic,178,178,1,+,A,C,mismatch,junk_332,309,1,offtarget
synthetic,95,100,1,+,A,C,mismatch,junk_333,283,1,offtarget
synthetic,181,185,1,+,A,C,mismatch,junk_333,311,1,offtarget
synthetic,199,201,1,+,A,C,mismatch,junk_333,303,1,offtarget
synthetic,187,191,1,+,A,C,mismatch,junk_334,330,1,offtarget
synthetic,53,54,1,+,A,C,mismatch,junk_334,329,1,offtarget
synthetic,127,130,1,+,A,C,mismatch,junk_334,294,1,offtarget
synthetic,139,141,1,+,A,C,mismatch,junk_334,291,1,offtarget
synthetic,46,51,1,+,A,C,mismatch,junk_335,322,1,offtarget
synthetic,156,160,1,+,A,C,mismatch,junk_335,290,1,offtarget
synthetic,59,59,1,+,A,C,mismatch,junk_335,319,1,offtarget
synthetic,95,97,1,+,A,C,mismatch,junk_335,331,1,offtarget
synthetic,164,167,1,+,A,C,mismatch,junk_336,333,1,offtarget
synthetic,130,132,1,+,A,C,mismatch,junk_336,321,1,offtarget
synthetic,128,128,1,+,A,C,mismatch,junk_336,330,1,offtarget
synthetic,148,152,1,+,A,C,mismatch,junk_336,310,1,offtarget
synthetic,89,90,1,+,A,C,mismatch,junk_337,306,1,offtarget
synthetic,152,155,1,+,A,C,mismatch,junk_337,339,1,offtarget
synthetic,102,104,1,+,A,C,mismatch,junk_337,326,1,offtarget
synthetic,115,117,1,+,A,C,mismatch,junk_337,324,1,offtarget
synthetic,114,114,1,+,A,C,mismatch,junk_338,312,1,offtarget
synthetic,121,121,1,+,A,C,mismatch,junk_338,339,1,offtarget
synthetic,107,109,1,+,A,C,mismatch,junk_338,317,1,offtarget
synthetic,103,106,1,+,A,C,mismatch,junk_339,287,1,offtarget
synthetic,91,94,1,+,A,C,mismatch,junk_339,313,1,offtarget
synthetic,102,107,1,+,A,C,mismatch,junk_339,302,1,offtarget
synthetic,53,54,1,+,A,C,mismatch,junk_340,295,1,offtarget
synthetic,103,105,1,+,A,C,mismatch,junk_340,281,1,offtarget
synthetic,130,134,1,+,A,C,mismatch,junk_340,311,1,offtarget
synthetic,131,132,1,+,A,C,mismatch,junk_341,293,1,offtarget
synthetic,145,149,1,+,A,C,mismatch,junk_341,287,1,offtarget
synthetic,104,108,1,+,A,C,mismatch,junk_341,332,1,offtarget
synthetic,135,136,1,+,A,C,mismatch,junk_341,334,1,offtarget
synthetic,187,187,1,+,A,C,mismatch,junk_342,291,1,offtarget
synthetic,65,67,1,+,A,C,mismatch,junk_342,295,1,offtarget
synthetic,174,176,1,+,A,C,mismatch,junk_342,321,1,offtarget
synthetic,154,157,1,+,A,C,mismatch,junk_343,293,1,offtarget
synthetic,67,72,1,+,A,C,mismatch,junk_343,323,1,offtarget
synthetic,56,61,1,+,A,C,mismatch,junk_343,336,1,offtarget
synthetic,164,166,1,+,A,C,mismatch,junk_344,280,1,offtarget
synthetic,119,124,1,+,A,C,mismatch,junk_344,327,1,offtarget
synthetic,50,50,1,+,A,C,mismatch,junk_344,287,1,offtarget
synthetic,133,133,1,+,A,C,mismatch,junk_345,318,1,offtarget
synthetic,125,125,1,+,A,C,mismatch,junk_345,285,1,offtarget
synthetic,68,71,1,+,A,C,mismatch,junk_345,299,1,offtarget
synthetic,176,181,1,+,A,C,mismatch,junk_345,322,1,offtarget
synthetic,181,182,1,+,A,C,mismatch,junk_346,319,1,offtarget
synthetic,143,146,1,+,A,C,mismatch,junk_346,327,1,offtarget
synthetic,102,103,1,+,A,C,mismatch,junk_346,309,1,offtarget
synthetic,187,191,1,+,A,C,mismatch,junk_346,298,1,offtarget
synthetic,57,62,1,+,A,C,mismatch,junk_347,322,1,offtarget
synthetic,64,66,1,+,A,C,mismatch,junk_347,339,1,offtarget
synthetic,190,191,1,+,A,C,mismatch,junk_347,285,1,offtarget
synthetic,56,61,1,+,A,C,mismatch,junk_347,327,1,offtarget
synthetic,116,119,1,+,A,C,mismatch,junk_348,309,1,offtarget
synthetic,130,133,1,+,A,C,mismatch,junk_348,330,1,offtarget
synthetic,48,50,1,+,A,C,mismatch,junk_348,300,1,offtarget
synthetic,194,194,1,+,A,C,mismatch,junk_348,301,1,offtarget
synthetic,175,176,1,+,A,C,mismatch,junk_349,333,1,offtarget
synthetic,126,131,1,+,A,C,mismatch,junk_349,294,1,offtarget
synthetic,97,99,1,+,A,C,mismatch,junk_349,327,1,offtarget
synthetic,106,110,1,+,A,C,mismatch,junk_349,289,1,offtarget
synthetic,107,110,1,+,A,C,mismatch,junk_350,327,1,offtarget
synthetic,152,157,1,+,A,C,mismatch,junk_350,297,1,offtarget
synthetic,138,143,1,+,A,C,mismatch,junk_350,298,1,offtarget
synthetic,184,187,1,+,A,C,mismatch,junk_350,298,1,offtarget
synthetic,155,159,1,+,A,C,mismatch,junk_351,292,1,offtarget
synthetic,179,181,1,+,A,C,mismatch,junk_351,321,1,offtarget
synthetic,107,108,1,+,A,C,mismatch,junk_351,334,1,offtarget
synthetic,174,177,1,+,A,C,mismatch,junk_352,313,1,offtarget
synthetic,101,106,1,+,A,C,mismatch,junk_352,331,1,offtarget
synthetic,187,190,1,+,A,C,mismatch,junk_352,297,1,offtarget
synthetic,173,178,1,+,A,C,mismatch,junk_352,332,1,offtarget
synthetic,191,196,1,+,A,C,mismatch,junk_353,286,1,offtarget
synthetic,147,148,1,+,A,C,mismatch,junk_353,317,1,offtarget
synthetic,175,176,1,+,A,C,mismatch,junk_353,307,1,offtarget
synthetic,51,51,1,+,A,C,mismatch,junk_353,287,1,offtarget
synthetic,96,100,1,+,A,C,mismatch,junk_354,323,1,offtarget
synthetic,153,155,1,+,A,C,mismatch,junk_354,323,1,offtarget
synthetic,194,195,1,+,A,C,mismatch,junk_354,316,1,offtarget
synthetic,56,59,1,+,A,C,mismatch,junk_354,295,1,offtarget
synthetic,90,92,1,+,A,C,mismatch,junk_355,296,1,offtarget
synthetic,184,188,1,+,A,C,mismatch,junk_355,286,1,offtarget
synthetic,88,88,1,+,A,C,mismatch,junk_355,339,1,offtarget
synthetic,83,83,1,+,A,C,mismatch,junk_355,310,1,offtarget
synthetic,48,52,1,+,A,C,mismatch,junk_356,319,1,offtarget
synthetic,117,118,1,+,A,C,mismatch,junk_356,286,1,offtarget
synthetic,200,203,1,+,A,C,mismatch,junk_356,331,1,offtarget
synthetic,62,65,1,+,A,C,mismatch,junk_357,318,1,offtarget
synthetic,168,170,1,+,A,C,mismatch,junk_357,311,1,offtarget
synthetic,102,105,1,+,A,C,mismatch,junk_357,310,1,offtarget
synthetic,156,160,1,+,A,C,mismatch,junk_357,309,1,offtarget
synthetic,50,50,1,+,A,C,mismatch,junk_358,284,1,offtarget
synthetic,138,142,1,+,A,C,mismatch,junk_358,333,1,offtarget
synthetic,120,122,1,+,A,C,mismatch,junk_358,313,1,offtarget
synthetic,78,83,1,+,A,C,mismatch,junk_359,338,1,offtarget
synthetic,192,193,1,+,A,C,mismatch,junk_359,302,1,offtarget
synthetic,142,143,1,+,A,C,mismatch,junk_359,336,1,offtarget
synthetic,103,106,1,+,A,C,mismatch,junk_359,321,1,offtarget
synthetic,93,98,1,+,A,C,mismatch,junk_360,314,1,offtarget
synthetic,88,88,1,+,A,C,mismatch,junk_360,325,1,offtarget
synthetic,170,175,1,+,A,C,mismatch,junk_360,325,1,offtarget
synthetic,172,176,1,+,A,C,mismatch,junk_360,283,1,offtarget
synthetic,50,50,1,+,A,C,mismatch,junk_361,329,1,offtarget
synthetic,173,178,1,+,A,C,mismatch,junk_361,287,1,offtarget
synthetic,167,172,1,+,A,C,mismatch,junk_361,284,1,offtarget
synthetic,99,100,1,+,A,C,mismatch,junk_362,298,1,offtarget
synthetic,148,149,1,+,A,C,mismatch,junk_362,319,1,offtarget
synthetic,70,75,1,+,A,C,mismatch,junk_362,291,1,offtarget
synthetic,98,99,1,+,A,C,mismatch,junk_362,321,1,offtarget
synthetic,135,140,1,+,A,C,mismatch,junk_363,307,1,offtarget
synthetic,94,98,1,+,A,C,mismatch,junk_363,321,1,offtarget
synthetic,96,101,1,+,A,C,mismatch,junk_363,322,1,offtarget
synthetic,146,148,1,+,A,C,mismatch,junk_364,332,1,offtarget
synthetic,49,52,1,+,A,C,mismatch,junk_364,289,1,offtarget
synthetic,72,76,1,+,A,C,mismatch,junk_364,324,1,offtarget
synthetic,69,72,1,+,A,C,mismatch,junk_364,297,1,offtarget
synthetic,51,52,1,+,A,C,mismatch,junk_365,319,1,offtarget
synthetic,115,120,1,+,A,C,mismatch,junk_365,338,1,offtarget
synthetic,59,63,1,+,A,C,mismatch,junk_365,282,1,offtarget
synthetic,133,133,1,+,A,C,mismatch,junk_365,326,1,offtarget
synthetic,73,73,1,+,A,C,mismatch,junk_366,306,1,offtarget
synthetic,77,78,1,+,A,C,mismatch,junk_366,325,1,offtarget
synthetic,110,111,1,+,A,C,mismatch,junk_366,330,1,offtarget
synthetic,153,156,1,+,A,C,mismatch,junk_366,330,1,offtarget
synthetic,140,144,1,+,A,C,mismatch,junk_367,333,1,offtarget
synthetic,95,97,1,+,A,C,mismatch,junk_367,336,1,offtarget
synthetic,92,93,1,+,A,C,mismatch,junk_367,339,1,offtarget
synthetic,42,42,1,+,A,C,mismatch,junk_367,333,1,offtarget
synthetic,62,67,1,+,A,C,mismatch,junk_368,324,1,offtarget
synthetic,172,176,1,+,A,C,mismatch,junk_368,283,1,offtarget
synthetic,107,112,1,+,A,C,mismatch,junk_368,318,1,offtarget
synthetic,122,123,1,+,A,C,mismatch,junk_368,301,1,offtarget
synthetic,62,63,1,+,A,C,mismatch,junk_369,336,1,offtarget
synthetic,172,176,1,+,A,C,mismatch,junk_369,326,1,offtarget
synthetic,152,152,1,+,A,C,mismatch,junk_369,308,1,offtarget
synthetic,143,143,1,+,A,C,mismatch,junk_369,318,1,offtarget
synthetic,169,171,1,+,A,C,mismatch,junk_370,312,1,offtarget
synthetic,100,104,1,+,A,C,mismatch,junk_370,316,1,offtarget
synthetic,76,79,1,+,A,C,mismatch,junk_370,290,1,offtarget
synthetic,142,142,1,+,A,C,mismatch,junk_371,319,1,offtarget
synthetic,131,136,1,+,A,C,mismatch,junk_371,317,1,offtarget
synthetic,176,177,1,+,A,C,mismatch,junk_371,292,1,offtarget
synthetic,47,48,1,+,A,C,mismatch,junk_372,294,1,offtarget
synthetic,189,191,1,+,A,C,mismatch,junk_372,300,1,offtarget
synthetic,105,107,1,+,A,C,mismatch,junk_372,288,1,offtarget
synthetic,48,48,1,+,A,C,mismatch,junk_372,340,1,offtarget
synthetic,74,78,1,+,A,C,mismatch,junk_373,284,1,offtarget
synthetic,85,85,1,+,A,C,mismatch,junk_373,335,1,offtarget
synthetic,154,156,1,+,A,C,mismatch,junk_373,337,1,offtarget
synthetic,92,93,1,+,A,C,mismatch,junk_374,306,1,offtarget
synthetic,98,101,1,+,A,C,mismatch,junk_374,286,1,offtarget
synthetic,52,53,1,+,A,C,mismatch,junk_374,340,1,offtarget
synthetic,97,100,1,+,A,C,mismatch,junk_375,300,1,offtarget
synthetic,57,59,1,+,A,C,mismatch,junk_375,288,1,offtarget
synthetic,83,83,1,+,A,C,mismatch,junk_375,336,1,offtarget
synthetic,135,135,1,+,A,C,mismatch,junk_375,337,1,offtarget
synthetic,55,57,1,+,A,C,mismatch,junk_376,286,1,offtarget
synthetic,125,127,1,+,A,C,mismatch,junk_376,329,1,offtarget
synthetic,70,74,1,+,A,C,mismatch,junk_376,304,1,offtarget
synthetic,171,175,1,+,A,C,mismatch,junk_376,286,1,offtarget
synthetic,84,89,1,+,A,C,mismatch,junk_377,306,1,offtarget
synthetic,91,92,1,+,A,C,mismatch,junk_377,334,1,offtarget
synthetic,50,50,1,+,A,C,mismatch,junk_377,340,1,offtarget
synthetic,178,180,1,+,A,C,mismatch,junk_377,313,1,offtarget
synthetic,146,148,1,+,A,C,mismatch,junk_378,297,1,offtarget
synthetic,183,185,1,+,A,C,mismatch,junk_378,333,1,offtarget
synthetic,196,197,1,+,A,C,mismatch,junk_378,297,1,offtarget
synthetic,127,130,1,+,A,C,mismatch,junk_379,305,1,offtarget
synthetic,111,114,1,+,A,C,mismatch,junk_379,307,1,offtarget
synthetic,200,203,1,+,A,C,mismatch,junk_379,313,1,offtarget
synthetic,42,45,1,+,A,C,mismatch,junk_380,293,1,offtarget
synthetic,100,105,1,+,A,C,mismatch,junk_380,306,1,offtarget
synthetic,55,55,1,+,A,C,mismatch,junk_380,297,1,offtarget
synthetic,150,152,1,+,A,C,mismatch,junk_380,295,1,offtarget
synthetic,70,72,1,+,A,C,mismatch,junk_381,336,1,offtarget
synthetic,70,73,1,+,A,C,mismatch,junk_381,320,1,offtarget
synthetic,60,62,1,+,A,C,mismatch,junk_381,328,1,offtarget
synthetic,123,128,1,+,A,C,mismatch,junk_381,287,1,offtarget
synthetic,106,108,1,+,A,C,mismatch,junk_382,294,1,offtarget
synthetic,59,64,1,+,A,C,mismatch,junk_382,314,1,offtarget
synthetic,55,57,1,+,A,C,mismatch,junk_382,281,1,offtarget
synthetic,178,181,1,+,A,C,mismatch,junk_382,327,1,offtarget
synthetic,143,143,1,+,A,C,mismatch,junk_383,289,1,offtarget
synthetic,176,180,1,+,A,C,mismatch,junk_383,340,1,offtarget
synthetic,121,121,1,+,A,C,mismatch,junk_383,320,1,offtarget
synthetic,62,62,1,+,A,C,mismatch,junk_383,307,1,offtarget
synthetic,89,94,1,+,A,C,mismatch,junk_384,335,1,offtarget
synthetic,144,146,1,+,A,C,mismatch,junk_384,288,1,offtarget
synthetic,144,144,1,+,A,C,mismatch,junk_384,328,1,offtarget
synthetic,74,76,1,+,A,C,mismatch,junk_385,289,1,offtarget
synthetic,178,180,1,+,A,C,mismatch,junk_385,308,1,offtarget
synthetic,169,169,1,+,A,C,mismatch,junk_385,311,1,offtarget
synthetic,179,182,1,+,A,C,mismatch,junk_386,293,1,offtarget
synthetic,181,186,1,+,A,C,mismatch,junk_386,306,1,offtarget
synthetic,105,105,1,+,A,C,mismatch,junk_386,339,1,offtarget
synthetic,179,182,1,+,A,C,mismatch,junk_387,285,1,offtarget
synthetic,45,50,1,+,A,C,mismatch,junk_387,317,1,offtarget
synthetic,128,129,1,+,A,C,mismatch,junk_387,315,1,offtarget
synthetic,51,54,1,+,A,C,mismatch,junk_387,340,1,offtarget
synthetic,52,55,1,+,A,C,mismatch,junk_388,311,1,offtarget
synthetic,113,115,1,+,A,C,mismatch,junk_388,327,1,offtarget
synthetic,40,41,1,+,A,C,mismatch,junk_388,287,1,offtarget
synthetic,190,194,1,+,A,C,mismatch,junk_389,294,1,offtarget
synthetic,180,185,1,+,A,C,mismatch,junk_389,333,1,offtarget
synthetic,85,85,1,+,A,C,mismatch,junk_389,283,1,offtarget
synthetic,44,49,1,+,A,C,mismatch,junk_390,324,1,offtarget
synthetic,44,44,1,+,A,C,mismatch,junk_390,301,1,offtarget
synthetic,142,147,1,+,A,C,mismatch,junk_390,340,1,offtarget
synthetic,100,101,1,+,A,C,mismatch,junk_391,330,1,offtarget
synthetic,49,51,1,+,A,C,mismatch,junk_391,340,1,offtarget
synthetic,128,132,1,+,A,C,mismatch,junk_391,321,1,offtarget
synthetic,175,177,1,+,A,C,mismatch,junk_392,339,1,offtarget
synthetic,76,76,1,+,A,C,mismatch,junk_392,280,1,offtarget
synthetic,111,114,1,+,A,C,mismatch,junk_392,288,1,offtarget
synthetic,174,178,1,+,A,C,mismatch,junk_392,310,1,offtarget
synthetic,57,59,1,+,A,C,mismatch,junk_393,283,1,offtarget
synthetic,110,110,1,+,A,C,mismatch,junk_393,290,1,offtarget
synthetic,42,43,1,+,A,C,mismatch,junk_393,301,1,offtarget
synthetic,112,115,1,+,A,C,mismatch,junk_393,292,1,offtarget
synthetic,110,115,1,+,A,C,mismatch,junk_394,339,1,offtarget
synthetic,170,170,1,+,A,C,mismatch,junk_394,319,1,offtarget
synthetic,187,188,1,+,A,C,mismatch,junk_394,284,1,offtarget
synthetic,64,67,1,+,A,C,mismatch,junk_394,317,1,offtarget
synthetic,146,150,1,+,A,C,mismatch,junk_395,312,1,offtarget
synthetic,60,61,1,+,A,C,mismatch,junk_395,336,1,offtarget
synthetic,82,86,1,+,A,C,mismatch,junk_395,331,1,offtarget
synthetic,196,197,1,+,A,C,mismatch,junk_396,322,1,offtarget
synthetic,50,54,1,+,A,C,mismatch,junk_396,294,1,offtarget
synthetic,110,114,1,+,A,C,mismatch,junk_396,338,1,offtarget
synthetic,91,95,1,+,A,C,mismatch,junk_397,331,1,offtarget
synthetic,170,173,1,+,A,C,mismatch,junk_397,316,1,offtarget
synthetic,59,63,1,+,A,C,mismatch,junk_397,326,1,offtarget
synthetic,40,42,1,+,A,C,mismatch,junk_398,317,1,offtarget
synthetic,138,138,1,+,A,C,mismatch,junk_398,313,1,offtarget
synthetic,168,172,1,+,A,C,mismatch,junk_398,293,1,offtarget
synthetic,120,124,1,+,A,C,mismatch,junk_398,289,1,offtarget
synthetic,58,61,1,+,A,C,mismatch,junk_399,296,1,offtarget
synthetic,147,150,1,+,A,C,mismatch,junk_399,321,1,offtarget
synthetic,83,87,1,+,A,C,mismatch,junk_399,280,1,offtarget
synthetic,48,50,1,+,A,C,mismatch,junk_399,307,1,offtarget
synthetic,95,96,1,+,A,C,mismatch,junk_400,339,1,offtarget
synthetic,53,53,1,+,A,C,mismatch,junk_400,325,1,offtarget
synthetic,42,43,1,+,A,C,mismatch,junk_400,321,1,offtarget
synthetic,144,147,1,+,A,C,mismatch,junk_400,315,1,offtarget
synthetic,181,185,1,+,A,C,mismatch,junk_401,285,1,offtarget
synthetic,58,58,1,+,A,C,mismatch,junk_401,283,1,offtarget
synthetic,124,127,1,+,A,C,mismatch,junk_401,284,1,offtarget
synthetic,69,69,1,+,A,C,mismatch,junk_401,301,1,offtarget
synthetic,151,152,1,+,A,C,mismatch,junk_402,281,1,offtarget
synthetic,186,189,1,+,A,C,mismatch,junk_402,281,1,offtarget
synthetic,66,68,1,+,A,C,mismatch,junk_402,299,1,offtarget
synthetic,198,200,1,+,A,C,mismatch,junk_403,306,1,offtarget
synthetic,120,124,1,+,A,C,mismatch,junk_403,336,1,offtarget
synthetic,88,91,1,+,A,C,mismatch,junk_403,315,1,offtarget
synthetic,179,184,1,+,A,C,mismatch,junk_404,292,1,offtarget
synthetic,131,133,1,+,A,C,mismatch,junk_404,295,1,offtarget
synthetic,188,191,1,+,A,C,mismatch,junk_404,332,1,offtarget
synthetic,93,93,1,+,A,C,mismatch,junk_405,339,1,offtarget
synthetic,167,169,1,+,A,C,mismatch,junk_405,298,1,offtarget
synthetic,157,160,1,+,A,C,mismatch,junk_405,328,1,offtarget
synthetic,122,122,1,+,A,C,mismatch,junk_405,291,1,offtarget
synthetic,109,111,1,+,A,C,mismatch,junk_406,336,1,offtarget
synthetic,88,93,1,+,A,C,mismatch,junk_406,297,1,offtarget
synthetic,190,195,1,+,A,C,mismatch,junk_406,333,1,offtarget
synthetic,149,152,1,+,A,C,mismatch,junk_407,333,1,offtarget
synthetic,40,41,1,+,A,C,mismatch,junk_407,294,1,offtarget
synthetic,118,123,1,+,A,C,mismatch,junk_407,283,1,offtarget
synthetic,84,85,1,+,A,C,mismatch,junk_407,314,1,offtarget
synthetic,142,142,1,+,A,C,mismatch,junk_408,327,1,offtarget
synthetic,65,67,1,+,A,C,mismatch,junk_408,334,1,offtarget
synthetic,147,152,1,+,A,C,mismatch,junk_408,328,1,offtarget
synthetic,184,189,1,+,A,C,mismatch,junk_409,324,1,offtarget
synthetic,155,157,1,+,A,C,mismatch,junk_409,280,1,offtarget
synthetic,119,124,1,+,A,C,mismatch,junk_409,295,1,offtarget
synthetic,131,135,1,+,A,C,mismatch,junk_409,332,1,offtarget
synthetic,163,168,1,+,A,C,mismatch,junk_410,336,1,offtarget
synthetic,123,126,1,+,A,C,mismatch,junk_410,339,1,offtarget
synthetic,75,76,1,+,A,C,mismatch,junk_410,316,1,offtarget
synthetic,63,64,1,+,A,C,mismatch,junk_411,308,1,offtarget
synthetic,177,181,1,+,A,C,mismatch,junk_411,306,1,offtarget
synthetic,130,133,1,+,A,C,mismatch,junk_411,298,1,offtarget
synthetic,71,73,1,+,A,C,mismatch,junk_411,300,1,offtarget
synthetic,75,78,1,+,A,C,mismatch,junk_412,337,1,offtarget
synthetic,138,139,1,+,A,C,mismatch,junk_412,309,1,offtarget
synthetic,164,165,1,+,A,C,mismatch,junk_412,314,1,offtarget
synthetic,40,45,1,+,A,C,mismatch,junk_413,301,1,offtarget
synthetic,61,64,1,+,A,C,mismatch,junk_413,338,1,offtarget
synthetic,110,112,1,+,A,C,mismatch,junk_413,318,1,offtarget
synthetic,100,104,1,+,A,C,mismatch,junk_414,311,1,offtarget
synthetic,104,104,1,+,A,C,mismatch,junk_414,311,1,offtarget
synthetic,105,105,1,+,A,C,mismatch,junk_414,317,1,offtarget
synthetic,47,48,1,+,A,C,mismatch,junk_414,300,1,offtarget
synthetic,99,103,1,+,A,C,mismatch,junk_415,311,1,offtarget
synthetic,41,45,1,+,A,C,mismatch,junk_415,280,1,offtarget
synthetic,87,89,1,+,A,C,mismatch,junk_415,297,1,offtarget
synthetic,125,125,1,+,A,C,mismatch,junk_416,291,1,offtarget
synthetic,166,166,1,+,A,C,mismatch,junk_416,306,1,offtarget
synthetic,40,43,1,+,A,C,mismatch,junk_416,299,1,offtarget
synthetic,109,113,1,+,A,C,mismatch,junk_417,299,1,offtarget
synthetic,137,139,1,+,A,C,mismatch,junk_417,317,1,offtarget
synthetic,190,191,1,+,A,C,mismatch,junk_417,298,1,offtarget
synthetic,64,64,1,+,A,C,mismatch,junk_418,322,1,offtarget
synthetic,126,128,1,+,A,C,mismatch,junk_418,288,1,offtarget
synthetic,77,81,1,+,A,C,mismatch,junk_418,304,1,offtarget
synthetic,198,200,1,+,A,C,mismatch,junk_418,299,1,offtarget
synthetic,50,55,1,+,A,C,mismatch,junk_419,281,1,offtarget
synthetic,150,155,1,+,A,C,mismatch,junk_419,328,1,offtarget
synthetic,116,121,1,+,A,C,mismatch,junk_419,339,1,offtarget
synthetic,191,193,1,+,A,C,mismatch,junk_419,293,1,offtarget
synthetic,134,137,1,+,A,C,mismatch,junk_420,331,1,offtarget
synthetic,103,106,1,+,A,C,mismatch,junk_420,302,1,offtarget
synthetic,110,111,1,+,A,C,mismatch,junk_420,338,1,offtarget
synthetic,61,66,1,+,A,C,mismatch,junk_421,335,1,offtarget
synthetic,92,95,1,+,A,C,mismatch,junk_421,283,1,offtarget
synthetic,138,141,1,+,A,C,mismatch,junk_421,323,1,offtarget
synthetic,153,154,1,+,A,C,mismatch,junk_422,288,1,offtarget
synthetic,179,184,1,+,A,C,mismatch,junk_422,314,1,offtarget
synthetic,173,173,1,+,A,C,mismatch,junk_422,333,1,offtarget
synthetic,40,40,1,+,A,C,mismatch,junk_422,337,1,offtarget
synthetic,56,57,1,+,A,C,mismatch,junk_423,339,1,offtarget
synthetic,110,114,1,+,A,C,mismatch,junk_423,281,1,offtarget
synthetic,113,118,1,+,A,C,mismatch,junk_423,325,1,offtarget
synthetic,55,58,1,+,A,C,mismatch,junk_423,312,1,offtarget
synthetic,163,164,1,+,A,C,mismatch,junk_424,309,1,offtarget
synthetic,131,135,1,+,A,C,mismatch,junk_424,301,1,offtarget
synthetic,170,173,1,+,A,C,mismatch,junk_424,318,1,offtarget
synthetic,182,184,1,+,A,C,mismatch,junk_425,292,1,offtarget
synthetic,99,99,1,+,A,C,mismatch,junk_425,314,1,offtarget
synthetic,119,121,1,+,A,C,mismatch,junk_425,333,1,offtarget
synthetic,167,168,1,+,A,C,mismatch,junk_426,328,1,offtarget
synthetic,94,99,1,+,A,C,mismatch,junk_426,326,1,offtarget
synthetic,122,124,1,+,A,C,mismatch,junk_426,330,1,offtarget
synthetic,73,77,1,+,A,C,mismatch,junk_426,325,1,offtarget
synthetic,50,50,1,+,A,C,mismatch,junk_427,297,1,offtarget
synthetic,113,116,1,+,A,C,mismatch,junk_427,329,1,offtarget
synthetic,96,96,1,+,A,C,mismatch,junk_427,310,1,offtarget
synthetic,131,131,1,+,A,C,mismatch,junk_428,317,1,offtarget
synthetic,76,81,1,+,A,C,mismatch,junk_428,283,1,offtarget
synthetic,190,193,1,+,A,C,mismatch,junk_428,299,1,offtarget
synthetic,74,77,1,+,A,C,mismatch,junk_428,280,1,offtarget
synthetic,145,147,1,+,A,C,mismatch,junk_429,334,1,offtarget
synthetic,200,205,1,+,A,C,mismatch,junk_429,317,1,offtarget
synthetic,96,97,1,+,A,C,mismatch,junk_429,338,1,offtarget
synthetic,167,170,1,+,A,C,mismatch,junk_429,327,1,offtarget
synthetic,66,69,1,+,A,C,mismatch,junk_430,300,1,offtarget
synthetic,67,71,1,+,A,C,mismatch,junk_430,292,1,offtarget
synthetic,66,71,1,+,A,C,mismatch,junk_430,328,1,offtarget
synthetic,142,144,1,+,A,C,mismatch,junk_430,291,1,offtarget
synthetic,103,103,1,+,A,C,mismatch,junk_431,292,1,offtarget
synthetic,115,116,1,+,A,C,mismatch,junk_431,312,1,offtarget
synthetic,41,44,1,+,A,C,mismatch,junk_431,312,1,offtarget
synthetic,66,67,1,+,A,C,mismatch,junk_431,284,1,offtarget
synthetic,101,101,1,+,A,C,mismatch,junk_432,286,1,offtarget
synthetic,70,72,1,+,A,C,mismatch,junk_432,307,1,offtarget
synthetic,72,72,1,+,A,C,mismatch,junk_432,334,1,offtarget
synthetic,91,94,1,+,A,C,mismatch,junk_433,319,1,offtarget
synthetic,90,95,1,+,A,C,mismatch,junk_433,330,1,offtarget
synthetic,42,44,1,+,A,C,mismatch,junk_433,303,1,offtarget
synthetic,170,175,1,+,A,C,mismatch,junk_434,287,1,offtarget
synthetic,60,62,1,+,A,C,mismatch,junk_434,304,1,offtarget
synthetic,125,130,1,+,A,C,mismatch,junk_434,288,1,offtarget
synthetic,150,150,1,+,A,C,mismatch,junk_435,323,1,offtarget
synthetic,75,77,1,+,A,C,mismatch,junk_435,302,1,offtarget
synthetic,196,198,1,+,A,C,mismatch,junk_435,334,1,offtarget
synthetic,76,76,1,+,A,C,mismatch,junk_435,320,1,offtarget
synthetic,51,55,1,+,A,C,mismatch,junk_436,323,1,offtarget
synthetic,109,113,1,+,A,C,mismatch,junk_436,338,1,offtarget
synthetic,143,146,1,+,A,C,mismatch,junk_436,328,1,offtarget
synthetic,87,92,1,+,A,C,mismatch,junk_437,297,1,offtarget
synthetic,111,112,1,+,A,C,mismatch,junk_437,332,1,offtarget
synthetic,136,136,1,+,A,C,mismatch,junk_437,304,1,offtarget
synthetic,178,180,1,+,A,C,mismatch,junk_438,319,1,offtarget
synthetic,133,133,1,+,A,C,mismatch,junk_438,338,1,offtarget
synthetic,182,182,1,+,A,C,mismatch,junk_438,333,1,offtarget
synthetic,186,190,1,+,A,C,mismatch,junk_439,297,1,offtarget
synthetic,47,48,1,+,A,C,mismatch,junk_439,333,1,offtarget
synthetic,54,54,1,+,A,C,mismatch,junk_439,332,1,offtarget
synthetic,199,200,1,+,A,C,mismatch,junk_440,320,1,offtarget
synthetic,133,138,1,+,A,C,mismatch,junk_440,294,1,offtarget
synthetic,80,85,1,+,A,C,mismatch,junk_440,326,1,offtarget
synthetic,137,140,1,+,A,C,mismatch,junk_440,335,1,offtarget
synthetic,120,120,1,+,A,C,mismatch,junk_441,312,1,offtarget
synthetic,195,199,1,+,A,C,mismatch,junk_441,287,1,offtarget
synthetic,45,48,1,+,A,C,mismatch,junk_441,297,1,offtarget
synthetic,43,45,1,+,A,C,mismatch,junk_441,287,1,offtarget
synthetic,143,144,1,+,A,C,mismatch,junk_442,308,1,offtarget
synthetic,172,172,1,+,A,C,mismatch,junk_442,304,1,offtarget
synthetic,189,193,1,+,A,C,mismatch,junk_442,305,1,offtarget
synthetic,53,58,1,+,A,C,mismatch,junk_443,315,1,offtarget
synthetic,80,85,1,+,A,C,mismatch,junk_443,296,1,offtarget
synthetic,42,42,1,+,A,C,mismatch,junk_443,288,1,offtarget
synthetic,69,70,1,+,A,C,mismatch,junk_444,329,1,offtarget
synthetic,141,142,1,+,A,C,mismatch,junk_444,293,1,offtarget
synthetic,114,116,1,+,A,C,mismatch,junk_444,326,1,offtarget
synthetic,119,121,1,+,A,C,mismatch,junk_445,291,1,offtarget
synthetic,55,57,1,+,A,C,mismatch,junk_445,328,1,offtarget
synthetic,130,134,1,+,A,C,mismatch,junk_445,318,1,offtarget
synthetic,94,95,1,+,A,C,mismatch,junk_446,280,1,offtarget
synthetic,77,81,1,+,A,C,mismatch,junk_446,321,1,offtarget
synthetic,56,56,1,+,A,C,mismatch,junk_446,287,1,offtarget
synthetic,170,170,1,+,A,C,mismatch,junk_446,307,1,offtarget
synthetic,183,186,1,+,A,C,mismatch,junk_447,340,1,offtarget
synthetic,182,184,1,+,A,C,mismatch,junk_447,317,1,offtarget
synthetic,100,100,1,+,A,C,mismatch,junk_447,310,1,offtarget
synthetic,62,65,1,+,A,C,mismatch,junk_448,292,1,offtarget
synthetic,75,76,1,+,A,C,mismatch,junk_448,310,1,offtarget
synthetic,78,80,1,+,A,C,mismatch,junk_448,322,1,offtarget
synthetic,168,173,1,+,A,C,mismatch,junk_449,293,1,offtarget
synthetic,103,103,1,+,A,C,mismatch,junk_449,313,1,offtarget
synthetic,44,46,1,+,A,C,mismatch,junk_449,285,1,offtarget
synthetic,95,99,1,+,A,C,mismatch,junk_450,289,1,offtarget
synthetic,191,192,1,+,A,C,mismatch,junk_450,285,1,offtarget
synthetic,165,168,1,+,A,C,mismatch,junk_450,307,1,offtarget
synthetic,135,139,1,+,A,C,mismatch,junk_450,310,1,offtarget
synthetic,127,129,1,+,A,C,mismatch,junk_451,330,1,offtarget
synthetic,80,80,1,+,A,C,mismatch,junk_451,313,1,offtarget
synthetic,59,60,1,+,A,C,mismatch,junk_451,331,1,offtarget
synthetic,82,87,1,+,A,C,mismatch,junk_452,303,1,offtarget
synthetic,144,144,1,+,A,C,mismatch,junk_452,316,1,offtarget
synthetic,78,78,1,+,A,C,mismatch,junk_452,332,1,offtarget
synthetic,181,183,1,+,A,C,mismatch,junk_453,297,1,offtarget
synthetic,81,82,1,+,A,C,mismatch,junk_453,287,1,offtarget
synthetic,127,129,1,+,A,C,mismatch,junk_453,296,1,offtarget
synthetic,76,76,1,+,A,C,mismatch,junk_453,315,1,offtarget
synthetic,148,152,1,+,A,C,mismatch,junk_454,305,1,offtarget
synthetic,99,103,1,+,A,C,mismatch,junk_454,289,1,offtarget
synthetic,151,152,1,+,A,C,mismatch,junk_454,304,1,offtarget
synthetic,157,157,1,+,A,C,mismatch,junk_454,316,1,offtarget
synthetic,141,145,1,+,A,C,mismatch,junk_455,327,1,offtarget
synthetic,162,162,1,+,A,C,mismatch,junk_455,313,1,offtarget
synthetic,46,47,1,+,A,C,mismatch,junk_455,316,1,offtarget
synthetic,102,102,1,+,A,C,mismatch,junk_455,311,1,offtarget
synthetic,57,57,1,+,A,C,mismatch,junk_456,313,1,offtarget
synthetic,128,133,1,+,A,C,mismatch,junk_456,312,1,offtarget
synthetic,108,108,1,+,A,C,mismatch,junk_456,313,1,offtarget
synthetic,143,144,1,+,A,C,mismatch,junk_457,295,1,offtarget
synthetic,185,186,1,+,A,C,mismatch,junk_457,288,1,offtarget
synthetic,106,107,1,+,A,C,mismatch,junk_457,292,1,offtarget
synthetic,53,56,1,+,A,C,mismatch,junk_458,309,1,offtarget
synthetic,171,174,1,+,A,C,mismatch,junk_458,307,1,offtarget
synthetic,164,169,1,+,A,C,mismatch,junk_458,303,1,offtarget
synthetic,76,76,1,+,A,C,mismatch,junk_458,319,1,offtarget
synthetic,121,126,1,+,A,C,mismatch,junk_459,307,1,offtarget
synthetic,100,101,1,+,A,C,mismatch,junk_459,293,1,offtarget
synthetic,136,137,1,+,A,C,mismatch,junk_459,287,1,offtarget
synthetic,101,105,1,+,A,C,mismatch,junk_460,334,1,offtarget
synthetic,166,171,1,+,A,C,mismatch,junk_460,312,1,offtarget
synthetic,134,139,1,+,A,C,mismatch,junk_460,332,1,offtarget
synthetic,113,116,1,+,A,C,mismatch,junk_461,313,1,offtarget
synthetic,116,121,1,+,A,C,mismatch,junk_461,282,1,offtarget
synthetic,118,123,1,+,A,C,mismatch,junk_461,298,1,offtarget
synthetic,128,128,1,+,A,C,mismatch,junk_461,316,1,offtarget
synthetic,187,191,1,+,A,C,mismatch,junk_462,335,1,offtarget
synthetic,43,45,1,+,A,C,mismatch,junk_462,313,1,offtarget
synthetic,85,86,1,+,A,C,mismatch,junk_462,283,1,offtarget
synthetic,103,103,1,+,A,C,mismatch,junk_463,339,1,offtarget
synthetic,103,104,1,+,A,C,mismatch,junk_463,314,1,offtarget
synthetic,66,70,1,+,A,C,mismatch,junk_463,297,1,offtarget
synthetic,48,49,1,+,A,C,mismatch,junk_463,308,1,offtarget
synthetic,106,108,1,+,A,C,mismatch,junk_464,323,1,offtarget
synthetic,152,155,1,+,A,C,mismatch,junk_464,314,1,offtarget
synthetic,159,163,1,+,A,C,mismatch,junk_464,304,1,offtarget
synthetic,127,128,1,+,A,C,mismatch,junk_465,299,1,offtarget
synthetic,95,98,1,+,A,C,mismatch,junk_465,305,1,offtarget
synthetic,165,165,1,+,A,C,mismatch,junk_465,337,1,offtarget
synthetic,52,55,1,+,A,C,mismatch,junk_465,301,1,offtarget
synthetic,194,199,1,+,A,C,mismatch,junk_466,295,1,offtarget
synthetic,63,63,1,+,A,C,mismatch,junk_466,287,1,offtarget
synthetic,164,169,1,+,A,C,mismatch,junk_466,296,1,offtarget
synthetic,143,145,1,+,A,C,mismatch,junk_466,322,1,offtarget
synthetic,88,92,1,+,A,C,mismatch,junk_467,339,1,offtarget
synthetic,189,192,1,+,A,C,mismatch,junk_467,315,1,offtarget
synthetic,153,155,1,+,A,C,mismatch,junk_467,337,1,offtarget
synthetic,173,175,1,+,A,C,mismatch,junk_467,336,1,offtarget
synthetic,115,117,1,+,A,C,mismatch,junk_468,297,1,offtarget
synthetic,97,99,1,+,A,C,mismatch,junk_468,315,1,offtarget
synthetic,138,142,1,+,A,C,mismatch,junk_468,334,1,offtarget
synthetic,159,160,1,+,A,C,mismatch,junk_469,310,1,offtarget
synthetic,41,46,1,+,A,C,mismatch,junk_469,288,1,offtarget
synthetic,106,106,1,+,A,C,mismatch,junk_469,281,1,offtarget
synthetic,132,133,1,+,A,C,mismatch,junk_470,304,1,offtarget
synthetic,96,101,1,+,A,C,mismatch,junk_470,326,1,offtarget
synthetic,135,139,1,+,A,C,mismatch,junk_470,327,1,offtarget
synthetic,94,97,1,+,A,C,mismatch,junk_470,286,1,offtarget
synthetic,167,169,1,+,A,C,mismatch,junk_471,336,1,offtarget
synthetic,199,204,1,+,A,C,mismatch,junk_471,292,1,offtarget
synthetic,75,76,1,+,A,C,mismatch,junk_471,310,1,offtarget
synthetic,155,156,1,+,A,C,mismatch,junk_472,319,1,offtarget
synthetic,72,76,1,+,A,C,mismatch,junk_472,329,1,offtarget
synthetic,53,55,1,+,A,C,mismatch,junk_472,310,1,offtarget
synthetic,92,93,1,+,A,C,mismatch,junk_472,289,1,offtarget
synthetic,58,62,1,+,A,C,mismatch,junk_473,329,1,offtarget
synthetic,171,171,1,+,A,C,mismatch,junk_473,319,1,offtarget
synthetic,49,49,1,+,A,C,mismatch,junk_473,305,1,offtarget
synthetic,42,47,1,+,A,C,mismatch,junk_473,313,1,offtarget
synthetic,163,164,1,+,A,C,mismatch,junk_474,282,1,offtarget
synthetic,133,135,1,+,A,C,mismatch,junk_474,334,1,offtarget
synthetic,69,73,1,+,A,C,mismatch,junk_474,319,1,offtarget
synthetic,194,199,1,+,A,C,mismatch,junk_474,322,1,offtarget
synthetic,193,198,1,+,A,C,mismatch,junk_475,332,1,offtarget
synthetic,71,71,1,+,A,C,mismatch,junk_475,336,1,offtarget
synthetic,79,79,1,+,A,C,mismatch,junk_475,297,1,offtarget
synthetic,107,112,1,+,A,C,mismatch,junk_475,322,1,offtarget
synthetic,197,198,1,+,A,C,mismatch,junk_476,339,1,offtarget
synthetic,94,98,1,+,A,C,mismatch,junk_476,285,1,offtarget
synthetic,155,159,1,+,A,C,mismatch,junk_476,313,1,offtarget
synthetic,84,85,1,+,A,C,mismatch,junk_477,313,1,offtarget
synthetic,119,120,1,+,A,C,mismatch,junk_477,326,1,offtarget
synthetic,156,159,1,+,A,C,mismatch,junk_477,323,1,offtarget
synthetic,82,82,1,+,A,C,mismatch,junk_477,312,1,offtarget
synthetic,135,135,1,+,A,C,mismatch,junk_478,281,1,offtarget
synthetic,150,155,1,+,A,C,mismatch,junk_478,327,1,offtarget
synthetic,176,180,1,+,A,C,mismatch,junk_478,300,1,offtarget
synthetic,119,121,1,+,A,C,mismatch,junk_478,302,1,offtarget
synthetic,42,42,1,+,A,C,mismatch,junk_479,312,1,offtarget
synthetic,65,69,1,+,A,C,mismatch,junk_479,319,1,offtarget
synthetic,53,56,1,+,A,C,mismatch,junk_479,288,1,offtarget
synthetic,152,157,1,+,A,C,mismatch,junk_480,311,1,offtarget
synthetic,114,114,1,+,A,C,mismatch,junk_480,305,1,offtarget
synthetic,62,63,1,+,A,C,mismatch,junk_480,318,1,offtarget
synthetic,158,158,1,+,A,C,mismatch,junk_480,326,1,offtarget
synthetic,85,85,1,+,A,C,mismatch,junk_481,329,1,offtarget
synthetic,83,84,1,+,A,C,mismatch,junk_481,315,1,offtarget
synthetic,132,132,1,+,A,C,mismatch,junk_481,287,1,offtarget
synthetic,165,167,1,+,A,C,mismatch,junk_482,334,1,offtarget
synthetic,84,85,1,+,A,C,mismatch,junk_482,328,1,offtarget
synthetic,96,97,1,+,A,C,mismatch,junk_482,289,1,offtarget
synthetic,90,92,1,+,A,C,mismatch,junk_483,317,1,offtarget
synthetic,152,155,1,+,A,C,mismatch,junk_483,302,1,offtarget
synthetic,42,45,1,+,A,C,mismatch,junk_483,299,1,offtarget
synthetic,52,52,1,+,A,C,mismatch,junk_483,338,1,offtarget
synthetic,95,95,1,+,A,C,mismatch,junk_484,301,1,offtarget
synthetic,183,186,1,+,A,C,mismatch,junk_484,319,1,offtarget
synthetic,73,78,1,+,A,C,mismatch,junk_484,307,1,offtarget
synthetic,170,171,1,+,A,C,mismatch,junk_484,312,1,offtarget
synthetic,159,164,1,+,A,C,mismatch,junk_485,321,1,offtarget
synthetic,65,69,1,+,A,C,mismatch,junk_485,328,1,offtarget
synthetic,119,121,1,+,A,C,mismatch,junk_485,311,1,offtarget
synthetic,143,147,1,+,A,C,mismatch,junk_486,335,1,offtarget
synthetic,46,51,1,+,A,C,mismatch,junk_486,340,1,offtarget
synthetic,74,77,1,+,A,C,mismatch,junk_486,317,1,offtarget
synthetic,156,159,1,+,A,C,mismatch,junk_487,295,1,offtarget
synthetic,170,172,1,+,A,C,mismatch,junk_487,282,1,offtarget
synthetic,158,160,1,+,A,C,mismatch,junk_487,340,1,offtarget
synthetic,116,121,1,+,A,C,mismatch,junk_488,316,1,offtarget
synthetic,94,98,1,+,A,C,mismatch,junk_488,300,1,offtarget
synthetic,71,76,1,+,A,C,mismatch,junk_488,323,1,offtarget
synthetic,184,184,1,+,A,C,mismatch,junk_488,335,1,offtarget
synthetic,123,127,1,+,A,C,mismatch,junk_489,321,1,offtarget
synthetic,161,161,1,+,A,C,mismatch,junk_489,332,1,offtarget
synthetic,124,125,1,+,A,C,mismatch,junk_489,293,1,offtarget
synthetic,45,49,1,+,A,C,mismatch,junk_489,318,1,offtarget
synthetic,192,193,1,+,A,C,mismatch,junk_490,321,1,offtarget
synthetic,90,90,1,+,A,C,mismatch,junk_490,324,1,offtarget
synthetic,192,197,1,+,A,C,mismatch,junk_490,326,1,offtarget
synthetic,50,55,1,+,A,C,mismatch,junk_490,324,1,offtarget
synthetic,180,182,1,+,A,C,mismatch,junk_491,283,1,offtarget
synthetic,192,195,1,+,A,C,mismatch,junk_491,294,1,offtarget
synthetic,125,125,1,+,A,C,mismatch,junk_491,292,1,offtarget
synthetic,64,65,1,+,A,C,mismatch,junk_492,331,1,offtarget
synthetic,164,169,1,+,A,C,mismatch,junk_492,310,1,offtarget
synthetic,100,105,1,+,A,C,mismatch,junk_492,286,1,offtarget
synthetic,129,133,1,+,A,C,mismatch,junk_492,318,1,offtarget
synthetic,147,152,1,+,A,C,mismatch,junk_493,334,1,offtarget
synthetic,117,121,1,+,A,C,mismatch,junk_493,292,1,offtarget
synthetic,175,178,1,+,A,C,mismatch,junk_493,317,1,offtarget
synthetic,164,167,1,+,A,C,mismatch,junk_494,305,1,offtarget
synthetic,162,167,1,+,A,C,mismatch,junk_494,309,1,offtarget
synthetic,187,188,1,+,A,C,mismatch,junk_494,302,1,offtarget
synthetic,176,176,1,+,A,C,mismatch,junk_494,333,1,offtarget
synthetic,64,66,1,+,A,C,mismatch,junk_495,327,1,offtarget
synthetic,149,149,1,+,A,C,mismatch,junk_495,320,1,offtarget
synthetic,123,125,1,+,A,C,mismatch,junk_495,282,1,offtarget
synthetic,62,63,1,+,A,C,mismatch,junk_496,302,1,offtarget
synthetic,147,147,1,+,A,C,mismatch,junk_496,284,1,offtarget
synthetic,107,111,1,+,A,C,mismatch,junk_496,282,1,offtarget
synthetic,181,181,1,+,A,C,mismatch,junk_496,336,1,offtarget
synthetic,80,83,1,+,A,C,mismatch,junk_497,293,1,offtarget
synthetic,47,47,1,+,A,C,mismatch,junk_497,286,1,offtarget
synthetic,145,150,1,+,A,C,mismatch,junk_497,287,1,offtarget
synthetic,192,192,1,+,A,C,mismatch,junk_497,328,1,offtarget
synthetic,184,188,1,+,A,C,mismatch,junk_498,311,1,offtarget
synthetic,93,93,1,+,A,C,mismatch,junk_498,311,1,offtarget
synthetic,44,45,1,+,A,C,mismatch,junk_498,303,1,offtarget
synthetic,176,177,1,+,A,C,mismatch,junk_499,298,1,offtarget
synthetic,105,110,1,+,A,C,mismatch,junk_499,340,1,offtarget
synthetic,87,92,1,+,A,C,mismatch,junk_499,336,1,offtarget
synthetic,41,45,1,+,A,C,mismatch,junk_499,336,1,offtarget
synthetic,127,128,1,+,A,C,mismatch,junk_500,285,1,offtarget
synthetic,158,162,1,+,A,C,mismatch,junk_500,330,1,offtarget
synthetic,56,56,1,+,A,C,mismatch,junk_500,323,1,offtarget
synthetic,42,46,1,+,A,C,mismatch,junk_500,339,1,offtarget
