seqnames,start,end,width,strand,originally,replacement,type,read_id,score,counts,readType
nlgn4a,131,131,1,+,"",A,insertion,10,720,12,FALSE
nlgn4a,134,134,1,+,"",C,insertion,11,720,9,FALSE
nlgn4a,131,131,1,+,"",G,insertion,12,720,6,FALSE
nlgn4a,135,135,1,+,"",G,insertion,13,720,6,FALSE
nlgn4a,132,132,1,+,"",T,insertion,14,720,5,FALSE
nlgn4a,131,131,1,+,"",C,insertion,15,720,4,FALSE
nlgn4a,131,131,1,+,"",G,insertion,36,720,2,FALSE
nlgn4a,134,134,1,+,"",A,insertion,48,720,2,FALSE
nlgn4a,131,131,1,+,"",G,insertion,111,711,1,FALSE
nlgn4a,131,131,1,+,"",C,insertion,129,711,1,FALSE
nlgn4a,131,131,1,+,"",G,insertion,138,711,1,FALSE
nlgn4a,131,131,1,+,"",A,insertion,144,711,1,FALSE
nlgn4a,135,135,1,+,"",G,insertion,151,711,1,FALSE
nlgn4a,131,131,1,+,"",C,insertion,207,702,1,FALSE
nlgn4a,134,134,1,+,"",C,insertion,233,693,1,FALSE
nlgn4a,134,134,1,+,"",C,insertion,276,711,1,FALSE
nlgn4a,132,132,1,+,"",T,insertion,301,711,1,FALSE
nlgn4a,131,131,1,+,"",G,insertion,326,711,1,FALSE
nlgn4a,131,131,1,+,"",G,insertion,340,711,1,FALSE
nlgn4a,131,131,1,+,"",G,insertion,343,711,1,FALSE
nlgn4a,132,132,1,+,"",T,insertion,344,711,1,FALSE
nlgn4a,134,134,1,+,"",C,insertion,379,711,1,FALSE
nlgn4a,132,132,1,+,"",T,insertion,385,711,1,FALSE
nlgn4a,131,131,1,+,"",C,insertion,397,711,1,FALSE
nlgn4a,131,131,1,+,"",C,insertion,400,711,1,FALSE
nlgn4a,131,131,1,+,"",G,insertion,413,711,1,FALSE
nlgn4a,131,131,1,+,"",G,insertion,424,711,1,FALSE
nlgn4a,132,132,1,+,"",T,insertion,431,711,1,FALSE
nlgn4a,131,131,1,+,"",G,insertion,432,711,1,FALSE
nlgn4a,131,131,1,+,"",A,insertion,687,711,1,FALSE
nlgn4a,131,131,1,+,"",A,insertion,688,711,1,FALSE
nlgn4a,131,131,1,+,"",A,insertion,689,711,1,FALSE
nlgn4a,131,131,1,+,"",A,insertion,690,720,1,FALSE
nlgn4a,131,131,1,+,"",A,insertion,691,720,1,FALSE
nlgn4a,131,131,1,+,"",A,insertion,692,720,1,FALSE
nlgn4a,131,131,1,+,"",A,insertion,693,720,1,FALSE
nlgn4a,131,131,1,+,"",A,insertion,694,720,1,FALSE
nlgn4a,131,131,1,+,"",A,insertion,695,720,1,FALSE
nlgn4a,131,131,1,+,"",A,insertion,696,720,1,FALSE
nlgn4a,131,131,1,+,"",A,insertion,697,720,1,FALSE
nlgn4a,131,131,1,+,"",A,insertion,698,720,1,FALSE
nlgn4a,131,131,1,+,"",C,insertion,700,720,1,FALSE
nlgn4a,131,131,1,+,"",C,insertion,701,720,1,FALSE
nlgn4a,131,131,1,+,"",C,insertion,702,720,1,FALSE
nlgn4a,131,131,1,+,"",C,insertion,703,720,1,FALSE
nlgn4a,131,131,1,+,"",C,insertion,704,720,1,FALSE
nlgn4a,131,131,1,+,"",C,insertion,705,720,1,FALSE
nlgn4a,131,131,1,+,"",C,insertion,706,720,1,FALSE
nlgn4a,131,131,1,+,"",C,insertion,707,720,1,FALSE
nlgn4a,131,131,1,+,"",C,insertion,708,720,1,FALSE
nlgn4a,131,131,1,+,"",C,insertion,709,720,1,FALSE
nlgn4a,131,131,1,+,"",C,insertion,710,720,1,FALSE
nlgn4a,131,131,1,+,"",C,insertion,711,720,1,FALSE
nlgn4a,131,131,1,+,"",C,insertion,712,720,1,FALSE
nlgn4a,131,131,1,+,"",C,insertion,713,720,1,FALSE
nlgn4a,131,131,1,+,"",C,insertion,714,720,1,FALSE
nlgn4a,131,131,1,+,"",C,insertion,715,720,1,FALSE
nlgn4a,131,131,1,+,"",C,insertion,716,720,1,FALSE
nlgn4a,131,131,1,+,"",C,insertion,717,711,1,FALSE
nlgn4a,131,131,1,+,"",G,insertion,723,711,1,FALSE
nlgn4a,131,131,1,+,"",G,insertion,724,711,1,FALSE
nlgn4a,131,131,1,+,"",G,insertion,725,720,1,FALSE
nlgn4a,131,131,1,+,"",G,insertion,726,720,1,FALSE
nlgn4a,131,131,1,+,"",G,insertion,727,720,1,FALSE
nlgn4a,131,131,1,+,"",G,insertion,728,720,1,FALSE
nlgn4a,131,131,1,+,"",G,insertion,729,720,1,FALSE
nlgn4a,131,131,1,+,"",G,insertion,730,720,1,FALSE
nlgn4a,131,131,1,+,"",G,insertion,731,720,1,FALSE
nlgn4a,131,131,1,+,"",G,insertion,732,720,1,FALSE
nlgn4a,131,131,1,+,"",G,insertion,733,720,1,FALSE
nlgn4a,131,131,1,+,"",G,insertion,734,720,1,FALSE
nlgn4a,131,131,1,+,"",G,insertion,735,720,1,FALSE
nlgn4a,131,131,1,+,"",G,insertion,736,720,1,FALSE
nlgn4a,131,131,1,+,"",G,insertion,737,720,1,FALSE
nlgn4a,131,131,1,+,"",G,insertion,738,720,1,FALSE
nlgn4a,131,131,1,+,"",G,insertion,739,720,1,FALSE
nlgn4a,131,131,1,+,"",G,insertion,740,720,1,FALSE
nlgn4a,131,131,1,+,"",G,insertion,741,720,1,FALSE
nlgn4a,131,131,1,+,"",G,insertion,742,720,1,FALSE
nlgn4a,131,131,1,+,"",G,insertion,743,720,1,FALSE
nlgn4a,134,134,1,+,"",A,insertion,965,711,1,FALSE
nlgn4a,134,134,1,+,"",A,insertion,966,720,1,FALSE
nlgn4a,134,134,1,+,"",A,insertion,967,720,1,FALSE
nlgn4a,134,134,1,+,"",A,insertion,968,720,1,FALSE
nlgn4a,134,134,1,+,"",A,insertion,969,720,1,FALSE
nlgn4a,134,134,1,+,"",A,insertion,970,720,1,FALSE
nlgn4a,134,134,1,+,"",A,insertion,971,720,1,FALSE
nlgn4a,134,134,1,+,"",A,insertion,972,711,1,FALSE
nlgn4a,134,134,1,+,"",C,insertion,1086,720,1,FALSE
nlgn4a,134,134,1,+,"",C,insertion,1087,720,1,FALSE
nlgn4a,134,134,1,+,"",C,insertion,1088,720,1,FALSE
nlgn4a,134,134,1,+,"",C,insertion,1089,720,1,FALSE
nlgn4a,134,134,1,+,"",C,insertion,1090,720,1,FALSE
nlgn4a,134,134,1,+,"",C,insertion,1091,720,1,FALSE
nlgn4a,134,134,1,+,"",C,insertion,1092,720,1,FALSE
nlgn4a,135,135,1,+,"",G,insertion,1096,711,1,FALSE
nlgn4a,135,135,1,+,"",G,insertion,1097,711,1,FALSE
nlgn4a,135,135,1,+,"",G,insertion,1098,720,1,FALSE
nlgn4a,135,135,1,+,"",G,insertion,1099,720,1,FALSE
nlgn4a,135,135,1,+,"",G,insertion,1100,720,1,FALSE
nlgn4a,135,135,1,+,"",G,insertion,1101,720,1,FALSE
nlgn4a,135,135,1,+,"",G,insertion,1102,720,1,FALSE
nlgn4a,135,135,1,+,"",G,insertion,1103,720,1,FALSE
nlgn4a,135,135,1,+,"",G,insertion,1104,720,1,FALSE
nlgn4a,135,135,1,+,"",G,insertion,1105,720,1,FALSE
nlgn4a,135,135,1,+,"",G,insertion,1106,720,1,FALSE
nlgn4a,135,135,1,+,"",G,insertion,1107,720,1,FALSE
nlgn4a,135,135,1,+,"",G,insertion,1108,720,1,FALSE
nlgn4a,132,132,1,+,"",T,insertion,1331,711,1,FALSE
nlgn4a,132,132,1,+,"",T,insertion,1332,720,1,FALSE
nlgn4a,132,132,1,+,"",T,insertion,1333,720,1,FALSE
nlgn4a,132,132,1,+,"",T,insertion,1334,720,1,FALSE
nlgn4a,132,132,1,+,"",T,insertion,1335,720,1,FALSE
nlgn4a,132,132,1,+,"",T,insertion,1336,720,1,FALSE
nlgn4a,132,132,1,+,"",T,insertion,1337,720,1,FALSE
nlgn4a,132,132,1,+,"",T,insertion,1338,720,1,FALSE
nlgn4a,132,132,1,+,"",T,insertion,1339,720,1,FALSE
nlgn4a,132,132,1,+,"",T,insertion,1340,720,1,FALSE
nlgn4a,132,132,1,+,"",T,insertion,1341,720,1,FALSE
nlgn4a,132,132,1,+,"",T,insertion,1342,720,1,FALSE
nlgn4a,132,132,1,+,"",T,insertion,1343,720,1,FALSE
nlgn4a,132,132,1,+,"",T,insertion,1344,720,1,FALSE
nlgn4a,132,132,1,+,"",T,insertion,1345,720,1,FALSE
nlgn4a,132,132,1,+,"",T,insertion,1346,720,1,FALSE
nlgn4a,132,132,1,+,"",T,insertion,1347,720,1,FALSE
nlgn4a,132,132,1,+,"",T,insertion,1348,720,1,FALSE
nlgn4a,132,132,1,+,"",T,insertion,1349,711,1,FALSE
nlgn4a,131,131,1,+,"",A,insertion,1351,711,1,FALSE
nlgn4a,131,131,1,+,"",C,insertion,2020,711,1,FALSE
nlgn4a,131,131,1,+,"",A,insertion,2048,711,1,FALSE
nlgn4a,131,131,1,+,"",A,insertion,2057,702,1,FALSE
nlgn4a,131,131,1,+,"",G,insertion,2063,702,1,FALSE
nlgn4a,131,131,1,+,"",A,insertion,2077,711,1,FALSE
nlgn4a,131,131,1,+,"",A,insertion,2080,711,1,FALSE
nlgn4a,131,131,1,+,"",C,insertion,2121,702,1,FALSE
nlgn4a,131,131,1,+,"",G,insertion,2122,711,1,FALSE
nlgn4a,131,131,1,+,"",C,insertion,2148,711,1,FALSE
nlgn4a,131,131,1,+,"",G,insertion,2158,711,1,FALSE
nlgn4a,132,132,1,+,"",T,insertion,2191,711,1,FALSE
nlgn4a,131,131,1,+,"",C,insertion,2206,711,1,FALSE
nlgn4a,134,134,1,+,"",C,insertion,2236,711,1,FALSE
nlgn4a,132,132,1,+,"",T,insertion,2244,711,1,FALSE
nlgn4a,127,136,10,+,"","",deletion,1,725,141,FALSE
nlgn4a,126,134,9,+,"","",deletion,2,725,122,FALSE
nlgn4a,131,133,3,+,"","",deletion,3,725,98,FALSE
nlgn4a,129,132,4,+,"","",deletion,5,725,66,FALSE
nlgn4a,134,142,9,+,"","",deletion,6,725,55,FALSE
nlgn4a,129,129,1,+,"","",deletion,7,725,41,FALSE
nlgn4a,129,134,6,+,"","",deletion,8,725,26,FALSE
nlgn4a,134,138,5,+,"","",deletion,9,725,18,FALSE
nlgn4a,131,133,3,+,"","",deletion,16,725,3,FALSE
nlgn4a,131,133,3,+,"","",deletion,17,725,3,FALSE
nlgn4a,131,133,3,+,"","",deletion,18,725,3,FALSE
nlgn4a,127,136,10,+,"","",deletion,19,725,3,FALSE
nlgn4a,127,136,10,+,"","",deletion,20,725,3,FALSE
nlgn4a,127,136,10,+,"","",deletion,21,725,3,FALSE
nlgn4a,127,136,10,+,"","",deletion,22,725,3,FALSE
nlgn4a,126,134,9,+,"","",deletion,23,725,3,FALSE
nlgn4a,126,134,9,+,"","",deletion,24,725,3,FALSE
nlgn4a,126,134,9,+,"","",deletion,25,725,3,FALSE
nlgn4a,127,136,10,+,"","",deletion,26,716,2,FALSE
nlgn4a,129,132,4,+,"","",deletion,27,725,2,FALSE
nlgn4a,129,132,4,+,"","",deletion,28,725,2,FALSE
nlgn4a,129,132,4,+,"","",deletion,29,725,2,FALSE
nlgn4a,129,132,4,+,"","",deletion,30,725,2,FALSE
nlgn4a,129,132,4,+,"","",deletion,31,725,2,FALSE
nlgn4a,129,132,4,+,"","",deletion,32,725,2,FALSE
nlgn4a,129,129,1,+,"","",deletion,33,725,2,FALSE
nlgn4a,129,129,1,+,"","",deletion,34,725,2,FALSE
nlgn4a,131,133,3,+,"","",deletion,35,716,2,FALSE
nlgn4a,131,133,3,+,"","",deletion,37,725,2,FALSE
nlgn4a,131,133,3,+,"","",deletion,38,725,2,FALSE
nlgn4a,131,133,3,+,"","",deletion,39,725,2,FALSE
nlgn4a,131,133,3,+,"","",deletion,40,725,2,FALSE
nlgn4a,131,133,3,+,"","",deletion,41,725,2,FALSE
nlgn4a,131,133,3,+,"","",deletion,42,725,2,FALSE
nlgn4a,131,133,3,+,"","",deletion,43,725,2,FALSE
nlgn4a,131,133,3,+,"","",deletion,44,725,2,FALSE
nlgn4a,131,133,3,+,"","",deletion,45,725,2,FALSE
nlgn4a,131,133,3,+,"","",deletion,46,725,2,FALSE
nlgn4a,131,133,3,+,"","",deletion,47,725,2,FALSE
nlgn4a,134,142,9,+,"","",deletion,49,725,2,FALSE
nlgn4a,134,142,9,+,"","",deletion,50,725,2,FALSE
nlgn4a,134,142,9,+,"","",deletion,51,725,2,FALSE
nlgn4a,134,138,5,+,"","",deletion,58,725,2,FALSE
nlgn4a,134,138,5,+,"","",deletion,59,725,2,FALSE
nlgn4a,134,138,5,+,"","",deletion,60,725,2,FALSE
nlgn4a,129,134,6,+,"","",deletion,61,725,2,FALSE
nlgn4a,129,134,6,+,"","",deletion,62,725,2,FALSE
nlgn4a,127,136,10,+,"","",deletion,63,716,2,FALSE
nlgn4a,127,136,10,+,"","",deletion,64,725,2,FALSE
nlgn4a,127,136,10,+,"","",deletion,65,725,2,FALSE
nlgn4a,127,136,10,+,"","",deletion,66,725,2,FALSE
nlgn4a,127,136,10,+,"","",deletion,67,725,2,FALSE
nlgn4a,127,136,10,+,"","",deletion,68,725,2,FALSE
nlgn4a,127,136,10,+,"","",deletion,69,725,2,FALSE
nlgn4a,127,136,10,+,"","",deletion,70,725,2,FALSE
nlgn4a,127,136,10,+,"","",deletion,71,725,2,FALSE
nlgn4a,127,136,10,+,"","",deletion,72,725,2,FALSE
nlgn4a,127,136,10,+,"","",deletion,73,725,2,FALSE
nlgn4a,127,136,10,+,"","",deletion,74,725,2,FALSE
nlgn4a,127,136,10,+,"","",deletion,75,725,2,FALSE
nlgn4a,127,136,10,+,"","",deletion,76,725,2,FALSE
nlgn4a,127,136,10,+,"","",deletion,77,725,2,FALSE
nlgn4a,127,136,10,+,"","",deletion,78,725,2,FALSE
nlgn4a,127,136,10,+,"","",deletion,79,725,2,FALSE
nlgn4a,127,136,10,+,"","",deletion,80,725,2,FALSE
nlgn4a,127,135,9,+,"","",deletion,81,725,2,FALSE
nlgn4a,126,134,9,+,"","",deletion,82,725,2,FALSE
nlgn4a,126,134,9,+,"","",deletion,83,725,2,FALSE
nlgn4a,126,134,9,+,"","",deletion,84,725,2,FALSE
nlgn4a,126,134,9,+,"","",deletion,85,725,2,FALSE
nlgn4a,126,134,9,+,"","",deletion,86,725,2,FALSE
nlgn4a,126,134,9,+,"","",deletion,87,725,2,FALSE
nlgn4a,126,134,9,+,"","",deletion,88,725,2,FALSE
nlgn4a,126,134,9,+,"","",deletion,89,725,2,FALSE
nlgn4a,126,134,9,+,"","",deletion,90,725,2,FALSE
nlgn4a,126,134,9,+,"","",deletion,91,725,2,FALSE
nlgn4a,126,134,9,+,"","",deletion,92,725,2,FALSE
nlgn4a,126,134,9,+,"","",deletion,93,725,2,FALSE
nlgn4a,126,134,9,+,"","",deletion,94,725,2,FALSE
nlgn4a,126,134,9,+,"","",deletion,95,725,2,FALSE
nlgn4a,126,134,9,+,"","",deletion,96,725,2,FALSE
nlgn4a,126,134,9,+,"","",deletion,97,725,2,FALSE
nlgn4a,126,134,9,+,"","",deletion,98,725,2,FALSE
nlgn4a,126,134,9,+,"","",deletion,99,725,2,FALSE
nlgn4a,127,136,10,+,"","",deletion,100,716,2,FALSE
nlgn4a,129,134,6,+,"","",deletion,101,716,1,FALSE
nlgn4a,126,134,9,+,"","",deletion,102,716,1,FALSE
nlgn4a,126,134,9,+,"","",deletion,103,716,1,FALSE
nlgn4a,129,132,4,+,"","",deletion,104,716,1,FALSE
nlgn4a,126,134,9,+,"","",deletion,105,716,1,FALSE
nlgn4a,127,136,10,+,"","",deletion,106,698,1,FALSE
nlgn4a,129,129,1,+,"","",deletion,107,707,1,FALSE
nlgn4a,129,132,4,+,"","",deletion,108,716,1,FALSE
nlgn4a,127,136,10,+,"","",deletion,109,716,1,FALSE
nlgn4a,131,133,3,+,"","",deletion,110,707,1,FALSE
nlgn4a,127,136,10,+,"","",deletion,112,716,1,FALSE
nlgn4a,131,133,3,+,"","",deletion,113,707,1,FALSE
nlgn4a,128,137,10,+,"","",deletion,114,707,1,FALSE
nlgn4a,129,132,4,+,"","",deletion,117,716,1,FALSE
nlgn4a,127,136,10,+,"","",deletion,118,707,1,FALSE
nlgn4a,129,132,4,+,"","",deletion,119,716,1,FALSE
nlgn4a,126,134,9,+,"","",deletion,120,716,1,FALSE
nlgn4a,129,129,1,+,"","",deletion,121,716,1,FALSE
nlgn4a,134,142,9,+,"","",deletion,122,716,1,FALSE
nlgn4a,127,136,10,+,"","",deletion,123,716,1,FALSE
nlgn4a,129,132,4,+,"","",deletion,124,716,1,FALSE
nlgn4a,129,132,4,+,"","",deletion,125,716,1,FALSE
nlgn4a,127,136,10,+,"","",deletion,126,716,1,FALSE
nlgn4a,126,134,9,+,"","",deletion,127,716,1,FALSE
nlgn4a,131,133,3,+,"","",deletion,128,716,1,FALSE
nlgn4a,127,136,10,+,"","",deletion,130,716,1,FALSE
nlgn4a,129,134,6,+,"","",deletion,131,707,1,FALSE
nlgn4a,134,142,9,+,"","",deletion,132,707,1,FALSE
nlgn4a,127,136,10,+,"","",deletion,133,707,1,FALSE
nlgn4a,126,134,9,+,"","",deletion,134,716,1,FALSE
nlgn4a,126,134,9,+,"","",deletion,135,716,1,FALSE
nlgn4a,127,136,10,+,"","",deletion,136,716,1,FALSE
nlgn4a,129,129,1,+,"","",deletion,137,716,1,FALSE
nlgn4a,127,136,10,+,"","",deletion,139,716,1,FALSE
nlgn4a,131,133,3,+,"","",deletion,140,707,1,FALSE
nlgn4a,126,134,9,+,"","",deletion,141,716,1,FALSE
nlgn4a,129,129,1,+,"","",deletion,142,716,1,FALSE
nlgn4a,127,136,10,+,"","",deletion,143,716,1,FALSE
nlgn4a,131,133,3,+,"","",deletion,145,716,1,FALSE
nlgn4a,127,136,10,+,"","",deletion,146,716,1,FALSE
nlgn4a,129,132,4,+,"","",deletion,147,716,1,FALSE
nlgn4a,127,136,10,+,"","",deletion,148,716,1,FALSE
nlgn4a,134,142,9,+,"","",deletion,149,716,1,FALSE
nlgn4a,129,132,4,+,"","",deletion,150,716,1,FALSE
nlgn4a,134,142,9,+,"","",deletion,152,716,1,FALSE
nlgn4a,126,134,9,+,"","",deletion,153,716,1,FALSE
nlgn4a,134,138,5,+,"","",deletion,155,716,1,FALSE
nlgn4a,126,134,9,+,"","",deletion,156,707,1,FALSE
nlgn4a,126,134,9,+,"","",deletion,157,716,1,FALSE
nlgn4a,127,136,10,+,"","",deletion,159,716,1,FALSE
nlgn4a,127,136,10,+,"","",deletion,160,716,1,FALSE
nlgn4a,131,133,3,+,"","",deletion,162,716,1,FALSE
nlgn4a,129,134,6,+,"","",deletion,163,716,1,FALSE
nlgn4a,126,134,9,+,"","",deletion,164,716,1,FALSE
nlgn4a,126,134,9,+,"","",deletion,165,707,1,FALSE
nlgn4a,131,133,3,+,"","",deletion,166,716,1,FALSE
nlgn4a,126,134,9,+,"","",deletion,167,716,1,FALSE
nlgn4a,127,136,10,+,"","",deletion,168,707,1,FALSE
nlgn4a,131,133,3,+,"","",deletion,169,707,1,FALSE
nlgn4a,129,134,6,+,"","",deletion,170,707,1,FALSE
nlgn4a,126,134,9,+,"","",deletion,171,707,1,FALSE
nlgn4a,127,136,10,+,"","",deletion,173,716,1,FALSE
nlgn4a,134,142,9,+,"","",deletion,174,716,1,FALSE
nlgn4a,131,133,3,+,"","",deletion,176,716,1,FALSE
nlgn4a,134,142,9,+,"","",deletion,177,716,1,FALSE
nlgn4a,129,129,1,+,"","",deletion,178,716,1,FALSE
nlgn4a,126,134,9,+,"","",deletion,179,716,1,FALSE
nlgn4a,129,132,4,+,"","",deletion,180,707,1,FALSE
nlgn4a,134,138,5,+,"","",deletion,182,716,1,FALSE
nlgn4a,134,142,9,+,"","",deletion,183,707,1,FALSE
nlgn4a,134,142,9,+,"","",deletion,184,716,1,FALSE
nlgn4a,126,134,9,+,"","",deletion,185,716,1,FALSE
nlgn4a,127,136,10,+,"","",deletion,186,707,1,FALSE
nlgn4a,127,136,10,+,"","",deletion,187,716,1,FALSE
nlgn4a,126,134,9,+,"","",deletion,188,716,1,FALSE
nlgn4a,129,132,4,+,"","",deletion,189,707,1,FALSE
nlgn4a,129,132,4,+,"","",deletion,190,716,1,FALSE
nlgn4a,126,134,9,+,"","",deletion,191,716,1,FALSE
nlgn4a,126,134,9,+,"","",deletion,192,716,1,FALSE
nlgn4a,126,134,9,+,"","",deletion,193,707,1,FALSE
nlgn4a,131,133,3,+,"","",deletion,194,716,1,FALSE
nlgn4a,129,134,6,+,"","",deletion,195,716,1,FALSE
nlgn4a,126,134,9,+,"","",deletion,196,716,1,FALSE
nlgn4a,131,133,3,+,"","",deletion,197,716,1,FALSE
nlgn4a,127,136,10,+,"","",deletion,199,716,1,FALSE
nlgn4a,127,136,10,+,"","",deletion,200,716,1,FALSE
nlgn4a,129,129,1,+,"","",deletion,201,707,1,FALSE
nlgn4a,129,129,1,+,"","",deletion,202,707,1,FALSE
nlgn4a,126,134,9,+,"","",deletion,204,716,1,FALSE
nlgn4a,131,133,3,+,"","",deletion,205,716,1,FALSE
nlgn4a,129,129,1,+,"","",deletion,206,716,1,FALSE
nlgn4a,134,142,9,+,"","",deletion,208,716,1,FALSE
nlgn4a,134,142,9,+,"","",deletion,209,716,1,FALSE
nlgn4a,129,129,1,+,"","",deletion,212,707,1,FALSE
nlgn4a,126,134,9,+,"","",deletion,213,707,1,FALSE
nlgn4a,131,133,3,+,"","",deletion,214,716,1,FALSE
nlgn4a,134,142,9,+,"","",deletion,215,716,1,FALSE
nlgn4a,134,142,9,+,"","",deletion,216,707,1,FALSE
nlgn4a,126,134,9,+,"","",deletion,217,716,1,FALSE
nlgn4a,131,133,3,+,"","",deletion,218,698,1,FALSE
nlgn4a,127,136,10,+,"","",deletion,219,707,1,FALSE
nlgn4a,127,136,10,+,"","",deletion,220,716,1,FALSE
nlgn4a,131,133,3,+,"","",deletion,221,716,1,FALSE
nlgn4a,127,136,10,+,"","",deletion,222,716,1,FALSE
nlgn4a,134,138,5,+,"","",deletion,223,716,1,FALSE
nlgn4a,131,133,3,+,"","",deletion,224,707,1,FALSE
nlgn4a,129,129,1,+,"","",deletion,225,716,1,FALSE
nlgn4a,131,133,3,+,"","",deletion,226,716,1,FALSE
nlgn4a,131,133,3,+,"","",deletion,227,716,1,FALSE
nlgn4a,129,132,4,+,"","",deletion,228,716,1,FALSE
nlgn4a,129,129,1,+,"","",deletion,230,716,1,FALSE
nlgn4a,127,136,10,+,"","",deletion,231,707,1,FALSE
nlgn4a,129,132,4,+,"","",deletion,232,716,1,FALSE
nlgn4a,134,142,9,+,"","",deletion,234,707,1,FALSE
nlgn4a,129,132,4,+,"","",deletion,235,707,1,FALSE
nlgn4a,127,136,10,+,"","",deletion,236,707,1,FALSE
nlgn4a,129,132,4,+,"","",deletion,238,716,1,FALSE
nlgn4a,127,136,10,+,"","",deletion,239,716,1,FALSE
nlgn4a,126,134,9,+,"","",deletion,240,716,1,FALSE
nlgn4a,126,134,9,+,"","",deletion,241,716,1,FALSE
nlgn4a,129,129,1,+,"","",deletion,242,716,1,FALSE
nlgn4a,127,136,10,+,"","",deletion,245,716,1,FALSE
nlgn4a,131,133,3,+,"","",deletion,246,716,1,FALSE
nlgn4a,127,136,10,+,"","",deletion,247,716,1,FALSE
nlgn4a,127,136,10,+,"","",deletion,248,716,1,FALSE
nlgn4a,134,138,5,+,"","",deletion,250,716,1,FALSE
nlgn4a,127,136,10,+,"","",deletion,251,716,1,FALSE
nlgn4a,131,133,3,+,"","",deletion,252,707,1,FALSE
nlgn4a,127,136,10,+,"","",deletion,253,716,1,FALSE
nlgn4a,129,132,4,+,"","",deletion,254,716,1,FALSE
nlgn4a,129,129,1,+,"","",deletion,255,716,1,FALSE
nlgn4a,126,134,9,+,"","",deletion,256,716,1,FALSE
nlgn4a,134,142,9,+,"","",deletion,257,716,1,FALSE
nlgn4a,134,138,5,+,"","",deletion,259,716,1,FALSE
nlgn4a,134,138,5,+,"","",deletion,260,707,1,FALSE
nlgn4a,129,132,4,+,"","",deletion,261,707,1,FALSE
nlgn4a,129,129,1,+,"","",deletion,262,716,1,FALSE
nlgn4a,127,136,10,+,"","",deletion,263,707,1,FALSE
nlgn4a,131,133,3,+,"","",deletion,264,707,1,FALSE
nlgn4a,134,138,5,+,"","",deletion,266,716,1,FALSE
nlgn4a,126,134,9,+,"","",deletion,267,716,1,FALSE
nlgn4a,131,133,3,+,"","",deletion,268,716,1,FALSE
nlgn4a,127,136,10,+,"","",deletion,270,716,1,FALSE
nlgn4a,134,142,9,+,"","",deletion,271,707,1,FALSE
nlgn4a,134,142,9,+,"","",deletion,272,707,1,FALSE
nlgn4a,134,138,5,+,"","",deletion,273,716,1,FALSE
nlgn4a,129,129,1,+,"","",deletion,274,716,1,FALSE
nlgn4a,134,138,5,+,"","",deletion,275,716,1,FALSE
nlgn4a,134,138,5,+,"","",deletion,277,716,1,FALSE
nlgn4a,127,136,10,+,"","",deletion,278,716,1,FALSE
nlgn4a,129,132,4,+,"","",deletion,279,716,1,FALSE
nlgn4a,126,134,9,+,"","",deletion,280,716,1,FALSE
nlgn4a,129,132,4,+,"","",deletion,281,716,1,FALSE
nlgn4a,129,132,4,+,"","",deletion,282,716,1,FALSE
nlgn4a,126,134,9,+,"","",deletion,283,716,1,FALSE
nlgn4a,134,138,5,+,"","",deletion,284,716,1,FALSE
nlgn4a,127,136,10,+,"","",deletion,285,707,1,FALSE
nlgn4a,126,134,9,+,"","",deletion,286,707,1,FALSE
nlgn4a,127,136,10,+,"","",deletion,288,716,1,FALSE
nlgn4a,129,129,1,+,"","",deletion,289,716,1,FALSE
nlgn4a,127,136,10,+,"","",deletion,290,716,1,FALSE
nlgn4a,131,133,3,+,"","",deletion,291,716,1,FALSE
nlgn4a,134,138,5,+,"","",deletion,292,716,1,FALSE
nlgn4a,127,136,10,+,"","",deletion,293,716,1,FALSE
nlgn4a,127,136,10,+,"","",deletion,294,716,1,FALSE
nlgn4a,129,134,6,+,"","",deletion,295,707,1,FALSE
nlgn4a,131,133,3,+,"","",deletion,296,707,1,FALSE
nlgn4a,126,134,9,+,"","",deletion,297,716,1,FALSE
nlgn4a,127,136,10,+,"","",deletion,299,707,1,FALSE
nlgn4a,129,132,4,+,"","",deletion,300,716,1,FALSE
nlgn4a,127,136,10,+,"","",deletion,303,716,1,FALSE
nlgn4a,131,133,3,+,"","",deletion,304,716,1,FALSE
nlgn4a,134,142,9,+,"","",deletion,305,716,1,FALSE
nlgn4a,126,134,9,+,"","",deletion,306,716,1,FALSE
nlgn4a,126,134,9,+,"","",deletion,307,716,1,FALSE
nlgn4a,129,132,4,+,"","",deletion,308,716,1,FALSE
nlgn4a,126,134,9,+,"","",deletion,311,716,1,FALSE
nlgn4a,128,130,3,+,"","",deletion,312,716,1,FALSE
nlgn4a,127,136,10,+,"","",deletion,313,707,1,FALSE
nlgn4a,131,133,3,+,"","",deletion,314,716,1,FALSE
nlgn4a,129,129,1,+,"","",deletion,315,716,1,FALSE
nlgn4a,134,142,9,+,"","",deletion,317,716,1,FALSE
nlgn4a,129,129,1,+,"","",deletion,318,716,1,FALSE
nlgn4a,131,133,3,+,"","",deletion,319,707,1,FALSE
nlgn4a,134,142,9,+,"","",deletion,320,716,1,FALSE
nlgn4a,134,142,9,+,"","",deletion,323,716,1,FALSE
nlgn4a,129,132,4,+,"","",deletion,324,716,1,FALSE
nlgn4a,131,133,3,+,"","",deletion,327,716,1,FALSE
nlgn4a,129,132,4,+,"","",deletion,330,707,1,FALSE
nlgn4a,129,132,4,+,"","",deletion,331,716,1,FALSE
nlgn4a,134,142,9,+,"","",deletion,332,716,1,FALSE
nlgn4a,126,134,9,+,"","",deletion,333,716,1,FALSE
nlgn4a,131,133,3,+,"","",deletion,334,716,1,FALSE
nlgn4a,127,136,10,+,"","",deletion,335,716,1,FALSE
nlgn4a,131,133,3,+,"","",deletion,336,707,1,FALSE
nlgn4a,134,142,9,+,"","",deletion,337,716,1,FALSE
nlgn4a,131,133,3,+,"","",deletion,339,716,1,FALSE
nlgn4a,131,133,3,+,"","",deletion,341,716,1,FALSE
nlgn4a,126,134,9,+,"","",deletion,342,716,1,FALSE
nlgn4a,129,132,4,+,"","",deletion,345,716,1,FALSE
nlgn4a,129,132,4,+,"","",deletion,346,716,1,FALSE
nlgn4a,131,133,3,+,"","",deletion,347,716,1,FALSE
nlgn4a,127,136,10,+,"","",deletion,348,716,1,FALSE
nlgn4a,129,132,4,+,"","",deletion,349,716,1,FALSE
nlgn4a,129,132,4,+,"","",deletion,350,716,1,FALSE
nlgn4a,134,142,9,+,"","",deletion,351,716,1,FALSE
nlgn4a,134,138,5,+,"","",deletion,352,716,1,FALSE
nlgn4a,129,134,6,+,"","",deletion,353,716,1,FALSE
nlgn4a,126,134,9,+,"","",deletion,354,716,1,FALSE
nlgn4a,129,132,4,+,"","",deletion,355,716,1,FALSE
nlgn4a,127,136,10,+,"","",deletion,356,716,1,FALSE
nlgn4a,126,134,9,+,"","",deletion,357,716,1,FALSE
nlgn4a,129,129,1,+,"","",deletion,358,716,1,FALSE
nlgn4a,127,136,10,+,"","",deletion,360,707,1,FALSE
nlgn4a,127,136,10,+,"","",deletion,361,716,1,FALSE
nlgn4a,126,134,9,+,"","",deletion,362,716,1,FALSE
nlgn4a,131,133,3,+,"","",deletion,363,716,1,FALSE
nlgn4a,131,133,3,+,"","",deletion,364,716,1,FALSE
nlgn4a,126,134,9,+,"","",deletion,365,716,1,FALSE
nlgn4a,131,133,3,+,"","",deletion,366,716,1,FALSE
nlgn4a,127,136,10,+,"","",deletion,367,716,1,FALSE
nlgn4a,129,132,4,+,"","",deletion,368,716,1,FALSE
nlgn4a,127,136,10,+,"","",deletion,369,716,1,FALSE
nlgn4a,126,134,9,+,"","",deletion,370,716,1,FALSE
nlgn4a,129,129,1,+,"","",deletion,371,716,1,FALSE
nlgn4a,134,142,9,+,"","",deletion,372,716,1,FALSE
nlgn4a,126,134,9,+,"","",deletion,373,716,1,FALSE
nlgn4a,129,132,4,+,"","",deletion,374,716,1,FALSE
nlgn4a,129,129,1,+,"","",deletion,375,716,1,FALSE
nlgn4a,126,134,9,+,"","",deletion,376,716,1,FALSE
nlgn4a,126,134,9,+,"","",deletion,377,716,1,FALSE
nlgn4a,129,132,4,+,"","",deletion,378,716,1,FALSE
nlgn4a,134,138,5,+,"","",deletion,380,716,1,FALSE
nlgn4a,126,134,9,+,"","",deletion,381,716,1,FALSE
nlgn4a,126,134,9,+,"","",deletion,382,716,1,FALSE
nlgn4a,134,142,9,+,"","",deletion,383,716,1,FALSE
nlgn4a,127,136,10,+,"","",deletion,386,716,1,FALSE
nlgn4a,126,134,9,+,"","",deletion,387,716,1,FALSE
nlgn4a,129,129,1,+,"","",deletion,388,716,1,FALSE
nlgn4a,129,132,4,+,"","",deletion,389,716,1,FALSE
nlgn4a,126,134,9,+,"","",deletion,390,716,1,FALSE
nlgn4a,126,134,9,+,"","",deletion,391,716,1,FALSE
nlgn4a,129,132,4,+,"","",deletion,392,716,1,FALSE
nlgn4a,134,138,5,+,"","",deletion,393,716,1,FALSE
nlgn4a,131,133,3,+,"","",deletion,394,716,1,FALSE
nlgn4a,126,134,9,+,"","",deletion,396,716,1,FALSE
nlgn4a,131,133,3,+,"","",deletion,398,716,1,FALSE
nlgn4a,126,134,9,+,"","",deletion,399,716,1,FALSE
nlgn4a,131,133,3,+,"","",deletion,401,716,1,FALSE
nlgn4a,129,134,6,+,"","",deletion,402,716,1,FALSE
nlgn4a,129,132,4,+,"","",deletion,403,716,1,FALSE
nlgn4a,129,132,4,+,"","",deletion,404,716,1,FALSE
nlgn4a,134,142,9,+,"","",deletion,405,716,1,FALSE
nlgn4a,134,138,5,+,"","",deletion,406,716,1,FALSE
nlgn4a,126,134,9,+,"","",deletion,407,716,1,FALSE
nlgn4a,134,142,9,+,"","",deletion,408,716,1,FALSE
nlgn4a,127,136,10,+,"","",deletion,409,716,1,FALSE
nlgn4a,127,136,10,+,"","",deletion,410,716,1,FALSE
nlgn4a,134,138,5,+,"","",deletion,411,716,1,FALSE
nlgn4a,126,134,9,+,"","",deletion,412,716,1,FALSE
nlgn4a,134,138,5,+,"","",deletion,414,707,1,FALSE
nlgn4a,129,129,1,+,"","",deletion,415,716,1,FALSE
nlgn4a,129,129,1,+,"","",deletion,416,716,1,FALSE
nlgn4a,129,134,6,+,"","",deletion,417,716,1,FALSE
nlgn4a,134,142,9,+,"","",deletion,418,716,1,FALSE
nlgn4a,134,138,5,+,"","",deletion,419,716,1,FALSE
nlgn4a,126,134,9,+,"","",deletion,420,716,1,FALSE
nlgn4a,129,134,6,+,"","",deletion,421,716,1,FALSE
nlgn4a,129,132,4,+,"","",deletion,422,716,1,FALSE
nlgn4a,129,129,1,+,"","",deletion,423,716,1,FALSE
nlgn4a,134,138,5,+,"","",deletion,425,716,1,FALSE
nlgn4a,128,137,10,+,"","",deletion,427,716,1,FALSE
nlgn4a,131,133,3,+,"","",deletion,428,716,1,FALSE
nlgn4a,134,142,9,+,"","",deletion,429,716,1,FALSE
nlgn4a,131,133,3,+,"","",deletion,430,707,1,FALSE
nlgn4a,131,133,3,+,"","",deletion,433,716,1,FALSE
nlgn4a,131,131,1,+,"","",deletion,434,716,1,FALSE
nlgn4a,131,133,3,+,"","",deletion,435,716,1,FALSE
nlgn4a,129,132,4,+,"","",deletion,436,716,1,FALSE
nlgn4a,129,129,1,+,"","",deletion,437,716,1,FALSE
nlgn4a,129,132,4,+,"","",deletion,438,716,1,FALSE
nlgn4a,129,132,4,+,"","",deletion,439,716,1,FALSE
nlgn4a,129,132,4,+,"","",deletion,440,716,1,FALSE
nlgn4a,129,132,4,+,"","",deletion,441,716,1,FALSE
nlgn4a,129,132,4,+,"","",deletion,442,716,1,FALSE
nlgn4a,129,132,4,+,"","",deletion,443,716,1,FALSE
nlgn4a,129,132,4,+,"","",deletion,444,716,1,FALSE
nlgn4a,129,132,4,+,"","",deletion,445,725,1,FALSE
nlgn4a,129,132,4,+,"","",deletion,446,725,1,FALSE
nlgn4a,129,132,4,+,"","",deletion,447,725,1,FALSE
nlgn4a,129,132,4,+,"","",deletion,448,725,1,FALSE
nlgn4a,129,132,4,+,"","",deletion,449,725,1,FALSE
nlgn4a,129,132,4,+,"","",deletion,450,725,1,FALSE
nlgn4a,129,132,4,+,"","",deletion,451,725,1,FALSE
nlgn4a,129,132,4,+,"","",deletion,452,725,1,FALSE
nlgn4a,129,132,4,+,"","",deletion,453,725,1,FALSE
nlgn4a,129,132,4,+,"","",deletion,454,725,1,FALSE
nlgn4a,129,132,4,+,"","",deletion,455,725,1,FALSE
nlgn4a,129,132,4,+,"","",deletion,456,725,1,FALSE
nlgn4a,129,132,4,+,"","",deletion,457,725,1,FALSE
nlgn4a,129,132,4,+,"","",deletion,458,725,1,FALSE
nlgn4a,129,132,4,+,"","",deletion,459,725,1,FALSE
nlgn4a,129,132,4,+,"","",deletion,460,725,1,FALSE
nlgn4a,129,132,4,+,"","",deletion,461,725,1,FALSE
nlgn4a,129,132,4,+,"","",deletion,462,725,1,FALSE
nlgn4a,129,132,4,+,"","",deletion,463,725,1,FALSE
nlgn4a,129,132,4,+,"","",deletion,464,725,1,FALSE
nlgn4a,129,132,4,+,"","",deletion,465,725,1,FALSE
nlgn4a,129,132,4,+,"","",deletion,466,725,1,FALSE
nlgn4a,129,132,4,+,"","",deletion,467,725,1,FALSE
nlgn4a,129,132,4,+,"","",deletion,468,725,1,FALSE
nlgn4a,129,132,4,+,"","",deletion,469,725,1,FALSE
nlgn4a,129,132,4,+,"","",deletion,470,725,1,FALSE
nlgn4a,129,132,4,+,"","",deletion,471,725,1,FALSE
nlgn4a,129,132,4,+,"","",deletion,472,725,1,FALSE
nlgn4a,129,132,4,+,"","",deletion,473,725,1,FALSE
nlgn4a,129,132,4,+,"","",deletion,474,725,1,FALSE
nlgn4a,129,132,4,+,"","",deletion,475,725,1,FALSE
nlgn4a,129,132,4,+,"","",deletion,476,725,1,FALSE
nlgn4a,129,132,4,+,"","",deletion,477,725,1,FALSE
nlgn4a,129,132,4,+,"","",deletion,478,725,1,FALSE
nlgn4a,129,132,4,+,"","",deletion,479,725,1,FALSE
nlgn4a,129,132,4,+,"","",deletion,480,725,1,FALSE
nlgn4a,129,132,4,+,"","",deletion,481,725,1,FALSE
nlgn4a,129,132,4,+,"","",deletion,482,725,1,FALSE
nlgn4a,129,132,4,+,"","",deletion,483,725,1,FALSE
nlgn4a,129,132,4,+,"","",deletion,484,725,1,FALSE
nlgn4a,129,132,4,+,"","",deletion,485,725,1,FALSE
nlgn4a,129,132,4,+,"","",deletion,486,725,1,FALSE
nlgn4a,129,132,4,+,"","",deletion,487,725,1,FALSE
nlgn4a,129,132,4,+,"","",deletion,488,725,1,FALSE
nlgn4a,129,132,4,+,"","",deletion,489,725,1,FALSE
nlgn4a,129,132,4,+,"","",deletion,490,725,1,FALSE
nlgn4a,129,132,4,+,"","",deletion,491,725,1,FALSE
nlgn4a,129,132,4,+,"","",deletion,492,725,1,FALSE
nlgn4a,129,132,4,+,"","",deletion,493,725,1,FALSE
nlgn4a,129,132,4,+,"","",deletion,494,725,1,FALSE
nlgn4a,129,132,4,+,"","",deletion,495,725,1,FALSE
nlgn4a,129,132,4,+,"","",deletion,496,725,1,FALSE
nlgn4a,129,132,4,+,"","",deletion,497,725,1,FALSE
nlgn4a,129,132,4,+,"","",deletion,498,725,1,FALSE
nlgn4a,129,132,4,+,"","",deletion,499,725,1,FALSE
nlgn4a,129,132,4,+,"","",deletion,500,725,1,FALSE
nlgn4a,129,132,4,+,"","",deletion,501,725,1,FALSE
nlgn4a,129,132,4,+,"","",deletion,502,725,1,FALSE
nlgn4a,129,132,4,+,"","",deletion,503,725,1,FALSE
nlgn4a,129,132,4,+,"","",deletion,504,725,1,FALSE
nlgn4a,129,132,4,+,"","",deletion,505,725,1,FALSE
nlgn4a,129,132,4,+,"","",deletion,506,725,1,FALSE
nlgn4a,129,132,4,+,"","",deletion,507,725,1,FALSE
nlgn4a,129,132,4,+,"","",deletion,508,725,1,FALSE
nlgn4a,129,132,4,+,"","",deletion,509,725,1,FALSE
nlgn4a,129,132,4,+,"","",deletion,510,725,1,FALSE
nlgn4a,129,132,4,+,"","",deletion,511,725,1,FALSE
nlgn4a,129,132,4,+,"","",deletion,512,725,1,FALSE
nlgn4a,129,132,4,+,"","",deletion,513,725,1,FALSE
nlgn4a,129,132,4,+,"","",deletion,514,725,1,FALSE
nlgn4a,129,132,4,+,"","",deletion,515,725,1,FALSE
nlgn4a,129,132,4,+,"","",deletion,516,725,1,FALSE
nlgn4a,129,132,4,+,"","",deletion,517,725,1,FALSE
nlgn4a,129,132,4,+,"","",deletion,518,725,1,FALSE
nlgn4a,129,132,4,+,"","",deletion,519,725,1,FALSE
nlgn4a,129,132,4,+,"","",deletion,520,725,1,FALSE
nlgn4a,129,132,4,+,"","",deletion,521,725,1,FALSE
nlgn4a,129,132,4,+,"","",deletion,522,725,1,FALSE
nlgn4a,129,132,4,+,"","",deletion,523,725,1,FALSE
nlgn4a,129,132,4,+,"","",deletion,524,725,1,FALSE
nlgn4a,129,132,4,+,"","",deletion,525,725,1,FALSE
nlgn4a,129,132,4,+,"","",deletion,526,725,1,FALSE
nlgn4a,129,132,4,+,"","",deletion,527,725,1,FALSE
nlgn4a,129,132,4,+,"","",deletion,528,725,1,FALSE
nlgn4a,129,132,4,+,"","",deletion,529,725,1,FALSE
nlgn4a,129,132,4,+,"","",deletion,530,725,1,FALSE
nlgn4a,129,132,4,+,"","",deletion,531,725,1,FALSE
nlgn4a,129,132,4,+,"","",deletion,532,725,1,FALSE
nlgn4a,129,132,4,+,"","",deletion,533,725,1,FALSE
nlgn4a,129,132,4,+,"","",deletion,534,725,1,FALSE
nlgn4a,129,132,4,+,"","",deletion,535,725,1,FALSE
nlgn4a,129,132,4,+,"","",deletion,536,725,1,FALSE
nlgn4a,129,132,4,+,"","",deletion,537,725,1,FALSE
nlgn4a,129,132,4,+,"","",deletion,538,725,1,FALSE
nlgn4a,129,132,4,+,"","",deletion,539,725,1,FALSE
nlgn4a,129,132,4,+,"","",deletion,540,725,1,FALSE
nlgn4a,129,132,4,+,"","",deletion,541,725,1,FALSE
nlgn4a,129,132,4,+,"","",deletion,542,725,1,FALSE
nlgn4a,129,132,4,+,"","",deletion,543,725,1,FALSE
nlgn4a,129,132,4,+,"","",deletion,544,725,1,FALSE
nlgn4a,129,132,4,+,"","",deletion,545,725,1,FALSE
nlgn4a,129,132,4,+,"","",deletion,546,725,1,FALSE
nlgn4a,129,132,4,+,"","",deletion,547,725,1,FALSE
nlgn4a,129,132,4,+,"","",deletion,548,725,1,FALSE
nlgn4a,129,132,4,+,"","",deletion,549,725,1,FALSE
nlgn4a,129,132,4,+,"","",deletion,550,725,1,FALSE
nlgn4a,129,132,4,+,"","",deletion,551,725,1,FALSE
nlgn4a,129,132,4,+,"","",deletion,552,725,1,FALSE
nlgn4a,129,132,4,+,"","",deletion,553,725,1,FALSE
nlgn4a,129,132,4,+,"","",deletion,554,725,1,FALSE
nlgn4a,129,132,4,+,"","",deletion,555,725,1,FALSE
nlgn4a,129,132,4,+,"","",deletion,556,725,1,FALSE
nlgn4a,129,132,4,+,"","",deletion,557,725,1,FALSE
nlgn4a,129,132,4,+,"","",deletion,558,725,1,FALSE
nlgn4a,129,132,4,+,"","",deletion,559,725,1,FALSE
nlgn4a,129,132,4,+,"","",deletion,560,725,1,FALSE
nlgn4a,129,132,4,+,"","",deletion,561,725,1,FALSE
nlgn4a,129,132,4,+,"","",deletion,562,725,1,FALSE
nlgn4a,129,132,4,+,"","",deletion,563,725,1,FALSE
nlgn4a,129,132,4,+,"","",deletion,564,725,1,FALSE
nlgn4a,129,132,4,+,"","",deletion,565,725,1,FALSE
nlgn4a,129,132,4,+,"","",deletion,566,725,1,FALSE
nlgn4a,129,132,4,+,"","",deletion,567,725,1,FALSE
nlgn4a,129,132,4,+,"","",deletion,568,725,1,FALSE
nlgn4a,129,132,4,+,"","",deletion,569,725,1,FALSE
nlgn4a,129,132,4,+,"","",deletion,570,725,1,FALSE
nlgn4a,129,132,4,+,"","",deletion,571,725,1,FALSE
nlgn4a,129,132,4,+,"","",deletion,572,716,1,FALSE
nlgn4a,129,132,4,+,"","",deletion,573,716,1,FALSE
nlgn4a,129,132,4,+,"","",deletion,574,716,1,FALSE
nlgn4a,129,132,4,+,"","",deletion,575,707,1,FALSE
nlgn4a,129,132,4,+,"","",deletion,576,716,1,FALSE
nlgn4a,129,132,4,+,"","",deletion,577,716,1,FALSE
nlgn4a,129,132,4,+,"","",deletion,578,716,1,FALSE
nlgn4a,129,132,4,+,"","",deletion,579,716,1,FALSE
nlgn4a,129,129,1,+,"","",deletion,580,716,1,FALSE
nlgn4a,129,129,1,+,"","",deletion,581,716,1,FALSE
nlgn4a,129,129,1,+,"","",deletion,582,716,1,FALSE
nlgn4a,129,129,1,+,"","",deletion,583,716,1,FALSE
nlgn4a,129,129,1,+,"","",deletion,584,716,1,FALSE
nlgn4a,129,129,1,+,"","",deletion,585,716,1,FALSE
nlgn4a,129,129,1,+,"","",deletion,586,725,1,FALSE
nlgn4a,129,129,1,+,"","",deletion,587,725,1,FALSE
nlgn4a,129,129,1,+,"","",deletion,588,725,1,FALSE
nlgn4a,129,129,1,+,"","",deletion,589,725,1,FALSE
nlgn4a,129,129,1,+,"","",deletion,590,725,1,FALSE
nlgn4a,129,129,1,+,"","",deletion,591,725,1,FALSE
nlgn4a,129,129,1,+,"","",deletion,592,725,1,FALSE
nlgn4a,129,129,1,+,"","",deletion,593,725,1,FALSE
nlgn4a,129,129,1,+,"","",deletion,594,725,1,FALSE
nlgn4a,129,129,1,+,"","",deletion,595,725,1,FALSE
nlgn4a,129,129,1,+,"","",deletion,596,725,1,FALSE
nlgn4a,129,129,1,+,"","",deletion,597,725,1,FALSE
nlgn4a,129,129,1,+,"","",deletion,598,725,1,FALSE
nlgn4a,129,129,1,+,"","",deletion,599,725,1,FALSE
nlgn4a,129,129,1,+,"","",deletion,600,725,1,FALSE
nlgn4a,129,129,1,+,"","",deletion,601,725,1,FALSE
nlgn4a,129,129,1,+,"","",deletion,602,725,1,FALSE
nlgn4a,129,129,1,+,"","",deletion,603,725,1,FALSE
nlgn4a,129,129,1,+,"","",deletion,604,725,1,FALSE
nlgn4a,129,129,1,+,"","",deletion,605,725,1,FALSE
nlgn4a,129,129,1,+,"","",deletion,606,725,1,FALSE
nlgn4a,129,129,1,+,"","",deletion,607,725,1,FALSE
nlgn4a,129,129,1,+,"","",deletion,608,725,1,FALSE
nlgn4a,129,129,1,+,"","",deletion,609,725,1,FALSE
nlgn4a,129,129,1,+,"","",deletion,610,725,1,FALSE
nlgn4a,129,129,1,+,"","",deletion,611,725,1,FALSE
nlgn4a,129,129,1,+,"","",deletion,612,725,1,FALSE
nlgn4a,129,129,1,+,"","",deletion,613,725,1,FALSE
nlgn4a,129,129,1,+,"","",deletion,614,725,1,FALSE
nlgn4a,129,129,1,+,"","",deletion,615,725,1,FALSE
nlgn4a,129,129,1,+,"","",deletion,616,725,1,FALSE
nlgn4a,129,129,1,+,"","",deletion,617,725,1,FALSE
nlgn4a,129,129,1,+,"","",deletion,618,725,1,FALSE
nlgn4a,129,129,1,+,"","",deletion,619,725,1,FALSE
nlgn4a,129,129,1,+,"","",deletion,620,725,1,FALSE
nlgn4a,129,129,1,+,"","",deletion,621,725,1,FALSE
nlgn4a,129,129,1,+,"","",deletion,622,725,1,FALSE
nlgn4a,129,129,1,+,"","",deletion,623,725,1,FALSE
nlgn4a,129,129,1,+,"","",deletion,624,725,1,FALSE
nlgn4a,129,129,1,+,"","",deletion,625,725,1,FALSE
nlgn4a,129,129,1,+,"","",deletion,626,725,1,FALSE
nlgn4a,129,129,1,+,"","",deletion,627,725,1,FALSE
nlgn4a,129,129,1,+,"","",deletion,628,725,1,FALSE
nlgn4a,129,129,1,+,"","",deletion,629,725,1,FALSE
nlgn4a,129,129,1,+,"","",deletion,630,725,1,FALSE
nlgn4a,129,129,1,+,"","",deletion,631,725,1,FALSE
nlgn4a,129,129,1,+,"","",deletion,632,725,1,FALSE
nlgn4a,129,129,1,+,"","",deletion,633,725,1,FALSE
nlgn4a,129,129,1,+,"","",deletion,634,725,1,FALSE
nlgn4a,129,129,1,+,"","",deletion,635,725,1,FALSE
nlgn4a,129,129,1,+,"","",deletion,636,725,1,FALSE
nlgn4a,129,129,1,+,"","",deletion,637,725,1,FALSE
nlgn4a,129,129,1,+,"","",deletion,638,725,1,FALSE
nlgn4a,129,129,1,+,"","",deletion,639,725,1,FALSE
nlgn4a,129,129,1,+,"","",deletion,640,725,1,FALSE
nlgn4a,129,129,1,+,"","",deletion,641,725,1,FALSE
nlgn4a,129,129,1,+,"","",deletion,642,725,1,FALSE
nlgn4a,129,129,1,+,"","",deletion,643,725,1,FALSE
nlgn4a,129,129,1,+,"","",deletion,644,725,1,FALSE
nlgn4a,129,129,1,+,"","",deletion,645,725,1,FALSE
nlgn4a,129,129,1,+,"","",deletion,646,725,1,FALSE
nlgn4a,129,129,1,+,"","",deletion,647,725,1,FALSE
nlgn4a,129,129,1,+,"","",deletion,648,725,1,FALSE
nlgn4a,129,129,1,+,"","",deletion,649,725,1,FALSE
nlgn4a,129,129,1,+,"","",deletion,650,725,1,FALSE
nlgn4a,129,129,1,+,"","",deletion,651,725,1,FALSE
nlgn4a,129,129,1,+,"","",deletion,652,725,1,FALSE
nlgn4a,129,129,1,+,"","",deletion,653,725,1,FALSE
nlgn4a,129,129,1,+,"","",deletion,654,725,1,FALSE
nlgn4a,129,129,1,+,"","",deletion,655,725,1,FALSE
nlgn4a,129,129,1,+,"","",deletion,656,725,1,FALSE
nlgn4a,129,129,1,+,"","",deletion,657,725,1,FALSE
nlgn4a,129,129,1,+,"","",deletion,658,725,1,FALSE
nlgn4a,129,129,1,+,"","",deletion,659,725,1,FALSE
nlgn4a,129,129,1,+,"","",deletion,660,725,1,FALSE
nlgn4a,129,129,1,+,"","",deletion,661,725,1,FALSE
nlgn4a,129,129,1,+,"","",deletion,662,725,1,FALSE
nlgn4a,129,129,1,+,"","",deletion,663,725,1,FALSE
nlgn4a,129,129,1,+,"","",deletion,664,725,1,FALSE
nlgn4a,129,129,1,+,"","",deletion,665,725,1,FALSE
nlgn4a,129,129,1,+,"","",deletion,666,725,1,FALSE
nlgn4a,129,129,1,+,"","",deletion,667,725,1,FALSE
nlgn4a,129,129,1,+,"","",deletion,668,725,1,FALSE
nlgn4a,129,129,1,+,"","",deletion,669,725,1,FALSE
nlgn4a,129,129,1,+,"","",deletion,670,725,1,FALSE
nlgn4a,129,129,1,+,"","",deletion,671,725,1,FALSE
nlgn4a,129,129,1,+,"","",deletion,672,725,1,FALSE
nlgn4a,129,129,1,+,"","",deletion,673,725,1,FALSE
nlgn4a,129,129,1,+,"","",deletion,674,725,1,FALSE
nlgn4a,129,129,1,+,"","",deletion,675,725,1,FALSE
nlgn4a,129,129,1,+,"","",deletion,676,725,1,FALSE
nlgn4a,129,129,1,+,"","",deletion,677,725,1,FALSE
nlgn4a,129,129,1,+,"","",deletion,678,725,1,FALSE
nlgn4a,129,129,1,+,"","",deletion,679,725,1,FALSE
nlgn4a,129,129,1,+,"","",deletion,680,725,1,FALSE
nlgn4a,129,129,1,+,"","",deletion,681,716,1,FALSE
nlgn4a,129,129,1,+,"","",deletion,682,716,1,FALSE
nlgn4a,129,129,1,+,"","",deletion,683,716,1,FALSE
nlgn4a,134,138,5,+,"","",deletion,686,716,1,FALSE
nlgn4a,132,134,3,+,"","",deletion,699,716,1,FALSE
nlgn4a,132,134,3,+,"","",deletion,718,716,1,FALSE
nlgn4a,131,133,3,+,"","",deletion,719,716,1,FALSE
nlgn4a,131,133,3,+,"","",deletion,720,716,1,FALSE
nlgn4a,131,133,3,+,"","",deletion,721,716,1,FALSE
nlgn4a,131,133,3,+,"","",deletion,722,716,1,FALSE
nlgn4a,131,133,3,+,"","",deletion,744,716,1,FALSE
nlgn4a,131,133,3,+,"","",deletion,745,716,1,FALSE
nlgn4a,131,133,3,+,"","",deletion,746,716,1,FALSE
nlgn4a,131,133,3,+,"","",deletion,747,716,1,FALSE
nlgn4a,131,133,3,+,"","",deletion,748,716,1,FALSE
nlgn4a,131,133,3,+,"","",deletion,749,716,1,FALSE
nlgn4a,131,133,3,+,"","",deletion,750,716,1,FALSE
nlgn4a,131,133,3,+,"","",deletion,751,716,1,FALSE
nlgn4a,131,133,3,+,"","",deletion,752,716,1,FALSE
nlgn4a,131,133,3,+,"","",deletion,753,725,1,FALSE
nlgn4a,131,133,3,+,"","",deletion,754,725,1,FALSE
nlgn4a,131,133,3,+,"","",deletion,755,725,1,FALSE
nlgn4a,131,133,3,+,"","",deletion,756,725,1,FALSE
nlgn4a,131,133,3,+,"","",deletion,757,725,1,FALSE
nlgn4a,131,133,3,+,"","",deletion,758,725,1,FALSE
nlgn4a,131,133,3,+,"","",deletion,759,725,1,FALSE
nlgn4a,131,133,3,+,"","",deletion,760,725,1,FALSE
nlgn4a,131,133,3,+,"","",deletion,761,725,1,FALSE
nlgn4a,131,133,3,+,"","",deletion,762,725,1,FALSE
nlgn4a,131,133,3,+,"","",deletion,763,725,1,FALSE
nlgn4a,131,133,3,+,"","",deletion,764,725,1,FALSE
nlgn4a,131,133,3,+,"","",deletion,765,725,1,FALSE
nlgn4a,131,133,3,+,"","",deletion,766,725,1,FALSE
nlgn4a,131,133,3,+,"","",deletion,767,725,1,FALSE
nlgn4a,131,133,3,+,"","",deletion,768,725,1,FALSE
nlgn4a,131,133,3,+,"","",deletion,769,725,1,FALSE
nlgn4a,131,133,3,+,"","",deletion,770,725,1,FALSE
nlgn4a,131,133,3,+,"","",deletion,771,725,1,FALSE
nlgn4a,131,133,3,+,"","",deletion,772,725,1,FALSE
nlgn4a,131,133,3,+,"","",deletion,773,725,1,FALSE
nlgn4a,131,133,3,+,"","",deletion,774,725,1,FALSE
nlgn4a,131,133,3,+,"","",deletion,775,725,1,FALSE
nlgn4a,131,133,3,+,"","",deletion,776,725,1,FALSE
nlgn4a,131,133,3,+,"","",deletion,777,725,1,FALSE
nlgn4a,131,133,3,+,"","",deletion,778,725,1,FALSE
nlgn4a,131,133,3,+,"","",deletion,779,725,1,FALSE
nlgn4a,131,133,3,+,"","",deletion,780,725,1,FALSE
nlgn4a,131,133,3,+,"","",deletion,781,725,1,FALSE
nlgn4a,131,133,3,+,"","",deletion,782,725,1,FALSE
nlgn4a,131,133,3,+,"","",deletion,783,725,1,FALSE
nlgn4a,131,133,3,+,"","",deletion,784,725,1,FALSE
nlgn4a,131,133,3,+,"","",deletion,785,725,1,FALSE
nlgn4a,131,133,3,+,"","",deletion,786,725,1,FALSE
nlgn4a,131,133,3,+,"","",deletion,787,725,1,FALSE
nlgn4a,131,133,3,+,"","",deletion,788,725,1,FALSE
nlgn4a,131,133,3,+,"","",deletion,789,725,1,FALSE
nlgn4a,131,133,3,+,"","",deletion,790,725,1,FALSE
nlgn4a,131,133,3,+,"","",deletion,791,725,1,FALSE
nlgn4a,131,133,3,+,"","",deletion,792,725,1,FALSE
nlgn4a,131,133,3,+,"","",deletion,793,725,1,FALSE
nlgn4a,131,133,3,+,"","",deletion,794,725,1,FALSE
nlgn4a,131,133,3,+,"","",deletion,795,725,1,FALSE
nlgn4a,131,133,3,+,"","",deletion,796,725,1,FALSE
nlgn4a,131,133,3,+,"","",deletion,797,725,1,FALSE
nlgn4a,131,133,3,+,"","",deletion,798,725,1,FALSE
nlgn4a,131,133,3,+,"","",deletion,799,725,1,FALSE
nlgn4a,131,133,3,+,"","",deletion,800,725,1,FALSE
nlgn4a,131,133,3,+,"","",deletion,801,725,1,FALSE
nlgn4a,131,133,3,+,"","",deletion,802,725,1,FALSE
nlgn4a,131,133,3,+,"","",deletion,803,725,1,FALSE
nlgn4a,131,133,3,+,"","",deletion,804,725,1,FALSE
nlgn4a,131,133,3,+,"","",deletion,805,725,1,FALSE
nlgn4a,131,133,3,+,"","",deletion,806,725,1,FALSE
nlgn4a,131,133,3,+,"","",deletion,807,725,1,FALSE
nlgn4a,131,133,3,+,"","",deletion,808,725,1,FALSE
nlgn4a,131,133,3,+,"","",deletion,809,725,1,FALSE
nlgn4a,131,133,3,+,"","",deletion,810,725,1,FALSE
nlgn4a,131,133,3,+,"","",deletion,811,725,1,FALSE
nlgn4a,131,133,3,+,"","",deletion,812,725,1,FALSE
nlgn4a,131,133,3,+,"","",deletion,813,725,1,FALSE
nlgn4a,131,133,3,+,"","",deletion,814,725,1,FALSE
nlgn4a,131,133,3,+,"","",deletion,815,725,1,FALSE
nlgn4a,131,133,3,+,"","",deletion,816,725,1,FALSE
nlgn4a,131,133,3,+,"","",deletion,817,725,1,FALSE
nlgn4a,131,133,3,+,"","",deletion,818,725,1,FALSE
nlgn4a,131,133,3,+,"","",deletion,819,725,1,FALSE
nlgn4a,131,133,3,+,"","",deletion,820,725,1,FALSE
nlgn4a,131,133,3,+,"","",deletion,821,725,1,FALSE
nlgn4a,131,133,3,+,"","",deletion,822,725,1,FALSE
nlgn4a,131,133,3,+,"","",deletion,823,725,1,FALSE
nlgn4a,131,133,3,+,"","",deletion,824,725,1,FALSE
nlgn4a,131,133,3,+,"","",deletion,825,725,1,FALSE
nlgn4a,131,133,3,+,"","",deletion,826,725,1,FALSE
nlgn4a,131,133,3,+,"","",deletion,827,725,1,FALSE
nlgn4a,131,133,3,+,"","",deletion,828,725,1,FALSE
nlgn4a,131,133,3,+,"","",deletion,829,725,1,FALSE
nlgn4a,131,133,3,+,"","",deletion,830,725,1,FALSE
nlgn4a,131,133,3,+,"","",deletion,831,725,1,FALSE
nlgn4a,131,133,3,+,"","",deletion,832,725,1,FALSE
nlgn4a,131,133,3,+,"","",deletion,833,725,1,FALSE
nlgn4a,131,133,3,+,"","",deletion,834,725,1,FALSE
nlgn4a,131,133,3,+,"","",deletion,835,725,1,FALSE
nlgn4a,131,133,3,+,"","",deletion,836,725,1,FALSE
nlgn4a,131,133,3,+,"","",deletion,837,725,1,FALSE
nlgn4a,131,133,3,+,"","",deletion,838,725,1,FALSE
nlgn4a,131,133,3,+,"","",deletion,839,725,1,FALSE
nlgn4a,131,133,3,+,"","",deletion,840,725,1,FALSE
nlgn4a,131,133,3,+,"","",deletion,841,725,1,FALSE
nlgn4a,131,133,3,+,"","",deletion,842,725,1,FALSE
nlgn4a,131,133,3,+,"","",deletion,843,725,1,FALSE
nlgn4a,131,133,3,+,"","",deletion,844,725,1,FALSE
nlgn4a,131,133,3,+,"","",deletion,845,725,1,FALSE
nlgn4a,131,133,3,+,"","",deletion,846,725,1,FALSE
nlgn4a,131,133,3,+,"","",deletion,847,725,1,FALSE
nlgn4a,131,133,3,+,"","",deletion,848,725,1,FALSE
nlgn4a,131,133,3,+,"","",deletion,849,725,1,FALSE
nlgn4a,131,133,3,+,"","",deletion,850,725,1,FALSE
nlgn4a,131,133,3,+,"","",deletion,851,725,1,FALSE
nlgn4a,131,133,3,+,"","",deletion,852,725,1,FALSE
nlgn4a,131,133,3,+,"","",deletion,853,725,1,FALSE
nlgn4a,131,133,3,+,"","",deletion,854,725,1,FALSE
nlgn4a,131,133,3,+,"","",deletion,855,725,1,FALSE
nlgn4a,131,133,3,+,"","",deletion,856,725,1,FALSE
nlgn4a,131,133,3,+,"","",deletion,857,725,1,FALSE
nlgn4a,131,133,3,+,"","",deletion,858,725,1,FALSE
nlgn4a,131,133,3,+,"","",deletion,859,725,1,FALSE
nlgn4a,131,133,3,+,"","",deletion,860,725,1,FALSE
nlgn4a,131,133,3,+,"","",deletion,861,725,1,FALSE
nlgn4a,131,133,3,+,"","",deletion,862,725,1,FALSE
nlgn4a,131,133,3,+,"","",deletion,863,725,1,FALSE
nlgn4a,131,133,3,+,"","",deletion,864,725,1,FALSE
nlgn4a,131,133,3,+,"","",deletion,865,725,1,FALSE
nlgn4a,131,133,3,+,"","",deletion,866,725,1,FALSE
nlgn4a,131,133,3,+,"","",deletion,867,725,1,FALSE
nlgn4a,131,133,3,+,"","",deletion,868,725,1,FALSE
nlgn4a,131,133,3,+,"","",deletion,869,725,1,FALSE
nlgn4a,131,133,3,+,"","",deletion,870,725,1,FALSE
nlgn4a,131,133,3,+,"","",deletion,871,725,1,FALSE
nlgn4a,131,133,3,+,"","",deletion,872,725,1,FALSE
nlgn4a,131,133,3,+,"","",deletion,873,725,1,FALSE
nlgn4a,131,133,3,+,"","",deletion,874,725,1,FALSE
nlgn4a,131,133,3,+,"","",deletion,875,725,1,FALSE
nlgn4a,131,133,3,+,"","",deletion,876,725,1,FALSE
nlgn4a,131,133,3,+,"","",deletion,877,725,1,FALSE
nlgn4a,131,133,3,+,"","",deletion,878,725,1,FALSE
nlgn4a,131,133,3,+,"","",deletion,879,725,1,FALSE
nlgn4a,131,133,3,+,"","",deletion,880,725,1,FALSE
nlgn4a,131,133,3,+,"","",deletion,881,725,1,FALSE
nlgn4a,131,133,3,+,"","",deletion,882,725,1,FALSE
nlgn4a,131,133,3,+,"","",deletion,883,725,1,FALSE
nlgn4a,131,133,3,+,"","",deletion,884,725,1,FALSE
nlgn4a,131,133,3,+,"","",deletion,885,725,1,FALSE
nlgn4a,131,133,3,+,"","",deletion,886,725,1,FALSE
nlgn4a,131,133,3,+,"","",deletion,887,725,1,FALSE
nlgn4a,131,133,3,+,"","",deletion,888,725,1,FALSE
nlgn4a,131,133,3,+,"","",deletion,889,725,1,FALSE
nlgn4a,131,133,3,+,"","",deletion,890,725,1,FALSE
nlgn4a,131,133,3,+,"","",deletion,891,725,1,FALSE
nlgn4a,131,133,3,+,"","",deletion,892,725,1,FALSE
nlgn4a,131,133,3,+,"","",deletion,893,725,1,FALSE
nlgn4a,131,133,3,+,"","",deletion,894,725,1,FALSE
nlgn4a,131,133,3,+,"","",deletion,895,725,1,FALSE
nlgn4a,131,133,3,+,"","",deletion,896,725,1,FALSE
nlgn4a,131,133,3,+,"","",deletion,897,725,1,FALSE
nlgn4a,131,133,3,+,"","",deletion,898,725,1,FALSE
nlgn4a,131,133,3,+,"","",deletion,899,725,1,FALSE
nlgn4a,131,133,3,+,"","",deletion,900,725,1,FALSE
nlgn4a,131,133,3,+,"","",deletion,901,725,1,FALSE
nlgn4a,131,133,3,+,"","",deletion,902,725,1,FALSE
nlgn4a,131,133,3,+,"","",deletion,903,725,1,FALSE
nlgn4a,131,133,3,+,"","",deletion,904,725,1,FALSE
nlgn4a,131,133,3,+,"","",deletion,905,725,1,FALSE
nlgn4a,131,133,3,+,"","",deletion,906,725,1,FALSE
nlgn4a,131,133,3,+,"","",deletion,907,725,1,FALSE
nlgn4a,131,133,3,+,"","",deletion,908,725,1,FALSE
nlgn4a,131,133,3,+,"","",deletion,909,725,1,FALSE
nlgn4a,131,133,3,+,"","",deletion,910,725,1,FALSE
nlgn4a,131,133,3,+,"","",deletion,911,725,1,FALSE
nlgn4a,131,133,3,+,"","",deletion,912,725,1,FALSE
nlgn4a,131,133,3,+,"","",deletion,913,725,1,FALSE
nlgn4a,131,133,3,+,"","",deletion,914,725,1,FALSE
nlgn4a,131,133,3,+,"","",deletion,915,725,1,FALSE
nlgn4a,131,133,3,+,"","",deletion,916,725,1,FALSE
nlgn4a,131,133,3,+,"","",deletion,917,725,1,FALSE
nlgn4a,131,133,3,+,"","",deletion,918,725,1,FALSE
nlgn4a,131,133,3,+,"","",deletion,919,725,1,FALSE
nlgn4a,131,133,3,+,"","",deletion,920,725,1,FALSE
nlgn4a,131,133,3,+,"","",deletion,921,725,1,FALSE
nlgn4a,131,133,3,+,"","",deletion,922,725,1,FALSE
nlgn4a,131,133,3,+,"","",deletion,923,725,1,FALSE
nlgn4a,131,133,3,+,"","",deletion,924,725,1,FALSE
nlgn4a,131,133,3,+,"","",deletion,925,725,1,FALSE
nlgn4a,131,133,3,+,"","",deletion,926,725,1,FALSE
nlgn4a,131,133,3,+,"","",deletion,927,725,1,FALSE
nlgn4a,131,133,3,+,"","",deletion,928,725,1,FALSE
nlgn4a,131,133,3,+,"","",deletion,929,725,1,FALSE
nlgn4a,131,133,3,+,"","",deletion,930,725,1,FALSE
nlgn4a,131,133,3,+,"","",deletion,931,725,1,FALSE
nlgn4a,131,133,3,+,"","",deletion,932,725,1,FALSE
nlgn4a,131,133,3,+,"","",deletion,933,725,1,FALSE
nlgn4a,131,133,3,+,"","",deletion,934,725,1,FALSE
nlgn4a,131,133,3,+,"","",deletion,935,725,1,FALSE
nlgn4a,131,133,3,+,"","",deletion,936,725,1,FALSE
nlgn4a,131,133,3,+,"","",deletion,937,725,1,FALSE
nlgn4a,131,133,3,+,"","",deletion,938,725,1,FALSE
nlgn4a,131,133,3,+,"","",deletion,939,725,1,FALSE
nlgn4a,131,133,3,+,"","",deletion,940,725,1,FALSE
nlgn4a,131,133,3,+,"","",deletion,941,725,1,FALSE
nlgn4a,131,133,3,+,"","",deletion,942,725,1,FALSE
nlgn4a,131,133,3,+,"","",deletion,943,725,1,FALSE
nlgn4a,131,133,3,+,"","",deletion,944,725,1,FALSE
nlgn4a,131,133,3,+,"","",deletion,945,725,1,FALSE
nlgn4a,131,133,3,+,"","",deletion,946,725,1,FALSE
nlgn4a,131,133,3,+,"","",deletion,947,725,1,FALSE
nlgn4a,131,133,3,+,"","",deletion,948,725,1,FALSE
nlgn4a,131,133,3,+,"","",deletion,949,725,1,FALSE
nlgn4a,131,133,3,+,"","",deletion,950,725,1,FALSE
nlgn4a,131,133,3,+,"","",deletion,951,725,1,FALSE
nlgn4a,131,133,3,+,"","",deletion,952,725,1,FALSE
nlgn4a,131,133,3,+,"","",deletion,953,725,1,FALSE
nlgn4a,131,133,3,+,"","",deletion,954,725,1,FALSE
nlgn4a,131,133,3,+,"","",deletion,955,716,1,FALSE
nlgn4a,131,133,3,+,"","",deletion,956,716,1,FALSE
nlgn4a,131,133,3,+,"","",deletion,957,716,1,FALSE
nlgn4a,131,133,3,+,"","",deletion,958,716,1,FALSE
nlgn4a,131,133,3,+,"","",deletion,959,716,1,FALSE
nlgn4a,131,133,3,+,"","",deletion,960,716,1,FALSE
nlgn4a,131,133,3,+,"","",deletion,961,716,1,FALSE
nlgn4a,131,133,3,+,"","",deletion,962,716,1,FALSE
nlgn4a,134,142,9,+,"","",deletion,963,716,1,FALSE
nlgn4a,134,142,9,+,"","",deletion,973,716,1,FALSE
nlgn4a,134,142,9,+,"","",deletion,974,716,1,FALSE
nlgn4a,134,142,9,+,"","",deletion,975,716,1,FALSE
nlgn4a,134,142,9,+,"","",deletion,976,716,1,FALSE
nlgn4a,134,142,9,+,"","",deletion,977,716,1,FALSE
nlgn4a,134,142,9,+,"","",deletion,978,725,1,FALSE
nlgn4a,134,142,9,+,"","",deletion,979,725,1,FALSE
nlgn4a,134,142,9,+,"","",deletion,980,725,1,FALSE
nlgn4a,134,142,9,+,"","",deletion,981,725,1,FALSE
nlgn4a,134,142,9,+,"","",deletion,982,725,1,FALSE
nlgn4a,134,142,9,+,"","",deletion,983,725,1,FALSE
nlgn4a,134,142,9,+,"","",deletion,984,725,1,FALSE
nlgn4a,134,142,9,+,"","",deletion,985,725,1,FALSE
nlgn4a,134,142,9,+,"","",deletion,986,725,1,FALSE
nlgn4a,134,142,9,+,"","",deletion,987,725,1,FALSE
nlgn4a,134,142,9,+,"","",deletion,988,725,1,FALSE
nlgn4a,134,142,9,+,"","",deletion,989,725,1,FALSE
nlgn4a,134,142,9,+,"","",deletion,990,725,1,FALSE
nlgn4a,134,142,9,+,"","",deletion,991,725,1,FALSE
nlgn4a,134,142,9,+,"","",deletion,992,725,1,FALSE
nlgn4a,134,142,9,+,"","",deletion,993,725,1,FALSE
nlgn4a,134,142,9,+,"","",deletion,994,725,1,FALSE
nlgn4a,134,142,9,+,"","",deletion,995,725,1,FALSE
nlgn4a,134,142,9,+,"","",deletion,996,725,1,FALSE
nlgn4a,134,142,9,+,"","",deletion,997,725,1,FALSE
nlgn4a,134,142,9,+,"","",deletion,998,725,1,FALSE
nlgn4a,134,142,9,+,"","",deletion,999,725,1,FALSE
nlgn4a,134,142,9,+,"","",deletion,1000,725,1,FALSE
nlgn4a,134,142,9,+,"","",deletion,1001,725,1,FALSE
nlgn4a,134,142,9,+,"","",deletion,1002,725,1,FALSE
nlgn4a,134,142,9,+,"","",deletion,1003,725,1,FALSE
nlgn4a,134,142,9,+,"","",deletion,1004,725,1,FALSE
nlgn4a,134,142,9,+,"","",deletion,1005,725,1,FALSE
nlgn4a,134,142,9,+,"","",deletion,1006,725,1,FALSE
nlgn4a,134,142,9,+,"","",deletion,1007,725,1,FALSE
nlgn4a,134,142,9,+,"","",deletion,1008,725,1,FALSE
nlgn4a,134,142,9,+,"","",deletion,1009,725,1,FALSE
nlgn4a,134,142,9,+,"","",deletion,1010,725,1,FALSE
nlgn4a,134,142,9,+,"","",deletion,1011,725,1,FALSE
nlgn4a,134,142,9,+,"","",deletion,1012,725,1,FALSE
nlgn4a,134,142,9,+,"","",deletion,1013,725,1,FALSE
nlgn4a,134,142,9,+,"","",deletion,1014,725,1,FALSE
nlgn4a,134,142,9,+,"","",deletion,1015,725,1,FALSE
nlgn4a,134,142,9,+,"","",deletion,1016,725,1,FALSE
nlgn4a,134,142,9,+,"","",deletion,1017,725,1,FALSE
nlgn4a,134,142,9,+,"","",deletion,1018,725,1,FALSE
nlgn4a,134,142,9,+,"","",deletion,1019,725,1,FALSE
nlgn4a,134,142,9,+,"","",deletion,1020,725,1,FALSE
nlgn4a,134,142,9,+,"","",deletion,1021,725,1,FALSE
nlgn4a,134,142,9,+,"","",deletion,1022,725,1,FALSE
nlgn4a,134,142,9,+,"","",deletion,1023,725,1,FALSE
nlgn4a,134,142,9,+,"","",deletion,1024,725,1,FALSE
nlgn4a,134,142,9,+,"","",deletion,1025,725,1,FALSE
nlgn4a,134,142,9,+,"","",deletion,1026,725,1,FALSE
nlgn4a,134,142,9,+,"","",deletion,1027,725,1,FALSE
nlgn4a,134,142,9,+,"","",deletion,1028,725,1,FALSE
nlgn4a,134,142,9,+,"","",deletion,1029,725,1,FALSE
nlgn4a,134,142,9,+,"","",deletion,1030,725,1,FALSE
nlgn4a,134,142,9,+,"","",deletion,1031,725,1,FALSE
nlgn4a,134,142,9,+,"","",deletion,1032,725,1,FALSE
nlgn4a,134,142,9,+,"","",deletion,1033,725,1,FALSE
nlgn4a,134,142,9,+,"","",deletion,1034,725,1,FALSE
nlgn4a,134,142,9,+,"","",deletion,1035,725,1,FALSE
nlgn4a,134,142,9,+,"","",deletion,1036,725,1,FALSE
nlgn4a,134,142,9,+,"","",deletion,1037,725,1,FALSE
nlgn4a,134,142,9,+,"","",deletion,1038,725,1,FALSE
nlgn4a,134,142,9,+,"","",deletion,1039,725,1,FALSE
nlgn4a,134,142,9,+,"","",deletion,1040,725,1,FALSE
nlgn4a,134,142,9,+,"","",deletion,1041,725,1,FALSE
nlgn4a,134,142,9,+,"","",deletion,1042,725,1,FALSE
nlgn4a,134,142,9,+,"","",deletion,1043,725,1,FALSE
nlgn4a,134,142,9,+,"","",deletion,1044,725,1,FALSE
nlgn4a,134,142,9,+,"","",deletion,1045,725,1,FALSE
nlgn4a,134,142,9,+,"","",deletion,1046,725,1,FALSE
nlgn4a,134,142,9,+,"","",deletion,1047,725,1,FALSE
nlgn4a,134,142,9,+,"","",deletion,1048,725,1,FALSE
nlgn4a,134,142,9,+,"","",deletion,1049,725,1,FALSE
nlgn4a,134,142,9,+,"","",deletion,1050,725,1,FALSE
nlgn4a,134,142,9,+,"","",deletion,1051,725,1,FALSE
nlgn4a,134,142,9,+,"","",deletion,1052,725,1,FALSE
nlgn4a,134,142,9,+,"","",deletion,1053,725,1,FALSE
nlgn4a,134,142,9,+,"","",deletion,1054,725,1,FALSE
nlgn4a,134,142,9,+,"","",deletion,1055,725,1,FALSE
nlgn4a,134,142,9,+,"","",deletion,1056,725,1,FALSE
nlgn4a,134,142,9,+,"","",deletion,1057,725,1,FALSE
nlgn4a,134,142,9,+,"","",deletion,1058,725,1,FALSE
nlgn4a,134,142,9,+,"","",deletion,1059,725,1,FALSE
nlgn4a,134,142,9,+,"","",deletion,1060,725,1,FALSE
nlgn4a,134,142,9,+,"","",deletion,1061,725,1,FALSE
nlgn4a,134,142,9,+,"","",deletion,1062,725,1,FALSE
nlgn4a,134,142,9,+,"","",deletion,1063,725,1,FALSE
nlgn4a,134,142,9,+,"","",deletion,1064,725,1,FALSE
nlgn4a,134,142,9,+,"","",deletion,1065,725,1,FALSE
nlgn4a,134,142,9,+,"","",deletion,1066,725,1,FALSE
nlgn4a,134,142,9,+,"","",deletion,1067,725,1,FALSE
nlgn4a,134,142,9,+,"","",deletion,1068,725,1,FALSE
nlgn4a,134,142,9,+,"","",deletion,1069,725,1,FALSE
nlgn4a,134,142,9,+,"","",deletion,1070,725,1,FALSE
nlgn4a,134,142,9,+,"","",deletion,1071,725,1,FALSE
nlgn4a,134,142,9,+,"","",deletion,1072,725,1,FALSE
nlgn4a,134,142,9,+,"","",deletion,1073,725,1,FALSE
nlgn4a,134,142,9,+,"","",deletion,1074,725,1,FALSE
nlgn4a,134,142,9,+,"","",deletion,1075,725,1,FALSE
nlgn4a,134,142,9,+,"","",deletion,1076,725,1,FALSE
nlgn4a,134,142,9,+,"","",deletion,1077,716,1,FALSE
nlgn4a,134,142,9,+,"","",deletion,1078,716,1,FALSE
nlgn4a,134,142,9,+,"","",deletion,1079,716,1,FALSE
nlgn4a,134,142,9,+,"","",deletion,1080,716,1,FALSE
nlgn4a,134,142,9,+,"","",deletion,1081,716,1,FALSE
nlgn4a,134,142,9,+,"","",deletion,1082,716,1,FALSE
nlgn4a,134,142,9,+,"","",deletion,1083,716,1,FALSE
nlgn4a,134,142,9,+,"","",deletion,1084,716,1,FALSE
nlgn4a,135,139,5,+,"","",deletion,1085,716,1,FALSE
nlgn4a,136,144,9,+,"","",deletion,1093,716,1,FALSE
nlgn4a,135,143,9,+,"","",deletion,1259,716,1,FALSE
nlgn4a,134,138,5,+,"","",deletion,1260,716,1,FALSE
nlgn4a,134,138,5,+,"","",deletion,1261,716,1,FALSE
nlgn4a,134,138,5,+,"","",deletion,1262,725,1,FALSE
nlgn4a,134,138,5,+,"","",deletion,1263,725,1,FALSE
nlgn4a,134,138,5,+,"","",deletion,1264,725,1,FALSE
nlgn4a,134,138,5,+,"","",deletion,1265,725,1,FALSE
nlgn4a,134,138,5,+,"","",deletion,1266,725,1,FALSE
nlgn4a,134,138,5,+,"","",deletion,1267,725,1,FALSE
nlgn4a,134,138,5,+,"","",deletion,1268,725,1,FALSE
nlgn4a,134,138,5,+,"","",deletion,1269,725,1,FALSE
nlgn4a,134,138,5,+,"","",deletion,1270,725,1,FALSE
nlgn4a,134,138,5,+,"","",deletion,1271,725,1,FALSE
nlgn4a,134,138,5,+,"","",deletion,1272,725,1,FALSE
nlgn4a,134,138,5,+,"","",deletion,1273,725,1,FALSE
nlgn4a,134,138,5,+,"","",deletion,1274,725,1,FALSE
nlgn4a,134,138,5,+,"","",deletion,1275,725,1,FALSE
nlgn4a,134,138,5,+,"","",deletion,1276,725,1,FALSE
nlgn4a,134,138,5,+,"","",deletion,1277,725,1,FALSE
nlgn4a,134,138,5,+,"","",deletion,1278,725,1,FALSE
nlgn4a,134,138,5,+,"","",deletion,1279,725,1,FALSE
nlgn4a,134,138,5,+,"","",deletion,1280,725,1,FALSE
nlgn4a,134,138,5,+,"","",deletion,1281,725,1,FALSE
nlgn4a,134,138,5,+,"","",deletion,1282,725,1,FALSE
nlgn4a,134,138,5,+,"","",deletion,1283,725,1,FALSE
nlgn4a,134,138,5,+,"","",deletion,1284,725,1,FALSE
nlgn4a,134,138,5,+,"","",deletion,1285,725,1,FALSE
nlgn4a,134,138,5,+,"","",deletion,1286,725,1,FALSE
nlgn4a,134,138,5,+,"","",deletion,1287,725,1,FALSE
nlgn4a,134,138,5,+,"","",deletion,1288,725,1,FALSE
nlgn4a,134,138,5,+,"","",deletion,1289,725,1,FALSE
nlgn4a,134,138,5,+,"","",deletion,1290,725,1,FALSE
nlgn4a,134,138,5,+,"","",deletion,1291,725,1,FALSE
nlgn4a,134,138,5,+,"","",deletion,1292,725,1,FALSE
nlgn4a,134,138,5,+,"","",deletion,1293,725,1,FALSE
nlgn4a,134,138,5,+,"","",deletion,1294,725,1,FALSE
nlgn4a,134,138,5,+,"","",deletion,1295,725,1,FALSE
nlgn4a,134,138,5,+,"","",deletion,1296,725,1,FALSE
nlgn4a,134,138,5,+,"","",deletion,1297,725,1,FALSE
nlgn4a,134,138,5,+,"","",deletion,1298,725,1,FALSE
nlgn4a,134,138,5,+,"","",deletion,1299,725,1,FALSE
nlgn4a,134,138,5,+,"","",deletion,1300,725,1,FALSE
nlgn4a,134,138,5,+,"","",deletion,1301,725,1,FALSE
nlgn4a,134,138,5,+,"","",deletion,1302,725,1,FALSE
nlgn4a,134,138,5,+,"","",deletion,1303,725,1,FALSE
nlgn4a,134,138,5,+,"","",deletion,1304,725,1,FALSE
nlgn4a,134,138,5,+,"","",deletion,1305,725,1,FALSE
nlgn4a,134,138,5,+,"","",deletion,1306,725,1,FALSE
nlgn4a,134,138,5,+,"","",deletion,1307,725,1,FALSE
nlgn4a,134,138,5,+,"","",deletion,1308,725,1,FALSE
nlgn4a,134,138,5,+,"","",deletion,1309,725,1,FALSE
nlgn4a,134,138,5,+,"","",deletion,1310,725,1,FALSE
nlgn4a,134,138,5,+,"","",deletion,1311,725,1,FALSE
nlgn4a,134,138,5,+,"","",deletion,1312,725,1,FALSE
nlgn4a,134,138,5,+,"","",deletion,1313,725,1,FALSE
nlgn4a,134,138,5,+,"","",deletion,1314,725,1,FALSE
nlgn4a,134,138,5,+,"","",deletion,1315,725,1,FALSE
nlgn4a,134,138,5,+,"","",deletion,1316,725,1,FALSE
nlgn4a,134,138,5,+,"","",deletion,1317,725,1,FALSE
nlgn4a,134,138,5,+,"","",deletion,1318,725,1,FALSE
nlgn4a,134,138,5,+,"","",deletion,1319,725,1,FALSE
nlgn4a,134,138,5,+,"","",deletion,1320,725,1,FALSE
nlgn4a,134,138,5,+,"","",deletion,1321,725,1,FALSE
nlgn4a,134,138,5,+,"","",deletion,1322,725,1,FALSE
nlgn4a,134,138,5,+,"","",deletion,1323,716,1,FALSE
nlgn4a,134,138,5,+,"","",deletion,1324,716,1,FALSE
nlgn4a,134,138,5,+,"","",deletion,1325,716,1,FALSE
nlgn4a,134,138,5,+,"","",deletion,1326,716,1,FALSE
nlgn4a,134,138,5,+,"","",deletion,1328,716,1,FALSE
nlgn4a,134,142,9,+,"","",deletion,1329,716,1,FALSE
nlgn4a,134,138,5,+,"","",deletion,1330,716,1,FALSE
nlgn4a,132,134,3,+,"","",deletion,1350,725,1,FALSE
nlgn4a,134,142,9,+,"","",deletion,1352,716,1,FALSE
nlgn4a,131,133,3,+,"","",deletion,1353,716,1,FALSE
nlgn4a,131,133,3,+,"","",deletion,1354,716,1,FALSE
nlgn4a,129,134,6,+,"","",deletion,1355,716,1,FALSE
nlgn4a,129,134,6,+,"","",deletion,1356,716,1,FALSE
nlgn4a,129,134,6,+,"","",deletion,1357,716,1,FALSE
nlgn4a,129,134,6,+,"","",deletion,1358,716,1,FALSE
nlgn4a,129,134,6,+,"","",deletion,1359,716,1,FALSE
nlgn4a,129,134,6,+,"","",deletion,1360,725,1,FALSE
nlgn4a,129,134,6,+,"","",deletion,1361,725,1,FALSE
nlgn4a,129,134,6,+,"","",deletion,1362,725,1,FALSE
nlgn4a,129,134,6,+,"","",deletion,1363,725,1,FALSE
nlgn4a,129,134,6,+,"","",deletion,1364,725,1,FALSE
nlgn4a,129,134,6,+,"","",deletion,1365,725,1,FALSE
nlgn4a,129,134,6,+,"","",deletion,1366,725,1,FALSE
nlgn4a,129,134,6,+,"","",deletion,1367,725,1,FALSE
nlgn4a,129,134,6,+,"","",deletion,1368,725,1,FALSE
nlgn4a,129,134,6,+,"","",deletion,1369,725,1,FALSE
nlgn4a,129,134,6,+,"","",deletion,1370,725,1,FALSE
nlgn4a,129,134,6,+,"","",deletion,1371,725,1,FALSE
nlgn4a,129,134,6,+,"","",deletion,1372,725,1,FALSE
nlgn4a,129,134,6,+,"","",deletion,1373,725,1,FALSE
nlgn4a,129,134,6,+,"","",deletion,1374,725,1,FALSE
nlgn4a,129,134,6,+,"","",deletion,1375,725,1,FALSE
nlgn4a,129,134,6,+,"","",deletion,1376,725,1,FALSE
nlgn4a,129,134,6,+,"","",deletion,1377,725,1,FALSE
nlgn4a,129,134,6,+,"","",deletion,1378,725,1,FALSE
nlgn4a,129,134,6,+,"","",deletion,1379,725,1,FALSE
nlgn4a,129,134,6,+,"","",deletion,1380,725,1,FALSE
nlgn4a,129,134,6,+,"","",deletion,1381,725,1,FALSE
nlgn4a,129,134,6,+,"","",deletion,1382,725,1,FALSE
nlgn4a,129,134,6,+,"","",deletion,1383,725,1,FALSE
nlgn4a,129,134,6,+,"","",deletion,1384,725,1,FALSE
nlgn4a,129,134,6,+,"","",deletion,1385,725,1,FALSE
nlgn4a,129,134,6,+,"","",deletion,1386,725,1,FALSE
nlgn4a,129,134,6,+,"","",deletion,1387,725,1,FALSE
nlgn4a,129,134,6,+,"","",deletion,1388,725,1,FALSE
nlgn4a,129,134,6,+,"","",deletion,1389,725,1,FALSE
nlgn4a,129,134,6,+,"","",deletion,1390,725,1,FALSE
nlgn4a,129,134,6,+,"","",deletion,1391,725,1,FALSE
nlgn4a,129,134,6,+,"","",deletion,1392,725,1,FALSE
nlgn4a,129,134,6,+,"","",deletion,1393,725,1,FALSE
nlgn4a,129,134,6,+,"","",deletion,1394,725,1,FALSE
nlgn4a,129,134,6,+,"","",deletion,1395,725,1,FALSE
nlgn4a,129,134,6,+,"","",deletion,1396,725,1,FALSE
nlgn4a,129,134,6,+,"","",deletion,1397,725,1,FALSE
nlgn4a,129,134,6,+,"","",deletion,1398,725,1,FALSE
nlgn4a,129,134,6,+,"","",deletion,1399,725,1,FALSE
nlgn4a,129,134,6,+,"","",deletion,1400,725,1,FALSE
nlgn4a,129,134,6,+,"","",deletion,1401,716,1,FALSE
nlgn4a,129,134,6,+,"","",deletion,1402,716,1,FALSE
nlgn4a,129,134,6,+,"","",deletion,1403,716,1,FALSE
nlgn4a,129,134,6,+,"","",deletion,1404,716,1,FALSE
nlgn4a,129,134,6,+,"","",deletion,1405,716,1,FALSE
nlgn4a,134,142,9,+,"","",deletion,1406,707,1,FALSE
nlgn4a,127,136,10,+,"","",deletion,1407,716,1,FALSE
nlgn4a,127,136,10,+,"","",deletion,1408,716,1,FALSE
nlgn4a,127,136,10,+,"","",deletion,1409,716,1,FALSE
nlgn4a,127,136,10,+,"","",deletion,1410,716,1,FALSE
nlgn4a,127,136,10,+,"","",deletion,1411,716,1,FALSE
nlgn4a,127,136,10,+,"","",deletion,1412,716,1,FALSE
nlgn4a,127,136,10,+,"","",deletion,1413,716,1,FALSE
nlgn4a,127,136,10,+,"","",deletion,1414,716,1,FALSE
nlgn4a,127,136,10,+,"","",deletion,1415,716,1,FALSE
nlgn4a,127,136,10,+,"","",deletion,1416,716,1,FALSE
nlgn4a,127,136,10,+,"","",deletion,1417,716,1,FALSE
nlgn4a,127,136,10,+,"","",deletion,1418,716,1,FALSE
nlgn4a,127,136,10,+,"","",deletion,1419,716,1,FALSE
nlgn4a,127,136,10,+,"","",deletion,1420,716,1,FALSE
nlgn4a,127,136,10,+,"","",deletion,1421,716,1,FALSE
nlgn4a,127,136,10,+,"","",deletion,1422,716,1,FALSE
nlgn4a,127,136,10,+,"","",deletion,1423,716,1,FALSE
nlgn4a,127,136,10,+,"","",deletion,1424,716,1,FALSE
nlgn4a,127,136,10,+,"","",deletion,1425,716,1,FALSE
nlgn4a,127,136,10,+,"","",deletion,1426,716,1,FALSE
nlgn4a,127,136,10,+,"","",deletion,1427,716,1,FALSE
nlgn4a,127,136,10,+,"","",deletion,1428,716,1,FALSE
nlgn4a,127,136,10,+,"","",deletion,1429,716,1,FALSE
nlgn4a,127,136,10,+,"","",deletion,1430,716,1,FALSE
nlgn4a,127,136,10,+,"","",deletion,1431,716,1,FALSE
nlgn4a,127,136,10,+,"","",deletion,1432,716,1,FALSE
nlgn4a,127,136,10,+,"","",deletion,1433,716,1,FALSE
nlgn4a,127,136,10,+,"","",deletion,1434,725,1,FALSE
nlgn4a,127,136,10,+,"","",deletion,1435,725,1,FALSE
nlgn4a,127,136,10,+,"","",deletion,1436,725,1,FALSE
nlgn4a,127,136,10,+,"","",deletion,1437,725,1,FALSE
nlgn4a,127,136,10,+,"","",deletion,1438,725,1,FALSE
nlgn4a,127,136,10,+,"","",deletion,1439,725,1,FALSE
nlgn4a,127,136,10,+,"","",deletion,1440,725,1,FALSE
nlgn4a,127,136,10,+,"","",deletion,1441,725,1,FALSE
nlgn4a,127,136,10,+,"","",deletion,1442,725,1,FALSE
nlgn4a,127,136,10,+,"","",deletion,1443,725,1,FALSE
nlgn4a,127,136,10,+,"","",deletion,1444,725,1,FALSE
nlgn4a,127,136,10,+,"","",deletion,1445,725,1,FALSE
nlgn4a,127,136,10,+,"","",deletion,1446,725,1,FALSE
nlgn4a,127,136,10,+,"","",deletion,1447,725,1,FALSE
nlgn4a,127,136,10,+,"","",deletion,1448,725,1,FALSE
nlgn4a,127,136,10,+,"","",deletion,1449,725,1,FALSE
nlgn4a,127,136,10,+,"","",deletion,1450,725,1,FALSE
nlgn4a,127,136,10,+,"","",deletion,1451,725,1,FALSE
nlgn4a,127,136,10,+,"","",deletion,1452,725,1,FALSE
nlgn4a,127,136,10,+,"","",deletion,1453,725,1,FALSE
nlgn4a,127,136,10,+,"","",deletion,1454,725,1,FALSE
nlgn4a,127,136,10,+,"","",deletion,1455,725,1,FALSE
nlgn4a,127,136,10,+,"","",deletion,1456,725,1,FALSE
nlgn4a,127,136,10,+,"","",deletion,1457,725,1,FALSE
nlgn4a,127,136,10,+,"","",deletion,1458,725,1,FALSE
nlgn4a,127,136,10,+,"","",deletion,1459,725,1,FALSE
nlgn4a,127,136,10,+,"","",deletion,1460,725,1,FALSE
nlgn4a,127,136,10,+,"","",deletion,1461,725,1,FALSE
nlgn4a,127,136,10,+,"","",deletion,1462,725,1,FALSE
nlgn4a,127,136,10,+,"","",deletion,1463,725,1,FALSE
nlgn4a,127,136,10,+,"","",deletion,1464,725,1,FALSE
nlgn4a,127,136,10,+,"","",deletion,1465,725,1,FALSE
nlgn4a,127,136,10,+,"","",deletion,1466,725,1,FALSE
nlgn4a,127,136,10,+,"","",deletion,1467,725,1,FALSE
nlgn4a,127,136,10,+,"","",deletion,1468,725,1,FALSE
nlgn4a,127,136,10,+,"","",deletion,1469,725,1,FALSE
nlgn4a,127,136,10,+,"","",deletion,1470,725,1,FALSE
nlgn4a,127,136,10,+,"","",deletion,1471,725,1,FALSE
nlgn4a,127,136,10,+,"","",deletion,1472,725,1,FALSE
nlgn4a,127,136,10,+,"","",deletion,1473,725,1,FALSE
nlgn4a,127,136,10,+,"","",deletion,1474,725,1,FALSE
nlgn4a,127,136,10,+,"","",deletion,1475,725,1,FALSE
nlgn4a,127,136,10,+,"","",deletion,1476,725,1,FALSE
nlgn4a,127,136,10,+,"","",deletion,1477,725,1,FALSE
nlgn4a,127,136,10,+,"","",deletion,1478,725,1,FALSE
nlgn4a,127,136,10,+,"","",deletion,1479,725,1,FALSE
nlgn4a,127,136,10,+,"","",deletion,1480,725,1,FALSE
nlgn4a,127,136,10,+,"","",deletion,1481,725,1,FALSE
nlgn4a,127,136,10,+,"","",deletion,1482,725,1,FALSE
nlgn4a,127,136,10,+,"","",deletion,1483,725,1,FALSE
nlgn4a,127,136,10,+,"","",deletion,1484,725,1,FALSE
nlgn4a,127,136,10,+,"","",deletion,1485,725,1,FALSE
nlgn4a,127,136,10,+,"","",deletion,1486,725,1,FALSE
nlgn4a,127,136,10,+,"","",deletion,1487,725,1,FALSE
nlgn4a,127,136,10,+,"","",deletion,1488,725,1,FALSE
nlgn4a,127,136,10,+,"","",deletion,1489,725,1,FALSE
nlgn4a,127,136,10,+,"","",deletion,1490,725,1,FALSE
nlgn4a,127,136,10,+,"","",deletion,1491,725,1,FALSE
nlgn4a,127,136,10,+,"","",deletion,1492,725,1,FALSE
nlgn4a,127,136,10,+,"","",deletion,1493,725,1,FALSE
nlgn4a,127,136,10,+,"","",deletion,1494,725,1,FALSE
nlgn4a,127,136,10,+,"","",deletion,1495,725,1,FALSE
nlgn4a,127,136,10,+,"","",deletion,1496,725,1,FALSE
nlgn4a,127,136,10,+,"","",deletion,1497,725,1,FALSE
nlgn4a,127,136,10,+,"","",deletion,1498,725,1,FALSE
nlgn4a,127,136,10,+,"","",deletion,1499,725,1,FALSE
nlgn4a,127,136,10,+,"","",deletion,1500,725,1,FALSE
nlgn4a,127,136,10,+,"","",deletion,1501,725,1,FALSE
nlgn4a,127,136,10,+,"","",deletion,1502,725,1,FALSE
nlgn4a,127,136,10,+,"","",deletion,1503,725,1,FALSE
nlgn4a,127,136,10,+,"","",deletion,1504,725,1,FALSE
nlgn4a,127,136,10,+,"","",deletion,1505,725,1,FALSE
nlgn4a,127,136,10,+,"","",deletion,1506,725,1,FALSE
nlgn4a,127,136,10,+,"","",deletion,1507,725,1,FALSE
nlgn4a,127,136,10,+,"","",deletion,1508,725,1,FALSE
nlgn4a,127,136,10,+,"","",deletion,1509,725,1,FALSE
nlgn4a,127,136,10,+,"","",deletion,1510,725,1,FALSE
nlgn4a,127,136,10,+,"","",deletion,1511,725,1,FALSE
nlgn4a,127,136,10,+,"","",deletion,1512,725,1,FALSE
nlgn4a,127,136,10,+,"","",deletion,1513,725,1,FALSE
nlgn4a,127,136,10,+,"","",deletion,1514,725,1,FALSE
nlgn4a,127,136,10,+,"","",deletion,1515,725,1,FALSE
nlgn4a,127,136,10,+,"","",deletion,1516,725,1,FALSE
nlgn4a,127,136,10,+,"","",deletion,1517,725,1,FALSE
nlgn4a,127,136,10,+,"","",deletion,1518,725,1,FALSE
nlgn4a,127,136,10,+,"","",deletion,1519,725,1,FALSE
nlgn4a,127,136,10,+,"","",deletion,1520,725,1,FALSE
nlgn4a,127,136,10,+,"","",deletion,1521,725,1,FALSE
nlgn4a,127,136,10,+,"","",deletion,1522,725,1,FALSE
nlgn4a,127,136,10,+,"","",deletion,1523,725,1,FALSE
nlgn4a,127,136,10,+,"","",deletion,1524,725,1,FALSE
nlgn4a,127,136,10,+,"","",deletion,1525,725,1,FALSE
nlgn4a,127,136,10,+,"","",deletion,1526,725,1,FALSE
nlgn4a,127,136,10,+,"","",deletion,1527,725,1,FALSE
nlgn4a,127,136,10,+,"","",deletion,1528,725,1,FALSE
nlgn4a,127,136,10,+,"","",deletion,1529,725,1,FALSE
nlgn4a,127,136,10,+,"","",deletion,1530,725,1,FALSE
nlgn4a,127,136,10,+,"","",deletion,1531,725,1,FALSE
nlgn4a,127,136,10,+,"","",deletion,1532,725,1,FALSE
nlgn4a,127,136,10,+,"","",deletion,1533,725,1,FALSE
nlgn4a,127,136,10,+,"","",deletion,1534,725,1,FALSE
nlgn4a,127,136,10,+,"","",deletion,1535,725,1,FALSE
nlgn4a,127,136,10,+,"","",deletion,1536,725,1,FALSE
nlgn4a,127,136,10,+,"","",deletion,1537,725,1,FALSE
nlgn4a,127,136,10,+,"","",deletion,1538,725,1,FALSE
nlgn4a,127,136,10,+,"","",deletion,1539,725,1,FALSE
nlgn4a,127,136,10,+,"","",deletion,1540,725,1,FALSE
nlgn4a,127,136,10,+,"","",deletion,1541,725,1,FALSE
nlgn4a,127,136,10,+,"","",deletion,1542,725,1,FALSE
nlgn4a,127,136,10,+,"","",deletion,1543,725,1,FALSE
nlgn4a,127,136,10,+,"","",deletion,1544,725,1,FALSE
nlgn4a,127,136,10,+,"","",deletion,1545,725,1,FALSE
nlgn4a,127,136,10,+,"","",deletion,1546,725,1,FALSE
nlgn4a,127,136,10,+,"","",deletion,1547,725,1,FALSE
nlgn4a,127,136,10,+,"","",deletion,1548,725,1,FALSE
nlgn4a,127,136,10,+,"","",deletion,1549,725,1,FALSE
nlgn4a,127,136,10,+,"","",deletion,1550,725,1,FALSE
nlgn4a,127,136,10,+,"","",deletion,1551,725,1,FALSE
nlgn4a,127,136,10,+,"","",deletion,1552,725,1,FALSE
nlgn4a,127,136,10,+,"","",deletion,1553,725,1,FALSE
nlgn4a,127,136,10,+,"","",deletion,1554,725,1,FALSE
nlgn4a,127,136,10,+,"","",deletion,1555,725,1,FALSE
nlgn4a,127,136,10,+,"","",deletion,1556,725,1,FALSE
nlgn4a,127,136,10,+,"","",deletion,1557,725,1,FALSE
nlgn4a,127,136,10,+,"","",deletion,1558,725,1,FALSE
nlgn4a,127,136,10,+,"","",deletion,1559,725,1,FALSE
nlgn4a,127,136,10,+,"","",deletion,1560,725,1,FALSE
nlgn4a,127,136,10,+,"","",deletion,1561,725,1,FALSE
nlgn4a,127,136,10,+,"","",deletion,1562,725,1,FALSE
nlgn4a,127,136,10,+,"","",deletion,1563,725,1,FALSE
nlgn4a,127,136,10,+,"","",deletion,1564,725,1,FALSE
nlgn4a,127,136,10,+,"","",deletion,1565,725,1,FALSE
nlgn4a,127,136,10,+,"","",deletion,1566,725,1,FALSE
nlgn4a,127,136,10,+,"","",deletion,1567,725,1,FALSE
nlgn4a,127,136,10,+,"","",deletion,1568,725,1,FALSE
nlgn4a,127,136,10,+,"","",deletion,1569,725,1,FALSE
nlgn4a,127,136,10,+,"","",deletion,1570,725,1,FALSE
nlgn4a,127,136,10,+,"","",deletion,1571,725,1,FALSE
nlgn4a,127,136,10,+,"","",deletion,1572,725,1,FALSE
nlgn4a,127,136,10,+,"","",deletion,1573,725,1,FALSE
nlgn4a,127,136,10,+,"","",deletion,1574,725,1,FALSE
nlgn4a,127,136,10,+,"","",deletion,1575,725,1,FALSE
nlgn4a,127,136,10,+,"","",deletion,1576,725,1,FALSE
nlgn4a,127,136,10,+,"","",deletion,1577,725,1,FALSE
nlgn4a,127,136,10,+,"","",deletion,1578,725,1,FALSE
nlgn4a,127,136,10,+,"","",deletion,1579,725,1,FALSE
nlgn4a,127,136,10,+,"","",deletion,1580,725,1,FALSE
nlgn4a,127,136,10,+,"","",deletion,1581,725,1,FALSE
nlgn4a,127,136,10,+,"","",deletion,1582,725,1,FALSE
nlgn4a,127,136,10,+,"","",deletion,1583,725,1,FALSE
nlgn4a,127,136,10,+,"","",deletion,1584,725,1,FALSE
nlgn4a,127,136,10,+,"","",deletion,1585,725,1,FALSE
nlgn4a,127,136,10,+,"","",deletion,1586,725,1,FALSE
nlgn4a,127,136,10,+,"","",deletion,1587,725,1,FALSE
nlgn4a,127,136,10,+,"","",deletion,1588,725,1,FALSE
nlgn4a,127,136,10,+,"","",deletion,1589,725,1,FALSE
nlgn4a,127,136,10,+,"","",deletion,1590,725,1,FALSE
nlgn4a,127,136,10,+,"","",deletion,1591,725,1,FALSE
nlgn4a,127,136,10,+,"","",deletion,1592,725,1,FALSE
nlgn4a,127,136,10,+,"","",deletion,1593,725,1,FALSE
nlgn4a,127,136,10,+,"","",deletion,1594,725,1,FALSE
nlgn4a,127,136,10,+,"","",deletion,1595,725,1,FALSE
nlgn4a,127,136,10,+,"","",deletion,1596,725,1,FALSE
nlgn4a,127,136,10,+,"","",deletion,1597,725,1,FALSE
nlgn4a,127,136,10,+,"","",deletion,1598,725,1,FALSE
nlgn4a,127,136,10,+,"","",deletion,1599,725,1,FALSE
nlgn4a,127,136,10,+,"","",deletion,1600,725,1,FALSE
nlgn4a,127,136,10,+,"","",deletion,1601,725,1,FALSE
nlgn4a,127,136,10,+,"","",deletion,1602,725,1,FALSE
nlgn4a,127,136,10,+,"","",deletion,1603,725,1,FALSE
nlgn4a,127,136,10,+,"","",deletion,1604,725,1,FALSE
nlgn4a,127,136,10,+,"","",deletion,1605,725,1,FALSE
nlgn4a,127,136,10,+,"","",deletion,1606,725,1,FALSE
nlgn4a,127,136,10,+,"","",deletion,1607,725,1,FALSE
nlgn4a,127,136,10,+,"","",deletion,1608,725,1,FALSE
nlgn4a,127,136,10,+,"","",deletion,1609,725,1,FALSE
nlgn4a,127,136,10,+,"","",deletion,1610,725,1,FALSE
nlgn4a,127,136,10,+,"","",deletion,1611,725,1,FALSE
nlgn4a,127,136,10,+,"","",deletion,1612,725,1,FALSE
nlgn4a,127,136,10,+,"","",deletion,1613,725,1,FALSE
nlgn4a,127,136,10,+,"","",deletion,1614,725,1,FALSE
nlgn4a,127,136,10,+,"","",deletion,1615,725,1,FALSE
nlgn4a,127,136,10,+,"","",deletion,1616,725,1,FALSE
nlgn4a,127,136,10,+,"","",deletion,1617,725,1,FALSE
nlgn4a,127,136,10,+,"","",deletion,1618,725,1,FALSE
nlgn4a,127,136,10,+,"","",deletion,1619,725,1,FALSE
nlgn4a,127,136,10,+,"","",deletion,1620,725,1,FALSE
nlgn4a,127,136,10,+,"","",deletion,1621,725,1,FALSE
nlgn4a,127,136,10,+,"","",deletion,1622,725,1,FALSE
nlgn4a,127,136,10,+,"","",deletion,1623,725,1,FALSE
nlgn4a,127,136,10,+,"","",deletion,1624,725,1,FALSE
nlgn4a,127,136,10,+,"","",deletion,1625,725,1,FALSE
nlgn4a,127,136,10,+,"","",deletion,1626,725,1,FALSE
nlgn4a,127,136,10,+,"","",deletion,1627,725,1,FALSE
nlgn4a,127,136,10,+,"","",deletion,1628,725,1,FALSE
nlgn4a,127,136,10,+,"","",deletion,1629,725,1,FALSE
nlgn4a,127,136,10,+,"","",deletion,1630,725,1,FALSE
nlgn4a,127,136,10,+,"","",deletion,1631,725,1,FALSE
nlgn4a,127,136,10,+,"","",deletion,1632,725,1,FALSE
nlgn4a,127,136,10,+,"","",deletion,1633,725,1,FALSE
nlgn4a,127,136,10,+,"","",deletion,1634,725,1,FALSE
nlgn4a,127,136,10,+,"","",deletion,1635,725,1,FALSE
nlgn4a,127,136,10,+,"","",deletion,1636,725,1,FALSE
nlgn4a,127,136,10,+,"","",deletion,1637,725,1,FALSE
nlgn4a,127,136,10,+,"","",deletion,1638,725,1,FALSE
nlgn4a,127,136,10,+,"","",deletion,1639,725,1,FALSE
nlgn4a,127,136,10,+,"","",deletion,1640,725,1,FALSE
nlgn4a,127,136,10,+,"","",deletion,1641,725,1,FALSE
nlgn4a,127,136,10,+,"","",deletion,1642,725,1,FALSE
nlgn4a,127,136,10,+,"","",deletion,1643,725,1,FALSE
nlgn4a,127,136,10,+,"","",deletion,1644,725,1,FALSE
nlgn4a,127,136,10,+,"","",deletion,1645,725,1,FALSE
nlgn4a,127,136,10,+,"","",deletion,1646,725,1,FALSE
nlgn4a,127,136,10,+,"","",deletion,1647,725,1,FALSE
nlgn4a,127,136,10,+,"","",deletion,1648,725,1,FALSE
nlgn4a,127,136,10,+,"","",deletion,1649,725,1,FALSE
nlgn4a,127,136,10,+,"","",deletion,1650,725,1,FALSE
nlgn4a,127,136,10,+,"","",deletion,1651,725,1,FALSE
nlgn4a,127,136,10,+,"","",deletion,1652,725,1,FALSE
nlgn4a,127,136,10,+,"","",deletion,1653,725,1,FALSE
nlgn4a,127,136,10,+,"","",deletion,1654,725,1,FALSE
nlgn4a,127,136,10,+,"","",deletion,1655,725,1,FALSE
nlgn4a,127,136,10,+,"","",deletion,1656,725,1,FALSE
nlgn4a,127,136,10,+,"","",deletion,1657,725,1,FALSE
nlgn4a,127,136,10,+,"","",deletion,1658,725,1,FALSE
nlgn4a,127,136,10,+,"","",deletion,1659,725,1,FALSE
nlgn4a,127,136,10,+,"","",deletion,1660,725,1,FALSE
nlgn4a,127,136,10,+,"","",deletion,1661,725,1,FALSE
nlgn4a,127,136,10,+,"","",deletion,1662,725,1,FALSE
nlgn4a,127,136,10,+,"","",deletion,1663,725,1,FALSE
nlgn4a,127,136,10,+,"","",deletion,1664,725,1,FALSE
nlgn4a,127,136,10,+,"","",deletion,1665,725,1,FALSE
nlgn4a,127,136,10,+,"","",deletion,1666,725,1,FALSE
nlgn4a,127,136,10,+,"","",deletion,1667,725,1,FALSE
nlgn4a,127,136,10,+,"","",deletion,1668,725,1,FALSE
nlgn4a,127,136,10,+,"","",deletion,1669,725,1,FALSE
nlgn4a,127,136,10,+,"","",deletion,1670,725,1,FALSE
nlgn4a,127,136,10,+,"","",deletion,1671,725,1,FALSE
nlgn4a,127,136,10,+,"","",deletion,1672,725,1,FALSE
nlgn4a,127,136,10,+,"","",deletion,1673,725,1,FALSE
nlgn4a,127,136,10,+,"","",deletion,1674,725,1,FALSE
nlgn4a,127,136,10,+,"","",deletion,1675,725,1,FALSE
nlgn4a,127,136,10,+,"","",deletion,1676,725,1,FALSE
nlgn4a,127,136,10,+,"","",deletion,1677,725,1,FALSE
nlgn4a,127,136,10,+,"","",deletion,1678,725,1,FALSE
nlgn4a,127,136,10,+,"","",deletion,1679,725,1,FALSE
nlgn4a,127,136,10,+,"","",deletion,1680,725,1,FALSE
nlgn4a,127,136,10,+,"","",deletion,1681,725,1,FALSE
nlgn4a,127,136,10,+,"","",deletion,1682,725,1,FALSE
nlgn4a,127,136,10,+,"","",deletion,1683,725,1,FALSE
nlgn4a,127,136,10,+,"","",deletion,1684,725,1,FALSE
nlgn4a,127,136,10,+,"","",deletion,1685,725,1,FALSE
nlgn4a,127,136,10,+,"","",deletion,1686,716,1,FALSE
nlgn4a,127,136,10,+,"","",deletion,1687,716,1,FALSE
nlgn4a,127,136,10,+,"","",deletion,1688,716,1,FALSE
nlgn4a,127,136,10,+,"","",deletion,1689,716,1,FALSE
nlgn4a,127,136,10,+,"","",deletion,1690,716,1,FALSE
nlgn4a,127,136,10,+,"","",deletion,1691,716,1,FALSE
nlgn4a,127,136,10,+,"","",deletion,1692,716,1,FALSE
nlgn4a,127,136,10,+,"","",deletion,1693,716,1,FALSE
nlgn4a,127,136,10,+,"","",deletion,1694,716,1,FALSE
nlgn4a,127,136,10,+,"","",deletion,1695,716,1,FALSE
nlgn4a,127,136,10,+,"","",deletion,1696,716,1,FALSE
nlgn4a,127,136,10,+,"","",deletion,1697,716,1,FALSE
nlgn4a,129,132,4,+,"","",deletion,1698,716,1,FALSE
nlgn4a,131,133,3,+,"","",deletion,1699,716,1,FALSE
nlgn4a,134,138,5,+,"","",deletion,1700,716,1,FALSE
nlgn4a,134,138,5,+,"","",deletion,1701,716,1,FALSE
nlgn4a,127,136,10,+,"","",deletion,1702,716,1,FALSE
nlgn4a,129,134,6,+,"","",deletion,1703,716,1,FALSE
nlgn4a,126,134,9,+,"","",deletion,1704,716,1,FALSE
nlgn4a,126,134,9,+,"","",deletion,1705,716,1,FALSE
nlgn4a,126,134,9,+,"","",deletion,1706,716,1,FALSE
nlgn4a,126,134,9,+,"","",deletion,1707,716,1,FALSE
nlgn4a,126,134,9,+,"","",deletion,1708,716,1,FALSE
nlgn4a,126,134,9,+,"","",deletion,1709,716,1,FALSE
nlgn4a,126,134,9,+,"","",deletion,1710,716,1,FALSE
nlgn4a,126,134,9,+,"","",deletion,1711,716,1,FALSE
nlgn4a,126,134,9,+,"","",deletion,1712,716,1,FALSE
nlgn4a,126,134,9,+,"","",deletion,1713,716,1,FALSE
nlgn4a,126,134,9,+,"","",deletion,1714,716,1,FALSE
nlgn4a,126,134,9,+,"","",deletion,1715,716,1,FALSE
nlgn4a,126,134,9,+,"","",deletion,1716,716,1,FALSE
nlgn4a,126,134,9,+,"","",deletion,1717,716,1,FALSE
nlgn4a,126,134,9,+,"","",deletion,1718,716,1,FALSE
nlgn4a,126,134,9,+,"","",deletion,1719,716,1,FALSE
nlgn4a,126,134,9,+,"","",deletion,1720,725,1,FALSE
nlgn4a,126,134,9,+,"","",deletion,1721,725,1,FALSE
nlgn4a,126,134,9,+,"","",deletion,1722,725,1,FALSE
nlgn4a,126,134,9,+,"","",deletion,1723,725,1,FALSE
nlgn4a,126,134,9,+,"","",deletion,1724,725,1,FALSE
nlgn4a,126,134,9,+,"","",deletion,1725,725,1,FALSE
nlgn4a,126,134,9,+,"","",deletion,1726,725,1,FALSE
nlgn4a,126,134,9,+,"","",deletion,1727,725,1,FALSE
nlgn4a,126,134,9,+,"","",deletion,1728,725,1,FALSE
nlgn4a,126,134,9,+,"","",deletion,1729,725,1,FALSE
nlgn4a,126,134,9,+,"","",deletion,1730,725,1,FALSE
nlgn4a,126,134,9,+,"","",deletion,1731,725,1,FALSE
nlgn4a,126,134,9,+,"","",deletion,1732,725,1,FALSE
nlgn4a,126,134,9,+,"","",deletion,1733,725,1,FALSE
nlgn4a,126,134,9,+,"","",deletion,1734,725,1,FALSE
nlgn4a,126,134,9,+,"","",deletion,1735,725,1,FALSE
nlgn4a,126,134,9,+,"","",deletion,1736,725,1,FALSE
nlgn4a,126,134,9,+,"","",deletion,1737,725,1,FALSE
nlgn4a,126,134,9,+,"","",deletion,1738,725,1,FALSE
nlgn4a,126,134,9,+,"","",deletion,1739,725,1,FALSE
nlgn4a,126,134,9,+,"","",deletion,1740,725,1,FALSE
nlgn4a,126,134,9,+,"","",deletion,1741,725,1,FALSE
nlgn4a,126,134,9,+,"","",deletion,1742,725,1,FALSE
nlgn4a,126,134,9,+,"","",deletion,1743,725,1,FALSE
nlgn4a,126,134,9,+,"","",deletion,1744,725,1,FALSE
nlgn4a,126,134,9,+,"","",deletion,1745,725,1,FALSE
nlgn4a,126,134,9,+,"","",deletion,1746,725,1,FALSE
nlgn4a,126,134,9,+,"","",deletion,1747,725,1,FALSE
nlgn4a,126,134,9,+,"","",deletion,1748,725,1,FALSE
nlgn4a,126,134,9,+,"","",deletion,1749,725,1,FALSE
nlgn4a,126,134,9,+,"","",deletion,1750,725,1,FALSE
nlgn4a,126,134,9,+,"","",deletion,1751,725,1,FALSE
nlgn4a,126,134,9,+,"","",deletion,1752,725,1,FALSE
nlgn4a,126,134,9,+,"","",deletion,1753,725,1,FALSE
nlgn4a,126,134,9,+,"","",deletion,1754,725,1,FALSE
nlgn4a,126,134,9,+,"","",deletion,1755,725,1,FALSE
nlgn4a,126,134,9,+,"","",deletion,1756,725,1,FALSE
nlgn4a,126,134,9,+,"","",deletion,1757,725,1,FALSE
nlgn4a,126,134,9,+,"","",deletion,1758,725,1,FALSE
nlgn4a,126,134,9,+,"","",deletion,1759,725,1,FALSE
nlgn4a,126,134,9,+,"","",deletion,1760,725,1,FALSE
nlgn4a,126,134,9,+,"","",deletion,1761,725,1,FALSE
nlgn4a,126,134,9,+,"","",deletion,1762,725,1,FALSE
nlgn4a,126,134,9,+,"","",deletion,1763,725,1,FALSE
nlgn4a,126,134,9,+,"","",deletion,1764,725,1,FALSE
nlgn4a,126,134,9,+,"","",deletion,1765,725,1,FALSE
nlgn4a,126,134,9,+,"","",deletion,1766,725,1,FALSE
nlgn4a,126,134,9,+,"","",deletion,1767,725,1,FALSE
nlgn4a,126,134,9,+,"","",deletion,1768,725,1,FALSE
nlgn4a,126,134,9,+,"","",deletion,1769,725,1,FALSE
nlgn4a,126,134,9,+,"","",deletion,1770,725,1,FALSE
nlgn4a,126,134,9,+,"","",deletion,1771,725,1,FALSE
nlgn4a,126,134,9,+,"","",deletion,1772,725,1,FALSE
nlgn4a,126,134,9,+,"","",deletion,1773,725,1,FALSE
nlgn4a,126,134,9,+,"","",deletion,1774,725,1,FALSE
nlgn4a,126,134,9,+,"","",deletion,1775,725,1,FALSE
nlgn4a,126,134,9,+,"","",deletion,1776,725,1,FALSE
nlgn4a,126,134,9,+,"","",deletion,1777,725,1,FALSE
nlgn4a,126,134,9,+,"","",deletion,1778,725,1,FALSE
nlgn4a,126,134,9,+,"","",deletion,1779,725,1,FALSE
nlgn4a,126,134,9,+,"","",deletion,1780,725,1,FALSE
nlgn4a,126,134,9,+,"","",deletion,1781,725,1,FALSE
nlgn4a,126,134,9,+,"","",deletion,1782,725,1,FALSE
nlgn4a,126,134,9,+,"","",deletion,1783,725,1,FALSE
nlgn4a,126,134,9,+,"","",deletion,1784,725,1,FALSE
nlgn4a,126,134,9,+,"","",deletion,1785,725,1,FALSE
nlgn4a,126,134,9,+,"","",deletion,1786,725,1,FALSE
nlgn4a,126,134,9,+,"","",deletion,1787,725,1,FALSE
nlgn4a,126,134,9,+,"","",deletion,1788,725,1,FALSE
nlgn4a,126,134,9,+,"","",deletion,1789,725,1,FALSE
nlgn4a,126,134,9,+,"","",deletion,1790,725,1,FALSE
nlgn4a,126,134,9,+,"","",deletion,1791,725,1,FALSE
nlgn4a,126,134,9,+,"","",deletion,1792,725,1,FALSE
nlgn4a,126,134,9,+,"","",deletion,1793,725,1,FALSE
nlgn4a,126,134,9,+,"","",deletion,1794,725,1,FALSE
nlgn4a,126,134,9,+,"","",deletion,1795,725,1,FALSE
nlgn4a,126,134,9,+,"","",deletion,1796,725,1,FALSE
nlgn4a,126,134,9,+,"","",deletion,1797,725,1,FALSE
nlgn4a,126,134,9,+,"","",deletion,1798,725,1,FALSE
nlgn4a,126,134,9,+,"","",deletion,1799,725,1,FALSE
nlgn4a,126,134,9,+,"","",deletion,1800,725,1,FALSE
nlgn4a,126,134,9,+,"","",deletion,1801,725,1,FALSE
nlgn4a,126,134,9,+,"","",deletion,1802,725,1,FALSE
nlgn4a,126,134,9,+,"","",deletion,1803,725,1,FALSE
nlgn4a,126,134,9,+,"","",deletion,1804,725,1,FALSE
nlgn4a,126,134,9,+,"","",deletion,1805,725,1,FALSE
nlgn4a,126,134,9,+,"","",deletion,1806,725,1,FALSE
nlgn4a,126,134,9,+,"","",deletion,1807,725,1,FALSE
nlgn4a,126,134,9,+,"","",deletion,1808,725,1,FALSE
nlgn4a,126,134,9,+,"","",deletion,1809,725,1,FALSE
nlgn4a,126,134,9,+,"","",deletion,1810,725,1,FALSE
nlgn4a,126,134,9,+,"","",deletion,1811,725,1,FALSE
nlgn4a,126,134,9,+,"","",deletion,1812,725,1,FALSE
nlgn4a,126,134,9,+,"","",deletion,1813,725,1,FALSE
nlgn4a,126,134,9,+,"","",deletion,1814,725,1,FALSE
nlgn4a,126,134,9,+,"","",deletion,1815,725,1,FALSE
nlgn4a,126,134,9,+,"","",deletion,1816,725,1,FALSE
nlgn4a,126,134,9,+,"","",deletion,1817,725,1,FALSE
nlgn4a,126,134,9,+,"","",deletion,1818,725,1,FALSE
nlgn4a,126,134,9,+,"","",deletion,1819,725,1,FALSE
nlgn4a,126,134,9,+,"","",deletion,1820,725,1,FALSE
nlgn4a,126,134,9,+,"","",deletion,1821,725,1,FALSE
nlgn4a,126,134,9,+,"","",deletion,1822,725,1,FALSE
nlgn4a,126,134,9,+,"","",deletion,1823,725,1,FALSE
nlgn4a,126,134,9,+,"","",deletion,1824,725,1,FALSE
nlgn4a,126,134,9,+,"","",deletion,1825,725,1,FALSE
nlgn4a,126,134,9,+,"","",deletion,1826,725,1,FALSE
nlgn4a,126,134,9,+,"","",deletion,1827,725,1,FALSE
nlgn4a,126,134,9,+,"","",deletion,1828,725,1,FALSE
nlgn4a,126,134,9,+,"","",deletion,1829,725,1,FALSE
nlgn4a,126,134,9,+,"","",deletion,1830,725,1,FALSE
nlgn4a,126,134,9,+,"","",deletion,1831,725,1,FALSE
nlgn4a,126,134,9,+,"","",deletion,1832,725,1,FALSE
nlgn4a,126,134,9,+,"","",deletion,1833,725,1,FALSE
nlgn4a,126,134,9,+,"","",deletion,1834,725,1,FALSE
nlgn4a,126,134,9,+,"","",deletion,1835,725,1,FALSE
nlgn4a,126,134,9,+,"","",deletion,1836,725,1,FALSE
nlgn4a,126,134,9,+,"","",deletion,1837,725,1,FALSE
nlgn4a,126,134,9,+,"","",deletion,1838,725,1,FALSE
nlgn4a,126,134,9,+,"","",deletion,1839,725,1,FALSE
nlgn4a,126,134,9,+,"","",deletion,1840,725,1,FALSE
nlgn4a,126,134,9,+,"","",deletion,1841,725,1,FALSE
nlgn4a,126,134,9,+,"","",deletion,1842,725,1,FALSE
nlgn4a,126,134,9,+,"","",deletion,1843,725,1,FALSE
nlgn4a,126,134,9,+,"","",deletion,1844,725,1,FALSE
nlgn4a,126,134,9,+,"","",deletion,1845,725,1,FALSE
nlgn4a,126,134,9,+,"","",deletion,1846,725,1,FALSE
nlgn4a,126,134,9,+,"","",deletion,1847,725,1,FALSE
nlgn4a,126,134,9,+,"","",deletion,1848,725,1,FALSE
nlgn4a,126,134,9,+,"","",deletion,1849,725,1,FALSE
nlgn4a,126,134,9,+,"","",deletion,1850,725,1,FALSE
nlgn4a,126,134,9,+,"","",deletion,1851,725,1,FALSE
nlgn4a,126,134,9,+,"","",deletion,1852,725,1,FALSE
nlgn4a,126,134,9,+,"","",deletion,1853,725,1,FALSE
nlgn4a,126,134,9,+,"","",deletion,1854,725,1,FALSE
nlgn4a,126,134,9,+,"","",deletion,1855,725,1,FALSE
nlgn4a,126,134,9,+,"","",deletion,1856,725,1,FALSE
nlgn4a,126,134,9,+,"","",deletion,1857,725,1,FALSE
nlgn4a,126,134,9,+,"","",deletion,1858,725,1,FALSE
nlgn4a,126,134,9,+,"","",deletion,1859,725,1,FALSE
nlgn4a,126,134,9,+,"","",deletion,1860,725,1,FALSE
nlgn4a,126,134,9,+,"","",deletion,1861,725,1,FALSE
nlgn4a,126,134,9,+,"","",deletion,1862,725,1,FALSE
nlgn4a,126,134,9,+,"","",deletion,1863,725,1,FALSE
nlgn4a,126,134,9,+,"","",deletion,1864,725,1,FALSE
nlgn4a,126,134,9,+,"","",deletion,1865,725,1,FALSE
nlgn4a,126,134,9,+,"","",deletion,1866,725,1,FALSE
nlgn4a,126,134,9,+,"","",deletion,1867,725,1,FALSE
nlgn4a,126,134,9,+,"","",deletion,1868,725,1,FALSE
nlgn4a,126,134,9,+,"","",deletion,1869,725,1,FALSE
nlgn4a,126,134,9,+,"","",deletion,1870,725,1,FALSE
nlgn4a,126,134,9,+,"","",deletion,1871,725,1,FALSE
nlgn4a,126,134,9,+,"","",deletion,1872,725,1,FALSE
nlgn4a,126,134,9,+,"","",deletion,1873,725,1,FALSE
nlgn4a,126,134,9,+,"","",deletion,1874,725,1,FALSE
nlgn4a,126,134,9,+,"","",deletion,1875,725,1,FALSE
nlgn4a,126,134,9,+,"","",deletion,1876,725,1,FALSE
nlgn4a,126,134,9,+,"","",deletion,1877,725,1,FALSE
nlgn4a,126,134,9,+,"","",deletion,1878,725,1,FALSE
nlgn4a,126,134,9,+,"","",deletion,1879,725,1,FALSE
nlgn4a,126,134,9,+,"","",deletion,1880,725,1,FALSE
nlgn4a,126,134,9,+,"","",deletion,1881,725,1,FALSE
nlgn4a,126,134,9,+,"","",deletion,1882,725,1,FALSE
nlgn4a,126,134,9,+,"","",deletion,1883,725,1,FALSE
nlgn4a,126,134,9,+,"","",deletion,1884,725,1,FALSE
nlgn4a,126,134,9,+,"","",deletion,1885,725,1,FALSE
nlgn4a,126,134,9,+,"","",deletion,1886,725,1,FALSE
nlgn4a,126,134,9,+,"","",deletion,1887,725,1,FALSE
nlgn4a,126,134,9,+,"","",deletion,1888,725,1,FALSE
nlgn4a,126,134,9,+,"","",deletion,1889,725,1,FALSE
nlgn4a,126,134,9,+,"","",deletion,1890,725,1,FALSE
nlgn4a,126,134,9,+,"","",deletion,1891,725,1,FALSE
nlgn4a,126,134,9,+,"","",deletion,1892,725,1,FALSE
nlgn4a,126,134,9,+,"","",deletion,1893,725,1,FALSE
nlgn4a,126,134,9,+,"","",deletion,1894,725,1,FALSE
nlgn4a,126,134,9,+,"","",deletion,1895,725,1,FALSE
nlgn4a,126,134,9,+,"","",deletion,1896,725,1,FALSE
nlgn4a,126,134,9,+,"","",deletion,1897,725,1,FALSE
nlgn4a,126,134,9,+,"","",deletion,1898,725,1,FALSE
nlgn4a,126,134,9,+,"","",deletion,1899,725,1,FALSE
nlgn4a,126,134,9,+,"","",deletion,1900,725,1,FALSE
nlgn4a,126,134,9,+,"","",deletion,1901,725,1,FALSE
nlgn4a,126,134,9,+,"","",deletion,1902,725,1,FALSE
nlgn4a,126,134,9,+,"","",deletion,1903,725,1,FALSE
nlgn4a,126,134,9,+,"","",deletion,1904,725,1,FALSE
nlgn4a,126,134,9,+,"","",deletion,1905,725,1,FALSE
nlgn4a,126,134,9,+,"","",deletion,1906,725,1,FALSE
nlgn4a,126,134,9,+,"","",deletion,1907,725,1,FALSE
nlgn4a,126,134,9,+,"","",deletion,1908,725,1,FALSE
nlgn4a,126,134,9,+,"","",deletion,1909,725,1,FALSE
nlgn4a,126,134,9,+,"","",deletion,1910,725,1,FALSE
nlgn4a,126,134,9,+,"","",deletion,1911,725,1,FALSE
nlgn4a,126,134,9,+,"","",deletion,1912,725,1,FALSE
nlgn4a,126,134,9,+,"","",deletion,1913,725,1,FALSE
nlgn4a,126,134,9,+,"","",deletion,1914,725,1,FALSE
nlgn4a,126,134,9,+,"","",deletion,1915,725,1,FALSE
nlgn4a,126,134,9,+,"","",deletion,1916,725,1,FALSE
nlgn4a,126,134,9,+,"","",deletion,1917,725,1,FALSE
nlgn4a,126,134,9,+,"","",deletion,1918,725,1,FALSE
nlgn4a,126,134,9,+,"","",deletion,1919,725,1,FALSE
nlgn4a,126,134,9,+,"","",deletion,1920,725,1,FALSE
nlgn4a,126,134,9,+,"","",deletion,1921,725,1,FALSE
nlgn4a,126,134,9,+,"","",deletion,1922,725,1,FALSE
nlgn4a,126,134,9,+,"","",deletion,1923,725,1,FALSE
nlgn4a,126,134,9,+,"","",deletion,1924,725,1,FALSE
nlgn4a,126,134,9,+,"","",deletion,1925,725,1,FALSE
nlgn4a,126,134,9,+,"","",deletion,1926,725,1,FALSE
nlgn4a,126,134,9,+,"","",deletion,1927,725,1,FALSE
nlgn4a,126,134,9,+,"","",deletion,1928,725,1,FALSE
nlgn4a,126,134,9,+,"","",deletion,1929,725,1,FALSE
nlgn4a,126,134,9,+,"","",deletion,1930,725,1,FALSE
nlgn4a,126,134,9,+,"","",deletion,1931,725,1,FALSE
nlgn4a,126,134,9,+,"","",deletion,1932,725,1,FALSE
nlgn4a,126,134,9,+,"","",deletion,1933,725,1,FALSE
nlgn4a,126,134,9,+,"","",deletion,1934,725,1,FALSE
nlgn4a,126,134,9,+,"","",deletion,1935,725,1,FALSE
nlgn4a,126,134,9,+,"","",deletion,1936,725,1,FALSE
nlgn4a,126,134,9,+,"","",deletion,1937,725,1,FALSE
nlgn4a,126,134,9,+,"","",deletion,1938,725,1,FALSE
nlgn4a,126,134,9,+,"","",deletion,1939,725,1,FALSE
nlgn4a,126,134,9,+,"","",deletion,1940,725,1,FALSE
nlgn4a,126,134,9,+,"","",deletion,1941,725,1,FALSE
nlgn4a,126,134,9,+,"","",deletion,1942,725,1,FALSE
nlgn4a,126,134,9,+,"","",deletion,1943,725,1,FALSE
nlgn4a,126,134,9,+,"","",deletion,1944,725,1,FALSE
nlgn4a,126,134,9,+,"","",deletion,1945,725,1,FALSE
nlgn4a,126,134,9,+,"","",deletion,1946,725,1,FALSE
nlgn4a,126,134,9,+,"","",deletion,1947,725,1,FALSE
nlgn4a,126,134,9,+,"","",deletion,1948,725,1,FALSE
nlgn4a,126,134,9,+,"","",deletion,1949,725,1,FALSE
nlgn4a,126,134,9,+,"","",deletion,1950,725,1,FALSE
nlgn4a,126,134,9,+,"","",deletion,1951,725,1,FALSE
nlgn4a,126,134,9,+,"","",deletion,1952,725,1,FALSE
nlgn4a,126,134,9,+,"","",deletion,1953,725,1,FALSE
nlgn4a,126,134,9,+,"","",deletion,1954,725,1,FALSE
nlgn4a,126,134,9,+,"","",deletion,1955,725,1,FALSE
nlgn4a,126,134,9,+,"","",deletion,1956,725,1,FALSE
nlgn4a,126,134,9,+,"","",deletion,1957,725,1,FALSE
nlgn4a,126,134,9,+,"","",deletion,1958,725,1,FALSE
nlgn4a,126,134,9,+,"","",deletion,1959,725,1,FALSE
nlgn4a,126,134,9,+,"","",deletion,1960,725,1,FALSE
nlgn4a,126,134,9,+,"","",deletion,1961,716,1,FALSE
nlgn4a,126,134,9,+,"","",deletion,1962,716,1,FALSE
nlgn4a,126,134,9,+,"","",deletion,1963,716,1,FALSE
nlgn4a,126,134,9,+,"","",deletion,1964,716,1,FALSE
nlgn4a,126,134,9,+,"","",deletion,1965,716,1,FALSE
nlgn4a,126,134,9,+,"","",deletion,1966,716,1,FALSE
nlgn4a,126,134,9,+,"","",deletion,1967,716,1,FALSE
nlgn4a,126,134,9,+,"","",deletion,1968,716,1,FALSE
nlgn4a,126,134,9,+,"","",deletion,1969,716,1,FALSE
nlgn4a,126,134,9,+,"","",deletion,1970,716,1,FALSE
nlgn4a,126,134,9,+,"","",deletion,1971,716,1,FALSE
nlgn4a,126,134,9,+,"","",deletion,1972,716,1,FALSE
nlgn4a,126,134,9,+,"","",deletion,1973,716,1,FALSE
nlgn4a,126,134,9,+,"","",deletion,1974,716,1,FALSE
nlgn4a,126,134,9,+,"","",deletion,1975,716,1,FALSE
nlgn4a,126,134,9,+,"","",deletion,1976,716,1,FALSE
nlgn4a,126,134,9,+,"","",deletion,1977,716,1,FALSE
nlgn4a,126,134,9,+,"","",deletion,1978,707,1,FALSE
nlgn4a,126,134,9,+,"","",deletion,1979,707,1,FALSE
nlgn4a,126,134,9,+,"","",deletion,1980,716,1,FALSE
nlgn4a,126,134,9,+,"","",deletion,1981,716,1,FALSE
nlgn4a,126,134,9,+,"","",deletion,1982,716,1,FALSE
nlgn4a,126,134,9,+,"","",deletion,1983,716,1,FALSE
nlgn4a,126,134,9,+,"","",deletion,1984,716,1,FALSE
nlgn4a,129,129,1,+,"","",deletion,1985,716,1,FALSE
nlgn4a,131,133,3,+,"","",deletion,1986,716,1,FALSE
nlgn4a,134,138,5,+,"","",deletion,1987,716,1,FALSE
nlgn4a,127,136,10,+,"","",deletion,1988,716,1,FALSE
nlgn4a,126,134,9,+,"","",deletion,1989,716,1,FALSE
nlgn4a,131,133,3,+,"","",deletion,1990,716,1,FALSE
nlgn4a,131,133,3,+,"","",deletion,1991,716,1,FALSE
nlgn4a,134,138,5,+,"","",deletion,1993,716,1,FALSE
nlgn4a,126,134,9,+,"","",deletion,1994,716,1,FALSE
nlgn4a,127,136,10,+,"","",deletion,1995,716,1,FALSE
nlgn4a,126,134,9,+,"","",deletion,1996,716,1,FALSE
nlgn4a,129,132,4,+,"","",deletion,1997,716,1,FALSE
nlgn4a,129,132,4,+,"","",deletion,1998,707,1,FALSE
nlgn4a,127,136,10,+,"","",deletion,1999,716,1,FALSE
nlgn4a,126,134,9,+,"","",deletion,2000,716,1,FALSE
nlgn4a,131,133,3,+,"","",deletion,2001,707,1,FALSE
nlgn4a,129,134,6,+,"","",deletion,2002,716,1,FALSE
nlgn4a,127,136,10,+,"","",deletion,2003,716,1,FALSE
nlgn4a,127,136,10,+,"","",deletion,2004,716,1,FALSE
nlgn4a,126,134,9,+,"","",deletion,2006,716,1,FALSE
nlgn4a,126,134,9,+,"","",deletion,2007,707,1,FALSE
nlgn4a,126,134,9,+,"","",deletion,2008,716,1,FALSE
nlgn4a,126,134,9,+,"","",deletion,2009,716,1,FALSE
nlgn4a,131,133,3,+,"","",deletion,2010,716,1,FALSE
nlgn4a,134,142,9,+,"","",deletion,2011,716,1,FALSE
nlgn4a,127,136,10,+,"","",deletion,2012,716,1,FALSE
nlgn4a,127,136,10,+,"","",deletion,2013,716,1,FALSE
nlgn4a,127,136,10,+,"","",deletion,2014,716,1,FALSE
nlgn4a,126,134,9,+,"","",deletion,2015,716,1,FALSE
nlgn4a,129,132,4,+,"","",deletion,2016,716,1,FALSE
nlgn4a,131,133,3,+,"","",deletion,2017,716,1,FALSE
nlgn4a,127,136,10,+,"","",deletion,2018,707,1,FALSE
nlgn4a,127,136,10,+,"","",deletion,2019,707,1,FALSE
nlgn4a,131,133,3,+,"","",deletion,2021,716,1,FALSE
nlgn4a,129,134,6,+,"","",deletion,2024,716,1,FALSE
nlgn4a,127,136,10,+,"","",deletion,2025,716,1,FALSE
nlgn4a,127,136,10,+,"","",deletion,2026,716,1,FALSE
nlgn4a,126,134,9,+,"","",deletion,2027,716,1,FALSE
nlgn4a,127,136,10,+,"","",deletion,2028,698,1,FALSE
nlgn4a,134,142,9,+,"","",deletion,2029,716,1,FALSE
nlgn4a,131,133,3,+,"","",deletion,2030,716,1,FALSE
nlgn4a,126,134,9,+,"","",deletion,2032,716,1,FALSE
nlgn4a,131,133,3,+,"","",deletion,2033,716,1,FALSE
nlgn4a,134,142,9,+,"","",deletion,2034,716,1,FALSE
nlgn4a,127,136,10,+,"","",deletion,2035,716,1,FALSE
nlgn4a,131,133,3,+,"","",deletion,2036,716,1,FALSE
nlgn4a,126,134,9,+,"","",deletion,2037,716,1,FALSE
nlgn4a,126,134,9,+,"","",deletion,2038,716,1,FALSE
nlgn4a,129,132,4,+,"","",deletion,2039,716,1,FALSE
nlgn4a,127,136,10,+,"","",deletion,2040,716,1,FALSE
nlgn4a,129,132,4,+,"","",deletion,2041,716,1,FALSE
nlgn4a,127,136,10,+,"","",deletion,2042,716,1,FALSE
nlgn4a,126,134,9,+,"","",deletion,2043,716,1,FALSE
nlgn4a,134,142,9,+,"","",deletion,2044,716,1,FALSE
nlgn4a,126,134,9,+,"","",deletion,2045,716,1,FALSE
nlgn4a,126,134,9,+,"","",deletion,2046,716,1,FALSE
nlgn4a,129,132,4,+,"","",deletion,2047,716,1,FALSE
nlgn4a,134,142,9,+,"","",deletion,2049,716,1,FALSE
nlgn4a,127,136,10,+,"","",deletion,2050,716,1,FALSE
nlgn4a,126,134,9,+,"","",deletion,2051,716,1,FALSE
nlgn4a,131,133,3,+,"","",deletion,2052,716,1,FALSE
nlgn4a,127,136,10,+,"","",deletion,2054,707,1,FALSE
nlgn4a,131,133,3,+,"","",deletion,2055,716,1,FALSE
nlgn4a,126,134,9,+,"","",deletion,2056,716,1,FALSE
nlgn4a,129,132,4,+,"","",deletion,2058,716,1,FALSE
nlgn4a,127,136,10,+,"","",deletion,2059,716,1,FALSE
nlgn4a,134,142,9,+,"","",deletion,2060,716,1,FALSE
nlgn4a,127,136,10,+,"","",deletion,2061,716,1,FALSE
nlgn4a,126,134,9,+,"","",deletion,2062,716,1,FALSE
nlgn4a,129,129,1,+,"","",deletion,2064,716,1,FALSE
nlgn4a,131,133,3,+,"","",deletion,2065,716,1,FALSE
nlgn4a,129,134,6,+,"","",deletion,2067,716,1,FALSE
nlgn4a,134,138,5,+,"","",deletion,2068,716,1,FALSE
nlgn4a,134,142,9,+,"","",deletion,2069,716,1,FALSE
nlgn4a,126,134,9,+,"","",deletion,2070,716,1,FALSE
nlgn4a,131,133,3,+,"","",deletion,2071,716,1,FALSE
nlgn4a,134,142,9,+,"","",deletion,2073,716,1,FALSE
nlgn4a,131,133,3,+,"","",deletion,2075,707,1,FALSE
nlgn4a,134,142,9,+,"","",deletion,2076,716,1,FALSE
nlgn4a,126,134,9,+,"","",deletion,2079,716,1,FALSE
nlgn4a,131,133,3,+,"","",deletion,2081,716,1,FALSE
nlgn4a,127,136,10,+,"","",deletion,2083,716,1,FALSE
nlgn4a,126,134,9,+,"","",deletion,2085,716,1,FALSE
nlgn4a,129,132,4,+,"","",deletion,2086,716,1,FALSE
nlgn4a,134,138,5,+,"","",deletion,2087,716,1,FALSE
nlgn4a,129,134,6,+,"","",deletion,2088,716,1,FALSE
nlgn4a,131,133,3,+,"","",deletion,2089,716,1,FALSE
nlgn4a,127,136,10,+,"","",deletion,2090,716,1,FALSE
nlgn4a,127,136,10,+,"","",deletion,2091,716,1,FALSE
nlgn4a,126,134,9,+,"","",deletion,2092,707,1,FALSE
nlgn4a,129,129,1,+,"","",deletion,2093,716,1,FALSE
nlgn4a,131,133,3,+,"","",deletion,2094,716,1,FALSE
nlgn4a,134,142,9,+,"","",deletion,2095,716,1,FALSE
nlgn4a,127,136,10,+,"","",deletion,2096,716,1,FALSE
nlgn4a,129,132,4,+,"","",deletion,2097,707,1,FALSE
nlgn4a,129,129,1,+,"","",deletion,2098,716,1,FALSE
nlgn4a,129,134,6,+,"","",deletion,2100,716,1,FALSE
nlgn4a,127,136,10,+,"","",deletion,2101,716,1,FALSE
nlgn4a,131,133,3,+,"","",deletion,2102,716,1,FALSE
nlgn4a,127,136,10,+,"","",deletion,2104,716,1,FALSE
nlgn4a,126,134,9,+,"","",deletion,2105,716,1,FALSE
nlgn4a,126,134,9,+,"","",deletion,2109,716,1,FALSE
nlgn4a,129,132,4,+,"","",deletion,2110,716,1,FALSE
nlgn4a,126,134,9,+,"","",deletion,2111,716,1,FALSE
nlgn4a,134,138,5,+,"","",deletion,2112,716,1,FALSE
nlgn4a,126,134,9,+,"","",deletion,2113,716,1,FALSE
nlgn4a,127,136,10,+,"","",deletion,2114,716,1,FALSE
nlgn4a,126,134,9,+,"","",deletion,2115,716,1,FALSE
nlgn4a,129,132,4,+,"","",deletion,2116,716,1,FALSE
nlgn4a,134,142,9,+,"","",deletion,2117,716,1,FALSE
nlgn4a,126,134,9,+,"","",deletion,2118,716,1,FALSE
nlgn4a,131,133,3,+,"","",deletion,2119,698,1,FALSE
nlgn4a,129,129,1,+,"","",deletion,2120,707,1,FALSE
nlgn4a,134,138,5,+,"","",deletion,2123,707,1,FALSE
nlgn4a,134,138,5,+,"","",deletion,2124,716,1,FALSE
nlgn4a,127,136,10,+,"","",deletion,2125,716,1,FALSE
nlgn4a,129,132,4,+,"","",deletion,2126,716,1,FALSE
nlgn4a,131,133,3,+,"","",deletion,2127,716,1,FALSE
nlgn4a,134,142,9,+,"","",deletion,2128,716,1,FALSE
nlgn4a,126,134,9,+,"","",deletion,2129,716,1,FALSE
nlgn4a,129,129,1,+,"","",deletion,2130,716,1,FALSE
nlgn4a,129,132,4,+,"","",deletion,2131,716,1,FALSE
nlgn4a,129,129,1,+,"","",deletion,2132,716,1,FALSE
nlgn4a,129,129,1,+,"","",deletion,2133,716,1,FALSE
nlgn4a,126,134,9,+,"","",deletion,2134,716,1,FALSE
nlgn4a,134,138,5,+,"","",deletion,2135,707,1,FALSE
nlgn4a,127,136,10,+,"","",deletion,2137,716,1,FALSE
nlgn4a,127,136,10,+,"","",deletion,2138,716,1,FALSE
nlgn4a,127,136,10,+,"","",deletion,2139,716,1,FALSE
nlgn4a,57,57,1,+,"","",deletion,2140,700,1,FALSE
nlgn4a,129,132,4,+,"","",deletion,2140,700,1,FALSE
nlgn4a,127,136,10,+,"","",deletion,2141,716,1,FALSE
nlgn4a,127,136,10,+,"","",deletion,2142,707,1,FALSE
nlgn4a,127,136,10,+,"","",deletion,2144,707,1,FALSE
nlgn4a,127,136,10,+,"","",deletion,2145,716,1,FALSE
nlgn4a,131,133,3,+,"","",deletion,2146,707,1,FALSE
nlgn4a,129,129,1,+,"","",deletion,2147,716,1,FALSE
nlgn4a,126,134,9,+,"","",deletion,2149,716,1,FALSE
nlgn4a,134,142,9,+,"","",deletion,2150,707,1,FALSE
nlgn4a,127,136,10,+,"","",deletion,2152,716,1,FALSE
nlgn4a,126,134,9,+,"","",deletion,2153,716,1,FALSE
nlgn4a,131,133,3,+,"","",deletion,2154,716,1,FALSE
nlgn4a,129,129,1,+,"","",deletion,2156,716,1,FALSE
nlgn4a,127,136,10,+,"","",deletion,2157,716,1,FALSE
nlgn4a,134,142,9,+,"","",deletion,2159,707,1,FALSE
nlgn4a,127,136,10,+,"","",deletion,2160,716,1,FALSE
nlgn4a,127,136,10,+,"","",deletion,2161,716,1,FALSE
nlgn4a,126,134,9,+,"","",deletion,2162,716,1,FALSE
nlgn4a,129,132,4,+,"","",deletion,2163,698,1,FALSE
nlgn4a,129,134,6,+,"","",deletion,2164,716,1,FALSE
nlgn4a,127,136,10,+,"","",deletion,2165,716,1,FALSE
nlgn4a,126,134,9,+,"","",deletion,2166,707,1,FALSE
nlgn4a,127,136,10,+,"","",deletion,2167,716,1,FALSE
nlgn4a,131,133,3,+,"","",deletion,2168,716,1,FALSE
nlgn4a,134,142,9,+,"","",deletion,2171,716,1,FALSE
nlgn4a,131,133,3,+,"","",deletion,2172,716,1,FALSE
nlgn4a,134,138,5,+,"","",deletion,2173,716,1,FALSE
nlgn4a,129,132,4,+,"","",deletion,2174,716,1,FALSE
nlgn4a,126,134,9,+,"","",deletion,2175,716,1,FALSE
nlgn4a,129,132,4,+,"","",deletion,2176,716,1,FALSE
nlgn4a,131,133,3,+,"","",deletion,2177,716,1,FALSE
nlgn4a,126,134,9,+,"","",deletion,2178,716,1,FALSE
nlgn4a,134,138,5,+,"","",deletion,2179,716,1,FALSE
nlgn4a,127,136,10,+,"","",deletion,2180,716,1,FALSE
nlgn4a,126,134,9,+,"","",deletion,2182,716,1,FALSE
nlgn4a,131,133,3,+,"","",deletion,2183,716,1,FALSE
nlgn4a,129,129,1,+,"","",deletion,2185,716,1,FALSE
nlgn4a,134,142,9,+,"","",deletion,2186,716,1,FALSE
nlgn4a,127,136,10,+,"","",deletion,2187,716,1,FALSE
nlgn4a,129,129,1,+,"","",deletion,2188,716,1,FALSE
nlgn4a,126,134,9,+,"","",deletion,2189,716,1,FALSE
nlgn4a,126,134,9,+,"","",deletion,2190,716,1,FALSE
nlgn4a,129,134,6,+,"","",deletion,2192,716,1,FALSE
nlgn4a,131,133,3,+,"","",deletion,2194,716,1,FALSE
nlgn4a,126,134,9,+,"","",deletion,2195,716,1,FALSE
nlgn4a,127,136,10,+,"","",deletion,2197,716,1,FALSE
nlgn4a,131,133,3,+,"","",deletion,2198,698,1,FALSE
nlgn4a,131,133,3,+,"","",deletion,2199,716,1,FALSE
nlgn4a,131,133,3,+,"","",deletion,2200,716,1,FALSE
nlgn4a,134,138,5,+,"","",deletion,2201,716,1,FALSE
nlgn4a,129,129,1,+,"","",deletion,2202,716,1,FALSE
nlgn4a,134,138,5,+,"","",deletion,2203,716,1,FALSE
nlgn4a,131,133,3,+,"","",deletion,2204,716,1,FALSE
nlgn4a,126,134,9,+,"","",deletion,2205,707,1,FALSE
nlgn4a,134,142,9,+,"","",deletion,2207,716,1,FALSE
nlgn4a,131,133,3,+,"","",deletion,2208,716,1,FALSE
nlgn4a,131,133,3,+,"","",deletion,2209,716,1,FALSE
nlgn4a,131,133,3,+,"","",deletion,2210,716,1,FALSE
nlgn4a,134,142,9,+,"","",deletion,2211,716,1,FALSE
nlgn4a,127,136,10,+,"","",deletion,2212,716,1,FALSE
nlgn4a,131,133,3,+,"","",deletion,2213,716,1,FALSE
nlgn4a,134,142,9,+,"","",deletion,2214,716,1,FALSE
nlgn4a,127,136,10,+,"","",deletion,2215,707,1,FALSE
nlgn4a,127,136,10,+,"","",deletion,2216,698,1,FALSE
nlgn4a,129,132,4,+,"","",deletion,2217,716,1,FALSE
nlgn4a,134,138,5,+,"","",deletion,2218,707,1,FALSE
nlgn4a,131,133,3,+,"","",deletion,2219,716,1,FALSE
nlgn4a,127,136,10,+,"","",deletion,2220,716,1,FALSE
nlgn4a,127,136,10,+,"","",deletion,2221,707,1,FALSE
nlgn4a,129,129,1,+,"","",deletion,2222,716,1,FALSE
nlgn4a,134,142,9,+,"","",deletion,2223,716,1,FALSE
nlgn4a,129,134,6,+,"","",deletion,2224,698,1,FALSE
nlgn4a,131,133,3,+,"","",deletion,2225,707,1,FALSE
nlgn4a,131,133,3,+,"","",deletion,2226,716,1,FALSE
nlgn4a,129,132,4,+,"","",deletion,2227,716,1,FALSE
nlgn4a,131,133,3,+,"","",deletion,2228,716,1,FALSE
nlgn4a,134,142,9,+,"","",deletion,2229,716,1,FALSE
nlgn4a,131,133,3,+,"","",deletion,2231,707,1,FALSE
nlgn4a,131,133,3,+,"","",deletion,2232,716,1,FALSE
nlgn4a,131,133,3,+,"","",deletion,2233,716,1,FALSE
nlgn4a,127,136,10,+,"","",deletion,2234,716,1,FALSE
nlgn4a,131,133,3,+,"","",deletion,2235,707,1,FALSE
nlgn4a,126,134,9,+,"","",deletion,2237,716,1,FALSE
nlgn4a,126,134,9,+,"","",deletion,2238,716,1,FALSE
nlgn4a,129,132,4,+,"","",deletion,2239,707,1,FALSE
nlgn4a,131,133,3,+,"","",deletion,2240,716,1,FALSE
nlgn4a,131,133,3,+,"","",deletion,2241,716,1,FALSE
nlgn4a,134,142,9,+,"","",deletion,2242,716,1,FALSE
nlgn4a,119,119,1,+,T,A,mismatch,26,716,2,FALSE
nlgn4a,130,130,1,+,C,A,mismatch,35,716,2,FALSE
nlgn4a,139,139,1,+,T,A,mismatch,52,741,2,FALSE
nlgn4a,140,140,1,+,G,C,mismatch,63,716,2,FALSE
nlgn4a,104,104,1,+,C,G,mismatch,100,716,2,FALSE
nlgn4a,71,71,1,+,A,T,mismatch,106,698,1,FALSE
nlgn4a,99,99,1,+,C,A,mismatch,106,698,1,FALSE
nlgn4a,49,49,1,+,T,A,mismatch,107,707,1,FALSE
nlgn4a,110,110,1,+,T,C,mismatch,110,707,1,FALSE
nlgn4a,127,127,1,+,C,A,mismatch,114,707,1,FALSE
nlgn4a,37,37,1,+,C,G,mismatch,115,714,1,FALSE
nlgn4a,122,122,1,+,G,A,mismatch,115,714,1,FALSE
nlgn4a,125,125,1,+,T,A,mismatch,115,714,1,FALSE
nlgn4a,153,153,1,+,G,T,mismatch,118,707,1,FALSE
nlgn4a,30,30,1,+,A,G,mismatch,131,707,1,FALSE
nlgn4a,55,55,1,+,G,T,mismatch,132,707,1,FALSE
nlgn4a,80,80,1,+,G,T,mismatch,140,707,1,FALSE
nlgn4a,20,20,1,+,T,A,mismatch,147,716,1,FALSE
nlgn4a,20,20,1,+,T,A,mismatch,148,716,1,FALSE
nlgn4a,20,20,1,+,T,C,mismatch,149,716,1,FALSE
nlgn4a,20,20,1,+,T,G,mismatch,150,716,1,FALSE
nlgn4a,20,20,1,+,T,G,mismatch,151,711,1,FALSE
nlgn4a,21,21,1,+,G,C,mismatch,152,716,1,FALSE
nlgn4a,21,21,1,+,G,C,mismatch,153,716,1,FALSE
nlgn4a,26,26,1,+,C,A,mismatch,154,741,1,FALSE
nlgn4a,27,27,1,+,C,A,mismatch,155,716,1,FALSE
nlgn4a,27,27,1,+,C,A,mismatch,156,707,1,FALSE
nlgn4a,56,56,1,+,A,C,mismatch,156,707,1,FALSE
nlgn4a,28,28,1,+,G,A,mismatch,157,716,1,FALSE
nlgn4a,28,28,1,+,G,C,mismatch,158,741,1,FALSE
nlgn4a,29,29,1,+,C,A,mismatch,159,716,1,FALSE
nlgn4a,32,32,1,+,C,A,mismatch,160,716,1,FALSE
nlgn4a,33,33,1,+,T,A,mismatch,161,732,1,FALSE
nlgn4a,75,75,1,+,A,T,mismatch,161,732,1,FALSE
nlgn4a,34,34,1,+,G,A,mismatch,162,716,1,FALSE
nlgn4a,34,34,1,+,G,C,mismatch,163,716,1,FALSE
nlgn4a,38,38,1,+,C,A,mismatch,164,716,1,FALSE
nlgn4a,40,40,1,+,T,A,mismatch,165,707,1,FALSE
nlgn4a,107,107,1,+,T,G,mismatch,165,707,1,FALSE
nlgn4a,41,41,1,+,G,A,mismatch,166,716,1,FALSE
nlgn4a,41,41,1,+,G,A,mismatch,167,716,1,FALSE
nlgn4a,41,41,1,+,G,C,mismatch,168,707,1,FALSE
nlgn4a,118,118,1,+,T,G,mismatch,168,707,1,FALSE
nlgn4a,42,42,1,+,T,A,mismatch,169,707,1,FALSE
nlgn4a,65,65,1,+,G,A,mismatch,169,707,1,FALSE
nlgn4a,42,42,1,+,T,A,mismatch,170,707,1,FALSE
nlgn4a,125,125,1,+,T,G,mismatch,170,707,1,FALSE
nlgn4a,42,42,1,+,T,G,mismatch,171,707,1,FALSE
nlgn4a,87,87,1,+,C,G,mismatch,171,707,1,FALSE
nlgn4a,45,45,1,+,C,A,mismatch,172,741,1,FALSE
nlgn4a,46,46,1,+,G,C,mismatch,173,716,1,FALSE
nlgn4a,47,47,1,+,G,A,mismatch,174,716,1,FALSE
nlgn4a,47,47,1,+,G,C,mismatch,175,741,1,FALSE
nlgn4a,48,48,1,+,C,A,mismatch,176,716,1,FALSE
nlgn4a,48,48,1,+,C,A,mismatch,177,716,1,FALSE
nlgn4a,49,49,1,+,T,C,mismatch,178,716,1,FALSE
nlgn4a,49,49,1,+,T,C,mismatch,179,716,1,FALSE
nlgn4a,49,49,1,+,T,G,mismatch,180,707,1,FALSE
nlgn4a,63,63,1,+,T,C,mismatch,180,707,1,FALSE
nlgn4a,50,50,1,+,C,A,mismatch,181,741,1,FALSE
nlgn4a,50,50,1,+,C,A,mismatch,182,716,1,FALSE
nlgn4a,50,50,1,+,C,A,mismatch,183,707,1,FALSE
nlgn4a,97,97,1,+,C,G,mismatch,183,707,1,FALSE
nlgn4a,54,54,1,+,G,A,mismatch,184,716,1,FALSE
nlgn4a,54,54,1,+,G,A,mismatch,185,716,1,FALSE
nlgn4a,54,54,1,+,G,C,mismatch,186,707,1,FALSE
nlgn4a,115,115,1,+,G,A,mismatch,186,707,1,FALSE
nlgn4a,54,54,1,+,G,C,mismatch,187,716,1,FALSE
nlgn4a,54,54,1,+,G,C,mismatch,188,716,1,FALSE
nlgn4a,58,58,1,+,C,A,mismatch,189,707,1,FALSE
nlgn4a,64,64,1,+,G,C,mismatch,189,707,1,FALSE
nlgn4a,58,58,1,+,C,A,mismatch,190,716,1,FALSE
nlgn4a,58,58,1,+,C,A,mismatch,191,716,1,FALSE
nlgn4a,58,58,1,+,C,A,mismatch,192,716,1,FALSE
nlgn4a,59,59,1,+,C,A,mismatch,193,707,1,FALSE
nlgn4a,67,67,1,+,T,C,mismatch,193,707,1,FALSE
nlgn4a,60,60,1,+,C,A,mismatch,194,716,1,FALSE
nlgn4a,61,61,1,+,C,A,mismatch,195,716,1,FALSE
nlgn4a,63,63,1,+,T,C,mismatch,196,716,1,FALSE
nlgn4a,64,64,1,+,G,A,mismatch,197,716,1,FALSE
nlgn4a,64,64,1,+,G,A,mismatch,198,741,1,FALSE
nlgn4a,64,64,1,+,G,A,mismatch,199,716,1,FALSE
nlgn4a,64,64,1,+,G,A,mismatch,200,716,1,FALSE
nlgn4a,64,64,1,+,G,C,mismatch,201,707,1,FALSE
nlgn4a,106,106,1,+,T,A,mismatch,201,707,1,FALSE
nlgn4a,64,64,1,+,G,C,mismatch,202,707,1,FALSE
nlgn4a,131,131,1,+,T,A,mismatch,202,707,1,FALSE
nlgn4a,64,64,1,+,G,C,mismatch,203,741,1,FALSE
nlgn4a,64,64,1,+,G,C,mismatch,204,716,1,FALSE
nlgn4a,65,65,1,+,G,A,mismatch,205,716,1,FALSE
nlgn4a,65,65,1,+,G,C,mismatch,206,716,1,FALSE
nlgn4a,67,67,1,+,T,A,mismatch,207,702,1,FALSE
nlgn4a,72,72,1,+,C,A,mismatch,207,702,1,FALSE
nlgn4a,67,67,1,+,T,C,mismatch,208,716,1,FALSE
nlgn4a,67,67,1,+,T,C,mismatch,209,716,1,FALSE
nlgn4a,67,67,1,+,T,C,mismatch,210,741,1,FALSE
nlgn4a,67,67,1,+,T,G,mismatch,211,741,1,FALSE
nlgn4a,67,67,1,+,T,G,mismatch,212,707,1,FALSE
nlgn4a,88,88,1,+,C,G,mismatch,212,707,1,FALSE
nlgn4a,69,69,1,+,C,A,mismatch,213,707,1,FALSE
nlgn4a,104,104,1,+,C,A,mismatch,213,707,1,FALSE
nlgn4a,70,70,1,+,C,A,mismatch,214,716,1,FALSE
nlgn4a,70,70,1,+,C,A,mismatch,215,716,1,FALSE
nlgn4a,70,70,1,+,C,A,mismatch,216,707,1,FALSE
nlgn4a,129,129,1,+,G,T,mismatch,216,707,1,FALSE
nlgn4a,70,70,1,+,C,A,mismatch,217,716,1,FALSE
nlgn4a,70,70,1,+,C,A,mismatch,218,698,1,FALSE
nlgn4a,93,93,1,+,G,T,mismatch,218,698,1,FALSE
nlgn4a,126,126,1,+,G,C,mismatch,218,698,1,FALSE
nlgn4a,72,72,1,+,C,A,mismatch,219,707,1,FALSE
nlgn4a,139,139,1,+,T,G,mismatch,219,707,1,FALSE
nlgn4a,72,72,1,+,C,A,mismatch,220,716,1,FALSE
nlgn4a,73,73,1,+,T,A,mismatch,221,716,1,FALSE
nlgn4a,73,73,1,+,T,A,mismatch,222,716,1,FALSE
nlgn4a,73,73,1,+,T,C,mismatch,223,716,1,FALSE
nlgn4a,73,73,1,+,T,G,mismatch,224,707,1,FALSE
nlgn4a,129,129,1,+,G,C,mismatch,224,707,1,FALSE
nlgn4a,73,73,1,+,T,G,mismatch,225,716,1,FALSE
nlgn4a,73,73,1,+,T,G,mismatch,226,716,1,FALSE
nlgn4a,74,74,1,+,T,C,mismatch,227,716,1,FALSE
nlgn4a,74,74,1,+,T,G,mismatch,228,716,1,FALSE
nlgn4a,74,74,1,+,T,G,mismatch,229,741,1,FALSE
nlgn4a,77,77,1,+,C,A,mismatch,230,716,1,FALSE
nlgn4a,77,77,1,+,C,A,mismatch,231,707,1,FALSE
nlgn4a,116,116,1,+,G,T,mismatch,231,707,1,FALSE
nlgn4a,79,79,1,+,T,A,mismatch,232,716,1,FALSE
nlgn4a,79,79,1,+,T,C,mismatch,233,693,1,FALSE
nlgn4a,95,95,1,+,T,G,mismatch,233,693,1,FALSE
nlgn4a,119,119,1,+,T,A,mismatch,233,693,1,FALSE
nlgn4a,79,79,1,+,T,C,mismatch,234,707,1,FALSE
nlgn4a,158,158,1,+,G,C,mismatch,234,707,1,FALSE
nlgn4a,79,79,1,+,T,G,mismatch,235,707,1,FALSE
nlgn4a,83,83,1,+,T,C,mismatch,235,707,1,FALSE
nlgn4a,79,79,1,+,T,G,mismatch,236,707,1,FALSE
nlgn4a,107,107,1,+,T,G,mismatch,236,707,1,FALSE
nlgn4a,80,80,1,+,G,A,mismatch,237,741,1,FALSE
nlgn4a,80,80,1,+,G,C,mismatch,238,716,1,FALSE
nlgn4a,80,80,1,+,G,C,mismatch,239,716,1,FALSE
nlgn4a,80,80,1,+,G,C,mismatch,240,716,1,FALSE
nlgn4a,80,80,1,+,G,C,mismatch,241,716,1,FALSE
nlgn4a,81,81,1,+,G,A,mismatch,242,716,1,FALSE
nlgn4a,81,81,1,+,G,A,mismatch,243,741,1,FALSE
nlgn4a,81,81,1,+,G,A,mismatch,244,741,1,FALSE
nlgn4a,81,81,1,+,G,A,mismatch,245,716,1,FALSE
nlgn4a,81,81,1,+,G,C,mismatch,246,716,1,FALSE
nlgn4a,81,81,1,+,G,C,mismatch,247,716,1,FALSE
nlgn4a,81,81,1,+,G,C,mismatch,248,716,1,FALSE
nlgn4a,82,82,1,+,T,A,mismatch,249,741,1,FALSE
nlgn4a,82,82,1,+,T,C,mismatch,250,716,1,FALSE
nlgn4a,82,82,1,+,T,C,mismatch,251,716,1,FALSE
nlgn4a,83,83,1,+,T,A,mismatch,252,707,1,FALSE
nlgn4a,118,118,1,+,T,C,mismatch,252,707,1,FALSE
nlgn4a,83,83,1,+,T,C,mismatch,253,716,1,FALSE
nlgn4a,83,83,1,+,T,G,mismatch,254,716,1,FALSE
nlgn4a,84,84,1,+,C,A,mismatch,255,716,1,FALSE
nlgn4a,84,84,1,+,C,A,mismatch,256,716,1,FALSE
nlgn4a,86,86,1,+,T,C,mismatch,257,716,1,FALSE
nlgn4a,86,86,1,+,T,C,mismatch,258,741,1,FALSE
nlgn4a,86,86,1,+,T,C,mismatch,259,716,1,FALSE
nlgn4a,87,87,1,+,C,A,mismatch,260,707,1,FALSE
nlgn4a,124,124,1,+,T,C,mismatch,260,707,1,FALSE
nlgn4a,88,88,1,+,C,A,mismatch,261,707,1,FALSE
nlgn4a,144,144,1,+,A,C,mismatch,261,707,1,FALSE
nlgn4a,88,88,1,+,C,A,mismatch,262,716,1,FALSE
nlgn4a,89,89,1,+,G,A,mismatch,263,707,1,FALSE
nlgn4a,155,155,1,+,T,A,mismatch,263,707,1,FALSE
nlgn4a,89,89,1,+,G,C,mismatch,264,707,1,FALSE
nlgn4a,122,122,1,+,G,A,mismatch,264,707,1,FALSE
nlgn4a,89,89,1,+,G,C,mismatch,265,741,1,FALSE
nlgn4a,89,89,1,+,G,C,mismatch,266,716,1,FALSE
nlgn4a,89,89,1,+,G,C,mismatch,267,716,1,FALSE
nlgn4a,90,90,1,+,C,A,mismatch,268,716,1,FALSE
nlgn4a,90,90,1,+,C,A,mismatch,269,741,1,FALSE
nlgn4a,90,90,1,+,C,A,mismatch,270,716,1,FALSE
nlgn4a,91,91,1,+,T,A,mismatch,271,707,1,FALSE
nlgn4a,156,156,1,+,C,G,mismatch,271,707,1,FALSE
nlgn4a,91,91,1,+,T,G,mismatch,272,707,1,FALSE
nlgn4a,147,147,1,+,A,C,mismatch,272,707,1,FALSE
nlgn4a,92,92,1,+,G,A,mismatch,273,716,1,FALSE
nlgn4a,92,92,1,+,G,C,mismatch,274,716,1,FALSE
nlgn4a,92,92,1,+,G,C,mismatch,275,716,1,FALSE
nlgn4a,93,93,1,+,G,A,mismatch,276,711,1,FALSE
nlgn4a,93,93,1,+,G,C,mismatch,277,716,1,FALSE
nlgn4a,93,93,1,+,G,C,mismatch,278,716,1,FALSE
nlgn4a,94,94,1,+,C,A,mismatch,279,716,1,FALSE
nlgn4a,94,94,1,+,C,A,mismatch,280,716,1,FALSE
nlgn4a,95,95,1,+,T,A,mismatch,281,716,1,FALSE
nlgn4a,95,95,1,+,T,A,mismatch,282,716,1,FALSE
nlgn4a,95,95,1,+,T,A,mismatch,283,716,1,FALSE
nlgn4a,95,95,1,+,T,C,mismatch,284,716,1,FALSE
nlgn4a,95,95,1,+,T,G,mismatch,285,707,1,FALSE
nlgn4a,114,114,1,+,T,G,mismatch,285,707,1,FALSE
nlgn4a,95,95,1,+,T,G,mismatch,286,707,1,FALSE
nlgn4a,121,121,1,+,T,G,mismatch,286,707,1,FALSE
nlgn4a,95,95,1,+,T,G,mismatch,287,741,1,FALSE
nlgn4a,95,95,1,+,T,G,mismatch,288,716,1,FALSE
nlgn4a,97,97,1,+,C,A,mismatch,289,716,1,FALSE
nlgn4a,97,97,1,+,C,A,mismatch,290,716,1,FALSE
nlgn4a,98,98,1,+,T,A,mismatch,291,716,1,FALSE
nlgn4a,98,98,1,+,T,A,mismatch,292,716,1,FALSE
nlgn4a,98,98,1,+,T,A,mismatch,293,716,1,FALSE
nlgn4a,98,98,1,+,T,A,mismatch,294,716,1,FALSE
nlgn4a,98,98,1,+,T,A,mismatch,295,707,1,FALSE
nlgn4a,101,101,1,+,A,T,mismatch,295,707,1,FALSE
nlgn4a,98,98,1,+,T,C,mismatch,296,707,1,FALSE
nlgn4a,103,103,1,+,G,A,mismatch,296,707,1,FALSE
nlgn4a,98,98,1,+,T,C,mismatch,297,716,1,FALSE
nlgn4a,98,98,1,+,T,G,mismatch,298,741,1,FALSE
nlgn4a,98,98,1,+,T,G,mismatch,299,707,1,FALSE
nlgn4a,155,155,1,+,T,G,mismatch,299,707,1,FALSE
nlgn4a,99,99,1,+,C,A,mismatch,300,716,1,FALSE
nlgn4a,99,99,1,+,C,A,mismatch,301,711,1,FALSE
nlgn4a,100,100,1,+,T,A,mismatch,302,741,1,FALSE
nlgn4a,100,100,1,+,T,A,mismatch,303,716,1,FALSE
nlgn4a,100,100,1,+,T,C,mismatch,304,716,1,FALSE
nlgn4a,100,100,1,+,T,C,mismatch,305,716,1,FALSE
nlgn4a,100,100,1,+,T,C,mismatch,306,716,1,FALSE
nlgn4a,100,100,1,+,T,C,mismatch,307,716,1,FALSE
nlgn4a,100,100,1,+,T,G,mismatch,308,716,1,FALSE
nlgn4a,100,100,1,+,T,G,mismatch,309,741,1,FALSE
nlgn4a,100,100,1,+,T,G,mismatch,310,741,1,FALSE
nlgn4a,100,100,1,+,T,G,mismatch,311,716,1,FALSE
nlgn4a,102,102,1,+,C,A,mismatch,312,716,1,FALSE
nlgn4a,102,102,1,+,C,A,mismatch,313,707,1,FALSE
nlgn4a,122,122,1,+,G,T,mismatch,313,707,1,FALSE
nlgn4a,103,103,1,+,G,A,mismatch,314,716,1,FALSE
nlgn4a,103,103,1,+,G,C,mismatch,315,716,1,FALSE
nlgn4a,104,104,1,+,C,A,mismatch,316,741,1,FALSE
nlgn4a,105,105,1,+,C,A,mismatch,317,716,1,FALSE
nlgn4a,106,106,1,+,T,A,mismatch,318,716,1,FALSE
nlgn4a,106,106,1,+,T,A,mismatch,319,707,1,FALSE
nlgn4a,139,139,1,+,T,C,mismatch,319,707,1,FALSE
nlgn4a,106,106,1,+,T,C,mismatch,320,716,1,FALSE
nlgn4a,106,106,1,+,T,C,mismatch,321,732,1,FALSE
nlgn4a,139,139,1,+,T,G,mismatch,321,732,1,FALSE
nlgn4a,106,106,1,+,T,C,mismatch,322,741,1,FALSE
nlgn4a,106,106,1,+,T,G,mismatch,323,716,1,FALSE
nlgn4a,107,107,1,+,T,A,mismatch,324,716,1,FALSE
nlgn4a,107,107,1,+,T,A,mismatch,325,741,1,FALSE
nlgn4a,107,107,1,+,T,C,mismatch,326,711,1,FALSE
nlgn4a,107,107,1,+,T,C,mismatch,327,716,1,FALSE
nlgn4a,107,107,1,+,T,C,mismatch,328,732,1,FALSE
nlgn4a,147,147,1,+,A,T,mismatch,328,732,1,FALSE
nlgn4a,107,107,1,+,T,G,mismatch,329,732,1,FALSE
nlgn4a,114,114,1,+,T,G,mismatch,329,732,1,FALSE
nlgn4a,108,108,1,+,T,C,mismatch,330,707,1,FALSE
nlgn4a,154,154,1,+,C,A,mismatch,330,707,1,FALSE
nlgn4a,108,108,1,+,T,C,mismatch,331,716,1,FALSE
nlgn4a,108,108,1,+,T,C,mismatch,332,716,1,FALSE
nlgn4a,108,108,1,+,T,C,mismatch,333,716,1,FALSE
nlgn4a,109,109,1,+,T,A,mismatch,334,716,1,FALSE
nlgn4a,109,109,1,+,T,A,mismatch,335,716,1,FALSE
nlgn4a,109,109,1,+,T,C,mismatch,336,707,1,FALSE
nlgn4a,139,139,1,+,T,G,mismatch,336,707,1,FALSE
nlgn4a,109,109,1,+,T,C,mismatch,337,716,1,FALSE
nlgn4a,109,109,1,+,T,C,mismatch,338,741,1,FALSE
nlgn4a,109,109,1,+,T,G,mismatch,339,716,1,FALSE
nlgn4a,110,110,1,+,T,A,mismatch,340,711,1,FALSE
nlgn4a,110,110,1,+,T,A,mismatch,341,716,1,FALSE
nlgn4a,110,110,1,+,T,A,mismatch,342,716,1,FALSE
nlgn4a,110,110,1,+,T,C,mismatch,343,711,1,FALSE
nlgn4a,110,110,1,+,T,C,mismatch,344,711,1,FALSE
nlgn4a,110,110,1,+,T,G,mismatch,345,716,1,FALSE
nlgn4a,110,110,1,+,T,G,mismatch,346,716,1,FALSE
nlgn4a,110,110,1,+,T,G,mismatch,347,716,1,FALSE
nlgn4a,110,110,1,+,T,G,mismatch,348,716,1,FALSE
nlgn4a,112,112,1,+,C,A,mismatch,349,716,1,FALSE
nlgn4a,112,112,1,+,C,A,mismatch,350,716,1,FALSE
nlgn4a,112,112,1,+,C,A,mismatch,351,716,1,FALSE
nlgn4a,112,112,1,+,C,A,mismatch,352,716,1,FALSE
nlgn4a,112,112,1,+,C,A,mismatch,353,716,1,FALSE
nlgn4a,112,112,1,+,C,A,mismatch,354,716,1,FALSE
nlgn4a,114,114,1,+,T,A,mismatch,355,716,1,FALSE
nlgn4a,114,114,1,+,T,A,mismatch,356,716,1,FALSE
nlgn4a,114,114,1,+,T,A,mismatch,357,716,1,FALSE
nlgn4a,114,114,1,+,T,C,mismatch,358,716,1,FALSE
nlgn4a,114,114,1,+,T,G,mismatch,359,741,1,FALSE
nlgn4a,114,114,1,+,T,G,mismatch,360,707,1,FALSE
nlgn4a,142,142,1,+,C,A,mismatch,360,707,1,FALSE
nlgn4a,114,114,1,+,T,G,mismatch,361,716,1,FALSE
nlgn4a,114,114,1,+,T,G,mismatch,362,716,1,FALSE
nlgn4a,115,115,1,+,G,A,mismatch,363,716,1,FALSE
nlgn4a,115,115,1,+,G,A,mismatch,364,716,1,FALSE
nlgn4a,115,115,1,+,G,A,mismatch,365,716,1,FALSE
nlgn4a,115,115,1,+,G,C,mismatch,366,716,1,FALSE
nlgn4a,115,115,1,+,G,C,mismatch,367,716,1,FALSE
nlgn4a,116,116,1,+,G,A,mismatch,368,716,1,FALSE
nlgn4a,116,116,1,+,G,C,mismatch,369,716,1,FALSE
nlgn4a,116,116,1,+,G,C,mismatch,370,716,1,FALSE
nlgn4a,118,118,1,+,T,A,mismatch,371,716,1,FALSE
nlgn4a,118,118,1,+,T,A,mismatch,372,716,1,FALSE
nlgn4a,118,118,1,+,T,A,mismatch,373,716,1,FALSE
nlgn4a,118,118,1,+,T,C,mismatch,374,716,1,FALSE
nlgn4a,118,118,1,+,T,C,mismatch,375,716,1,FALSE
nlgn4a,118,118,1,+,T,C,mismatch,376,716,1,FALSE
nlgn4a,118,118,1,+,T,C,mismatch,377,716,1,FALSE
nlgn4a,118,118,1,+,T,G,mismatch,378,716,1,FALSE
nlgn4a,118,118,1,+,T,G,mismatch,379,711,1,FALSE
nlgn4a,118,118,1,+,T,G,mismatch,380,716,1,FALSE
nlgn4a,118,118,1,+,T,G,mismatch,381,716,1,FALSE
nlgn4a,119,119,1,+,T,A,mismatch,382,716,1,FALSE
nlgn4a,119,119,1,+,T,C,mismatch,383,716,1,FALSE
nlgn4a,119,119,1,+,T,C,mismatch,384,741,1,FALSE
nlgn4a,119,119,1,+,T,C,mismatch,385,711,1,FALSE
nlgn4a,119,119,1,+,T,C,mismatch,386,716,1,FALSE
nlgn4a,119,119,1,+,T,C,mismatch,387,716,1,FALSE
nlgn4a,119,119,1,+,T,G,mismatch,388,716,1,FALSE
nlgn4a,120,120,1,+,G,A,mismatch,389,716,1,FALSE
nlgn4a,120,120,1,+,G,A,mismatch,390,716,1,FALSE
nlgn4a,120,120,1,+,G,A,mismatch,391,716,1,FALSE
nlgn4a,120,120,1,+,G,C,mismatch,392,716,1,FALSE
nlgn4a,120,120,1,+,G,C,mismatch,393,716,1,FALSE
nlgn4a,121,121,1,+,T,A,mismatch,394,716,1,FALSE
nlgn4a,121,121,1,+,T,A,mismatch,395,741,1,FALSE
nlgn4a,121,121,1,+,T,A,mismatch,396,716,1,FALSE
nlgn4a,121,121,1,+,T,C,mismatch,397,711,1,FALSE
nlgn4a,121,121,1,+,T,C,mismatch,398,716,1,FALSE
nlgn4a,121,121,1,+,T,C,mismatch,399,716,1,FALSE
nlgn4a,121,121,1,+,T,G,mismatch,400,711,1,FALSE
nlgn4a,121,121,1,+,T,G,mismatch,401,716,1,FALSE
nlgn4a,121,121,1,+,T,G,mismatch,402,716,1,FALSE
nlgn4a,122,122,1,+,G,A,mismatch,403,716,1,FALSE
nlgn4a,122,122,1,+,G,A,mismatch,404,716,1,FALSE
nlgn4a,122,122,1,+,G,A,mismatch,405,716,1,FALSE
nlgn4a,122,122,1,+,G,A,mismatch,406,716,1,FALSE
nlgn4a,122,122,1,+,G,A,mismatch,407,716,1,FALSE
nlgn4a,122,122,1,+,G,C,mismatch,408,716,1,FALSE
nlgn4a,122,122,1,+,G,C,mismatch,409,716,1,FALSE
nlgn4a,122,122,1,+,G,C,mismatch,410,716,1,FALSE
nlgn4a,123,123,1,+,C,A,mismatch,411,716,1,FALSE
nlgn4a,123,123,1,+,C,A,mismatch,412,716,1,FALSE
nlgn4a,124,124,1,+,T,A,mismatch,413,711,1,FALSE
nlgn4a,124,124,1,+,T,A,mismatch,414,707,1,FALSE
nlgn4a,148,148,1,+,C,T,mismatch,414,707,1,FALSE
nlgn4a,124,124,1,+,T,C,mismatch,415,716,1,FALSE
nlgn4a,124,124,1,+,T,G,mismatch,416,716,1,FALSE
nlgn4a,124,124,1,+,T,G,mismatch,417,716,1,FALSE
nlgn4a,125,125,1,+,T,A,mismatch,418,716,1,FALSE
nlgn4a,125,125,1,+,T,C,mismatch,419,716,1,FALSE
nlgn4a,125,125,1,+,T,C,mismatch,420,716,1,FALSE
nlgn4a,125,125,1,+,T,G,mismatch,421,716,1,FALSE
nlgn4a,126,126,1,+,G,A,mismatch,422,716,1,FALSE
nlgn4a,126,126,1,+,G,A,mismatch,423,716,1,FALSE
nlgn4a,126,126,1,+,G,A,mismatch,424,711,1,FALSE
nlgn4a,126,126,1,+,G,A,mismatch,425,716,1,FALSE
nlgn4a,126,126,1,+,G,C,mismatch,426,741,1,FALSE
nlgn4a,127,127,1,+,C,A,mismatch,427,716,1,FALSE
nlgn4a,127,127,1,+,C,A,mismatch,428,716,1,FALSE
nlgn4a,127,127,1,+,C,A,mismatch,429,716,1,FALSE
nlgn4a,128,128,1,+,G,A,mismatch,430,707,1,FALSE
nlgn4a,147,147,1,+,A,C,mismatch,430,707,1,FALSE
nlgn4a,128,128,1,+,G,C,mismatch,431,711,1,FALSE
nlgn4a,129,129,1,+,G,A,mismatch,432,711,1,FALSE
nlgn4a,129,129,1,+,G,A,mismatch,433,716,1,FALSE
nlgn4a,129,129,1,+,G,C,mismatch,434,716,1,FALSE
nlgn4a,129,129,1,+,G,C,mismatch,435,716,1,FALSE
nlgn4a,135,135,1,+,T,A,mismatch,436,716,1,FALSE
nlgn4a,131,131,1,+,T,G,mismatch,437,716,1,FALSE
nlgn4a,139,139,1,+,T,A,mismatch,438,716,1,FALSE
nlgn4a,140,140,1,+,G,C,mismatch,439,716,1,FALSE
nlgn4a,146,146,1,+,T,C,mismatch,440,716,1,FALSE
nlgn4a,146,146,1,+,T,G,mismatch,441,716,1,FALSE
nlgn4a,150,150,1,+,T,G,mismatch,442,716,1,FALSE
nlgn4a,152,152,1,+,G,A,mismatch,443,716,1,FALSE
nlgn4a,154,154,1,+,C,A,mismatch,444,716,1,FALSE
nlgn4a,149,149,1,+,A,G,mismatch,572,716,1,FALSE
nlgn4a,149,149,1,+,A,T,mismatch,573,716,1,FALSE
nlgn4a,148,148,1,+,C,T,mismatch,574,716,1,FALSE
nlgn4a,144,144,1,+,A,G,mismatch,575,707,1,FALSE
nlgn4a,152,152,1,+,G,A,mismatch,575,707,1,FALSE
nlgn4a,142,142,1,+,C,G,mismatch,576,716,1,FALSE
nlgn4a,140,140,1,+,G,T,mismatch,577,716,1,FALSE
nlgn4a,138,138,1,+,C,G,mismatch,578,716,1,FALSE
nlgn4a,137,137,1,+,G,T,mismatch,579,716,1,FALSE
nlgn4a,136,136,1,+,G,A,mismatch,580,716,1,FALSE
nlgn4a,138,138,1,+,C,A,mismatch,581,716,1,FALSE
nlgn4a,140,140,1,+,G,A,mismatch,582,716,1,FALSE
nlgn4a,143,143,1,+,C,A,mismatch,583,716,1,FALSE
nlgn4a,145,145,1,+,T,G,mismatch,584,716,1,FALSE
nlgn4a,146,146,1,+,T,G,mismatch,585,716,1,FALSE
nlgn4a,147,147,1,+,A,T,mismatch,681,716,1,FALSE
nlgn4a,144,144,1,+,A,T,mismatch,682,716,1,FALSE
nlgn4a,142,142,1,+,C,G,mismatch,683,716,1,FALSE
nlgn4a,130,130,1,+,C,A,mismatch,684,741,1,FALSE
nlgn4a,131,131,1,+,T,A,mismatch,685,741,1,FALSE
nlgn4a,131,131,1,+,T,A,mismatch,686,716,1,FALSE
nlgn4a,137,137,1,+,G,C,mismatch,687,711,1,FALSE
nlgn4a,139,139,1,+,T,C,mismatch,688,711,1,FALSE
nlgn4a,139,139,1,+,T,G,mismatch,689,711,1,FALSE
nlgn4a,131,131,1,+,T,A,mismatch,699,716,1,FALSE
nlgn4a,141,141,1,+,G,T,mismatch,717,711,1,FALSE
nlgn4a,131,131,1,+,T,C,mismatch,718,716,1,FALSE
nlgn4a,135,135,1,+,T,A,mismatch,719,716,1,FALSE
nlgn4a,136,136,1,+,G,C,mismatch,720,716,1,FALSE
nlgn4a,136,136,1,+,G,C,mismatch,721,716,1,FALSE
nlgn4a,137,137,1,+,G,A,mismatch,722,716,1,FALSE
nlgn4a,135,135,1,+,T,G,mismatch,723,711,1,FALSE
nlgn4a,136,136,1,+,G,C,mismatch,724,711,1,FALSE
nlgn4a,138,138,1,+,C,A,mismatch,744,716,1,FALSE
nlgn4a,139,139,1,+,T,C,mismatch,745,716,1,FALSE
nlgn4a,141,141,1,+,G,C,mismatch,746,716,1,FALSE
nlgn4a,143,143,1,+,C,A,mismatch,747,716,1,FALSE
nlgn4a,145,145,1,+,T,A,mismatch,748,716,1,FALSE
nlgn4a,145,145,1,+,T,C,mismatch,749,716,1,FALSE
nlgn4a,145,145,1,+,T,G,mismatch,750,716,1,FALSE
nlgn4a,150,150,1,+,T,G,mismatch,751,716,1,FALSE
nlgn4a,153,153,1,+,G,A,mismatch,752,716,1,FALSE
nlgn4a,149,149,1,+,A,C,mismatch,955,716,1,FALSE
nlgn4a,144,144,1,+,A,C,mismatch,956,716,1,FALSE
nlgn4a,144,144,1,+,A,T,mismatch,957,716,1,FALSE
nlgn4a,144,144,1,+,A,T,mismatch,958,716,1,FALSE
nlgn4a,143,143,1,+,C,T,mismatch,959,716,1,FALSE
nlgn4a,140,140,1,+,G,T,mismatch,960,716,1,FALSE
nlgn4a,138,138,1,+,C,G,mismatch,961,716,1,FALSE
nlgn4a,137,137,1,+,G,T,mismatch,962,716,1,FALSE
nlgn4a,132,132,1,+,G,A,mismatch,963,716,1,FALSE
nlgn4a,133,133,1,+,C,A,mismatch,964,741,1,FALSE
nlgn4a,148,148,1,+,C,A,mismatch,965,711,1,FALSE
nlgn4a,143,143,1,+,C,G,mismatch,972,711,1,FALSE
nlgn4a,150,150,1,+,T,A,mismatch,973,716,1,FALSE
nlgn4a,150,150,1,+,T,C,mismatch,974,716,1,FALSE
nlgn4a,152,152,1,+,G,C,mismatch,975,716,1,FALSE
nlgn4a,152,152,1,+,G,C,mismatch,976,716,1,FALSE
nlgn4a,158,158,1,+,G,A,mismatch,977,716,1,FALSE
nlgn4a,157,157,1,+,A,T,mismatch,1077,716,1,FALSE
nlgn4a,157,157,1,+,A,T,mismatch,1078,716,1,FALSE
nlgn4a,156,156,1,+,C,G,mismatch,1079,716,1,FALSE
nlgn4a,156,156,1,+,C,T,mismatch,1080,716,1,FALSE
nlgn4a,156,156,1,+,C,T,mismatch,1081,716,1,FALSE
nlgn4a,148,148,1,+,C,T,mismatch,1082,716,1,FALSE
nlgn4a,148,148,1,+,C,T,mismatch,1083,716,1,FALSE
nlgn4a,147,147,1,+,A,G,mismatch,1084,716,1,FALSE
nlgn4a,134,134,1,+,G,C,mismatch,1085,716,1,FALSE
nlgn4a,134,134,1,+,G,C,mismatch,1093,716,1,FALSE
nlgn4a,135,135,1,+,T,A,mismatch,1094,741,1,FALSE
nlgn4a,135,135,1,+,T,G,mismatch,1095,741,1,FALSE
nlgn4a,145,145,1,+,T,G,mismatch,1096,711,1,FALSE
nlgn4a,148,148,1,+,C,A,mismatch,1097,711,1,FALSE
nlgn4a,138,138,1,+,C,A,mismatch,1109,741,1,FALSE
nlgn4a,140,140,1,+,G,A,mismatch,1110,741,1,FALSE
nlgn4a,143,143,1,+,C,A,mismatch,1111,741,1,FALSE
nlgn4a,145,145,1,+,T,C,mismatch,1112,741,1,FALSE
nlgn4a,145,145,1,+,T,C,mismatch,1113,741,1,FALSE
nlgn4a,149,149,1,+,A,C,mismatch,1248,741,1,FALSE
nlgn4a,149,149,1,+,A,T,mismatch,1249,741,1,FALSE
nlgn4a,148,148,1,+,C,G,mismatch,1250,741,1,FALSE
nlgn4a,148,148,1,+,C,T,mismatch,1251,741,1,FALSE
nlgn4a,147,147,1,+,A,C,mismatch,1252,741,1,FALSE
nlgn4a,147,147,1,+,A,C,mismatch,1253,741,1,FALSE
nlgn4a,147,147,1,+,A,T,mismatch,1254,741,1,FALSE
nlgn4a,143,143,1,+,C,G,mismatch,1255,741,1,FALSE
nlgn4a,143,143,1,+,C,T,mismatch,1256,741,1,FALSE
nlgn4a,141,141,1,+,G,T,mismatch,1257,741,1,FALSE
nlgn4a,140,140,1,+,G,T,mismatch,1258,741,1,FALSE
nlgn4a,134,134,1,+,G,T,mismatch,1259,716,1,FALSE
nlgn4a,146,146,1,+,T,G,mismatch,1260,716,1,FALSE
nlgn4a,154,154,1,+,C,A,mismatch,1261,716,1,FALSE
nlgn4a,154,154,1,+,C,G,mismatch,1323,716,1,FALSE
nlgn4a,147,147,1,+,A,C,mismatch,1324,716,1,FALSE
nlgn4a,144,144,1,+,A,C,mismatch,1325,716,1,FALSE
nlgn4a,141,141,1,+,G,T,mismatch,1326,716,1,FALSE
nlgn4a,133,133,1,+,C,G,mismatch,1327,741,1,FALSE
nlgn4a,133,133,1,+,C,G,mismatch,1328,716,1,FALSE
nlgn4a,133,133,1,+,C,T,mismatch,1329,716,1,FALSE
nlgn4a,133,133,1,+,C,T,mismatch,1330,716,1,FALSE
nlgn4a,134,134,1,+,G,A,mismatch,1331,711,1,FALSE
nlgn4a,149,149,1,+,A,C,mismatch,1349,711,1,FALSE
nlgn4a,130,130,1,+,C,G,mismatch,1351,711,1,FALSE
nlgn4a,130,130,1,+,C,T,mismatch,1352,716,1,FALSE
nlgn4a,129,129,1,+,G,T,mismatch,1353,716,1,FALSE
nlgn4a,129,129,1,+,G,T,mismatch,1354,716,1,FALSE
nlgn4a,146,146,1,+,T,G,mismatch,1355,716,1,FALSE
nlgn4a,150,150,1,+,T,G,mismatch,1356,716,1,FALSE
nlgn4a,150,150,1,+,T,G,mismatch,1357,716,1,FALSE
nlgn4a,151,151,1,+,G,C,mismatch,1358,716,1,FALSE
nlgn4a,155,155,1,+,T,A,mismatch,1359,716,1,FALSE
nlgn4a,156,156,1,+,C,G,mismatch,1401,716,1,FALSE
nlgn4a,156,156,1,+,C,T,mismatch,1402,716,1,FALSE
nlgn4a,147,147,1,+,A,C,mismatch,1403,716,1,FALSE
nlgn4a,147,147,1,+,A,C,mismatch,1404,716,1,FALSE
nlgn4a,136,136,1,+,G,T,mismatch,1405,716,1,FALSE
nlgn4a,128,128,1,+,G,T,mismatch,1406,707,1,FALSE
nlgn4a,156,156,1,+,C,T,mismatch,1406,707,1,FALSE
nlgn4a,138,138,1,+,C,A,mismatch,1407,716,1,FALSE
nlgn4a,139,139,1,+,T,A,mismatch,1408,716,1,FALSE
nlgn4a,139,139,1,+,T,C,mismatch,1409,716,1,FALSE
nlgn4a,140,140,1,+,G,A,mismatch,1410,716,1,FALSE
nlgn4a,141,141,1,+,G,C,mismatch,1411,716,1,FALSE
nlgn4a,142,142,1,+,C,A,mismatch,1412,716,1,FALSE
nlgn4a,142,142,1,+,C,A,mismatch,1413,716,1,FALSE
nlgn4a,145,145,1,+,T,A,mismatch,1414,716,1,FALSE
nlgn4a,145,145,1,+,T,C,mismatch,1415,716,1,FALSE
nlgn4a,146,146,1,+,T,C,mismatch,1416,716,1,FALSE
nlgn4a,146,146,1,+,T,C,mismatch,1417,716,1,FALSE
nlgn4a,146,146,1,+,T,G,mismatch,1418,716,1,FALSE
nlgn4a,150,150,1,+,T,C,mismatch,1419,716,1,FALSE
nlgn4a,150,150,1,+,T,C,mismatch,1420,716,1,FALSE
nlgn4a,150,150,1,+,T,C,mismatch,1421,716,1,FALSE
nlgn4a,150,150,1,+,T,G,mismatch,1422,716,1,FALSE
nlgn4a,151,151,1,+,G,A,mismatch,1423,716,1,FALSE
nlgn4a,151,151,1,+,G,C,mismatch,1424,716,1,FALSE
nlgn4a,151,151,1,+,G,C,mismatch,1425,716,1,FALSE
nlgn4a,151,151,1,+,G,C,mismatch,1426,716,1,FALSE
nlgn4a,153,153,1,+,G,A,mismatch,1427,716,1,FALSE
nlgn4a,153,153,1,+,G,A,mismatch,1428,716,1,FALSE
nlgn4a,153,153,1,+,G,C,mismatch,1429,716,1,FALSE
nlgn4a,154,154,1,+,C,A,mismatch,1430,716,1,FALSE
nlgn4a,154,154,1,+,C,A,mismatch,1431,716,1,FALSE
nlgn4a,155,155,1,+,T,A,mismatch,1432,716,1,FALSE
nlgn4a,155,155,1,+,T,G,mismatch,1433,716,1,FALSE
nlgn4a,160,160,1,+,A,T,mismatch,1686,716,1,FALSE
nlgn4a,158,158,1,+,G,T,mismatch,1687,716,1,FALSE
nlgn4a,157,157,1,+,A,C,mismatch,1688,716,1,FALSE
nlgn4a,157,157,1,+,A,C,mismatch,1689,716,1,FALSE
nlgn4a,156,156,1,+,C,G,mismatch,1690,716,1,FALSE
nlgn4a,156,156,1,+,C,T,mismatch,1691,716,1,FALSE
nlgn4a,152,152,1,+,G,T,mismatch,1692,716,1,FALSE
nlgn4a,151,151,1,+,G,T,mismatch,1693,716,1,FALSE
nlgn4a,149,149,1,+,A,C,mismatch,1694,716,1,FALSE
nlgn4a,149,149,1,+,A,T,mismatch,1695,716,1,FALSE
nlgn4a,148,148,1,+,C,G,mismatch,1696,716,1,FALSE
nlgn4a,143,143,1,+,C,T,mismatch,1697,716,1,FALSE
nlgn4a,127,127,1,+,C,G,mismatch,1698,716,1,FALSE
nlgn4a,127,127,1,+,C,G,mismatch,1699,716,1,FALSE
nlgn4a,127,127,1,+,C,G,mismatch,1700,716,1,FALSE
nlgn4a,127,127,1,+,C,G,mismatch,1701,716,1,FALSE
nlgn4a,138,138,1,+,C,T,mismatch,1702,716,1,FALSE
nlgn4a,126,126,1,+,G,T,mismatch,1703,716,1,FALSE
nlgn4a,137,137,1,+,G,A,mismatch,1704,716,1,FALSE
nlgn4a,139,139,1,+,T,C,mismatch,1705,716,1,FALSE
nlgn4a,141,141,1,+,G,A,mismatch,1706,716,1,FALSE
nlgn4a,142,142,1,+,C,A,mismatch,1707,716,1,FALSE
nlgn4a,145,145,1,+,T,A,mismatch,1708,716,1,FALSE
nlgn4a,145,145,1,+,T,C,mismatch,1709,716,1,FALSE
nlgn4a,146,146,1,+,T,A,mismatch,1710,716,1,FALSE
nlgn4a,146,146,1,+,T,C,mismatch,1711,716,1,FALSE
nlgn4a,150,150,1,+,T,A,mismatch,1712,716,1,FALSE
nlgn4a,151,151,1,+,G,A,mismatch,1713,716,1,FALSE
nlgn4a,151,151,1,+,G,C,mismatch,1714,716,1,FALSE
nlgn4a,151,151,1,+,G,C,mismatch,1715,716,1,FALSE
nlgn4a,152,152,1,+,G,A,mismatch,1716,716,1,FALSE
nlgn4a,153,153,1,+,G,C,mismatch,1717,716,1,FALSE
nlgn4a,155,155,1,+,T,G,mismatch,1718,716,1,FALSE
nlgn4a,159,159,1,+,C,A,mismatch,1719,716,1,FALSE
nlgn4a,159,159,1,+,C,T,mismatch,1961,716,1,FALSE
nlgn4a,158,158,1,+,G,T,mismatch,1962,716,1,FALSE
nlgn4a,158,158,1,+,G,T,mismatch,1963,716,1,FALSE
nlgn4a,157,157,1,+,A,T,mismatch,1964,716,1,FALSE
nlgn4a,156,156,1,+,C,T,mismatch,1965,716,1,FALSE
nlgn4a,153,153,1,+,G,T,mismatch,1966,716,1,FALSE
nlgn4a,152,152,1,+,G,T,mismatch,1967,716,1,FALSE
nlgn4a,149,149,1,+,A,T,mismatch,1968,716,1,FALSE
nlgn4a,149,149,1,+,A,T,mismatch,1969,716,1,FALSE
nlgn4a,149,149,1,+,A,T,mismatch,1970,716,1,FALSE
nlgn4a,148,148,1,+,C,T,mismatch,1971,716,1,FALSE
nlgn4a,147,147,1,+,A,C,mismatch,1972,716,1,FALSE
nlgn4a,147,147,1,+,A,C,mismatch,1973,716,1,FALSE
nlgn4a,147,147,1,+,A,G,mismatch,1974,716,1,FALSE
nlgn4a,147,147,1,+,A,G,mismatch,1975,716,1,FALSE
nlgn4a,147,147,1,+,A,T,mismatch,1976,716,1,FALSE
nlgn4a,142,142,1,+,C,T,mismatch,1977,716,1,FALSE
nlgn4a,142,142,1,+,C,T,mismatch,1978,707,1,FALSE
nlgn4a,156,156,1,+,C,G,mismatch,1978,707,1,FALSE
nlgn4a,141,141,1,+,G,T,mismatch,1979,707,1,FALSE
nlgn4a,155,155,1,+,T,A,mismatch,1979,707,1,FALSE
nlgn4a,140,140,1,+,G,T,mismatch,1980,716,1,FALSE
nlgn4a,138,138,1,+,C,G,mismatch,1981,716,1,FALSE
nlgn4a,137,137,1,+,G,T,mismatch,1982,716,1,FALSE
nlgn4a,137,137,1,+,G,T,mismatch,1983,716,1,FALSE
nlgn4a,137,137,1,+,G,T,mismatch,1984,716,1,FALSE
nlgn4a,123,123,1,+,C,G,mismatch,1985,716,1,FALSE
nlgn4a,123,123,1,+,C,T,mismatch,1986,716,1,FALSE
nlgn4a,123,123,1,+,C,T,mismatch,1987,716,1,FALSE
nlgn4a,123,123,1,+,C,T,mismatch,1988,716,1,FALSE
nlgn4a,123,123,1,+,C,T,mismatch,1989,716,1,FALSE
nlgn4a,122,122,1,+,G,T,mismatch,1990,716,1,FALSE
nlgn4a,122,122,1,+,G,T,mismatch,1991,716,1,FALSE
nlgn4a,122,122,1,+,G,T,mismatch,1992,741,1,FALSE
nlgn4a,122,122,1,+,G,T,mismatch,1993,716,1,FALSE
nlgn4a,122,122,1,+,G,T,mismatch,1994,716,1,FALSE
nlgn4a,120,120,1,+,G,T,mismatch,1995,716,1,FALSE
nlgn4a,120,120,1,+,G,T,mismatch,1996,716,1,FALSE
nlgn4a,117,117,1,+,A,C,mismatch,1997,716,1,FALSE
nlgn4a,117,117,1,+,A,C,mismatch,1998,707,1,FALSE
nlgn4a,147,147,1,+,A,G,mismatch,1998,707,1,FALSE
nlgn4a,117,117,1,+,A,C,mismatch,1999,716,1,FALSE
nlgn4a,117,117,1,+,A,C,mismatch,2000,716,1,FALSE
nlgn4a,117,117,1,+,A,G,mismatch,2001,707,1,FALSE
nlgn4a,149,149,1,+,A,G,mismatch,2001,707,1,FALSE
nlgn4a,117,117,1,+,A,G,mismatch,2002,716,1,FALSE
nlgn4a,117,117,1,+,A,G,mismatch,2003,716,1,FALSE
nlgn4a,117,117,1,+,A,G,mismatch,2004,716,1,FALSE
nlgn4a,117,117,1,+,A,T,mismatch,2005,741,1,FALSE
nlgn4a,117,117,1,+,A,T,mismatch,2006,716,1,FALSE
nlgn4a,116,116,1,+,G,T,mismatch,2007,707,1,FALSE
nlgn4a,119,119,1,+,T,G,mismatch,2007,707,1,FALSE
nlgn4a,116,116,1,+,G,T,mismatch,2008,716,1,FALSE
nlgn4a,116,116,1,+,G,T,mismatch,2009,716,1,FALSE
nlgn4a,115,115,1,+,G,T,mismatch,2010,716,1,FALSE
nlgn4a,115,115,1,+,G,T,mismatch,2011,716,1,FALSE
nlgn4a,115,115,1,+,G,T,mismatch,2012,716,1,FALSE
nlgn4a,113,113,1,+,C,G,mismatch,2013,716,1,FALSE
nlgn4a,112,112,1,+,C,G,mismatch,2014,716,1,FALSE
nlgn4a,112,112,1,+,C,T,mismatch,2015,716,1,FALSE
nlgn4a,111,111,1,+,A,C,mismatch,2016,716,1,FALSE
nlgn4a,111,111,1,+,A,C,mismatch,2017,716,1,FALSE
nlgn4a,111,111,1,+,A,G,mismatch,2018,707,1,FALSE
nlgn4a,146,146,1,+,T,G,mismatch,2018,707,1,FALSE
nlgn4a,111,111,1,+,A,G,mismatch,2019,707,1,FALSE
nlgn4a,115,115,1,+,G,T,mismatch,2019,707,1,FALSE
nlgn4a,111,111,1,+,A,T,mismatch,2020,711,1,FALSE
nlgn4a,111,111,1,+,A,T,mismatch,2021,716,1,FALSE
nlgn4a,111,111,1,+,A,T,mismatch,2022,741,1,FALSE
nlgn4a,111,111,1,+,A,T,mismatch,2023,732,1,FALSE
nlgn4a,148,148,1,+,C,T,mismatch,2023,732,1,FALSE
nlgn4a,111,111,1,+,A,T,mismatch,2024,716,1,FALSE
nlgn4a,111,111,1,+,A,T,mismatch,2025,716,1,FALSE
nlgn4a,105,105,1,+,C,G,mismatch,2026,716,1,FALSE
nlgn4a,105,105,1,+,C,G,mismatch,2027,716,1,FALSE
nlgn4a,105,105,1,+,C,T,mismatch,2028,698,1,FALSE
nlgn4a,125,125,1,+,T,A,mismatch,2028,698,1,FALSE
nlgn4a,142,142,1,+,C,G,mismatch,2028,698,1,FALSE
nlgn4a,105,105,1,+,C,T,mismatch,2029,716,1,FALSE
nlgn4a,104,104,1,+,C,G,mismatch,2030,716,1,FALSE
nlgn4a,104,104,1,+,C,G,mismatch,2031,741,1,FALSE
nlgn4a,104,104,1,+,C,T,mismatch,2032,716,1,FALSE
nlgn4a,103,103,1,+,G,T,mismatch,2033,716,1,FALSE
nlgn4a,103,103,1,+,G,T,mismatch,2034,716,1,FALSE
nlgn4a,103,103,1,+,G,T,mismatch,2035,716,1,FALSE
nlgn4a,102,102,1,+,C,G,mismatch,2036,716,1,FALSE
nlgn4a,102,102,1,+,C,T,mismatch,2037,716,1,FALSE
nlgn4a,102,102,1,+,C,T,mismatch,2038,716,1,FALSE
nlgn4a,101,101,1,+,A,C,mismatch,2039,716,1,FALSE
nlgn4a,101,101,1,+,A,C,mismatch,2040,716,1,FALSE
nlgn4a,101,101,1,+,A,T,mismatch,2041,716,1,FALSE
nlgn4a,101,101,1,+,A,T,mismatch,2042,716,1,FALSE
nlgn4a,99,99,1,+,C,G,mismatch,2043,716,1,FALSE
nlgn4a,97,97,1,+,C,G,mismatch,2044,716,1,FALSE
nlgn4a,97,97,1,+,C,G,mismatch,2045,716,1,FALSE
nlgn4a,97,97,1,+,C,G,mismatch,2046,716,1,FALSE
nlgn4a,97,97,1,+,C,T,mismatch,2047,716,1,FALSE
nlgn4a,97,97,1,+,C,T,mismatch,2048,711,1,FALSE
nlgn4a,97,97,1,+,C,T,mismatch,2049,716,1,FALSE
nlgn4a,97,97,1,+,C,T,mismatch,2050,716,1,FALSE
nlgn4a,96,96,1,+,A,C,mismatch,2051,716,1,FALSE
nlgn4a,94,94,1,+,C,G,mismatch,2052,716,1,FALSE
nlgn4a,94,94,1,+,C,G,mismatch,2053,741,1,FALSE
nlgn4a,94,94,1,+,C,G,mismatch,2054,707,1,FALSE
nlgn4a,141,141,1,+,G,A,mismatch,2054,707,1,FALSE
nlgn4a,94,94,1,+,C,T,mismatch,2055,716,1,FALSE
nlgn4a,94,94,1,+,C,T,mismatch,2056,716,1,FALSE
nlgn4a,93,93,1,+,G,T,mismatch,2057,702,1,FALSE
nlgn4a,118,118,1,+,T,A,mismatch,2057,702,1,FALSE
nlgn4a,93,93,1,+,G,T,mismatch,2058,716,1,FALSE
nlgn4a,93,93,1,+,G,T,mismatch,2059,716,1,FALSE
nlgn4a,92,92,1,+,G,T,mismatch,2060,716,1,FALSE
nlgn4a,92,92,1,+,G,T,mismatch,2061,716,1,FALSE
nlgn4a,92,92,1,+,G,T,mismatch,2062,716,1,FALSE
nlgn4a,90,90,1,+,C,G,mismatch,2063,702,1,FALSE
nlgn4a,110,110,1,+,T,C,mismatch,2063,702,1,FALSE
nlgn4a,90,90,1,+,C,G,mismatch,2064,716,1,FALSE
nlgn4a,88,88,1,+,C,G,mismatch,2065,716,1,FALSE
nlgn4a,88,88,1,+,C,G,mismatch,2066,741,1,FALSE
nlgn4a,88,88,1,+,C,G,mismatch,2067,716,1,FALSE
nlgn4a,88,88,1,+,C,T,mismatch,2068,716,1,FALSE
nlgn4a,87,87,1,+,C,G,mismatch,2069,716,1,FALSE
nlgn4a,87,87,1,+,C,G,mismatch,2070,716,1,FALSE
nlgn4a,87,87,1,+,C,T,mismatch,2071,716,1,FALSE
nlgn4a,87,87,1,+,C,T,mismatch,2072,741,1,FALSE
nlgn4a,85,85,1,+,A,G,mismatch,2073,716,1,FALSE
nlgn4a,85,85,1,+,A,G,mismatch,2074,741,1,FALSE
nlgn4a,85,85,1,+,A,T,mismatch,2075,707,1,FALSE
nlgn4a,145,145,1,+,T,A,mismatch,2075,707,1,FALSE
nlgn4a,84,84,1,+,C,G,mismatch,2076,716,1,FALSE
nlgn4a,81,81,1,+,G,T,mismatch,2077,711,1,FALSE
nlgn4a,81,81,1,+,G,T,mismatch,2078,741,1,FALSE
nlgn4a,81,81,1,+,G,T,mismatch,2079,716,1,FALSE
nlgn4a,80,80,1,+,G,T,mismatch,2080,711,1,FALSE
nlgn4a,80,80,1,+,G,T,mismatch,2081,716,1,FALSE
nlgn4a,78,78,1,+,A,C,mismatch,2082,741,1,FALSE
nlgn4a,78,78,1,+,A,C,mismatch,2083,716,1,FALSE
nlgn4a,78,78,1,+,A,G,mismatch,2084,732,1,FALSE
nlgn4a,138,138,1,+,C,T,mismatch,2084,732,1,FALSE
nlgn4a,78,78,1,+,A,G,mismatch,2085,716,1,FALSE
nlgn4a,78,78,1,+,A,T,mismatch,2086,716,1,FALSE
nlgn4a,78,78,1,+,A,T,mismatch,2087,716,1,FALSE
nlgn4a,78,78,1,+,A,T,mismatch,2088,716,1,FALSE
nlgn4a,77,77,1,+,C,G,mismatch,2089,716,1,FALSE
nlgn4a,77,77,1,+,C,G,mismatch,2090,716,1,FALSE
nlgn4a,77,77,1,+,C,G,mismatch,2091,716,1,FALSE
nlgn4a,77,77,1,+,C,G,mismatch,2092,707,1,FALSE
nlgn4a,144,144,1,+,A,G,mismatch,2092,707,1,FALSE
nlgn4a,77,77,1,+,C,T,mismatch,2093,716,1,FALSE
nlgn4a,77,77,1,+,C,T,mismatch,2094,716,1,FALSE
nlgn4a,77,77,1,+,C,T,mismatch,2095,716,1,FALSE
nlgn4a,77,77,1,+,C,T,mismatch,2096,716,1,FALSE
nlgn4a,75,75,1,+,A,C,mismatch,2097,707,1,FALSE
nlgn4a,82,82,1,+,T,A,mismatch,2097,707,1,FALSE
nlgn4a,75,75,1,+,A,C,mismatch,2098,716,1,FALSE
nlgn4a,75,75,1,+,A,C,mismatch,2099,741,1,FALSE
nlgn4a,75,75,1,+,A,C,mismatch,2100,716,1,FALSE
nlgn4a,75,75,1,+,A,C,mismatch,2101,716,1,FALSE
nlgn4a,75,75,1,+,A,G,mismatch,2102,716,1,FALSE
nlgn4a,75,75,1,+,A,G,mismatch,2103,741,1,FALSE
nlgn4a,75,75,1,+,A,T,mismatch,2104,716,1,FALSE
nlgn4a,75,75,1,+,A,T,mismatch,2105,716,1,FALSE
nlgn4a,72,72,1,+,C,T,mismatch,2106,741,1,FALSE
nlgn4a,71,71,1,+,A,C,mismatch,2107,741,1,FALSE
nlgn4a,71,71,1,+,A,G,mismatch,2108,741,1,FALSE
nlgn4a,71,71,1,+,A,T,mismatch,2109,716,1,FALSE
nlgn4a,70,70,1,+,C,G,mismatch,2110,716,1,FALSE
nlgn4a,69,69,1,+,C,T,mismatch,2111,716,1,FALSE
nlgn4a,68,68,1,+,A,C,mismatch,2112,716,1,FALSE
nlgn4a,68,68,1,+,A,C,mismatch,2113,716,1,FALSE
nlgn4a,68,68,1,+,A,T,mismatch,2114,716,1,FALSE
nlgn4a,68,68,1,+,A,T,mismatch,2115,716,1,FALSE
nlgn4a,66,66,1,+,A,C,mismatch,2116,716,1,FALSE
nlgn4a,66,66,1,+,A,C,mismatch,2117,716,1,FALSE
nlgn4a,66,66,1,+,A,G,mismatch,2118,716,1,FALSE
nlgn4a,66,66,1,+,A,T,mismatch,2119,698,1,FALSE
nlgn4a,149,149,1,+,A,G,mismatch,2119,698,1,FALSE
nlgn4a,151,151,1,+,G,A,mismatch,2119,698,1,FALSE
nlgn4a,65,65,1,+,G,T,mismatch,2120,707,1,FALSE
nlgn4a,113,113,1,+,C,G,mismatch,2120,707,1,FALSE
nlgn4a,64,64,1,+,G,T,mismatch,2121,702,1,FALSE
nlgn4a,137,137,1,+,G,A,mismatch,2121,702,1,FALSE
nlgn4a,64,64,1,+,G,T,mismatch,2122,711,1,FALSE
nlgn4a,62,62,1,+,A,G,mismatch,2123,707,1,FALSE
nlgn4a,99,99,1,+,C,G,mismatch,2123,707,1,FALSE
nlgn4a,62,62,1,+,A,T,mismatch,2124,716,1,FALSE
nlgn4a,62,62,1,+,A,T,mismatch,2125,716,1,FALSE
nlgn4a,61,61,1,+,C,G,mismatch,2126,716,1,FALSE
nlgn4a,61,61,1,+,C,G,mismatch,2127,716,1,FALSE
nlgn4a,61,61,1,+,C,G,mismatch,2128,716,1,FALSE
nlgn4a,61,61,1,+,C,G,mismatch,2129,716,1,FALSE
nlgn4a,60,60,1,+,C,G,mismatch,2130,716,1,FALSE
nlgn4a,58,58,1,+,C,G,mismatch,2131,716,1,FALSE
nlgn4a,58,58,1,+,C,G,mismatch,2132,716,1,FALSE
nlgn4a,58,58,1,+,C,G,mismatch,2133,716,1,FALSE
nlgn4a,58,58,1,+,C,G,mismatch,2134,716,1,FALSE
nlgn4a,58,58,1,+,C,G,mismatch,2135,707,1,FALSE
nlgn4a,115,115,1,+,G,T,mismatch,2135,707,1,FALSE
nlgn4a,58,58,1,+,C,T,mismatch,2136,732,1,FALSE
nlgn4a,143,143,1,+,C,T,mismatch,2136,732,1,FALSE
nlgn4a,58,58,1,+,C,T,mismatch,2137,716,1,FALSE
nlgn4a,58,58,1,+,C,T,mismatch,2138,716,1,FALSE
nlgn4a,58,58,1,+,C,T,mismatch,2139,716,1,FALSE
nlgn4a,57,57,1,+,A,C,mismatch,2141,716,1,FALSE
nlgn4a,57,57,1,+,A,G,mismatch,2142,707,1,FALSE
nlgn4a,150,150,1,+,T,C,mismatch,2142,707,1,FALSE
nlgn4a,57,57,1,+,A,T,mismatch,2143,741,1,FALSE
nlgn4a,57,57,1,+,A,T,mismatch,2144,707,1,FALSE
nlgn4a,76,76,1,+,C,G,mismatch,2144,707,1,FALSE
nlgn4a,56,56,1,+,A,C,mismatch,2145,716,1,FALSE
nlgn4a,56,56,1,+,A,G,mismatch,2146,707,1,FALSE
nlgn4a,119,119,1,+,T,A,mismatch,2146,707,1,FALSE
nlgn4a,56,56,1,+,A,G,mismatch,2147,716,1,FALSE
nlgn4a,56,56,1,+,A,T,mismatch,2148,711,1,FALSE
nlgn4a,56,56,1,+,A,T,mismatch,2149,716,1,FALSE
nlgn4a,54,54,1,+,G,T,mismatch,2150,707,1,FALSE
nlgn4a,67,67,1,+,T,G,mismatch,2150,707,1,FALSE
nlgn4a,53,53,1,+,A,C,mismatch,2151,741,1,FALSE
nlgn4a,53,53,1,+,A,G,mismatch,2152,716,1,FALSE
nlgn4a,53,53,1,+,A,T,mismatch,2153,716,1,FALSE
nlgn4a,52,52,1,+,G,T,mismatch,2154,716,1,FALSE
nlgn4a,51,51,1,+,A,C,mismatch,2155,732,1,FALSE
nlgn4a,64,64,1,+,G,A,mismatch,2155,732,1,FALSE
nlgn4a,51,51,1,+,A,G,mismatch,2156,716,1,FALSE
nlgn4a,51,51,1,+,A,T,mismatch,2157,716,1,FALSE
nlgn4a,50,50,1,+,C,G,mismatch,2158,711,1,FALSE
nlgn4a,50,50,1,+,C,G,mismatch,2159,707,1,FALSE
nlgn4a,130,130,1,+,C,G,mismatch,2159,707,1,FALSE
nlgn4a,50,50,1,+,C,G,mismatch,2160,716,1,FALSE
nlgn4a,50,50,1,+,C,G,mismatch,2161,716,1,FALSE
nlgn4a,50,50,1,+,C,G,mismatch,2162,716,1,FALSE
nlgn4a,50,50,1,+,C,T,mismatch,2163,698,1,FALSE
nlgn4a,125,125,1,+,T,C,mismatch,2163,698,1,FALSE
nlgn4a,145,145,1,+,T,A,mismatch,2163,698,1,FALSE
nlgn4a,48,48,1,+,C,G,mismatch,2164,716,1,FALSE
nlgn4a,48,48,1,+,C,G,mismatch,2165,716,1,FALSE
nlgn4a,48,48,1,+,C,G,mismatch,2166,707,1,FALSE
nlgn4a,150,150,1,+,T,A,mismatch,2166,707,1,FALSE
nlgn4a,48,48,1,+,C,T,mismatch,2167,716,1,FALSE
nlgn4a,46,46,1,+,G,T,mismatch,2168,716,1,FALSE
nlgn4a,46,46,1,+,G,T,mismatch,2169,741,1,FALSE
nlgn4a,46,46,1,+,G,T,mismatch,2170,741,1,FALSE
nlgn4a,44,44,1,+,A,G,mismatch,2171,716,1,FALSE
nlgn4a,44,44,1,+,A,T,mismatch,2172,716,1,FALSE
nlgn4a,43,43,1,+,C,G,mismatch,2173,716,1,FALSE
nlgn4a,43,43,1,+,C,T,mismatch,2174,716,1,FALSE
nlgn4a,43,43,1,+,C,T,mismatch,2175,716,1,FALSE
nlgn4a,41,41,1,+,G,T,mismatch,2176,716,1,FALSE
nlgn4a,41,41,1,+,G,T,mismatch,2177,716,1,FALSE
nlgn4a,37,37,1,+,C,G,mismatch,2178,716,1,FALSE
nlgn4a,36,36,1,+,A,T,mismatch,2179,716,1,FALSE
nlgn4a,36,36,1,+,A,T,mismatch,2180,716,1,FALSE
nlgn4a,32,32,1,+,C,G,mismatch,2181,741,1,FALSE
nlgn4a,32,32,1,+,C,G,mismatch,2182,716,1,FALSE
nlgn4a,32,32,1,+,C,T,mismatch,2183,716,1,FALSE
nlgn4a,32,32,1,+,C,T,mismatch,2184,723,1,FALSE
nlgn4a,59,59,1,+,C,T,mismatch,2184,723,1,FALSE
nlgn4a,61,61,1,+,C,T,mismatch,2184,723,1,FALSE
nlgn4a,31,31,1,+,G,T,mismatch,2185,716,1,FALSE
nlgn4a,31,31,1,+,G,T,mismatch,2186,716,1,FALSE
nlgn4a,31,31,1,+,G,T,mismatch,2187,716,1,FALSE
nlgn4a,30,30,1,+,A,C,mismatch,2188,716,1,FALSE
nlgn4a,30,30,1,+,A,C,mismatch,2189,716,1,FALSE
nlgn4a,28,28,1,+,G,T,mismatch,2190,716,1,FALSE
nlgn4a,26,26,1,+,C,T,mismatch,2191,711,1,FALSE
nlgn4a,25,25,1,+,A,C,mismatch,2192,716,1,FALSE
nlgn4a,25,25,1,+,A,G,mismatch,2193,741,1,FALSE
nlgn4a,24,24,1,+,A,G,mismatch,2194,716,1,FALSE
nlgn4a,24,24,1,+,A,G,mismatch,2195,716,1,FALSE
nlgn4a,24,24,1,+,A,T,mismatch,2196,732,1,FALSE
nlgn4a,95,95,1,+,T,A,mismatch,2196,732,1,FALSE
nlgn4a,24,24,1,+,A,T,mismatch,2197,716,1,FALSE
nlgn4a,23,23,1,+,C,G,mismatch,2198,698,1,FALSE
nlgn4a,129,129,1,+,G,C,mismatch,2198,698,1,FALSE
nlgn4a,146,146,1,+,T,A,mismatch,2198,698,1,FALSE
nlgn4a,22,22,1,+,C,G,mismatch,2199,716,1,FALSE
nlgn4a,145,145,1,+,T,A,mismatch,2205,707,1,FALSE
nlgn4a,156,156,1,+,C,T,mismatch,2215,707,1,FALSE
nlgn4a,48,48,1,+,C,A,mismatch,2216,698,1,FALSE
nlgn4a,65,65,1,+,G,C,mismatch,2216,698,1,FALSE
nlgn4a,81,81,1,+,G,T,mismatch,2218,707,1,FALSE
nlgn4a,147,147,1,+,A,G,mismatch,2221,707,1,FALSE
nlgn4a,37,37,1,+,C,T,mismatch,2224,698,1,FALSE
nlgn4a,104,104,1,+,C,A,mismatch,2224,698,1,FALSE
nlgn4a,119,119,1,+,T,G,mismatch,2225,707,1,FALSE
nlgn4a,30,30,1,+,A,C,mismatch,2235,707,1,FALSE
nlgn4a,125,125,1,+,T,G,mismatch,2239,707,1,FALSE
nlgn4a,131,131,1,-,"",A,insertion,10,720,12,FALSE
nlgn4a,134,134,1,-,"",C,insertion,11,720,9,FALSE
nlgn4a,131,131,1,-,"",G,insertion,12,720,6,FALSE
nlgn4a,135,135,1,-,"",G,insertion,13,720,6,FALSE
nlgn4a,132,132,1,-,"",T,insertion,14,720,5,FALSE
nlgn4a,131,131,1,-,"",C,insertion,15,720,4,FALSE
nlgn4a,131,131,1,-,"",G,insertion,36,711,2,FALSE
nlgn4a,134,134,1,-,"",A,insertion,48,720,2,FALSE
nlgn4a,131,131,1,-,"",G,insertion,111,693,1,FALSE
nlgn4a,131,131,1,-,"",C,insertion,129,684,1,FALSE
nlgn4a,131,131,1,-,"",G,insertion,138,711,1,FALSE
nlgn4a,131,131,1,-,"",A,insertion,144,720,1,FALSE
nlgn4a,135,135,1,-,"",G,insertion,151,702,1,FALSE
nlgn4a,131,131,1,-,"",C,insertion,207,720,1,FALSE
nlgn4a,134,134,1,-,"",C,insertion,233,720,1,FALSE
nlgn4a,134,134,1,-,"",C,insertion,276,693,1,FALSE
nlgn4a,132,132,1,-,"",T,insertion,301,720,1,FALSE
nlgn4a,131,131,1,-,"",G,insertion,326,711,1,FALSE
nlgn4a,131,131,1,-,"",G,insertion,340,720,1,FALSE
nlgn4a,131,131,1,-,"",G,insertion,343,711,1,FALSE
nlgn4a,132,132,1,-,"",T,insertion,344,702,1,FALSE
nlgn4a,134,134,1,-,"",C,insertion,379,720,1,FALSE
nlgn4a,132,132,1,-,"",T,insertion,385,720,1,FALSE
nlgn4a,131,131,1,-,"",C,insertion,397,702,1,FALSE
nlgn4a,131,131,1,-,"",C,insertion,400,693,1,FALSE
nlgn4a,131,131,1,-,"",G,insertion,413,720,1,FALSE
nlgn4a,131,131,1,-,"",G,insertion,424,702,1,FALSE
nlgn4a,132,132,1,-,"",T,insertion,431,693,1,FALSE
nlgn4a,131,131,1,-,"",G,insertion,432,702,1,FALSE
nlgn4a,131,131,1,-,"",A,insertion,687,711,1,FALSE
nlgn4a,131,131,1,-,"",A,insertion,688,720,1,FALSE
nlgn4a,131,131,1,-,"",A,insertion,689,711,1,FALSE
nlgn4a,131,131,1,-,"",A,insertion,690,702,1,FALSE
nlgn4a,132,132,1,-,"",A,insertion,691,702,1,FALSE
nlgn4a,131,131,1,-,"",A,insertion,692,702,1,FALSE
nlgn4a,131,131,1,-,"",A,insertion,693,711,1,FALSE
nlgn4a,131,131,1,-,"",A,insertion,694,711,1,FALSE
nlgn4a,131,131,1,-,"",A,insertion,695,711,1,FALSE
nlgn4a,131,131,1,-,"",A,insertion,696,702,1,FALSE
nlgn4a,131,131,1,-,"",A,insertion,697,711,1,FALSE
nlgn4a,131,131,1,-,"",A,insertion,698,702,1,FALSE
nlgn4a,131,131,1,-,"",C,insertion,700,711,1,FALSE
nlgn4a,131,131,1,-,"",C,insertion,701,702,1,FALSE
nlgn4a,131,131,1,-,"",C,insertion,702,702,1,FALSE
nlgn4a,131,131,1,-,"",C,insertion,703,702,1,FALSE
nlgn4a,131,131,1,-,"",C,insertion,704,693,1,FALSE
nlgn4a,131,131,1,-,"",C,insertion,705,711,1,FALSE
nlgn4a,131,131,1,-,"",C,insertion,706,711,1,FALSE
nlgn4a,131,131,1,-,"",C,insertion,707,693,1,FALSE
nlgn4a,131,131,1,-,"",A,insertion,708,720,1,FALSE
nlgn4a,131,131,1,-,"",C,insertion,709,702,1,FALSE
nlgn4a,131,131,1,-,"",C,insertion,710,702,1,FALSE
nlgn4a,131,131,1,-,"",A,insertion,711,702,1,FALSE
nlgn4a,131,131,1,-,"",C,insertion,712,711,1,FALSE
nlgn4a,131,131,1,-,"",C,insertion,713,711,1,FALSE
nlgn4a,131,131,1,-,"",C,insertion,714,711,1,FALSE
nlgn4a,131,131,1,-,"",C,insertion,715,702,1,FALSE
nlgn4a,131,131,1,-,"",C,insertion,716,684,1,FALSE
nlgn4a,131,131,1,-,"",C,insertion,717,711,1,FALSE
nlgn4a,131,131,1,-,"",G,insertion,723,702,1,FALSE
nlgn4a,131,131,1,-,"",G,insertion,724,702,1,FALSE
nlgn4a,131,131,1,-,"",G,insertion,725,711,1,FALSE
nlgn4a,131,131,1,-,"",G,insertion,726,693,1,FALSE
nlgn4a,131,131,1,-,"",G,insertion,727,693,1,FALSE
nlgn4a,131,131,1,-,"",G,insertion,728,711,1,FALSE
nlgn4a,131,131,1,-,"",G,insertion,729,702,1,FALSE
nlgn4a,131,131,1,-,"",G,insertion,730,693,1,FALSE
nlgn4a,131,131,1,-,"",G,insertion,731,711,1,FALSE
nlgn4a,131,131,1,-,"",G,insertion,732,693,1,FALSE
nlgn4a,131,131,1,-,"",G,insertion,733,711,1,FALSE
nlgn4a,131,131,1,-,"",G,insertion,734,711,1,FALSE
nlgn4a,131,131,1,-,"",G,insertion,735,702,1,FALSE
nlgn4a,131,131,1,-,"",G,insertion,736,693,1,FALSE
nlgn4a,131,131,1,-,"",G,insertion,737,693,1,FALSE
nlgn4a,131,131,1,-,"",G,insertion,738,684,1,FALSE
nlgn4a,131,131,1,-,"",G,insertion,739,702,1,FALSE
nlgn4a,131,131,1,-,"",G,insertion,740,702,1,FALSE
nlgn4a,131,131,1,-,"",G,insertion,741,702,1,FALSE
nlgn4a,131,131,1,-,"",G,insertion,742,702,1,FALSE
nlgn4a,131,131,1,-,"",G,insertion,743,702,1,FALSE
nlgn4a,134,134,1,-,"",A,insertion,965,702,1,FALSE
nlgn4a,134,134,1,-,"",A,insertion,966,711,1,FALSE
nlgn4a,134,134,1,-,"",C,insertion,967,720,1,FALSE
nlgn4a,134,134,1,-,"",A,insertion,968,711,1,FALSE
nlgn4a,134,134,1,-,"",A,insertion,969,693,1,FALSE
nlgn4a,134,134,1,-,"",A,insertion,970,693,1,FALSE
nlgn4a,134,134,1,-,"",C,insertion,971,693,1,FALSE
nlgn4a,134,134,1,-,"",A,insertion,972,720,1,FALSE
nlgn4a,134,134,1,-,"",C,insertion,1086,702,1,FALSE
nlgn4a,134,134,1,-,"",C,insertion,1087,702,1,FALSE
nlgn4a,134,134,1,-,"",C,insertion,1088,711,1,FALSE
nlgn4a,134,134,1,-,"",C,insertion,1089,702,1,FALSE
nlgn4a,134,134,1,-,"",C,insertion,1090,693,1,FALSE
nlgn4a,136,136,1,-,"",T,insertion,1091,702,1,FALSE
nlgn4a,134,134,1,-,"",C,insertion,1092,711,1,FALSE
nlgn4a,135,135,1,-,"",G,insertion,1096,720,1,FALSE
nlgn4a,135,135,1,-,"",G,insertion,1097,702,1,FALSE
nlgn4a,135,135,1,-,"",G,insertion,1098,693,1,FALSE
nlgn4a,135,135,1,-,"",G,insertion,1099,702,1,FALSE
nlgn4a,135,135,1,-,"",G,insertion,1100,693,1,FALSE
nlgn4a,135,135,1,-,"",G,insertion,1101,711,1,FALSE
nlgn4a,135,135,1,-,"",G,insertion,1102,711,1,FALSE
nlgn4a,135,135,1,-,"",G,insertion,1103,702,1,FALSE
nlgn4a,135,135,1,-,"",G,insertion,1104,711,1,FALSE
nlgn4a,135,135,1,-,"",G,insertion,1105,711,1,FALSE
nlgn4a,135,135,1,-,"",G,insertion,1106,711,1,FALSE
nlgn4a,135,135,1,-,"",G,insertion,1107,711,1,FALSE
nlgn4a,135,135,1,-,"",G,insertion,1108,711,1,FALSE
nlgn4a,132,132,1,-,"",T,insertion,1331,693,1,FALSE
nlgn4a,132,132,1,-,"",T,insertion,1332,711,1,FALSE
nlgn4a,132,132,1,-,"",T,insertion,1333,702,1,FALSE
nlgn4a,132,132,1,-,"",T,insertion,1334,711,1,FALSE
nlgn4a,132,132,1,-,"",T,insertion,1335,711,1,FALSE
nlgn4a,132,132,1,-,"",T,insertion,1336,693,1,FALSE
nlgn4a,132,132,1,-,"",T,insertion,1337,702,1,FALSE
nlgn4a,133,133,1,-,"",G,insertion,1338,702,1,FALSE
nlgn4a,133,133,1,-,"",T,insertion,1339,711,1,FALSE
nlgn4a,132,132,1,-,"",T,insertion,1340,702,1,FALSE
nlgn4a,132,132,1,-,"",T,insertion,1341,711,1,FALSE
nlgn4a,132,132,1,-,"",T,insertion,1342,711,1,FALSE
nlgn4a,133,133,1,-,"",A,insertion,1343,711,1,FALSE
nlgn4a,132,132,1,-,"",T,insertion,1344,702,1,FALSE
nlgn4a,132,132,1,-,"",T,insertion,1345,711,1,FALSE
nlgn4a,132,132,1,-,"",T,insertion,1346,702,1,FALSE
nlgn4a,132,132,1,-,"",T,insertion,1347,711,1,FALSE
nlgn4a,132,132,1,-,"",T,insertion,1348,702,1,FALSE
nlgn4a,132,132,1,-,"",T,insertion,1349,720,1,FALSE
nlgn4a,131,131,1,-,"",A,insertion,1351,711,1,FALSE
nlgn4a,131,131,1,-,"",C,insertion,2020,702,1,FALSE
nlgn4a,131,131,1,-,"",A,insertion,2048,720,1,FALSE
nlgn4a,131,131,1,-,"",A,insertion,2057,711,1,FALSE
nlgn4a,131,131,1,-,"",G,insertion,2063,720,1,FALSE
nlgn4a,131,131,1,-,"",A,insertion,2077,711,1,FALSE
nlgn4a,131,131,1,-,"",A,insertion,2080,702,1,FALSE
nlgn4a,131,131,1,-,"",C,insertion,2121,720,1,FALSE
nlgn4a,131,131,1,-,"",G,insertion,2122,711,1,FALSE
nlgn4a,131,131,1,-,"",C,insertion,2148,702,1,FALSE
nlgn4a,131,131,1,-,"",G,insertion,2158,702,1,FALSE
nlgn4a,132,132,1,-,"",T,insertion,2191,720,1,FALSE
nlgn4a,131,131,1,-,"",C,insertion,2206,702,1,FALSE
nlgn4a,134,134,1,-,"",C,insertion,2236,702,1,FALSE
nlgn4a,132,132,1,-,"",T,insertion,2244,720,1,FALSE
nlgn4a,127,136,10,-,"","",deletion,1,725,141,FALSE
nlgn4a,126,134,9,-,"","",deletion,2,725,122,FALSE
nlgn4a,131,133,3,-,"","",deletion,3,725,98,FALSE
nlgn4a,129,132,4,-,"","",deletion,5,725,66,FALSE
nlgn4a,134,142,9,-,"","",deletion,6,725,55,FALSE
nlgn4a,129,129,1,-,"","",deletion,7,725,41,FALSE
nlgn4a,129,134,6,-,"","",deletion,8,725,26,FALSE
nlgn4a,134,138,5,-,"","",deletion,9,725,18,FALSE
nlgn4a,131,133,3,-,"","",deletion,16,716,3,FALSE
nlgn4a,131,133,3,-,"","",deletion,17,716,3,FALSE
nlgn4a,131,133,3,-,"","",deletion,18,716,3,FALSE
nlgn4a,127,136,10,-,"","",deletion,19,716,3,FALSE
nlgn4a,127,136,10,-,"","",deletion,20,716,3,FALSE
nlgn4a,127,136,10,-,"","",deletion,21,716,3,FALSE
nlgn4a,127,136,10,-,"","",deletion,22,716,3,FALSE
nlgn4a,126,134,9,-,"","",deletion,23,716,3,FALSE
nlgn4a,126,134,9,-,"","",deletion,24,716,3,FALSE
nlgn4a,126,134,9,-,"","",deletion,25,716,3,FALSE
nlgn4a,127,136,10,-,"","",deletion,26,725,2,FALSE
nlgn4a,129,132,4,-,"","",deletion,27,716,2,FALSE
nlgn4a,129,132,4,-,"","",deletion,28,716,2,FALSE
nlgn4a,129,132,4,-,"","",deletion,29,716,2,FALSE
nlgn4a,129,132,4,-,"","",deletion,30,716,2,FALSE
nlgn4a,129,132,4,-,"","",deletion,31,716,2,FALSE
nlgn4a,129,132,4,-,"","",deletion,32,716,2,FALSE
nlgn4a,129,129,1,-,"","",deletion,33,716,2,FALSE
nlgn4a,129,129,1,-,"","",deletion,34,716,2,FALSE
nlgn4a,131,133,3,-,"","",deletion,35,725,2,FALSE
nlgn4a,131,133,3,-,"","",deletion,37,716,2,FALSE
nlgn4a,131,133,3,-,"","",deletion,38,716,2,FALSE
nlgn4a,131,133,3,-,"","",deletion,39,716,2,FALSE
nlgn4a,131,133,3,-,"","",deletion,40,716,2,FALSE
nlgn4a,131,133,3,-,"","",deletion,41,716,2,FALSE
nlgn4a,131,133,3,-,"","",deletion,42,716,2,FALSE
nlgn4a,131,133,3,-,"","",deletion,43,716,2,FALSE
nlgn4a,131,133,3,-,"","",deletion,44,716,2,FALSE
nlgn4a,131,133,3,-,"","",deletion,45,716,2,FALSE
nlgn4a,131,133,3,-,"","",deletion,46,716,2,FALSE
nlgn4a,131,133,3,-,"","",deletion,47,716,2,FALSE
nlgn4a,134,142,9,-,"","",deletion,49,716,2,FALSE
nlgn4a,134,142,9,-,"","",deletion,50,716,2,FALSE
nlgn4a,134,142,9,-,"","",deletion,51,716,2,FALSE
nlgn4a,134,138,5,-,"","",deletion,58,716,2,FALSE
nlgn4a,134,138,5,-,"","",deletion,59,716,2,FALSE
nlgn4a,134,138,5,-,"","",deletion,60,716,2,FALSE
nlgn4a,129,134,6,-,"","",deletion,61,716,2,FALSE
nlgn4a,129,134,6,-,"","",deletion,62,716,2,FALSE
nlgn4a,127,136,10,-,"","",deletion,63,716,2,FALSE
nlgn4a,127,136,10,-,"","",deletion,64,716,2,FALSE
nlgn4a,127,136,10,-,"","",deletion,65,716,2,FALSE
nlgn4a,127,136,10,-,"","",deletion,66,716,2,FALSE
nlgn4a,127,136,10,-,"","",deletion,67,716,2,FALSE
nlgn4a,127,136,10,-,"","",deletion,68,716,2,FALSE
nlgn4a,127,136,10,-,"","",deletion,69,716,2,FALSE
nlgn4a,127,136,10,-,"","",deletion,70,716,2,FALSE
nlgn4a,127,136,10,-,"","",deletion,71,716,2,FALSE
nlgn4a,127,136,10,-,"","",deletion,72,716,2,FALSE
nlgn4a,127,136,10,-,"","",deletion,73,716,2,FALSE
nlgn4a,127,136,10,-,"","",deletion,74,716,2,FALSE
nlgn4a,127,136,10,-,"","",deletion,75,716,2,FALSE
nlgn4a,127,136,10,-,"","",deletion,76,716,2,FALSE
nlgn4a,127,136,10,-,"","",deletion,77,716,2,FALSE
nlgn4a,127,136,10,-,"","",deletion,78,716,2,FALSE
nlgn4a,127,136,10,-,"","",deletion,79,716,2,FALSE
nlgn4a,127,136,10,-,"","",deletion,80,716,2,FALSE
nlgn4a,126,134,9,-,"","",deletion,81,725,2,FALSE
nlgn4a,126,134,9,-,"","",deletion,82,716,2,FALSE
nlgn4a,126,134,9,-,"","",deletion,83,716,2,FALSE
nlgn4a,126,134,9,-,"","",deletion,84,716,2,FALSE
nlgn4a,126,134,9,-,"","",deletion,85,716,2,FALSE
nlgn4a,126,134,9,-,"","",deletion,86,716,2,FALSE
nlgn4a,126,134,9,-,"","",deletion,87,716,2,FALSE
nlgn4a,126,134,9,-,"","",deletion,88,716,2,FALSE
nlgn4a,126,134,9,-,"","",deletion,89,716,2,FALSE
nlgn4a,126,134,9,-,"","",deletion,90,716,2,FALSE
nlgn4a,126,134,9,-,"","",deletion,91,716,2,FALSE
nlgn4a,126,134,9,-,"","",deletion,92,716,2,FALSE
nlgn4a,126,134,9,-,"","",deletion,93,716,2,FALSE
nlgn4a,126,134,9,-,"","",deletion,94,716,2,FALSE
nlgn4a,126,134,9,-,"","",deletion,95,716,2,FALSE
nlgn4a,126,134,9,-,"","",deletion,96,716,2,FALSE
nlgn4a,126,134,9,-,"","",deletion,97,716,2,FALSE
nlgn4a,126,134,9,-,"","",deletion,98,716,2,FALSE
nlgn4a,126,134,9,-,"","",deletion,99,716,2,FALSE
nlgn4a,127,136,10,-,"","",deletion,100,725,2,FALSE
nlgn4a,129,134,6,-,"","",deletion,101,707,1,FALSE
nlgn4a,126,134,9,-,"","",deletion,102,716,1,FALSE
nlgn4a,126,134,9,-,"","",deletion,103,707,1,FALSE
nlgn4a,129,132,4,-,"","",deletion,104,698,1,FALSE
nlgn4a,126,134,9,-,"","",deletion,105,716,1,FALSE
nlgn4a,127,136,10,-,"","",deletion,106,725,1,FALSE
nlgn4a,129,129,1,-,"","",deletion,107,725,1,FALSE
nlgn4a,129,132,4,-,"","",deletion,108,707,1,FALSE
nlgn4a,127,136,10,-,"","",deletion,109,716,1,FALSE
nlgn4a,131,133,3,-,"","",deletion,110,725,1,FALSE
nlgn4a,127,136,10,-,"","",deletion,112,707,1,FALSE
nlgn4a,131,133,3,-,"","",deletion,113,716,1,FALSE
nlgn4a,127,136,10,-,"","",deletion,114,707,1,FALSE
nlgn4a,129,132,4,-,"","",deletion,117,716,1,FALSE
nlgn4a,127,136,10,-,"","",deletion,118,707,1,FALSE
nlgn4a,129,132,4,-,"","",deletion,119,725,1,FALSE
nlgn4a,126,134,9,-,"","",deletion,120,725,1,FALSE
nlgn4a,129,129,1,-,"","",deletion,121,716,1,FALSE
nlgn4a,134,142,9,-,"","",deletion,122,707,1,FALSE
nlgn4a,127,136,10,-,"","",deletion,123,716,1,FALSE
nlgn4a,129,132,4,-,"","",deletion,124,716,1,FALSE
nlgn4a,129,132,4,-,"","",deletion,125,716,1,FALSE
nlgn4a,127,136,10,-,"","",deletion,126,725,1,FALSE
nlgn4a,126,134,9,-,"","",deletion,127,698,1,FALSE
nlgn4a,131,133,3,-,"","",deletion,128,725,1,FALSE
nlgn4a,127,136,10,-,"","",deletion,130,716,1,FALSE
nlgn4a,129,134,6,-,"","",deletion,131,725,1,FALSE
nlgn4a,134,142,9,-,"","",deletion,132,689,1,FALSE
nlgn4a,127,136,10,-,"","",deletion,133,707,1,FALSE
nlgn4a,126,134,9,-,"","",deletion,134,716,1,FALSE
nlgn4a,126,134,9,-,"","",deletion,135,716,1,FALSE
nlgn4a,127,136,10,-,"","",deletion,136,716,1,FALSE
nlgn4a,129,129,1,-,"","",deletion,137,716,1,FALSE
nlgn4a,127,136,10,-,"","",deletion,139,707,1,FALSE
nlgn4a,131,133,3,-,"","",deletion,140,716,1,FALSE
nlgn4a,126,134,9,-,"","",deletion,141,716,1,FALSE
nlgn4a,129,129,1,-,"","",deletion,142,716,1,FALSE
nlgn4a,127,136,10,-,"","",deletion,143,725,1,FALSE
nlgn4a,131,133,3,-,"","",deletion,145,716,1,FALSE
nlgn4a,127,136,10,-,"","",deletion,146,716,1,FALSE
nlgn4a,129,132,4,-,"","",deletion,147,707,1,FALSE
nlgn4a,127,136,10,-,"","",deletion,148,707,1,FALSE
nlgn4a,134,142,9,-,"","",deletion,149,698,1,FALSE
nlgn4a,129,132,4,-,"","",deletion,150,725,1,FALSE
nlgn4a,134,142,9,-,"","",deletion,152,725,1,FALSE
nlgn4a,126,134,9,-,"","",deletion,153,707,1,FALSE
nlgn4a,134,138,5,-,"","",deletion,155,725,1,FALSE
nlgn4a,126,134,9,-,"","",deletion,156,716,1,FALSE
nlgn4a,126,134,9,-,"","",deletion,157,725,1,FALSE
nlgn4a,124,133,10,-,"","",deletion,159,725,1,FALSE
nlgn4a,127,136,10,-,"","",deletion,160,716,1,FALSE
nlgn4a,131,133,3,-,"","",deletion,162,725,1,FALSE
nlgn4a,129,134,6,-,"","",deletion,163,707,1,FALSE
nlgn4a,126,134,9,-,"","",deletion,164,725,1,FALSE
nlgn4a,126,134,9,-,"","",deletion,165,716,1,FALSE
nlgn4a,131,133,3,-,"","",deletion,166,716,1,FALSE
nlgn4a,126,134,9,-,"","",deletion,167,707,1,FALSE
nlgn4a,127,136,10,-,"","",deletion,168,725,1,FALSE
nlgn4a,131,133,3,-,"","",deletion,169,716,1,FALSE
nlgn4a,129,134,6,-,"","",deletion,170,725,1,FALSE
nlgn4a,126,134,9,-,"","",deletion,171,707,1,FALSE
nlgn4a,127,136,10,-,"","",deletion,173,716,1,FALSE
nlgn4a,134,142,9,-,"","",deletion,174,725,1,FALSE
nlgn4a,131,133,3,-,"","",deletion,176,725,1,FALSE
nlgn4a,134,142,9,-,"","",deletion,177,716,1,FALSE
nlgn4a,129,129,1,-,"","",deletion,178,716,1,FALSE
nlgn4a,126,134,9,-,"","",deletion,179,716,1,FALSE
nlgn4a,129,132,4,-,"","",deletion,180,716,1,FALSE
nlgn4a,134,138,5,-,"","",deletion,182,707,1,FALSE
nlgn4a,134,142,9,-,"","",deletion,183,689,1,FALSE
nlgn4a,134,142,9,-,"","",deletion,184,716,1,FALSE
nlgn4a,126,134,9,-,"","",deletion,185,716,1,FALSE
nlgn4a,127,136,10,-,"","",deletion,186,725,1,FALSE
nlgn4a,127,136,10,-,"","",deletion,187,707,1,FALSE
nlgn4a,126,134,9,-,"","",deletion,188,698,1,FALSE
nlgn4a,129,132,4,-,"","",deletion,189,725,1,FALSE
nlgn4a,129,132,4,-,"","",deletion,190,725,1,FALSE
nlgn4a,126,134,9,-,"","",deletion,191,707,1,FALSE
nlgn4a,126,134,9,-,"","",deletion,192,725,1,FALSE
nlgn4a,126,134,9,-,"","",deletion,193,716,1,FALSE
nlgn4a,131,133,3,-,"","",deletion,194,716,1,FALSE
nlgn4a,129,134,6,-,"","",deletion,195,698,1,FALSE
nlgn4a,126,134,9,-,"","",deletion,196,707,1,FALSE
nlgn4a,131,133,3,-,"","",deletion,197,716,1,FALSE
nlgn4a,127,136,10,-,"","",deletion,199,716,1,FALSE
nlgn4a,127,136,10,-,"","",deletion,200,707,1,FALSE
nlgn4a,129,129,1,-,"","",deletion,201,725,1,FALSE
nlgn4a,129,129,1,-,"","",deletion,202,716,1,FALSE
nlgn4a,126,134,9,-,"","",deletion,204,725,1,FALSE
nlgn4a,131,133,3,-,"","",deletion,205,725,1,FALSE
nlgn4a,129,129,1,-,"","",deletion,206,725,1,FALSE
nlgn4a,134,142,9,-,"","",deletion,208,716,1,FALSE
nlgn4a,134,142,9,-,"","",deletion,209,725,1,FALSE
nlgn4a,129,129,1,-,"","",deletion,212,716,1,FALSE
nlgn4a,126,134,9,-,"","",deletion,213,716,1,FALSE
nlgn4a,131,133,3,-,"","",deletion,214,716,1,FALSE
nlgn4a,134,142,9,-,"","",deletion,215,707,1,FALSE
nlgn4a,134,142,9,-,"","",deletion,216,707,1,FALSE
nlgn4a,126,134,9,-,"","",deletion,217,725,1,FALSE
nlgn4a,131,133,3,-,"","",deletion,218,698,1,FALSE
nlgn4a,127,136,10,-,"","",deletion,219,698,1,FALSE
nlgn4a,127,136,10,-,"","",deletion,220,716,1,FALSE
nlgn4a,131,133,3,-,"","",deletion,221,725,1,FALSE
nlgn4a,127,136,10,-,"","",deletion,222,707,1,FALSE
nlgn4a,134,138,5,-,"","",deletion,223,698,1,FALSE
nlgn4a,131,133,3,-,"","",deletion,224,725,1,FALSE
nlgn4a,129,129,1,-,"","",deletion,225,716,1,FALSE
nlgn4a,131,133,3,-,"","",deletion,226,716,1,FALSE
nlgn4a,131,133,3,-,"","",deletion,227,707,1,FALSE
nlgn4a,129,132,4,-,"","",deletion,228,698,1,FALSE
nlgn4a,129,129,1,-,"","",deletion,230,689,1,FALSE
nlgn4a,127,136,10,-,"","",deletion,231,716,1,FALSE
nlgn4a,129,132,4,-,"","",deletion,232,725,1,FALSE
nlgn4a,134,142,9,-,"","",deletion,234,707,1,FALSE
nlgn4a,129,132,4,-,"","",deletion,235,725,1,FALSE
nlgn4a,127,136,10,-,"","",deletion,236,698,1,FALSE
nlgn4a,129,132,4,-,"","",deletion,238,716,1,FALSE
nlgn4a,127,136,10,-,"","",deletion,239,725,1,FALSE
nlgn4a,126,134,9,-,"","",deletion,240,698,1,FALSE
nlgn4a,126,134,9,-,"","",deletion,241,716,1,FALSE
nlgn4a,129,129,1,-,"","",deletion,242,689,1,FALSE
nlgn4a,127,136,10,-,"","",deletion,245,716,1,FALSE
nlgn4a,131,133,3,-,"","",deletion,246,725,1,FALSE
nlgn4a,127,136,10,-,"","",deletion,247,698,1,FALSE
nlgn4a,127,136,10,-,"","",deletion,248,716,1,FALSE
nlgn4a,134,138,5,-,"","",deletion,250,725,1,FALSE
nlgn4a,127,136,10,-,"","",deletion,251,698,1,FALSE
nlgn4a,131,133,3,-,"","",deletion,252,725,1,FALSE
nlgn4a,127,136,10,-,"","",deletion,253,716,1,FALSE
nlgn4a,129,132,4,-,"","",deletion,254,716,1,FALSE
nlgn4a,129,129,1,-,"","",deletion,255,725,1,FALSE
nlgn4a,126,134,9,-,"","",deletion,256,689,1,FALSE
nlgn4a,134,142,9,-,"","",deletion,257,716,1,FALSE
nlgn4a,134,138,5,-,"","",deletion,259,716,1,FALSE
nlgn4a,134,138,5,-,"","",deletion,260,707,1,FALSE
nlgn4a,129,132,4,-,"","",deletion,261,725,1,FALSE
nlgn4a,129,129,1,-,"","",deletion,262,725,1,FALSE
nlgn4a,127,136,10,-,"","",deletion,263,716,1,FALSE
nlgn4a,131,133,3,-,"","",deletion,264,707,1,FALSE
nlgn4a,134,138,5,-,"","",deletion,266,707,1,FALSE
nlgn4a,126,134,9,-,"","",deletion,267,707,1,FALSE
nlgn4a,131,133,3,-,"","",deletion,268,707,1,FALSE
nlgn4a,127,136,10,-,"","",deletion,270,698,1,FALSE
nlgn4a,134,142,9,-,"","",deletion,271,707,1,FALSE
nlgn4a,134,142,9,-,"","",deletion,272,716,1,FALSE
nlgn4a,134,138,5,-,"","",deletion,273,698,1,FALSE
nlgn4a,129,129,1,-,"","",deletion,274,716,1,FALSE
nlgn4a,134,138,5,-,"","",deletion,275,725,1,FALSE
nlgn4a,134,138,5,-,"","",deletion,277,698,1,FALSE
nlgn4a,127,136,10,-,"","",deletion,278,725,1,FALSE
nlgn4a,129,132,4,-,"","",deletion,279,716,1,FALSE
nlgn4a,126,134,9,-,"","",deletion,280,716,1,FALSE
nlgn4a,129,132,4,-,"","",deletion,281,725,1,FALSE
nlgn4a,129,132,4,-,"","",deletion,282,689,1,FALSE
nlgn4a,126,134,9,-,"","",deletion,283,725,1,FALSE
nlgn4a,134,138,5,-,"","",deletion,284,698,1,FALSE
nlgn4a,127,136,10,-,"","",deletion,285,707,1,FALSE
nlgn4a,126,134,9,-,"","",deletion,286,707,1,FALSE
nlgn4a,127,136,10,-,"","",deletion,288,716,1,FALSE
nlgn4a,129,129,1,-,"","",deletion,289,716,1,FALSE
nlgn4a,127,136,10,-,"","",deletion,290,716,1,FALSE
nlgn4a,131,133,3,-,"","",deletion,291,725,1,FALSE
nlgn4a,134,138,5,-,"","",deletion,292,725,1,FALSE
nlgn4a,124,133,10,-,"","",deletion,293,716,1,FALSE
nlgn4a,127,136,10,-,"","",deletion,294,698,1,FALSE
nlgn4a,130,135,6,-,"","",deletion,295,716,1,FALSE
nlgn4a,131,133,3,-,"","",deletion,296,725,1,FALSE
nlgn4a,126,134,9,-,"","",deletion,297,725,1,FALSE
nlgn4a,127,136,10,-,"","",deletion,299,716,1,FALSE
nlgn4a,129,132,4,-,"","",deletion,300,707,1,FALSE
nlgn4a,127,136,10,-,"","",deletion,303,725,1,FALSE
nlgn4a,131,133,3,-,"","",deletion,304,716,1,FALSE
nlgn4a,134,142,9,-,"","",deletion,305,725,1,FALSE
nlgn4a,126,134,9,-,"","",deletion,306,698,1,FALSE
nlgn4a,126,134,9,-,"","",deletion,307,707,1,FALSE
nlgn4a,129,132,4,-,"","",deletion,308,707,1,FALSE
nlgn4a,126,134,9,-,"","",deletion,311,707,1,FALSE
nlgn4a,131,133,3,-,"","",deletion,312,716,1,FALSE
nlgn4a,127,136,10,-,"","",deletion,313,707,1,FALSE
nlgn4a,131,133,3,-,"","",deletion,314,716,1,FALSE
nlgn4a,129,129,1,-,"","",deletion,315,698,1,FALSE
nlgn4a,134,142,9,-,"","",deletion,317,725,1,FALSE
nlgn4a,129,129,1,-,"","",deletion,318,707,1,FALSE
nlgn4a,131,133,3,-,"","",deletion,319,689,1,FALSE
nlgn4a,134,142,9,-,"","",deletion,320,716,1,FALSE
nlgn4a,134,142,9,-,"","",deletion,323,725,1,FALSE
nlgn4a,129,132,4,-,"","",deletion,324,725,1,FALSE
nlgn4a,131,133,3,-,"","",deletion,327,716,1,FALSE
nlgn4a,129,132,4,-,"","",deletion,330,716,1,FALSE
nlgn4a,129,132,4,-,"","",deletion,331,707,1,FALSE
nlgn4a,134,142,9,-,"","",deletion,332,707,1,FALSE
nlgn4a,126,134,9,-,"","",deletion,333,716,1,FALSE
nlgn4a,131,133,3,-,"","",deletion,334,725,1,FALSE
nlgn4a,127,136,10,-,"","",deletion,335,725,1,FALSE
nlgn4a,131,133,3,-,"","",deletion,336,716,1,FALSE
nlgn4a,134,142,9,-,"","",deletion,337,716,1,FALSE
nlgn4a,131,133,3,-,"","",deletion,339,698,1,FALSE
nlgn4a,131,133,3,-,"","",deletion,341,725,1,FALSE
nlgn4a,126,134,9,-,"","",deletion,342,725,1,FALSE
nlgn4a,129,132,4,-,"","",deletion,345,716,1,FALSE
nlgn4a,129,132,4,-,"","",deletion,346,707,1,FALSE
nlgn4a,131,133,3,-,"","",deletion,347,716,1,FALSE
nlgn4a,127,136,10,-,"","",deletion,348,716,1,FALSE
nlgn4a,129,132,4,-,"","",deletion,349,716,1,FALSE
nlgn4a,129,132,4,-,"","",deletion,350,716,1,FALSE
nlgn4a,134,142,9,-,"","",deletion,351,689,1,FALSE
nlgn4a,134,138,5,-,"","",deletion,352,716,1,FALSE
nlgn4a,129,134,6,-,"","",deletion,353,725,1,FALSE
nlgn4a,126,134,9,-,"","",deletion,354,716,1,FALSE
nlgn4a,129,132,4,-,"","",deletion,355,707,1,FALSE
nlgn4a,127,136,10,-,"","",deletion,356,716,1,FALSE
nlgn4a,126,134,9,-,"","",deletion,357,707,1,FALSE
nlgn4a,129,129,1,-,"","",deletion,358,707,1,FALSE
nlgn4a,127,136,10,-,"","",deletion,360,716,1,FALSE
nlgn4a,127,136,10,-,"","",deletion,361,716,1,FALSE
nlgn4a,126,134,9,-,"","",deletion,362,707,1,FALSE
nlgn4a,131,133,3,-,"","",deletion,363,707,1,FALSE
nlgn4a,131,133,3,-,"","",deletion,364,716,1,FALSE
nlgn4a,126,134,9,-,"","",deletion,365,725,1,FALSE
nlgn4a,131,133,3,-,"","",deletion,366,725,1,FALSE
nlgn4a,127,136,10,-,"","",deletion,367,707,1,FALSE
nlgn4a,129,132,4,-,"","",deletion,368,707,1,FALSE
nlgn4a,127,136,10,-,"","",deletion,369,707,1,FALSE
nlgn4a,126,134,9,-,"","",deletion,370,716,1,FALSE
nlgn4a,129,129,1,-,"","",deletion,371,716,1,FALSE
nlgn4a,134,142,9,-,"","",deletion,372,725,1,FALSE
nlgn4a,126,134,9,-,"","",deletion,373,707,1,FALSE
nlgn4a,129,132,4,-,"","",deletion,374,698,1,FALSE
nlgn4a,129,129,1,-,"","",deletion,375,716,1,FALSE
nlgn4a,126,134,9,-,"","",deletion,376,716,1,FALSE
nlgn4a,126,134,9,-,"","",deletion,377,725,1,FALSE
nlgn4a,129,132,4,-,"","",deletion,378,707,1,FALSE
nlgn4a,134,138,5,-,"","",deletion,380,716,1,FALSE
nlgn4a,126,134,9,-,"","",deletion,381,725,1,FALSE
nlgn4a,127,135,9,-,"","",deletion,382,716,1,FALSE
nlgn4a,134,142,9,-,"","",deletion,383,707,1,FALSE
nlgn4a,127,136,10,-,"","",deletion,386,725,1,FALSE
nlgn4a,126,134,9,-,"","",deletion,387,725,1,FALSE
nlgn4a,129,129,1,-,"","",deletion,388,707,1,FALSE
nlgn4a,129,132,4,-,"","",deletion,389,716,1,FALSE
nlgn4a,126,134,9,-,"","",deletion,390,707,1,FALSE
nlgn4a,126,134,9,-,"","",deletion,391,698,1,FALSE
nlgn4a,129,132,4,-,"","",deletion,392,716,1,FALSE
nlgn4a,134,138,5,-,"","",deletion,393,725,1,FALSE
nlgn4a,131,133,3,-,"","",deletion,394,725,1,FALSE
nlgn4a,126,134,9,-,"","",deletion,396,725,1,FALSE
nlgn4a,131,133,3,-,"","",deletion,398,716,1,FALSE
nlgn4a,126,134,9,-,"","",deletion,399,725,1,FALSE
nlgn4a,131,133,3,-,"","",deletion,401,716,1,FALSE
nlgn4a,129,134,6,-,"","",deletion,402,725,1,FALSE
nlgn4a,129,132,4,-,"","",deletion,403,716,1,FALSE
nlgn4a,129,132,4,-,"","",deletion,404,716,1,FALSE
nlgn4a,134,142,9,-,"","",deletion,405,716,1,FALSE
nlgn4a,134,138,5,-,"","",deletion,406,725,1,FALSE
nlgn4a,126,134,9,-,"","",deletion,407,716,1,FALSE
nlgn4a,134,142,9,-,"","",deletion,408,707,1,FALSE
nlgn4a,127,136,10,-,"","",deletion,409,725,1,FALSE
nlgn4a,127,136,10,-,"","",deletion,410,716,1,FALSE
nlgn4a,134,138,5,-,"","",deletion,411,707,1,FALSE
nlgn4a,126,134,9,-,"","",deletion,412,707,1,FALSE
nlgn4a,134,138,5,-,"","",deletion,414,716,1,FALSE
nlgn4a,129,129,1,-,"","",deletion,415,716,1,FALSE
nlgn4a,129,129,1,-,"","",deletion,416,716,1,FALSE
nlgn4a,129,134,6,-,"","",deletion,417,716,1,FALSE
nlgn4a,134,142,9,-,"","",deletion,418,707,1,FALSE
nlgn4a,134,138,5,-,"","",deletion,419,698,1,FALSE
nlgn4a,126,134,9,-,"","",deletion,420,716,1,FALSE
nlgn4a,129,134,6,-,"","",deletion,421,716,1,FALSE
nlgn4a,129,132,4,-,"","",deletion,422,725,1,FALSE
nlgn4a,129,129,1,-,"","",deletion,423,707,1,FALSE
nlgn4a,134,138,5,-,"","",deletion,425,716,1,FALSE
nlgn4a,127,136,10,-,"","",deletion,427,725,1,FALSE
nlgn4a,131,133,3,-,"","",deletion,428,716,1,FALSE
nlgn4a,134,142,9,-,"","",deletion,429,725,1,FALSE
nlgn4a,131,133,3,-,"","",deletion,430,716,1,FALSE
nlgn4a,131,133,3,-,"","",deletion,433,698,1,FALSE
nlgn4a,129,129,1,-,"","",deletion,434,707,1,FALSE
nlgn4a,131,133,3,-,"","",deletion,435,707,1,FALSE
nlgn4a,129,132,4,-,"","",deletion,436,716,1,FALSE
nlgn4a,129,129,1,-,"","",deletion,437,716,1,FALSE
nlgn4a,129,132,4,-,"","",deletion,438,707,1,FALSE
nlgn4a,129,132,4,-,"","",deletion,439,716,1,FALSE
nlgn4a,129,132,4,-,"","",deletion,440,725,1,FALSE
nlgn4a,129,132,4,-,"","",deletion,441,725,1,FALSE
nlgn4a,129,132,4,-,"","",deletion,442,725,1,FALSE
nlgn4a,129,132,4,-,"","",deletion,443,725,1,FALSE
nlgn4a,129,132,4,-,"","",deletion,444,707,1,FALSE
nlgn4a,129,132,4,-,"","",deletion,445,716,1,FALSE
nlgn4a,129,132,4,-,"","",deletion,446,716,1,FALSE
nlgn4a,130,133,4,-,"","",deletion,447,716,1,FALSE
nlgn4a,129,132,4,-,"","",deletion,448,698,1,FALSE
nlgn4a,129,132,4,-,"","",deletion,449,716,1,FALSE
nlgn4a,129,132,4,-,"","",deletion,450,698,1,FALSE
nlgn4a,129,132,4,-,"","",deletion,451,716,1,FALSE
nlgn4a,129,132,4,-,"","",deletion,452,689,1,FALSE
nlgn4a,129,132,4,-,"","",deletion,453,716,1,FALSE
nlgn4a,129,132,4,-,"","",deletion,454,698,1,FALSE
nlgn4a,129,132,4,-,"","",deletion,455,716,1,FALSE
nlgn4a,129,132,4,-,"","",deletion,456,707,1,FALSE
nlgn4a,129,132,4,-,"","",deletion,457,698,1,FALSE
nlgn4a,129,132,4,-,"","",deletion,458,698,1,FALSE
nlgn4a,129,132,4,-,"","",deletion,459,716,1,FALSE
nlgn4a,129,132,4,-,"","",deletion,460,707,1,FALSE
nlgn4a,129,132,4,-,"","",deletion,461,698,1,FALSE
nlgn4a,129,132,4,-,"","",deletion,462,707,1,FALSE
nlgn4a,129,132,4,-,"","",deletion,463,716,1,FALSE
nlgn4a,129,132,4,-,"","",deletion,464,716,1,FALSE
nlgn4a,129,132,4,-,"","",deletion,465,689,1,FALSE
nlgn4a,129,132,4,-,"","",deletion,466,707,1,FALSE
nlgn4a,129,132,4,-,"","",deletion,467,716,1,FALSE
nlgn4a,129,132,4,-,"","",deletion,468,716,1,FALSE
nlgn4a,129,132,4,-,"","",deletion,469,698,1,FALSE
nlgn4a,129,132,4,-,"","",deletion,470,716,1,FALSE
nlgn4a,129,132,4,-,"","",deletion,471,716,1,FALSE
nlgn4a,129,132,4,-,"","",deletion,472,707,1,FALSE
nlgn4a,129,132,4,-,"","",deletion,473,716,1,FALSE
nlgn4a,129,132,4,-,"","",deletion,474,698,1,FALSE
nlgn4a,129,132,4,-,"","",deletion,475,716,1,FALSE
nlgn4a,129,132,4,-,"","",deletion,476,716,1,FALSE
nlgn4a,129,132,4,-,"","",deletion,477,707,1,FALSE
nlgn4a,129,132,4,-,"","",deletion,478,707,1,FALSE
nlgn4a,129,132,4,-,"","",deletion,479,707,1,FALSE
nlgn4a,129,132,4,-,"","",deletion,480,698,1,FALSE
nlgn4a,129,132,4,-,"","",deletion,481,716,1,FALSE
nlgn4a,129,132,4,-,"","",deletion,482,707,1,FALSE
nlgn4a,129,132,4,-,"","",deletion,483,707,1,FALSE
nlgn4a,129,132,4,-,"","",deletion,484,707,1,FALSE
nlgn4a,129,132,4,-,"","",deletion,485,716,1,FALSE
nlgn4a,129,132,4,-,"","",deletion,486,707,1,FALSE
nlgn4a,129,132,4,-,"","",deletion,487,707,1,FALSE
nlgn4a,129,132,4,-,"","",deletion,488,716,1,FALSE
nlgn4a,129,132,4,-,"","",deletion,489,707,1,FALSE
nlgn4a,129,132,4,-,"","",deletion,490,716,1,FALSE
nlgn4a,129,132,4,-,"","",deletion,491,716,1,FALSE
nlgn4a,129,132,4,-,"","",deletion,492,689,1,FALSE
nlgn4a,129,132,4,-,"","",deletion,493,716,1,FALSE
nlgn4a,129,132,4,-,"","",deletion,494,716,1,FALSE
nlgn4a,129,132,4,-,"","",deletion,495,707,1,FALSE
nlgn4a,129,132,4,-,"","",deletion,496,707,1,FALSE
nlgn4a,130,133,4,-,"","",deletion,497,707,1,FALSE
nlgn4a,130,133,4,-,"","",deletion,498,725,1,FALSE
nlgn4a,129,132,4,-,"","",deletion,499,707,1,FALSE
nlgn4a,129,132,4,-,"","",deletion,500,716,1,FALSE
nlgn4a,129,132,4,-,"","",deletion,501,707,1,FALSE
nlgn4a,129,132,4,-,"","",deletion,502,716,1,FALSE
nlgn4a,129,132,4,-,"","",deletion,503,716,1,FALSE
nlgn4a,129,132,4,-,"","",deletion,504,716,1,FALSE
nlgn4a,129,132,4,-,"","",deletion,505,716,1,FALSE
nlgn4a,129,132,4,-,"","",deletion,506,716,1,FALSE
nlgn4a,129,132,4,-,"","",deletion,507,716,1,FALSE
nlgn4a,129,132,4,-,"","",deletion,508,716,1,FALSE
nlgn4a,129,132,4,-,"","",deletion,509,716,1,FALSE
nlgn4a,129,132,4,-,"","",deletion,510,716,1,FALSE
nlgn4a,129,132,4,-,"","",deletion,511,716,1,FALSE
nlgn4a,129,132,4,-,"","",deletion,512,716,1,FALSE
nlgn4a,129,132,4,-,"","",deletion,513,716,1,FALSE
nlgn4a,129,132,4,-,"","",deletion,514,716,1,FALSE
nlgn4a,129,132,4,-,"","",deletion,515,707,1,FALSE
nlgn4a,129,132,4,-,"","",deletion,516,716,1,FALSE
nlgn4a,129,132,4,-,"","",deletion,517,716,1,FALSE
nlgn4a,129,132,4,-,"","",deletion,518,716,1,FALSE
nlgn4a,129,132,4,-,"","",deletion,519,716,1,FALSE
nlgn4a,129,132,4,-,"","",deletion,520,716,1,FALSE
nlgn4a,129,132,4,-,"","",deletion,521,716,1,FALSE
nlgn4a,129,132,4,-,"","",deletion,522,716,1,FALSE
nlgn4a,129,132,4,-,"","",deletion,523,716,1,FALSE
nlgn4a,129,132,4,-,"","",deletion,524,716,1,FALSE
nlgn4a,129,132,4,-,"","",deletion,525,698,1,FALSE
nlgn4a,129,132,4,-,"","",deletion,526,716,1,FALSE
nlgn4a,129,132,4,-,"","",deletion,527,698,1,FALSE
nlgn4a,129,132,4,-,"","",deletion,528,716,1,FALSE
nlgn4a,129,132,4,-,"","",deletion,529,707,1,FALSE
nlgn4a,129,132,4,-,"","",deletion,530,707,1,FALSE
nlgn4a,129,132,4,-,"","",deletion,531,689,1,FALSE
nlgn4a,129,132,4,-,"","",deletion,532,716,1,FALSE
nlgn4a,129,132,4,-,"","",deletion,533,707,1,FALSE
nlgn4a,129,132,4,-,"","",deletion,534,716,1,FALSE
nlgn4a,129,132,4,-,"","",deletion,535,707,1,FALSE
nlgn4a,129,132,4,-,"","",deletion,536,716,1,FALSE
nlgn4a,129,132,4,-,"","",deletion,537,716,1,FALSE
nlgn4a,129,132,4,-,"","",deletion,538,716,1,FALSE
nlgn4a,129,132,4,-,"","",deletion,539,689,1,FALSE
nlgn4a,129,132,4,-,"","",deletion,540,707,1,FALSE
nlgn4a,129,132,4,-,"","",deletion,541,707,1,FALSE
nlgn4a,129,132,4,-,"","",deletion,542,707,1,FALSE
nlgn4a,129,132,4,-,"","",deletion,543,707,1,FALSE
nlgn4a,129,132,4,-,"","",deletion,544,707,1,FALSE
nlgn4a,129,132,4,-,"","",deletion,545,707,1,FALSE
nlgn4a,129,132,4,-,"","",deletion,546,689,1,FALSE
nlgn4a,129,132,4,-,"","",deletion,547,716,1,FALSE
nlgn4a,129,132,4,-,"","",deletion,548,689,1,FALSE
nlgn4a,129,132,4,-,"","",deletion,549,698,1,FALSE
nlgn4a,129,132,4,-,"","",deletion,550,707,1,FALSE
nlgn4a,129,132,4,-,"","",deletion,551,707,1,FALSE
nlgn4a,129,132,4,-,"","",deletion,552,716,1,FALSE
nlgn4a,129,132,4,-,"","",deletion,553,707,1,FALSE
nlgn4a,129,132,4,-,"","",deletion,554,707,1,FALSE
nlgn4a,129,132,4,-,"","",deletion,555,716,1,FALSE
nlgn4a,129,132,4,-,"","",deletion,556,707,1,FALSE
nlgn4a,129,132,4,-,"","",deletion,557,698,1,FALSE
nlgn4a,129,132,4,-,"","",deletion,558,716,1,FALSE
nlgn4a,129,132,4,-,"","",deletion,559,707,1,FALSE
nlgn4a,129,132,4,-,"","",deletion,560,707,1,FALSE
nlgn4a,129,132,4,-,"","",deletion,561,698,1,FALSE
nlgn4a,129,132,4,-,"","",deletion,562,698,1,FALSE
nlgn4a,129,132,4,-,"","",deletion,563,716,1,FALSE
nlgn4a,129,132,4,-,"","",deletion,564,716,1,FALSE
nlgn4a,129,132,4,-,"","",deletion,565,707,1,FALSE
nlgn4a,129,132,4,-,"","",deletion,566,707,1,FALSE
nlgn4a,129,132,4,-,"","",deletion,567,698,1,FALSE
nlgn4a,129,132,4,-,"","",deletion,568,716,1,FALSE
nlgn4a,129,132,4,-,"","",deletion,569,707,1,FALSE
nlgn4a,129,132,4,-,"","",deletion,570,698,1,FALSE
nlgn4a,129,132,4,-,"","",deletion,571,689,1,FALSE
nlgn4a,129,132,4,-,"","",deletion,572,716,1,FALSE
nlgn4a,129,132,4,-,"","",deletion,573,716,1,FALSE
nlgn4a,129,132,4,-,"","",deletion,574,707,1,FALSE
nlgn4a,129,132,4,-,"","",deletion,575,725,1,FALSE
nlgn4a,129,132,4,-,"","",deletion,576,716,1,FALSE
nlgn4a,129,132,4,-,"","",deletion,577,716,1,FALSE
nlgn4a,129,132,4,-,"","",deletion,578,707,1,FALSE
nlgn4a,129,132,4,-,"","",deletion,579,725,1,FALSE
nlgn4a,129,129,1,-,"","",deletion,580,725,1,FALSE
nlgn4a,129,129,1,-,"","",deletion,581,716,1,FALSE
nlgn4a,129,129,1,-,"","",deletion,582,707,1,FALSE
nlgn4a,129,129,1,-,"","",deletion,583,716,1,FALSE
nlgn4a,129,129,1,-,"","",deletion,584,716,1,FALSE
nlgn4a,129,129,1,-,"","",deletion,585,716,1,FALSE
nlgn4a,129,129,1,-,"","",deletion,586,698,1,FALSE
nlgn4a,129,129,1,-,"","",deletion,587,698,1,FALSE
nlgn4a,129,129,1,-,"","",deletion,588,716,1,FALSE
nlgn4a,129,129,1,-,"","",deletion,589,698,1,FALSE
nlgn4a,129,129,1,-,"","",deletion,590,716,1,FALSE
nlgn4a,129,129,1,-,"","",deletion,591,716,1,FALSE
nlgn4a,129,129,1,-,"","",deletion,592,707,1,FALSE
nlgn4a,129,129,1,-,"","",deletion,593,698,1,FALSE
nlgn4a,129,129,1,-,"","",deletion,594,707,1,FALSE
nlgn4a,129,129,1,-,"","",deletion,595,716,1,FALSE
nlgn4a,129,129,1,-,"","",deletion,596,707,1,FALSE
nlgn4a,129,129,1,-,"","",deletion,597,707,1,FALSE
nlgn4a,129,129,1,-,"","",deletion,598,707,1,FALSE
nlgn4a,129,129,1,-,"","",deletion,599,698,1,FALSE
nlgn4a,129,129,1,-,"","",deletion,600,707,1,FALSE
nlgn4a,129,129,1,-,"","",deletion,601,680,1,FALSE
nlgn4a,129,129,1,-,"","",deletion,602,716,1,FALSE
nlgn4a,129,129,1,-,"","",deletion,603,716,1,FALSE
nlgn4a,129,129,1,-,"","",deletion,604,707,1,FALSE
nlgn4a,129,129,1,-,"","",deletion,605,716,1,FALSE
nlgn4a,129,129,1,-,"","",deletion,606,716,1,FALSE
nlgn4a,129,129,1,-,"","",deletion,607,716,1,FALSE
nlgn4a,129,129,1,-,"","",deletion,608,707,1,FALSE
nlgn4a,129,129,1,-,"","",deletion,609,716,1,FALSE
nlgn4a,129,129,1,-,"","",deletion,610,707,1,FALSE
nlgn4a,129,129,1,-,"","",deletion,611,716,1,FALSE
nlgn4a,129,129,1,-,"","",deletion,612,698,1,FALSE
nlgn4a,129,129,1,-,"","",deletion,613,716,1,FALSE
nlgn4a,130,130,1,-,"","",deletion,614,716,1,FALSE
nlgn4a,129,129,1,-,"","",deletion,615,680,1,FALSE
nlgn4a,129,129,1,-,"","",deletion,616,716,1,FALSE
nlgn4a,129,129,1,-,"","",deletion,617,707,1,FALSE
nlgn4a,129,129,1,-,"","",deletion,618,716,1,FALSE
nlgn4a,129,129,1,-,"","",deletion,619,716,1,FALSE
nlgn4a,129,129,1,-,"","",deletion,620,716,1,FALSE
nlgn4a,130,130,1,-,"","",deletion,621,698,1,FALSE
nlgn4a,129,129,1,-,"","",deletion,622,716,1,FALSE
nlgn4a,129,129,1,-,"","",deletion,623,707,1,FALSE
nlgn4a,129,129,1,-,"","",deletion,624,716,1,FALSE
nlgn4a,129,129,1,-,"","",deletion,625,707,1,FALSE
nlgn4a,129,129,1,-,"","",deletion,626,716,1,FALSE
nlgn4a,129,129,1,-,"","",deletion,627,716,1,FALSE
nlgn4a,129,129,1,-,"","",deletion,628,716,1,FALSE
nlgn4a,129,129,1,-,"","",deletion,629,716,1,FALSE
nlgn4a,129,129,1,-,"","",deletion,630,716,1,FALSE
nlgn4a,129,129,1,-,"","",deletion,631,716,1,FALSE
nlgn4a,129,129,1,-,"","",deletion,632,716,1,FALSE
nlgn4a,129,129,1,-,"","",deletion,633,716,1,FALSE
nlgn4a,129,129,1,-,"","",deletion,634,716,1,FALSE
nlgn4a,129,129,1,-,"","",deletion,635,716,1,FALSE
nlgn4a,129,129,1,-,"","",deletion,636,716,1,FALSE
nlgn4a,129,129,1,-,"","",deletion,637,716,1,FALSE
nlgn4a,129,129,1,-,"","",deletion,638,716,1,FALSE
nlgn4a,129,129,1,-,"","",deletion,639,716,1,FALSE
nlgn4a,129,129,1,-,"","",deletion,640,716,1,FALSE
nlgn4a,129,129,1,-,"","",deletion,641,707,1,FALSE
nlgn4a,129,129,1,-,"","",deletion,642,707,1,FALSE
nlgn4a,129,129,1,-,"","",deletion,643,716,1,FALSE
nlgn4a,129,129,1,-,"","",deletion,644,716,1,FALSE
nlgn4a,129,129,1,-,"","",deletion,645,716,1,FALSE
nlgn4a,129,129,1,-,"","",deletion,646,716,1,FALSE
nlgn4a,129,129,1,-,"","",deletion,647,716,1,FALSE
nlgn4a,129,129,1,-,"","",deletion,648,707,1,FALSE
nlgn4a,129,129,1,-,"","",deletion,649,707,1,FALSE
nlgn4a,126,126,1,-,"","",deletion,650,716,1,FALSE
nlgn4a,129,129,1,-,"","",deletion,651,716,1,FALSE
nlgn4a,129,129,1,-,"","",deletion,652,716,1,FALSE
nlgn4a,129,129,1,-,"","",deletion,653,716,1,FALSE
nlgn4a,129,129,1,-,"","",deletion,654,716,1,FALSE
nlgn4a,129,129,1,-,"","",deletion,655,707,1,FALSE
nlgn4a,129,129,1,-,"","",deletion,656,707,1,FALSE
nlgn4a,129,129,1,-,"","",deletion,657,698,1,FALSE
nlgn4a,129,129,1,-,"","",deletion,658,716,1,FALSE
nlgn4a,129,129,1,-,"","",deletion,659,716,1,FALSE
nlgn4a,129,129,1,-,"","",deletion,660,707,1,FALSE
nlgn4a,129,129,1,-,"","",deletion,661,716,1,FALSE
nlgn4a,129,129,1,-,"","",deletion,662,680,1,FALSE
nlgn4a,129,129,1,-,"","",deletion,663,716,1,FALSE
nlgn4a,129,129,1,-,"","",deletion,664,716,1,FALSE
nlgn4a,129,129,1,-,"","",deletion,665,716,1,FALSE
nlgn4a,129,129,1,-,"","",deletion,666,698,1,FALSE
nlgn4a,129,129,1,-,"","",deletion,667,716,1,FALSE
nlgn4a,129,129,1,-,"","",deletion,668,707,1,FALSE
nlgn4a,129,129,1,-,"","",deletion,669,707,1,FALSE
nlgn4a,129,129,1,-,"","",deletion,670,707,1,FALSE
nlgn4a,129,129,1,-,"","",deletion,671,716,1,FALSE
nlgn4a,129,129,1,-,"","",deletion,672,707,1,FALSE
nlgn4a,129,129,1,-,"","",deletion,673,698,1,FALSE
nlgn4a,129,129,1,-,"","",deletion,674,716,1,FALSE
nlgn4a,129,129,1,-,"","",deletion,675,698,1,FALSE
nlgn4a,129,129,1,-,"","",deletion,676,716,1,FALSE
nlgn4a,129,129,1,-,"","",deletion,677,698,1,FALSE
nlgn4a,129,129,1,-,"","",deletion,678,698,1,FALSE
nlgn4a,129,129,1,-,"","",deletion,679,716,1,FALSE
nlgn4a,129,129,1,-,"","",deletion,680,698,1,FALSE
nlgn4a,129,129,1,-,"","",deletion,681,716,1,FALSE
nlgn4a,129,129,1,-,"","",deletion,682,716,1,FALSE
nlgn4a,129,129,1,-,"","",deletion,683,716,1,FALSE
nlgn4a,134,138,5,-,"","",deletion,686,716,1,FALSE
nlgn4a,131,133,3,-,"","",deletion,699,725,1,FALSE
nlgn4a,131,133,3,-,"","",deletion,718,716,1,FALSE
nlgn4a,131,133,3,-,"","",deletion,719,725,1,FALSE
nlgn4a,131,133,3,-,"","",deletion,720,716,1,FALSE
nlgn4a,131,133,3,-,"","",deletion,721,716,1,FALSE
nlgn4a,131,133,3,-,"","",deletion,722,707,1,FALSE
nlgn4a,131,133,3,-,"","",deletion,744,725,1,FALSE
nlgn4a,131,133,3,-,"","",deletion,745,716,1,FALSE
nlgn4a,131,133,3,-,"","",deletion,746,698,1,FALSE
nlgn4a,131,133,3,-,"","",deletion,747,707,1,FALSE
nlgn4a,131,133,3,-,"","",deletion,748,725,1,FALSE
nlgn4a,131,133,3,-,"","",deletion,749,707,1,FALSE
nlgn4a,131,133,3,-,"","",deletion,750,698,1,FALSE
nlgn4a,131,133,3,-,"","",deletion,751,716,1,FALSE
nlgn4a,131,133,3,-,"","",deletion,752,689,1,FALSE
nlgn4a,131,133,3,-,"","",deletion,753,707,1,FALSE
nlgn4a,131,133,3,-,"","",deletion,754,716,1,FALSE
nlgn4a,131,133,3,-,"","",deletion,755,680,1,FALSE
nlgn4a,131,133,3,-,"","",deletion,756,698,1,FALSE
nlgn4a,131,133,3,-,"","",deletion,757,707,1,FALSE
nlgn4a,131,133,3,-,"","",deletion,758,716,1,FALSE
nlgn4a,131,133,3,-,"","",deletion,759,716,1,FALSE
nlgn4a,131,133,3,-,"","",deletion,760,698,1,FALSE
nlgn4a,131,133,3,-,"","",deletion,761,707,1,FALSE
nlgn4a,131,133,3,-,"","",deletion,762,689,1,FALSE
nlgn4a,131,133,3,-,"","",deletion,763,698,1,FALSE
nlgn4a,131,133,3,-,"","",deletion,764,707,1,FALSE
nlgn4a,131,133,3,-,"","",deletion,765,707,1,FALSE
nlgn4a,131,133,3,-,"","",deletion,766,689,1,FALSE
nlgn4a,131,133,3,-,"","",deletion,767,716,1,FALSE
nlgn4a,131,133,3,-,"","",deletion,768,698,1,FALSE
nlgn4a,131,133,3,-,"","",deletion,769,707,1,FALSE
nlgn4a,131,133,3,-,"","",deletion,770,707,1,FALSE
nlgn4a,131,133,3,-,"","",deletion,771,698,1,FALSE
nlgn4a,131,133,3,-,"","",deletion,772,707,1,FALSE
nlgn4a,131,133,3,-,"","",deletion,773,680,1,FALSE
nlgn4a,131,133,3,-,"","",deletion,774,707,1,FALSE
nlgn4a,131,133,3,-,"","",deletion,775,707,1,FALSE
nlgn4a,131,133,3,-,"","",deletion,776,707,1,FALSE
nlgn4a,131,133,3,-,"","",deletion,777,680,1,FALSE
nlgn4a,131,133,3,-,"","",deletion,778,698,1,FALSE
nlgn4a,131,133,3,-,"","",deletion,779,716,1,FALSE
nlgn4a,131,133,3,-,"","",deletion,780,716,1,FALSE
nlgn4a,131,133,3,-,"","",deletion,781,698,1,FALSE
nlgn4a,131,133,3,-,"","",deletion,782,707,1,FALSE
nlgn4a,131,133,3,-,"","",deletion,783,707,1,FALSE
nlgn4a,131,133,3,-,"","",deletion,784,716,1,FALSE
nlgn4a,131,133,3,-,"","",deletion,785,707,1,FALSE
nlgn4a,131,133,3,-,"","",deletion,786,707,1,FALSE
nlgn4a,131,133,3,-,"","",deletion,787,716,1,FALSE
nlgn4a,131,133,3,-,"","",deletion,788,707,1,FALSE
nlgn4a,131,133,3,-,"","",deletion,789,716,1,FALSE
nlgn4a,131,133,3,-,"","",deletion,790,716,1,FALSE
nlgn4a,131,133,3,-,"","",deletion,791,707,1,FALSE
nlgn4a,131,133,3,-,"","",deletion,792,707,1,FALSE
nlgn4a,131,133,3,-,"","",deletion,793,716,1,FALSE
nlgn4a,131,133,3,-,"","",deletion,794,716,1,FALSE
nlgn4a,131,133,3,-,"","",deletion,795,698,1,FALSE
nlgn4a,131,133,3,-,"","",deletion,796,716,1,FALSE
nlgn4a,131,133,3,-,"","",deletion,797,707,1,FALSE
nlgn4a,131,133,3,-,"","",deletion,798,707,1,FALSE
nlgn4a,131,133,3,-,"","",deletion,799,716,1,FALSE
nlgn4a,131,133,3,-,"","",deletion,800,716,1,FALSE
nlgn4a,131,133,3,-,"","",deletion,801,716,1,FALSE
nlgn4a,131,133,3,-,"","",deletion,802,707,1,FALSE
nlgn4a,131,133,3,-,"","",deletion,803,698,1,FALSE
nlgn4a,131,133,3,-,"","",deletion,804,707,1,FALSE
nlgn4a,131,133,3,-,"","",deletion,805,698,1,FALSE
nlgn4a,131,133,3,-,"","",deletion,806,716,1,FALSE
nlgn4a,131,133,3,-,"","",deletion,807,716,1,FALSE
nlgn4a,131,133,3,-,"","",deletion,808,707,1,FALSE
nlgn4a,132,134,3,-,"","",deletion,809,698,1,FALSE
nlgn4a,131,133,3,-,"","",deletion,810,707,1,FALSE
nlgn4a,131,133,3,-,"","",deletion,811,698,1,FALSE
nlgn4a,131,133,3,-,"","",deletion,812,716,1,FALSE
nlgn4a,131,133,3,-,"","",deletion,813,716,1,FALSE
nlgn4a,131,133,3,-,"","",deletion,814,707,1,FALSE
nlgn4a,131,133,3,-,"","",deletion,815,716,1,FALSE
nlgn4a,132,134,3,-,"","",deletion,816,707,1,FALSE
nlgn4a,131,133,3,-,"","",deletion,817,698,1,FALSE
nlgn4a,131,133,3,-,"","",deletion,818,716,1,FALSE
nlgn4a,131,133,3,-,"","",deletion,819,707,1,FALSE
nlgn4a,131,133,3,-,"","",deletion,820,716,1,FALSE
nlgn4a,131,133,3,-,"","",deletion,821,707,1,FALSE
nlgn4a,131,133,3,-,"","",deletion,822,716,1,FALSE
nlgn4a,131,133,3,-,"","",deletion,823,716,1,FALSE
nlgn4a,131,133,3,-,"","",deletion,824,707,1,FALSE
nlgn4a,131,133,3,-,"","",deletion,825,707,1,FALSE
nlgn4a,131,133,3,-,"","",deletion,826,707,1,FALSE
nlgn4a,131,133,3,-,"","",deletion,827,707,1,FALSE
nlgn4a,131,133,3,-,"","",deletion,828,716,1,FALSE
nlgn4a,131,133,3,-,"","",deletion,829,716,1,FALSE
nlgn4a,131,133,3,-,"","",deletion,830,716,1,FALSE
nlgn4a,132,134,3,-,"","",deletion,831,716,1,FALSE
nlgn4a,131,133,3,-,"","",deletion,832,707,1,FALSE
nlgn4a,131,133,3,-,"","",deletion,833,707,1,FALSE
nlgn4a,131,133,3,-,"","",deletion,834,716,1,FALSE
nlgn4a,131,133,3,-,"","",deletion,835,707,1,FALSE
nlgn4a,131,133,3,-,"","",deletion,836,716,1,FALSE
nlgn4a,131,133,3,-,"","",deletion,837,689,1,FALSE
nlgn4a,131,133,3,-,"","",deletion,838,716,1,FALSE
nlgn4a,131,133,3,-,"","",deletion,839,716,1,FALSE
nlgn4a,131,133,3,-,"","",deletion,840,707,1,FALSE
nlgn4a,131,133,3,-,"","",deletion,841,716,1,FALSE
nlgn4a,131,133,3,-,"","",deletion,842,716,1,FALSE
nlgn4a,131,133,3,-,"","",deletion,843,716,1,FALSE
nlgn4a,131,133,3,-,"","",deletion,844,716,1,FALSE
nlgn4a,131,133,3,-,"","",deletion,845,716,1,FALSE
nlgn4a,131,133,3,-,"","",deletion,846,707,1,FALSE
nlgn4a,131,133,3,-,"","",deletion,847,716,1,FALSE
nlgn4a,131,133,3,-,"","",deletion,848,716,1,FALSE
nlgn4a,131,133,3,-,"","",deletion,849,716,1,FALSE
nlgn4a,131,133,3,-,"","",deletion,850,716,1,FALSE
nlgn4a,131,133,3,-,"","",deletion,851,716,1,FALSE
nlgn4a,131,133,3,-,"","",deletion,852,716,1,FALSE
nlgn4a,131,133,3,-,"","",deletion,853,716,1,FALSE
nlgn4a,131,133,3,-,"","",deletion,854,707,1,FALSE
nlgn4a,131,133,3,-,"","",deletion,855,716,1,FALSE
nlgn4a,131,133,3,-,"","",deletion,856,716,1,FALSE
nlgn4a,131,133,3,-,"","",deletion,857,716,1,FALSE
nlgn4a,131,133,3,-,"","",deletion,858,716,1,FALSE
nlgn4a,131,133,3,-,"","",deletion,859,716,1,FALSE
nlgn4a,131,133,3,-,"","",deletion,860,707,1,FALSE
nlgn4a,131,133,3,-,"","",deletion,861,716,1,FALSE
nlgn4a,131,133,3,-,"","",deletion,862,707,1,FALSE
nlgn4a,131,133,3,-,"","",deletion,863,716,1,FALSE
nlgn4a,131,133,3,-,"","",deletion,864,716,1,FALSE
nlgn4a,131,133,3,-,"","",deletion,865,707,1,FALSE
nlgn4a,131,133,3,-,"","",deletion,866,707,1,FALSE
nlgn4a,131,133,3,-,"","",deletion,867,716,1,FALSE
nlgn4a,131,133,3,-,"","",deletion,868,698,1,FALSE
nlgn4a,131,133,3,-,"","",deletion,869,707,1,FALSE
nlgn4a,131,133,3,-,"","",deletion,870,716,1,FALSE
nlgn4a,131,133,3,-,"","",deletion,871,716,1,FALSE
nlgn4a,131,133,3,-,"","",deletion,872,716,1,FALSE
nlgn4a,131,133,3,-,"","",deletion,873,707,1,FALSE
nlgn4a,131,133,3,-,"","",deletion,874,716,1,FALSE
nlgn4a,131,133,3,-,"","",deletion,875,716,1,FALSE
nlgn4a,131,133,3,-,"","",deletion,876,716,1,FALSE
nlgn4a,131,133,3,-,"","",deletion,877,716,1,FALSE
nlgn4a,131,133,3,-,"","",deletion,878,707,1,FALSE
nlgn4a,131,133,3,-,"","",deletion,879,716,1,FALSE
nlgn4a,131,133,3,-,"","",deletion,880,707,1,FALSE
nlgn4a,131,133,3,-,"","",deletion,881,707,1,FALSE
nlgn4a,131,133,3,-,"","",deletion,882,716,1,FALSE
nlgn4a,131,133,3,-,"","",deletion,883,707,1,FALSE
nlgn4a,131,133,3,-,"","",deletion,884,716,1,FALSE
nlgn4a,131,133,3,-,"","",deletion,885,716,1,FALSE
nlgn4a,131,133,3,-,"","",deletion,886,707,1,FALSE
nlgn4a,131,133,3,-,"","",deletion,887,698,1,FALSE
nlgn4a,131,133,3,-,"","",deletion,888,716,1,FALSE
nlgn4a,131,133,3,-,"","",deletion,889,716,1,FALSE
nlgn4a,131,133,3,-,"","",deletion,890,698,1,FALSE
nlgn4a,131,133,3,-,"","",deletion,891,716,1,FALSE
nlgn4a,131,133,3,-,"","",deletion,892,707,1,FALSE
nlgn4a,131,133,3,-,"","",deletion,893,716,1,FALSE
nlgn4a,131,133,3,-,"","",deletion,894,716,1,FALSE
nlgn4a,131,133,3,-,"","",deletion,895,707,1,FALSE
nlgn4a,131,133,3,-,"","",deletion,896,716,1,FALSE
nlgn4a,131,133,3,-,"","",deletion,897,707,1,FALSE
nlgn4a,131,133,3,-,"","",deletion,898,689,1,FALSE
nlgn4a,131,133,3,-,"","",deletion,899,716,1,FALSE
nlgn4a,131,133,3,-,"","",deletion,900,707,1,FALSE
nlgn4a,131,133,3,-,"","",deletion,901,707,1,FALSE
nlgn4a,131,133,3,-,"","",deletion,902,707,1,FALSE
nlgn4a,131,133,3,-,"","",deletion,903,707,1,FALSE
nlgn4a,131,133,3,-,"","",deletion,904,707,1,FALSE
nlgn4a,131,133,3,-,"","",deletion,905,707,1,FALSE
nlgn4a,131,133,3,-,"","",deletion,906,707,1,FALSE
nlgn4a,131,133,3,-,"","",deletion,907,698,1,FALSE
nlgn4a,131,133,3,-,"","",deletion,908,707,1,FALSE
nlgn4a,131,133,3,-,"","",deletion,909,707,1,FALSE
nlgn4a,131,133,3,-,"","",deletion,910,707,1,FALSE
nlgn4a,131,133,3,-,"","",deletion,911,716,1,FALSE
nlgn4a,131,133,3,-,"","",deletion,912,716,1,FALSE
nlgn4a,131,133,3,-,"","",deletion,913,707,1,FALSE
nlgn4a,131,133,3,-,"","",deletion,914,707,1,FALSE
nlgn4a,131,133,3,-,"","",deletion,915,707,1,FALSE
nlgn4a,131,133,3,-,"","",deletion,916,716,1,FALSE
nlgn4a,131,133,3,-,"","",deletion,917,707,1,FALSE
nlgn4a,131,133,3,-,"","",deletion,918,707,1,FALSE
nlgn4a,131,133,3,-,"","",deletion,919,716,1,FALSE
nlgn4a,131,133,3,-,"","",deletion,920,707,1,FALSE
nlgn4a,131,133,3,-,"","",deletion,921,716,1,FALSE
nlgn4a,131,133,3,-,"","",deletion,922,716,1,FALSE
nlgn4a,131,133,3,-,"","",deletion,923,698,1,FALSE
nlgn4a,131,133,3,-,"","",deletion,924,707,1,FALSE
nlgn4a,131,133,3,-,"","",deletion,925,707,1,FALSE
nlgn4a,131,133,3,-,"","",deletion,926,716,1,FALSE
nlgn4a,131,133,3,-,"","",deletion,927,662,1,FALSE
nlgn4a,131,133,3,-,"","",deletion,928,707,1,FALSE
nlgn4a,131,133,3,-,"","",deletion,929,716,1,FALSE
nlgn4a,131,133,3,-,"","",deletion,930,716,1,FALSE
nlgn4a,131,133,3,-,"","",deletion,931,707,1,FALSE
nlgn4a,131,133,3,-,"","",deletion,932,707,1,FALSE
nlgn4a,131,133,3,-,"","",deletion,933,707,1,FALSE
nlgn4a,131,133,3,-,"","",deletion,934,716,1,FALSE
nlgn4a,131,133,3,-,"","",deletion,935,716,1,FALSE
nlgn4a,131,133,3,-,"","",deletion,936,716,1,FALSE
nlgn4a,131,133,3,-,"","",deletion,937,707,1,FALSE
nlgn4a,131,133,3,-,"","",deletion,938,707,1,FALSE
nlgn4a,131,133,3,-,"","",deletion,939,707,1,FALSE
nlgn4a,131,133,3,-,"","",deletion,940,707,1,FALSE
nlgn4a,131,133,3,-,"","",deletion,941,707,1,FALSE
nlgn4a,132,134,3,-,"","",deletion,942,698,1,FALSE
nlgn4a,131,133,3,-,"","",deletion,943,716,1,FALSE
nlgn4a,131,133,3,-,"","",deletion,944,707,1,FALSE
nlgn4a,131,133,3,-,"","",deletion,945,707,1,FALSE
nlgn4a,131,133,3,-,"","",deletion,946,716,1,FALSE
nlgn4a,131,133,3,-,"","",deletion,947,707,1,FALSE
nlgn4a,131,133,3,-,"","",deletion,948,707,1,FALSE
nlgn4a,131,133,3,-,"","",deletion,949,707,1,FALSE
nlgn4a,131,133,3,-,"","",deletion,950,698,1,FALSE
nlgn4a,131,133,3,-,"","",deletion,951,707,1,FALSE
nlgn4a,131,133,3,-,"","",deletion,952,716,1,FALSE
nlgn4a,131,133,3,-,"","",deletion,953,707,1,FALSE
nlgn4a,131,133,3,-,"","",deletion,954,716,1,FALSE
nlgn4a,131,133,3,-,"","",deletion,955,716,1,FALSE
nlgn4a,131,133,3,-,"","",deletion,956,707,1,FALSE
nlgn4a,131,133,3,-,"","",deletion,957,725,1,FALSE
nlgn4a,131,133,3,-,"","",deletion,958,698,1,FALSE
nlgn4a,131,133,3,-,"","",deletion,959,725,1,FALSE
nlgn4a,131,133,3,-,"","",deletion,960,698,1,FALSE
nlgn4a,131,133,3,-,"","",deletion,961,716,1,FALSE
nlgn4a,131,133,3,-,"","",deletion,962,716,1,FALSE
nlgn4a,131,139,9,-,"","",deletion,963,725,1,FALSE
nlgn4a,134,142,9,-,"","",deletion,973,698,1,FALSE
nlgn4a,134,142,9,-,"","",deletion,974,716,1,FALSE
nlgn4a,134,142,9,-,"","",deletion,975,716,1,FALSE
nlgn4a,134,142,9,-,"","",deletion,976,707,1,FALSE
nlgn4a,134,142,9,-,"","",deletion,977,725,1,FALSE
nlgn4a,134,142,9,-,"","",deletion,978,716,1,FALSE
nlgn4a,134,142,9,-,"","",deletion,979,707,1,FALSE
nlgn4a,134,142,9,-,"","",deletion,980,707,1,FALSE
nlgn4a,136,144,9,-,"","",deletion,981,707,1,FALSE
nlgn4a,134,142,9,-,"","",deletion,982,707,1,FALSE
nlgn4a,134,142,9,-,"","",deletion,983,716,1,FALSE
nlgn4a,134,142,9,-,"","",deletion,984,716,1,FALSE
nlgn4a,134,142,9,-,"","",deletion,985,716,1,FALSE
nlgn4a,134,142,9,-,"","",deletion,986,707,1,FALSE
nlgn4a,134,142,9,-,"","",deletion,987,707,1,FALSE
nlgn4a,134,142,9,-,"","",deletion,988,707,1,FALSE
nlgn4a,134,142,9,-,"","",deletion,989,716,1,FALSE
nlgn4a,134,142,9,-,"","",deletion,990,716,1,FALSE
nlgn4a,134,142,9,-,"","",deletion,991,680,1,FALSE
nlgn4a,134,142,9,-,"","",deletion,992,716,1,FALSE
nlgn4a,134,142,9,-,"","",deletion,993,698,1,FALSE
nlgn4a,134,142,9,-,"","",deletion,994,707,1,FALSE
nlgn4a,134,142,9,-,"","",deletion,995,689,1,FALSE
nlgn4a,134,142,9,-,"","",deletion,996,698,1,FALSE
nlgn4a,134,142,9,-,"","",deletion,997,698,1,FALSE
nlgn4a,134,142,9,-,"","",deletion,998,707,1,FALSE
nlgn4a,134,142,9,-,"","",deletion,999,698,1,FALSE
nlgn4a,134,142,9,-,"","",deletion,1000,698,1,FALSE
nlgn4a,134,142,9,-,"","",deletion,1001,716,1,FALSE
nlgn4a,134,142,9,-,"","",deletion,1002,689,1,FALSE
nlgn4a,134,142,9,-,"","",deletion,1003,707,1,FALSE
nlgn4a,134,142,9,-,"","",deletion,1004,698,1,FALSE
nlgn4a,134,142,9,-,"","",deletion,1005,707,1,FALSE
nlgn4a,134,142,9,-,"","",deletion,1006,716,1,FALSE
nlgn4a,134,142,9,-,"","",deletion,1007,716,1,FALSE
nlgn4a,134,142,9,-,"","",deletion,1008,698,1,FALSE
nlgn4a,134,142,9,-,"","",deletion,1009,707,1,FALSE
nlgn4a,134,142,9,-,"","",deletion,1010,707,1,FALSE
nlgn4a,134,142,9,-,"","",deletion,1011,716,1,FALSE
nlgn4a,134,142,9,-,"","",deletion,1012,716,1,FALSE
nlgn4a,134,142,9,-,"","",deletion,1013,698,1,FALSE
nlgn4a,134,142,9,-,"","",deletion,1014,716,1,FALSE
nlgn4a,134,142,9,-,"","",deletion,1015,707,1,FALSE
nlgn4a,134,142,9,-,"","",deletion,1016,716,1,FALSE
nlgn4a,134,142,9,-,"","",deletion,1017,698,1,FALSE
nlgn4a,134,142,9,-,"","",deletion,1018,716,1,FALSE
nlgn4a,134,142,9,-,"","",deletion,1019,698,1,FALSE
nlgn4a,134,142,9,-,"","",deletion,1020,716,1,FALSE
nlgn4a,134,142,9,-,"","",deletion,1021,716,1,FALSE
nlgn4a,134,142,9,-,"","",deletion,1022,716,1,FALSE
nlgn4a,134,142,9,-,"","",deletion,1023,707,1,FALSE
nlgn4a,134,142,9,-,"","",deletion,1024,716,1,FALSE
nlgn4a,134,142,9,-,"","",deletion,1025,716,1,FALSE
nlgn4a,134,142,9,-,"","",deletion,1026,716,1,FALSE
nlgn4a,134,142,9,-,"","",deletion,1027,716,1,FALSE
nlgn4a,134,142,9,-,"","",deletion,1028,716,1,FALSE
nlgn4a,134,142,9,-,"","",deletion,1029,716,1,FALSE
nlgn4a,134,142,9,-,"","",deletion,1030,716,1,FALSE
nlgn4a,134,142,9,-,"","",deletion,1031,716,1,FALSE
nlgn4a,134,142,9,-,"","",deletion,1032,716,1,FALSE
nlgn4a,134,142,9,-,"","",deletion,1033,716,1,FALSE
nlgn4a,134,142,9,-,"","",deletion,1034,716,1,FALSE
nlgn4a,134,142,9,-,"","",deletion,1035,716,1,FALSE
nlgn4a,134,142,9,-,"","",deletion,1036,707,1,FALSE
nlgn4a,134,142,9,-,"","",deletion,1037,716,1,FALSE
nlgn4a,134,142,9,-,"","",deletion,1038,716,1,FALSE
nlgn4a,134,142,9,-,"","",deletion,1039,707,1,FALSE
nlgn4a,134,142,9,-,"","",deletion,1040,707,1,FALSE
nlgn4a,134,142,9,-,"","",deletion,1041,716,1,FALSE
nlgn4a,134,142,9,-,"","",deletion,1042,707,1,FALSE
nlgn4a,134,142,9,-,"","",deletion,1043,716,1,FALSE
nlgn4a,134,142,9,-,"","",deletion,1044,698,1,FALSE
nlgn4a,134,142,9,-,"","",deletion,1045,716,1,FALSE
nlgn4a,134,142,9,-,"","",deletion,1046,716,1,FALSE
nlgn4a,135,143,9,-,"","",deletion,1047,716,1,FALSE
nlgn4a,134,142,9,-,"","",deletion,1048,707,1,FALSE
nlgn4a,134,142,9,-,"","",deletion,1049,716,1,FALSE
nlgn4a,134,142,9,-,"","",deletion,1050,707,1,FALSE
nlgn4a,134,142,9,-,"","",deletion,1051,716,1,FALSE
nlgn4a,134,142,9,-,"","",deletion,1052,698,1,FALSE
nlgn4a,134,142,9,-,"","",deletion,1053,698,1,FALSE
nlgn4a,134,142,9,-,"","",deletion,1054,716,1,FALSE
nlgn4a,135,143,9,-,"","",deletion,1055,698,1,FALSE
nlgn4a,134,142,9,-,"","",deletion,1056,716,1,FALSE
nlgn4a,134,142,9,-,"","",deletion,1057,707,1,FALSE
nlgn4a,134,142,9,-,"","",deletion,1058,707,1,FALSE
nlgn4a,134,142,9,-,"","",deletion,1059,707,1,FALSE
nlgn4a,134,142,9,-,"","",deletion,1060,716,1,FALSE
nlgn4a,134,142,9,-,"","",deletion,1061,716,1,FALSE
nlgn4a,134,142,9,-,"","",deletion,1062,689,1,FALSE
nlgn4a,134,142,9,-,"","",deletion,1063,698,1,FALSE
nlgn4a,134,142,9,-,"","",deletion,1064,716,1,FALSE
nlgn4a,134,142,9,-,"","",deletion,1065,716,1,FALSE
nlgn4a,134,142,9,-,"","",deletion,1066,716,1,FALSE
nlgn4a,134,142,9,-,"","",deletion,1067,707,1,FALSE
nlgn4a,134,142,9,-,"","",deletion,1068,716,1,FALSE
nlgn4a,134,142,9,-,"","",deletion,1069,707,1,FALSE
nlgn4a,135,143,9,-,"","",deletion,1070,707,1,FALSE
nlgn4a,134,142,9,-,"","",deletion,1071,716,1,FALSE
nlgn4a,134,142,9,-,"","",deletion,1072,707,1,FALSE
nlgn4a,134,142,9,-,"","",deletion,1073,707,1,FALSE
nlgn4a,134,142,9,-,"","",deletion,1074,698,1,FALSE
nlgn4a,134,142,9,-,"","",deletion,1075,698,1,FALSE
nlgn4a,134,142,9,-,"","",deletion,1076,716,1,FALSE
nlgn4a,134,142,9,-,"","",deletion,1077,698,1,FALSE
nlgn4a,134,142,9,-,"","",deletion,1078,725,1,FALSE
nlgn4a,134,142,9,-,"","",deletion,1079,707,1,FALSE
nlgn4a,134,142,9,-,"","",deletion,1080,698,1,FALSE
nlgn4a,134,142,9,-,"","",deletion,1081,725,1,FALSE
nlgn4a,134,142,9,-,"","",deletion,1082,716,1,FALSE
nlgn4a,134,142,9,-,"","",deletion,1083,707,1,FALSE
nlgn4a,134,142,9,-,"","",deletion,1084,716,1,FALSE
nlgn4a,134,138,5,-,"","",deletion,1085,725,1,FALSE
nlgn4a,134,142,9,-,"","",deletion,1093,725,1,FALSE
nlgn4a,134,142,9,-,"","",deletion,1259,680,1,FALSE
nlgn4a,134,138,5,-,"","",deletion,1260,698,1,FALSE
nlgn4a,134,138,5,-,"","",deletion,1261,725,1,FALSE
nlgn4a,134,138,5,-,"","",deletion,1262,716,1,FALSE
nlgn4a,134,138,5,-,"","",deletion,1263,707,1,FALSE
nlgn4a,134,138,5,-,"","",deletion,1264,707,1,FALSE
nlgn4a,134,138,5,-,"","",deletion,1265,716,1,FALSE
nlgn4a,135,139,5,-,"","",deletion,1266,707,1,FALSE
nlgn4a,134,138,5,-,"","",deletion,1267,707,1,FALSE
nlgn4a,134,138,5,-,"","",deletion,1268,707,1,FALSE
nlgn4a,134,138,5,-,"","",deletion,1269,716,1,FALSE
nlgn4a,134,138,5,-,"","",deletion,1270,707,1,FALSE
nlgn4a,134,138,5,-,"","",deletion,1271,716,1,FALSE
nlgn4a,134,138,5,-,"","",deletion,1272,716,1,FALSE
nlgn4a,134,138,5,-,"","",deletion,1273,716,1,FALSE
nlgn4a,134,138,5,-,"","",deletion,1274,707,1,FALSE
nlgn4a,134,138,5,-,"","",deletion,1275,689,1,FALSE
nlgn4a,134,138,5,-,"","",deletion,1276,716,1,FALSE
nlgn4a,134,138,5,-,"","",deletion,1277,707,1,FALSE
nlgn4a,134,138,5,-,"","",deletion,1278,707,1,FALSE
nlgn4a,134,138,5,-,"","",deletion,1279,716,1,FALSE
nlgn4a,134,138,5,-,"","",deletion,1280,707,1,FALSE
nlgn4a,137,141,5,-,"","",deletion,1281,707,1,FALSE
nlgn4a,134,138,5,-,"","",deletion,1282,707,1,FALSE
nlgn4a,134,138,5,-,"","",deletion,1283,698,1,FALSE
nlgn4a,134,138,5,-,"","",deletion,1284,716,1,FALSE
nlgn4a,137,141,5,-,"","",deletion,1285,698,1,FALSE
nlgn4a,134,138,5,-,"","",deletion,1286,698,1,FALSE
nlgn4a,134,138,5,-,"","",deletion,1287,716,1,FALSE
nlgn4a,134,138,5,-,"","",deletion,1288,716,1,FALSE
nlgn4a,134,138,5,-,"","",deletion,1289,716,1,FALSE
nlgn4a,134,138,5,-,"","",deletion,1290,716,1,FALSE
nlgn4a,134,138,5,-,"","",deletion,1291,716,1,FALSE
nlgn4a,134,138,5,-,"","",deletion,1292,716,1,FALSE
nlgn4a,134,138,5,-,"","",deletion,1293,716,1,FALSE
nlgn4a,134,138,5,-,"","",deletion,1294,716,1,FALSE
nlgn4a,134,138,5,-,"","",deletion,1295,698,1,FALSE
nlgn4a,131,135,5,-,"","",deletion,1296,725,1,FALSE
nlgn4a,134,138,5,-,"","",deletion,1297,707,1,FALSE
nlgn4a,134,138,5,-,"","",deletion,1298,716,1,FALSE
nlgn4a,134,138,5,-,"","",deletion,1299,716,1,FALSE
nlgn4a,134,138,5,-,"","",deletion,1300,716,1,FALSE
nlgn4a,134,138,5,-,"","",deletion,1301,698,1,FALSE
nlgn4a,134,138,5,-,"","",deletion,1302,716,1,FALSE
nlgn4a,134,138,5,-,"","",deletion,1303,716,1,FALSE
nlgn4a,134,138,5,-,"","",deletion,1304,707,1,FALSE
nlgn4a,134,138,5,-,"","",deletion,1305,716,1,FALSE
nlgn4a,134,138,5,-,"","",deletion,1306,716,1,FALSE
nlgn4a,134,138,5,-,"","",deletion,1307,707,1,FALSE
nlgn4a,134,138,5,-,"","",deletion,1308,716,1,FALSE
nlgn4a,134,138,5,-,"","",deletion,1309,698,1,FALSE
nlgn4a,134,138,5,-,"","",deletion,1310,716,1,FALSE
nlgn4a,134,138,5,-,"","",deletion,1311,707,1,FALSE
nlgn4a,134,138,5,-,"","",deletion,1312,707,1,FALSE
nlgn4a,134,138,5,-,"","",deletion,1313,680,1,FALSE
nlgn4a,134,138,5,-,"","",deletion,1314,707,1,FALSE
nlgn4a,134,138,5,-,"","",deletion,1315,716,1,FALSE
nlgn4a,134,138,5,-,"","",deletion,1316,707,1,FALSE
nlgn4a,134,138,5,-,"","",deletion,1317,689,1,FALSE
nlgn4a,134,138,5,-,"","",deletion,1318,698,1,FALSE
nlgn4a,134,138,5,-,"","",deletion,1319,689,1,FALSE
nlgn4a,134,138,5,-,"","",deletion,1320,716,1,FALSE
nlgn4a,134,138,5,-,"","",deletion,1321,716,1,FALSE
nlgn4a,134,138,5,-,"","",deletion,1322,698,1,FALSE
nlgn4a,134,138,5,-,"","",deletion,1323,716,1,FALSE
nlgn4a,134,138,5,-,"","",deletion,1324,725,1,FALSE
nlgn4a,134,138,5,-,"","",deletion,1325,707,1,FALSE
nlgn4a,134,138,5,-,"","",deletion,1326,698,1,FALSE
nlgn4a,134,138,5,-,"","",deletion,1328,725,1,FALSE
nlgn4a,134,142,9,-,"","",deletion,1329,716,1,FALSE
nlgn4a,134,138,5,-,"","",deletion,1330,725,1,FALSE
nlgn4a,131,133,3,-,"","",deletion,1350,698,1,FALSE
nlgn4a,134,142,9,-,"","",deletion,1352,707,1,FALSE
nlgn4a,131,133,3,-,"","",deletion,1353,716,1,FALSE
nlgn4a,131,133,3,-,"","",deletion,1354,725,1,FALSE
nlgn4a,129,134,6,-,"","",deletion,1355,716,1,FALSE
nlgn4a,129,134,6,-,"","",deletion,1356,716,1,FALSE
nlgn4a,129,134,6,-,"","",deletion,1357,716,1,FALSE
nlgn4a,129,134,6,-,"","",deletion,1358,698,1,FALSE
nlgn4a,129,134,6,-,"","",deletion,1359,698,1,FALSE
nlgn4a,129,134,6,-,"","",deletion,1360,716,1,FALSE
nlgn4a,129,134,6,-,"","",deletion,1361,707,1,FALSE
nlgn4a,129,134,6,-,"","",deletion,1362,716,1,FALSE
nlgn4a,129,134,6,-,"","",deletion,1363,707,1,FALSE
nlgn4a,129,134,6,-,"","",deletion,1364,707,1,FALSE
nlgn4a,129,134,6,-,"","",deletion,1365,698,1,FALSE
nlgn4a,129,134,6,-,"","",deletion,1366,716,1,FALSE
nlgn4a,129,134,6,-,"","",deletion,1367,707,1,FALSE
nlgn4a,129,134,6,-,"","",deletion,1368,707,1,FALSE
nlgn4a,129,134,6,-,"","",deletion,1369,707,1,FALSE
nlgn4a,129,134,6,-,"","",deletion,1370,716,1,FALSE
nlgn4a,129,134,6,-,"","",deletion,1371,707,1,FALSE
nlgn4a,129,134,6,-,"","",deletion,1372,707,1,FALSE
nlgn4a,129,134,6,-,"","",deletion,1373,716,1,FALSE
nlgn4a,129,134,6,-,"","",deletion,1374,716,1,FALSE
nlgn4a,129,134,6,-,"","",deletion,1375,716,1,FALSE
nlgn4a,129,134,6,-,"","",deletion,1376,707,1,FALSE
nlgn4a,129,134,6,-,"","",deletion,1377,716,1,FALSE
nlgn4a,129,134,6,-,"","",deletion,1378,716,1,FALSE
nlgn4a,129,134,6,-,"","",deletion,1379,716,1,FALSE
nlgn4a,129,134,6,-,"","",deletion,1380,716,1,FALSE
nlgn4a,129,134,6,-,"","",deletion,1381,707,1,FALSE
nlgn4a,129,134,6,-,"","",deletion,1382,707,1,FALSE
nlgn4a,129,134,6,-,"","",deletion,1383,707,1,FALSE
nlgn4a,129,134,6,-,"","",deletion,1384,707,1,FALSE
nlgn4a,129,134,6,-,"","",deletion,1385,716,1,FALSE
nlgn4a,129,134,6,-,"","",deletion,1386,716,1,FALSE
nlgn4a,129,134,6,-,"","",deletion,1387,716,1,FALSE
nlgn4a,129,134,6,-,"","",deletion,1388,716,1,FALSE
nlgn4a,129,134,6,-,"","",deletion,1389,698,1,FALSE
nlgn4a,129,134,6,-,"","",deletion,1390,716,1,FALSE
nlgn4a,129,134,6,-,"","",deletion,1391,698,1,FALSE
nlgn4a,129,134,6,-,"","",deletion,1392,707,1,FALSE
nlgn4a,129,134,6,-,"","",deletion,1393,707,1,FALSE
nlgn4a,129,134,6,-,"","",deletion,1394,707,1,FALSE
nlgn4a,129,134,6,-,"","",deletion,1395,707,1,FALSE
nlgn4a,129,134,6,-,"","",deletion,1396,716,1,FALSE
nlgn4a,129,134,6,-,"","",deletion,1397,716,1,FALSE
nlgn4a,129,134,6,-,"","",deletion,1398,707,1,FALSE
nlgn4a,129,134,6,-,"","",deletion,1399,716,1,FALSE
nlgn4a,129,134,6,-,"","",deletion,1400,716,1,FALSE
nlgn4a,129,134,6,-,"","",deletion,1401,716,1,FALSE
nlgn4a,129,134,6,-,"","",deletion,1402,725,1,FALSE
nlgn4a,129,134,6,-,"","",deletion,1403,716,1,FALSE
nlgn4a,129,134,6,-,"","",deletion,1404,725,1,FALSE
nlgn4a,129,134,6,-,"","",deletion,1405,707,1,FALSE
nlgn4a,134,142,9,-,"","",deletion,1406,716,1,FALSE
nlgn4a,127,136,10,-,"","",deletion,1407,707,1,FALSE
nlgn4a,127,136,10,-,"","",deletion,1408,725,1,FALSE
nlgn4a,127,136,10,-,"","",deletion,1409,725,1,FALSE
nlgn4a,127,136,10,-,"","",deletion,1410,707,1,FALSE
nlgn4a,127,136,10,-,"","",deletion,1411,707,1,FALSE
nlgn4a,127,136,10,-,"","",deletion,1412,689,1,FALSE
nlgn4a,127,136,10,-,"","",deletion,1413,716,1,FALSE
nlgn4a,127,136,10,-,"","",deletion,1414,689,1,FALSE
nlgn4a,127,136,10,-,"","",deletion,1415,698,1,FALSE
nlgn4a,127,136,10,-,"","",deletion,1416,725,1,FALSE
nlgn4a,127,136,10,-,"","",deletion,1417,716,1,FALSE
nlgn4a,127,136,10,-,"","",deletion,1418,716,1,FALSE
nlgn4a,127,136,10,-,"","",deletion,1419,698,1,FALSE
nlgn4a,127,136,10,-,"","",deletion,1420,716,1,FALSE
nlgn4a,127,136,10,-,"","",deletion,1421,707,1,FALSE
nlgn4a,127,136,10,-,"","",deletion,1422,716,1,FALSE
nlgn4a,127,136,10,-,"","",deletion,1423,689,1,FALSE
nlgn4a,127,136,10,-,"","",deletion,1424,716,1,FALSE
nlgn4a,127,136,10,-,"","",deletion,1425,707,1,FALSE
nlgn4a,127,136,10,-,"","",deletion,1426,725,1,FALSE
nlgn4a,127,136,10,-,"","",deletion,1427,707,1,FALSE
nlgn4a,127,136,10,-,"","",deletion,1428,707,1,FALSE
nlgn4a,127,136,10,-,"","",deletion,1429,725,1,FALSE
nlgn4a,129,138,10,-,"","",deletion,1430,689,1,FALSE
nlgn4a,127,136,10,-,"","",deletion,1431,707,1,FALSE
nlgn4a,127,136,10,-,"","",deletion,1432,707,1,FALSE
nlgn4a,127,136,10,-,"","",deletion,1433,725,1,FALSE
nlgn4a,127,136,10,-,"","",deletion,1434,707,1,FALSE
nlgn4a,128,137,10,-,"","",deletion,1435,716,1,FALSE
nlgn4a,127,136,10,-,"","",deletion,1436,716,1,FALSE
nlgn4a,127,136,10,-,"","",deletion,1437,716,1,FALSE
nlgn4a,128,137,10,-,"","",deletion,1438,707,1,FALSE
nlgn4a,127,136,10,-,"","",deletion,1439,707,1,FALSE
nlgn4a,127,136,10,-,"","",deletion,1440,689,1,FALSE
nlgn4a,127,136,10,-,"","",deletion,1441,716,1,FALSE
nlgn4a,127,136,10,-,"","",deletion,1442,698,1,FALSE
nlgn4a,127,136,10,-,"","",deletion,1443,707,1,FALSE
nlgn4a,127,136,10,-,"","",deletion,1444,707,1,FALSE
nlgn4a,127,136,10,-,"","",deletion,1445,707,1,FALSE
nlgn4a,127,136,10,-,"","",deletion,1446,707,1,FALSE
nlgn4a,127,136,10,-,"","",deletion,1447,698,1,FALSE
nlgn4a,127,136,10,-,"","",deletion,1448,698,1,FALSE
nlgn4a,127,136,10,-,"","",deletion,1449,698,1,FALSE
nlgn4a,127,136,10,-,"","",deletion,1450,707,1,FALSE
nlgn4a,127,136,10,-,"","",deletion,1451,716,1,FALSE
nlgn4a,127,136,10,-,"","",deletion,1452,716,1,FALSE
nlgn4a,127,136,10,-,"","",deletion,1453,689,1,FALSE
nlgn4a,127,136,10,-,"","",deletion,1454,707,1,FALSE
nlgn4a,127,136,10,-,"","",deletion,1455,707,1,FALSE
nlgn4a,127,136,10,-,"","",deletion,1456,707,1,FALSE
nlgn4a,127,136,10,-,"","",deletion,1457,707,1,FALSE
nlgn4a,127,136,10,-,"","",deletion,1458,707,1,FALSE
nlgn4a,127,136,10,-,"","",deletion,1459,707,1,FALSE
nlgn4a,127,136,10,-,"","",deletion,1460,716,1,FALSE
nlgn4a,127,136,10,-,"","",deletion,1461,716,1,FALSE
nlgn4a,127,136,10,-,"","",deletion,1462,716,1,FALSE
nlgn4a,127,136,10,-,"","",deletion,1463,698,1,FALSE
nlgn4a,127,136,10,-,"","",deletion,1464,716,1,FALSE
nlgn4a,127,136,10,-,"","",deletion,1465,707,1,FALSE
nlgn4a,127,136,10,-,"","",deletion,1466,716,1,FALSE
nlgn4a,127,136,10,-,"","",deletion,1467,707,1,FALSE
nlgn4a,127,136,10,-,"","",deletion,1468,698,1,FALSE
nlgn4a,127,136,10,-,"","",deletion,1469,707,1,FALSE
nlgn4a,127,136,10,-,"","",deletion,1470,707,1,FALSE
nlgn4a,127,136,10,-,"","",deletion,1471,698,1,FALSE
nlgn4a,127,136,10,-,"","",deletion,1472,689,1,FALSE
nlgn4a,127,136,10,-,"","",deletion,1473,707,1,FALSE
nlgn4a,127,136,10,-,"","",deletion,1474,707,1,FALSE
nlgn4a,127,136,10,-,"","",deletion,1475,716,1,FALSE
nlgn4a,127,136,10,-,"","",deletion,1476,716,1,FALSE
nlgn4a,127,136,10,-,"","",deletion,1477,698,1,FALSE
nlgn4a,127,136,10,-,"","",deletion,1478,707,1,FALSE
nlgn4a,127,136,10,-,"","",deletion,1479,698,1,FALSE
nlgn4a,127,136,10,-,"","",deletion,1480,707,1,FALSE
nlgn4a,127,136,10,-,"","",deletion,1481,707,1,FALSE
nlgn4a,127,136,10,-,"","",deletion,1482,707,1,FALSE
nlgn4a,127,136,10,-,"","",deletion,1483,707,1,FALSE
nlgn4a,127,136,10,-,"","",deletion,1484,707,1,FALSE
nlgn4a,127,136,10,-,"","",deletion,1485,707,1,FALSE
nlgn4a,127,136,10,-,"","",deletion,1486,716,1,FALSE
nlgn4a,127,136,10,-,"","",deletion,1487,707,1,FALSE
nlgn4a,127,136,10,-,"","",deletion,1488,698,1,FALSE
nlgn4a,128,137,10,-,"","",deletion,1489,707,1,FALSE
nlgn4a,127,136,10,-,"","",deletion,1490,707,1,FALSE
nlgn4a,127,136,10,-,"","",deletion,1491,716,1,FALSE
nlgn4a,127,136,10,-,"","",deletion,1492,707,1,FALSE
nlgn4a,127,136,10,-,"","",deletion,1493,689,1,FALSE
nlgn4a,127,136,10,-,"","",deletion,1494,716,1,FALSE
nlgn4a,127,136,10,-,"","",deletion,1495,698,1,FALSE
nlgn4a,127,136,10,-,"","",deletion,1496,698,1,FALSE
nlgn4a,127,136,10,-,"","",deletion,1497,716,1,FALSE
nlgn4a,127,136,10,-,"","",deletion,1498,716,1,FALSE
nlgn4a,127,136,10,-,"","",deletion,1499,716,1,FALSE
nlgn4a,127,136,10,-,"","",deletion,1500,707,1,FALSE
nlgn4a,127,136,10,-,"","",deletion,1501,707,1,FALSE
nlgn4a,127,136,10,-,"","",deletion,1502,716,1,FALSE
nlgn4a,127,136,10,-,"","",deletion,1503,698,1,FALSE
nlgn4a,127,136,10,-,"","",deletion,1504,716,1,FALSE
nlgn4a,127,136,10,-,"","",deletion,1505,716,1,FALSE
nlgn4a,127,136,10,-,"","",deletion,1506,716,1,FALSE
nlgn4a,127,136,10,-,"","",deletion,1507,716,1,FALSE
nlgn4a,127,136,10,-,"","",deletion,1508,716,1,FALSE
nlgn4a,127,136,10,-,"","",deletion,1509,689,1,FALSE
nlgn4a,127,136,10,-,"","",deletion,1510,716,1,FALSE
nlgn4a,127,136,10,-,"","",deletion,1511,698,1,FALSE
nlgn4a,127,136,10,-,"","",deletion,1512,698,1,FALSE
nlgn4a,127,136,10,-,"","",deletion,1513,707,1,FALSE
nlgn4a,127,136,10,-,"","",deletion,1514,707,1,FALSE
nlgn4a,127,136,10,-,"","",deletion,1515,707,1,FALSE
nlgn4a,127,136,10,-,"","",deletion,1516,716,1,FALSE
nlgn4a,127,136,10,-,"","",deletion,1517,707,1,FALSE
nlgn4a,127,136,10,-,"","",deletion,1518,716,1,FALSE
nlgn4a,127,136,10,-,"","",deletion,1519,698,1,FALSE
nlgn4a,127,136,10,-,"","",deletion,1520,698,1,FALSE
nlgn4a,127,136,10,-,"","",deletion,1521,716,1,FALSE
nlgn4a,127,136,10,-,"","",deletion,1522,707,1,FALSE
nlgn4a,127,136,10,-,"","",deletion,1523,698,1,FALSE
nlgn4a,127,136,10,-,"","",deletion,1524,707,1,FALSE
nlgn4a,127,136,10,-,"","",deletion,1525,716,1,FALSE
nlgn4a,127,136,10,-,"","",deletion,1526,716,1,FALSE
nlgn4a,127,136,10,-,"","",deletion,1527,707,1,FALSE
nlgn4a,127,136,10,-,"","",deletion,1528,698,1,FALSE
nlgn4a,127,136,10,-,"","",deletion,1529,716,1,FALSE
nlgn4a,127,136,10,-,"","",deletion,1530,716,1,FALSE
nlgn4a,127,136,10,-,"","",deletion,1531,716,1,FALSE
nlgn4a,127,136,10,-,"","",deletion,1532,707,1,FALSE
nlgn4a,127,136,10,-,"","",deletion,1533,716,1,FALSE
nlgn4a,127,136,10,-,"","",deletion,1534,716,1,FALSE
nlgn4a,127,136,10,-,"","",deletion,1535,716,1,FALSE
nlgn4a,127,136,10,-,"","",deletion,1536,716,1,FALSE
nlgn4a,127,136,10,-,"","",deletion,1537,716,1,FALSE
nlgn4a,127,136,10,-,"","",deletion,1538,716,1,FALSE
nlgn4a,127,136,10,-,"","",deletion,1539,716,1,FALSE
nlgn4a,127,136,10,-,"","",deletion,1540,716,1,FALSE
nlgn4a,127,136,10,-,"","",deletion,1541,716,1,FALSE
nlgn4a,127,136,10,-,"","",deletion,1542,716,1,FALSE
nlgn4a,127,136,10,-,"","",deletion,1543,716,1,FALSE
nlgn4a,127,136,10,-,"","",deletion,1544,716,1,FALSE
nlgn4a,127,136,10,-,"","",deletion,1545,716,1,FALSE
nlgn4a,127,136,10,-,"","",deletion,1546,716,1,FALSE
nlgn4a,127,136,10,-,"","",deletion,1547,716,1,FALSE
nlgn4a,127,136,10,-,"","",deletion,1548,716,1,FALSE
nlgn4a,127,136,10,-,"","",deletion,1549,716,1,FALSE
nlgn4a,127,136,10,-,"","",deletion,1550,707,1,FALSE
nlgn4a,127,136,10,-,"","",deletion,1551,716,1,FALSE
nlgn4a,127,136,10,-,"","",deletion,1552,707,1,FALSE
nlgn4a,127,136,10,-,"","",deletion,1553,716,1,FALSE
nlgn4a,127,136,10,-,"","",deletion,1554,707,1,FALSE
nlgn4a,127,136,10,-,"","",deletion,1555,716,1,FALSE
nlgn4a,127,136,10,-,"","",deletion,1556,716,1,FALSE
nlgn4a,127,136,10,-,"","",deletion,1557,707,1,FALSE
nlgn4a,127,136,10,-,"","",deletion,1558,716,1,FALSE
nlgn4a,127,136,10,-,"","",deletion,1559,716,1,FALSE
nlgn4a,127,136,10,-,"","",deletion,1560,716,1,FALSE
nlgn4a,127,136,10,-,"","",deletion,1561,716,1,FALSE
nlgn4a,127,136,10,-,"","",deletion,1562,716,1,FALSE
nlgn4a,127,136,10,-,"","",deletion,1563,707,1,FALSE
nlgn4a,127,136,10,-,"","",deletion,1564,707,1,FALSE
nlgn4a,127,136,10,-,"","",deletion,1565,716,1,FALSE
nlgn4a,127,136,10,-,"","",deletion,1566,716,1,FALSE
nlgn4a,127,136,10,-,"","",deletion,1567,716,1,FALSE
nlgn4a,127,136,10,-,"","",deletion,1568,707,1,FALSE
nlgn4a,127,136,10,-,"","",deletion,1569,716,1,FALSE
nlgn4a,127,136,10,-,"","",deletion,1570,716,1,FALSE
nlgn4a,127,136,10,-,"","",deletion,1571,707,1,FALSE
nlgn4a,127,136,10,-,"","",deletion,1572,716,1,FALSE
nlgn4a,127,136,10,-,"","",deletion,1573,707,1,FALSE
nlgn4a,127,136,10,-,"","",deletion,1574,716,1,FALSE
nlgn4a,127,136,10,-,"","",deletion,1575,716,1,FALSE
nlgn4a,127,136,10,-,"","",deletion,1576,707,1,FALSE
nlgn4a,128,137,10,-,"","",deletion,1577,707,1,FALSE
nlgn4a,127,136,10,-,"","",deletion,1578,716,1,FALSE
nlgn4a,129,138,10,-,"","",deletion,1579,716,1,FALSE
nlgn4a,127,136,10,-,"","",deletion,1580,716,1,FALSE
nlgn4a,127,136,10,-,"","",deletion,1581,716,1,FALSE
nlgn4a,127,136,10,-,"","",deletion,1582,707,1,FALSE
nlgn4a,127,136,10,-,"","",deletion,1583,707,1,FALSE
nlgn4a,127,136,10,-,"","",deletion,1584,716,1,FALSE
nlgn4a,127,136,10,-,"","",deletion,1585,707,1,FALSE
nlgn4a,127,136,10,-,"","",deletion,1586,707,1,FALSE
nlgn4a,127,136,10,-,"","",deletion,1587,716,1,FALSE
nlgn4a,127,136,10,-,"","",deletion,1588,707,1,FALSE
nlgn4a,127,136,10,-,"","",deletion,1589,716,1,FALSE
nlgn4a,127,136,10,-,"","",deletion,1590,707,1,FALSE
nlgn4a,127,136,10,-,"","",deletion,1591,707,1,FALSE
nlgn4a,127,136,10,-,"","",deletion,1592,716,1,FALSE
nlgn4a,127,136,10,-,"","",deletion,1593,716,1,FALSE
nlgn4a,127,136,10,-,"","",deletion,1594,707,1,FALSE
nlgn4a,127,136,10,-,"","",deletion,1595,716,1,FALSE
nlgn4a,128,137,10,-,"","",deletion,1596,707,1,FALSE
nlgn4a,127,136,10,-,"","",deletion,1597,707,1,FALSE
nlgn4a,127,136,10,-,"","",deletion,1598,698,1,FALSE
nlgn4a,127,136,10,-,"","",deletion,1599,689,1,FALSE
nlgn4a,127,136,10,-,"","",deletion,1600,680,1,FALSE
nlgn4a,127,136,10,-,"","",deletion,1601,716,1,FALSE
nlgn4a,127,136,10,-,"","",deletion,1602,680,1,FALSE
nlgn4a,127,136,10,-,"","",deletion,1603,716,1,FALSE
nlgn4a,127,136,10,-,"","",deletion,1604,716,1,FALSE
nlgn4a,127,136,10,-,"","",deletion,1605,698,1,FALSE
nlgn4a,127,136,10,-,"","",deletion,1606,698,1,FALSE
nlgn4a,127,136,10,-,"","",deletion,1607,698,1,FALSE
nlgn4a,127,136,10,-,"","",deletion,1608,716,1,FALSE
nlgn4a,127,136,10,-,"","",deletion,1609,707,1,FALSE
nlgn4a,127,136,10,-,"","",deletion,1610,707,1,FALSE
nlgn4a,127,136,10,-,"","",deletion,1611,689,1,FALSE
nlgn4a,127,136,10,-,"","",deletion,1612,707,1,FALSE
nlgn4a,127,136,10,-,"","",deletion,1613,698,1,FALSE
nlgn4a,127,136,10,-,"","",deletion,1614,716,1,FALSE
nlgn4a,127,136,10,-,"","",deletion,1615,716,1,FALSE
nlgn4a,127,136,10,-,"","",deletion,1616,716,1,FALSE
nlgn4a,127,136,10,-,"","",deletion,1617,707,1,FALSE
nlgn4a,127,136,10,-,"","",deletion,1618,716,1,FALSE
nlgn4a,127,136,10,-,"","",deletion,1619,707,1,FALSE
nlgn4a,127,136,10,-,"","",deletion,1620,689,1,FALSE
nlgn4a,127,136,10,-,"","",deletion,1621,707,1,FALSE
nlgn4a,127,136,10,-,"","",deletion,1622,698,1,FALSE
nlgn4a,127,136,10,-,"","",deletion,1623,707,1,FALSE
nlgn4a,127,136,10,-,"","",deletion,1624,707,1,FALSE
nlgn4a,127,136,10,-,"","",deletion,1625,707,1,FALSE
nlgn4a,127,136,10,-,"","",deletion,1626,716,1,FALSE
nlgn4a,127,136,10,-,"","",deletion,1627,707,1,FALSE
nlgn4a,127,136,10,-,"","",deletion,1628,698,1,FALSE
nlgn4a,127,136,10,-,"","",deletion,1629,716,1,FALSE
nlgn4a,127,136,10,-,"","",deletion,1630,698,1,FALSE
nlgn4a,127,136,10,-,"","",deletion,1631,707,1,FALSE
nlgn4a,127,136,10,-,"","",deletion,1632,698,1,FALSE
nlgn4a,127,136,10,-,"","",deletion,1633,716,1,FALSE
nlgn4a,127,136,10,-,"","",deletion,1634,707,1,FALSE
nlgn4a,127,136,10,-,"","",deletion,1635,707,1,FALSE
nlgn4a,127,136,10,-,"","",deletion,1636,698,1,FALSE
nlgn4a,127,136,10,-,"","",deletion,1637,698,1,FALSE
nlgn4a,127,136,10,-,"","",deletion,1638,716,1,FALSE
nlgn4a,127,136,10,-,"","",deletion,1639,716,1,FALSE
nlgn4a,127,136,10,-,"","",deletion,1640,707,1,FALSE
nlgn4a,127,136,10,-,"","",deletion,1641,707,1,FALSE
nlgn4a,127,136,10,-,"","",deletion,1642,716,1,FALSE
nlgn4a,127,136,10,-,"","",deletion,1643,698,1,FALSE
nlgn4a,127,136,10,-,"","",deletion,1644,707,1,FALSE
nlgn4a,127,136,10,-,"","",deletion,1645,716,1,FALSE
nlgn4a,127,136,10,-,"","",deletion,1646,716,1,FALSE
nlgn4a,127,136,10,-,"","",deletion,1647,698,1,FALSE
nlgn4a,127,136,10,-,"","",deletion,1648,707,1,FALSE
nlgn4a,127,136,10,-,"","",deletion,1649,716,1,FALSE
nlgn4a,127,136,10,-,"","",deletion,1650,707,1,FALSE
nlgn4a,127,136,10,-,"","",deletion,1651,698,1,FALSE
nlgn4a,127,136,10,-,"","",deletion,1652,716,1,FALSE
nlgn4a,127,136,10,-,"","",deletion,1653,689,1,FALSE
nlgn4a,127,136,10,-,"","",deletion,1654,716,1,FALSE
nlgn4a,127,136,10,-,"","",deletion,1655,698,1,FALSE
nlgn4a,127,136,10,-,"","",deletion,1656,698,1,FALSE
nlgn4a,127,136,10,-,"","",deletion,1657,716,1,FALSE
nlgn4a,127,136,10,-,"","",deletion,1658,698,1,FALSE
nlgn4a,127,136,10,-,"","",deletion,1659,707,1,FALSE
nlgn4a,127,136,10,-,"","",deletion,1660,707,1,FALSE
nlgn4a,127,136,10,-,"","",deletion,1661,707,1,FALSE
nlgn4a,127,136,10,-,"","",deletion,1662,698,1,FALSE
nlgn4a,127,136,10,-,"","",deletion,1663,707,1,FALSE
nlgn4a,127,136,10,-,"","",deletion,1664,707,1,FALSE
nlgn4a,127,136,10,-,"","",deletion,1665,689,1,FALSE
nlgn4a,127,136,10,-,"","",deletion,1666,716,1,FALSE
nlgn4a,127,136,10,-,"","",deletion,1667,698,1,FALSE
nlgn4a,127,136,10,-,"","",deletion,1668,698,1,FALSE
nlgn4a,128,137,10,-,"","",deletion,1669,689,1,FALSE
nlgn4a,127,136,10,-,"","",deletion,1670,707,1,FALSE
nlgn4a,127,136,10,-,"","",deletion,1671,716,1,FALSE
nlgn4a,127,136,10,-,"","",deletion,1672,698,1,FALSE
nlgn4a,127,136,10,-,"","",deletion,1673,698,1,FALSE
nlgn4a,127,136,10,-,"","",deletion,1674,707,1,FALSE
nlgn4a,127,136,10,-,"","",deletion,1675,707,1,FALSE
nlgn4a,127,136,10,-,"","",deletion,1676,716,1,FALSE
nlgn4a,127,136,10,-,"","",deletion,1677,707,1,FALSE
nlgn4a,127,136,10,-,"","",deletion,1678,707,1,FALSE
nlgn4a,128,137,10,-,"","",deletion,1679,689,1,FALSE
nlgn4a,127,136,10,-,"","",deletion,1680,716,1,FALSE
nlgn4a,127,136,10,-,"","",deletion,1681,707,1,FALSE
nlgn4a,127,136,10,-,"","",deletion,1682,689,1,FALSE
nlgn4a,127,136,10,-,"","",deletion,1683,698,1,FALSE
nlgn4a,127,136,10,-,"","",deletion,1684,689,1,FALSE
nlgn4a,127,136,10,-,"","",deletion,1685,716,1,FALSE
nlgn4a,127,136,10,-,"","",deletion,1686,707,1,FALSE
nlgn4a,127,136,10,-,"","",deletion,1687,725,1,FALSE
nlgn4a,127,136,10,-,"","",deletion,1688,689,1,FALSE
nlgn4a,127,136,10,-,"","",deletion,1689,707,1,FALSE
nlgn4a,127,136,10,-,"","",deletion,1690,716,1,FALSE
nlgn4a,127,136,10,-,"","",deletion,1691,716,1,FALSE
nlgn4a,127,136,10,-,"","",deletion,1692,689,1,FALSE
nlgn4a,127,136,10,-,"","",deletion,1693,725,1,FALSE
nlgn4a,127,136,10,-,"","",deletion,1694,725,1,FALSE
nlgn4a,127,136,10,-,"","",deletion,1695,716,1,FALSE
nlgn4a,127,136,10,-,"","",deletion,1696,707,1,FALSE
nlgn4a,127,136,10,-,"","",deletion,1697,725,1,FALSE
nlgn4a,129,132,4,-,"","",deletion,1698,716,1,FALSE
nlgn4a,131,133,3,-,"","",deletion,1699,725,1,FALSE
nlgn4a,134,138,5,-,"","",deletion,1700,716,1,FALSE
nlgn4a,134,138,5,-,"","",deletion,1701,707,1,FALSE
nlgn4a,127,136,10,-,"","",deletion,1702,716,1,FALSE
nlgn4a,129,134,6,-,"","",deletion,1703,716,1,FALSE
nlgn4a,126,134,9,-,"","",deletion,1704,716,1,FALSE
nlgn4a,126,134,9,-,"","",deletion,1705,689,1,FALSE
nlgn4a,126,134,9,-,"","",deletion,1706,725,1,FALSE
nlgn4a,126,134,9,-,"","",deletion,1707,707,1,FALSE
nlgn4a,126,134,9,-,"","",deletion,1708,716,1,FALSE
nlgn4a,126,134,9,-,"","",deletion,1709,707,1,FALSE
nlgn4a,126,134,9,-,"","",deletion,1710,716,1,FALSE
nlgn4a,126,134,9,-,"","",deletion,1711,707,1,FALSE
nlgn4a,126,134,9,-,"","",deletion,1712,725,1,FALSE
nlgn4a,126,134,9,-,"","",deletion,1713,716,1,FALSE
nlgn4a,126,134,9,-,"","",deletion,1714,698,1,FALSE
nlgn4a,126,134,9,-,"","",deletion,1715,716,1,FALSE
nlgn4a,126,134,9,-,"","",deletion,1716,716,1,FALSE
nlgn4a,126,134,9,-,"","",deletion,1717,725,1,FALSE
nlgn4a,126,134,9,-,"","",deletion,1718,707,1,FALSE
nlgn4a,126,134,9,-,"","",deletion,1719,725,1,FALSE
nlgn4a,126,134,9,-,"","",deletion,1720,698,1,FALSE
nlgn4a,126,134,9,-,"","",deletion,1721,716,1,FALSE
nlgn4a,126,134,9,-,"","",deletion,1722,716,1,FALSE
nlgn4a,126,134,9,-,"","",deletion,1723,689,1,FALSE
nlgn4a,126,134,9,-,"","",deletion,1724,689,1,FALSE
nlgn4a,126,134,9,-,"","",deletion,1725,698,1,FALSE
nlgn4a,126,134,9,-,"","",deletion,1726,716,1,FALSE
nlgn4a,126,134,9,-,"","",deletion,1727,716,1,FALSE
nlgn4a,126,134,9,-,"","",deletion,1728,707,1,FALSE
nlgn4a,126,134,9,-,"","",deletion,1729,716,1,FALSE
nlgn4a,126,134,9,-,"","",deletion,1730,707,1,FALSE
nlgn4a,126,134,9,-,"","",deletion,1731,707,1,FALSE
nlgn4a,126,134,9,-,"","",deletion,1732,698,1,FALSE
nlgn4a,126,134,9,-,"","",deletion,1733,716,1,FALSE
nlgn4a,126,134,9,-,"","",deletion,1734,698,1,FALSE
nlgn4a,126,134,9,-,"","",deletion,1735,707,1,FALSE
nlgn4a,126,134,9,-,"","",deletion,1736,716,1,FALSE
nlgn4a,126,134,9,-,"","",deletion,1737,698,1,FALSE
nlgn4a,126,134,9,-,"","",deletion,1738,698,1,FALSE
nlgn4a,126,134,9,-,"","",deletion,1739,689,1,FALSE
nlgn4a,126,134,9,-,"","",deletion,1740,689,1,FALSE
nlgn4a,126,134,9,-,"","",deletion,1741,716,1,FALSE
nlgn4a,126,134,9,-,"","",deletion,1742,716,1,FALSE
nlgn4a,126,134,9,-,"","",deletion,1743,698,1,FALSE
nlgn4a,129,137,9,-,"","",deletion,1744,689,1,FALSE
nlgn4a,126,134,9,-,"","",deletion,1745,707,1,FALSE
nlgn4a,126,134,9,-,"","",deletion,1746,698,1,FALSE
nlgn4a,126,134,9,-,"","",deletion,1747,716,1,FALSE
nlgn4a,126,134,9,-,"","",deletion,1748,707,1,FALSE
nlgn4a,126,134,9,-,"","",deletion,1749,716,1,FALSE
nlgn4a,126,134,9,-,"","",deletion,1750,716,1,FALSE
nlgn4a,126,134,9,-,"","",deletion,1751,680,1,FALSE
nlgn4a,126,134,9,-,"","",deletion,1752,698,1,FALSE
nlgn4a,126,134,9,-,"","",deletion,1753,707,1,FALSE
nlgn4a,126,134,9,-,"","",deletion,1754,698,1,FALSE
nlgn4a,126,134,9,-,"","",deletion,1755,707,1,FALSE
nlgn4a,126,134,9,-,"","",deletion,1756,707,1,FALSE
nlgn4a,126,134,9,-,"","",deletion,1757,707,1,FALSE
nlgn4a,126,134,9,-,"","",deletion,1758,698,1,FALSE
nlgn4a,126,134,9,-,"","",deletion,1759,716,1,FALSE
nlgn4a,126,134,9,-,"","",deletion,1760,716,1,FALSE
nlgn4a,126,134,9,-,"","",deletion,1761,716,1,FALSE
nlgn4a,126,134,9,-,"","",deletion,1762,707,1,FALSE
nlgn4a,126,134,9,-,"","",deletion,1763,707,1,FALSE
nlgn4a,126,134,9,-,"","",deletion,1764,698,1,FALSE
nlgn4a,126,134,9,-,"","",deletion,1765,707,1,FALSE
nlgn4a,126,134,9,-,"","",deletion,1766,716,1,FALSE
nlgn4a,126,134,9,-,"","",deletion,1767,680,1,FALSE
nlgn4a,126,134,9,-,"","",deletion,1768,707,1,FALSE
nlgn4a,126,134,9,-,"","",deletion,1769,716,1,FALSE
nlgn4a,127,135,9,-,"","",deletion,1770,707,1,FALSE
nlgn4a,126,134,9,-,"","",deletion,1771,707,1,FALSE
nlgn4a,126,134,9,-,"","",deletion,1772,716,1,FALSE
nlgn4a,126,134,9,-,"","",deletion,1773,698,1,FALSE
nlgn4a,126,134,9,-,"","",deletion,1774,716,1,FALSE
nlgn4a,126,134,9,-,"","",deletion,1775,716,1,FALSE
nlgn4a,126,134,9,-,"","",deletion,1776,707,1,FALSE
nlgn4a,126,134,9,-,"","",deletion,1777,716,1,FALSE
nlgn4a,126,134,9,-,"","",deletion,1778,716,1,FALSE
nlgn4a,126,134,9,-,"","",deletion,1779,716,1,FALSE
nlgn4a,126,134,9,-,"","",deletion,1780,707,1,FALSE
nlgn4a,126,134,9,-,"","",deletion,1781,698,1,FALSE
nlgn4a,126,134,9,-,"","",deletion,1782,707,1,FALSE
nlgn4a,126,134,9,-,"","",deletion,1783,716,1,FALSE
nlgn4a,126,134,9,-,"","",deletion,1784,698,1,FALSE
nlgn4a,126,134,9,-,"","",deletion,1785,698,1,FALSE
nlgn4a,126,134,9,-,"","",deletion,1786,698,1,FALSE
nlgn4a,126,134,9,-,"","",deletion,1787,707,1,FALSE
nlgn4a,126,134,9,-,"","",deletion,1788,707,1,FALSE
nlgn4a,126,134,9,-,"","",deletion,1789,707,1,FALSE
nlgn4a,126,134,9,-,"","",deletion,1790,707,1,FALSE
nlgn4a,126,134,9,-,"","",deletion,1791,707,1,FALSE
nlgn4a,126,134,9,-,"","",deletion,1792,707,1,FALSE
nlgn4a,126,134,9,-,"","",deletion,1793,716,1,FALSE
nlgn4a,126,134,9,-,"","",deletion,1794,716,1,FALSE
nlgn4a,126,134,9,-,"","",deletion,1795,698,1,FALSE
nlgn4a,126,134,9,-,"","",deletion,1796,716,1,FALSE
nlgn4a,126,134,9,-,"","",deletion,1797,707,1,FALSE
nlgn4a,126,134,9,-,"","",deletion,1798,698,1,FALSE
nlgn4a,126,134,9,-,"","",deletion,1799,707,1,FALSE
nlgn4a,126,134,9,-,"","",deletion,1800,707,1,FALSE
nlgn4a,126,134,9,-,"","",deletion,1801,716,1,FALSE
nlgn4a,126,134,9,-,"","",deletion,1802,707,1,FALSE
nlgn4a,126,134,9,-,"","",deletion,1803,698,1,FALSE
nlgn4a,126,134,9,-,"","",deletion,1804,716,1,FALSE
nlgn4a,126,134,9,-,"","",deletion,1805,707,1,FALSE
nlgn4a,126,134,9,-,"","",deletion,1806,716,1,FALSE
nlgn4a,126,134,9,-,"","",deletion,1807,716,1,FALSE
nlgn4a,126,134,9,-,"","",deletion,1808,707,1,FALSE
nlgn4a,126,134,9,-,"","",deletion,1809,716,1,FALSE
nlgn4a,126,134,9,-,"","",deletion,1810,716,1,FALSE
nlgn4a,126,134,9,-,"","",deletion,1811,716,1,FALSE
nlgn4a,126,134,9,-,"","",deletion,1812,707,1,FALSE
nlgn4a,126,134,9,-,"","",deletion,1813,716,1,FALSE
nlgn4a,126,134,9,-,"","",deletion,1814,716,1,FALSE
nlgn4a,126,134,9,-,"","",deletion,1815,716,1,FALSE
nlgn4a,126,134,9,-,"","",deletion,1816,707,1,FALSE
nlgn4a,126,134,9,-,"","",deletion,1817,707,1,FALSE
nlgn4a,126,134,9,-,"","",deletion,1818,716,1,FALSE
nlgn4a,126,134,9,-,"","",deletion,1819,716,1,FALSE
nlgn4a,126,134,9,-,"","",deletion,1820,716,1,FALSE
nlgn4a,126,134,9,-,"","",deletion,1821,707,1,FALSE
nlgn4a,126,134,9,-,"","",deletion,1822,707,1,FALSE
nlgn4a,126,134,9,-,"","",deletion,1823,707,1,FALSE
nlgn4a,126,134,9,-,"","",deletion,1824,716,1,FALSE
nlgn4a,126,134,9,-,"","",deletion,1825,716,1,FALSE
nlgn4a,126,134,9,-,"","",deletion,1826,716,1,FALSE
nlgn4a,126,134,9,-,"","",deletion,1827,716,1,FALSE
nlgn4a,126,134,9,-,"","",deletion,1828,716,1,FALSE
nlgn4a,126,134,9,-,"","",deletion,1829,707,1,FALSE
nlgn4a,126,134,9,-,"","",deletion,1830,707,1,FALSE
nlgn4a,126,134,9,-,"","",deletion,1831,716,1,FALSE
nlgn4a,126,134,9,-,"","",deletion,1832,716,1,FALSE
nlgn4a,126,134,9,-,"","",deletion,1833,716,1,FALSE
nlgn4a,126,134,9,-,"","",deletion,1834,716,1,FALSE
nlgn4a,126,134,9,-,"","",deletion,1835,716,1,FALSE
nlgn4a,126,134,9,-,"","",deletion,1836,716,1,FALSE
nlgn4a,126,134,9,-,"","",deletion,1837,716,1,FALSE
nlgn4a,126,134,9,-,"","",deletion,1838,716,1,FALSE
nlgn4a,126,134,9,-,"","",deletion,1839,716,1,FALSE
nlgn4a,126,134,9,-,"","",deletion,1840,716,1,FALSE
nlgn4a,126,134,9,-,"","",deletion,1841,716,1,FALSE
nlgn4a,126,134,9,-,"","",deletion,1842,716,1,FALSE
nlgn4a,126,134,9,-,"","",deletion,1843,716,1,FALSE
nlgn4a,126,134,9,-,"","",deletion,1844,716,1,FALSE
nlgn4a,126,134,9,-,"","",deletion,1845,707,1,FALSE
nlgn4a,126,134,9,-,"","",deletion,1846,716,1,FALSE
nlgn4a,126,134,9,-,"","",deletion,1847,716,1,FALSE
nlgn4a,126,134,9,-,"","",deletion,1848,689,1,FALSE
nlgn4a,126,134,9,-,"","",deletion,1849,698,1,FALSE
nlgn4a,126,134,9,-,"","",deletion,1850,716,1,FALSE
nlgn4a,126,134,9,-,"","",deletion,1851,716,1,FALSE
nlgn4a,126,134,9,-,"","",deletion,1852,716,1,FALSE
nlgn4a,126,134,9,-,"","",deletion,1853,707,1,FALSE
nlgn4a,126,134,9,-,"","",deletion,1854,716,1,FALSE
nlgn4a,125,133,9,-,"","",deletion,1855,725,1,FALSE
nlgn4a,127,135,9,-,"","",deletion,1856,716,1,FALSE
nlgn4a,129,137,9,-,"","",deletion,1857,707,1,FALSE
nlgn4a,129,137,9,-,"","",deletion,1858,707,1,FALSE
nlgn4a,129,137,9,-,"","",deletion,1859,716,1,FALSE
nlgn4a,129,137,9,-,"","",deletion,1860,707,1,FALSE
nlgn4a,126,134,9,-,"","",deletion,1861,716,1,FALSE
nlgn4a,126,134,9,-,"","",deletion,1862,707,1,FALSE
nlgn4a,126,134,9,-,"","",deletion,1863,707,1,FALSE
nlgn4a,126,134,9,-,"","",deletion,1864,716,1,FALSE
nlgn4a,126,134,9,-,"","",deletion,1865,707,1,FALSE
nlgn4a,126,134,9,-,"","",deletion,1866,716,1,FALSE
nlgn4a,126,134,9,-,"","",deletion,1867,716,1,FALSE
nlgn4a,126,134,9,-,"","",deletion,1868,716,1,FALSE
nlgn4a,126,134,9,-,"","",deletion,1869,707,1,FALSE
nlgn4a,126,134,9,-,"","",deletion,1870,716,1,FALSE
nlgn4a,126,134,9,-,"","",deletion,1871,707,1,FALSE
nlgn4a,126,134,9,-,"","",deletion,1872,707,1,FALSE
nlgn4a,126,134,9,-,"","",deletion,1873,716,1,FALSE
nlgn4a,126,134,9,-,"","",deletion,1874,716,1,FALSE
nlgn4a,126,134,9,-,"","",deletion,1875,716,1,FALSE
nlgn4a,125,133,9,-,"","",deletion,1876,716,1,FALSE
nlgn4a,126,134,9,-,"","",deletion,1877,716,1,FALSE
nlgn4a,126,134,9,-,"","",deletion,1878,707,1,FALSE
nlgn4a,126,134,9,-,"","",deletion,1879,716,1,FALSE
nlgn4a,126,134,9,-,"","",deletion,1880,716,1,FALSE
nlgn4a,126,134,9,-,"","",deletion,1881,716,1,FALSE
nlgn4a,126,134,9,-,"","",deletion,1882,707,1,FALSE
nlgn4a,126,134,9,-,"","",deletion,1883,707,1,FALSE
nlgn4a,126,134,9,-,"","",deletion,1884,716,1,FALSE
nlgn4a,126,134,9,-,"","",deletion,1885,707,1,FALSE
nlgn4a,126,134,9,-,"","",deletion,1886,707,1,FALSE
nlgn4a,126,134,9,-,"","",deletion,1887,716,1,FALSE
nlgn4a,126,134,9,-,"","",deletion,1888,707,1,FALSE
nlgn4a,126,134,9,-,"","",deletion,1889,716,1,FALSE
nlgn4a,126,134,9,-,"","",deletion,1890,707,1,FALSE
nlgn4a,126,134,9,-,"","",deletion,1891,716,1,FALSE
nlgn4a,126,134,9,-,"","",deletion,1892,707,1,FALSE
nlgn4a,126,134,9,-,"","",deletion,1893,698,1,FALSE
nlgn4a,126,134,9,-,"","",deletion,1894,698,1,FALSE
nlgn4a,126,134,9,-,"","",deletion,1895,689,1,FALSE
nlgn4a,126,134,9,-,"","",deletion,1896,716,1,FALSE
nlgn4a,126,134,9,-,"","",deletion,1897,716,1,FALSE
nlgn4a,126,134,9,-,"","",deletion,1898,707,1,FALSE
nlgn4a,126,134,9,-,"","",deletion,1899,716,1,FALSE
nlgn4a,126,134,9,-,"","",deletion,1900,707,1,FALSE
nlgn4a,126,134,9,-,"","",deletion,1901,716,1,FALSE
nlgn4a,126,134,9,-,"","",deletion,1902,716,1,FALSE
nlgn4a,126,134,9,-,"","",deletion,1903,707,1,FALSE
nlgn4a,126,134,9,-,"","",deletion,1904,716,1,FALSE
nlgn4a,126,134,9,-,"","",deletion,1905,698,1,FALSE
nlgn4a,126,134,9,-,"","",deletion,1906,698,1,FALSE
nlgn4a,126,134,9,-,"","",deletion,1907,707,1,FALSE
nlgn4a,126,134,9,-,"","",deletion,1908,716,1,FALSE
nlgn4a,126,134,9,-,"","",deletion,1909,716,1,FALSE
nlgn4a,126,134,9,-,"","",deletion,1910,707,1,FALSE
nlgn4a,126,134,9,-,"","",deletion,1911,716,1,FALSE
nlgn4a,126,134,9,-,"","",deletion,1912,689,1,FALSE
nlgn4a,126,134,9,-,"","",deletion,1913,680,1,FALSE
nlgn4a,126,134,9,-,"","",deletion,1914,716,1,FALSE
nlgn4a,126,134,9,-,"","",deletion,1915,716,1,FALSE
nlgn4a,126,134,9,-,"","",deletion,1916,698,1,FALSE
nlgn4a,126,134,9,-,"","",deletion,1917,689,1,FALSE
nlgn4a,126,134,9,-,"","",deletion,1918,689,1,FALSE
nlgn4a,126,134,9,-,"","",deletion,1919,707,1,FALSE
nlgn4a,126,134,9,-,"","",deletion,1920,716,1,FALSE
nlgn4a,126,134,9,-,"","",deletion,1921,716,1,FALSE
nlgn4a,126,134,9,-,"","",deletion,1922,716,1,FALSE
nlgn4a,126,134,9,-,"","",deletion,1923,707,1,FALSE
nlgn4a,126,134,9,-,"","",deletion,1924,698,1,FALSE
nlgn4a,126,134,9,-,"","",deletion,1925,716,1,FALSE
nlgn4a,126,134,9,-,"","",deletion,1926,689,1,FALSE
nlgn4a,126,134,9,-,"","",deletion,1927,707,1,FALSE
nlgn4a,126,134,9,-,"","",deletion,1928,698,1,FALSE
nlgn4a,126,134,9,-,"","",deletion,1929,716,1,FALSE
nlgn4a,126,134,9,-,"","",deletion,1930,707,1,FALSE
nlgn4a,126,134,9,-,"","",deletion,1931,689,1,FALSE
nlgn4a,126,134,9,-,"","",deletion,1932,716,1,FALSE
nlgn4a,126,134,9,-,"","",deletion,1933,707,1,FALSE
nlgn4a,126,134,9,-,"","",deletion,1934,707,1,FALSE
nlgn4a,126,134,9,-,"","",deletion,1935,707,1,FALSE
nlgn4a,126,134,9,-,"","",deletion,1936,698,1,FALSE
nlgn4a,126,134,9,-,"","",deletion,1937,716,1,FALSE
nlgn4a,126,134,9,-,"","",deletion,1938,698,1,FALSE
nlgn4a,126,134,9,-,"","",deletion,1939,707,1,FALSE
nlgn4a,126,134,9,-,"","",deletion,1940,716,1,FALSE
nlgn4a,126,134,9,-,"","",deletion,1941,716,1,FALSE
nlgn4a,126,134,9,-,"","",deletion,1942,698,1,FALSE
nlgn4a,126,134,9,-,"","",deletion,1943,707,1,FALSE
nlgn4a,126,134,9,-,"","",deletion,1944,707,1,FALSE
nlgn4a,126,134,9,-,"","",deletion,1945,716,1,FALSE
nlgn4a,129,137,9,-,"","",deletion,1946,680,1,FALSE
nlgn4a,126,134,9,-,"","",deletion,1947,689,1,FALSE
nlgn4a,126,134,9,-,"","",deletion,1948,689,1,FALSE
nlgn4a,126,134,9,-,"","",deletion,1949,716,1,FALSE
nlgn4a,126,134,9,-,"","",deletion,1950,716,1,FALSE
nlgn4a,126,134,9,-,"","",deletion,1951,698,1,FALSE
nlgn4a,126,134,9,-,"","",deletion,1952,716,1,FALSE
nlgn4a,126,134,9,-,"","",deletion,1953,698,1,FALSE
nlgn4a,126,134,9,-,"","",deletion,1954,716,1,FALSE
nlgn4a,126,134,9,-,"","",deletion,1955,698,1,FALSE
nlgn4a,126,134,9,-,"","",deletion,1956,716,1,FALSE
nlgn4a,126,134,9,-,"","",deletion,1957,698,1,FALSE
nlgn4a,126,134,9,-,"","",deletion,1958,689,1,FALSE
nlgn4a,126,134,9,-,"","",deletion,1959,698,1,FALSE
nlgn4a,126,134,9,-,"","",deletion,1960,707,1,FALSE
nlgn4a,126,134,9,-,"","",deletion,1961,716,1,FALSE
nlgn4a,126,134,9,-,"","",deletion,1962,707,1,FALSE
nlgn4a,126,134,9,-,"","",deletion,1963,725,1,FALSE
nlgn4a,126,134,9,-,"","",deletion,1964,716,1,FALSE
nlgn4a,126,134,9,-,"","",deletion,1965,725,1,FALSE
nlgn4a,126,134,9,-,"","",deletion,1966,725,1,FALSE
nlgn4a,126,134,9,-,"","",deletion,1967,725,1,FALSE
nlgn4a,126,134,9,-,"","",deletion,1968,716,1,FALSE
nlgn4a,126,134,9,-,"","",deletion,1969,716,1,FALSE
nlgn4a,126,134,9,-,"","",deletion,1970,716,1,FALSE
nlgn4a,126,134,9,-,"","",deletion,1971,716,1,FALSE
nlgn4a,126,134,9,-,"","",deletion,1972,707,1,FALSE
nlgn4a,126,134,9,-,"","",deletion,1973,707,1,FALSE
nlgn4a,125,133,9,-,"","",deletion,1974,716,1,FALSE
nlgn4a,126,134,9,-,"","",deletion,1975,698,1,FALSE
nlgn4a,126,134,9,-,"","",deletion,1976,716,1,FALSE
nlgn4a,126,134,9,-,"","",deletion,1977,716,1,FALSE
nlgn4a,126,134,9,-,"","",deletion,1978,689,1,FALSE
nlgn4a,126,134,9,-,"","",deletion,1979,716,1,FALSE
nlgn4a,126,134,9,-,"","",deletion,1980,698,1,FALSE
nlgn4a,126,134,9,-,"","",deletion,1981,725,1,FALSE
nlgn4a,126,134,9,-,"","",deletion,1982,725,1,FALSE
nlgn4a,126,134,9,-,"","",deletion,1983,707,1,FALSE
nlgn4a,126,134,9,-,"","",deletion,1984,716,1,FALSE
nlgn4a,129,129,1,-,"","",deletion,1985,716,1,FALSE
nlgn4a,131,133,3,-,"","",deletion,1986,716,1,FALSE
nlgn4a,134,138,5,-,"","",deletion,1987,707,1,FALSE
nlgn4a,127,136,10,-,"","",deletion,1988,707,1,FALSE
nlgn4a,126,134,9,-,"","",deletion,1989,716,1,FALSE
nlgn4a,131,133,3,-,"","",deletion,1990,725,1,FALSE
nlgn4a,131,133,3,-,"","",deletion,1991,716,1,FALSE
nlgn4a,134,138,5,-,"","",deletion,1993,716,1,FALSE
nlgn4a,126,134,9,-,"","",deletion,1994,716,1,FALSE
nlgn4a,127,136,10,-,"","",deletion,1995,716,1,FALSE
nlgn4a,126,134,9,-,"","",deletion,1996,698,1,FALSE
nlgn4a,129,132,4,-,"","",deletion,1997,707,1,FALSE
nlgn4a,129,132,4,-,"","",deletion,1998,716,1,FALSE
nlgn4a,127,136,10,-,"","",deletion,1999,716,1,FALSE
nlgn4a,126,134,9,-,"","",deletion,2000,716,1,FALSE
nlgn4a,131,133,3,-,"","",deletion,2001,707,1,FALSE
nlgn4a,129,134,6,-,"","",deletion,2002,725,1,FALSE
nlgn4a,127,136,10,-,"","",deletion,2003,716,1,FALSE
nlgn4a,127,136,10,-,"","",deletion,2004,725,1,FALSE
nlgn4a,126,134,9,-,"","",deletion,2006,698,1,FALSE
nlgn4a,126,134,9,-,"","",deletion,2007,698,1,FALSE
nlgn4a,126,134,9,-,"","",deletion,2008,725,1,FALSE
nlgn4a,126,134,9,-,"","",deletion,2009,698,1,FALSE
nlgn4a,131,133,3,-,"","",deletion,2010,707,1,FALSE
nlgn4a,134,142,9,-,"","",deletion,2011,725,1,FALSE
nlgn4a,127,136,10,-,"","",deletion,2012,707,1,FALSE
nlgn4a,127,136,10,-,"","",deletion,2013,716,1,FALSE
nlgn4a,127,136,10,-,"","",deletion,2014,716,1,FALSE
nlgn4a,126,134,9,-,"","",deletion,2015,716,1,FALSE
nlgn4a,129,132,4,-,"","",deletion,2016,716,1,FALSE
nlgn4a,131,133,3,-,"","",deletion,2017,716,1,FALSE
nlgn4a,127,136,10,-,"","",deletion,2018,716,1,FALSE
nlgn4a,127,136,10,-,"","",deletion,2019,725,1,FALSE
nlgn4a,131,133,3,-,"","",deletion,2021,716,1,FALSE
nlgn4a,129,134,6,-,"","",deletion,2024,725,1,FALSE
nlgn4a,127,136,10,-,"","",deletion,2025,716,1,FALSE
nlgn4a,127,136,10,-,"","",deletion,2026,707,1,FALSE
nlgn4a,126,134,9,-,"","",deletion,2027,716,1,FALSE
nlgn4a,127,136,10,-,"","",deletion,2028,698,1,FALSE
nlgn4a,134,142,9,-,"","",deletion,2029,716,1,FALSE
nlgn4a,131,133,3,-,"","",deletion,2030,716,1,FALSE
nlgn4a,126,134,9,-,"","",deletion,2032,716,1,FALSE
nlgn4a,131,133,3,-,"","",deletion,2033,725,1,FALSE
nlgn4a,134,142,9,-,"","",deletion,2034,725,1,FALSE
nlgn4a,127,136,10,-,"","",deletion,2035,698,1,FALSE
nlgn4a,131,133,3,-,"","",deletion,2036,716,1,FALSE
nlgn4a,126,134,9,-,"","",deletion,2037,725,1,FALSE
nlgn4a,126,134,9,-,"","",deletion,2038,716,1,FALSE
nlgn4a,129,132,4,-,"","",deletion,2039,716,1,FALSE
nlgn4a,127,136,10,-,"","",deletion,2040,716,1,FALSE
nlgn4a,129,132,4,-,"","",deletion,2041,725,1,FALSE
nlgn4a,127,136,10,-,"","",deletion,2042,725,1,FALSE
nlgn4a,126,134,9,-,"","",deletion,2043,698,1,FALSE
nlgn4a,134,142,9,-,"","",deletion,2044,725,1,FALSE
nlgn4a,126,134,9,-,"","",deletion,2045,707,1,FALSE
nlgn4a,126,134,9,-,"","",deletion,2046,725,1,FALSE
nlgn4a,129,132,4,-,"","",deletion,2047,707,1,FALSE
nlgn4a,134,142,9,-,"","",deletion,2049,707,1,FALSE
nlgn4a,127,136,10,-,"","",deletion,2050,725,1,FALSE
nlgn4a,126,134,9,-,"","",deletion,2051,725,1,FALSE
nlgn4a,131,133,3,-,"","",deletion,2052,698,1,FALSE
nlgn4a,127,136,10,-,"","",deletion,2054,707,1,FALSE
nlgn4a,131,133,3,-,"","",deletion,2055,698,1,FALSE
nlgn4a,126,134,9,-,"","",deletion,2056,725,1,FALSE
nlgn4a,129,132,4,-,"","",deletion,2058,707,1,FALSE
nlgn4a,127,136,10,-,"","",deletion,2059,716,1,FALSE
nlgn4a,134,142,9,-,"","",deletion,2060,725,1,FALSE
nlgn4a,127,136,10,-,"","",deletion,2061,725,1,FALSE
nlgn4a,126,134,9,-,"","",deletion,2062,707,1,FALSE
nlgn4a,129,129,1,-,"","",deletion,2064,707,1,FALSE
nlgn4a,131,133,3,-,"","",deletion,2065,716,1,FALSE
nlgn4a,129,134,6,-,"","",deletion,2067,716,1,FALSE
nlgn4a,134,138,5,-,"","",deletion,2068,716,1,FALSE
nlgn4a,134,142,9,-,"","",deletion,2069,725,1,FALSE
nlgn4a,126,134,9,-,"","",deletion,2070,716,1,FALSE
nlgn4a,131,133,3,-,"","",deletion,2071,716,1,FALSE
nlgn4a,134,142,9,-,"","",deletion,2073,716,1,FALSE
nlgn4a,131,133,3,-,"","",deletion,2075,707,1,FALSE
nlgn4a,134,142,9,-,"","",deletion,2076,707,1,FALSE
nlgn4a,126,134,9,-,"","",deletion,2079,725,1,FALSE
nlgn4a,131,133,3,-,"","",deletion,2081,707,1,FALSE
nlgn4a,127,136,10,-,"","",deletion,2083,716,1,FALSE
nlgn4a,126,134,9,-,"","",deletion,2085,725,1,FALSE
nlgn4a,129,132,4,-,"","",deletion,2086,707,1,FALSE
nlgn4a,134,138,5,-,"","",deletion,2087,707,1,FALSE
nlgn4a,129,134,6,-,"","",deletion,2088,725,1,FALSE
nlgn4a,131,133,3,-,"","",deletion,2089,725,1,FALSE
nlgn4a,127,136,10,-,"","",deletion,2090,725,1,FALSE
nlgn4a,127,136,10,-,"","",deletion,2091,716,1,FALSE
nlgn4a,126,134,9,-,"","",deletion,2092,716,1,FALSE
nlgn4a,129,129,1,-,"","",deletion,2093,707,1,FALSE
nlgn4a,131,133,3,-,"","",deletion,2094,725,1,FALSE
nlgn4a,134,142,9,-,"","",deletion,2095,698,1,FALSE
nlgn4a,127,136,10,-,"","",deletion,2096,716,1,FALSE
nlgn4a,129,132,4,-,"","",deletion,2097,716,1,FALSE
nlgn4a,129,129,1,-,"","",deletion,2098,725,1,FALSE
nlgn4a,129,134,6,-,"","",deletion,2100,716,1,FALSE
nlgn4a,127,136,10,-,"","",deletion,2101,707,1,FALSE
nlgn4a,131,133,3,-,"","",deletion,2102,716,1,FALSE
nlgn4a,127,136,10,-,"","",deletion,2104,725,1,FALSE
nlgn4a,126,134,9,-,"","",deletion,2105,725,1,FALSE
nlgn4a,126,134,9,-,"","",deletion,2109,707,1,FALSE
nlgn4a,129,132,4,-,"","",deletion,2110,725,1,FALSE
nlgn4a,126,134,9,-,"","",deletion,2111,707,1,FALSE
nlgn4a,134,138,5,-,"","",deletion,2112,716,1,FALSE
nlgn4a,126,134,9,-,"","",deletion,2113,707,1,FALSE
nlgn4a,127,136,10,-,"","",deletion,2114,716,1,FALSE
nlgn4a,126,134,9,-,"","",deletion,2115,725,1,FALSE
nlgn4a,129,132,4,-,"","",deletion,2116,707,1,FALSE
nlgn4a,134,142,9,-,"","",deletion,2117,716,1,FALSE
nlgn4a,126,134,9,-,"","",deletion,2118,725,1,FALSE
nlgn4a,131,133,3,-,"","",deletion,2119,716,1,FALSE
nlgn4a,129,129,1,-,"","",deletion,2120,707,1,FALSE
nlgn4a,134,138,5,-,"","",deletion,2123,716,1,FALSE
nlgn4a,134,138,5,-,"","",deletion,2124,707,1,FALSE
nlgn4a,127,136,10,-,"","",deletion,2125,716,1,FALSE
nlgn4a,129,132,4,-,"","",deletion,2126,707,1,FALSE
nlgn4a,131,133,3,-,"","",deletion,2127,707,1,FALSE
nlgn4a,134,142,9,-,"","",deletion,2128,707,1,FALSE
nlgn4a,126,134,9,-,"","",deletion,2129,707,1,FALSE
nlgn4a,129,129,1,-,"","",deletion,2130,725,1,FALSE
nlgn4a,129,132,4,-,"","",deletion,2131,725,1,FALSE
nlgn4a,129,129,1,-,"","",deletion,2132,707,1,FALSE
nlgn4a,129,129,1,-,"","",deletion,2133,707,1,FALSE
nlgn4a,126,134,9,-,"","",deletion,2134,698,1,FALSE
nlgn4a,134,138,5,-,"","",deletion,2135,725,1,FALSE
nlgn4a,127,136,10,-,"","",deletion,2137,707,1,FALSE
nlgn4a,127,136,10,-,"","",deletion,2138,725,1,FALSE
nlgn4a,127,136,10,-,"","",deletion,2139,707,1,FALSE
nlgn4a,129,132,4,-,"","",deletion,2140,716,1,FALSE
nlgn4a,127,136,10,-,"","",deletion,2141,716,1,FALSE
nlgn4a,127,136,10,-,"","",deletion,2142,707,1,FALSE
nlgn4a,127,136,10,-,"","",deletion,2144,698,1,FALSE
nlgn4a,127,136,10,-,"","",deletion,2145,716,1,FALSE
nlgn4a,131,133,3,-,"","",deletion,2146,725,1,FALSE
nlgn4a,129,129,1,-,"","",deletion,2147,716,1,FALSE
nlgn4a,126,134,9,-,"","",deletion,2149,725,1,FALSE
nlgn4a,134,142,9,-,"","",deletion,2150,716,1,FALSE
nlgn4a,127,136,10,-,"","",deletion,2152,707,1,FALSE
nlgn4a,126,134,9,-,"","",deletion,2153,716,1,FALSE
nlgn4a,131,133,3,-,"","",deletion,2154,716,1,FALSE
nlgn4a,129,129,1,-,"","",deletion,2156,707,1,FALSE
nlgn4a,127,136,10,-,"","",deletion,2157,698,1,FALSE
nlgn4a,135,143,9,-,"","",deletion,2159,707,1,FALSE
nlgn4a,127,136,10,-,"","",deletion,2160,716,1,FALSE
nlgn4a,127,136,10,-,"","",deletion,2161,707,1,FALSE
nlgn4a,126,134,9,-,"","",deletion,2162,707,1,FALSE
nlgn4a,129,132,4,-,"","",deletion,2163,707,1,FALSE
nlgn4a,129,134,6,-,"","",deletion,2164,725,1,FALSE
nlgn4a,127,136,10,-,"","",deletion,2165,716,1,FALSE
nlgn4a,126,134,9,-,"","",deletion,2166,707,1,FALSE
nlgn4a,127,136,10,-,"","",deletion,2167,725,1,FALSE
nlgn4a,131,133,3,-,"","",deletion,2168,725,1,FALSE
nlgn4a,134,142,9,-,"","",deletion,2171,716,1,FALSE
nlgn4a,131,133,3,-,"","",deletion,2172,725,1,FALSE
nlgn4a,134,138,5,-,"","",deletion,2173,716,1,FALSE
nlgn4a,129,132,4,-,"","",deletion,2174,716,1,FALSE
nlgn4a,126,134,9,-,"","",deletion,2175,716,1,FALSE
nlgn4a,129,132,4,-,"","",deletion,2176,698,1,FALSE
nlgn4a,131,133,3,-,"","",deletion,2177,689,1,FALSE
nlgn4a,126,134,9,-,"","",deletion,2178,698,1,FALSE
nlgn4a,134,138,5,-,"","",deletion,2179,716,1,FALSE
nlgn4a,127,136,10,-,"","",deletion,2180,698,1,FALSE
nlgn4a,126,134,9,-,"","",deletion,2182,698,1,FALSE
nlgn4a,131,133,3,-,"","",deletion,2183,707,1,FALSE
nlgn4a,129,129,1,-,"","",deletion,2185,716,1,FALSE
nlgn4a,134,142,9,-,"","",deletion,2186,698,1,FALSE
nlgn4a,127,136,10,-,"","",deletion,2187,725,1,FALSE
nlgn4a,129,129,1,-,"","",deletion,2188,698,1,FALSE
nlgn4a,126,134,9,-,"","",deletion,2189,716,1,FALSE
nlgn4a,126,134,9,-,"","",deletion,2190,716,1,FALSE
nlgn4a,129,134,6,-,"","",deletion,2192,698,1,FALSE
nlgn4a,131,133,3,-,"","",deletion,2194,707,1,FALSE
nlgn4a,126,134,9,-,"","",deletion,2195,725,1,FALSE
nlgn4a,127,136,10,-,"","",deletion,2197,725,1,FALSE
nlgn4a,131,133,3,-,"","",deletion,2198,707,1,FALSE
nlgn4a,131,133,3,-,"","",deletion,2199,725,1,FALSE
nlgn4a,131,133,3,-,"","",deletion,2200,716,1,FALSE
nlgn4a,131,135,5,-,"","",deletion,2201,716,1,FALSE
nlgn4a,129,129,1,-,"","",deletion,2202,689,1,FALSE
nlgn4a,134,138,5,-,"","",deletion,2203,725,1,FALSE
nlgn4a,131,133,3,-,"","",deletion,2204,725,1,FALSE
nlgn4a,126,134,9,-,"","",deletion,2205,716,1,FALSE
nlgn4a,134,142,9,-,"","",deletion,2207,698,1,FALSE
nlgn4a,131,133,3,-,"","",deletion,2208,707,1,FALSE
nlgn4a,131,133,3,-,"","",deletion,2209,725,1,FALSE
nlgn4a,131,133,3,-,"","",deletion,2210,716,1,FALSE
nlgn4a,134,142,9,-,"","",deletion,2211,716,1,FALSE
nlgn4a,127,136,10,-,"","",deletion,2212,716,1,FALSE
nlgn4a,131,133,3,-,"","",deletion,2213,707,1,FALSE
nlgn4a,134,142,9,-,"","",deletion,2214,707,1,FALSE
nlgn4a,127,136,10,-,"","",deletion,2215,725,1,FALSE
nlgn4a,127,136,10,-,"","",deletion,2216,707,1,FALSE
nlgn4a,129,132,4,-,"","",deletion,2217,725,1,FALSE
nlgn4a,134,138,5,-,"","",deletion,2218,716,1,FALSE
nlgn4a,131,133,3,-,"","",deletion,2219,698,1,FALSE
nlgn4a,127,136,10,-,"","",deletion,2220,716,1,FALSE
nlgn4a,127,136,10,-,"","",deletion,2221,707,1,FALSE
nlgn4a,129,129,1,-,"","",deletion,2222,725,1,FALSE
nlgn4a,134,142,9,-,"","",deletion,2223,707,1,FALSE
nlgn4a,129,134,6,-,"","",deletion,2224,698,1,FALSE
nlgn4a,131,133,3,-,"","",deletion,2225,707,1,FALSE
nlgn4a,131,133,3,-,"","",deletion,2226,716,1,FALSE
nlgn4a,129,132,4,-,"","",deletion,2227,707,1,FALSE
nlgn4a,131,133,3,-,"","",deletion,2228,698,1,FALSE
nlgn4a,134,142,9,-,"","",deletion,2229,716,1,FALSE
nlgn4a,131,133,3,-,"","",deletion,2231,716,1,FALSE
nlgn4a,131,133,3,-,"","",deletion,2232,725,1,FALSE
nlgn4a,131,133,3,-,"","",deletion,2233,716,1,FALSE
nlgn4a,127,136,10,-,"","",deletion,2234,716,1,FALSE
nlgn4a,131,133,3,-,"","",deletion,2235,725,1,FALSE
nlgn4a,126,134,9,-,"","",deletion,2237,698,1,FALSE
nlgn4a,126,134,9,-,"","",deletion,2238,680,1,FALSE
nlgn4a,129,132,4,-,"","",deletion,2239,725,1,FALSE
nlgn4a,131,133,3,-,"","",deletion,2240,725,1,FALSE
nlgn4a,131,133,3,-,"","",deletion,2241,716,1,FALSE
nlgn4a,134,142,9,-,"","",deletion,2242,689,1,FALSE
nlgn4a,184,184,1,-,A,T,mismatch,16,716,3,FALSE
nlgn4a,126,126,1,-,G,T,mismatch,17,716,3,FALSE
nlgn4a,155,155,1,-,T,A,mismatch,18,716,3,FALSE
nlgn4a,122,122,1,-,G,T,mismatch,19,716,3,FALSE
nlgn4a,99,99,1,-,C,G,mismatch,20,716,3,FALSE
nlgn4a,97,97,1,-,C,G,mismatch,21,716,3,FALSE
nlgn4a,115,115,1,-,G,A,mismatch,22,716,3,FALSE
nlgn4a,101,101,1,-,A,C,mismatch,23,716,3,FALSE
nlgn4a,94,94,1,-,C,A,mismatch,24,716,3,FALSE
nlgn4a,97,97,1,-,C,A,mismatch,25,716,3,FALSE
nlgn4a,195,195,1,-,A,C,mismatch,27,716,2,FALSE
nlgn4a,117,117,1,-,A,C,mismatch,28,716,2,FALSE
nlgn4a,100,100,1,-,T,G,mismatch,29,716,2,FALSE
nlgn4a,110,110,1,-,T,A,mismatch,30,716,2,FALSE
nlgn4a,138,138,1,-,C,A,mismatch,31,716,2,FALSE
nlgn4a,211,211,1,-,C,A,mismatch,32,716,2,FALSE
nlgn4a,117,117,1,-,A,G,mismatch,33,716,2,FALSE
nlgn4a,105,105,1,-,C,G,mismatch,34,716,2,FALSE
nlgn4a,105,105,1,-,C,T,mismatch,36,711,2,FALSE
nlgn4a,204,204,1,-,A,T,mismatch,38,716,2,FALSE
nlgn4a,179,179,1,-,A,C,mismatch,39,716,2,FALSE
nlgn4a,164,164,1,-,C,G,mismatch,40,716,2,FALSE
nlgn4a,162,162,1,-,C,T,mismatch,41,716,2,FALSE
nlgn4a,153,153,1,-,G,T,mismatch,42,716,2,FALSE
nlgn4a,117,117,1,-,A,G,mismatch,43,716,2,FALSE
nlgn4a,104,104,1,-,C,T,mismatch,44,716,2,FALSE
nlgn4a,106,106,1,-,T,G,mismatch,45,716,2,FALSE
nlgn4a,109,109,1,-,T,C,mismatch,46,716,2,FALSE
nlgn4a,187,187,1,-,G,A,mismatch,47,716,2,FALSE
nlgn4a,122,122,1,-,G,T,mismatch,49,716,2,FALSE
nlgn4a,117,117,1,-,A,T,mismatch,50,716,2,FALSE
nlgn4a,133,133,1,-,C,A,mismatch,51,716,2,FALSE
nlgn4a,115,115,1,-,G,T,mismatch,53,741,2,FALSE
nlgn4a,105,105,1,-,C,A,mismatch,54,741,2,FALSE
nlgn4a,107,107,1,-,T,C,mismatch,55,741,2,FALSE
nlgn4a,109,109,1,-,T,A,mismatch,56,741,2,FALSE
nlgn4a,152,152,1,-,G,C,mismatch,57,741,2,FALSE
nlgn4a,100,100,1,-,T,A,mismatch,58,716,2,FALSE
nlgn4a,128,128,1,-,G,C,mismatch,59,716,2,FALSE
nlgn4a,146,146,1,-,T,C,mismatch,60,716,2,FALSE
nlgn4a,184,184,1,-,A,T,mismatch,61,716,2,FALSE
nlgn4a,165,165,1,-,C,T,mismatch,62,716,2,FALSE
nlgn4a,160,160,1,-,A,G,mismatch,63,716,2,FALSE
nlgn4a,157,157,1,-,A,C,mismatch,65,716,2,FALSE
nlgn4a,117,117,1,-,A,G,mismatch,66,716,2,FALSE
nlgn4a,112,112,1,-,C,G,mismatch,67,716,2,FALSE
nlgn4a,99,99,1,-,C,T,mismatch,68,716,2,FALSE
nlgn4a,94,94,1,-,C,A,mismatch,69,716,2,FALSE
nlgn4a,95,95,1,-,T,A,mismatch,70,716,2,FALSE
nlgn4a,103,103,1,-,G,A,mismatch,71,716,2,FALSE
nlgn4a,106,106,1,-,T,G,mismatch,72,716,2,FALSE
nlgn4a,115,115,1,-,G,C,mismatch,73,716,2,FALSE
nlgn4a,121,121,1,-,T,G,mismatch,74,716,2,FALSE
nlgn4a,139,139,1,-,T,C,mismatch,75,716,2,FALSE
nlgn4a,140,140,1,-,G,A,mismatch,76,716,2,FALSE
nlgn4a,142,142,1,-,C,A,mismatch,77,716,2,FALSE
nlgn4a,148,148,1,-,C,A,mismatch,78,716,2,FALSE
nlgn4a,158,158,1,-,G,C,mismatch,79,716,2,FALSE
nlgn4a,221,221,1,-,T,C,mismatch,80,716,2,FALSE
nlgn4a,209,209,1,-,A,C,mismatch,84,716,2,FALSE
nlgn4a,164,164,1,-,C,G,mismatch,85,716,2,FALSE
nlgn4a,157,157,1,-,A,T,mismatch,86,716,2,FALSE
nlgn4a,149,149,1,-,A,T,mismatch,87,716,2,FALSE
nlgn4a,117,117,1,-,A,T,mismatch,88,716,2,FALSE
nlgn4a,105,105,1,-,C,G,mismatch,89,716,2,FALSE
nlgn4a,101,101,1,-,A,T,mismatch,90,716,2,FALSE
nlgn4a,99,99,1,-,C,A,mismatch,91,716,2,FALSE
nlgn4a,106,106,1,-,T,C,mismatch,92,716,2,FALSE
nlgn4a,110,110,1,-,T,G,mismatch,93,716,2,FALSE
nlgn4a,114,114,1,-,T,G,mismatch,94,716,2,FALSE
nlgn4a,155,155,1,-,T,C,mismatch,95,716,2,FALSE
nlgn4a,158,158,1,-,G,C,mismatch,96,716,2,FALSE
nlgn4a,191,191,1,-,G,C,mismatch,97,716,2,FALSE
nlgn4a,198,198,1,-,G,C,mismatch,98,716,2,FALSE
nlgn4a,199,199,1,-,G,A,mismatch,99,716,2,FALSE
nlgn4a,123,123,1,-,C,G,mismatch,101,707,1,FALSE
nlgn4a,197,197,1,-,A,C,mismatch,101,707,1,FALSE
nlgn4a,120,120,1,-,G,T,mismatch,102,716,1,FALSE
nlgn4a,97,97,1,-,C,G,mismatch,103,707,1,FALSE
nlgn4a,112,112,1,-,C,G,mismatch,103,707,1,FALSE
nlgn4a,114,114,1,-,T,C,mismatch,104,698,1,FALSE
nlgn4a,128,128,1,-,G,T,mismatch,104,698,1,FALSE
nlgn4a,117,117,1,-,A,C,mismatch,105,716,1,FALSE
nlgn4a,158,158,1,-,G,A,mismatch,108,707,1,FALSE
nlgn4a,161,161,1,-,G,A,mismatch,108,707,1,FALSE
nlgn4a,169,169,1,-,T,G,mismatch,109,716,1,FALSE
nlgn4a,139,139,1,-,T,A,mismatch,111,693,1,FALSE
nlgn4a,154,154,1,-,C,G,mismatch,111,693,1,FALSE
nlgn4a,172,172,1,-,T,A,mismatch,111,693,1,FALSE
nlgn4a,120,120,1,-,G,C,mismatch,112,707,1,FALSE
nlgn4a,152,152,1,-,G,C,mismatch,112,707,1,FALSE
nlgn4a,110,110,1,-,T,G,mismatch,113,716,1,FALSE
nlgn4a,163,163,1,-,A,C,mismatch,114,707,1,FALSE
nlgn4a,194,194,1,-,A,T,mismatch,114,707,1,FALSE
nlgn4a,171,171,1,-,G,A,mismatch,115,741,1,FALSE
nlgn4a,157,157,1,-,A,G,mismatch,116,732,1,FALSE
nlgn4a,222,222,1,-,G,T,mismatch,116,732,1,FALSE
nlgn4a,170,170,1,-,T,G,mismatch,117,716,1,FALSE
nlgn4a,150,150,1,-,T,C,mismatch,118,707,1,FALSE
nlgn4a,158,158,1,-,G,T,mismatch,118,707,1,FALSE
nlgn4a,120,120,1,-,G,C,mismatch,121,716,1,FALSE
nlgn4a,104,104,1,-,C,T,mismatch,122,707,1,FALSE
nlgn4a,116,116,1,-,G,A,mismatch,122,707,1,FALSE
nlgn4a,179,179,1,-,A,T,mismatch,123,716,1,FALSE
nlgn4a,125,125,1,-,T,A,mismatch,124,716,1,FALSE
nlgn4a,172,172,1,-,T,G,mismatch,125,716,1,FALSE
nlgn4a,112,112,1,-,C,T,mismatch,127,698,1,FALSE
nlgn4a,171,171,1,-,G,C,mismatch,127,698,1,FALSE
nlgn4a,185,185,1,-,T,A,mismatch,127,698,1,FALSE
nlgn4a,137,137,1,-,G,A,mismatch,129,684,1,FALSE
nlgn4a,143,143,1,-,C,G,mismatch,129,684,1,FALSE
nlgn4a,168,168,1,-,A,C,mismatch,129,684,1,FALSE
nlgn4a,189,189,1,-,A,T,mismatch,129,684,1,FALSE
nlgn4a,166,166,1,-,C,A,mismatch,130,716,1,FALSE
nlgn4a,99,99,1,-,C,G,mismatch,132,689,1,FALSE
nlgn4a,130,130,1,-,C,G,mismatch,132,689,1,FALSE
nlgn4a,155,155,1,-,T,C,mismatch,132,689,1,FALSE
nlgn4a,202,202,1,-,T,A,mismatch,132,689,1,FALSE
nlgn4a,148,148,1,-,C,T,mismatch,133,707,1,FALSE
nlgn4a,97,97,1,-,C,T,mismatch,134,716,1,FALSE
nlgn4a,158,158,1,-,G,T,mismatch,135,716,1,FALSE
nlgn4a,185,185,1,-,T,C,mismatch,136,716,1,FALSE
nlgn4a,152,152,1,-,G,A,mismatch,137,716,1,FALSE
nlgn4a,156,156,1,-,C,G,mismatch,138,711,1,FALSE
nlgn4a,93,93,1,-,G,C,mismatch,139,707,1,FALSE
nlgn4a,142,142,1,-,C,A,mismatch,139,707,1,FALSE
nlgn4a,118,118,1,-,T,A,mismatch,140,716,1,FALSE
nlgn4a,193,193,1,-,T,C,mismatch,141,716,1,FALSE
nlgn4a,117,117,1,-,A,T,mismatch,142,716,1,FALSE
nlgn4a,147,147,1,-,A,T,mismatch,145,716,1,FALSE
nlgn4a,123,123,1,-,C,G,mismatch,146,716,1,FALSE
nlgn4a,111,111,1,-,A,C,mismatch,147,707,1,FALSE
nlgn4a,168,168,1,-,A,T,mismatch,147,707,1,FALSE
nlgn4a,96,96,1,-,A,T,mismatch,148,707,1,FALSE
nlgn4a,198,198,1,-,G,T,mismatch,148,707,1,FALSE
nlgn4a,106,106,1,-,T,C,mismatch,149,698,1,FALSE
nlgn4a,125,125,1,-,T,A,mismatch,149,698,1,FALSE
nlgn4a,127,127,1,-,C,G,mismatch,149,698,1,FALSE
nlgn4a,123,123,1,-,C,T,mismatch,151,702,1,FALSE
nlgn4a,151,151,1,-,G,C,mismatch,151,702,1,FALSE
nlgn4a,137,137,1,-,G,C,mismatch,153,707,1,FALSE
nlgn4a,193,193,1,-,T,C,mismatch,153,707,1,FALSE
nlgn4a,136,136,1,-,G,A,mismatch,154,741,1,FALSE
nlgn4a,100,100,1,-,T,C,mismatch,156,716,1,FALSE
nlgn4a,150,150,1,-,T,G,mismatch,158,732,1,FALSE
nlgn4a,209,209,1,-,A,G,mismatch,158,732,1,FALSE
nlgn4a,146,146,1,-,T,A,mismatch,160,716,1,FALSE
nlgn4a,149,149,1,-,A,G,mismatch,163,707,1,FALSE
nlgn4a,201,201,1,-,T,G,mismatch,163,707,1,FALSE
nlgn4a,189,189,1,-,A,C,mismatch,165,716,1,FALSE
nlgn4a,130,130,1,-,C,T,mismatch,166,716,1,FALSE
nlgn4a,104,104,1,-,C,T,mismatch,167,707,1,FALSE
nlgn4a,145,145,1,-,T,C,mismatch,167,707,1,FALSE
nlgn4a,158,158,1,-,G,T,mismatch,169,716,1,FALSE
nlgn4a,113,113,1,-,C,T,mismatch,171,707,1,FALSE
nlgn4a,180,180,1,-,A,T,mismatch,171,707,1,FALSE
nlgn4a,107,107,1,-,T,C,mismatch,172,741,1,FALSE
nlgn4a,177,177,1,-,A,T,mismatch,173,716,1,FALSE
nlgn4a,127,127,1,-,C,T,mismatch,175,723,1,FALSE
nlgn4a,141,141,1,-,G,C,mismatch,175,723,1,FALSE
nlgn4a,188,188,1,-,C,T,mismatch,175,723,1,FALSE
nlgn4a,134,134,1,-,G,T,mismatch,178,716,1,FALSE
nlgn4a,163,163,1,-,A,G,mismatch,179,716,1,FALSE
nlgn4a,128,128,1,-,G,C,mismatch,180,716,1,FALSE
nlgn4a,108,108,1,-,T,C,mismatch,182,707,1,FALSE
nlgn4a,113,113,1,-,C,G,mismatch,183,689,1,FALSE
nlgn4a,125,125,1,-,T,A,mismatch,183,689,1,FALSE
nlgn4a,129,129,1,-,G,T,mismatch,183,689,1,FALSE
nlgn4a,193,193,1,-,T,A,mismatch,183,689,1,FALSE
nlgn4a,216,216,1,-,C,G,mismatch,184,716,1,FALSE
nlgn4a,119,119,1,-,T,G,mismatch,185,716,1,FALSE
nlgn4a,94,94,1,-,C,A,mismatch,187,707,1,FALSE
nlgn4a,101,101,1,-,A,C,mismatch,187,707,1,FALSE
nlgn4a,99,99,1,-,C,A,mismatch,188,698,1,FALSE
nlgn4a,154,154,1,-,C,G,mismatch,188,698,1,FALSE
nlgn4a,145,145,1,-,T,A,mismatch,191,707,1,FALSE
nlgn4a,206,206,1,-,A,C,mismatch,191,707,1,FALSE
nlgn4a,99,99,1,-,C,G,mismatch,193,716,1,FALSE
nlgn4a,166,166,1,-,C,G,mismatch,194,716,1,FALSE
nlgn4a,122,122,1,-,G,T,mismatch,195,698,1,FALSE
nlgn4a,184,184,1,-,A,T,mismatch,195,698,1,FALSE
nlgn4a,206,206,1,-,A,T,mismatch,195,698,1,FALSE
nlgn4a,107,107,1,-,T,C,mismatch,196,707,1,FALSE
nlgn4a,123,123,1,-,C,G,mismatch,196,707,1,FALSE
nlgn4a,211,211,1,-,C,T,mismatch,197,716,1,FALSE
nlgn4a,101,101,1,-,A,G,mismatch,199,716,1,FALSE
nlgn4a,111,111,1,-,A,G,mismatch,200,707,1,FALSE
nlgn4a,145,145,1,-,T,C,mismatch,200,707,1,FALSE
nlgn4a,147,147,1,-,A,G,mismatch,202,716,1,FALSE
nlgn4a,125,125,1,-,T,A,mismatch,203,723,1,FALSE
nlgn4a,140,140,1,-,G,T,mismatch,203,723,1,FALSE
nlgn4a,161,161,1,-,G,T,mismatch,203,723,1,FALSE
nlgn4a,209,209,1,-,A,T,mismatch,208,716,1,FALSE
nlgn4a,141,141,1,-,G,A,mismatch,211,741,1,FALSE
nlgn4a,227,227,1,-,T,A,mismatch,212,716,1,FALSE
nlgn4a,115,115,1,-,G,A,mismatch,213,716,1,FALSE
nlgn4a,182,182,1,-,C,A,mismatch,214,716,1,FALSE
nlgn4a,126,126,1,-,G,T,mismatch,215,707,1,FALSE
nlgn4a,156,156,1,-,C,T,mismatch,215,707,1,FALSE
nlgn4a,115,115,1,-,G,C,mismatch,216,707,1,FALSE
nlgn4a,126,126,1,-,G,T,mismatch,216,707,1,FALSE
nlgn4a,169,169,1,-,T,G,mismatch,218,698,1,FALSE
nlgn4a,183,183,1,-,T,A,mismatch,218,698,1,FALSE
nlgn4a,103,103,1,-,G,C,mismatch,219,698,1,FALSE
nlgn4a,109,109,1,-,T,C,mismatch,219,698,1,FALSE
nlgn4a,139,139,1,-,T,G,mismatch,219,698,1,FALSE
nlgn4a,150,150,1,-,T,C,mismatch,222,707,1,FALSE
nlgn4a,203,203,1,-,G,C,mismatch,222,707,1,FALSE
nlgn4a,102,102,1,-,C,G,mismatch,223,698,1,FALSE
nlgn4a,163,163,1,-,A,T,mismatch,223,698,1,FALSE
nlgn4a,215,215,1,-,G,A,mismatch,223,698,1,FALSE
nlgn4a,123,123,1,-,C,A,mismatch,225,716,1,FALSE
nlgn4a,147,147,1,-,A,G,mismatch,226,716,1,FALSE
nlgn4a,187,187,1,-,G,A,mismatch,227,707,1,FALSE
nlgn4a,194,194,1,-,A,G,mismatch,227,707,1,FALSE
nlgn4a,100,100,1,-,T,G,mismatch,228,698,1,FALSE
nlgn4a,143,143,1,-,C,G,mismatch,228,698,1,FALSE
nlgn4a,149,149,1,-,A,T,mismatch,228,698,1,FALSE
nlgn4a,106,106,1,-,T,C,mismatch,229,732,1,FALSE
nlgn4a,127,127,1,-,C,G,mismatch,229,732,1,FALSE
nlgn4a,103,103,1,-,G,A,mismatch,230,689,1,FALSE
nlgn4a,122,122,1,-,G,A,mismatch,230,689,1,FALSE
nlgn4a,143,143,1,-,C,G,mismatch,230,689,1,FALSE
nlgn4a,162,162,1,-,C,A,mismatch,230,689,1,FALSE
nlgn4a,111,111,1,-,A,T,mismatch,231,716,1,FALSE
nlgn4a,128,128,1,-,G,C,mismatch,234,707,1,FALSE
nlgn4a,196,196,1,-,G,A,mismatch,234,707,1,FALSE
nlgn4a,147,147,1,-,A,G,mismatch,236,698,1,FALSE
nlgn4a,166,166,1,-,C,A,mismatch,236,698,1,FALSE
nlgn4a,174,174,1,-,A,T,mismatch,236,698,1,FALSE
nlgn4a,120,120,1,-,G,C,mismatch,238,716,1,FALSE
nlgn4a,121,121,1,-,T,G,mismatch,240,698,1,FALSE
nlgn4a,151,151,1,-,G,A,mismatch,240,698,1,FALSE
nlgn4a,199,199,1,-,G,C,mismatch,241,716,1,FALSE
nlgn4a,103,103,1,-,G,C,mismatch,242,689,1,FALSE
nlgn4a,139,139,1,-,T,G,mismatch,242,689,1,FALSE
nlgn4a,144,144,1,-,A,C,mismatch,242,689,1,FALSE
nlgn4a,193,193,1,-,T,G,mismatch,242,689,1,FALSE
nlgn4a,110,110,1,-,T,A,mismatch,244,732,1,FALSE
nlgn4a,165,165,1,-,C,A,mismatch,244,732,1,FALSE
nlgn4a,154,154,1,-,C,T,mismatch,245,716,1,FALSE
nlgn4a,105,105,1,-,C,T,mismatch,247,698,1,FALSE
nlgn4a,113,113,1,-,C,T,mismatch,247,698,1,FALSE
nlgn4a,166,166,1,-,C,T,mismatch,247,698,1,FALSE
nlgn4a,116,116,1,-,G,C,mismatch,248,716,1,FALSE
nlgn4a,194,194,1,-,A,T,mismatch,249,741,1,FALSE
nlgn4a,107,107,1,-,T,A,mismatch,251,698,1,FALSE
nlgn4a,173,173,1,-,T,A,mismatch,251,698,1,FALSE
nlgn4a,139,139,1,-,T,G,mismatch,253,716,1,FALSE
nlgn4a,116,116,1,-,G,C,mismatch,254,716,1,FALSE
nlgn4a,97,97,1,-,C,G,mismatch,256,689,1,FALSE
nlgn4a,122,122,1,-,G,A,mismatch,256,689,1,FALSE
nlgn4a,151,151,1,-,G,A,mismatch,256,689,1,FALSE
nlgn4a,161,161,1,-,G,T,mismatch,256,689,1,FALSE
nlgn4a,104,104,1,-,C,A,mismatch,257,716,1,FALSE
nlgn4a,155,155,1,-,T,G,mismatch,258,741,1,FALSE
nlgn4a,149,149,1,-,A,T,mismatch,259,716,1,FALSE
nlgn4a,187,187,1,-,G,A,mismatch,260,707,1,FALSE
nlgn4a,96,96,1,-,A,T,mismatch,263,716,1,FALSE
nlgn4a,113,113,1,-,C,G,mismatch,264,707,1,FALSE
nlgn4a,231,231,1,-,G,A,mismatch,264,707,1,FALSE
nlgn4a,125,125,1,-,T,G,mismatch,265,741,1,FALSE
nlgn4a,207,207,1,-,A,C,mismatch,266,707,1,FALSE
nlgn4a,106,106,1,-,T,G,mismatch,267,707,1,FALSE
nlgn4a,155,155,1,-,T,C,mismatch,267,707,1,FALSE
nlgn4a,109,109,1,-,T,G,mismatch,268,707,1,FALSE
nlgn4a,153,153,1,-,G,C,mismatch,270,698,1,FALSE
nlgn4a,214,214,1,-,T,A,mismatch,270,698,1,FALSE
nlgn4a,114,114,1,-,T,C,mismatch,271,707,1,FALSE
nlgn4a,120,120,1,-,G,C,mismatch,271,707,1,FALSE
nlgn4a,115,115,1,-,G,A,mismatch,272,716,1,FALSE
nlgn4a,101,101,1,-,A,C,mismatch,273,698,1,FALSE
nlgn4a,130,130,1,-,C,T,mismatch,273,698,1,FALSE
nlgn4a,161,161,1,-,G,A,mismatch,273,698,1,FALSE
nlgn4a,144,144,1,-,A,G,mismatch,274,716,1,FALSE
nlgn4a,127,127,1,-,C,T,mismatch,276,693,1,FALSE
nlgn4a,153,153,1,-,G,A,mismatch,276,693,1,FALSE
nlgn4a,165,165,1,-,C,T,mismatch,276,693,1,FALSE
nlgn4a,99,99,1,-,C,G,mismatch,277,698,1,FALSE
nlgn4a,224,224,1,-,G,T,mismatch,277,698,1,FALSE
nlgn4a,232,232,1,-,G,T,mismatch,277,698,1,FALSE
nlgn4a,127,127,1,-,C,G,mismatch,279,716,1,FALSE
nlgn4a,138,138,1,-,C,A,mismatch,280,716,1,FALSE
nlgn4a,115,115,1,-,G,T,mismatch,282,689,1,FALSE
nlgn4a,121,121,1,-,T,A,mismatch,282,689,1,FALSE
nlgn4a,162,162,1,-,C,T,mismatch,282,689,1,FALSE
nlgn4a,183,183,1,-,T,C,mismatch,282,689,1,FALSE
nlgn4a,103,103,1,-,G,A,mismatch,284,698,1,FALSE
nlgn4a,133,133,1,-,C,T,mismatch,284,698,1,FALSE
nlgn4a,210,210,1,-,C,A,mismatch,284,698,1,FALSE
nlgn4a,142,142,1,-,C,G,mismatch,285,707,1,FALSE
nlgn4a,186,186,1,-,G,C,mismatch,285,707,1,FALSE
nlgn4a,123,123,1,-,C,A,mismatch,286,707,1,FALSE
nlgn4a,142,142,1,-,C,G,mismatch,286,707,1,FALSE
nlgn4a,120,120,1,-,G,C,mismatch,287,732,1,FALSE
nlgn4a,150,150,1,-,T,A,mismatch,287,732,1,FALSE
nlgn4a,197,197,1,-,A,C,mismatch,288,716,1,FALSE
nlgn4a,139,139,1,-,T,G,mismatch,289,716,1,FALSE
nlgn4a,202,202,1,-,T,C,mismatch,290,716,1,FALSE
nlgn4a,213,213,1,-,C,T,mismatch,293,716,1,FALSE
nlgn4a,157,157,1,-,A,C,mismatch,294,698,1,FALSE
nlgn4a,160,160,1,-,A,C,mismatch,294,698,1,FALSE
nlgn4a,182,182,1,-,C,A,mismatch,294,698,1,FALSE
nlgn4a,144,144,1,-,A,T,mismatch,295,716,1,FALSE
nlgn4a,106,106,1,-,T,A,mismatch,299,716,1,FALSE
nlgn4a,118,118,1,-,T,C,mismatch,300,707,1,FALSE
nlgn4a,189,189,1,-,A,G,mismatch,300,707,1,FALSE
nlgn4a,160,160,1,-,A,G,mismatch,302,723,1,FALSE
nlgn4a,168,168,1,-,A,T,mismatch,302,723,1,FALSE
nlgn4a,214,214,1,-,T,G,mismatch,302,723,1,FALSE
nlgn4a,119,119,1,-,T,G,mismatch,304,716,1,FALSE
nlgn4a,115,115,1,-,G,C,mismatch,306,698,1,FALSE
nlgn4a,162,162,1,-,C,G,mismatch,306,698,1,FALSE
nlgn4a,188,188,1,-,C,G,mismatch,306,698,1,FALSE
nlgn4a,116,116,1,-,G,T,mismatch,307,707,1,FALSE
nlgn4a,227,227,1,-,T,G,mismatch,307,707,1,FALSE
nlgn4a,107,107,1,-,T,G,mismatch,308,707,1,FALSE
nlgn4a,223,223,1,-,A,G,mismatch,308,707,1,FALSE
nlgn4a,104,104,1,-,C,A,mismatch,309,741,1,FALSE
nlgn4a,139,139,1,-,T,A,mismatch,310,741,1,FALSE
nlgn4a,151,151,1,-,G,T,mismatch,311,707,1,FALSE
nlgn4a,205,205,1,-,A,G,mismatch,312,716,1,FALSE
nlgn4a,172,172,1,-,T,C,mismatch,313,707,1,FALSE
nlgn4a,201,201,1,-,T,A,mismatch,313,707,1,FALSE
nlgn4a,215,215,1,-,G,T,mismatch,314,716,1,FALSE
nlgn4a,145,145,1,-,T,C,mismatch,315,698,1,FALSE
nlgn4a,166,166,1,-,C,G,mismatch,315,698,1,FALSE
nlgn4a,107,107,1,-,T,A,mismatch,316,732,1,FALSE
nlgn4a,138,138,1,-,C,G,mismatch,316,732,1,FALSE
nlgn4a,116,116,1,-,G,C,mismatch,318,707,1,FALSE
nlgn4a,209,209,1,-,A,G,mismatch,318,707,1,FALSE
nlgn4a,106,106,1,-,T,C,mismatch,319,689,1,FALSE
nlgn4a,147,147,1,-,A,G,mismatch,319,689,1,FALSE
nlgn4a,186,186,1,-,G,A,mismatch,319,689,1,FALSE
nlgn4a,185,185,1,-,T,G,mismatch,320,716,1,FALSE
nlgn4a,191,191,1,-,G,C,mismatch,321,732,1,FALSE
nlgn4a,196,196,1,-,G,T,mismatch,321,732,1,FALSE
nlgn4a,177,177,1,-,A,C,mismatch,322,723,1,FALSE
nlgn4a,185,185,1,-,T,C,mismatch,322,723,1,FALSE
nlgn4a,207,207,1,-,A,T,mismatch,322,723,1,FALSE
nlgn4a,138,138,1,-,C,G,mismatch,325,741,1,FALSE
nlgn4a,124,124,1,-,T,G,mismatch,326,711,1,FALSE
nlgn4a,144,144,1,-,A,T,mismatch,327,716,1,FALSE
nlgn4a,128,128,1,-,G,T,mismatch,329,741,1,FALSE
nlgn4a,211,211,1,-,C,A,mismatch,330,716,1,FALSE
nlgn4a,101,101,1,-,A,C,mismatch,331,707,1,FALSE
nlgn4a,140,140,1,-,G,C,mismatch,331,707,1,FALSE
nlgn4a,111,111,1,-,A,G,mismatch,332,707,1,FALSE
nlgn4a,202,202,1,-,T,G,mismatch,332,707,1,FALSE
nlgn4a,202,202,1,-,T,G,mismatch,333,716,1,FALSE
nlgn4a,149,149,1,-,A,T,mismatch,337,716,1,FALSE
nlgn4a,104,104,1,-,C,G,mismatch,338,741,1,FALSE
nlgn4a,100,100,1,-,T,C,mismatch,339,698,1,FALSE
nlgn4a,115,115,1,-,G,C,mismatch,339,698,1,FALSE
nlgn4a,194,194,1,-,A,C,mismatch,339,698,1,FALSE
nlgn4a,197,197,1,-,A,G,mismatch,343,711,1,FALSE
nlgn4a,134,134,1,-,G,T,mismatch,344,702,1,FALSE
nlgn4a,173,173,1,-,T,G,mismatch,344,702,1,FALSE
nlgn4a,211,211,1,-,C,T,mismatch,345,716,1,FALSE
nlgn4a,100,100,1,-,T,C,mismatch,346,707,1,FALSE
nlgn4a,123,123,1,-,C,A,mismatch,346,707,1,FALSE
nlgn4a,116,116,1,-,G,T,mismatch,347,716,1,FALSE
nlgn4a,94,94,1,-,C,A,mismatch,348,716,1,FALSE
nlgn4a,140,140,1,-,G,C,mismatch,349,716,1,FALSE
nlgn4a,146,146,1,-,T,G,mismatch,350,716,1,FALSE
nlgn4a,172,172,1,-,T,G,mismatch,351,689,1,FALSE
nlgn4a,198,198,1,-,G,C,mismatch,351,689,1,FALSE
nlgn4a,233,233,1,-,G,A,mismatch,351,689,1,FALSE
nlgn4a,147,147,1,-,A,C,mismatch,352,716,1,FALSE
nlgn4a,118,118,1,-,T,A,mismatch,354,716,1,FALSE
nlgn4a,164,164,1,-,C,A,mismatch,355,707,1,FALSE
nlgn4a,120,120,1,-,G,C,mismatch,356,716,1,FALSE
nlgn4a,107,107,1,-,T,C,mismatch,357,707,1,FALSE
nlgn4a,182,182,1,-,C,A,mismatch,357,707,1,FALSE
nlgn4a,148,148,1,-,C,G,mismatch,358,707,1,FALSE
nlgn4a,206,206,1,-,A,T,mismatch,358,707,1,FALSE
nlgn4a,122,122,1,-,G,A,mismatch,359,741,1,FALSE
nlgn4a,104,104,1,-,C,G,mismatch,360,716,1,FALSE
nlgn4a,97,97,1,-,C,G,mismatch,361,716,1,FALSE
nlgn4a,96,96,1,-,A,G,mismatch,362,707,1,FALSE
nlgn4a,170,170,1,-,T,A,mismatch,362,707,1,FALSE
nlgn4a,102,102,1,-,C,G,mismatch,363,707,1,FALSE
nlgn4a,206,206,1,-,A,T,mismatch,363,707,1,FALSE
nlgn4a,192,192,1,-,C,A,mismatch,364,716,1,FALSE
nlgn4a,142,142,1,-,C,G,mismatch,367,707,1,FALSE
nlgn4a,148,148,1,-,C,A,mismatch,367,707,1,FALSE
nlgn4a,153,153,1,-,G,T,mismatch,368,707,1,FALSE
nlgn4a,191,191,1,-,G,T,mismatch,368,707,1,FALSE
nlgn4a,97,97,1,-,C,A,mismatch,369,707,1,FALSE
nlgn4a,111,111,1,-,A,T,mismatch,369,707,1,FALSE
nlgn4a,170,170,1,-,T,C,mismatch,370,716,1,FALSE
nlgn4a,157,157,1,-,A,T,mismatch,371,716,1,FALSE
nlgn4a,108,108,1,-,T,G,mismatch,373,707,1,FALSE
nlgn4a,146,146,1,-,T,G,mismatch,373,707,1,FALSE
nlgn4a,103,103,1,-,G,T,mismatch,374,698,1,FALSE
nlgn4a,173,173,1,-,T,G,mismatch,374,698,1,FALSE
nlgn4a,105,105,1,-,C,T,mismatch,375,716,1,FALSE
nlgn4a,122,122,1,-,G,A,mismatch,378,707,1,FALSE
nlgn4a,144,144,1,-,A,C,mismatch,378,707,1,FALSE
nlgn4a,232,232,1,-,G,T,mismatch,380,716,1,FALSE
nlgn4a,126,126,1,-,G,A,mismatch,382,716,1,FALSE
nlgn4a,151,151,1,-,G,C,mismatch,383,707,1,FALSE
nlgn4a,159,159,1,-,C,A,mismatch,383,707,1,FALSE
nlgn4a,111,111,1,-,A,C,mismatch,384,741,1,FALSE
nlgn4a,122,122,1,-,G,C,mismatch,388,707,1,FALSE
nlgn4a,205,205,1,-,A,G,mismatch,388,707,1,FALSE
nlgn4a,167,167,1,-,T,A,mismatch,389,716,1,FALSE
nlgn4a,113,113,1,-,C,G,mismatch,390,707,1,FALSE
nlgn4a,137,137,1,-,G,C,mismatch,390,707,1,FALSE
nlgn4a,97,97,1,-,C,A,mismatch,391,698,1,FALSE
nlgn4a,116,116,1,-,G,T,mismatch,391,698,1,FALSE
nlgn4a,145,145,1,-,T,C,mismatch,391,698,1,FALSE
nlgn4a,184,184,1,-,A,T,mismatch,392,716,1,FALSE
nlgn4a,104,104,1,-,C,T,mismatch,395,705,1,FALSE
nlgn4a,109,109,1,-,T,G,mismatch,395,705,1,FALSE
nlgn4a,124,124,1,-,T,C,mismatch,395,705,1,FALSE
nlgn4a,193,193,1,-,T,C,mismatch,395,705,1,FALSE
nlgn4a,195,195,1,-,A,G,mismatch,395,705,1,FALSE
nlgn4a,136,136,1,-,G,C,mismatch,397,702,1,FALSE
nlgn4a,155,155,1,-,T,A,mismatch,397,702,1,FALSE
nlgn4a,127,127,1,-,C,T,mismatch,400,693,1,FALSE
nlgn4a,168,168,1,-,A,G,mismatch,400,693,1,FALSE
nlgn4a,191,191,1,-,G,A,mismatch,400,693,1,FALSE
nlgn4a,135,135,1,-,T,C,mismatch,401,716,1,FALSE
nlgn4a,209,209,1,-,A,C,mismatch,403,716,1,FALSE
nlgn4a,144,144,1,-,A,C,mismatch,405,716,1,FALSE
nlgn4a,140,140,1,-,G,T,mismatch,407,716,1,FALSE
nlgn4a,113,113,1,-,C,A,mismatch,408,707,1,FALSE
nlgn4a,166,166,1,-,C,T,mismatch,408,707,1,FALSE
nlgn4a,98,98,1,-,T,G,mismatch,410,716,1,FALSE
nlgn4a,161,161,1,-,G,T,mismatch,411,707,1,FALSE
nlgn4a,207,207,1,-,A,G,mismatch,411,707,1,FALSE
nlgn4a,100,100,1,-,T,A,mismatch,412,707,1,FALSE
nlgn4a,226,226,1,-,T,A,mismatch,412,707,1,FALSE
nlgn4a,216,216,1,-,C,T,mismatch,414,716,1,FALSE
nlgn4a,107,107,1,-,T,G,mismatch,415,716,1,FALSE
nlgn4a,231,231,1,-,G,T,mismatch,416,716,1,FALSE
nlgn4a,111,111,1,-,A,T,mismatch,417,716,1,FALSE
nlgn4a,150,150,1,-,T,A,mismatch,418,707,1,FALSE
nlgn4a,166,166,1,-,C,T,mismatch,418,707,1,FALSE
nlgn4a,99,99,1,-,C,A,mismatch,419,698,1,FALSE
nlgn4a,107,107,1,-,T,A,mismatch,419,698,1,FALSE
nlgn4a,145,145,1,-,T,C,mismatch,419,698,1,FALSE
nlgn4a,140,140,1,-,G,A,mismatch,420,716,1,FALSE
nlgn4a,107,107,1,-,T,G,mismatch,421,716,1,FALSE
nlgn4a,117,117,1,-,A,T,mismatch,423,707,1,FALSE
nlgn4a,151,151,1,-,G,A,mismatch,423,707,1,FALSE
nlgn4a,154,154,1,-,C,A,mismatch,424,702,1,FALSE
nlgn4a,209,209,1,-,A,T,mismatch,424,702,1,FALSE
nlgn4a,149,149,1,-,A,G,mismatch,425,716,1,FALSE
nlgn4a,109,109,1,-,T,A,mismatch,428,716,1,FALSE
nlgn4a,181,181,1,-,A,G,mismatch,430,716,1,FALSE
nlgn4a,112,112,1,-,C,A,mismatch,431,693,1,FALSE
nlgn4a,204,204,1,-,A,T,mismatch,432,702,1,FALSE
nlgn4a,212,212,1,-,T,C,mismatch,432,702,1,FALSE
nlgn4a,109,109,1,-,T,G,mismatch,433,698,1,FALSE
nlgn4a,144,144,1,-,A,G,mismatch,433,698,1,FALSE
nlgn4a,147,147,1,-,A,C,mismatch,433,698,1,FALSE
nlgn4a,113,113,1,-,C,T,mismatch,434,707,1,FALSE
nlgn4a,102,102,1,-,C,A,mismatch,435,707,1,FALSE
nlgn4a,145,145,1,-,T,A,mismatch,436,716,1,FALSE
nlgn4a,212,212,1,-,T,G,mismatch,437,716,1,FALSE
nlgn4a,119,119,1,-,T,C,mismatch,438,707,1,FALSE
nlgn4a,123,123,1,-,C,A,mismatch,438,707,1,FALSE
nlgn4a,158,158,1,-,G,A,mismatch,439,716,1,FALSE
nlgn4a,120,120,1,-,G,C,mismatch,444,707,1,FALSE
nlgn4a,111,111,1,-,A,T,mismatch,448,698,1,FALSE
nlgn4a,164,164,1,-,C,T,mismatch,448,698,1,FALSE
nlgn4a,111,111,1,-,A,C,mismatch,450,698,1,FALSE
nlgn4a,185,185,1,-,T,C,mismatch,450,698,1,FALSE
nlgn4a,102,102,1,-,C,G,mismatch,452,689,1,FALSE
nlgn4a,104,104,1,-,C,T,mismatch,452,689,1,FALSE
nlgn4a,146,146,1,-,T,C,mismatch,452,689,1,FALSE
nlgn4a,156,156,1,-,C,A,mismatch,454,698,1,FALSE
nlgn4a,170,170,1,-,T,A,mismatch,454,698,1,FALSE
nlgn4a,230,230,1,-,A,T,mismatch,455,716,1,FALSE
nlgn4a,108,108,1,-,T,G,mismatch,456,707,1,FALSE
nlgn4a,230,230,1,-,A,T,mismatch,456,707,1,FALSE
nlgn4a,107,107,1,-,T,A,mismatch,457,698,1,FALSE
nlgn4a,224,224,1,-,G,A,mismatch,457,698,1,FALSE
nlgn4a,230,230,1,-,A,G,mismatch,457,698,1,FALSE
nlgn4a,123,123,1,-,C,G,mismatch,458,698,1,FALSE
nlgn4a,191,191,1,-,G,A,mismatch,458,698,1,FALSE
nlgn4a,223,223,1,-,A,G,mismatch,458,698,1,FALSE
nlgn4a,220,220,1,-,A,T,mismatch,459,716,1,FALSE
nlgn4a,203,203,1,-,G,C,mismatch,460,707,1,FALSE
nlgn4a,220,220,1,-,A,C,mismatch,460,707,1,FALSE
nlgn4a,100,100,1,-,T,C,mismatch,461,698,1,FALSE
nlgn4a,183,183,1,-,T,G,mismatch,461,698,1,FALSE
nlgn4a,215,215,1,-,G,T,mismatch,461,698,1,FALSE
nlgn4a,193,193,1,-,T,A,mismatch,462,707,1,FALSE
nlgn4a,213,213,1,-,C,G,mismatch,462,707,1,FALSE
nlgn4a,206,206,1,-,A,T,mismatch,463,716,1,FALSE
nlgn4a,206,206,1,-,A,G,mismatch,464,716,1,FALSE
nlgn4a,100,100,1,-,T,C,mismatch,465,689,1,FALSE
nlgn4a,171,171,1,-,G,A,mismatch,465,689,1,FALSE
nlgn4a,197,197,1,-,A,C,mismatch,465,689,1,FALSE
nlgn4a,203,203,1,-,G,T,mismatch,465,689,1,FALSE
nlgn4a,112,112,1,-,C,G,mismatch,466,707,1,FALSE
nlgn4a,198,198,1,-,G,T,mismatch,466,707,1,FALSE
nlgn4a,196,196,1,-,G,T,mismatch,467,716,1,FALSE
nlgn4a,195,195,1,-,A,T,mismatch,468,716,1,FALSE
nlgn4a,109,109,1,-,T,C,mismatch,469,698,1,FALSE
nlgn4a,183,183,1,-,T,G,mismatch,469,698,1,FALSE
nlgn4a,190,190,1,-,A,T,mismatch,469,698,1,FALSE
nlgn4a,188,188,1,-,C,G,mismatch,470,716,1,FALSE
nlgn4a,182,182,1,-,C,G,mismatch,471,716,1,FALSE
nlgn4a,176,176,1,-,G,A,mismatch,472,707,1,FALSE
nlgn4a,181,181,1,-,A,G,mismatch,472,707,1,FALSE
nlgn4a,181,181,1,-,A,C,mismatch,473,716,1,FALSE
nlgn4a,140,140,1,-,G,C,mismatch,474,698,1,FALSE
nlgn4a,170,170,1,-,T,C,mismatch,474,698,1,FALSE
nlgn4a,180,180,1,-,A,G,mismatch,474,698,1,FALSE
nlgn4a,179,179,1,-,A,G,mismatch,475,716,1,FALSE
nlgn4a,179,179,1,-,A,C,mismatch,476,716,1,FALSE
nlgn4a,141,141,1,-,G,T,mismatch,477,707,1,FALSE
nlgn4a,176,176,1,-,G,T,mismatch,477,707,1,FALSE
nlgn4a,143,143,1,-,C,A,mismatch,478,707,1,FALSE
nlgn4a,175,175,1,-,C,T,mismatch,478,707,1,FALSE
nlgn4a,112,112,1,-,C,T,mismatch,479,707,1,FALSE
nlgn4a,168,168,1,-,A,T,mismatch,479,707,1,FALSE
nlgn4a,117,117,1,-,A,G,mismatch,480,698,1,FALSE
nlgn4a,163,163,1,-,A,C,mismatch,480,698,1,FALSE
nlgn4a,166,166,1,-,C,G,mismatch,480,698,1,FALSE
nlgn4a,165,165,1,-,C,T,mismatch,481,716,1,FALSE
nlgn4a,105,105,1,-,C,A,mismatch,482,707,1,FALSE
nlgn4a,165,165,1,-,C,T,mismatch,482,707,1,FALSE
nlgn4a,107,107,1,-,T,G,mismatch,484,707,1,FALSE
nlgn4a,163,163,1,-,A,G,mismatch,484,707,1,FALSE
nlgn4a,161,161,1,-,G,T,mismatch,485,716,1,FALSE
nlgn4a,99,99,1,-,C,G,mismatch,486,707,1,FALSE
nlgn4a,158,158,1,-,G,T,mismatch,486,707,1,FALSE
nlgn4a,122,122,1,-,G,A,mismatch,487,707,1,FALSE
nlgn4a,157,157,1,-,A,T,mismatch,487,707,1,FALSE
nlgn4a,156,156,1,-,C,G,mismatch,488,716,1,FALSE
nlgn4a,100,100,1,-,T,C,mismatch,489,707,1,FALSE
nlgn4a,154,154,1,-,C,G,mismatch,489,707,1,FALSE
nlgn4a,152,152,1,-,G,T,mismatch,490,716,1,FALSE
nlgn4a,147,147,1,-,A,G,mismatch,491,716,1,FALSE
nlgn4a,107,107,1,-,T,A,mismatch,492,689,1,FALSE
nlgn4a,147,147,1,-,A,C,mismatch,492,689,1,FALSE
nlgn4a,144,144,1,-,A,G,mismatch,493,716,1,FALSE
nlgn4a,143,143,1,-,C,T,mismatch,494,716,1,FALSE
nlgn4a,115,115,1,-,G,C,mismatch,495,707,1,FALSE
nlgn4a,138,138,1,-,C,T,mismatch,495,707,1,FALSE
nlgn4a,121,121,1,-,T,A,mismatch,496,707,1,FALSE
nlgn4a,138,138,1,-,C,G,mismatch,496,707,1,FALSE
nlgn4a,102,102,1,-,C,T,mismatch,497,707,1,FALSE
nlgn4a,129,129,1,-,G,T,mismatch,497,707,1,FALSE
nlgn4a,114,114,1,-,T,G,mismatch,499,707,1,FALSE
nlgn4a,123,123,1,-,C,G,mismatch,499,707,1,FALSE
nlgn4a,120,120,1,-,G,T,mismatch,500,716,1,FALSE
nlgn4a,99,99,1,-,C,T,mismatch,501,707,1,FALSE
nlgn4a,117,117,1,-,A,C,mismatch,501,707,1,FALSE
nlgn4a,112,112,1,-,C,T,mismatch,502,716,1,FALSE
nlgn4a,112,112,1,-,C,G,mismatch,503,716,1,FALSE
nlgn4a,105,105,1,-,C,T,mismatch,504,716,1,FALSE
nlgn4a,103,103,1,-,G,T,mismatch,505,716,1,FALSE
nlgn4a,101,101,1,-,A,G,mismatch,506,716,1,FALSE
nlgn4a,101,101,1,-,A,C,mismatch,507,716,1,FALSE
nlgn4a,106,106,1,-,T,A,mismatch,508,716,1,FALSE
nlgn4a,107,107,1,-,T,G,mismatch,509,716,1,FALSE
nlgn4a,107,107,1,-,T,A,mismatch,510,716,1,FALSE
nlgn4a,112,112,1,-,C,A,mismatch,511,716,1,FALSE
nlgn4a,113,113,1,-,C,A,mismatch,512,716,1,FALSE
nlgn4a,114,114,1,-,T,C,mismatch,513,716,1,FALSE
nlgn4a,114,114,1,-,T,A,mismatch,514,716,1,FALSE
nlgn4a,109,109,1,-,T,G,mismatch,515,707,1,FALSE
nlgn4a,115,115,1,-,G,A,mismatch,515,707,1,FALSE
nlgn4a,116,116,1,-,G,C,mismatch,516,716,1,FALSE
nlgn4a,118,118,1,-,T,G,mismatch,517,716,1,FALSE
nlgn4a,121,121,1,-,T,C,mismatch,518,716,1,FALSE
nlgn4a,125,125,1,-,T,G,mismatch,519,716,1,FALSE
nlgn4a,125,125,1,-,T,C,mismatch,520,716,1,FALSE
nlgn4a,126,126,1,-,G,A,mismatch,521,716,1,FALSE
nlgn4a,136,136,1,-,G,C,mismatch,522,716,1,FALSE
nlgn4a,139,139,1,-,T,G,mismatch,523,716,1,FALSE
nlgn4a,140,140,1,-,G,A,mismatch,524,716,1,FALSE
nlgn4a,113,113,1,-,C,A,mismatch,525,698,1,FALSE
nlgn4a,137,137,1,-,G,C,mismatch,525,698,1,FALSE
nlgn4a,140,140,1,-,G,A,mismatch,525,698,1,FALSE
nlgn4a,145,145,1,-,T,G,mismatch,526,716,1,FALSE
nlgn4a,106,106,1,-,T,C,mismatch,527,698,1,FALSE
nlgn4a,117,117,1,-,A,G,mismatch,527,698,1,FALSE
nlgn4a,145,145,1,-,T,C,mismatch,527,698,1,FALSE
nlgn4a,146,146,1,-,T,A,mismatch,528,716,1,FALSE
nlgn4a,105,105,1,-,C,G,mismatch,529,707,1,FALSE
nlgn4a,148,148,1,-,C,A,mismatch,529,707,1,FALSE
nlgn4a,115,115,1,-,G,T,mismatch,530,707,1,FALSE
nlgn4a,150,150,1,-,T,G,mismatch,530,707,1,FALSE
nlgn4a,107,107,1,-,T,C,mismatch,531,689,1,FALSE
nlgn4a,110,110,1,-,T,A,mismatch,531,689,1,FALSE
nlgn4a,142,142,1,-,C,G,mismatch,531,689,1,FALSE
nlgn4a,150,150,1,-,T,C,mismatch,531,689,1,FALSE
nlgn4a,154,154,1,-,C,A,mismatch,532,716,1,FALSE
nlgn4a,125,125,1,-,T,A,mismatch,533,707,1,FALSE
nlgn4a,155,155,1,-,T,G,mismatch,533,707,1,FALSE
nlgn4a,158,158,1,-,G,A,mismatch,534,716,1,FALSE
nlgn4a,141,141,1,-,G,A,mismatch,535,707,1,FALSE
nlgn4a,161,161,1,-,G,A,mismatch,535,707,1,FALSE
nlgn4a,171,171,1,-,G,C,mismatch,536,716,1,FALSE
nlgn4a,176,176,1,-,G,C,mismatch,537,716,1,FALSE
nlgn4a,183,183,1,-,T,C,mismatch,538,716,1,FALSE
nlgn4a,103,103,1,-,G,T,mismatch,539,689,1,FALSE
nlgn4a,107,107,1,-,T,C,mismatch,539,689,1,FALSE
nlgn4a,110,110,1,-,T,G,mismatch,539,689,1,FALSE
nlgn4a,186,186,1,-,G,C,mismatch,539,689,1,FALSE
nlgn4a,138,138,1,-,C,T,mismatch,540,707,1,FALSE
nlgn4a,188,188,1,-,C,A,mismatch,540,707,1,FALSE
nlgn4a,102,102,1,-,C,G,mismatch,541,707,1,FALSE
nlgn4a,193,193,1,-,T,C,mismatch,541,707,1,FALSE
nlgn4a,165,165,1,-,C,A,mismatch,542,707,1,FALSE
nlgn4a,193,193,1,-,T,C,mismatch,542,707,1,FALSE
nlgn4a,174,174,1,-,A,G,mismatch,543,707,1,FALSE
nlgn4a,196,196,1,-,G,C,mismatch,543,707,1,FALSE
nlgn4a,103,103,1,-,G,C,mismatch,544,707,1,FALSE
nlgn4a,196,196,1,-,G,C,mismatch,544,707,1,FALSE
nlgn4a,154,154,1,-,C,A,mismatch,545,707,1,FALSE
nlgn4a,200,200,1,-,C,A,mismatch,545,707,1,FALSE
nlgn4a,114,114,1,-,T,G,mismatch,546,689,1,FALSE
nlgn4a,173,173,1,-,T,A,mismatch,546,689,1,FALSE
nlgn4a,198,198,1,-,G,T,mismatch,546,689,1,FALSE
nlgn4a,208,208,1,-,C,A,mismatch,546,689,1,FALSE
nlgn4a,210,210,1,-,C,A,mismatch,547,716,1,FALSE
nlgn4a,108,108,1,-,T,C,mismatch,548,689,1,FALSE
nlgn4a,120,120,1,-,G,T,mismatch,548,689,1,FALSE
nlgn4a,162,162,1,-,C,T,mismatch,548,689,1,FALSE
nlgn4a,212,212,1,-,T,C,mismatch,548,689,1,FALSE
nlgn4a,163,163,1,-,A,C,mismatch,549,698,1,FALSE
nlgn4a,200,200,1,-,C,A,mismatch,549,698,1,FALSE
nlgn4a,217,217,1,-,C,A,mismatch,549,698,1,FALSE
nlgn4a,189,189,1,-,A,T,mismatch,550,707,1,FALSE
nlgn4a,221,221,1,-,T,G,mismatch,550,707,1,FALSE
nlgn4a,164,164,1,-,C,G,mismatch,551,707,1,FALSE
nlgn4a,221,221,1,-,T,A,mismatch,551,707,1,FALSE
nlgn4a,227,227,1,-,T,G,mismatch,552,716,1,FALSE
nlgn4a,187,187,1,-,G,A,mismatch,553,707,1,FALSE
nlgn4a,228,228,1,-,C,A,mismatch,553,707,1,FALSE
nlgn4a,177,177,1,-,A,T,mismatch,554,707,1,FALSE
nlgn4a,231,231,1,-,G,A,mismatch,554,707,1,FALSE
nlgn4a,209,209,1,-,A,T,mismatch,556,707,1,FALSE
nlgn4a,107,107,1,-,T,G,mismatch,557,698,1,FALSE
nlgn4a,146,146,1,-,T,G,mismatch,557,698,1,FALSE
nlgn4a,106,106,1,-,T,A,mismatch,559,707,1,FALSE
nlgn4a,103,103,1,-,G,T,mismatch,560,707,1,FALSE
nlgn4a,181,181,1,-,A,G,mismatch,561,698,1,FALSE
nlgn4a,210,210,1,-,C,A,mismatch,561,698,1,FALSE
nlgn4a,107,107,1,-,T,G,mismatch,562,698,1,FALSE
nlgn4a,165,165,1,-,C,G,mismatch,562,698,1,FALSE
nlgn4a,114,114,1,-,T,A,mismatch,565,707,1,FALSE
nlgn4a,166,166,1,-,C,G,mismatch,566,707,1,FALSE
nlgn4a,125,125,1,-,T,G,mismatch,567,698,1,FALSE
nlgn4a,135,135,1,-,T,C,mismatch,567,698,1,FALSE
nlgn4a,172,172,1,-,T,C,mismatch,569,707,1,FALSE
nlgn4a,138,138,1,-,C,T,mismatch,570,698,1,FALSE
nlgn4a,182,182,1,-,C,A,mismatch,570,698,1,FALSE
nlgn4a,104,104,1,-,C,A,mismatch,571,689,1,FALSE
nlgn4a,141,141,1,-,G,T,mismatch,571,689,1,FALSE
nlgn4a,212,212,1,-,T,C,mismatch,571,689,1,FALSE
nlgn4a,128,128,1,-,G,T,mismatch,572,716,1,FALSE
nlgn4a,105,105,1,-,C,A,mismatch,573,716,1,FALSE
nlgn4a,107,107,1,-,T,A,mismatch,574,707,1,FALSE
nlgn4a,111,111,1,-,A,C,mismatch,574,707,1,FALSE
nlgn4a,115,115,1,-,G,C,mismatch,576,716,1,FALSE
nlgn4a,149,149,1,-,A,G,mismatch,577,716,1,FALSE
nlgn4a,107,107,1,-,T,G,mismatch,578,707,1,FALSE
nlgn4a,224,224,1,-,G,A,mismatch,578,707,1,FALSE
nlgn4a,146,146,1,-,T,G,mismatch,581,716,1,FALSE
nlgn4a,139,139,1,-,T,G,mismatch,582,707,1,FALSE
nlgn4a,170,170,1,-,T,A,mismatch,583,716,1,FALSE
nlgn4a,229,229,1,-,T,A,mismatch,584,716,1,FALSE
nlgn4a,222,222,1,-,G,C,mismatch,585,716,1,FALSE
nlgn4a,133,133,1,-,C,G,mismatch,586,698,1,FALSE
nlgn4a,157,157,1,-,A,G,mismatch,586,698,1,FALSE
nlgn4a,105,105,1,-,C,T,mismatch,587,698,1,FALSE
nlgn4a,140,140,1,-,G,C,mismatch,587,698,1,FALSE
nlgn4a,145,145,1,-,T,G,mismatch,589,698,1,FALSE
nlgn4a,196,196,1,-,G,C,mismatch,589,698,1,FALSE
nlgn4a,222,222,1,-,G,T,mismatch,591,716,1,FALSE
nlgn4a,191,191,1,-,G,A,mismatch,592,707,1,FALSE
nlgn4a,220,220,1,-,A,T,mismatch,592,707,1,FALSE
nlgn4a,105,105,1,-,C,G,mismatch,593,698,1,FALSE
nlgn4a,199,199,1,-,G,A,mismatch,593,698,1,FALSE
nlgn4a,218,218,1,-,C,G,mismatch,593,698,1,FALSE
nlgn4a,149,149,1,-,A,T,mismatch,594,707,1,FALSE
nlgn4a,217,217,1,-,C,G,mismatch,594,707,1,FALSE
nlgn4a,215,215,1,-,G,T,mismatch,595,716,1,FALSE
nlgn4a,106,106,1,-,T,C,mismatch,596,707,1,FALSE
nlgn4a,213,213,1,-,C,G,mismatch,596,707,1,FALSE
nlgn4a,119,119,1,-,T,A,mismatch,597,707,1,FALSE
nlgn4a,211,211,1,-,C,T,mismatch,597,707,1,FALSE
nlgn4a,143,143,1,-,C,T,mismatch,598,707,1,FALSE
nlgn4a,210,210,1,-,C,T,mismatch,598,707,1,FALSE
nlgn4a,196,196,1,-,G,T,mismatch,599,698,1,FALSE
nlgn4a,201,201,1,-,T,C,mismatch,599,698,1,FALSE
nlgn4a,209,209,1,-,A,C,mismatch,599,698,1,FALSE
nlgn4a,165,165,1,-,C,T,mismatch,600,707,1,FALSE
nlgn4a,208,208,1,-,C,G,mismatch,600,707,1,FALSE
nlgn4a,133,133,1,-,C,A,mismatch,601,680,1,FALSE
nlgn4a,142,142,1,-,C,A,mismatch,601,680,1,FALSE
nlgn4a,165,165,1,-,C,A,mismatch,601,680,1,FALSE
nlgn4a,187,187,1,-,G,C,mismatch,601,680,1,FALSE
nlgn4a,208,208,1,-,C,G,mismatch,601,680,1,FALSE
nlgn4a,205,205,1,-,A,T,mismatch,602,716,1,FALSE
nlgn4a,204,204,1,-,A,T,mismatch,603,716,1,FALSE
nlgn4a,189,189,1,-,A,C,mismatch,604,707,1,FALSE
nlgn4a,204,204,1,-,A,G,mismatch,604,707,1,FALSE
nlgn4a,195,195,1,-,A,G,mismatch,605,716,1,FALSE
nlgn4a,195,195,1,-,A,C,mismatch,606,716,1,FALSE
nlgn4a,194,194,1,-,A,T,mismatch,607,716,1,FALSE
nlgn4a,114,114,1,-,T,G,mismatch,608,707,1,FALSE
nlgn4a,194,194,1,-,A,C,mismatch,608,707,1,FALSE
nlgn4a,188,188,1,-,C,G,mismatch,609,716,1,FALSE
nlgn4a,143,143,1,-,C,T,mismatch,610,707,1,FALSE
nlgn4a,179,179,1,-,A,T,mismatch,610,707,1,FALSE
nlgn4a,179,179,1,-,A,C,mismatch,611,716,1,FALSE
nlgn4a,134,134,1,-,G,A,mismatch,612,698,1,FALSE
nlgn4a,170,170,1,-,T,G,mismatch,612,698,1,FALSE
nlgn4a,178,178,1,-,C,G,mismatch,612,698,1,FALSE
nlgn4a,177,177,1,-,A,T,mismatch,613,716,1,FALSE
nlgn4a,175,175,1,-,C,G,mismatch,614,716,1,FALSE
nlgn4a,104,104,1,-,C,T,mismatch,615,680,1,FALSE
nlgn4a,115,115,1,-,G,C,mismatch,615,680,1,FALSE
nlgn4a,125,125,1,-,T,A,mismatch,615,680,1,FALSE
nlgn4a,133,133,1,-,C,A,mismatch,615,680,1,FALSE
nlgn4a,174,174,1,-,A,G,mismatch,615,680,1,FALSE
nlgn4a,168,168,1,-,A,T,mismatch,616,716,1,FALSE
nlgn4a,124,124,1,-,T,A,mismatch,617,707,1,FALSE
nlgn4a,166,166,1,-,C,T,mismatch,617,707,1,FALSE
nlgn4a,157,157,1,-,A,G,mismatch,618,716,1,FALSE
nlgn4a,154,154,1,-,C,T,mismatch,619,716,1,FALSE
nlgn4a,144,144,1,-,A,G,mismatch,620,716,1,FALSE
nlgn4a,115,115,1,-,G,T,mismatch,621,698,1,FALSE
nlgn4a,119,119,1,-,T,A,mismatch,621,698,1,FALSE
nlgn4a,129,129,1,-,G,T,mismatch,621,698,1,FALSE
nlgn4a,127,127,1,-,C,T,mismatch,622,716,1,FALSE
nlgn4a,120,120,1,-,G,A,mismatch,623,707,1,FALSE
nlgn4a,123,123,1,-,C,G,mismatch,623,707,1,FALSE
nlgn4a,122,122,1,-,G,T,mismatch,624,716,1,FALSE
nlgn4a,113,113,1,-,C,G,mismatch,626,716,1,FALSE
nlgn4a,111,111,1,-,A,C,mismatch,627,716,1,FALSE
nlgn4a,103,103,1,-,G,T,mismatch,628,716,1,FALSE
nlgn4a,102,102,1,-,C,G,mismatch,629,716,1,FALSE
nlgn4a,103,103,1,-,G,A,mismatch,630,716,1,FALSE
nlgn4a,104,104,1,-,C,A,mismatch,631,716,1,FALSE
nlgn4a,107,107,1,-,T,C,mismatch,632,716,1,FALSE
nlgn4a,110,110,1,-,T,A,mismatch,633,716,1,FALSE
nlgn4a,112,112,1,-,C,A,mismatch,634,716,1,FALSE
nlgn4a,113,113,1,-,C,A,mismatch,635,716,1,FALSE
nlgn4a,115,115,1,-,G,A,mismatch,636,716,1,FALSE
nlgn4a,118,118,1,-,T,G,mismatch,637,716,1,FALSE
nlgn4a,118,118,1,-,T,C,mismatch,638,716,1,FALSE
nlgn4a,118,118,1,-,T,A,mismatch,639,716,1,FALSE
nlgn4a,120,120,1,-,G,A,mismatch,640,716,1,FALSE
nlgn4a,118,118,1,-,T,A,mismatch,641,707,1,FALSE
nlgn4a,124,124,1,-,T,C,mismatch,641,707,1,FALSE
nlgn4a,102,102,1,-,C,T,mismatch,642,707,1,FALSE
nlgn4a,124,124,1,-,T,A,mismatch,642,707,1,FALSE
nlgn4a,124,124,1,-,T,A,mismatch,643,716,1,FALSE
nlgn4a,126,126,1,-,G,C,mismatch,644,716,1,FALSE
nlgn4a,127,127,1,-,C,A,mismatch,645,716,1,FALSE
nlgn4a,128,128,1,-,G,A,mismatch,646,716,1,FALSE
nlgn4a,134,134,1,-,G,A,mismatch,647,716,1,FALSE
nlgn4a,126,126,1,-,G,T,mismatch,648,707,1,FALSE
nlgn4a,135,135,1,-,T,C,mismatch,648,707,1,FALSE
nlgn4a,115,115,1,-,G,C,mismatch,649,707,1,FALSE
nlgn4a,135,135,1,-,T,A,mismatch,649,707,1,FALSE
nlgn4a,136,136,1,-,G,C,mismatch,650,716,1,FALSE
nlgn4a,136,136,1,-,G,A,mismatch,651,716,1,FALSE
nlgn4a,137,137,1,-,G,C,mismatch,652,716,1,FALSE
nlgn4a,141,141,1,-,G,A,mismatch,653,716,1,FALSE
nlgn4a,145,145,1,-,T,G,mismatch,654,716,1,FALSE
nlgn4a,125,125,1,-,T,A,mismatch,655,707,1,FALSE
nlgn4a,146,146,1,-,T,A,mismatch,655,707,1,FALSE
nlgn4a,133,133,1,-,C,G,mismatch,656,707,1,FALSE
nlgn4a,152,152,1,-,G,C,mismatch,656,707,1,FALSE
nlgn4a,134,134,1,-,G,T,mismatch,657,698,1,FALSE
nlgn4a,137,137,1,-,G,T,mismatch,657,698,1,FALSE
nlgn4a,161,161,1,-,G,C,mismatch,657,698,1,FALSE
nlgn4a,161,161,1,-,G,C,mismatch,658,716,1,FALSE
nlgn4a,164,164,1,-,C,A,mismatch,659,716,1,FALSE
nlgn4a,131,131,1,-,T,A,mismatch,660,707,1,FALSE
nlgn4a,166,166,1,-,C,A,mismatch,660,707,1,FALSE
nlgn4a,167,167,1,-,T,G,mismatch,661,716,1,FALSE
nlgn4a,118,118,1,-,T,G,mismatch,662,680,1,FALSE
nlgn4a,156,156,1,-,C,G,mismatch,662,680,1,FALSE
nlgn4a,169,169,1,-,T,A,mismatch,662,680,1,FALSE
nlgn4a,169,169,1,-,T,A,mismatch,663,716,1,FALSE
nlgn4a,170,170,1,-,T,C,mismatch,664,716,1,FALSE
nlgn4a,172,172,1,-,T,A,mismatch,665,716,1,FALSE
nlgn4a,121,121,1,-,T,A,mismatch,666,698,1,FALSE
nlgn4a,124,124,1,-,T,G,mismatch,666,698,1,FALSE
nlgn4a,176,176,1,-,G,C,mismatch,666,698,1,FALSE
nlgn4a,185,185,1,-,T,G,mismatch,667,716,1,FALSE
nlgn4a,103,103,1,-,G,A,mismatch,668,707,1,FALSE
nlgn4a,186,186,1,-,G,A,mismatch,668,707,1,FALSE
nlgn4a,174,174,1,-,A,T,mismatch,669,707,1,FALSE
nlgn4a,187,187,1,-,G,C,mismatch,669,707,1,FALSE
nlgn4a,103,103,1,-,G,C,mismatch,670,707,1,FALSE
nlgn4a,187,187,1,-,G,C,mismatch,670,707,1,FALSE
nlgn4a,198,198,1,-,G,C,mismatch,671,716,1,FALSE
nlgn4a,138,138,1,-,C,T,mismatch,672,707,1,FALSE
nlgn4a,198,198,1,-,G,A,mismatch,672,707,1,FALSE
nlgn4a,105,105,1,-,C,T,mismatch,673,698,1,FALSE
nlgn4a,142,142,1,-,C,A,mismatch,673,698,1,FALSE
nlgn4a,212,212,1,-,T,G,mismatch,673,698,1,FALSE
nlgn4a,212,212,1,-,T,A,mismatch,674,716,1,FALSE
nlgn4a,110,110,1,-,T,A,mismatch,675,698,1,FALSE
nlgn4a,158,158,1,-,G,T,mismatch,675,698,1,FALSE
nlgn4a,226,226,1,-,T,G,mismatch,675,698,1,FALSE
nlgn4a,226,226,1,-,T,G,mismatch,676,716,1,FALSE
nlgn4a,166,166,1,-,C,A,mismatch,677,698,1,FALSE
nlgn4a,178,178,1,-,C,T,mismatch,677,698,1,FALSE
nlgn4a,231,231,1,-,G,C,mismatch,677,698,1,FALSE
nlgn4a,171,171,1,-,G,A,mismatch,678,698,1,FALSE
nlgn4a,208,208,1,-,C,T,mismatch,678,698,1,FALSE
nlgn4a,139,139,1,-,T,A,mismatch,680,698,1,FALSE
nlgn4a,189,189,1,-,A,G,mismatch,680,698,1,FALSE
nlgn4a,122,122,1,-,G,T,mismatch,681,716,1,FALSE
nlgn4a,114,114,1,-,T,G,mismatch,682,716,1,FALSE
nlgn4a,110,110,1,-,T,A,mismatch,683,716,1,FALSE
nlgn4a,126,126,1,-,G,C,mismatch,685,732,1,FALSE
nlgn4a,168,168,1,-,A,T,mismatch,685,732,1,FALSE
nlgn4a,103,103,1,-,G,A,mismatch,686,716,1,FALSE
nlgn4a,144,144,1,-,A,G,mismatch,687,711,1,FALSE
nlgn4a,175,175,1,-,C,G,mismatch,689,711,1,FALSE
nlgn4a,229,229,1,-,T,A,mismatch,690,702,1,FALSE
nlgn4a,131,131,1,-,T,A,mismatch,691,702,1,FALSE
nlgn4a,208,208,1,-,C,T,mismatch,691,702,1,FALSE
nlgn4a,150,150,1,-,T,A,mismatch,692,702,1,FALSE
nlgn4a,200,200,1,-,C,G,mismatch,692,702,1,FALSE
nlgn4a,195,195,1,-,A,T,mismatch,693,711,1,FALSE
nlgn4a,108,108,1,-,T,G,mismatch,694,711,1,FALSE
nlgn4a,125,125,1,-,T,C,mismatch,695,711,1,FALSE
nlgn4a,127,127,1,-,C,A,mismatch,696,702,1,FALSE
nlgn4a,200,200,1,-,C,A,mismatch,696,702,1,FALSE
nlgn4a,212,212,1,-,T,A,mismatch,697,711,1,FALSE
nlgn4a,115,115,1,-,G,C,mismatch,698,702,1,FALSE
nlgn4a,226,226,1,-,T,A,mismatch,698,702,1,FALSE
nlgn4a,114,114,1,-,T,C,mismatch,701,702,1,FALSE
nlgn4a,219,219,1,-,A,G,mismatch,701,702,1,FALSE
nlgn4a,190,190,1,-,A,G,mismatch,702,702,1,FALSE
nlgn4a,208,208,1,-,C,T,mismatch,702,702,1,FALSE
nlgn4a,114,114,1,-,T,A,mismatch,703,702,1,FALSE
nlgn4a,149,149,1,-,A,T,mismatch,703,702,1,FALSE
nlgn4a,106,106,1,-,T,G,mismatch,704,693,1,FALSE
nlgn4a,117,117,1,-,A,C,mismatch,704,693,1,FALSE
nlgn4a,149,149,1,-,A,C,mismatch,704,693,1,FALSE
nlgn4a,148,148,1,-,C,T,mismatch,705,711,1,FALSE
nlgn4a,104,104,1,-,C,T,mismatch,706,711,1,FALSE
nlgn4a,104,104,1,-,C,G,mismatch,707,693,1,FALSE
nlgn4a,110,110,1,-,T,A,mismatch,707,693,1,FALSE
nlgn4a,121,121,1,-,T,C,mismatch,707,693,1,FALSE
nlgn4a,129,129,1,-,G,A,mismatch,709,702,1,FALSE
nlgn4a,136,136,1,-,G,A,mismatch,709,702,1,FALSE
nlgn4a,123,123,1,-,C,A,mismatch,710,702,1,FALSE
nlgn4a,139,139,1,-,T,A,mismatch,710,702,1,FALSE
nlgn4a,109,109,1,-,T,G,mismatch,711,702,1,FALSE
nlgn4a,146,146,1,-,T,C,mismatch,711,702,1,FALSE
nlgn4a,193,193,1,-,T,G,mismatch,712,711,1,FALSE
nlgn4a,211,211,1,-,C,A,mismatch,713,711,1,FALSE
nlgn4a,232,232,1,-,G,A,mismatch,714,711,1,FALSE
nlgn4a,212,212,1,-,T,C,mismatch,715,702,1,FALSE
nlgn4a,233,233,1,-,G,A,mismatch,715,702,1,FALSE
nlgn4a,108,108,1,-,T,C,mismatch,716,684,1,FALSE
nlgn4a,111,111,1,-,A,C,mismatch,716,684,1,FALSE
nlgn4a,127,127,1,-,C,A,mismatch,716,684,1,FALSE
nlgn4a,162,162,1,-,C,G,mismatch,717,711,1,FALSE
nlgn4a,116,116,1,-,G,T,mismatch,718,716,1,FALSE
nlgn4a,141,141,1,-,G,A,mismatch,720,716,1,FALSE
nlgn4a,111,111,1,-,A,G,mismatch,722,707,1,FALSE
nlgn4a,129,129,1,-,G,C,mismatch,722,707,1,FALSE
nlgn4a,181,181,1,-,A,G,mismatch,723,702,1,FALSE
nlgn4a,214,214,1,-,T,G,mismatch,723,702,1,FALSE
nlgn4a,172,172,1,-,T,G,mismatch,724,702,1,FALSE
nlgn4a,104,104,1,-,C,A,mismatch,726,693,1,FALSE
nlgn4a,169,169,1,-,T,C,mismatch,726,693,1,FALSE
nlgn4a,112,112,1,-,C,T,mismatch,727,693,1,FALSE
nlgn4a,181,181,1,-,A,G,mismatch,727,693,1,FALSE
nlgn4a,205,205,1,-,A,C,mismatch,727,693,1,FALSE
nlgn4a,198,198,1,-,G,T,mismatch,728,711,1,FALSE
nlgn4a,151,151,1,-,G,T,mismatch,729,702,1,FALSE
nlgn4a,162,162,1,-,C,T,mismatch,729,702,1,FALSE
nlgn4a,119,119,1,-,T,A,mismatch,730,693,1,FALSE
nlgn4a,134,134,1,-,G,T,mismatch,730,693,1,FALSE
nlgn4a,152,152,1,-,G,T,mismatch,730,693,1,FALSE
nlgn4a,137,137,1,-,G,T,mismatch,731,711,1,FALSE
nlgn4a,105,105,1,-,C,A,mismatch,732,693,1,FALSE
nlgn4a,114,114,1,-,T,C,mismatch,732,693,1,FALSE
nlgn4a,117,117,1,-,A,C,mismatch,732,693,1,FALSE
nlgn4a,115,115,1,-,G,A,mismatch,733,711,1,FALSE
nlgn4a,118,118,1,-,T,G,mismatch,734,711,1,FALSE
nlgn4a,110,110,1,-,T,G,mismatch,735,702,1,FALSE
nlgn4a,145,145,1,-,T,G,mismatch,735,702,1,FALSE
nlgn4a,114,114,1,-,T,G,mismatch,736,693,1,FALSE
nlgn4a,137,137,1,-,G,A,mismatch,736,693,1,FALSE
nlgn4a,146,146,1,-,T,C,mismatch,736,693,1,FALSE
nlgn4a,121,121,1,-,T,C,mismatch,737,693,1,FALSE
nlgn4a,145,145,1,-,T,C,mismatch,737,693,1,FALSE
nlgn4a,148,148,1,-,C,A,mismatch,737,693,1,FALSE
nlgn4a,116,116,1,-,G,A,mismatch,738,684,1,FALSE
nlgn4a,125,125,1,-,T,A,mismatch,738,684,1,FALSE
nlgn4a,156,156,1,-,C,T,mismatch,738,684,1,FALSE
nlgn4a,171,171,1,-,G,C,mismatch,738,684,1,FALSE
nlgn4a,156,156,1,-,C,G,mismatch,739,702,1,FALSE
nlgn4a,173,173,1,-,T,C,mismatch,739,702,1,FALSE
nlgn4a,117,117,1,-,A,G,mismatch,740,702,1,FALSE
nlgn4a,191,191,1,-,G,A,mismatch,740,702,1,FALSE
nlgn4a,111,111,1,-,A,G,mismatch,741,702,1,FALSE
nlgn4a,193,193,1,-,T,A,mismatch,741,702,1,FALSE
nlgn4a,123,123,1,-,C,G,mismatch,742,702,1,FALSE
nlgn4a,202,202,1,-,T,C,mismatch,742,702,1,FALSE
nlgn4a,217,217,1,-,C,A,mismatch,743,702,1,FALSE
nlgn4a,112,112,1,-,C,A,mismatch,746,698,1,FALSE
nlgn4a,145,145,1,-,T,G,mismatch,746,698,1,FALSE
nlgn4a,182,182,1,-,C,A,mismatch,746,698,1,FALSE
nlgn4a,169,169,1,-,T,G,mismatch,747,707,1,FALSE
nlgn4a,188,188,1,-,C,T,mismatch,747,707,1,FALSE
nlgn4a,136,136,1,-,G,C,mismatch,749,707,1,FALSE
nlgn4a,142,142,1,-,C,G,mismatch,749,707,1,FALSE
nlgn4a,140,140,1,-,G,C,mismatch,750,698,1,FALSE
nlgn4a,105,105,1,-,C,A,mismatch,752,689,1,FALSE
nlgn4a,172,172,1,-,T,G,mismatch,752,689,1,FALSE
nlgn4a,176,176,1,-,G,A,mismatch,752,689,1,FALSE
nlgn4a,176,176,1,-,G,T,mismatch,753,707,1,FALSE
nlgn4a,107,107,1,-,T,C,mismatch,755,680,1,FALSE
nlgn4a,125,125,1,-,T,C,mismatch,755,680,1,FALSE
nlgn4a,152,152,1,-,G,T,mismatch,755,680,1,FALSE
nlgn4a,168,168,1,-,A,C,mismatch,755,680,1,FALSE
nlgn4a,122,122,1,-,G,C,mismatch,756,698,1,FALSE
nlgn4a,197,197,1,-,A,C,mismatch,756,698,1,FALSE
nlgn4a,108,108,1,-,T,A,mismatch,757,707,1,FALSE
nlgn4a,151,151,1,-,G,A,mismatch,760,698,1,FALSE
nlgn4a,181,181,1,-,A,C,mismatch,760,698,1,FALSE
nlgn4a,160,160,1,-,A,C,mismatch,761,707,1,FALSE
nlgn4a,123,123,1,-,C,G,mismatch,762,689,1,FALSE
nlgn4a,121,121,1,-,T,A,mismatch,763,698,1,FALSE
nlgn4a,143,143,1,-,C,A,mismatch,763,698,1,FALSE
nlgn4a,212,212,1,-,T,C,mismatch,764,707,1,FALSE
nlgn4a,137,137,1,-,G,T,mismatch,765,707,1,FALSE
nlgn4a,125,125,1,-,T,A,mismatch,766,689,1,FALSE
nlgn4a,167,167,1,-,T,A,mismatch,766,689,1,FALSE
nlgn4a,197,197,1,-,A,T,mismatch,766,689,1,FALSE
nlgn4a,228,228,1,-,C,G,mismatch,767,716,1,FALSE
nlgn4a,110,110,1,-,T,G,mismatch,768,698,1,FALSE
nlgn4a,171,171,1,-,G,A,mismatch,768,698,1,FALSE
nlgn4a,223,223,1,-,A,G,mismatch,768,698,1,FALSE
nlgn4a,212,212,1,-,T,G,mismatch,769,707,1,FALSE
nlgn4a,222,222,1,-,G,T,mismatch,769,707,1,FALSE
nlgn4a,190,190,1,-,A,T,mismatch,770,707,1,FALSE
nlgn4a,220,220,1,-,A,C,mismatch,770,707,1,FALSE
nlgn4a,101,101,1,-,A,G,mismatch,771,698,1,FALSE
nlgn4a,151,151,1,-,G,C,mismatch,771,698,1,FALSE
nlgn4a,220,220,1,-,A,C,mismatch,771,698,1,FALSE
nlgn4a,111,111,1,-,A,G,mismatch,772,707,1,FALSE
nlgn4a,218,218,1,-,C,G,mismatch,772,707,1,FALSE
nlgn4a,100,100,1,-,T,C,mismatch,773,680,1,FALSE
nlgn4a,136,136,1,-,G,C,mismatch,773,680,1,FALSE
nlgn4a,145,145,1,-,T,C,mismatch,773,680,1,FALSE
nlgn4a,154,154,1,-,C,T,mismatch,773,680,1,FALSE
nlgn4a,215,215,1,-,G,T,mismatch,773,680,1,FALSE
nlgn4a,110,110,1,-,T,C,mismatch,774,707,1,FALSE
nlgn4a,211,211,1,-,C,T,mismatch,774,707,1,FALSE
nlgn4a,114,114,1,-,T,C,mismatch,775,707,1,FALSE
nlgn4a,210,210,1,-,C,T,mismatch,775,707,1,FALSE
nlgn4a,195,195,1,-,A,C,mismatch,776,707,1,FALSE
nlgn4a,210,210,1,-,C,G,mismatch,776,707,1,FALSE
nlgn4a,111,111,1,-,A,T,mismatch,777,680,1,FALSE
nlgn4a,142,142,1,-,C,G,mismatch,777,680,1,FALSE
nlgn4a,154,154,1,-,C,T,mismatch,777,680,1,FALSE
nlgn4a,184,184,1,-,A,T,mismatch,777,680,1,FALSE
nlgn4a,210,210,1,-,C,G,mismatch,777,680,1,FALSE
nlgn4a,106,106,1,-,T,A,mismatch,778,698,1,FALSE
nlgn4a,188,188,1,-,C,A,mismatch,778,698,1,FALSE
nlgn4a,207,207,1,-,A,T,mismatch,778,698,1,FALSE
nlgn4a,207,207,1,-,A,G,mismatch,779,716,1,FALSE
nlgn4a,207,207,1,-,A,C,mismatch,780,716,1,FALSE
nlgn4a,105,105,1,-,C,T,mismatch,781,698,1,FALSE
nlgn4a,194,194,1,-,A,T,mismatch,781,698,1,FALSE
nlgn4a,206,206,1,-,A,C,mismatch,781,698,1,FALSE
nlgn4a,122,122,1,-,G,C,mismatch,782,707,1,FALSE
nlgn4a,205,205,1,-,A,C,mismatch,782,707,1,FALSE
nlgn4a,100,100,1,-,T,A,mismatch,783,707,1,FALSE
nlgn4a,204,204,1,-,A,C,mismatch,783,707,1,FALSE
nlgn4a,200,200,1,-,C,T,mismatch,784,716,1,FALSE
nlgn4a,103,103,1,-,G,T,mismatch,785,707,1,FALSE
nlgn4a,195,195,1,-,A,T,mismatch,785,707,1,FALSE
nlgn4a,144,144,1,-,A,C,mismatch,786,707,1,FALSE
nlgn4a,195,195,1,-,A,G,mismatch,786,707,1,FALSE
nlgn4a,195,195,1,-,A,G,mismatch,787,716,1,FALSE
nlgn4a,111,111,1,-,A,G,mismatch,788,707,1,FALSE
nlgn4a,194,194,1,-,A,G,mismatch,788,707,1,FALSE
nlgn4a,192,192,1,-,C,T,mismatch,789,716,1,FALSE
nlgn4a,192,192,1,-,C,G,mismatch,790,716,1,FALSE
nlgn4a,181,181,1,-,A,G,mismatch,791,707,1,FALSE
nlgn4a,191,191,1,-,G,T,mismatch,791,707,1,FALSE
nlgn4a,100,100,1,-,T,G,mismatch,792,707,1,FALSE
nlgn4a,190,190,1,-,A,T,mismatch,792,707,1,FALSE
nlgn4a,190,190,1,-,A,G,mismatch,793,716,1,FALSE
nlgn4a,190,190,1,-,A,C,mismatch,794,716,1,FALSE
nlgn4a,113,113,1,-,C,G,mismatch,795,698,1,FALSE
nlgn4a,156,156,1,-,C,T,mismatch,795,698,1,FALSE
nlgn4a,189,189,1,-,A,T,mismatch,795,698,1,FALSE
nlgn4a,188,188,1,-,C,T,mismatch,796,716,1,FALSE
nlgn4a,164,164,1,-,C,T,mismatch,797,707,1,FALSE
nlgn4a,188,188,1,-,C,G,mismatch,797,707,1,FALSE
nlgn4a,137,137,1,-,G,A,mismatch,798,707,1,FALSE
nlgn4a,187,187,1,-,G,T,mismatch,798,707,1,FALSE
nlgn4a,181,181,1,-,A,G,mismatch,799,716,1,FALSE
nlgn4a,181,181,1,-,A,C,mismatch,800,716,1,FALSE
nlgn4a,179,179,1,-,A,T,mismatch,801,716,1,FALSE
nlgn4a,157,157,1,-,A,C,mismatch,802,707,1,FALSE
nlgn4a,179,179,1,-,A,G,mismatch,802,707,1,FALSE
nlgn4a,138,138,1,-,C,G,mismatch,803,698,1,FALSE
nlgn4a,160,160,1,-,A,G,mismatch,803,698,1,FALSE
nlgn4a,178,178,1,-,C,G,mismatch,803,698,1,FALSE
nlgn4a,121,121,1,-,T,A,mismatch,804,707,1,FALSE
nlgn4a,175,175,1,-,C,T,mismatch,804,707,1,FALSE
nlgn4a,117,117,1,-,A,G,mismatch,805,698,1,FALSE
nlgn4a,147,147,1,-,A,G,mismatch,805,698,1,FALSE
nlgn4a,175,175,1,-,C,G,mismatch,805,698,1,FALSE
nlgn4a,174,174,1,-,A,T,mismatch,806,716,1,FALSE
nlgn4a,174,174,1,-,A,C,mismatch,807,716,1,FALSE
nlgn4a,123,123,1,-,C,T,mismatch,808,707,1,FALSE
nlgn4a,166,166,1,-,C,T,mismatch,808,707,1,FALSE
nlgn4a,131,131,1,-,T,C,mismatch,809,698,1,FALSE
nlgn4a,159,159,1,-,C,T,mismatch,809,698,1,FALSE
nlgn4a,163,163,1,-,A,C,mismatch,809,698,1,FALSE
nlgn4a,151,151,1,-,G,C,mismatch,810,707,1,FALSE
nlgn4a,162,162,1,-,C,G,mismatch,810,707,1,FALSE
nlgn4a,140,140,1,-,G,A,mismatch,811,698,1,FALSE
nlgn4a,147,147,1,-,A,G,mismatch,811,698,1,FALSE
nlgn4a,161,161,1,-,G,T,mismatch,811,698,1,FALSE
nlgn4a,161,161,1,-,G,T,mismatch,812,716,1,FALSE
nlgn4a,160,160,1,-,A,G,mismatch,813,716,1,FALSE
nlgn4a,110,110,1,-,T,A,mismatch,814,707,1,FALSE
nlgn4a,160,160,1,-,A,G,mismatch,814,707,1,FALSE
nlgn4a,157,157,1,-,A,G,mismatch,815,716,1,FALSE
nlgn4a,140,140,1,-,G,A,mismatch,816,707,1,FALSE
nlgn4a,157,157,1,-,A,C,mismatch,816,707,1,FALSE
nlgn4a,110,110,1,-,T,G,mismatch,817,698,1,FALSE
nlgn4a,143,143,1,-,C,T,mismatch,817,698,1,FALSE
nlgn4a,153,153,1,-,G,T,mismatch,817,698,1,FALSE
nlgn4a,151,151,1,-,G,T,mismatch,818,716,1,FALSE
nlgn4a,112,112,1,-,C,G,mismatch,819,707,1,FALSE
nlgn4a,148,148,1,-,C,G,mismatch,819,707,1,FALSE
nlgn4a,144,144,1,-,A,G,mismatch,820,716,1,FALSE
nlgn4a,112,112,1,-,C,G,mismatch,821,707,1,FALSE
nlgn4a,143,143,1,-,C,T,mismatch,821,707,1,FALSE
nlgn4a,143,143,1,-,C,G,mismatch,822,716,1,FALSE
nlgn4a,142,142,1,-,C,T,mismatch,823,716,1,FALSE
nlgn4a,121,121,1,-,T,A,mismatch,824,707,1,FALSE
nlgn4a,142,142,1,-,C,T,mismatch,824,707,1,FALSE
nlgn4a,110,110,1,-,T,G,mismatch,825,707,1,FALSE
nlgn4a,142,142,1,-,C,G,mismatch,825,707,1,FALSE
nlgn4a,121,121,1,-,T,C,mismatch,826,707,1,FALSE
nlgn4a,142,142,1,-,C,G,mismatch,826,707,1,FALSE
nlgn4a,122,122,1,-,G,A,mismatch,827,707,1,FALSE
nlgn4a,141,141,1,-,G,T,mismatch,827,707,1,FALSE
nlgn4a,140,140,1,-,G,T,mismatch,828,716,1,FALSE
nlgn4a,138,138,1,-,C,T,mismatch,829,716,1,FALSE
nlgn4a,136,136,1,-,G,T,mismatch,830,716,1,FALSE
nlgn4a,107,107,1,-,T,A,mismatch,831,716,1,FALSE
nlgn4a,111,111,1,-,A,G,mismatch,832,707,1,FALSE
nlgn4a,127,127,1,-,C,T,mismatch,832,707,1,FALSE
nlgn4a,101,101,1,-,A,C,mismatch,833,707,1,FALSE
nlgn4a,127,127,1,-,C,T,mismatch,833,707,1,FALSE
nlgn4a,127,127,1,-,C,G,mismatch,834,716,1,FALSE
nlgn4a,105,105,1,-,C,G,mismatch,835,707,1,FALSE
nlgn4a,126,126,1,-,G,T,mismatch,835,707,1,FALSE
nlgn4a,123,123,1,-,C,T,mismatch,836,716,1,FALSE
nlgn4a,108,108,1,-,T,A,mismatch,837,689,1,FALSE
nlgn4a,116,116,1,-,G,T,mismatch,837,689,1,FALSE
nlgn4a,115,115,1,-,G,T,mismatch,838,716,1,FALSE
nlgn4a,112,112,1,-,C,T,mismatch,839,716,1,FALSE
nlgn4a,107,107,1,-,T,C,mismatch,840,707,1,FALSE
nlgn4a,112,112,1,-,C,G,mismatch,840,707,1,FALSE
nlgn4a,105,105,1,-,C,T,mismatch,841,716,1,FALSE
nlgn4a,103,103,1,-,G,T,mismatch,842,716,1,FALSE
nlgn4a,101,101,1,-,A,T,mismatch,843,716,1,FALSE
nlgn4a,101,101,1,-,A,C,mismatch,844,716,1,FALSE
nlgn4a,100,100,1,-,T,C,mismatch,845,716,1,FALSE
nlgn4a,100,100,1,-,T,G,mismatch,846,707,1,FALSE
nlgn4a,102,102,1,-,C,A,mismatch,846,707,1,FALSE
nlgn4a,103,103,1,-,G,A,mismatch,847,716,1,FALSE
nlgn4a,105,105,1,-,C,A,mismatch,848,716,1,FALSE
nlgn4a,106,106,1,-,T,A,mismatch,849,716,1,FALSE
nlgn4a,107,107,1,-,T,G,mismatch,850,716,1,FALSE
nlgn4a,107,107,1,-,T,A,mismatch,851,716,1,FALSE
nlgn4a,109,109,1,-,T,G,mismatch,852,716,1,FALSE
nlgn4a,110,110,1,-,T,C,mismatch,853,716,1,FALSE
nlgn4a,109,109,1,-,T,G,mismatch,854,707,1,FALSE
nlgn4a,112,112,1,-,C,A,mismatch,854,707,1,FALSE
nlgn4a,114,114,1,-,T,C,mismatch,855,716,1,FALSE
nlgn4a,115,115,1,-,G,A,mismatch,856,716,1,FALSE
nlgn4a,116,116,1,-,G,A,mismatch,857,716,1,FALSE
nlgn4a,118,118,1,-,T,G,mismatch,858,716,1,FALSE
nlgn4a,118,118,1,-,T,A,mismatch,859,716,1,FALSE
nlgn4a,105,105,1,-,C,G,mismatch,860,707,1,FALSE
nlgn4a,120,120,1,-,G,A,mismatch,860,707,1,FALSE
nlgn4a,121,121,1,-,T,G,mismatch,861,716,1,FALSE
nlgn4a,119,119,1,-,T,A,mismatch,862,707,1,FALSE
nlgn4a,121,121,1,-,T,C,mismatch,862,707,1,FALSE
nlgn4a,121,121,1,-,T,A,mismatch,863,716,1,FALSE
nlgn4a,123,123,1,-,C,A,mismatch,864,716,1,FALSE
nlgn4a,108,108,1,-,T,G,mismatch,865,707,1,FALSE
nlgn4a,124,124,1,-,T,C,mismatch,865,707,1,FALSE
nlgn4a,112,112,1,-,C,T,mismatch,866,707,1,FALSE
nlgn4a,124,124,1,-,T,A,mismatch,866,707,1,FALSE
nlgn4a,124,124,1,-,T,A,mismatch,867,716,1,FALSE
nlgn4a,111,111,1,-,A,T,mismatch,868,698,1,FALSE
nlgn4a,118,118,1,-,T,G,mismatch,868,698,1,FALSE
nlgn4a,125,125,1,-,T,G,mismatch,868,698,1,FALSE
nlgn4a,104,104,1,-,C,T,mismatch,869,707,1,FALSE
nlgn4a,125,125,1,-,T,A,mismatch,869,707,1,FALSE
nlgn4a,125,125,1,-,T,A,mismatch,870,716,1,FALSE
nlgn4a,127,127,1,-,C,A,mismatch,871,716,1,FALSE
nlgn4a,128,128,1,-,G,C,mismatch,872,716,1,FALSE
nlgn4a,106,106,1,-,T,A,mismatch,873,707,1,FALSE
nlgn4a,128,128,1,-,G,A,mismatch,873,707,1,FALSE
nlgn4a,130,130,1,-,C,A,mismatch,874,716,1,FALSE
nlgn4a,136,136,1,-,G,A,mismatch,875,716,1,FALSE
nlgn4a,137,137,1,-,G,C,mismatch,876,716,1,FALSE
nlgn4a,138,138,1,-,C,A,mismatch,877,716,1,FALSE
nlgn4a,115,115,1,-,G,C,mismatch,878,707,1,FALSE
nlgn4a,139,139,1,-,T,G,mismatch,878,707,1,FALSE
nlgn4a,139,139,1,-,T,C,mismatch,879,716,1,FALSE
nlgn4a,100,100,1,-,T,C,mismatch,880,707,1,FALSE
nlgn4a,139,139,1,-,T,A,mismatch,880,707,1,FALSE
nlgn4a,137,137,1,-,G,C,mismatch,881,707,1,FALSE
nlgn4a,139,139,1,-,T,A,mismatch,881,707,1,FALSE
nlgn4a,140,140,1,-,G,C,mismatch,882,716,1,FALSE
nlgn4a,130,130,1,-,C,T,mismatch,883,707,1,FALSE
nlgn4a,141,141,1,-,G,C,mismatch,883,707,1,FALSE
nlgn4a,141,141,1,-,G,C,mismatch,884,716,1,FALSE
nlgn4a,142,142,1,-,C,A,mismatch,885,716,1,FALSE
nlgn4a,135,135,1,-,T,A,mismatch,886,707,1,FALSE
nlgn4a,143,143,1,-,C,A,mismatch,886,707,1,FALSE
nlgn4a,101,101,1,-,A,G,mismatch,887,698,1,FALSE
nlgn4a,113,113,1,-,C,T,mismatch,887,698,1,FALSE
nlgn4a,146,146,1,-,T,G,mismatch,887,698,1,FALSE
nlgn4a,146,146,1,-,T,C,mismatch,888,716,1,FALSE
nlgn4a,148,148,1,-,C,A,mismatch,889,716,1,FALSE
nlgn4a,103,103,1,-,G,A,mismatch,890,698,1,FALSE
nlgn4a,124,124,1,-,T,G,mismatch,890,698,1,FALSE
nlgn4a,148,148,1,-,C,A,mismatch,890,698,1,FALSE
nlgn4a,150,150,1,-,T,C,mismatch,891,716,1,FALSE
nlgn4a,148,148,1,-,C,A,mismatch,892,707,1,FALSE
nlgn4a,151,151,1,-,G,C,mismatch,892,707,1,FALSE
nlgn4a,151,151,1,-,G,A,mismatch,893,716,1,FALSE
nlgn4a,152,152,1,-,G,C,mismatch,894,716,1,FALSE
nlgn4a,149,149,1,-,A,C,mismatch,895,707,1,FALSE
nlgn4a,155,155,1,-,T,G,mismatch,895,707,1,FALSE
nlgn4a,158,158,1,-,G,A,mismatch,896,716,1,FALSE
nlgn4a,128,128,1,-,G,C,mismatch,897,707,1,FALSE
nlgn4a,159,159,1,-,C,A,mismatch,897,707,1,FALSE
nlgn4a,124,124,1,-,T,A,mismatch,898,689,1,FALSE
nlgn4a,146,146,1,-,T,A,mismatch,898,689,1,FALSE
nlgn4a,150,150,1,-,T,A,mismatch,898,689,1,FALSE
nlgn4a,162,162,1,-,C,A,mismatch,898,689,1,FALSE
nlgn4a,166,166,1,-,C,A,mismatch,899,716,1,FALSE
nlgn4a,121,121,1,-,T,C,mismatch,900,707,1,FALSE
nlgn4a,166,166,1,-,C,A,mismatch,900,707,1,FALSE
nlgn4a,130,130,1,-,C,A,mismatch,901,707,1,FALSE
nlgn4a,167,167,1,-,T,C,mismatch,901,707,1,FALSE
nlgn4a,117,117,1,-,A,G,mismatch,902,707,1,FALSE
nlgn4a,169,169,1,-,T,G,mismatch,902,707,1,FALSE
nlgn4a,112,112,1,-,C,G,mismatch,903,707,1,FALSE
nlgn4a,169,169,1,-,T,A,mismatch,903,707,1,FALSE
nlgn4a,130,130,1,-,C,A,mismatch,904,707,1,FALSE
nlgn4a,169,169,1,-,T,A,mismatch,904,707,1,FALSE
nlgn4a,135,135,1,-,T,C,mismatch,905,707,1,FALSE
nlgn4a,169,169,1,-,T,A,mismatch,905,707,1,FALSE
nlgn4a,126,126,1,-,G,T,mismatch,906,707,1,FALSE
nlgn4a,170,170,1,-,T,G,mismatch,906,707,1,FALSE
nlgn4a,114,114,1,-,T,C,mismatch,907,698,1,FALSE
nlgn4a,126,126,1,-,G,C,mismatch,907,698,1,FALSE
nlgn4a,170,170,1,-,T,G,mismatch,907,698,1,FALSE
nlgn4a,155,155,1,-,T,C,mismatch,908,707,1,FALSE
nlgn4a,170,170,1,-,T,C,mismatch,908,707,1,FALSE
nlgn4a,139,139,1,-,T,G,mismatch,909,707,1,FALSE
nlgn4a,172,172,1,-,T,G,mismatch,909,707,1,FALSE
nlgn4a,122,122,1,-,G,T,mismatch,910,707,1,FALSE
nlgn4a,173,173,1,-,T,G,mismatch,910,707,1,FALSE
nlgn4a,173,173,1,-,T,G,mismatch,911,716,1,FALSE
nlgn4a,173,173,1,-,T,C,mismatch,912,716,1,FALSE
nlgn4a,102,102,1,-,C,T,mismatch,913,707,1,FALSE
nlgn4a,185,185,1,-,T,A,mismatch,913,707,1,FALSE
nlgn4a,121,121,1,-,T,A,mismatch,914,707,1,FALSE
nlgn4a,186,186,1,-,G,C,mismatch,914,707,1,FALSE
nlgn4a,121,121,1,-,T,G,mismatch,915,707,1,FALSE
nlgn4a,186,186,1,-,G,A,mismatch,915,707,1,FALSE
nlgn4a,193,193,1,-,T,C,mismatch,916,716,1,FALSE
nlgn4a,114,114,1,-,T,G,mismatch,917,707,1,FALSE
nlgn4a,193,193,1,-,T,A,mismatch,917,707,1,FALSE
nlgn4a,169,169,1,-,T,G,mismatch,918,707,1,FALSE
nlgn4a,196,196,1,-,G,C,mismatch,918,707,1,FALSE
nlgn4a,196,196,1,-,G,A,mismatch,919,716,1,FALSE
nlgn4a,150,150,1,-,T,C,mismatch,920,707,1,FALSE
nlgn4a,198,198,1,-,G,C,mismatch,920,707,1,FALSE
nlgn4a,199,199,1,-,G,A,mismatch,921,716,1,FALSE
nlgn4a,201,201,1,-,T,G,mismatch,922,716,1,FALSE
nlgn4a,105,105,1,-,C,T,mismatch,923,698,1,FALSE
nlgn4a,190,190,1,-,A,C,mismatch,923,698,1,FALSE
nlgn4a,201,201,1,-,T,A,mismatch,923,698,1,FALSE
nlgn4a,160,160,1,-,A,T,mismatch,924,707,1,FALSE
nlgn4a,201,201,1,-,T,A,mismatch,924,707,1,FALSE
nlgn4a,117,117,1,-,A,C,mismatch,925,707,1,FALSE
nlgn4a,201,201,1,-,T,A,mismatch,925,707,1,FALSE
nlgn4a,202,202,1,-,T,C,mismatch,926,716,1,FALSE
nlgn4a,109,109,1,-,T,C,mismatch,927,662,1,FALSE
nlgn4a,154,154,1,-,C,G,mismatch,927,662,1,FALSE
nlgn4a,156,156,1,-,C,A,mismatch,927,662,1,FALSE
nlgn4a,139,139,1,-,T,G,mismatch,928,707,1,FALSE
nlgn4a,203,203,1,-,G,C,mismatch,928,707,1,FALSE
nlgn4a,203,203,1,-,G,A,mismatch,929,716,1,FALSE
nlgn4a,208,208,1,-,C,A,mismatch,930,716,1,FALSE
nlgn4a,101,101,1,-,A,C,mismatch,931,707,1,FALSE
nlgn4a,212,212,1,-,T,G,mismatch,931,707,1,FALSE
nlgn4a,102,102,1,-,C,G,mismatch,932,707,1,FALSE
nlgn4a,212,212,1,-,T,C,mismatch,932,707,1,FALSE
nlgn4a,130,130,1,-,C,A,mismatch,933,707,1,FALSE
nlgn4a,212,212,1,-,T,C,mismatch,933,707,1,FALSE
nlgn4a,214,214,1,-,T,C,mismatch,934,716,1,FALSE
nlgn4a,215,215,1,-,G,A,mismatch,935,716,1,FALSE
nlgn4a,218,218,1,-,C,A,mismatch,936,716,1,FALSE
nlgn4a,100,100,1,-,T,G,mismatch,937,707,1,FALSE
nlgn4a,222,222,1,-,G,C,mismatch,937,707,1,FALSE
nlgn4a,149,149,1,-,A,G,mismatch,938,707,1,FALSE
nlgn4a,226,226,1,-,T,G,mismatch,938,707,1,FALSE
nlgn4a,176,176,1,-,G,C,mismatch,939,707,1,FALSE
nlgn4a,227,227,1,-,T,C,mismatch,939,707,1,FALSE
nlgn4a,220,220,1,-,A,G,mismatch,940,707,1,FALSE
nlgn4a,228,228,1,-,C,A,mismatch,940,707,1,FALSE
nlgn4a,167,167,1,-,T,C,mismatch,941,707,1,FALSE
nlgn4a,228,228,1,-,C,A,mismatch,941,707,1,FALSE
nlgn4a,113,113,1,-,C,A,mismatch,942,698,1,FALSE
nlgn4a,119,119,1,-,T,C,mismatch,942,698,1,FALSE
nlgn4a,232,232,1,-,G,C,mismatch,942,698,1,FALSE
nlgn4a,110,110,1,-,T,A,mismatch,944,707,1,FALSE
nlgn4a,194,194,1,-,A,C,mismatch,945,707,1,FALSE
nlgn4a,157,157,1,-,A,C,mismatch,947,707,1,FALSE
nlgn4a,100,100,1,-,T,G,mismatch,948,707,1,FALSE
nlgn4a,136,136,1,-,G,C,mismatch,949,707,1,FALSE
nlgn4a,146,146,1,-,T,G,mismatch,950,698,1,FALSE
nlgn4a,221,221,1,-,T,C,mismatch,950,698,1,FALSE
nlgn4a,138,138,1,-,C,G,mismatch,951,707,1,FALSE
nlgn4a,219,219,1,-,A,T,mismatch,953,707,1,FALSE
nlgn4a,224,224,1,-,G,T,mismatch,955,716,1,FALSE
nlgn4a,157,157,1,-,A,G,mismatch,956,707,1,FALSE
nlgn4a,177,177,1,-,A,G,mismatch,956,707,1,FALSE
nlgn4a,179,179,1,-,A,G,mismatch,958,698,1,FALSE
nlgn4a,187,187,1,-,G,A,mismatch,958,698,1,FALSE
nlgn4a,214,214,1,-,T,A,mismatch,958,698,1,FALSE
nlgn4a,176,176,1,-,G,A,mismatch,960,698,1,FALSE
nlgn4a,193,193,1,-,T,G,mismatch,960,698,1,FALSE
nlgn4a,225,225,1,-,A,G,mismatch,961,716,1,FALSE
nlgn4a,152,152,1,-,G,C,mismatch,962,716,1,FALSE
nlgn4a,173,173,1,-,T,C,mismatch,965,702,1,FALSE
nlgn4a,220,220,1,-,A,G,mismatch,965,702,1,FALSE
nlgn4a,163,163,1,-,A,C,mismatch,966,711,1,FALSE
nlgn4a,116,116,1,-,G,C,mismatch,968,711,1,FALSE
nlgn4a,107,107,1,-,T,G,mismatch,969,693,1,FALSE
nlgn4a,163,163,1,-,A,C,mismatch,969,693,1,FALSE
nlgn4a,173,173,1,-,T,G,mismatch,969,693,1,FALSE
nlgn4a,171,171,1,-,G,A,mismatch,970,693,1,FALSE
nlgn4a,182,182,1,-,C,G,mismatch,970,693,1,FALSE
nlgn4a,191,191,1,-,G,C,mismatch,970,693,1,FALSE
nlgn4a,162,162,1,-,C,A,mismatch,971,693,1,FALSE
nlgn4a,183,183,1,-,T,G,mismatch,971,693,1,FALSE
nlgn4a,215,215,1,-,G,C,mismatch,971,693,1,FALSE
nlgn4a,114,114,1,-,T,C,mismatch,973,698,1,FALSE
nlgn4a,149,149,1,-,A,T,mismatch,974,716,1,FALSE
nlgn4a,95,95,1,-,T,A,mismatch,975,716,1,FALSE
nlgn4a,204,204,1,-,A,C,mismatch,976,707,1,FALSE
nlgn4a,215,215,1,-,G,C,mismatch,976,707,1,FALSE
nlgn4a,211,211,1,-,C,G,mismatch,979,707,1,FALSE
nlgn4a,105,105,1,-,C,G,mismatch,980,707,1,FALSE
nlgn4a,134,134,1,-,G,C,mismatch,981,707,1,FALSE
nlgn4a,108,108,1,-,T,A,mismatch,982,707,1,FALSE
nlgn4a,149,149,1,-,A,C,mismatch,986,707,1,FALSE
nlgn4a,112,112,1,-,C,G,mismatch,987,707,1,FALSE
nlgn4a,102,102,1,-,C,T,mismatch,988,707,1,FALSE
nlgn4a,231,231,1,-,G,T,mismatch,988,707,1,FALSE
nlgn4a,213,213,1,-,C,G,mismatch,989,716,1,FALSE
nlgn4a,209,209,1,-,A,G,mismatch,990,716,1,FALSE
nlgn4a,109,109,1,-,T,A,mismatch,991,680,1,FALSE
nlgn4a,112,112,1,-,C,A,mismatch,991,680,1,FALSE
nlgn4a,126,126,1,-,G,T,mismatch,991,680,1,FALSE
nlgn4a,203,203,1,-,G,T,mismatch,991,680,1,FALSE
nlgn4a,208,208,1,-,C,G,mismatch,991,680,1,FALSE
nlgn4a,207,207,1,-,A,C,mismatch,992,716,1,FALSE
nlgn4a,206,206,1,-,A,T,mismatch,993,698,1,FALSE
nlgn4a,108,108,1,-,T,C,mismatch,994,707,1,FALSE
nlgn4a,204,204,1,-,A,G,mismatch,994,707,1,FALSE
nlgn4a,105,105,1,-,C,G,mismatch,995,689,1,FALSE
nlgn4a,116,116,1,-,G,T,mismatch,995,689,1,FALSE
nlgn4a,119,119,1,-,T,G,mismatch,995,689,1,FALSE
nlgn4a,204,204,1,-,A,G,mismatch,995,689,1,FALSE
nlgn4a,105,105,1,-,C,G,mismatch,996,698,1,FALSE
nlgn4a,113,113,1,-,C,G,mismatch,996,698,1,FALSE
nlgn4a,204,204,1,-,A,C,mismatch,996,698,1,FALSE
nlgn4a,132,132,1,-,G,C,mismatch,997,698,1,FALSE
nlgn4a,186,186,1,-,G,A,mismatch,997,698,1,FALSE
nlgn4a,194,194,1,-,A,T,mismatch,997,698,1,FALSE
nlgn4a,119,119,1,-,T,C,mismatch,998,707,1,FALSE
nlgn4a,192,192,1,-,C,T,mismatch,998,707,1,FALSE
nlgn4a,103,103,1,-,G,C,mismatch,999,698,1,FALSE
nlgn4a,153,153,1,-,G,C,mismatch,999,698,1,FALSE
nlgn4a,192,192,1,-,C,T,mismatch,999,698,1,FALSE
nlgn4a,162,162,1,-,C,G,mismatch,1000,698,1,FALSE
nlgn4a,188,188,1,-,C,A,mismatch,1000,698,1,FALSE
nlgn4a,192,192,1,-,C,T,mismatch,1000,698,1,FALSE
nlgn4a,189,189,1,-,A,T,mismatch,1001,716,1,FALSE
nlgn4a,105,105,1,-,C,T,mismatch,1002,689,1,FALSE
nlgn4a,120,120,1,-,G,A,mismatch,1002,689,1,FALSE
nlgn4a,99,99,1,-,C,G,mismatch,1003,707,1,FALSE
nlgn4a,188,188,1,-,C,T,mismatch,1003,707,1,FALSE
nlgn4a,170,170,1,-,T,G,mismatch,1004,698,1,FALSE
nlgn4a,182,182,1,-,C,T,mismatch,1004,698,1,FALSE
nlgn4a,186,186,1,-,G,T,mismatch,1004,698,1,FALSE
nlgn4a,171,171,1,-,G,C,mismatch,1005,707,1,FALSE
nlgn4a,186,186,1,-,G,T,mismatch,1005,707,1,FALSE
nlgn4a,184,184,1,-,A,C,mismatch,1006,716,1,FALSE
nlgn4a,182,182,1,-,C,T,mismatch,1007,716,1,FALSE
nlgn4a,147,147,1,-,A,C,mismatch,1008,698,1,FALSE
nlgn4a,152,152,1,-,G,A,mismatch,1008,698,1,FALSE
nlgn4a,182,182,1,-,C,T,mismatch,1008,698,1,FALSE
nlgn4a,113,113,1,-,C,T,mismatch,1009,707,1,FALSE
nlgn4a,181,181,1,-,A,T,mismatch,1009,707,1,FALSE
nlgn4a,155,155,1,-,T,A,mismatch,1010,707,1,FALSE
nlgn4a,180,180,1,-,A,C,mismatch,1010,707,1,FALSE
nlgn4a,177,177,1,-,A,T,mismatch,1011,716,1,FALSE
nlgn4a,177,177,1,-,A,G,mismatch,1012,716,1,FALSE
nlgn4a,95,95,1,-,T,C,mismatch,1013,698,1,FALSE
nlgn4a,144,144,1,-,A,G,mismatch,1013,698,1,FALSE
nlgn4a,171,171,1,-,G,T,mismatch,1013,698,1,FALSE
nlgn4a,163,163,1,-,A,G,mismatch,1014,716,1,FALSE
nlgn4a,100,100,1,-,T,C,mismatch,1015,707,1,FALSE
nlgn4a,160,160,1,-,A,G,mismatch,1015,707,1,FALSE
nlgn4a,160,160,1,-,A,C,mismatch,1016,716,1,FALSE
nlgn4a,113,113,1,-,C,A,mismatch,1017,698,1,FALSE
nlgn4a,146,146,1,-,T,C,mismatch,1017,698,1,FALSE
nlgn4a,157,157,1,-,A,T,mismatch,1017,698,1,FALSE
nlgn4a,154,154,1,-,C,T,mismatch,1018,716,1,FALSE
nlgn4a,111,111,1,-,A,T,mismatch,1019,698,1,FALSE
nlgn4a,145,145,1,-,T,A,mismatch,1019,698,1,FALSE
nlgn4a,152,152,1,-,G,T,mismatch,1019,698,1,FALSE
nlgn4a,133,133,1,-,C,T,mismatch,1020,716,1,FALSE
nlgn4a,130,130,1,-,C,T,mismatch,1021,716,1,FALSE
nlgn4a,130,130,1,-,C,G,mismatch,1022,716,1,FALSE
nlgn4a,118,118,1,-,T,A,mismatch,1023,707,1,FALSE
nlgn4a,120,120,1,-,G,T,mismatch,1023,707,1,FALSE
nlgn4a,117,117,1,-,A,G,mismatch,1024,716,1,FALSE
nlgn4a,117,117,1,-,A,C,mismatch,1025,716,1,FALSE
nlgn4a,113,113,1,-,C,G,mismatch,1026,716,1,FALSE
nlgn4a,111,111,1,-,A,T,mismatch,1027,716,1,FALSE
nlgn4a,104,104,1,-,C,G,mismatch,1028,716,1,FALSE
nlgn4a,96,96,1,-,A,T,mismatch,1029,716,1,FALSE
nlgn4a,96,96,1,-,A,C,mismatch,1030,716,1,FALSE
nlgn4a,94,94,1,-,C,T,mismatch,1031,716,1,FALSE
nlgn4a,98,98,1,-,T,C,mismatch,1032,716,1,FALSE
nlgn4a,99,99,1,-,C,A,mismatch,1033,716,1,FALSE
nlgn4a,106,106,1,-,T,G,mismatch,1034,716,1,FALSE
nlgn4a,108,108,1,-,T,A,mismatch,1035,716,1,FALSE
nlgn4a,106,106,1,-,T,A,mismatch,1036,707,1,FALSE
nlgn4a,109,109,1,-,T,A,mismatch,1036,707,1,FALSE
nlgn4a,118,118,1,-,T,A,mismatch,1037,716,1,FALSE
nlgn4a,119,119,1,-,T,G,mismatch,1038,716,1,FALSE
nlgn4a,98,98,1,-,T,G,mismatch,1039,707,1,FALSE
nlgn4a,120,120,1,-,G,C,mismatch,1039,707,1,FALSE
nlgn4a,97,97,1,-,C,A,mismatch,1040,707,1,FALSE
nlgn4a,122,122,1,-,G,C,mismatch,1040,707,1,FALSE
nlgn4a,123,123,1,-,C,A,mismatch,1041,716,1,FALSE
nlgn4a,117,117,1,-,A,G,mismatch,1042,707,1,FALSE
nlgn4a,126,126,1,-,G,C,mismatch,1042,707,1,FALSE
nlgn4a,126,126,1,-,G,A,mismatch,1043,716,1,FALSE
nlgn4a,95,95,1,-,T,A,mismatch,1044,698,1,FALSE
nlgn4a,125,125,1,-,T,A,mismatch,1044,698,1,FALSE
nlgn4a,128,128,1,-,G,C,mismatch,1044,698,1,FALSE
nlgn4a,129,129,1,-,G,A,mismatch,1045,716,1,FALSE
nlgn4a,131,131,1,-,T,C,mismatch,1046,716,1,FALSE
nlgn4a,134,134,1,-,G,A,mismatch,1047,716,1,FALSE
nlgn4a,107,107,1,-,T,G,mismatch,1048,707,1,FALSE
nlgn4a,145,145,1,-,T,G,mismatch,1048,707,1,FALSE
nlgn4a,145,145,1,-,T,A,mismatch,1049,716,1,FALSE
nlgn4a,111,111,1,-,A,T,mismatch,1050,707,1,FALSE
nlgn4a,151,151,1,-,G,A,mismatch,1050,707,1,FALSE
nlgn4a,151,151,1,-,G,A,mismatch,1051,716,1,FALSE
nlgn4a,96,96,1,-,A,G,mismatch,1052,698,1,FALSE
nlgn4a,122,122,1,-,G,T,mismatch,1052,698,1,FALSE
nlgn4a,153,153,1,-,G,A,mismatch,1052,698,1,FALSE
nlgn4a,109,109,1,-,T,C,mismatch,1053,698,1,FALSE
nlgn4a,121,121,1,-,T,C,mismatch,1053,698,1,FALSE
nlgn4a,170,170,1,-,T,G,mismatch,1053,698,1,FALSE
nlgn4a,172,172,1,-,T,A,mismatch,1054,716,1,FALSE
nlgn4a,134,134,1,-,G,A,mismatch,1055,698,1,FALSE
nlgn4a,165,165,1,-,C,G,mismatch,1055,698,1,FALSE
nlgn4a,173,173,1,-,T,A,mismatch,1055,698,1,FALSE
nlgn4a,178,178,1,-,C,A,mismatch,1056,716,1,FALSE
nlgn4a,171,171,1,-,G,C,mismatch,1057,707,1,FALSE
nlgn4a,178,178,1,-,C,A,mismatch,1057,707,1,FALSE
nlgn4a,150,150,1,-,T,A,mismatch,1058,707,1,FALSE
nlgn4a,183,183,1,-,T,A,mismatch,1058,707,1,FALSE
nlgn4a,129,129,1,-,G,C,mismatch,1059,707,1,FALSE
nlgn4a,185,185,1,-,T,C,mismatch,1059,707,1,FALSE
nlgn4a,186,186,1,-,G,C,mismatch,1060,716,1,FALSE
nlgn4a,192,192,1,-,C,A,mismatch,1061,716,1,FALSE
nlgn4a,101,101,1,-,A,G,mismatch,1062,689,1,FALSE
nlgn4a,126,126,1,-,G,A,mismatch,1062,689,1,FALSE
nlgn4a,164,164,1,-,C,G,mismatch,1062,689,1,FALSE
nlgn4a,201,201,1,-,T,G,mismatch,1062,689,1,FALSE
nlgn4a,123,123,1,-,C,A,mismatch,1063,698,1,FALSE
nlgn4a,185,185,1,-,T,G,mismatch,1063,698,1,FALSE
nlgn4a,202,202,1,-,T,G,mismatch,1063,698,1,FALSE
nlgn4a,202,202,1,-,T,C,mismatch,1064,716,1,FALSE
nlgn4a,212,212,1,-,T,C,mismatch,1065,716,1,FALSE
nlgn4a,212,212,1,-,T,A,mismatch,1066,716,1,FALSE
nlgn4a,109,109,1,-,T,C,mismatch,1067,707,1,FALSE
nlgn4a,215,215,1,-,G,A,mismatch,1067,707,1,FALSE
nlgn4a,217,217,1,-,C,A,mismatch,1068,716,1,FALSE
nlgn4a,216,216,1,-,C,G,mismatch,1069,707,1,FALSE
nlgn4a,224,224,1,-,G,A,mismatch,1069,707,1,FALSE
nlgn4a,134,134,1,-,G,T,mismatch,1070,707,1,FALSE
nlgn4a,226,226,1,-,T,A,mismatch,1070,707,1,FALSE
nlgn4a,226,226,1,-,T,A,mismatch,1071,716,1,FALSE
nlgn4a,168,168,1,-,A,G,mismatch,1072,707,1,FALSE
nlgn4a,227,227,1,-,T,C,mismatch,1072,707,1,FALSE
nlgn4a,112,112,1,-,C,A,mismatch,1073,707,1,FALSE
nlgn4a,229,229,1,-,T,G,mismatch,1073,707,1,FALSE
nlgn4a,101,101,1,-,A,T,mismatch,1074,698,1,FALSE
nlgn4a,149,149,1,-,A,C,mismatch,1074,698,1,FALSE
nlgn4a,102,102,1,-,C,A,mismatch,1075,698,1,FALSE
nlgn4a,105,105,1,-,C,T,mismatch,1077,698,1,FALSE
nlgn4a,184,184,1,-,A,G,mismatch,1077,698,1,FALSE
nlgn4a,117,117,1,-,A,T,mismatch,1079,707,1,FALSE
nlgn4a,128,128,1,-,G,T,mismatch,1079,707,1,FALSE
nlgn4a,114,114,1,-,T,C,mismatch,1080,698,1,FALSE
nlgn4a,148,148,1,-,C,G,mismatch,1080,698,1,FALSE
nlgn4a,160,160,1,-,A,G,mismatch,1080,698,1,FALSE
nlgn4a,111,111,1,-,A,T,mismatch,1082,716,1,FALSE
nlgn4a,110,110,1,-,T,A,mismatch,1083,707,1,FALSE
nlgn4a,172,172,1,-,T,A,mismatch,1083,707,1,FALSE
nlgn4a,138,138,1,-,C,G,mismatch,1086,702,1,FALSE
nlgn4a,197,197,1,-,A,G,mismatch,1086,702,1,FALSE
nlgn4a,138,138,1,-,C,G,mismatch,1087,702,1,FALSE
nlgn4a,194,194,1,-,A,C,mismatch,1087,702,1,FALSE
nlgn4a,182,182,1,-,C,T,mismatch,1088,711,1,FALSE
nlgn4a,129,129,1,-,G,A,mismatch,1089,702,1,FALSE
nlgn4a,138,138,1,-,C,G,mismatch,1089,702,1,FALSE
nlgn4a,104,104,1,-,C,G,mismatch,1090,693,1,FALSE
nlgn4a,113,113,1,-,C,A,mismatch,1090,693,1,FALSE
nlgn4a,116,116,1,-,G,A,mismatch,1090,693,1,FALSE
nlgn4a,134,134,1,-,G,C,mismatch,1091,702,1,FALSE
nlgn4a,146,146,1,-,T,A,mismatch,1091,702,1,FALSE
nlgn4a,167,167,1,-,T,C,mismatch,1092,711,1,FALSE
nlgn4a,123,123,1,-,C,T,mismatch,1094,732,1,FALSE
nlgn4a,154,154,1,-,C,G,mismatch,1095,732,1,FALSE
nlgn4a,164,164,1,-,C,G,mismatch,1095,732,1,FALSE
nlgn4a,151,151,1,-,G,A,mismatch,1097,702,1,FALSE
nlgn4a,172,172,1,-,T,C,mismatch,1097,702,1,FALSE
nlgn4a,115,115,1,-,G,T,mismatch,1098,693,1,FALSE
nlgn4a,153,153,1,-,G,C,mismatch,1098,693,1,FALSE
nlgn4a,216,216,1,-,C,G,mismatch,1098,693,1,FALSE
nlgn4a,140,140,1,-,G,C,mismatch,1099,702,1,FALSE
nlgn4a,207,207,1,-,A,T,mismatch,1099,702,1,FALSE
nlgn4a,124,124,1,-,T,A,mismatch,1100,693,1,FALSE
nlgn4a,166,166,1,-,C,T,mismatch,1100,693,1,FALSE
nlgn4a,174,174,1,-,A,C,mismatch,1100,693,1,FALSE
nlgn4a,138,138,1,-,C,T,mismatch,1101,711,1,FALSE
nlgn4a,118,118,1,-,T,A,mismatch,1102,711,1,FALSE
nlgn4a,110,110,1,-,T,C,mismatch,1103,702,1,FALSE
nlgn4a,122,122,1,-,G,A,mismatch,1103,702,1,FALSE
nlgn4a,125,125,1,-,T,G,mismatch,1104,711,1,FALSE
nlgn4a,151,151,1,-,G,C,mismatch,1105,711,1,FALSE
nlgn4a,155,155,1,-,T,C,mismatch,1106,711,1,FALSE
nlgn4a,199,199,1,-,G,C,mismatch,1107,711,1,FALSE
nlgn4a,201,201,1,-,T,C,mismatch,1108,711,1,FALSE
nlgn4a,126,126,1,-,G,C,mismatch,1110,741,1,FALSE
nlgn4a,225,225,1,-,A,C,mismatch,1111,741,1,FALSE
nlgn4a,202,202,1,-,T,G,mismatch,1113,741,1,FALSE
nlgn4a,159,159,1,-,C,T,mismatch,1115,732,1,FALSE
nlgn4a,144,144,1,-,A,T,mismatch,1119,723,1,FALSE
nlgn4a,229,229,1,-,T,A,mismatch,1119,723,1,FALSE
nlgn4a,209,209,1,-,A,C,mismatch,1120,732,1,FALSE
nlgn4a,112,112,1,-,C,T,mismatch,1121,723,1,FALSE
nlgn4a,171,171,1,-,G,C,mismatch,1121,723,1,FALSE
nlgn4a,114,114,1,-,T,A,mismatch,1123,732,1,FALSE
nlgn4a,146,146,1,-,T,G,mismatch,1124,732,1,FALSE
nlgn4a,223,223,1,-,A,T,mismatch,1124,732,1,FALSE
nlgn4a,222,222,1,-,G,T,mismatch,1125,741,1,FALSE
nlgn4a,219,219,1,-,A,C,mismatch,1126,741,1,FALSE
nlgn4a,112,112,1,-,C,T,mismatch,1127,714,1,FALSE
nlgn4a,120,120,1,-,G,T,mismatch,1127,714,1,FALSE
nlgn4a,126,126,1,-,G,A,mismatch,1127,714,1,FALSE
nlgn4a,213,213,1,-,C,G,mismatch,1127,714,1,FALSE
nlgn4a,151,151,1,-,G,A,mismatch,1128,723,1,FALSE
nlgn4a,176,176,1,-,G,C,mismatch,1128,723,1,FALSE
nlgn4a,213,213,1,-,C,G,mismatch,1128,723,1,FALSE
nlgn4a,104,104,1,-,C,A,mismatch,1129,732,1,FALSE
nlgn4a,210,210,1,-,C,T,mismatch,1129,732,1,FALSE
nlgn4a,135,135,1,-,T,A,mismatch,1130,723,1,FALSE
nlgn4a,144,144,1,-,A,T,mismatch,1130,723,1,FALSE
nlgn4a,209,209,1,-,A,T,mismatch,1130,723,1,FALSE
nlgn4a,164,164,1,-,C,G,mismatch,1131,732,1,FALSE
nlgn4a,208,208,1,-,C,T,mismatch,1131,732,1,FALSE
nlgn4a,204,204,1,-,A,G,mismatch,1132,741,1,FALSE
nlgn4a,123,123,1,-,C,G,mismatch,1133,732,1,FALSE
nlgn4a,195,195,1,-,A,C,mismatch,1133,732,1,FALSE
nlgn4a,194,194,1,-,A,G,mismatch,1134,741,1,FALSE
nlgn4a,146,146,1,-,T,A,mismatch,1135,714,1,FALSE
nlgn4a,168,168,1,-,A,G,mismatch,1135,714,1,FALSE
nlgn4a,182,182,1,-,C,G,mismatch,1135,714,1,FALSE
nlgn4a,190,190,1,-,A,C,mismatch,1135,714,1,FALSE
nlgn4a,122,122,1,-,G,T,mismatch,1136,732,1,FALSE
nlgn4a,189,189,1,-,A,C,mismatch,1136,732,1,FALSE
nlgn4a,188,188,1,-,C,G,mismatch,1137,741,1,FALSE
nlgn4a,184,184,1,-,A,G,mismatch,1138,741,1,FALSE
nlgn4a,140,140,1,-,G,T,mismatch,1139,723,1,FALSE
nlgn4a,162,162,1,-,C,G,mismatch,1139,723,1,FALSE
nlgn4a,184,184,1,-,A,C,mismatch,1139,723,1,FALSE
nlgn4a,180,180,1,-,A,T,mismatch,1140,741,1,FALSE
nlgn4a,125,125,1,-,T,C,mismatch,1141,723,1,FALSE
nlgn4a,132,132,1,-,G,C,mismatch,1141,723,1,FALSE
nlgn4a,180,180,1,-,A,T,mismatch,1141,723,1,FALSE
nlgn4a,179,179,1,-,A,C,mismatch,1142,741,1,FALSE
nlgn4a,176,176,1,-,G,T,mismatch,1143,741,1,FALSE
nlgn4a,118,118,1,-,T,G,mismatch,1144,732,1,FALSE
nlgn4a,176,176,1,-,G,T,mismatch,1144,732,1,FALSE
nlgn4a,147,147,1,-,A,C,mismatch,1145,732,1,FALSE
nlgn4a,175,175,1,-,C,T,mismatch,1145,732,1,FALSE
nlgn4a,107,107,1,-,T,C,mismatch,1146,723,1,FALSE
nlgn4a,120,120,1,-,G,T,mismatch,1146,723,1,FALSE
nlgn4a,174,174,1,-,A,T,mismatch,1146,723,1,FALSE
nlgn4a,107,107,1,-,T,C,mismatch,1147,732,1,FALSE
nlgn4a,174,174,1,-,A,T,mismatch,1147,732,1,FALSE
nlgn4a,174,174,1,-,A,G,mismatch,1148,741,1,FALSE
nlgn4a,104,104,1,-,C,T,mismatch,1149,732,1,FALSE
nlgn4a,168,168,1,-,A,C,mismatch,1149,732,1,FALSE
nlgn4a,105,105,1,-,C,T,mismatch,1150,732,1,FALSE
nlgn4a,165,165,1,-,C,T,mismatch,1150,732,1,FALSE
nlgn4a,165,165,1,-,C,G,mismatch,1151,741,1,FALSE
nlgn4a,163,163,1,-,A,G,mismatch,1152,741,1,FALSE
nlgn4a,112,112,1,-,C,A,mismatch,1153,732,1,FALSE
nlgn4a,162,162,1,-,C,T,mismatch,1153,732,1,FALSE
nlgn4a,128,128,1,-,G,C,mismatch,1154,732,1,FALSE
nlgn4a,162,162,1,-,C,G,mismatch,1154,732,1,FALSE
nlgn4a,131,131,1,-,T,A,mismatch,1155,732,1,FALSE
nlgn4a,160,160,1,-,A,G,mismatch,1155,732,1,FALSE
nlgn4a,127,127,1,-,C,G,mismatch,1156,732,1,FALSE
nlgn4a,159,159,1,-,C,T,mismatch,1156,732,1,FALSE
nlgn4a,158,158,1,-,G,T,mismatch,1157,741,1,FALSE
nlgn4a,121,121,1,-,T,A,mismatch,1158,732,1,FALSE
nlgn4a,156,156,1,-,C,T,mismatch,1158,732,1,FALSE
nlgn4a,137,137,1,-,G,T,mismatch,1159,732,1,FALSE
nlgn4a,153,153,1,-,G,T,mismatch,1159,732,1,FALSE
nlgn4a,110,110,1,-,T,G,mismatch,1160,723,1,FALSE
nlgn4a,124,124,1,-,T,G,mismatch,1160,723,1,FALSE
nlgn4a,153,153,1,-,G,T,mismatch,1160,723,1,FALSE
nlgn4a,149,149,1,-,A,C,mismatch,1161,741,1,FALSE
nlgn4a,132,132,1,-,G,A,mismatch,1162,732,1,FALSE
nlgn4a,149,149,1,-,A,C,mismatch,1162,732,1,FALSE
nlgn4a,147,147,1,-,A,G,mismatch,1163,741,1,FALSE
nlgn4a,143,143,1,-,C,T,mismatch,1164,741,1,FALSE
nlgn4a,116,116,1,-,G,T,mismatch,1165,732,1,FALSE
nlgn4a,142,142,1,-,C,T,mismatch,1165,732,1,FALSE
nlgn4a,142,142,1,-,C,T,mismatch,1166,741,1,FALSE
nlgn4a,142,142,1,-,C,G,mismatch,1167,741,1,FALSE
nlgn4a,109,109,1,-,T,C,mismatch,1168,732,1,FALSE
nlgn4a,138,138,1,-,C,G,mismatch,1168,732,1,FALSE
nlgn4a,136,136,1,-,G,T,mismatch,1169,741,1,FALSE
nlgn4a,134,134,1,-,G,T,mismatch,1170,741,1,FALSE
nlgn4a,133,133,1,-,C,G,mismatch,1171,741,1,FALSE
nlgn4a,132,132,1,-,G,T,mismatch,1172,741,1,FALSE
nlgn4a,116,116,1,-,G,C,mismatch,1173,723,1,FALSE
nlgn4a,121,121,1,-,T,C,mismatch,1173,723,1,FALSE
nlgn4a,127,127,1,-,C,G,mismatch,1173,723,1,FALSE
nlgn4a,114,114,1,-,T,G,mismatch,1174,732,1,FALSE
nlgn4a,117,117,1,-,A,T,mismatch,1174,732,1,FALSE
nlgn4a,105,105,1,-,C,G,mismatch,1175,741,1,FALSE
nlgn4a,104,104,1,-,C,T,mismatch,1176,741,1,FALSE
nlgn4a,108,108,1,-,T,A,mismatch,1177,741,1,FALSE
nlgn4a,109,109,1,-,T,C,mismatch,1178,741,1,FALSE
nlgn4a,110,110,1,-,T,G,mismatch,1179,741,1,FALSE
nlgn4a,115,115,1,-,G,C,mismatch,1180,741,1,FALSE
nlgn4a,116,116,1,-,G,A,mismatch,1181,741,1,FALSE
nlgn4a,120,120,1,-,G,A,mismatch,1182,741,1,FALSE
nlgn4a,125,125,1,-,T,G,mismatch,1183,741,1,FALSE
nlgn4a,125,125,1,-,T,C,mismatch,1184,741,1,FALSE
nlgn4a,126,126,1,-,G,A,mismatch,1185,741,1,FALSE
nlgn4a,128,128,1,-,G,C,mismatch,1186,741,1,FALSE
nlgn4a,129,129,1,-,G,C,mismatch,1187,741,1,FALSE
nlgn4a,129,129,1,-,G,A,mismatch,1188,741,1,FALSE
nlgn4a,108,108,1,-,T,G,mismatch,1189,723,1,FALSE
nlgn4a,126,126,1,-,G,C,mismatch,1189,723,1,FALSE
nlgn4a,129,129,1,-,G,A,mismatch,1189,723,1,FALSE
nlgn4a,135,135,1,-,T,C,mismatch,1191,741,1,FALSE
nlgn4a,135,135,1,-,T,A,mismatch,1192,741,1,FALSE
nlgn4a,138,138,1,-,C,A,mismatch,1193,741,1,FALSE
nlgn4a,139,139,1,-,T,G,mismatch,1194,741,1,FALSE
nlgn4a,139,139,1,-,T,A,mismatch,1195,741,1,FALSE
nlgn4a,143,143,1,-,C,A,mismatch,1196,741,1,FALSE
nlgn4a,133,133,1,-,C,A,mismatch,1197,723,1,FALSE
nlgn4a,140,140,1,-,G,T,mismatch,1197,723,1,FALSE
nlgn4a,145,145,1,-,T,A,mismatch,1197,723,1,FALSE
nlgn4a,150,150,1,-,T,C,mismatch,1198,741,1,FALSE
nlgn4a,151,151,1,-,G,A,mismatch,1199,741,1,FALSE
nlgn4a,153,153,1,-,G,A,mismatch,1200,741,1,FALSE
nlgn4a,167,167,1,-,T,C,mismatch,1201,741,1,FALSE
nlgn4a,123,123,1,-,C,T,mismatch,1202,732,1,FALSE
nlgn4a,167,167,1,-,T,A,mismatch,1202,732,1,FALSE
nlgn4a,169,169,1,-,T,C,mismatch,1203,741,1,FALSE
nlgn4a,131,131,1,-,T,A,mismatch,1204,732,1,FALSE
nlgn4a,170,170,1,-,T,C,mismatch,1204,732,1,FALSE
nlgn4a,156,156,1,-,C,G,mismatch,1205,732,1,FALSE
nlgn4a,173,173,1,-,T,A,mismatch,1205,732,1,FALSE
nlgn4a,173,173,1,-,T,A,mismatch,1206,741,1,FALSE
nlgn4a,120,120,1,-,G,A,mismatch,1207,723,1,FALSE
nlgn4a,141,141,1,-,G,A,mismatch,1207,723,1,FALSE
nlgn4a,183,183,1,-,T,G,mismatch,1207,723,1,FALSE
nlgn4a,108,108,1,-,T,C,mismatch,1208,732,1,FALSE
nlgn4a,183,183,1,-,T,C,mismatch,1208,732,1,FALSE
nlgn4a,120,120,1,-,G,C,mismatch,1209,732,1,FALSE
nlgn4a,183,183,1,-,T,A,mismatch,1209,732,1,FALSE
nlgn4a,186,186,1,-,G,A,mismatch,1210,741,1,FALSE
nlgn4a,110,110,1,-,T,G,mismatch,1211,732,1,FALSE
nlgn4a,187,187,1,-,G,C,mismatch,1211,732,1,FALSE
nlgn4a,152,152,1,-,G,A,mismatch,1212,732,1,FALSE
nlgn4a,187,187,1,-,G,C,mismatch,1212,732,1,FALSE
nlgn4a,145,145,1,-,T,C,mismatch,1213,732,1,FALSE
nlgn4a,191,191,1,-,G,A,mismatch,1213,732,1,FALSE
nlgn4a,192,192,1,-,C,A,mismatch,1214,741,1,FALSE
nlgn4a,183,183,1,-,T,A,mismatch,1215,732,1,FALSE
nlgn4a,193,193,1,-,T,G,mismatch,1215,732,1,FALSE
nlgn4a,103,103,1,-,G,T,mismatch,1216,687,1,FALSE
nlgn4a,113,113,1,-,C,A,mismatch,1216,687,1,FALSE
nlgn4a,116,116,1,-,G,T,mismatch,1216,687,1,FALSE
nlgn4a,130,130,1,-,C,G,mismatch,1216,687,1,FALSE
nlgn4a,166,166,1,-,C,A,mismatch,1216,687,1,FALSE
nlgn4a,192,192,1,-,C,A,mismatch,1216,687,1,FALSE
nlgn4a,198,198,1,-,G,C,mismatch,1216,687,1,FALSE
nlgn4a,198,198,1,-,G,A,mismatch,1217,741,1,FALSE
nlgn4a,139,139,1,-,T,G,mismatch,1218,732,1,FALSE
nlgn4a,198,198,1,-,G,A,mismatch,1218,732,1,FALSE
nlgn4a,179,179,1,-,A,G,mismatch,1219,732,1,FALSE
nlgn4a,199,199,1,-,G,C,mismatch,1219,732,1,FALSE
nlgn4a,201,201,1,-,T,G,mismatch,1220,723,1,FALSE
nlgn4a,171,171,1,-,G,C,mismatch,1221,732,1,FALSE
nlgn4a,202,202,1,-,T,A,mismatch,1221,732,1,FALSE
nlgn4a,138,138,1,-,C,G,mismatch,1222,732,1,FALSE
nlgn4a,203,203,1,-,G,A,mismatch,1222,732,1,FALSE
nlgn4a,184,184,1,-,A,T,mismatch,1223,732,1,FALSE
nlgn4a,210,210,1,-,C,A,mismatch,1223,732,1,FALSE
nlgn4a,152,152,1,-,G,T,mismatch,1224,732,1,FALSE
nlgn4a,212,212,1,-,T,A,mismatch,1224,732,1,FALSE
nlgn4a,166,166,1,-,C,T,mismatch,1225,723,1,FALSE
nlgn4a,175,175,1,-,C,A,mismatch,1225,723,1,FALSE
nlgn4a,212,212,1,-,T,A,mismatch,1225,723,1,FALSE
nlgn4a,213,213,1,-,C,A,mismatch,1226,741,1,FALSE
nlgn4a,134,134,1,-,G,A,mismatch,1227,723,1,FALSE
nlgn4a,171,171,1,-,G,A,mismatch,1227,723,1,FALSE
nlgn4a,214,214,1,-,T,G,mismatch,1227,723,1,FALSE
nlgn4a,212,212,1,-,T,A,mismatch,1228,732,1,FALSE
nlgn4a,216,216,1,-,C,A,mismatch,1228,732,1,FALSE
nlgn4a,137,137,1,-,G,C,mismatch,1229,732,1,FALSE
nlgn4a,221,221,1,-,T,A,mismatch,1229,732,1,FALSE
nlgn4a,129,129,1,-,G,C,mismatch,1230,723,1,FALSE
nlgn4a,168,168,1,-,A,G,mismatch,1230,723,1,FALSE
nlgn4a,222,222,1,-,G,C,mismatch,1230,723,1,FALSE
nlgn4a,168,168,1,-,A,G,mismatch,1231,732,1,FALSE
nlgn4a,222,222,1,-,G,A,mismatch,1231,732,1,FALSE
nlgn4a,222,222,1,-,G,A,mismatch,1232,741,1,FALSE
nlgn4a,140,140,1,-,G,A,mismatch,1233,732,1,FALSE
nlgn4a,222,222,1,-,G,A,mismatch,1233,732,1,FALSE
nlgn4a,122,122,1,-,G,T,mismatch,1234,714,1,FALSE
nlgn4a,128,128,1,-,G,T,mismatch,1234,714,1,FALSE
nlgn4a,183,183,1,-,T,A,mismatch,1234,714,1,FALSE
nlgn4a,224,224,1,-,G,A,mismatch,1234,714,1,FALSE
nlgn4a,132,132,1,-,G,A,mismatch,1235,732,1,FALSE
nlgn4a,227,227,1,-,T,C,mismatch,1235,732,1,FALSE
nlgn4a,110,110,1,-,T,G,mismatch,1236,723,1,FALSE
nlgn4a,159,159,1,-,C,G,mismatch,1236,723,1,FALSE
nlgn4a,231,231,1,-,G,A,mismatch,1236,723,1,FALSE
nlgn4a,164,164,1,-,C,G,mismatch,1237,732,1,FALSE
nlgn4a,232,232,1,-,G,A,mismatch,1237,732,1,FALSE
nlgn4a,107,107,1,-,T,C,mismatch,1243,732,1,FALSE
nlgn4a,158,158,1,-,G,C,mismatch,1244,723,1,FALSE
nlgn4a,228,228,1,-,C,A,mismatch,1244,723,1,FALSE
nlgn4a,110,110,1,-,T,G,mismatch,1245,714,1,FALSE
nlgn4a,115,115,1,-,G,T,mismatch,1245,714,1,FALSE
nlgn4a,151,151,1,-,G,T,mismatch,1245,714,1,FALSE
nlgn4a,138,138,1,-,C,G,mismatch,1249,732,1,FALSE
nlgn4a,165,165,1,-,C,G,mismatch,1249,732,1,FALSE
nlgn4a,142,142,1,-,C,T,mismatch,1250,732,1,FALSE
nlgn4a,185,185,1,-,T,A,mismatch,1250,732,1,FALSE
nlgn4a,133,133,1,-,C,G,mismatch,1251,732,1,FALSE
nlgn4a,163,163,1,-,A,G,mismatch,1251,732,1,FALSE
nlgn4a,117,117,1,-,A,C,mismatch,1252,732,1,FALSE
nlgn4a,150,150,1,-,T,C,mismatch,1252,732,1,FALSE
nlgn4a,119,119,1,-,T,C,mismatch,1253,732,1,FALSE
nlgn4a,178,178,1,-,C,A,mismatch,1254,714,1,FALSE
nlgn4a,185,185,1,-,T,A,mismatch,1254,714,1,FALSE
nlgn4a,115,115,1,-,G,C,mismatch,1255,741,1,FALSE
nlgn4a,156,156,1,-,C,T,mismatch,1258,741,1,FALSE
nlgn4a,130,130,1,-,C,G,mismatch,1259,680,1,FALSE
nlgn4a,167,167,1,-,T,G,mismatch,1259,680,1,FALSE
nlgn4a,170,170,1,-,T,G,mismatch,1259,680,1,FALSE
nlgn4a,173,173,1,-,T,C,mismatch,1259,680,1,FALSE
nlgn4a,184,184,1,-,A,G,mismatch,1259,680,1,FALSE
nlgn4a,109,109,1,-,T,A,mismatch,1260,698,1,FALSE
nlgn4a,119,119,1,-,T,G,mismatch,1260,698,1,FALSE
nlgn4a,123,123,1,-,C,G,mismatch,1260,698,1,FALSE
nlgn4a,111,111,1,-,A,T,mismatch,1263,707,1,FALSE
nlgn4a,112,112,1,-,C,T,mismatch,1264,707,1,FALSE
nlgn4a,207,207,1,-,A,T,mismatch,1265,716,1,FALSE
nlgn4a,134,134,1,-,G,A,mismatch,1266,707,1,FALSE
nlgn4a,205,205,1,-,A,C,mismatch,1266,707,1,FALSE
nlgn4a,154,154,1,-,C,A,mismatch,1267,707,1,FALSE
nlgn4a,203,203,1,-,G,T,mismatch,1267,707,1,FALSE
nlgn4a,155,155,1,-,T,A,mismatch,1268,707,1,FALSE
nlgn4a,198,198,1,-,G,T,mismatch,1268,707,1,FALSE
nlgn4a,197,197,1,-,A,G,mismatch,1269,716,1,FALSE
nlgn4a,101,101,1,-,A,C,mismatch,1270,707,1,FALSE
nlgn4a,195,195,1,-,A,G,mismatch,1270,707,1,FALSE
nlgn4a,189,189,1,-,A,C,mismatch,1271,716,1,FALSE
nlgn4a,188,188,1,-,C,T,mismatch,1272,716,1,FALSE
nlgn4a,188,188,1,-,C,G,mismatch,1273,716,1,FALSE
nlgn4a,107,107,1,-,T,C,mismatch,1274,707,1,FALSE
nlgn4a,187,187,1,-,G,T,mismatch,1274,707,1,FALSE
nlgn4a,109,109,1,-,T,C,mismatch,1275,689,1,FALSE
nlgn4a,180,180,1,-,A,C,mismatch,1275,689,1,FALSE
nlgn4a,165,165,1,-,C,T,mismatch,1276,716,1,FALSE
nlgn4a,103,103,1,-,G,C,mismatch,1277,707,1,FALSE
nlgn4a,164,164,1,-,C,T,mismatch,1277,707,1,FALSE
nlgn4a,149,149,1,-,A,C,mismatch,1278,707,1,FALSE
nlgn4a,158,158,1,-,G,T,mismatch,1278,707,1,FALSE
nlgn4a,157,157,1,-,A,C,mismatch,1279,716,1,FALSE
nlgn4a,124,124,1,-,T,C,mismatch,1280,707,1,FALSE
nlgn4a,154,154,1,-,C,G,mismatch,1280,707,1,FALSE
nlgn4a,134,134,1,-,G,T,mismatch,1281,707,1,FALSE
nlgn4a,148,148,1,-,C,T,mismatch,1281,707,1,FALSE
nlgn4a,125,125,1,-,T,A,mismatch,1282,707,1,FALSE
nlgn4a,147,147,1,-,A,T,mismatch,1282,707,1,FALSE
nlgn4a,100,100,1,-,T,A,mismatch,1283,698,1,FALSE
nlgn4a,109,109,1,-,T,G,mismatch,1283,698,1,FALSE
nlgn4a,147,147,1,-,A,G,mismatch,1283,698,1,FALSE
nlgn4a,147,147,1,-,A,C,mismatch,1284,716,1,FALSE
nlgn4a,107,107,1,-,T,A,mismatch,1285,698,1,FALSE
nlgn4a,112,112,1,-,C,G,mismatch,1285,698,1,FALSE
nlgn4a,134,134,1,-,G,T,mismatch,1285,698,1,FALSE
nlgn4a,108,108,1,-,T,A,mismatch,1286,698,1,FALSE
nlgn4a,117,117,1,-,A,C,mismatch,1286,698,1,FALSE
nlgn4a,130,130,1,-,C,T,mismatch,1286,698,1,FALSE
nlgn4a,130,130,1,-,C,G,mismatch,1287,716,1,FALSE
nlgn4a,127,127,1,-,C,T,mismatch,1288,716,1,FALSE
nlgn4a,123,123,1,-,C,T,mismatch,1289,716,1,FALSE
nlgn4a,113,113,1,-,C,T,mismatch,1290,716,1,FALSE
nlgn4a,102,102,1,-,C,A,mismatch,1291,716,1,FALSE
nlgn4a,107,107,1,-,T,A,mismatch,1292,716,1,FALSE
nlgn4a,109,109,1,-,T,A,mismatch,1293,716,1,FALSE
nlgn4a,115,115,1,-,G,C,mismatch,1294,716,1,FALSE
nlgn4a,103,103,1,-,G,T,mismatch,1295,698,1,FALSE
nlgn4a,120,120,1,-,G,C,mismatch,1295,698,1,FALSE
nlgn4a,122,122,1,-,G,C,mismatch,1295,698,1,FALSE
nlgn4a,105,105,1,-,C,G,mismatch,1297,707,1,FALSE
nlgn4a,131,131,1,-,T,C,mismatch,1297,707,1,FALSE
nlgn4a,132,132,1,-,G,C,mismatch,1298,716,1,FALSE
nlgn4a,140,140,1,-,G,C,mismatch,1299,716,1,FALSE
nlgn4a,150,150,1,-,T,C,mismatch,1300,716,1,FALSE
nlgn4a,122,122,1,-,G,C,mismatch,1301,698,1,FALSE
nlgn4a,141,141,1,-,G,A,mismatch,1301,698,1,FALSE
nlgn4a,150,150,1,-,T,A,mismatch,1301,698,1,FALSE
nlgn4a,154,154,1,-,C,A,mismatch,1302,716,1,FALSE
nlgn4a,155,155,1,-,T,C,mismatch,1303,716,1,FALSE
nlgn4a,145,145,1,-,T,G,mismatch,1304,707,1,FALSE
nlgn4a,156,156,1,-,C,A,mismatch,1304,707,1,FALSE
nlgn4a,158,158,1,-,G,C,mismatch,1305,716,1,FALSE
nlgn4a,167,167,1,-,T,C,mismatch,1306,716,1,FALSE
nlgn4a,101,101,1,-,A,T,mismatch,1307,707,1,FALSE
nlgn4a,169,169,1,-,T,G,mismatch,1307,707,1,FALSE
nlgn4a,169,169,1,-,T,A,mismatch,1308,716,1,FALSE
nlgn4a,106,106,1,-,T,C,mismatch,1309,698,1,FALSE
nlgn4a,108,108,1,-,T,G,mismatch,1309,698,1,FALSE
nlgn4a,169,169,1,-,T,A,mismatch,1309,698,1,FALSE
nlgn4a,173,173,1,-,T,A,mismatch,1310,716,1,FALSE
nlgn4a,129,129,1,-,G,C,mismatch,1311,707,1,FALSE
nlgn4a,191,191,1,-,G,C,mismatch,1311,707,1,FALSE
nlgn4a,117,117,1,-,A,C,mismatch,1312,707,1,FALSE
nlgn4a,191,191,1,-,G,A,mismatch,1312,707,1,FALSE
nlgn4a,129,129,1,-,G,A,mismatch,1313,680,1,FALSE
nlgn4a,132,132,1,-,G,C,mismatch,1313,680,1,FALSE
nlgn4a,143,143,1,-,C,A,mismatch,1313,680,1,FALSE
nlgn4a,149,149,1,-,A,G,mismatch,1313,680,1,FALSE
nlgn4a,193,193,1,-,T,G,mismatch,1313,680,1,FALSE
nlgn4a,107,107,1,-,T,A,mismatch,1314,707,1,FALSE
nlgn4a,201,201,1,-,T,C,mismatch,1314,707,1,FALSE
nlgn4a,202,202,1,-,T,G,mismatch,1315,716,1,FALSE
nlgn4a,167,167,1,-,T,A,mismatch,1316,707,1,FALSE
nlgn4a,214,214,1,-,T,G,mismatch,1316,707,1,FALSE
nlgn4a,98,98,1,-,T,C,mismatch,1317,689,1,FALSE
nlgn4a,111,111,1,-,A,G,mismatch,1317,689,1,FALSE
nlgn4a,196,196,1,-,G,A,mismatch,1317,689,1,FALSE
nlgn4a,214,214,1,-,T,C,mismatch,1317,689,1,FALSE
nlgn4a,151,151,1,-,G,T,mismatch,1318,698,1,FALSE
nlgn4a,184,184,1,-,A,T,mismatch,1318,698,1,FALSE
nlgn4a,233,233,1,-,G,C,mismatch,1318,698,1,FALSE
nlgn4a,115,115,1,-,G,T,mismatch,1319,689,1,FALSE
nlgn4a,117,117,1,-,A,G,mismatch,1319,689,1,FALSE
nlgn4a,130,130,1,-,C,T,mismatch,1319,689,1,FALSE
nlgn4a,103,103,1,-,G,T,mismatch,1322,698,1,FALSE
nlgn4a,129,129,1,-,G,C,mismatch,1323,716,1,FALSE
nlgn4a,128,128,1,-,G,A,mismatch,1325,707,1,FALSE
nlgn4a,152,152,1,-,G,T,mismatch,1325,707,1,FALSE
nlgn4a,116,116,1,-,G,C,mismatch,1326,698,1,FALSE
nlgn4a,166,166,1,-,C,A,mismatch,1326,698,1,FALSE
nlgn4a,188,188,1,-,C,A,mismatch,1326,698,1,FALSE
nlgn4a,109,109,1,-,T,C,mismatch,1327,723,1,FALSE
nlgn4a,120,120,1,-,G,A,mismatch,1327,723,1,FALSE
nlgn4a,102,102,1,-,C,A,mismatch,1329,716,1,FALSE
nlgn4a,127,127,1,-,C,T,mismatch,1331,693,1,FALSE
nlgn4a,157,157,1,-,A,C,mismatch,1331,693,1,FALSE
nlgn4a,199,199,1,-,G,C,mismatch,1331,693,1,FALSE
nlgn4a,139,139,1,-,T,G,mismatch,1333,702,1,FALSE
nlgn4a,195,195,1,-,A,C,mismatch,1333,702,1,FALSE
nlgn4a,194,194,1,-,A,C,mismatch,1334,711,1,FALSE
nlgn4a,184,184,1,-,A,G,mismatch,1335,711,1,FALSE
nlgn4a,114,114,1,-,T,G,mismatch,1336,693,1,FALSE
nlgn4a,117,117,1,-,A,G,mismatch,1336,693,1,FALSE
nlgn4a,166,166,1,-,C,G,mismatch,1336,693,1,FALSE
nlgn4a,133,133,1,-,C,G,mismatch,1337,702,1,FALSE
nlgn4a,160,160,1,-,A,G,mismatch,1337,702,1,FALSE
nlgn4a,110,110,1,-,T,A,mismatch,1338,702,1,FALSE
nlgn4a,144,144,1,-,A,T,mismatch,1338,702,1,FALSE
nlgn4a,132,132,1,-,G,T,mismatch,1339,711,1,FALSE
nlgn4a,113,113,1,-,C,G,mismatch,1340,702,1,FALSE
nlgn4a,117,117,1,-,A,C,mismatch,1340,702,1,FALSE
nlgn4a,122,122,1,-,G,A,mismatch,1341,711,1,FALSE
nlgn4a,126,126,1,-,G,A,mismatch,1342,711,1,FALSE
nlgn4a,132,132,1,-,G,T,mismatch,1343,711,1,FALSE
nlgn4a,117,117,1,-,A,T,mismatch,1344,702,1,FALSE
nlgn4a,148,148,1,-,C,A,mismatch,1344,702,1,FALSE
nlgn4a,158,158,1,-,G,C,mismatch,1345,711,1,FALSE
nlgn4a,176,176,1,-,G,T,mismatch,1346,702,1,FALSE
nlgn4a,182,182,1,-,C,A,mismatch,1346,702,1,FALSE
nlgn4a,213,213,1,-,C,A,mismatch,1347,711,1,FALSE
nlgn4a,178,178,1,-,C,A,mismatch,1348,702,1,FALSE
nlgn4a,101,101,1,-,A,T,mismatch,1350,698,1,FALSE
nlgn4a,204,204,1,-,A,G,mismatch,1350,698,1,FALSE
nlgn4a,215,215,1,-,G,C,mismatch,1350,698,1,FALSE
nlgn4a,115,115,1,-,G,C,mismatch,1351,711,1,FALSE
nlgn4a,102,102,1,-,C,G,mismatch,1352,707,1,FALSE
nlgn4a,131,131,1,-,T,C,mismatch,1352,707,1,FALSE
nlgn4a,143,143,1,-,C,G,mismatch,1353,716,1,FALSE
nlgn4a,109,109,1,-,T,A,mismatch,1355,716,1,FALSE
nlgn4a,106,106,1,-,T,G,mismatch,1356,716,1,FALSE
nlgn4a,183,183,1,-,T,C,mismatch,1357,716,1,FALSE
nlgn4a,121,121,1,-,T,G,mismatch,1358,698,1,FALSE
nlgn4a,124,124,1,-,T,A,mismatch,1358,698,1,FALSE
nlgn4a,158,158,1,-,G,A,mismatch,1358,698,1,FALSE
nlgn4a,105,105,1,-,C,G,mismatch,1359,698,1,FALSE
nlgn4a,122,122,1,-,G,C,mismatch,1359,698,1,FALSE
nlgn4a,200,200,1,-,C,A,mismatch,1359,698,1,FALSE
nlgn4a,126,126,1,-,G,A,mismatch,1361,707,1,FALSE
nlgn4a,231,231,1,-,G,T,mismatch,1362,716,1,FALSE
nlgn4a,141,141,1,-,G,T,mismatch,1363,707,1,FALSE
nlgn4a,230,230,1,-,A,T,mismatch,1363,707,1,FALSE
nlgn4a,142,142,1,-,C,T,mismatch,1364,707,1,FALSE
nlgn4a,228,228,1,-,C,T,mismatch,1364,707,1,FALSE
nlgn4a,112,112,1,-,C,T,mismatch,1365,698,1,FALSE
nlgn4a,156,156,1,-,C,G,mismatch,1365,698,1,FALSE
nlgn4a,206,206,1,-,A,T,mismatch,1365,698,1,FALSE
nlgn4a,188,188,1,-,C,T,mismatch,1366,716,1,FALSE
nlgn4a,150,150,1,-,T,A,mismatch,1367,707,1,FALSE
nlgn4a,182,182,1,-,C,G,mismatch,1367,707,1,FALSE
nlgn4a,152,152,1,-,G,C,mismatch,1368,707,1,FALSE
nlgn4a,179,179,1,-,A,G,mismatch,1368,707,1,FALSE
nlgn4a,138,138,1,-,C,T,mismatch,1369,707,1,FALSE
nlgn4a,178,178,1,-,C,G,mismatch,1369,707,1,FALSE
nlgn4a,174,174,1,-,A,C,mismatch,1370,716,1,FALSE
nlgn4a,123,123,1,-,C,G,mismatch,1371,707,1,FALSE
nlgn4a,159,159,1,-,C,G,mismatch,1371,707,1,FALSE
nlgn4a,103,103,1,-,G,C,mismatch,1372,707,1,FALSE
nlgn4a,154,154,1,-,C,T,mismatch,1372,707,1,FALSE
nlgn4a,151,151,1,-,G,T,mismatch,1373,716,1,FALSE
nlgn4a,149,149,1,-,A,T,mismatch,1374,716,1,FALSE
nlgn4a,149,149,1,-,A,G,mismatch,1375,716,1,FALSE
nlgn4a,98,98,1,-,T,G,mismatch,1376,707,1,FALSE
nlgn4a,148,148,1,-,C,T,mismatch,1376,707,1,FALSE
nlgn4a,140,140,1,-,G,T,mismatch,1377,716,1,FALSE
nlgn4a,126,126,1,-,G,T,mismatch,1378,716,1,FALSE
nlgn4a,117,117,1,-,A,T,mismatch,1379,716,1,FALSE
nlgn4a,105,105,1,-,C,T,mismatch,1380,716,1,FALSE
nlgn4a,99,99,1,-,C,G,mismatch,1381,707,1,FALSE
nlgn4a,101,101,1,-,A,C,mismatch,1381,707,1,FALSE
nlgn4a,101,101,1,-,A,T,mismatch,1382,707,1,FALSE
nlgn4a,115,115,1,-,G,A,mismatch,1382,707,1,FALSE
nlgn4a,112,112,1,-,C,T,mismatch,1383,707,1,FALSE
nlgn4a,118,118,1,-,T,C,mismatch,1383,707,1,FALSE
nlgn4a,100,100,1,-,T,G,mismatch,1384,707,1,FALSE
nlgn4a,124,124,1,-,T,G,mismatch,1384,707,1,FALSE
nlgn4a,125,125,1,-,T,A,mismatch,1385,716,1,FALSE
nlgn4a,137,137,1,-,G,A,mismatch,1386,716,1,FALSE
nlgn4a,146,146,1,-,T,A,mismatch,1387,716,1,FALSE
nlgn4a,166,166,1,-,C,A,mismatch,1388,716,1,FALSE
nlgn4a,111,111,1,-,A,T,mismatch,1389,698,1,FALSE
nlgn4a,128,128,1,-,G,A,mismatch,1389,698,1,FALSE
nlgn4a,166,166,1,-,C,A,mismatch,1389,698,1,FALSE
nlgn4a,169,169,1,-,T,A,mismatch,1390,716,1,FALSE
nlgn4a,104,104,1,-,C,T,mismatch,1391,698,1,FALSE
nlgn4a,106,106,1,-,T,A,mismatch,1391,698,1,FALSE
nlgn4a,172,172,1,-,T,A,mismatch,1391,698,1,FALSE
nlgn4a,104,104,1,-,C,G,mismatch,1392,707,1,FALSE
nlgn4a,185,185,1,-,T,A,mismatch,1392,707,1,FALSE
nlgn4a,137,137,1,-,G,T,mismatch,1393,707,1,FALSE
nlgn4a,187,187,1,-,G,C,mismatch,1393,707,1,FALSE
nlgn4a,103,103,1,-,G,T,mismatch,1394,707,1,FALSE
nlgn4a,193,193,1,-,T,G,mismatch,1394,707,1,FALSE
nlgn4a,174,174,1,-,A,C,mismatch,1395,707,1,FALSE
nlgn4a,202,202,1,-,T,A,mismatch,1395,707,1,FALSE
nlgn4a,212,212,1,-,T,A,mismatch,1396,716,1,FALSE
nlgn4a,226,226,1,-,T,G,mismatch,1397,716,1,FALSE
nlgn4a,143,143,1,-,C,A,mismatch,1398,707,1,FALSE
nlgn4a,103,103,1,-,G,A,mismatch,1401,716,1,FALSE
nlgn4a,177,177,1,-,A,C,mismatch,1403,716,1,FALSE
nlgn4a,165,165,1,-,C,A,mismatch,1405,707,1,FALSE
nlgn4a,168,168,1,-,A,C,mismatch,1405,707,1,FALSE
nlgn4a,118,118,1,-,T,G,mismatch,1406,716,1,FALSE
nlgn4a,125,125,1,-,T,C,mismatch,1407,707,1,FALSE
nlgn4a,183,183,1,-,T,A,mismatch,1407,707,1,FALSE
nlgn4a,112,112,1,-,C,T,mismatch,1410,707,1,FALSE
nlgn4a,125,125,1,-,T,G,mismatch,1410,707,1,FALSE
nlgn4a,94,94,1,-,C,A,mismatch,1411,707,1,FALSE
nlgn4a,105,105,1,-,C,G,mismatch,1411,707,1,FALSE
nlgn4a,97,97,1,-,C,T,mismatch,1412,689,1,FALSE
nlgn4a,120,120,1,-,G,T,mismatch,1412,689,1,FALSE
nlgn4a,142,142,1,-,C,A,mismatch,1412,689,1,FALSE
nlgn4a,194,194,1,-,A,C,mismatch,1412,689,1,FALSE
nlgn4a,107,107,1,-,T,C,mismatch,1413,716,1,FALSE
nlgn4a,93,93,1,-,G,T,mismatch,1414,689,1,FALSE
nlgn4a,97,97,1,-,C,T,mismatch,1414,689,1,FALSE
nlgn4a,147,147,1,-,A,T,mismatch,1414,689,1,FALSE
nlgn4a,169,169,1,-,T,C,mismatch,1414,689,1,FALSE
nlgn4a,104,104,1,-,C,T,mismatch,1415,698,1,FALSE
nlgn4a,114,114,1,-,T,G,mismatch,1415,698,1,FALSE
nlgn4a,120,120,1,-,G,T,mismatch,1415,698,1,FALSE
nlgn4a,96,96,1,-,A,T,mismatch,1419,698,1,FALSE
nlgn4a,101,101,1,-,A,C,mismatch,1419,698,1,FALSE
nlgn4a,177,177,1,-,A,C,mismatch,1419,698,1,FALSE
nlgn4a,140,140,1,-,G,A,mismatch,1420,716,1,FALSE
nlgn4a,196,196,1,-,G,C,mismatch,1421,707,1,FALSE
nlgn4a,214,214,1,-,T,A,mismatch,1421,707,1,FALSE
nlgn4a,213,213,1,-,C,T,mismatch,1422,716,1,FALSE
nlgn4a,97,97,1,-,C,A,mismatch,1423,689,1,FALSE
nlgn4a,118,118,1,-,T,G,mismatch,1423,689,1,FALSE
nlgn4a,120,120,1,-,G,A,mismatch,1423,689,1,FALSE
nlgn4a,198,198,1,-,G,T,mismatch,1423,689,1,FALSE
nlgn4a,230,230,1,-,A,G,mismatch,1424,716,1,FALSE
nlgn4a,161,161,1,-,G,C,mismatch,1425,707,1,FALSE
nlgn4a,164,164,1,-,C,G,mismatch,1425,707,1,FALSE
nlgn4a,142,142,1,-,C,T,mismatch,1427,707,1,FALSE
nlgn4a,152,152,1,-,G,C,mismatch,1427,707,1,FALSE
nlgn4a,103,103,1,-,G,T,mismatch,1428,707,1,FALSE
nlgn4a,172,172,1,-,T,C,mismatch,1428,707,1,FALSE
nlgn4a,127,127,1,-,C,G,mismatch,1430,689,1,FALSE
nlgn4a,149,149,1,-,A,C,mismatch,1430,689,1,FALSE
nlgn4a,173,173,1,-,T,C,mismatch,1430,689,1,FALSE
nlgn4a,219,219,1,-,A,G,mismatch,1430,689,1,FALSE
nlgn4a,196,196,1,-,G,T,mismatch,1431,707,1,FALSE
nlgn4a,184,184,1,-,A,T,mismatch,1432,707,1,FALSE
nlgn4a,218,218,1,-,C,G,mismatch,1432,707,1,FALSE
nlgn4a,161,161,1,-,G,C,mismatch,1434,707,1,FALSE
nlgn4a,127,127,1,-,C,T,mismatch,1438,707,1,FALSE
nlgn4a,152,152,1,-,G,A,mismatch,1439,707,1,FALSE
nlgn4a,152,152,1,-,G,T,mismatch,1440,689,1,FALSE
nlgn4a,159,159,1,-,C,T,mismatch,1440,689,1,FALSE
nlgn4a,164,164,1,-,C,A,mismatch,1440,689,1,FALSE
nlgn4a,142,142,1,-,C,G,mismatch,1442,698,1,FALSE
nlgn4a,221,221,1,-,T,A,mismatch,1442,698,1,FALSE
nlgn4a,189,189,1,-,A,T,mismatch,1443,707,1,FALSE
nlgn4a,119,119,1,-,T,G,mismatch,1444,707,1,FALSE
nlgn4a,146,146,1,-,T,G,mismatch,1445,707,1,FALSE
nlgn4a,207,207,1,-,A,G,mismatch,1446,707,1,FALSE
nlgn4a,93,93,1,-,G,T,mismatch,1447,698,1,FALSE
nlgn4a,205,205,1,-,A,T,mismatch,1447,698,1,FALSE
nlgn4a,101,101,1,-,A,T,mismatch,1448,698,1,FALSE
nlgn4a,186,186,1,-,G,C,mismatch,1448,698,1,FALSE
nlgn4a,94,94,1,-,C,A,mismatch,1449,698,1,FALSE
nlgn4a,146,146,1,-,T,G,mismatch,1449,698,1,FALSE
nlgn4a,231,231,1,-,G,T,mismatch,1449,698,1,FALSE
nlgn4a,165,165,1,-,C,G,mismatch,1450,707,1,FALSE
nlgn4a,230,230,1,-,A,C,mismatch,1450,707,1,FALSE
nlgn4a,228,228,1,-,C,T,mismatch,1451,716,1,FALSE
nlgn4a,228,228,1,-,C,G,mismatch,1452,716,1,FALSE
nlgn4a,112,112,1,-,C,T,mismatch,1453,689,1,FALSE
nlgn4a,122,122,1,-,G,T,mismatch,1453,689,1,FALSE
nlgn4a,223,223,1,-,A,G,mismatch,1453,689,1,FALSE
nlgn4a,225,225,1,-,A,C,mismatch,1453,689,1,FALSE
nlgn4a,163,163,1,-,A,T,mismatch,1454,707,1,FALSE
nlgn4a,223,223,1,-,A,T,mismatch,1454,707,1,FALSE
nlgn4a,159,159,1,-,C,T,mismatch,1455,707,1,FALSE
nlgn4a,223,223,1,-,A,G,mismatch,1455,707,1,FALSE
nlgn4a,106,106,1,-,T,C,mismatch,1456,707,1,FALSE
nlgn4a,222,222,1,-,G,T,mismatch,1456,707,1,FALSE
nlgn4a,125,125,1,-,T,A,mismatch,1457,707,1,FALSE
nlgn4a,220,220,1,-,A,C,mismatch,1457,707,1,FALSE
nlgn4a,151,151,1,-,G,T,mismatch,1458,707,1,FALSE
nlgn4a,215,215,1,-,G,T,mismatch,1458,707,1,FALSE
nlgn4a,178,178,1,-,C,T,mismatch,1459,707,1,FALSE
nlgn4a,211,211,1,-,C,T,mismatch,1459,707,1,FALSE
nlgn4a,210,210,1,-,C,G,mismatch,1460,716,1,FALSE
nlgn4a,207,207,1,-,A,T,mismatch,1461,716,1,FALSE
nlgn4a,207,207,1,-,A,G,mismatch,1462,716,1,FALSE
nlgn4a,96,96,1,-,A,C,mismatch,1463,698,1,FALSE
nlgn4a,160,160,1,-,A,C,mismatch,1463,698,1,FALSE
nlgn4a,206,206,1,-,A,G,mismatch,1463,698,1,FALSE
nlgn4a,206,206,1,-,A,G,mismatch,1464,716,1,FALSE
nlgn4a,98,98,1,-,T,A,mismatch,1465,707,1,FALSE
nlgn4a,206,206,1,-,A,C,mismatch,1465,707,1,FALSE
nlgn4a,204,204,1,-,A,T,mismatch,1466,716,1,FALSE
nlgn4a,199,199,1,-,G,A,mismatch,1467,707,1,FALSE
nlgn4a,204,204,1,-,A,T,mismatch,1467,707,1,FALSE
nlgn4a,159,159,1,-,C,A,mismatch,1468,698,1,FALSE
nlgn4a,166,166,1,-,C,G,mismatch,1468,698,1,FALSE
nlgn4a,200,200,1,-,C,T,mismatch,1468,698,1,FALSE
nlgn4a,97,97,1,-,C,G,mismatch,1469,707,1,FALSE
nlgn4a,200,200,1,-,C,T,mismatch,1469,707,1,FALSE
nlgn4a,97,97,1,-,C,G,mismatch,1470,707,1,FALSE
nlgn4a,198,198,1,-,G,T,mismatch,1470,707,1,FALSE
nlgn4a,113,113,1,-,C,A,mismatch,1471,698,1,FALSE
nlgn4a,139,139,1,-,T,C,mismatch,1471,698,1,FALSE
nlgn4a,198,198,1,-,G,T,mismatch,1471,698,1,FALSE
nlgn4a,98,98,1,-,T,A,mismatch,1472,689,1,FALSE
nlgn4a,100,100,1,-,T,C,mismatch,1472,689,1,FALSE
nlgn4a,178,178,1,-,C,G,mismatch,1472,689,1,FALSE
nlgn4a,195,195,1,-,A,T,mismatch,1472,689,1,FALSE
nlgn4a,138,138,1,-,C,T,mismatch,1473,707,1,FALSE
nlgn4a,195,195,1,-,A,T,mismatch,1473,707,1,FALSE
nlgn4a,138,138,1,-,C,A,mismatch,1474,707,1,FALSE
nlgn4a,195,195,1,-,A,T,mismatch,1474,707,1,FALSE
nlgn4a,195,195,1,-,A,C,mismatch,1475,716,1,FALSE
nlgn4a,194,194,1,-,A,G,mismatch,1476,716,1,FALSE
nlgn4a,106,106,1,-,T,C,mismatch,1477,698,1,FALSE
nlgn4a,179,179,1,-,A,T,mismatch,1477,698,1,FALSE
nlgn4a,192,192,1,-,C,T,mismatch,1477,698,1,FALSE
nlgn4a,109,109,1,-,T,G,mismatch,1478,707,1,FALSE
nlgn4a,191,191,1,-,G,T,mismatch,1478,707,1,FALSE
nlgn4a,191,191,1,-,G,T,mismatch,1479,698,1,FALSE
nlgn4a,161,161,1,-,G,A,mismatch,1480,707,1,FALSE
nlgn4a,190,190,1,-,A,T,mismatch,1480,707,1,FALSE
nlgn4a,169,169,1,-,T,C,mismatch,1481,707,1,FALSE
nlgn4a,190,190,1,-,A,T,mismatch,1481,707,1,FALSE
nlgn4a,95,95,1,-,T,C,mismatch,1482,707,1,FALSE
nlgn4a,190,190,1,-,A,G,mismatch,1482,707,1,FALSE
nlgn4a,138,138,1,-,C,T,mismatch,1483,707,1,FALSE
nlgn4a,189,189,1,-,A,T,mismatch,1483,707,1,FALSE
nlgn4a,94,94,1,-,C,G,mismatch,1484,707,1,FALSE
nlgn4a,189,189,1,-,A,C,mismatch,1484,707,1,FALSE
nlgn4a,151,151,1,-,G,A,mismatch,1485,707,1,FALSE
nlgn4a,189,189,1,-,A,C,mismatch,1485,707,1,FALSE
nlgn4a,184,184,1,-,A,G,mismatch,1486,716,1,FALSE
nlgn4a,159,159,1,-,C,G,mismatch,1487,707,1,FALSE
nlgn4a,182,182,1,-,C,T,mismatch,1487,707,1,FALSE
nlgn4a,102,102,1,-,C,A,mismatch,1488,698,1,FALSE
nlgn4a,164,164,1,-,C,A,mismatch,1488,698,1,FALSE
nlgn4a,182,182,1,-,C,T,mismatch,1488,698,1,FALSE
nlgn4a,127,127,1,-,C,T,mismatch,1489,707,1,FALSE
nlgn4a,182,182,1,-,C,G,mismatch,1489,707,1,FALSE
nlgn4a,163,163,1,-,A,G,mismatch,1490,707,1,FALSE
nlgn4a,181,181,1,-,A,G,mismatch,1490,707,1,FALSE
nlgn4a,181,181,1,-,A,G,mismatch,1491,716,1,FALSE
nlgn4a,125,125,1,-,T,C,mismatch,1492,707,1,FALSE
nlgn4a,181,181,1,-,A,G,mismatch,1492,707,1,FALSE
nlgn4a,108,108,1,-,T,G,mismatch,1493,689,1,FALSE
nlgn4a,156,156,1,-,C,T,mismatch,1493,689,1,FALSE
nlgn4a,171,171,1,-,G,A,mismatch,1493,689,1,FALSE
nlgn4a,181,181,1,-,A,G,mismatch,1493,689,1,FALSE
nlgn4a,181,181,1,-,A,C,mismatch,1494,716,1,FALSE
nlgn4a,101,101,1,-,A,T,mismatch,1495,698,1,FALSE
nlgn4a,123,123,1,-,C,G,mismatch,1495,698,1,FALSE
nlgn4a,180,180,1,-,A,G,mismatch,1495,698,1,FALSE
nlgn4a,121,121,1,-,T,A,mismatch,1496,698,1,FALSE
nlgn4a,144,144,1,-,A,G,mismatch,1496,698,1,FALSE
nlgn4a,180,180,1,-,A,C,mismatch,1496,698,1,FALSE
nlgn4a,179,179,1,-,A,T,mismatch,1497,716,1,FALSE
nlgn4a,179,179,1,-,A,C,mismatch,1498,716,1,FALSE
nlgn4a,174,174,1,-,A,T,mismatch,1499,716,1,FALSE
nlgn4a,142,142,1,-,C,G,mismatch,1500,707,1,FALSE
nlgn4a,174,174,1,-,A,G,mismatch,1500,707,1,FALSE
nlgn4a,110,110,1,-,T,A,mismatch,1501,707,1,FALSE
nlgn4a,174,174,1,-,A,G,mismatch,1501,707,1,FALSE
nlgn4a,171,171,1,-,G,T,mismatch,1502,716,1,FALSE
nlgn4a,95,95,1,-,T,G,mismatch,1503,698,1,FALSE
nlgn4a,164,164,1,-,C,A,mismatch,1503,698,1,FALSE
nlgn4a,168,168,1,-,A,T,mismatch,1503,698,1,FALSE
nlgn4a,168,168,1,-,A,G,mismatch,1504,716,1,FALSE
nlgn4a,163,163,1,-,A,T,mismatch,1505,716,1,FALSE
nlgn4a,162,162,1,-,C,T,mismatch,1506,716,1,FALSE
nlgn4a,162,162,1,-,C,G,mismatch,1507,716,1,FALSE
nlgn4a,160,160,1,-,A,G,mismatch,1508,716,1,FALSE
nlgn4a,93,93,1,-,G,T,mismatch,1509,689,1,FALSE
nlgn4a,96,96,1,-,A,T,mismatch,1509,689,1,FALSE
nlgn4a,103,103,1,-,G,C,mismatch,1509,689,1,FALSE
nlgn4a,160,160,1,-,A,G,mismatch,1509,689,1,FALSE
nlgn4a,159,159,1,-,C,G,mismatch,1510,716,1,FALSE
nlgn4a,93,93,1,-,G,A,mismatch,1511,698,1,FALSE
nlgn4a,142,142,1,-,C,G,mismatch,1511,698,1,FALSE
nlgn4a,158,158,1,-,G,T,mismatch,1511,698,1,FALSE
nlgn4a,102,102,1,-,C,T,mismatch,1512,698,1,FALSE
nlgn4a,145,145,1,-,T,G,mismatch,1512,698,1,FALSE
nlgn4a,158,158,1,-,G,T,mismatch,1512,698,1,FALSE
nlgn4a,112,112,1,-,C,G,mismatch,1513,707,1,FALSE
nlgn4a,157,157,1,-,A,G,mismatch,1513,707,1,FALSE
nlgn4a,101,101,1,-,A,C,mismatch,1514,707,1,FALSE
nlgn4a,157,157,1,-,A,C,mismatch,1514,707,1,FALSE
nlgn4a,141,141,1,-,G,A,mismatch,1515,707,1,FALSE
nlgn4a,157,157,1,-,A,C,mismatch,1515,707,1,FALSE
nlgn4a,154,154,1,-,C,T,mismatch,1516,716,1,FALSE
nlgn4a,111,111,1,-,A,C,mismatch,1517,707,1,FALSE
nlgn4a,152,152,1,-,G,T,mismatch,1517,707,1,FALSE
nlgn4a,151,151,1,-,G,T,mismatch,1518,716,1,FALSE
nlgn4a,103,103,1,-,G,A,mismatch,1519,698,1,FALSE
nlgn4a,107,107,1,-,T,C,mismatch,1519,698,1,FALSE
nlgn4a,151,151,1,-,G,T,mismatch,1519,698,1,FALSE
nlgn4a,114,114,1,-,T,G,mismatch,1520,698,1,FALSE
nlgn4a,122,122,1,-,G,A,mismatch,1520,698,1,FALSE
nlgn4a,149,149,1,-,A,G,mismatch,1520,698,1,FALSE
nlgn4a,147,147,1,-,A,T,mismatch,1521,716,1,FALSE
nlgn4a,99,99,1,-,C,A,mismatch,1522,707,1,FALSE
nlgn4a,147,147,1,-,A,C,mismatch,1522,707,1,FALSE
nlgn4a,101,101,1,-,A,G,mismatch,1523,698,1,FALSE
nlgn4a,115,115,1,-,G,A,mismatch,1523,698,1,FALSE
nlgn4a,147,147,1,-,A,C,mismatch,1523,698,1,FALSE
nlgn4a,141,141,1,-,G,T,mismatch,1524,707,1,FALSE
nlgn4a,144,144,1,-,A,T,mismatch,1524,707,1,FALSE
nlgn4a,144,144,1,-,A,C,mismatch,1525,716,1,FALSE
nlgn4a,143,143,1,-,C,T,mismatch,1526,716,1,FALSE
nlgn4a,139,139,1,-,T,G,mismatch,1527,707,1,FALSE
nlgn4a,143,143,1,-,C,T,mismatch,1527,707,1,FALSE
nlgn4a,104,104,1,-,C,A,mismatch,1528,698,1,FALSE
nlgn4a,140,140,1,-,G,C,mismatch,1528,698,1,FALSE
nlgn4a,142,142,1,-,C,T,mismatch,1528,698,1,FALSE
nlgn4a,142,142,1,-,C,G,mismatch,1529,716,1,FALSE
nlgn4a,138,138,1,-,C,T,mismatch,1530,716,1,FALSE
nlgn4a,123,123,1,-,C,T,mismatch,1531,716,1,FALSE
nlgn4a,112,112,1,-,C,A,mismatch,1532,707,1,FALSE
nlgn4a,116,116,1,-,G,T,mismatch,1532,707,1,FALSE
nlgn4a,115,115,1,-,G,T,mismatch,1533,716,1,FALSE
nlgn4a,113,113,1,-,C,G,mismatch,1534,716,1,FALSE
nlgn4a,112,112,1,-,C,T,mismatch,1535,716,1,FALSE
nlgn4a,111,111,1,-,A,G,mismatch,1536,716,1,FALSE
nlgn4a,105,105,1,-,C,T,mismatch,1537,716,1,FALSE
nlgn4a,105,105,1,-,C,G,mismatch,1538,716,1,FALSE
nlgn4a,104,104,1,-,C,T,mismatch,1539,716,1,FALSE
nlgn4a,103,103,1,-,G,T,mismatch,1540,716,1,FALSE
nlgn4a,102,102,1,-,C,T,mismatch,1541,716,1,FALSE
nlgn4a,96,96,1,-,A,T,mismatch,1542,716,1,FALSE
nlgn4a,96,96,1,-,A,G,mismatch,1543,716,1,FALSE
nlgn4a,96,96,1,-,A,C,mismatch,1544,716,1,FALSE
nlgn4a,94,94,1,-,C,G,mismatch,1545,716,1,FALSE
nlgn4a,93,93,1,-,G,T,mismatch,1546,716,1,FALSE
nlgn4a,93,93,1,-,G,C,mismatch,1547,716,1,FALSE
nlgn4a,93,93,1,-,G,A,mismatch,1548,716,1,FALSE
nlgn4a,95,95,1,-,T,G,mismatch,1549,716,1,FALSE
nlgn4a,93,93,1,-,G,A,mismatch,1550,707,1,FALSE
nlgn4a,98,98,1,-,T,C,mismatch,1550,707,1,FALSE
nlgn4a,102,102,1,-,C,A,mismatch,1551,716,1,FALSE
nlgn4a,101,101,1,-,A,C,mismatch,1552,707,1,FALSE
nlgn4a,103,103,1,-,G,C,mismatch,1552,707,1,FALSE
nlgn4a,103,103,1,-,G,C,mismatch,1553,716,1,FALSE
nlgn4a,106,106,1,-,T,C,mismatch,1555,716,1,FALSE
nlgn4a,106,106,1,-,T,A,mismatch,1556,716,1,FALSE
nlgn4a,98,98,1,-,T,C,mismatch,1557,707,1,FALSE
nlgn4a,108,108,1,-,T,C,mismatch,1557,707,1,FALSE
nlgn4a,108,108,1,-,T,A,mismatch,1558,716,1,FALSE
nlgn4a,109,109,1,-,T,G,mismatch,1559,716,1,FALSE
nlgn4a,110,110,1,-,T,G,mismatch,1560,716,1,FALSE
nlgn4a,110,110,1,-,T,C,mismatch,1561,716,1,FALSE
nlgn4a,110,110,1,-,T,A,mismatch,1562,716,1,FALSE
nlgn4a,103,103,1,-,G,C,mismatch,1563,707,1,FALSE
nlgn4a,110,110,1,-,T,A,mismatch,1563,707,1,FALSE
nlgn4a,101,101,1,-,A,T,mismatch,1564,707,1,FALSE
nlgn4a,112,112,1,-,C,A,mismatch,1564,707,1,FALSE
nlgn4a,112,112,1,-,C,A,mismatch,1565,716,1,FALSE
nlgn4a,114,114,1,-,T,C,mismatch,1566,716,1,FALSE
nlgn4a,116,116,1,-,G,C,mismatch,1567,716,1,FALSE
nlgn4a,95,95,1,-,T,C,mismatch,1568,707,1,FALSE
nlgn4a,116,116,1,-,G,C,mismatch,1568,707,1,FALSE
nlgn4a,116,116,1,-,G,A,mismatch,1569,716,1,FALSE
nlgn4a,119,119,1,-,T,G,mismatch,1570,716,1,FALSE
nlgn4a,93,93,1,-,G,T,mismatch,1571,707,1,FALSE
nlgn4a,121,121,1,-,T,C,mismatch,1571,707,1,FALSE
nlgn4a,123,123,1,-,C,A,mismatch,1572,716,1,FALSE
nlgn4a,106,106,1,-,T,C,mismatch,1573,707,1,FALSE
nlgn4a,125,125,1,-,T,G,mismatch,1573,707,1,FALSE
nlgn4a,125,125,1,-,T,C,mismatch,1574,716,1,FALSE
nlgn4a,126,126,1,-,G,C,mismatch,1575,716,1,FALSE
nlgn4a,97,97,1,-,C,A,mismatch,1576,707,1,FALSE
nlgn4a,126,126,1,-,G,A,mismatch,1576,707,1,FALSE
nlgn4a,106,106,1,-,T,G,mismatch,1577,707,1,FALSE
nlgn4a,120,120,1,-,G,A,mismatch,1577,707,1,FALSE
nlgn4a,138,138,1,-,C,A,mismatch,1578,716,1,FALSE
nlgn4a,128,128,1,-,G,A,mismatch,1579,716,1,FALSE
nlgn4a,139,139,1,-,T,G,mismatch,1580,716,1,FALSE
nlgn4a,139,139,1,-,T,A,mismatch,1581,716,1,FALSE
nlgn4a,138,138,1,-,C,T,mismatch,1582,707,1,FALSE
nlgn4a,140,140,1,-,G,C,mismatch,1582,707,1,FALSE
nlgn4a,97,97,1,-,C,T,mismatch,1583,707,1,FALSE
nlgn4a,140,140,1,-,G,C,mismatch,1583,707,1,FALSE
nlgn4a,140,140,1,-,G,C,mismatch,1584,716,1,FALSE
nlgn4a,113,113,1,-,C,T,mismatch,1585,707,1,FALSE
nlgn4a,142,142,1,-,C,A,mismatch,1585,707,1,FALSE
nlgn4a,119,119,1,-,T,C,mismatch,1586,707,1,FALSE
nlgn4a,146,146,1,-,T,C,mismatch,1586,707,1,FALSE
nlgn4a,146,146,1,-,T,A,mismatch,1587,716,1,FALSE
nlgn4a,104,104,1,-,C,A,mismatch,1588,707,1,FALSE
nlgn4a,146,146,1,-,T,A,mismatch,1588,707,1,FALSE
nlgn4a,150,150,1,-,T,G,mismatch,1589,716,1,FALSE
nlgn4a,100,100,1,-,T,C,mismatch,1590,707,1,FALSE
nlgn4a,150,150,1,-,T,C,mismatch,1590,707,1,FALSE
nlgn4a,114,114,1,-,T,A,mismatch,1591,707,1,FALSE
nlgn4a,150,150,1,-,T,C,mismatch,1591,707,1,FALSE
nlgn4a,150,150,1,-,T,A,mismatch,1592,716,1,FALSE
nlgn4a,152,152,1,-,G,A,mismatch,1593,716,1,FALSE
nlgn4a,101,101,1,-,A,C,mismatch,1594,707,1,FALSE
nlgn4a,154,154,1,-,C,A,mismatch,1594,707,1,FALSE
nlgn4a,154,154,1,-,C,A,mismatch,1595,716,1,FALSE
nlgn4a,127,127,1,-,C,A,mismatch,1596,707,1,FALSE
nlgn4a,155,155,1,-,T,C,mismatch,1596,707,1,FALSE
nlgn4a,116,116,1,-,G,T,mismatch,1597,707,1,FALSE
nlgn4a,156,156,1,-,C,A,mismatch,1597,707,1,FALSE
nlgn4a,93,93,1,-,G,C,mismatch,1598,698,1,FALSE
nlgn4a,145,145,1,-,T,A,mismatch,1598,698,1,FALSE
nlgn4a,156,156,1,-,C,A,mismatch,1598,698,1,FALSE
nlgn4a,122,122,1,-,G,T,mismatch,1599,689,1,FALSE
nlgn4a,126,126,1,-,G,A,mismatch,1599,689,1,FALSE
nlgn4a,151,151,1,-,G,C,mismatch,1599,689,1,FALSE
nlgn4a,156,156,1,-,C,A,mismatch,1599,689,1,FALSE
nlgn4a,95,95,1,-,T,A,mismatch,1600,680,1,FALSE
nlgn4a,99,99,1,-,C,A,mismatch,1600,680,1,FALSE
nlgn4a,118,118,1,-,T,A,mismatch,1600,680,1,FALSE
nlgn4a,157,157,1,-,A,T,mismatch,1600,680,1,FALSE
nlgn4a,161,161,1,-,G,C,mismatch,1600,680,1,FALSE
nlgn4a,161,161,1,-,G,A,mismatch,1601,716,1,FALSE
nlgn4a,139,139,1,-,T,G,mismatch,1602,680,1,FALSE
nlgn4a,146,146,1,-,T,C,mismatch,1602,680,1,FALSE
nlgn4a,162,162,1,-,C,A,mismatch,1602,680,1,FALSE
nlgn4a,164,164,1,-,C,A,mismatch,1603,716,1,FALSE
nlgn4a,165,165,1,-,C,A,mismatch,1604,716,1,FALSE
nlgn4a,105,105,1,-,C,A,mismatch,1605,698,1,FALSE
nlgn4a,157,157,1,-,A,C,mismatch,1605,698,1,FALSE
nlgn4a,166,166,1,-,C,A,mismatch,1605,698,1,FALSE
nlgn4a,97,97,1,-,C,G,mismatch,1606,698,1,FALSE
nlgn4a,118,118,1,-,T,G,mismatch,1606,698,1,FALSE
nlgn4a,167,167,1,-,T,C,mismatch,1606,698,1,FALSE
nlgn4a,95,95,1,-,T,A,mismatch,1607,698,1,FALSE
nlgn4a,160,160,1,-,A,T,mismatch,1607,698,1,FALSE
nlgn4a,169,169,1,-,T,G,mismatch,1607,698,1,FALSE
nlgn4a,169,169,1,-,T,G,mismatch,1608,716,1,FALSE
nlgn4a,110,110,1,-,T,A,mismatch,1609,707,1,FALSE
nlgn4a,169,169,1,-,T,G,mismatch,1609,707,1,FALSE
nlgn4a,119,119,1,-,T,A,mismatch,1610,707,1,FALSE
nlgn4a,169,169,1,-,T,C,mismatch,1610,707,1,FALSE
nlgn4a,97,97,1,-,C,G,mismatch,1611,689,1,FALSE
nlgn4a,108,108,1,-,T,G,mismatch,1611,689,1,FALSE
nlgn4a,126,126,1,-,G,A,mismatch,1611,689,1,FALSE
nlgn4a,169,169,1,-,T,C,mismatch,1611,689,1,FALSE
nlgn4a,112,112,1,-,C,G,mismatch,1612,707,1,FALSE
nlgn4a,170,170,1,-,T,G,mismatch,1612,707,1,FALSE
nlgn4a,138,138,1,-,C,A,mismatch,1613,698,1,FALSE
nlgn4a,152,152,1,-,G,A,mismatch,1613,698,1,FALSE
nlgn4a,170,170,1,-,T,G,mismatch,1613,698,1,FALSE
nlgn4a,170,170,1,-,T,C,mismatch,1614,716,1,FALSE
nlgn4a,170,170,1,-,T,A,mismatch,1615,716,1,FALSE
nlgn4a,171,171,1,-,G,C,mismatch,1616,716,1,FALSE
nlgn4a,103,103,1,-,G,T,mismatch,1617,707,1,FALSE
nlgn4a,171,171,1,-,G,A,mismatch,1617,707,1,FALSE
nlgn4a,171,171,1,-,G,A,mismatch,1618,716,1,FALSE
nlgn4a,162,162,1,-,C,A,mismatch,1619,707,1,FALSE
nlgn4a,172,172,1,-,T,G,mismatch,1619,707,1,FALSE
nlgn4a,110,110,1,-,T,A,mismatch,1620,689,1,FALSE
nlgn4a,114,114,1,-,T,A,mismatch,1620,689,1,FALSE
nlgn4a,160,160,1,-,A,G,mismatch,1620,689,1,FALSE
nlgn4a,172,172,1,-,T,C,mismatch,1620,689,1,FALSE
nlgn4a,94,94,1,-,C,T,mismatch,1621,707,1,FALSE
nlgn4a,172,172,1,-,T,C,mismatch,1621,707,1,FALSE
nlgn4a,93,93,1,-,G,C,mismatch,1622,698,1,FALSE
nlgn4a,118,118,1,-,T,G,mismatch,1622,698,1,FALSE
nlgn4a,172,172,1,-,T,A,mismatch,1622,698,1,FALSE
nlgn4a,119,119,1,-,T,C,mismatch,1623,707,1,FALSE
nlgn4a,172,172,1,-,T,A,mismatch,1623,707,1,FALSE
nlgn4a,106,106,1,-,T,C,mismatch,1624,707,1,FALSE
nlgn4a,173,173,1,-,T,G,mismatch,1624,707,1,FALSE
nlgn4a,108,108,1,-,T,C,mismatch,1625,707,1,FALSE
nlgn4a,175,175,1,-,C,A,mismatch,1625,707,1,FALSE
nlgn4a,176,176,1,-,G,C,mismatch,1626,716,1,FALSE
nlgn4a,109,109,1,-,T,G,mismatch,1627,707,1,FALSE
nlgn4a,176,176,1,-,G,C,mismatch,1627,707,1,FALSE
nlgn4a,176,176,1,-,G,A,mismatch,1628,698,1,FALSE
nlgn4a,176,176,1,-,G,A,mismatch,1629,716,1,FALSE
nlgn4a,108,108,1,-,T,A,mismatch,1630,698,1,FALSE
nlgn4a,150,150,1,-,T,G,mismatch,1630,698,1,FALSE
nlgn4a,176,176,1,-,G,A,mismatch,1630,698,1,FALSE
nlgn4a,140,140,1,-,G,T,mismatch,1631,707,1,FALSE
nlgn4a,185,185,1,-,T,C,mismatch,1631,707,1,FALSE
nlgn4a,93,93,1,-,G,C,mismatch,1632,698,1,FALSE
nlgn4a,161,161,1,-,G,C,mismatch,1632,698,1,FALSE
nlgn4a,185,185,1,-,T,C,mismatch,1632,698,1,FALSE
nlgn4a,186,186,1,-,G,C,mismatch,1633,716,1,FALSE
nlgn4a,98,98,1,-,T,A,mismatch,1634,707,1,FALSE
nlgn4a,186,186,1,-,G,C,mismatch,1634,707,1,FALSE
nlgn4a,94,94,1,-,C,T,mismatch,1635,707,1,FALSE
nlgn4a,188,188,1,-,C,A,mismatch,1635,707,1,FALSE
nlgn4a,153,153,1,-,G,T,mismatch,1636,698,1,FALSE
nlgn4a,169,169,1,-,T,A,mismatch,1636,698,1,FALSE
nlgn4a,188,188,1,-,C,A,mismatch,1636,698,1,FALSE
nlgn4a,97,97,1,-,C,A,mismatch,1637,698,1,FALSE
nlgn4a,188,188,1,-,C,G,mismatch,1637,698,1,FALSE
nlgn4a,193,193,1,-,T,A,mismatch,1637,698,1,FALSE
nlgn4a,196,196,1,-,G,A,mismatch,1638,716,1,FALSE
nlgn4a,199,199,1,-,G,C,mismatch,1639,716,1,FALSE
nlgn4a,178,178,1,-,C,G,mismatch,1640,707,1,FALSE
nlgn4a,199,199,1,-,G,A,mismatch,1640,707,1,FALSE
nlgn4a,181,181,1,-,A,G,mismatch,1641,707,1,FALSE
nlgn4a,200,200,1,-,C,A,mismatch,1641,707,1,FALSE
nlgn4a,200,200,1,-,C,A,mismatch,1642,716,1,FALSE
nlgn4a,156,156,1,-,C,G,mismatch,1643,698,1,FALSE
nlgn4a,177,177,1,-,A,G,mismatch,1643,698,1,FALSE
nlgn4a,201,201,1,-,T,C,mismatch,1643,698,1,FALSE
nlgn4a,175,175,1,-,C,A,mismatch,1644,707,1,FALSE
nlgn4a,201,201,1,-,T,C,mismatch,1644,707,1,FALSE
nlgn4a,202,202,1,-,T,C,mismatch,1645,716,1,FALSE
nlgn4a,208,208,1,-,C,A,mismatch,1646,716,1,FALSE
nlgn4a,105,105,1,-,C,T,mismatch,1647,698,1,FALSE
nlgn4a,189,189,1,-,A,G,mismatch,1647,698,1,FALSE
nlgn4a,211,211,1,-,C,A,mismatch,1647,698,1,FALSE
nlgn4a,121,121,1,-,T,A,mismatch,1648,707,1,FALSE
nlgn4a,212,212,1,-,T,A,mismatch,1648,707,1,FALSE
nlgn4a,214,214,1,-,T,A,mismatch,1649,716,1,FALSE
nlgn4a,114,114,1,-,T,C,mismatch,1650,707,1,FALSE
nlgn4a,216,216,1,-,C,A,mismatch,1650,707,1,FALSE
nlgn4a,140,140,1,-,G,C,mismatch,1651,698,1,FALSE
nlgn4a,185,185,1,-,T,C,mismatch,1651,698,1,FALSE
nlgn4a,217,217,1,-,C,A,mismatch,1651,698,1,FALSE
nlgn4a,224,224,1,-,G,A,mismatch,1652,716,1,FALSE
nlgn4a,97,97,1,-,C,A,mismatch,1653,689,1,FALSE
nlgn4a,194,194,1,-,A,G,mismatch,1653,689,1,FALSE
nlgn4a,196,196,1,-,G,T,mismatch,1653,689,1,FALSE
nlgn4a,227,227,1,-,T,C,mismatch,1653,689,1,FALSE
nlgn4a,227,227,1,-,T,A,mismatch,1654,716,1,FALSE
nlgn4a,111,111,1,-,A,C,mismatch,1655,698,1,FALSE
nlgn4a,196,196,1,-,G,T,mismatch,1655,698,1,FALSE
nlgn4a,229,229,1,-,T,A,mismatch,1655,698,1,FALSE
nlgn4a,106,106,1,-,T,C,mismatch,1656,698,1,FALSE
nlgn4a,198,198,1,-,G,T,mismatch,1656,698,1,FALSE
nlgn4a,231,231,1,-,G,C,mismatch,1656,698,1,FALSE
nlgn4a,231,231,1,-,G,A,mismatch,1657,716,1,FALSE
nlgn4a,122,122,1,-,G,C,mismatch,1658,698,1,FALSE
nlgn4a,215,215,1,-,G,A,mismatch,1658,698,1,FALSE
nlgn4a,231,231,1,-,G,A,mismatch,1658,698,1,FALSE
nlgn4a,160,160,1,-,A,G,mismatch,1659,707,1,FALSE
nlgn4a,118,118,1,-,T,A,mismatch,1660,707,1,FALSE
nlgn4a,154,154,1,-,C,A,mismatch,1661,707,1,FALSE
nlgn4a,184,184,1,-,A,T,mismatch,1662,698,1,FALSE
nlgn4a,223,223,1,-,A,C,mismatch,1662,698,1,FALSE
nlgn4a,196,196,1,-,G,T,mismatch,1663,707,1,FALSE
nlgn4a,157,157,1,-,A,T,mismatch,1664,707,1,FALSE
nlgn4a,171,171,1,-,G,T,mismatch,1665,689,1,FALSE
nlgn4a,180,180,1,-,A,G,mismatch,1665,689,1,FALSE
nlgn4a,215,215,1,-,G,A,mismatch,1665,689,1,FALSE
nlgn4a,106,106,1,-,T,C,mismatch,1667,698,1,FALSE
nlgn4a,204,204,1,-,A,G,mismatch,1667,698,1,FALSE
nlgn4a,145,145,1,-,T,G,mismatch,1668,698,1,FALSE
nlgn4a,190,190,1,-,A,G,mismatch,1668,698,1,FALSE
nlgn4a,105,105,1,-,C,G,mismatch,1669,689,1,FALSE
nlgn4a,166,166,1,-,C,T,mismatch,1669,689,1,FALSE
nlgn4a,213,213,1,-,C,T,mismatch,1669,689,1,FALSE
nlgn4a,149,149,1,-,A,G,mismatch,1670,707,1,FALSE
nlgn4a,93,93,1,-,G,T,mismatch,1672,698,1,FALSE
nlgn4a,199,199,1,-,G,C,mismatch,1672,698,1,FALSE
nlgn4a,172,172,1,-,T,C,mismatch,1673,698,1,FALSE
nlgn4a,205,205,1,-,A,G,mismatch,1673,698,1,FALSE
nlgn4a,159,159,1,-,C,A,mismatch,1674,707,1,FALSE
nlgn4a,105,105,1,-,C,T,mismatch,1675,707,1,FALSE
nlgn4a,145,145,1,-,T,C,mismatch,1677,707,1,FALSE
nlgn4a,111,111,1,-,A,T,mismatch,1678,707,1,FALSE
nlgn4a,93,93,1,-,G,A,mismatch,1679,689,1,FALSE
nlgn4a,104,104,1,-,C,A,mismatch,1679,689,1,FALSE
nlgn4a,127,127,1,-,C,T,mismatch,1679,689,1,FALSE
nlgn4a,183,183,1,-,T,G,mismatch,1681,707,1,FALSE
nlgn4a,101,101,1,-,A,G,mismatch,1682,689,1,FALSE
nlgn4a,149,149,1,-,A,C,mismatch,1682,689,1,FALSE
nlgn4a,225,225,1,-,A,G,mismatch,1682,689,1,FALSE
nlgn4a,109,109,1,-,T,C,mismatch,1683,698,1,FALSE
nlgn4a,193,193,1,-,T,C,mismatch,1683,698,1,FALSE
nlgn4a,106,106,1,-,T,G,mismatch,1684,689,1,FALSE
nlgn4a,112,112,1,-,C,G,mismatch,1684,689,1,FALSE
nlgn4a,159,159,1,-,C,G,mismatch,1684,689,1,FALSE
nlgn4a,107,107,1,-,T,A,mismatch,1686,707,1,FALSE
nlgn4a,186,186,1,-,G,T,mismatch,1686,707,1,FALSE
nlgn4a,96,96,1,-,A,C,mismatch,1688,689,1,FALSE
nlgn4a,98,98,1,-,T,A,mismatch,1688,689,1,FALSE
nlgn4a,165,165,1,-,C,T,mismatch,1688,689,1,FALSE
nlgn4a,206,206,1,-,A,G,mismatch,1688,689,1,FALSE
nlgn4a,120,120,1,-,G,A,mismatch,1689,707,1,FALSE
nlgn4a,179,179,1,-,A,T,mismatch,1689,707,1,FALSE
nlgn4a,112,112,1,-,C,A,mismatch,1690,716,1,FALSE
nlgn4a,229,229,1,-,T,G,mismatch,1691,716,1,FALSE
nlgn4a,104,104,1,-,C,A,mismatch,1692,689,1,FALSE
nlgn4a,162,162,1,-,C,G,mismatch,1692,689,1,FALSE
nlgn4a,175,175,1,-,C,T,mismatch,1692,689,1,FALSE
nlgn4a,172,172,1,-,T,A,mismatch,1695,716,1,FALSE
nlgn4a,108,108,1,-,T,C,mismatch,1696,707,1,FALSE
nlgn4a,178,178,1,-,C,T,mismatch,1696,707,1,FALSE
nlgn4a,194,194,1,-,A,G,mismatch,1698,716,1,FALSE
nlgn4a,111,111,1,-,A,C,mismatch,1700,716,1,FALSE
nlgn4a,101,101,1,-,A,C,mismatch,1701,707,1,FALSE
nlgn4a,122,122,1,-,G,A,mismatch,1701,707,1,FALSE
nlgn4a,108,108,1,-,T,C,mismatch,1702,716,1,FALSE
nlgn4a,111,111,1,-,A,T,mismatch,1703,716,1,FALSE
nlgn4a,174,174,1,-,A,G,mismatch,1704,716,1,FALSE
nlgn4a,96,96,1,-,A,T,mismatch,1705,689,1,FALSE
nlgn4a,102,102,1,-,C,A,mismatch,1705,689,1,FALSE
nlgn4a,114,114,1,-,T,A,mismatch,1705,689,1,FALSE
nlgn4a,170,170,1,-,T,C,mismatch,1705,689,1,FALSE
nlgn4a,123,123,1,-,C,A,mismatch,1707,707,1,FALSE
nlgn4a,119,119,1,-,T,A,mismatch,1708,716,1,FALSE
nlgn4a,107,107,1,-,T,C,mismatch,1709,707,1,FALSE
nlgn4a,124,124,1,-,T,G,mismatch,1709,707,1,FALSE
nlgn4a,139,139,1,-,T,A,mismatch,1710,716,1,FALSE
nlgn4a,99,99,1,-,C,G,mismatch,1711,707,1,FALSE
nlgn4a,150,150,1,-,T,A,mismatch,1711,707,1,FALSE
nlgn4a,110,110,1,-,T,C,mismatch,1714,698,1,FALSE
nlgn4a,124,124,1,-,T,G,mismatch,1714,698,1,FALSE
nlgn4a,142,142,1,-,C,T,mismatch,1714,698,1,FALSE
nlgn4a,137,137,1,-,G,C,mismatch,1715,716,1,FALSE
nlgn4a,96,96,1,-,A,G,mismatch,1716,716,1,FALSE
nlgn4a,124,124,1,-,T,A,mismatch,1718,707,1,FALSE
nlgn4a,113,113,1,-,C,A,mismatch,1723,689,1,FALSE
nlgn4a,142,142,1,-,C,T,mismatch,1723,689,1,FALSE
nlgn4a,185,185,1,-,T,G,mismatch,1723,689,1,FALSE
nlgn4a,94,94,1,-,C,A,mismatch,1724,689,1,FALSE
nlgn4a,123,123,1,-,C,T,mismatch,1724,689,1,FALSE
nlgn4a,170,170,1,-,T,A,mismatch,1724,689,1,FALSE
nlgn4a,122,122,1,-,G,A,mismatch,1725,698,1,FALSE
nlgn4a,174,174,1,-,A,T,mismatch,1725,698,1,FALSE
nlgn4a,191,191,1,-,G,C,mismatch,1728,707,1,FALSE
nlgn4a,177,177,1,-,A,G,mismatch,1730,707,1,FALSE
nlgn4a,112,112,1,-,C,G,mismatch,1731,707,1,FALSE
nlgn4a,164,164,1,-,C,G,mismatch,1732,698,1,FALSE
nlgn4a,213,213,1,-,C,T,mismatch,1732,698,1,FALSE
nlgn4a,111,111,1,-,A,T,mismatch,1734,698,1,FALSE
nlgn4a,149,149,1,-,A,T,mismatch,1734,698,1,FALSE
nlgn4a,230,230,1,-,A,C,mismatch,1734,698,1,FALSE
nlgn4a,105,105,1,-,C,T,mismatch,1735,707,1,FALSE
nlgn4a,228,228,1,-,C,G,mismatch,1735,707,1,FALSE
nlgn4a,224,224,1,-,G,T,mismatch,1736,716,1,FALSE
nlgn4a,153,153,1,-,G,C,mismatch,1737,698,1,FALSE
nlgn4a,189,189,1,-,A,G,mismatch,1737,698,1,FALSE
nlgn4a,220,220,1,-,A,G,mismatch,1737,698,1,FALSE
nlgn4a,113,113,1,-,C,T,mismatch,1738,698,1,FALSE
nlgn4a,210,210,1,-,C,A,mismatch,1738,698,1,FALSE
nlgn4a,219,219,1,-,A,G,mismatch,1738,698,1,FALSE
nlgn4a,136,136,1,-,G,A,mismatch,1739,689,1,FALSE
nlgn4a,138,138,1,-,C,T,mismatch,1739,689,1,FALSE
nlgn4a,214,214,1,-,T,A,mismatch,1739,689,1,FALSE
nlgn4a,219,219,1,-,A,C,mismatch,1739,689,1,FALSE
nlgn4a,137,137,1,-,G,A,mismatch,1740,689,1,FALSE
nlgn4a,151,151,1,-,G,T,mismatch,1740,689,1,FALSE
nlgn4a,205,205,1,-,A,G,mismatch,1740,689,1,FALSE
nlgn4a,217,217,1,-,C,G,mismatch,1740,689,1,FALSE
nlgn4a,216,216,1,-,C,G,mismatch,1741,716,1,FALSE
nlgn4a,213,213,1,-,C,G,mismatch,1742,716,1,FALSE
nlgn4a,112,112,1,-,C,A,mismatch,1743,698,1,FALSE
nlgn4a,177,177,1,-,A,T,mismatch,1743,698,1,FALSE
nlgn4a,210,210,1,-,C,G,mismatch,1743,698,1,FALSE
nlgn4a,126,126,1,-,G,T,mismatch,1744,689,1,FALSE
nlgn4a,144,144,1,-,A,T,mismatch,1744,689,1,FALSE
nlgn4a,169,169,1,-,T,A,mismatch,1744,689,1,FALSE
nlgn4a,210,210,1,-,C,G,mismatch,1744,689,1,FALSE
nlgn4a,146,146,1,-,T,A,mismatch,1745,707,1,FALSE
nlgn4a,209,209,1,-,A,T,mismatch,1745,707,1,FALSE
nlgn4a,163,163,1,-,A,T,mismatch,1746,698,1,FALSE
nlgn4a,167,167,1,-,T,A,mismatch,1746,698,1,FALSE
nlgn4a,209,209,1,-,A,T,mismatch,1746,698,1,FALSE
nlgn4a,209,209,1,-,A,G,mismatch,1747,716,1,FALSE
nlgn4a,174,174,1,-,A,C,mismatch,1748,707,1,FALSE
nlgn4a,209,209,1,-,A,C,mismatch,1748,707,1,FALSE
nlgn4a,208,208,1,-,C,T,mismatch,1749,716,1,FALSE
nlgn4a,208,208,1,-,C,G,mismatch,1750,716,1,FALSE
nlgn4a,96,96,1,-,A,T,mismatch,1751,680,1,FALSE
nlgn4a,104,104,1,-,C,T,mismatch,1751,680,1,FALSE
nlgn4a,106,106,1,-,T,G,mismatch,1751,680,1,FALSE
nlgn4a,121,121,1,-,T,G,mismatch,1751,680,1,FALSE
nlgn4a,208,208,1,-,C,G,mismatch,1751,680,1,FALSE
nlgn4a,98,98,1,-,T,C,mismatch,1752,698,1,FALSE
nlgn4a,183,183,1,-,T,G,mismatch,1752,698,1,FALSE
nlgn4a,207,207,1,-,A,G,mismatch,1752,698,1,FALSE
nlgn4a,189,189,1,-,A,C,mismatch,1753,707,1,FALSE
nlgn4a,206,206,1,-,A,G,mismatch,1753,707,1,FALSE
nlgn4a,106,106,1,-,T,A,mismatch,1754,698,1,FALSE
nlgn4a,125,125,1,-,T,C,mismatch,1754,698,1,FALSE
nlgn4a,205,205,1,-,A,T,mismatch,1754,698,1,FALSE
nlgn4a,180,180,1,-,A,T,mismatch,1755,707,1,FALSE
nlgn4a,204,204,1,-,A,G,mismatch,1755,707,1,FALSE
nlgn4a,167,167,1,-,T,C,mismatch,1756,707,1,FALSE
nlgn4a,204,204,1,-,A,G,mismatch,1756,707,1,FALSE
nlgn4a,163,163,1,-,A,G,mismatch,1757,707,1,FALSE
nlgn4a,203,203,1,-,G,T,mismatch,1757,707,1,FALSE
nlgn4a,109,109,1,-,T,C,mismatch,1758,698,1,FALSE
nlgn4a,111,111,1,-,A,C,mismatch,1758,698,1,FALSE
nlgn4a,203,203,1,-,G,T,mismatch,1758,698,1,FALSE
nlgn4a,200,200,1,-,C,G,mismatch,1759,716,1,FALSE
nlgn4a,196,196,1,-,G,T,mismatch,1760,716,1,FALSE
nlgn4a,195,195,1,-,A,T,mismatch,1761,716,1,FALSE
nlgn4a,100,100,1,-,T,G,mismatch,1762,707,1,FALSE
nlgn4a,195,195,1,-,A,G,mismatch,1762,707,1,FALSE
nlgn4a,112,112,1,-,C,A,mismatch,1763,707,1,FALSE
nlgn4a,194,194,1,-,A,T,mismatch,1763,707,1,FALSE
nlgn4a,106,106,1,-,T,A,mismatch,1764,698,1,FALSE
nlgn4a,136,136,1,-,G,A,mismatch,1764,698,1,FALSE
nlgn4a,192,192,1,-,C,T,mismatch,1764,698,1,FALSE
nlgn4a,101,101,1,-,A,G,mismatch,1765,707,1,FALSE
nlgn4a,192,192,1,-,C,G,mismatch,1765,707,1,FALSE
nlgn4a,190,190,1,-,A,G,mismatch,1766,716,1,FALSE
nlgn4a,95,95,1,-,T,C,mismatch,1767,680,1,FALSE
nlgn4a,104,104,1,-,C,G,mismatch,1767,680,1,FALSE
nlgn4a,122,122,1,-,G,C,mismatch,1767,680,1,FALSE
nlgn4a,185,185,1,-,T,G,mismatch,1767,680,1,FALSE
nlgn4a,190,190,1,-,A,G,mismatch,1767,680,1,FALSE
nlgn4a,107,107,1,-,T,C,mismatch,1768,707,1,FALSE
nlgn4a,190,190,1,-,A,C,mismatch,1768,707,1,FALSE
nlgn4a,189,189,1,-,A,T,mismatch,1769,716,1,FALSE
nlgn4a,126,126,1,-,G,C,mismatch,1770,707,1,FALSE
nlgn4a,189,189,1,-,A,T,mismatch,1770,707,1,FALSE
nlgn4a,178,178,1,-,C,T,mismatch,1771,707,1,FALSE
nlgn4a,188,188,1,-,C,T,mismatch,1771,707,1,FALSE
nlgn4a,188,188,1,-,C,T,mismatch,1772,716,1,FALSE
nlgn4a,113,113,1,-,C,G,mismatch,1773,698,1,FALSE
nlgn4a,164,164,1,-,C,T,mismatch,1773,698,1,FALSE
nlgn4a,188,188,1,-,C,G,mismatch,1773,698,1,FALSE
nlgn4a,186,186,1,-,G,T,mismatch,1774,716,1,FALSE
nlgn4a,184,184,1,-,A,T,mismatch,1775,716,1,FALSE
nlgn4a,139,139,1,-,T,G,mismatch,1776,707,1,FALSE
nlgn4a,184,184,1,-,A,C,mismatch,1776,707,1,FALSE
nlgn4a,182,182,1,-,C,G,mismatch,1777,716,1,FALSE
nlgn4a,180,180,1,-,A,G,mismatch,1778,716,1,FALSE
nlgn4a,179,179,1,-,A,G,mismatch,1779,716,1,FALSE
nlgn4a,147,147,1,-,A,T,mismatch,1780,707,1,FALSE
nlgn4a,178,178,1,-,C,T,mismatch,1780,707,1,FALSE
nlgn4a,99,99,1,-,C,G,mismatch,1781,698,1,FALSE
nlgn4a,102,102,1,-,C,G,mismatch,1781,698,1,FALSE
nlgn4a,177,177,1,-,A,G,mismatch,1781,698,1,FALSE
nlgn4a,167,167,1,-,T,A,mismatch,1782,707,1,FALSE
nlgn4a,177,177,1,-,A,G,mismatch,1782,707,1,FALSE
nlgn4a,176,176,1,-,G,T,mismatch,1783,716,1,FALSE
nlgn4a,144,144,1,-,A,C,mismatch,1784,698,1,FALSE
nlgn4a,149,149,1,-,A,G,mismatch,1784,698,1,FALSE
nlgn4a,174,174,1,-,A,T,mismatch,1784,698,1,FALSE
nlgn4a,105,105,1,-,C,T,mismatch,1785,698,1,FALSE
nlgn4a,114,114,1,-,T,C,mismatch,1785,698,1,FALSE
nlgn4a,174,174,1,-,A,C,mismatch,1785,698,1,FALSE
nlgn4a,105,105,1,-,C,G,mismatch,1786,698,1,FALSE
nlgn4a,161,161,1,-,G,A,mismatch,1786,698,1,FALSE
nlgn4a,168,168,1,-,A,G,mismatch,1786,698,1,FALSE
nlgn4a,105,105,1,-,C,G,mismatch,1787,707,1,FALSE
nlgn4a,168,168,1,-,A,C,mismatch,1787,707,1,FALSE
nlgn4a,142,142,1,-,C,T,mismatch,1788,707,1,FALSE
nlgn4a,166,166,1,-,C,T,mismatch,1788,707,1,FALSE
nlgn4a,146,146,1,-,T,C,mismatch,1789,707,1,FALSE
nlgn4a,166,166,1,-,C,T,mismatch,1789,707,1,FALSE
nlgn4a,145,145,1,-,T,C,mismatch,1790,707,1,FALSE
nlgn4a,166,166,1,-,C,G,mismatch,1790,707,1,FALSE
nlgn4a,96,96,1,-,A,G,mismatch,1791,707,1,FALSE
nlgn4a,164,164,1,-,C,T,mismatch,1791,707,1,FALSE
nlgn4a,102,102,1,-,C,G,mismatch,1792,707,1,FALSE
nlgn4a,163,163,1,-,A,G,mismatch,1792,707,1,FALSE
nlgn4a,163,163,1,-,A,G,mismatch,1793,716,1,FALSE
nlgn4a,162,162,1,-,C,T,mismatch,1794,716,1,FALSE
nlgn4a,145,145,1,-,T,A,mismatch,1795,698,1,FALSE
nlgn4a,151,151,1,-,G,A,mismatch,1795,698,1,FALSE
nlgn4a,162,162,1,-,C,G,mismatch,1795,698,1,FALSE
nlgn4a,161,161,1,-,G,T,mismatch,1796,716,1,FALSE
nlgn4a,139,139,1,-,T,A,mismatch,1797,707,1,FALSE
nlgn4a,160,160,1,-,A,C,mismatch,1797,707,1,FALSE
nlgn4a,99,99,1,-,C,G,mismatch,1798,698,1,FALSE
nlgn4a,148,148,1,-,C,G,mismatch,1798,698,1,FALSE
nlgn4a,159,159,1,-,C,T,mismatch,1798,698,1,FALSE
nlgn4a,102,102,1,-,C,A,mismatch,1799,707,1,FALSE
nlgn4a,159,159,1,-,C,G,mismatch,1799,707,1,FALSE
nlgn4a,106,106,1,-,T,C,mismatch,1800,707,1,FALSE
nlgn4a,157,157,1,-,A,T,mismatch,1800,707,1,FALSE
nlgn4a,157,157,1,-,A,G,mismatch,1801,716,1,FALSE
nlgn4a,148,148,1,-,C,T,mismatch,1802,707,1,FALSE
nlgn4a,156,156,1,-,C,T,mismatch,1802,707,1,FALSE
nlgn4a,95,95,1,-,T,G,mismatch,1803,698,1,FALSE
nlgn4a,142,142,1,-,C,T,mismatch,1803,698,1,FALSE
nlgn4a,156,156,1,-,C,T,mismatch,1803,698,1,FALSE
nlgn4a,156,156,1,-,C,G,mismatch,1804,716,1,FALSE
nlgn4a,102,102,1,-,C,A,mismatch,1805,707,1,FALSE
nlgn4a,154,154,1,-,C,G,mismatch,1805,707,1,FALSE
nlgn4a,153,153,1,-,G,T,mismatch,1806,716,1,FALSE
nlgn4a,152,152,1,-,G,T,mismatch,1807,716,1,FALSE
nlgn4a,107,107,1,-,T,C,mismatch,1808,707,1,FALSE
nlgn4a,149,149,1,-,A,C,mismatch,1808,707,1,FALSE
nlgn4a,147,147,1,-,A,T,mismatch,1809,716,1,FALSE
nlgn4a,147,147,1,-,A,G,mismatch,1810,716,1,FALSE
nlgn4a,144,144,1,-,A,C,mismatch,1811,716,1,FALSE
nlgn4a,116,116,1,-,G,C,mismatch,1812,707,1,FALSE
nlgn4a,143,143,1,-,C,T,mismatch,1812,707,1,FALSE
nlgn4a,143,143,1,-,C,G,mismatch,1813,716,1,FALSE
nlgn4a,142,142,1,-,C,G,mismatch,1814,716,1,FALSE
nlgn4a,140,140,1,-,G,T,mismatch,1815,716,1,FALSE
nlgn4a,108,108,1,-,T,A,mismatch,1816,707,1,FALSE
nlgn4a,137,137,1,-,G,T,mismatch,1816,707,1,FALSE
nlgn4a,100,100,1,-,T,G,mismatch,1817,707,1,FALSE
nlgn4a,136,136,1,-,G,T,mismatch,1817,707,1,FALSE
nlgn4a,123,123,1,-,C,G,mismatch,1818,716,1,FALSE
nlgn4a,122,122,1,-,G,T,mismatch,1819,716,1,FALSE
nlgn4a,120,120,1,-,G,T,mismatch,1820,716,1,FALSE
nlgn4a,97,97,1,-,C,A,mismatch,1821,707,1,FALSE
nlgn4a,117,117,1,-,A,T,mismatch,1821,707,1,FALSE
nlgn4a,99,99,1,-,C,G,mismatch,1822,707,1,FALSE
nlgn4a,116,116,1,-,G,T,mismatch,1822,707,1,FALSE
nlgn4a,100,100,1,-,T,C,mismatch,1823,707,1,FALSE
nlgn4a,116,116,1,-,G,T,mismatch,1823,707,1,FALSE
nlgn4a,113,113,1,-,C,T,mismatch,1824,716,1,FALSE
nlgn4a,113,113,1,-,C,G,mismatch,1825,716,1,FALSE
nlgn4a,112,112,1,-,C,T,mismatch,1826,716,1,FALSE
nlgn4a,111,111,1,-,A,T,mismatch,1827,716,1,FALSE
nlgn4a,111,111,1,-,A,C,mismatch,1828,716,1,FALSE
nlgn4a,101,101,1,-,A,T,mismatch,1829,707,1,FALSE
nlgn4a,105,105,1,-,C,T,mismatch,1829,707,1,FALSE
nlgn4a,104,104,1,-,C,G,mismatch,1831,716,1,FALSE
nlgn4a,103,103,1,-,G,T,mismatch,1832,716,1,FALSE
nlgn4a,101,101,1,-,A,G,mismatch,1833,716,1,FALSE
nlgn4a,99,99,1,-,C,G,mismatch,1834,716,1,FALSE
nlgn4a,96,96,1,-,A,T,mismatch,1835,716,1,FALSE
nlgn4a,98,98,1,-,T,A,mismatch,1836,716,1,FALSE
nlgn4a,100,100,1,-,T,C,mismatch,1837,716,1,FALSE
nlgn4a,102,102,1,-,C,A,mismatch,1838,716,1,FALSE
nlgn4a,103,103,1,-,G,C,mismatch,1839,716,1,FALSE
nlgn4a,105,105,1,-,C,A,mismatch,1840,716,1,FALSE
nlgn4a,107,107,1,-,T,G,mismatch,1841,716,1,FALSE
nlgn4a,108,108,1,-,T,C,mismatch,1842,716,1,FALSE
nlgn4a,108,108,1,-,T,A,mismatch,1843,716,1,FALSE
nlgn4a,110,110,1,-,T,A,mismatch,1844,716,1,FALSE
nlgn4a,105,105,1,-,C,A,mismatch,1845,707,1,FALSE
nlgn4a,112,112,1,-,C,A,mismatch,1845,707,1,FALSE
nlgn4a,114,114,1,-,T,A,mismatch,1846,716,1,FALSE
nlgn4a,116,116,1,-,G,C,mismatch,1847,716,1,FALSE
nlgn4a,107,107,1,-,T,A,mismatch,1848,689,1,FALSE
nlgn4a,113,113,1,-,C,T,mismatch,1848,689,1,FALSE
nlgn4a,103,103,1,-,G,T,mismatch,1849,698,1,FALSE
nlgn4a,115,115,1,-,G,T,mismatch,1849,698,1,FALSE
nlgn4a,118,118,1,-,T,C,mismatch,1849,698,1,FALSE
nlgn4a,119,119,1,-,T,G,mismatch,1850,716,1,FALSE
nlgn4a,119,119,1,-,T,A,mismatch,1851,716,1,FALSE
nlgn4a,121,121,1,-,T,C,mismatch,1852,716,1,FALSE
nlgn4a,103,103,1,-,G,C,mismatch,1853,707,1,FALSE
nlgn4a,121,121,1,-,T,C,mismatch,1853,707,1,FALSE
nlgn4a,124,124,1,-,T,C,mismatch,1854,716,1,FALSE
nlgn4a,108,108,1,-,T,C,mismatch,1856,716,1,FALSE
nlgn4a,123,123,1,-,C,T,mismatch,1857,707,1,FALSE
nlgn4a,126,126,1,-,G,T,mismatch,1857,707,1,FALSE
nlgn4a,117,117,1,-,A,C,mismatch,1858,707,1,FALSE
nlgn4a,126,126,1,-,G,T,mismatch,1858,707,1,FALSE
nlgn4a,126,126,1,-,G,T,mismatch,1859,716,1,FALSE
nlgn4a,107,107,1,-,T,G,mismatch,1860,707,1,FALSE
nlgn4a,126,126,1,-,G,T,mismatch,1860,707,1,FALSE
nlgn4a,136,136,1,-,G,A,mismatch,1861,716,1,FALSE
nlgn4a,101,101,1,-,A,C,mismatch,1862,707,1,FALSE
nlgn4a,137,137,1,-,G,C,mismatch,1862,707,1,FALSE
nlgn4a,110,110,1,-,T,G,mismatch,1863,707,1,FALSE
nlgn4a,139,139,1,-,T,G,mismatch,1863,707,1,FALSE
nlgn4a,139,139,1,-,T,A,mismatch,1864,716,1,FALSE
nlgn4a,99,99,1,-,C,A,mismatch,1865,707,1,FALSE
nlgn4a,140,140,1,-,G,A,mismatch,1865,707,1,FALSE
nlgn4a,141,141,1,-,G,A,mismatch,1866,716,1,FALSE
nlgn4a,145,145,1,-,T,G,mismatch,1867,716,1,FALSE
nlgn4a,146,146,1,-,T,C,mismatch,1868,716,1,FALSE
nlgn4a,119,119,1,-,T,C,mismatch,1869,707,1,FALSE
nlgn4a,146,146,1,-,T,C,mismatch,1869,707,1,FALSE
nlgn4a,148,148,1,-,C,A,mismatch,1870,716,1,FALSE
nlgn4a,116,116,1,-,G,C,mismatch,1871,707,1,FALSE
nlgn4a,148,148,1,-,C,A,mismatch,1871,707,1,FALSE
nlgn4a,102,102,1,-,C,A,mismatch,1872,707,1,FALSE
nlgn4a,150,150,1,-,T,C,mismatch,1872,707,1,FALSE
nlgn4a,151,151,1,-,G,C,mismatch,1873,716,1,FALSE
nlgn4a,151,151,1,-,G,A,mismatch,1874,716,1,FALSE
nlgn4a,152,152,1,-,G,C,mismatch,1875,716,1,FALSE
nlgn4a,152,152,1,-,G,C,mismatch,1876,716,1,FALSE
nlgn4a,152,152,1,-,G,A,mismatch,1877,716,1,FALSE
nlgn4a,120,120,1,-,G,T,mismatch,1878,707,1,FALSE
nlgn4a,153,153,1,-,G,A,mismatch,1878,707,1,FALSE
nlgn4a,154,154,1,-,C,A,mismatch,1879,716,1,FALSE
nlgn4a,155,155,1,-,T,A,mismatch,1880,716,1,FALSE
nlgn4a,158,158,1,-,G,A,mismatch,1881,716,1,FALSE
nlgn4a,100,100,1,-,T,A,mismatch,1882,707,1,FALSE
nlgn4a,159,159,1,-,C,A,mismatch,1882,707,1,FALSE
nlgn4a,103,103,1,-,G,C,mismatch,1883,707,1,FALSE
nlgn4a,161,161,1,-,G,C,mismatch,1883,707,1,FALSE
nlgn4a,161,161,1,-,G,A,mismatch,1884,716,1,FALSE
nlgn4a,110,110,1,-,T,C,mismatch,1885,707,1,FALSE
nlgn4a,161,161,1,-,G,A,mismatch,1885,707,1,FALSE
nlgn4a,138,138,1,-,C,T,mismatch,1886,707,1,FALSE
nlgn4a,165,165,1,-,C,A,mismatch,1886,707,1,FALSE
nlgn4a,165,165,1,-,C,A,mismatch,1887,716,1,FALSE
nlgn4a,125,125,1,-,T,A,mismatch,1888,707,1,FALSE
nlgn4a,166,166,1,-,C,A,mismatch,1888,707,1,FALSE
nlgn4a,167,167,1,-,T,G,mismatch,1889,716,1,FALSE
nlgn4a,124,124,1,-,T,C,mismatch,1890,707,1,FALSE
nlgn4a,167,167,1,-,T,G,mismatch,1890,707,1,FALSE
nlgn4a,167,167,1,-,T,C,mismatch,1891,716,1,FALSE
nlgn4a,108,108,1,-,T,G,mismatch,1892,707,1,FALSE
nlgn4a,167,167,1,-,T,C,mismatch,1892,707,1,FALSE
nlgn4a,98,98,1,-,T,A,mismatch,1893,698,1,FALSE
nlgn4a,139,139,1,-,T,C,mismatch,1893,698,1,FALSE
nlgn4a,167,167,1,-,T,A,mismatch,1893,698,1,FALSE
nlgn4a,97,97,1,-,C,T,mismatch,1894,698,1,FALSE
nlgn4a,153,153,1,-,G,A,mismatch,1894,698,1,FALSE
nlgn4a,169,169,1,-,T,G,mismatch,1894,698,1,FALSE
nlgn4a,104,104,1,-,C,A,mismatch,1895,689,1,FALSE
nlgn4a,122,122,1,-,G,C,mismatch,1895,689,1,FALSE
nlgn4a,136,136,1,-,G,T,mismatch,1895,689,1,FALSE
nlgn4a,169,169,1,-,T,C,mismatch,1895,689,1,FALSE
nlgn4a,169,169,1,-,T,C,mismatch,1896,716,1,FALSE
nlgn4a,169,169,1,-,T,A,mismatch,1897,716,1,FALSE
nlgn4a,108,108,1,-,T,A,mismatch,1898,707,1,FALSE
nlgn4a,169,169,1,-,T,A,mismatch,1898,707,1,FALSE
nlgn4a,170,170,1,-,T,G,mismatch,1899,716,1,FALSE
nlgn4a,98,98,1,-,T,G,mismatch,1900,707,1,FALSE
nlgn4a,170,170,1,-,T,G,mismatch,1900,707,1,FALSE
nlgn4a,170,170,1,-,T,A,mismatch,1901,716,1,FALSE
nlgn4a,171,171,1,-,G,C,mismatch,1902,716,1,FALSE
nlgn4a,149,149,1,-,A,T,mismatch,1903,707,1,FALSE
nlgn4a,172,172,1,-,T,G,mismatch,1903,707,1,FALSE
nlgn4a,172,172,1,-,T,C,mismatch,1904,716,1,FALSE
nlgn4a,96,96,1,-,A,G,mismatch,1905,698,1,FALSE
nlgn4a,109,109,1,-,T,G,mismatch,1905,698,1,FALSE
nlgn4a,176,176,1,-,G,C,mismatch,1905,698,1,FALSE
nlgn4a,121,121,1,-,T,C,mismatch,1906,698,1,FALSE
nlgn4a,145,145,1,-,T,C,mismatch,1906,698,1,FALSE
nlgn4a,182,182,1,-,C,A,mismatch,1906,698,1,FALSE
nlgn4a,99,99,1,-,C,G,mismatch,1907,707,1,FALSE
nlgn4a,183,183,1,-,T,A,mismatch,1907,707,1,FALSE
nlgn4a,185,185,1,-,T,C,mismatch,1908,716,1,FALSE
nlgn4a,185,185,1,-,T,A,mismatch,1909,716,1,FALSE
nlgn4a,176,176,1,-,G,C,mismatch,1910,707,1,FALSE
nlgn4a,185,185,1,-,T,A,mismatch,1910,707,1,FALSE
nlgn4a,186,186,1,-,G,A,mismatch,1911,716,1,FALSE
nlgn4a,96,96,1,-,A,C,mismatch,1912,689,1,FALSE
nlgn4a,151,151,1,-,G,C,mismatch,1912,689,1,FALSE
nlgn4a,164,164,1,-,C,G,mismatch,1912,689,1,FALSE
nlgn4a,193,193,1,-,T,C,mismatch,1912,689,1,FALSE
nlgn4a,100,100,1,-,T,A,mismatch,1913,680,1,FALSE
nlgn4a,145,145,1,-,T,A,mismatch,1913,680,1,FALSE
nlgn4a,193,193,1,-,T,A,mismatch,1913,680,1,FALSE
nlgn4a,196,196,1,-,G,C,mismatch,1914,716,1,FALSE
nlgn4a,196,196,1,-,G,A,mismatch,1915,716,1,FALSE
nlgn4a,95,95,1,-,T,A,mismatch,1916,698,1,FALSE
nlgn4a,160,160,1,-,A,C,mismatch,1916,698,1,FALSE
nlgn4a,198,198,1,-,G,A,mismatch,1916,698,1,FALSE
nlgn4a,97,97,1,-,C,G,mismatch,1917,689,1,FALSE
nlgn4a,105,105,1,-,C,T,mismatch,1917,689,1,FALSE
nlgn4a,112,112,1,-,C,G,mismatch,1917,689,1,FALSE
nlgn4a,198,198,1,-,G,A,mismatch,1917,689,1,FALSE
nlgn4a,96,96,1,-,A,T,mismatch,1918,689,1,FALSE
nlgn4a,106,106,1,-,T,C,mismatch,1918,689,1,FALSE
nlgn4a,141,141,1,-,G,C,mismatch,1918,689,1,FALSE
nlgn4a,199,199,1,-,G,C,mismatch,1918,689,1,FALSE
nlgn4a,110,110,1,-,T,C,mismatch,1919,707,1,FALSE
nlgn4a,200,200,1,-,C,A,mismatch,1919,707,1,FALSE
nlgn4a,201,201,1,-,T,C,mismatch,1920,716,1,FALSE
nlgn4a,202,202,1,-,T,C,mismatch,1921,716,1,FALSE
nlgn4a,203,203,1,-,G,C,mismatch,1922,716,1,FALSE
nlgn4a,169,169,1,-,T,G,mismatch,1923,707,1,FALSE
nlgn4a,203,203,1,-,G,A,mismatch,1923,707,1,FALSE
nlgn4a,160,160,1,-,A,G,mismatch,1924,698,1,FALSE
nlgn4a,187,187,1,-,G,C,mismatch,1924,698,1,FALSE
nlgn4a,211,211,1,-,C,A,mismatch,1924,698,1,FALSE
nlgn4a,212,212,1,-,T,A,mismatch,1925,716,1,FALSE
nlgn4a,122,122,1,-,G,A,mismatch,1926,689,1,FALSE
nlgn4a,153,153,1,-,G,A,mismatch,1926,689,1,FALSE
nlgn4a,164,164,1,-,C,A,mismatch,1926,689,1,FALSE
nlgn4a,215,215,1,-,G,C,mismatch,1926,689,1,FALSE
nlgn4a,121,121,1,-,T,G,mismatch,1927,707,1,FALSE
nlgn4a,215,215,1,-,G,A,mismatch,1927,707,1,FALSE
nlgn4a,119,119,1,-,T,G,mismatch,1928,698,1,FALSE
nlgn4a,180,180,1,-,A,T,mismatch,1928,698,1,FALSE
nlgn4a,217,217,1,-,C,A,mismatch,1928,698,1,FALSE
nlgn4a,217,217,1,-,C,A,mismatch,1929,716,1,FALSE
nlgn4a,205,205,1,-,A,C,mismatch,1930,707,1,FALSE
nlgn4a,224,224,1,-,G,C,mismatch,1930,707,1,FALSE
nlgn4a,102,102,1,-,C,T,mismatch,1931,689,1,FALSE
nlgn4a,156,156,1,-,C,T,mismatch,1931,689,1,FALSE
nlgn4a,172,172,1,-,T,G,mismatch,1931,689,1,FALSE
nlgn4a,227,227,1,-,T,G,mismatch,1931,689,1,FALSE
nlgn4a,229,229,1,-,T,G,mismatch,1932,716,1,FALSE
nlgn4a,100,100,1,-,T,C,mismatch,1933,707,1,FALSE
nlgn4a,231,231,1,-,G,A,mismatch,1933,707,1,FALSE
nlgn4a,176,176,1,-,G,C,mismatch,1934,707,1,FALSE
nlgn4a,231,231,1,-,G,A,mismatch,1934,707,1,FALSE
nlgn4a,108,108,1,-,T,C,mismatch,1935,707,1,FALSE
nlgn4a,233,233,1,-,G,A,mismatch,1935,707,1,FALSE
nlgn4a,140,140,1,-,G,A,mismatch,1936,698,1,FALSE
nlgn4a,209,209,1,-,A,C,mismatch,1936,698,1,FALSE
nlgn4a,144,144,1,-,A,T,mismatch,1938,698,1,FALSE
nlgn4a,167,167,1,-,T,G,mismatch,1938,698,1,FALSE
nlgn4a,116,116,1,-,G,C,mismatch,1939,707,1,FALSE
nlgn4a,182,182,1,-,C,G,mismatch,1942,698,1,FALSE
nlgn4a,200,200,1,-,C,G,mismatch,1942,698,1,FALSE
nlgn4a,190,190,1,-,A,G,mismatch,1943,707,1,FALSE
nlgn4a,102,102,1,-,C,A,mismatch,1944,707,1,FALSE
nlgn4a,126,126,1,-,G,T,mismatch,1946,680,1,FALSE
nlgn4a,188,188,1,-,C,G,mismatch,1946,680,1,FALSE
nlgn4a,109,109,1,-,T,G,mismatch,1947,689,1,FALSE
nlgn4a,158,158,1,-,G,A,mismatch,1947,689,1,FALSE
nlgn4a,202,202,1,-,T,G,mismatch,1947,689,1,FALSE
nlgn4a,100,100,1,-,T,G,mismatch,1948,689,1,FALSE
nlgn4a,136,136,1,-,G,A,mismatch,1948,689,1,FALSE
nlgn4a,184,184,1,-,A,G,mismatch,1948,689,1,FALSE
nlgn4a,169,169,1,-,T,C,mismatch,1951,698,1,FALSE
nlgn4a,213,213,1,-,C,A,mismatch,1951,698,1,FALSE
nlgn4a,99,99,1,-,C,G,mismatch,1953,698,1,FALSE
nlgn4a,206,206,1,-,A,T,mismatch,1953,698,1,FALSE
nlgn4a,140,140,1,-,G,A,mismatch,1955,698,1,FALSE
nlgn4a,196,196,1,-,G,A,mismatch,1955,698,1,FALSE
nlgn4a,105,105,1,-,C,T,mismatch,1957,698,1,FALSE
nlgn4a,195,195,1,-,A,G,mismatch,1957,698,1,FALSE
nlgn4a,104,104,1,-,C,T,mismatch,1958,689,1,FALSE
nlgn4a,122,122,1,-,G,A,mismatch,1958,689,1,FALSE
nlgn4a,187,187,1,-,G,T,mismatch,1958,689,1,FALSE
nlgn4a,120,120,1,-,G,C,mismatch,1959,698,1,FALSE
nlgn4a,172,172,1,-,T,C,mismatch,1959,698,1,FALSE
nlgn4a,113,113,1,-,C,T,mismatch,1961,716,1,FALSE
nlgn4a,103,103,1,-,G,T,mismatch,1962,707,1,FALSE
nlgn4a,147,147,1,-,A,G,mismatch,1962,707,1,FALSE
nlgn4a,103,103,1,-,G,A,mismatch,1964,716,1,FALSE
nlgn4a,137,137,1,-,G,T,mismatch,1968,716,1,FALSE
nlgn4a,116,116,1,-,G,C,mismatch,1969,716,1,FALSE
nlgn4a,226,226,1,-,T,G,mismatch,1970,716,1,FALSE
nlgn4a,119,119,1,-,T,C,mismatch,1971,716,1,FALSE
nlgn4a,100,100,1,-,T,A,mismatch,1972,707,1,FALSE
nlgn4a,203,203,1,-,G,C,mismatch,1972,707,1,FALSE
nlgn4a,198,198,1,-,G,T,mismatch,1973,707,1,FALSE
nlgn4a,215,215,1,-,G,A,mismatch,1973,707,1,FALSE
nlgn4a,182,182,1,-,C,G,mismatch,1974,716,1,FALSE
nlgn4a,174,174,1,-,A,G,mismatch,1975,698,1,FALSE
nlgn4a,230,230,1,-,A,C,mismatch,1975,698,1,FALSE
nlgn4a,104,104,1,-,C,T,mismatch,1976,716,1,FALSE
nlgn4a,115,115,1,-,G,T,mismatch,1978,689,1,FALSE
nlgn4a,157,157,1,-,A,C,mismatch,1978,689,1,FALSE
nlgn4a,190,190,1,-,A,G,mismatch,1978,689,1,FALSE
nlgn4a,206,206,1,-,A,C,mismatch,1978,689,1,FALSE
nlgn4a,96,96,1,-,A,T,mismatch,1979,716,1,FALSE
nlgn4a,173,173,1,-,T,A,mismatch,1980,698,1,FALSE
nlgn4a,208,208,1,-,C,A,mismatch,1980,698,1,FALSE
nlgn4a,154,154,1,-,C,A,mismatch,1983,707,1,FALSE
nlgn4a,186,186,1,-,G,C,mismatch,1983,707,1,FALSE
nlgn4a,212,212,1,-,T,C,mismatch,1984,716,1,FALSE
nlgn4a,158,158,1,-,G,A,mismatch,1985,716,1,FALSE
nlgn4a,144,144,1,-,A,T,mismatch,1986,716,1,FALSE
nlgn4a,128,128,1,-,G,A,mismatch,1987,707,1,FALSE
nlgn4a,175,175,1,-,C,G,mismatch,1987,707,1,FALSE
nlgn4a,94,94,1,-,C,A,mismatch,1988,707,1,FALSE
nlgn4a,124,124,1,-,T,C,mismatch,1988,707,1,FALSE
nlgn4a,196,196,1,-,G,C,mismatch,1989,716,1,FALSE
nlgn4a,183,183,1,-,T,A,mismatch,1991,716,1,FALSE
nlgn4a,124,124,1,-,T,A,mismatch,1993,716,1,FALSE
nlgn4a,220,220,1,-,A,T,mismatch,1994,716,1,FALSE
nlgn4a,98,98,1,-,T,G,mismatch,1996,698,1,FALSE
nlgn4a,160,160,1,-,A,C,mismatch,1996,698,1,FALSE
nlgn4a,164,164,1,-,C,G,mismatch,1996,698,1,FALSE
nlgn4a,199,199,1,-,G,T,mismatch,1997,707,1,FALSE
nlgn4a,203,203,1,-,G,A,mismatch,1997,707,1,FALSE
nlgn4a,128,128,1,-,G,T,mismatch,1998,716,1,FALSE
nlgn4a,168,168,1,-,A,T,mismatch,1999,716,1,FALSE
nlgn4a,139,139,1,-,T,G,mismatch,2000,716,1,FALSE
nlgn4a,152,152,1,-,G,C,mismatch,2001,707,1,FALSE
nlgn4a,205,205,1,-,A,G,mismatch,2001,707,1,FALSE
nlgn4a,96,96,1,-,A,T,mismatch,2003,716,1,FALSE
nlgn4a,107,107,1,-,T,C,mismatch,2005,732,1,FALSE
nlgn4a,226,226,1,-,T,C,mismatch,2005,732,1,FALSE
nlgn4a,163,163,1,-,A,G,mismatch,2006,698,1,FALSE
nlgn4a,196,196,1,-,G,A,mismatch,2006,698,1,FALSE
nlgn4a,114,114,1,-,T,A,mismatch,2007,698,1,FALSE
nlgn4a,194,194,1,-,A,G,mismatch,2007,698,1,FALSE
nlgn4a,104,104,1,-,C,G,mismatch,2009,698,1,FALSE
nlgn4a,109,109,1,-,T,G,mismatch,2009,698,1,FALSE
nlgn4a,198,198,1,-,G,C,mismatch,2009,698,1,FALSE
nlgn4a,122,122,1,-,G,T,mismatch,2012,707,1,FALSE
nlgn4a,203,203,1,-,G,A,mismatch,2012,707,1,FALSE
nlgn4a,152,152,1,-,G,A,mismatch,2013,716,1,FALSE
nlgn4a,104,104,1,-,C,A,mismatch,2014,716,1,FALSE
nlgn4a,176,176,1,-,G,A,mismatch,2015,716,1,FALSE
nlgn4a,169,169,1,-,T,C,mismatch,2016,716,1,FALSE
nlgn4a,127,127,1,-,C,T,mismatch,2017,716,1,FALSE
nlgn4a,115,115,1,-,G,C,mismatch,2018,716,1,FALSE
nlgn4a,122,122,1,-,G,C,mismatch,2020,702,1,FALSE
nlgn4a,191,191,1,-,G,A,mismatch,2021,716,1,FALSE
nlgn4a,117,117,1,-,A,C,mismatch,2022,732,1,FALSE
nlgn4a,127,127,1,-,C,A,mismatch,2022,732,1,FALSE
nlgn4a,206,206,1,-,A,G,mismatch,2023,741,1,FALSE
nlgn4a,98,98,1,-,T,G,mismatch,2025,716,1,FALSE
nlgn4a,97,97,1,-,C,G,mismatch,2026,707,1,FALSE
nlgn4a,152,152,1,-,G,A,mismatch,2026,707,1,FALSE
nlgn4a,95,95,1,-,T,G,mismatch,2027,716,1,FALSE
nlgn4a,163,163,1,-,A,G,mismatch,2028,698,1,FALSE
nlgn4a,168,168,1,-,A,T,mismatch,2028,698,1,FALSE
nlgn4a,201,201,1,-,T,A,mismatch,2028,698,1,FALSE
nlgn4a,102,102,1,-,C,G,mismatch,2030,716,1,FALSE
nlgn4a,145,145,1,-,T,C,mismatch,2032,716,1,FALSE
nlgn4a,114,114,1,-,T,A,mismatch,2035,698,1,FALSE
nlgn4a,123,123,1,-,C,T,mismatch,2035,698,1,FALSE
nlgn4a,214,214,1,-,T,A,mismatch,2036,716,1,FALSE
nlgn4a,139,139,1,-,T,A,mismatch,2038,716,1,FALSE
nlgn4a,108,108,1,-,T,A,mismatch,2039,716,1,FALSE
nlgn4a,138,138,1,-,C,A,mismatch,2040,716,1,FALSE
nlgn4a,106,106,1,-,T,A,mismatch,2043,698,1,FALSE
nlgn4a,139,139,1,-,T,A,mismatch,2043,698,1,FALSE
nlgn4a,193,193,1,-,T,G,mismatch,2043,698,1,FALSE
nlgn4a,150,150,1,-,T,C,mismatch,2045,707,1,FALSE
nlgn4a,104,104,1,-,C,G,mismatch,2047,707,1,FALSE
nlgn4a,147,147,1,-,A,T,mismatch,2047,707,1,FALSE
nlgn4a,94,94,1,-,C,T,mismatch,2049,707,1,FALSE
nlgn4a,103,103,1,-,G,A,mismatch,2049,707,1,FALSE
nlgn4a,100,100,1,-,T,G,mismatch,2052,698,1,FALSE
nlgn4a,118,118,1,-,T,C,mismatch,2052,698,1,FALSE
nlgn4a,204,204,1,-,A,G,mismatch,2052,698,1,FALSE
nlgn4a,153,153,1,-,G,A,mismatch,2053,741,1,FALSE
nlgn4a,103,103,1,-,G,C,mismatch,2054,707,1,FALSE
nlgn4a,107,107,1,-,T,A,mismatch,2055,698,1,FALSE
nlgn4a,113,113,1,-,C,G,mismatch,2055,698,1,FALSE
nlgn4a,185,185,1,-,T,G,mismatch,2055,698,1,FALSE
nlgn4a,168,168,1,-,A,C,mismatch,2057,711,1,FALSE
nlgn4a,159,159,1,-,C,G,mismatch,2058,707,1,FALSE
nlgn4a,196,196,1,-,G,C,mismatch,2058,707,1,FALSE
nlgn4a,193,193,1,-,T,A,mismatch,2059,716,1,FALSE
nlgn4a,181,181,1,-,A,G,mismatch,2062,707,1,FALSE
nlgn4a,231,231,1,-,G,A,mismatch,2062,707,1,FALSE
nlgn4a,103,103,1,-,G,T,mismatch,2064,707,1,FALSE
nlgn4a,123,123,1,-,C,G,mismatch,2065,716,1,FALSE
nlgn4a,157,157,1,-,A,C,mismatch,2066,741,1,FALSE
nlgn4a,138,138,1,-,C,T,mismatch,2067,716,1,FALSE
nlgn4a,172,172,1,-,T,C,mismatch,2068,716,1,FALSE
nlgn4a,148,148,1,-,C,T,mismatch,2070,716,1,FALSE
nlgn4a,126,126,1,-,G,T,mismatch,2071,716,1,FALSE
nlgn4a,128,128,1,-,G,T,mismatch,2073,716,1,FALSE
nlgn4a,140,140,1,-,G,T,mismatch,2075,707,1,FALSE
nlgn4a,181,181,1,-,A,T,mismatch,2075,707,1,FALSE
nlgn4a,105,105,1,-,C,G,mismatch,2076,707,1,FALSE
nlgn4a,156,156,1,-,C,G,mismatch,2076,707,1,FALSE
nlgn4a,107,107,1,-,T,C,mismatch,2077,711,1,FALSE
nlgn4a,123,123,1,-,C,G,mismatch,2081,707,1,FALSE
nlgn4a,156,156,1,-,C,T,mismatch,2083,716,1,FALSE
nlgn4a,139,139,1,-,T,G,mismatch,2084,741,1,FALSE
nlgn4a,107,107,1,-,T,A,mismatch,2086,707,1,FALSE
nlgn4a,103,103,1,-,G,T,mismatch,2087,707,1,FALSE
nlgn4a,94,94,1,-,C,A,mismatch,2091,716,1,FALSE
nlgn4a,197,197,1,-,A,G,mismatch,2092,716,1,FALSE
nlgn4a,119,119,1,-,T,G,mismatch,2093,707,1,FALSE
nlgn4a,105,105,1,-,C,T,mismatch,2095,698,1,FALSE
nlgn4a,144,144,1,-,A,G,mismatch,2095,698,1,FALSE
nlgn4a,154,154,1,-,C,T,mismatch,2095,698,1,FALSE
nlgn4a,110,110,1,-,T,C,mismatch,2096,716,1,FALSE
nlgn4a,159,159,1,-,C,A,mismatch,2097,716,1,FALSE
nlgn4a,137,137,1,-,G,T,mismatch,2100,716,1,FALSE
nlgn4a,106,106,1,-,T,G,mismatch,2101,707,1,FALSE
nlgn4a,217,217,1,-,C,G,mismatch,2101,707,1,FALSE
nlgn4a,155,155,1,-,T,G,mismatch,2102,716,1,FALSE
nlgn4a,111,111,1,-,A,G,mismatch,2106,723,1,FALSE
nlgn4a,151,151,1,-,G,A,mismatch,2106,723,1,FALSE
nlgn4a,124,124,1,-,T,C,mismatch,2107,741,1,FALSE
nlgn4a,135,135,1,-,T,A,mismatch,2108,723,1,FALSE
nlgn4a,166,166,1,-,C,A,mismatch,2108,723,1,FALSE
nlgn4a,217,217,1,-,C,T,mismatch,2108,723,1,FALSE
nlgn4a,143,143,1,-,C,T,mismatch,2109,707,1,FALSE
nlgn4a,147,147,1,-,A,T,mismatch,2109,707,1,FALSE
nlgn4a,99,99,1,-,C,G,mismatch,2111,707,1,FALSE
nlgn4a,216,216,1,-,C,T,mismatch,2111,707,1,FALSE
nlgn4a,165,165,1,-,C,T,mismatch,2112,716,1,FALSE
nlgn4a,121,121,1,-,T,G,mismatch,2113,707,1,FALSE
nlgn4a,196,196,1,-,G,T,mismatch,2113,707,1,FALSE
nlgn4a,154,154,1,-,C,T,mismatch,2114,716,1,FALSE
nlgn4a,105,105,1,-,C,A,mismatch,2116,707,1,FALSE
nlgn4a,128,128,1,-,G,T,mismatch,2116,707,1,FALSE
nlgn4a,193,193,1,-,T,G,mismatch,2117,716,1,FALSE
nlgn4a,146,146,1,-,T,G,mismatch,2119,716,1,FALSE
nlgn4a,156,156,1,-,C,G,mismatch,2120,707,1,FALSE
nlgn4a,164,164,1,-,C,T,mismatch,2120,707,1,FALSE
nlgn4a,122,122,1,-,G,A,mismatch,2122,711,1,FALSE
nlgn4a,177,177,1,-,A,C,mismatch,2123,716,1,FALSE
nlgn4a,182,182,1,-,C,A,mismatch,2124,707,1,FALSE
nlgn4a,200,200,1,-,C,T,mismatch,2124,707,1,FALSE
nlgn4a,151,151,1,-,G,C,mismatch,2125,716,1,FALSE
nlgn4a,136,136,1,-,G,T,mismatch,2126,707,1,FALSE
nlgn4a,178,178,1,-,C,A,mismatch,2126,707,1,FALSE
nlgn4a,147,147,1,-,A,T,mismatch,2127,707,1,FALSE
nlgn4a,189,189,1,-,A,C,mismatch,2127,707,1,FALSE
nlgn4a,186,186,1,-,G,T,mismatch,2128,707,1,FALSE
nlgn4a,192,192,1,-,C,T,mismatch,2128,707,1,FALSE
nlgn4a,113,113,1,-,C,G,mismatch,2129,707,1,FALSE
nlgn4a,164,164,1,-,C,T,mismatch,2129,707,1,FALSE
nlgn4a,158,158,1,-,G,C,mismatch,2132,707,1,FALSE
nlgn4a,190,190,1,-,A,T,mismatch,2132,707,1,FALSE
nlgn4a,110,110,1,-,T,C,mismatch,2133,707,1,FALSE
nlgn4a,156,156,1,-,C,G,mismatch,2133,707,1,FALSE
nlgn4a,138,138,1,-,C,G,mismatch,2134,698,1,FALSE
nlgn4a,173,173,1,-,T,A,mismatch,2134,698,1,FALSE
nlgn4a,216,216,1,-,C,T,mismatch,2134,698,1,FALSE
nlgn4a,153,153,1,-,G,T,mismatch,2136,741,1,FALSE
nlgn4a,100,100,1,-,T,A,mismatch,2137,707,1,FALSE
nlgn4a,190,190,1,-,A,T,mismatch,2137,707,1,FALSE
nlgn4a,172,172,1,-,T,C,mismatch,2139,707,1,FALSE
nlgn4a,232,232,1,-,G,A,mismatch,2139,707,1,FALSE
nlgn4a,122,122,1,-,G,T,mismatch,2140,716,1,FALSE
nlgn4a,193,193,1,-,T,G,mismatch,2141,716,1,FALSE
nlgn4a,126,126,1,-,G,A,mismatch,2142,707,1,FALSE
nlgn4a,141,141,1,-,G,T,mismatch,2142,707,1,FALSE
nlgn4a,165,165,1,-,C,A,mismatch,2144,698,1,FALSE
nlgn4a,185,185,1,-,T,C,mismatch,2144,698,1,FALSE
nlgn4a,163,163,1,-,A,T,mismatch,2148,702,1,FALSE
nlgn4a,147,147,1,-,A,T,mismatch,2151,741,1,FALSE
nlgn4a,113,113,1,-,C,G,mismatch,2152,707,1,FALSE
nlgn4a,211,211,1,-,C,A,mismatch,2152,707,1,FALSE
nlgn4a,230,230,1,-,A,C,mismatch,2153,716,1,FALSE
nlgn4a,103,103,1,-,G,C,mismatch,2154,716,1,FALSE
nlgn4a,168,168,1,-,A,T,mismatch,2156,707,1,FALSE
nlgn4a,196,196,1,-,G,A,mismatch,2156,707,1,FALSE
nlgn4a,119,119,1,-,T,C,mismatch,2157,698,1,FALSE
nlgn4a,147,147,1,-,A,G,mismatch,2157,698,1,FALSE
nlgn4a,216,216,1,-,C,G,mismatch,2157,698,1,FALSE
nlgn4a,116,116,1,-,G,A,mismatch,2158,702,1,FALSE
nlgn4a,137,137,1,-,G,T,mismatch,2158,702,1,FALSE
nlgn4a,119,119,1,-,T,A,mismatch,2159,707,1,FALSE
nlgn4a,149,149,1,-,A,T,mismatch,2159,707,1,FALSE
nlgn4a,150,150,1,-,T,C,mismatch,2160,716,1,FALSE
nlgn4a,184,184,1,-,A,G,mismatch,2161,707,1,FALSE
nlgn4a,119,119,1,-,T,G,mismatch,2162,707,1,FALSE
nlgn4a,122,122,1,-,G,A,mismatch,2162,707,1,FALSE
nlgn4a,100,100,1,-,T,G,mismatch,2163,707,1,FALSE
nlgn4a,182,182,1,-,C,G,mismatch,2165,716,1,FALSE
nlgn4a,119,119,1,-,T,C,mismatch,2166,707,1,FALSE
nlgn4a,151,151,1,-,G,A,mismatch,2166,707,1,FALSE
nlgn4a,181,181,1,-,A,T,mismatch,2169,741,1,FALSE
nlgn4a,196,196,1,-,G,T,mismatch,2171,716,1,FALSE
nlgn4a,178,178,1,-,C,A,mismatch,2173,716,1,FALSE
nlgn4a,107,107,1,-,T,G,mismatch,2174,716,1,FALSE
nlgn4a,94,94,1,-,C,T,mismatch,2175,716,1,FALSE
nlgn4a,103,103,1,-,G,A,mismatch,2176,698,1,FALSE
nlgn4a,107,107,1,-,T,G,mismatch,2176,698,1,FALSE
nlgn4a,170,170,1,-,T,A,mismatch,2176,698,1,FALSE
nlgn4a,117,117,1,-,A,G,mismatch,2177,689,1,FALSE
nlgn4a,144,144,1,-,A,C,mismatch,2177,689,1,FALSE
nlgn4a,150,150,1,-,T,A,mismatch,2177,689,1,FALSE
nlgn4a,163,163,1,-,A,C,mismatch,2177,689,1,FALSE
nlgn4a,122,122,1,-,G,T,mismatch,2178,698,1,FALSE
nlgn4a,200,200,1,-,C,A,mismatch,2178,698,1,FALSE
nlgn4a,214,214,1,-,T,C,mismatch,2178,698,1,FALSE
nlgn4a,125,125,1,-,T,G,mismatch,2179,716,1,FALSE
nlgn4a,106,106,1,-,T,G,mismatch,2180,698,1,FALSE
nlgn4a,139,139,1,-,T,A,mismatch,2180,698,1,FALSE
nlgn4a,172,172,1,-,T,A,mismatch,2180,698,1,FALSE
nlgn4a,117,117,1,-,A,G,mismatch,2181,741,1,FALSE
nlgn4a,107,107,1,-,T,A,mismatch,2182,698,1,FALSE
nlgn4a,183,183,1,-,T,G,mismatch,2182,698,1,FALSE
nlgn4a,195,195,1,-,A,G,mismatch,2182,698,1,FALSE
nlgn4a,102,102,1,-,C,G,mismatch,2183,707,1,FALSE
nlgn4a,118,118,1,-,T,A,mismatch,2183,707,1,FALSE
nlgn4a,127,127,1,-,C,G,mismatch,2184,723,1,FALSE
nlgn4a,146,146,1,-,T,A,mismatch,2184,723,1,FALSE
nlgn4a,160,160,1,-,A,G,mismatch,2184,723,1,FALSE
nlgn4a,122,122,1,-,G,A,mismatch,2185,716,1,FALSE
nlgn4a,97,97,1,-,C,G,mismatch,2186,698,1,FALSE
nlgn4a,129,129,1,-,G,A,mismatch,2186,698,1,FALSE
nlgn4a,150,150,1,-,T,G,mismatch,2186,698,1,FALSE
nlgn4a,102,102,1,-,C,G,mismatch,2188,698,1,FALSE
nlgn4a,126,126,1,-,G,C,mismatch,2188,698,1,FALSE
nlgn4a,137,137,1,-,G,T,mismatch,2188,698,1,FALSE
nlgn4a,216,216,1,-,C,A,mismatch,2189,716,1,FALSE
nlgn4a,109,109,1,-,T,A,mismatch,2190,716,1,FALSE
nlgn4a,102,102,1,-,C,A,mismatch,2192,698,1,FALSE
nlgn4a,145,145,1,-,T,C,mismatch,2192,698,1,FALSE
nlgn4a,133,133,1,-,C,A,mismatch,2193,741,1,FALSE
nlgn4a,118,118,1,-,T,A,mismatch,2194,707,1,FALSE
nlgn4a,147,147,1,-,A,T,mismatch,2194,707,1,FALSE
nlgn4a,180,180,1,-,A,C,mismatch,2196,732,1,FALSE
nlgn4a,107,107,1,-,T,A,mismatch,2198,707,1,FALSE
nlgn4a,138,138,1,-,C,T,mismatch,2198,707,1,FALSE
nlgn4a,222,222,1,-,G,A,mismatch,2200,716,1,FALSE
nlgn4a,106,106,1,-,T,A,mismatch,2202,689,1,FALSE
nlgn4a,131,131,1,-,T,G,mismatch,2202,689,1,FALSE
nlgn4a,189,189,1,-,A,C,mismatch,2202,689,1,FALSE
nlgn4a,104,104,1,-,C,T,mismatch,2205,716,1,FALSE
nlgn4a,104,104,1,-,C,G,mismatch,2206,702,1,FALSE
nlgn4a,116,116,1,-,G,A,mismatch,2206,702,1,FALSE
nlgn4a,163,163,1,-,A,C,mismatch,2207,698,1,FALSE
nlgn4a,195,195,1,-,A,G,mismatch,2207,698,1,FALSE
nlgn4a,226,226,1,-,T,A,mismatch,2207,698,1,FALSE
nlgn4a,129,129,1,-,G,T,mismatch,2208,707,1,FALSE
nlgn4a,195,195,1,-,A,T,mismatch,2208,707,1,FALSE
nlgn4a,214,214,1,-,T,A,mismatch,2210,716,1,FALSE
nlgn4a,216,216,1,-,C,T,mismatch,2211,716,1,FALSE
nlgn4a,151,151,1,-,G,A,mismatch,2212,716,1,FALSE
nlgn4a,157,157,1,-,A,G,mismatch,2213,707,1,FALSE
nlgn4a,174,174,1,-,A,G,mismatch,2214,707,1,FALSE
nlgn4a,176,176,1,-,G,C,mismatch,2214,707,1,FALSE
nlgn4a,114,114,1,-,T,A,mismatch,2216,707,1,FALSE
nlgn4a,125,125,1,-,T,G,mismatch,2216,707,1,FALSE
nlgn4a,115,115,1,-,G,A,mismatch,2218,716,1,FALSE
nlgn4a,100,100,1,-,T,C,mismatch,2219,698,1,FALSE
nlgn4a,117,117,1,-,A,C,mismatch,2219,698,1,FALSE
nlgn4a,146,146,1,-,T,A,mismatch,2219,698,1,FALSE
nlgn4a,219,219,1,-,A,G,mismatch,2220,716,1,FALSE
nlgn4a,99,99,1,-,C,T,mismatch,2223,707,1,FALSE
nlgn4a,195,195,1,-,A,C,mismatch,2223,707,1,FALSE
nlgn4a,116,116,1,-,G,T,mismatch,2224,698,1,FALSE
nlgn4a,181,181,1,-,A,C,mismatch,2224,698,1,FALSE
nlgn4a,207,207,1,-,A,T,mismatch,2224,698,1,FALSE
nlgn4a,118,118,1,-,T,G,mismatch,2225,707,1,FALSE
nlgn4a,150,150,1,-,T,A,mismatch,2225,707,1,FALSE
nlgn4a,101,101,1,-,A,G,mismatch,2226,716,1,FALSE
nlgn4a,135,135,1,-,T,G,mismatch,2227,707,1,FALSE
nlgn4a,184,184,1,-,A,G,mismatch,2227,707,1,FALSE
nlgn4a,100,100,1,-,T,G,mismatch,2228,698,1,FALSE
nlgn4a,195,195,1,-,A,C,mismatch,2228,698,1,FALSE
nlgn4a,212,212,1,-,T,A,mismatch,2228,698,1,FALSE
nlgn4a,169,169,1,-,T,A,mismatch,2229,716,1,FALSE
nlgn4a,117,117,1,-,A,G,mismatch,2230,732,1,FALSE
nlgn4a,152,152,1,-,G,A,mismatch,2231,716,1,FALSE
nlgn4a,127,127,1,-,C,T,mismatch,2233,716,1,FALSE
nlgn4a,187,187,1,-,G,C,mismatch,2234,716,1,FALSE
nlgn4a,111,111,1,-,A,T,mismatch,2236,702,1,FALSE
nlgn4a,195,195,1,-,A,G,mismatch,2236,702,1,FALSE
nlgn4a,119,119,1,-,T,C,mismatch,2237,698,1,FALSE
nlgn4a,147,147,1,-,A,G,mismatch,2237,698,1,FALSE
nlgn4a,193,193,1,-,T,A,mismatch,2237,698,1,FALSE
nlgn4a,144,144,1,-,A,T,mismatch,2238,680,1,FALSE
nlgn4a,158,158,1,-,G,C,mismatch,2238,680,1,FALSE
nlgn4a,202,202,1,-,T,C,mismatch,2238,680,1,FALSE
nlgn4a,209,209,1,-,A,T,mismatch,2238,680,1,FALSE
nlgn4a,218,218,1,-,C,A,mismatch,2238,680,1,FALSE
nlgn4a,122,122,1,-,G,A,mismatch,2241,716,1,FALSE
nlgn4a,100,100,1,-,T,G,mismatch,2242,689,1,FALSE
nlgn4a,120,120,1,-,G,C,mismatch,2242,689,1,FALSE
nlgn4a,122,122,1,-,G,C,mismatch,2242,689,1,FALSE
nlgn4a,130,130,1,-,C,A,mismatch,2243,741,1,FALSE
nlgn4a,133,133,1,-,C,T,mismatch,431,693,1,FALSE
nlgn4a,134,134,1,-,G,A,mismatch,431,693,1,FALSE
nlgn4a,163,163,1,-,A,G,mismatch,483,707,1,FALSE
nlgn4a,164,164,1,-,C,G,mismatch,483,707,1,FALSE
nlgn4a,140,140,1,-,G,C,mismatch,492,689,1,FALSE
nlgn4a,141,141,1,-,G,A,mismatch,492,689,1,FALSE
nlgn4a,116,116,1,-,G,A,mismatch,625,707,1,FALSE
nlgn4a,117,117,1,-,A,C,mismatch,625,707,1,FALSE
nlgn4a,103,103,1,-,G,T,mismatch,662,680,1,FALSE
nlgn4a,104,104,1,-,C,A,mismatch,662,680,1,FALSE
nlgn4a,135,135,1,-,T,A,mismatch,750,698,1,FALSE
nlgn4a,136,136,1,-,G,T,mismatch,750,698,1,FALSE
nlgn4a,119,119,1,-,T,G,mismatch,762,689,1,FALSE
nlgn4a,120,120,1,-,G,C,mismatch,762,689,1,FALSE
nlgn4a,101,101,1,-,A,T,mismatch,837,689,1,FALSE
nlgn4a,102,102,1,-,C,A,mismatch,837,689,1,FALSE
nlgn4a,103,103,1,-,G,A,mismatch,927,662,1,FALSE
nlgn4a,104,104,1,-,C,T,mismatch,927,662,1,FALSE
nlgn4a,201,201,1,-,T,A,mismatch,927,662,1,FALSE
nlgn4a,202,202,1,-,T,C,mismatch,927,662,1,FALSE
nlgn4a,102,102,1,-,C,T,mismatch,973,698,1,FALSE
nlgn4a,103,103,1,-,G,T,mismatch,973,698,1,FALSE
nlgn4a,109,109,1,-,T,C,mismatch,993,698,1,FALSE
nlgn4a,110,110,1,-,T,G,mismatch,993,698,1,FALSE
nlgn4a,188,188,1,-,C,A,mismatch,1002,689,1,FALSE
nlgn4a,189,189,1,-,A,G,mismatch,1002,689,1,FALSE
nlgn4a,134,134,1,-,G,T,mismatch,1190,732,1,FALSE
nlgn4a,135,135,1,-,T,G,mismatch,1190,732,1,FALSE
nlgn4a,171,171,1,-,G,T,mismatch,1220,723,1,FALSE
nlgn4a,172,172,1,-,T,A,mismatch,1220,723,1,FALSE
nlgn4a,154,154,1,-,C,G,mismatch,1254,714,1,FALSE
nlgn4a,155,155,1,-,T,A,mismatch,1254,714,1,FALSE
nlgn4a,123,123,1,-,C,T,mismatch,1275,689,1,FALSE
nlgn4a,124,124,1,-,T,C,mismatch,1275,689,1,FALSE
nlgn4a,149,149,1,-,A,T,mismatch,1479,698,1,FALSE
nlgn4a,150,150,1,-,T,G,mismatch,1479,698,1,FALSE
nlgn4a,105,105,1,-,C,T,mismatch,1554,707,1,FALSE
nlgn4a,106,106,1,-,T,G,mismatch,1554,707,1,FALSE
nlgn4a,105,105,1,-,C,G,mismatch,1602,680,1,FALSE
nlgn4a,106,106,1,-,T,A,mismatch,1602,680,1,FALSE
nlgn4a,100,100,1,-,T,A,mismatch,1628,698,1,FALSE
nlgn4a,101,101,1,-,A,G,mismatch,1628,698,1,FALSE
nlgn4a,120,120,1,-,G,A,mismatch,1720,698,1,FALSE
nlgn4a,121,121,1,-,T,G,mismatch,1720,698,1,FALSE
nlgn4a,104,104,1,-,C,G,mismatch,1830,707,1,FALSE
nlgn4a,105,105,1,-,C,G,mismatch,1830,707,1,FALSE
nlgn4a,115,115,1,-,G,A,mismatch,1848,689,1,FALSE
nlgn4a,116,116,1,-,G,A,mismatch,1848,689,1,FALSE
nlgn4a,112,112,1,-,C,G,mismatch,1913,680,1,FALSE
nlgn4a,113,113,1,-,C,T,mismatch,1913,680,1,FALSE
nlgn4a,123,123,1,-,C,A,mismatch,1946,680,1,FALSE
nlgn4a,124,124,1,-,T,A,mismatch,1946,680,1,FALSE
nlgn4a,121,121,1,-,T,G,mismatch,2010,707,1,FALSE
nlgn4a,122,122,1,-,G,C,mismatch,2010,707,1,FALSE
nlgn4a,136,136,1,-,G,C,mismatch,2072,732,1,FALSE
nlgn4a,137,137,1,-,G,T,mismatch,2072,732,1,FALSE
nlgn4a,143,143,1,-,C,T,mismatch,2080,702,1,FALSE
nlgn4a,144,144,1,-,A,G,mismatch,2080,702,1,FALSE
nlgn4a,121,121,1,-,T,A,mismatch,2221,707,1,FALSE
nlgn4a,122,122,1,-,G,T,mismatch,2221,707,1,FALSE
