seqnames,start,end,width,strand,originally,replacement,type,read_id,score,counts,readType
nlgn4a,133,136,4,+,"",GGGG,insertion,35,705,4,FALSE
nlgn4a,136,138,3,+,"",CCT,insertion,94,710,2,FALSE
nlgn4a,136,138,3,+,"",CCT,insertion,217,701,1,FALSE
nlgn4a,136,138,3,+,"",CTT,insertion,223,701,1,FALSE
nlgn4a,136,138,3,+,"",CCT,insertion,295,701,1,FALSE
nlgn4a,136,138,3,+,"",CTT,insertion,307,701,1,FALSE
nlgn4a,136,138,3,+,"",CTT,insertion,308,701,1,FALSE
nlgn4a,73,73,1,+,"",C,insertion,337,686,1,FALSE
nlgn4a,136,138,3,+,"",CTT,insertion,387,692,1,FALSE
nlgn4a,136,138,3,+,"",CCT,insertion,459,701,1,FALSE
nlgn4a,136,138,3,+,"",CTT,insertion,600,701,1,FALSE
nlgn4a,136,138,3,+,"",CCT,insertion,654,710,1,FALSE
nlgn4a,136,138,3,+,"",CCT,insertion,655,710,1,FALSE
nlgn4a,136,138,3,+,"",CCT,insertion,656,710,1,FALSE
nlgn4a,136,138,3,+,"",CCT,insertion,657,710,1,FALSE
nlgn4a,136,138,3,+,"",CTT,insertion,661,710,1,FALSE
nlgn4a,136,138,3,+,"",CTT,insertion,662,710,1,FALSE
nlgn4a,136,138,3,+,"",CTT,insertion,663,710,1,FALSE
nlgn4a,136,138,3,+,"",CTT,insertion,664,710,1,FALSE
nlgn4a,133,136,4,+,"",GGGG,insertion,1393,705,1,FALSE
nlgn4a,133,136,4,+,"",GGGG,insertion,1394,705,1,FALSE
nlgn4a,133,136,4,+,"",GGGG,insertion,1395,705,1,FALSE
nlgn4a,133,136,4,+,"",GGGG,insertion,1396,705,1,FALSE
nlgn4a,133,136,4,+,"",GGGG,insertion,1397,705,1,FALSE
nlgn4a,136,138,3,+,"",CCT,insertion,1860,701,1,FALSE
nlgn4a,136,138,3,+,"",CTT,insertion,2026,692,1,FALSE
nlgn4a,133,136,4,+,"",GGGG,insertion,2081,696,1,FALSE
nlgn4a,126,134,9,+,"","",deletion,2,725,56,FALSE
nlgn4a,130,136,7,+,"","",deletion,3,725,45,FALSE
nlgn4a,130,134,5,+,"","",deletion,4,725,38,FALSE
nlgn4a,132,132,1,+,"","",deletion,5,725,23,FALSE
nlgn4a,130,138,9,+,"","",deletion,6,725,18,FALSE
nlgn4a,124,133,10,+,"","",deletion,7,725,15,FALSE
nlgn4a,133,136,4,+,"","",deletion,8,725,7,FALSE
nlgn4a,127,134,8,+,"","",deletion,16,725,5,FALSE
nlgn4a,126,134,9,+,"","",deletion,78,725,3,FALSE
nlgn4a,126,134,9,+,"","",deletion,79,725,3,FALSE
nlgn4a,126,134,9,+,"","",deletion,80,725,3,FALSE
nlgn4a,124,133,10,+,"","",deletion,90,725,2,FALSE
nlgn4a,132,132,1,+,"","",deletion,92,725,2,FALSE
nlgn4a,133,136,4,+,"","",deletion,186,725,2,FALSE
nlgn4a,130,136,7,+,"","",deletion,187,725,2,FALSE
nlgn4a,130,134,5,+,"","",deletion,188,725,2,FALSE
nlgn4a,126,134,9,+,"","",deletion,190,725,2,FALSE
nlgn4a,126,134,9,+,"","",deletion,191,725,2,FALSE
nlgn4a,126,134,9,+,"","",deletion,192,725,2,FALSE
nlgn4a,126,134,9,+,"","",deletion,193,725,2,FALSE
nlgn4a,126,134,9,+,"","",deletion,194,725,2,FALSE
nlgn4a,126,134,9,+,"","",deletion,195,725,2,FALSE
nlgn4a,126,134,9,+,"","",deletion,196,725,2,FALSE
nlgn4a,126,134,9,+,"","",deletion,197,725,2,FALSE
nlgn4a,126,134,9,+,"","",deletion,202,716,1,FALSE
nlgn4a,126,134,9,+,"","",deletion,204,716,1,FALSE
nlgn4a,130,138,9,+,"","",deletion,207,716,1,FALSE
nlgn4a,132,132,1,+,"","",deletion,208,707,1,FALSE
nlgn4a,126,134,9,+,"","",deletion,212,707,1,FALSE
nlgn4a,124,133,10,+,"","",deletion,214,716,1,FALSE
nlgn4a,130,136,7,+,"","",deletion,215,716,1,FALSE
nlgn4a,130,134,5,+,"","",deletion,216,716,1,FALSE
nlgn4a,124,133,10,+,"","",deletion,219,716,1,FALSE
nlgn4a,132,132,1,+,"","",deletion,222,716,1,FALSE
nlgn4a,126,134,9,+,"","",deletion,227,707,1,FALSE
nlgn4a,124,133,10,+,"","",deletion,230,716,1,FALSE
nlgn4a,130,136,7,+,"","",deletion,237,707,1,FALSE
nlgn4a,130,138,9,+,"","",deletion,238,716,1,FALSE
nlgn4a,126,134,9,+,"","",deletion,241,707,1,FALSE
nlgn4a,126,134,9,+,"","",deletion,246,698,1,FALSE
nlgn4a,126,134,9,+,"","",deletion,247,698,1,FALSE
nlgn4a,132,132,1,+,"","",deletion,256,707,1,FALSE
nlgn4a,130,134,5,+,"","",deletion,262,716,1,FALSE
nlgn4a,130,136,7,+,"","",deletion,273,716,1,FALSE
nlgn4a,130,136,7,+,"","",deletion,279,716,1,FALSE
nlgn4a,132,132,1,+,"","",deletion,283,716,1,FALSE
nlgn4a,127,134,8,+,"","",deletion,291,707,1,FALSE
nlgn4a,130,138,9,+,"","",deletion,297,716,1,FALSE
nlgn4a,130,134,5,+,"","",deletion,298,716,1,FALSE
nlgn4a,127,134,8,+,"","",deletion,299,716,1,FALSE
nlgn4a,127,134,8,+,"","",deletion,302,716,1,FALSE
nlgn4a,130,136,7,+,"","",deletion,304,716,1,FALSE
nlgn4a,130,134,5,+,"","",deletion,312,716,1,FALSE
nlgn4a,124,133,10,+,"","",deletion,313,707,1,FALSE
nlgn4a,126,134,9,+,"","",deletion,314,716,1,FALSE
nlgn4a,126,134,9,+,"","",deletion,315,716,1,FALSE
nlgn4a,130,136,7,+,"","",deletion,321,716,1,FALSE
nlgn4a,126,134,9,+,"","",deletion,322,707,1,FALSE
nlgn4a,130,138,9,+,"","",deletion,325,716,1,FALSE
nlgn4a,133,136,4,+,"","",deletion,330,707,1,FALSE
nlgn4a,130,134,5,+,"","",deletion,334,716,1,FALSE
nlgn4a,124,133,10,+,"","",deletion,335,716,1,FALSE
nlgn4a,130,134,5,+,"","",deletion,337,686,1,FALSE
nlgn4a,130,134,5,+,"","",deletion,339,707,1,FALSE
nlgn4a,130,136,7,+,"","",deletion,346,716,1,FALSE
nlgn4a,130,136,7,+,"","",deletion,347,716,1,FALSE
nlgn4a,130,138,9,+,"","",deletion,350,716,1,FALSE
nlgn4a,130,134,5,+,"","",deletion,351,716,1,FALSE
nlgn4a,130,136,7,+,"","",deletion,356,707,1,FALSE
nlgn4a,133,136,4,+,"","",deletion,357,716,1,FALSE
nlgn4a,126,134,9,+,"","",deletion,358,716,1,FALSE
nlgn4a,130,138,9,+,"","",deletion,363,716,1,FALSE
nlgn4a,126,134,9,+,"","",deletion,364,707,1,FALSE
nlgn4a,133,136,4,+,"","",deletion,366,716,1,FALSE
nlgn4a,130,136,7,+,"","",deletion,368,716,1,FALSE
nlgn4a,126,134,9,+,"","",deletion,372,716,1,FALSE
nlgn4a,130,136,7,+,"","",deletion,375,716,1,FALSE
nlgn4a,126,134,9,+,"","",deletion,381,707,1,FALSE
nlgn4a,130,134,5,+,"","",deletion,384,716,1,FALSE
nlgn4a,126,134,9,+,"","",deletion,392,716,1,FALSE
nlgn4a,130,136,7,+,"","",deletion,394,716,1,FALSE
nlgn4a,130,136,7,+,"","",deletion,397,707,1,FALSE
nlgn4a,126,134,9,+,"","",deletion,398,716,1,FALSE
nlgn4a,130,134,5,+,"","",deletion,401,716,1,FALSE
nlgn4a,130,134,5,+,"","",deletion,402,716,1,FALSE
nlgn4a,126,134,9,+,"","",deletion,407,716,1,FALSE
nlgn4a,124,133,10,+,"","",deletion,415,716,1,FALSE
nlgn4a,130,134,5,+,"","",deletion,417,698,1,FALSE
nlgn4a,130,134,5,+,"","",deletion,426,716,1,FALSE
nlgn4a,126,134,9,+,"","",deletion,427,716,1,FALSE
nlgn4a,127,134,8,+,"","",deletion,432,716,1,FALSE
nlgn4a,126,134,9,+,"","",deletion,433,716,1,FALSE
nlgn4a,126,134,9,+,"","",deletion,436,716,1,FALSE
nlgn4a,130,134,5,+,"","",deletion,437,707,1,FALSE
nlgn4a,130,134,5,+,"","",deletion,440,716,1,FALSE
nlgn4a,126,134,9,+,"","",deletion,441,716,1,FALSE
nlgn4a,124,133,10,+,"","",deletion,442,707,1,FALSE
nlgn4a,132,132,1,+,"","",deletion,446,716,1,FALSE
nlgn4a,130,138,9,+,"","",deletion,454,716,1,FALSE
nlgn4a,126,134,9,+,"","",deletion,455,716,1,FALSE
nlgn4a,124,133,10,+,"","",deletion,462,716,1,FALSE
nlgn4a,126,134,9,+,"","",deletion,463,707,1,FALSE
nlgn4a,132,132,1,+,"","",deletion,465,716,1,FALSE
nlgn4a,127,134,8,+,"","",deletion,469,716,1,FALSE
nlgn4a,130,136,7,+,"","",deletion,472,716,1,FALSE
nlgn4a,132,132,1,+,"","",deletion,476,716,1,FALSE
nlgn4a,133,136,4,+,"","",deletion,478,716,1,FALSE
nlgn4a,130,136,7,+,"","",deletion,480,716,1,FALSE
nlgn4a,124,133,10,+,"","",deletion,481,707,1,FALSE
nlgn4a,130,136,7,+,"","",deletion,484,716,1,FALSE
nlgn4a,127,134,8,+,"","",deletion,485,716,1,FALSE
nlgn4a,126,134,9,+,"","",deletion,490,716,1,FALSE
nlgn4a,133,136,4,+,"","",deletion,491,716,1,FALSE
nlgn4a,126,134,9,+,"","",deletion,492,716,1,FALSE
nlgn4a,133,136,4,+,"","",deletion,493,716,1,FALSE
nlgn4a,130,136,7,+,"","",deletion,496,716,1,FALSE
nlgn4a,130,136,7,+,"","",deletion,499,716,1,FALSE
nlgn4a,130,134,5,+,"","",deletion,500,716,1,FALSE
nlgn4a,130,134,5,+,"","",deletion,501,716,1,FALSE
nlgn4a,126,134,9,+,"","",deletion,502,716,1,FALSE
nlgn4a,127,134,8,+,"","",deletion,503,716,1,FALSE
nlgn4a,124,133,10,+,"","",deletion,510,716,1,FALSE
nlgn4a,128,137,10,+,"","",deletion,511,716,1,FALSE
nlgn4a,130,136,7,+,"","",deletion,516,716,1,FALSE
nlgn4a,124,133,10,+,"","",deletion,517,716,1,FALSE
nlgn4a,124,133,10,+,"","",deletion,518,716,1,FALSE
nlgn4a,124,133,10,+,"","",deletion,519,716,1,FALSE
nlgn4a,124,133,10,+,"","",deletion,520,716,1,FALSE
nlgn4a,124,133,10,+,"","",deletion,521,716,1,FALSE
nlgn4a,124,133,10,+,"","",deletion,522,725,1,FALSE
nlgn4a,124,133,10,+,"","",deletion,523,725,1,FALSE
nlgn4a,124,133,10,+,"","",deletion,524,725,1,FALSE
nlgn4a,124,133,10,+,"","",deletion,525,725,1,FALSE
nlgn4a,124,133,10,+,"","",deletion,526,725,1,FALSE
nlgn4a,124,133,10,+,"","",deletion,527,725,1,FALSE
nlgn4a,124,133,10,+,"","",deletion,528,725,1,FALSE
nlgn4a,124,133,10,+,"","",deletion,529,725,1,FALSE
nlgn4a,124,133,10,+,"","",deletion,530,725,1,FALSE
nlgn4a,124,133,10,+,"","",deletion,531,725,1,FALSE
nlgn4a,124,133,10,+,"","",deletion,532,725,1,FALSE
nlgn4a,124,133,10,+,"","",deletion,533,725,1,FALSE
nlgn4a,124,133,10,+,"","",deletion,534,725,1,FALSE
nlgn4a,124,133,10,+,"","",deletion,535,725,1,FALSE
nlgn4a,124,133,10,+,"","",deletion,536,725,1,FALSE
nlgn4a,124,133,10,+,"","",deletion,537,725,1,FALSE
nlgn4a,124,133,10,+,"","",deletion,538,725,1,FALSE
nlgn4a,124,133,10,+,"","",deletion,539,725,1,FALSE
nlgn4a,124,133,10,+,"","",deletion,540,725,1,FALSE
nlgn4a,124,133,10,+,"","",deletion,541,725,1,FALSE
nlgn4a,124,133,10,+,"","",deletion,542,725,1,FALSE
nlgn4a,124,133,10,+,"","",deletion,543,725,1,FALSE
nlgn4a,124,133,10,+,"","",deletion,544,725,1,FALSE
nlgn4a,124,133,10,+,"","",deletion,545,725,1,FALSE
nlgn4a,124,133,10,+,"","",deletion,546,725,1,FALSE
nlgn4a,124,133,10,+,"","",deletion,547,725,1,FALSE
nlgn4a,124,133,10,+,"","",deletion,548,725,1,FALSE
nlgn4a,124,133,10,+,"","",deletion,549,725,1,FALSE
nlgn4a,124,133,10,+,"","",deletion,550,725,1,FALSE
nlgn4a,124,133,10,+,"","",deletion,551,725,1,FALSE
nlgn4a,124,133,10,+,"","",deletion,552,725,1,FALSE
nlgn4a,124,133,10,+,"","",deletion,553,725,1,FALSE
nlgn4a,124,133,10,+,"","",deletion,554,725,1,FALSE
nlgn4a,124,133,10,+,"","",deletion,555,725,1,FALSE
nlgn4a,124,133,10,+,"","",deletion,556,725,1,FALSE
nlgn4a,124,133,10,+,"","",deletion,557,725,1,FALSE
nlgn4a,124,133,10,+,"","",deletion,558,725,1,FALSE
nlgn4a,124,133,10,+,"","",deletion,559,725,1,FALSE
nlgn4a,124,133,10,+,"","",deletion,560,725,1,FALSE
nlgn4a,124,133,10,+,"","",deletion,561,725,1,FALSE
nlgn4a,124,133,10,+,"","",deletion,562,725,1,FALSE
nlgn4a,124,133,10,+,"","",deletion,563,725,1,FALSE
nlgn4a,124,133,10,+,"","",deletion,564,725,1,FALSE
nlgn4a,124,133,10,+,"","",deletion,565,725,1,FALSE
nlgn4a,124,133,10,+,"","",deletion,566,725,1,FALSE
nlgn4a,124,133,10,+,"","",deletion,567,725,1,FALSE
nlgn4a,124,133,10,+,"","",deletion,568,725,1,FALSE
nlgn4a,124,133,10,+,"","",deletion,569,725,1,FALSE
nlgn4a,124,133,10,+,"","",deletion,570,725,1,FALSE
nlgn4a,124,133,10,+,"","",deletion,571,725,1,FALSE
nlgn4a,124,133,10,+,"","",deletion,572,725,1,FALSE
nlgn4a,124,133,10,+,"","",deletion,573,725,1,FALSE
nlgn4a,124,133,10,+,"","",deletion,574,725,1,FALSE
nlgn4a,124,133,10,+,"","",deletion,575,725,1,FALSE
nlgn4a,124,133,10,+,"","",deletion,576,725,1,FALSE
nlgn4a,124,133,10,+,"","",deletion,577,725,1,FALSE
nlgn4a,124,133,10,+,"","",deletion,578,716,1,FALSE
nlgn4a,124,133,10,+,"","",deletion,579,716,1,FALSE
nlgn4a,127,134,8,+,"","",deletion,580,716,1,FALSE
nlgn4a,132,132,1,+,"","",deletion,583,716,1,FALSE
nlgn4a,130,138,9,+,"","",deletion,588,716,1,FALSE
nlgn4a,131,135,5,+,"","",deletion,594,716,1,FALSE
nlgn4a,132,132,1,+,"","",deletion,606,716,1,FALSE
nlgn4a,132,132,1,+,"","",deletion,607,725,1,FALSE
nlgn4a,132,132,1,+,"","",deletion,608,725,1,FALSE
nlgn4a,132,132,1,+,"","",deletion,609,725,1,FALSE
nlgn4a,132,132,1,+,"","",deletion,610,725,1,FALSE
nlgn4a,132,132,1,+,"","",deletion,611,725,1,FALSE
nlgn4a,132,132,1,+,"","",deletion,612,725,1,FALSE
nlgn4a,132,132,1,+,"","",deletion,613,725,1,FALSE
nlgn4a,132,132,1,+,"","",deletion,614,725,1,FALSE
nlgn4a,132,132,1,+,"","",deletion,615,725,1,FALSE
nlgn4a,132,132,1,+,"","",deletion,616,725,1,FALSE
nlgn4a,132,132,1,+,"","",deletion,617,725,1,FALSE
nlgn4a,132,132,1,+,"","",deletion,618,725,1,FALSE
nlgn4a,132,132,1,+,"","",deletion,619,725,1,FALSE
nlgn4a,132,132,1,+,"","",deletion,620,725,1,FALSE
nlgn4a,132,132,1,+,"","",deletion,621,725,1,FALSE
nlgn4a,132,132,1,+,"","",deletion,622,725,1,FALSE
nlgn4a,132,132,1,+,"","",deletion,623,725,1,FALSE
nlgn4a,132,132,1,+,"","",deletion,624,725,1,FALSE
nlgn4a,132,132,1,+,"","",deletion,625,725,1,FALSE
nlgn4a,132,132,1,+,"","",deletion,626,725,1,FALSE
nlgn4a,132,132,1,+,"","",deletion,627,725,1,FALSE
nlgn4a,132,132,1,+,"","",deletion,628,725,1,FALSE
nlgn4a,132,132,1,+,"","",deletion,629,725,1,FALSE
nlgn4a,132,132,1,+,"","",deletion,630,725,1,FALSE
nlgn4a,132,132,1,+,"","",deletion,631,725,1,FALSE
nlgn4a,132,132,1,+,"","",deletion,632,725,1,FALSE
nlgn4a,132,132,1,+,"","",deletion,633,725,1,FALSE
nlgn4a,132,132,1,+,"","",deletion,634,725,1,FALSE
nlgn4a,132,132,1,+,"","",deletion,635,725,1,FALSE
nlgn4a,132,132,1,+,"","",deletion,636,725,1,FALSE
nlgn4a,132,132,1,+,"","",deletion,637,716,1,FALSE
nlgn4a,132,132,1,+,"","",deletion,638,716,1,FALSE
nlgn4a,132,132,1,+,"","",deletion,639,716,1,FALSE
nlgn4a,133,136,4,+,"","",deletion,1357,716,1,FALSE
nlgn4a,133,136,4,+,"","",deletion,1358,716,1,FALSE
nlgn4a,133,136,4,+,"","",deletion,1359,716,1,FALSE
nlgn4a,133,136,4,+,"","",deletion,1360,716,1,FALSE
nlgn4a,133,136,4,+,"","",deletion,1361,725,1,FALSE
nlgn4a,133,136,4,+,"","",deletion,1362,725,1,FALSE
nlgn4a,133,136,4,+,"","",deletion,1363,725,1,FALSE
nlgn4a,133,136,4,+,"","",deletion,1364,725,1,FALSE
nlgn4a,133,136,4,+,"","",deletion,1365,725,1,FALSE
nlgn4a,133,136,4,+,"","",deletion,1366,725,1,FALSE
nlgn4a,133,136,4,+,"","",deletion,1367,725,1,FALSE
nlgn4a,133,136,4,+,"","",deletion,1368,725,1,FALSE
nlgn4a,133,136,4,+,"","",deletion,1369,725,1,FALSE
nlgn4a,133,136,4,+,"","",deletion,1370,725,1,FALSE
nlgn4a,133,136,4,+,"","",deletion,1371,725,1,FALSE
nlgn4a,133,136,4,+,"","",deletion,1372,725,1,FALSE
nlgn4a,133,136,4,+,"","",deletion,1373,725,1,FALSE
nlgn4a,133,136,4,+,"","",deletion,1374,725,1,FALSE
nlgn4a,133,136,4,+,"","",deletion,1375,725,1,FALSE
nlgn4a,133,136,4,+,"","",deletion,1376,725,1,FALSE
nlgn4a,133,136,4,+,"","",deletion,1377,725,1,FALSE
nlgn4a,133,136,4,+,"","",deletion,1378,725,1,FALSE
nlgn4a,133,136,4,+,"","",deletion,1379,725,1,FALSE
nlgn4a,133,136,4,+,"","",deletion,1380,725,1,FALSE
nlgn4a,133,136,4,+,"","",deletion,1381,725,1,FALSE
nlgn4a,133,136,4,+,"","",deletion,1382,725,1,FALSE
nlgn4a,133,136,4,+,"","",deletion,1383,725,1,FALSE
nlgn4a,133,136,4,+,"","",deletion,1384,725,1,FALSE
nlgn4a,133,136,4,+,"","",deletion,1385,725,1,FALSE
nlgn4a,133,136,4,+,"","",deletion,1386,725,1,FALSE
nlgn4a,133,136,4,+,"","",deletion,1387,725,1,FALSE
nlgn4a,133,136,4,+,"","",deletion,1388,725,1,FALSE
nlgn4a,133,136,4,+,"","",deletion,1389,725,1,FALSE
nlgn4a,133,136,4,+,"","",deletion,1390,725,1,FALSE
nlgn4a,133,136,4,+,"","",deletion,1391,725,1,FALSE
nlgn4a,133,136,4,+,"","",deletion,1392,725,1,FALSE
nlgn4a,130,136,7,+,"","",deletion,1404,716,1,FALSE
nlgn4a,130,136,7,+,"","",deletion,1405,716,1,FALSE
nlgn4a,130,136,7,+,"","",deletion,1406,716,1,FALSE
nlgn4a,130,136,7,+,"","",deletion,1407,716,1,FALSE
nlgn4a,130,136,7,+,"","",deletion,1408,716,1,FALSE
nlgn4a,130,136,7,+,"","",deletion,1409,716,1,FALSE
nlgn4a,130,136,7,+,"","",deletion,1410,725,1,FALSE
nlgn4a,130,136,7,+,"","",deletion,1411,725,1,FALSE
nlgn4a,130,136,7,+,"","",deletion,1412,725,1,FALSE
nlgn4a,130,136,7,+,"","",deletion,1413,725,1,FALSE
nlgn4a,130,136,7,+,"","",deletion,1414,725,1,FALSE
nlgn4a,130,136,7,+,"","",deletion,1415,725,1,FALSE
nlgn4a,130,136,7,+,"","",deletion,1416,725,1,FALSE
nlgn4a,130,136,7,+,"","",deletion,1417,725,1,FALSE
nlgn4a,130,136,7,+,"","",deletion,1418,725,1,FALSE
nlgn4a,130,136,7,+,"","",deletion,1419,725,1,FALSE
nlgn4a,130,136,7,+,"","",deletion,1420,725,1,FALSE
nlgn4a,130,136,7,+,"","",deletion,1421,725,1,FALSE
nlgn4a,130,136,7,+,"","",deletion,1422,725,1,FALSE
nlgn4a,130,136,7,+,"","",deletion,1423,725,1,FALSE
nlgn4a,130,136,7,+,"","",deletion,1424,725,1,FALSE
nlgn4a,130,136,7,+,"","",deletion,1425,725,1,FALSE
nlgn4a,130,136,7,+,"","",deletion,1426,725,1,FALSE
nlgn4a,130,136,7,+,"","",deletion,1427,725,1,FALSE
nlgn4a,130,136,7,+,"","",deletion,1428,725,1,FALSE
nlgn4a,130,136,7,+,"","",deletion,1429,725,1,FALSE
nlgn4a,130,136,7,+,"","",deletion,1430,725,1,FALSE
nlgn4a,130,136,7,+,"","",deletion,1431,725,1,FALSE
nlgn4a,130,136,7,+,"","",deletion,1432,725,1,FALSE
nlgn4a,130,136,7,+,"","",deletion,1433,725,1,FALSE
nlgn4a,130,136,7,+,"","",deletion,1434,725,1,FALSE
nlgn4a,130,136,7,+,"","",deletion,1435,725,1,FALSE
nlgn4a,130,136,7,+,"","",deletion,1436,725,1,FALSE
nlgn4a,130,136,7,+,"","",deletion,1437,725,1,FALSE
nlgn4a,130,136,7,+,"","",deletion,1438,725,1,FALSE
nlgn4a,130,136,7,+,"","",deletion,1439,725,1,FALSE
nlgn4a,130,136,7,+,"","",deletion,1440,725,1,FALSE
nlgn4a,130,136,7,+,"","",deletion,1441,725,1,FALSE
nlgn4a,130,136,7,+,"","",deletion,1442,725,1,FALSE
nlgn4a,130,136,7,+,"","",deletion,1443,725,1,FALSE
nlgn4a,130,136,7,+,"","",deletion,1444,725,1,FALSE
nlgn4a,130,136,7,+,"","",deletion,1445,725,1,FALSE
nlgn4a,130,136,7,+,"","",deletion,1446,725,1,FALSE
nlgn4a,130,136,7,+,"","",deletion,1447,725,1,FALSE
nlgn4a,130,136,7,+,"","",deletion,1448,725,1,FALSE
nlgn4a,130,136,7,+,"","",deletion,1449,725,1,FALSE
nlgn4a,130,136,7,+,"","",deletion,1450,725,1,FALSE
nlgn4a,130,136,7,+,"","",deletion,1451,725,1,FALSE
nlgn4a,130,136,7,+,"","",deletion,1452,725,1,FALSE
nlgn4a,130,136,7,+,"","",deletion,1453,725,1,FALSE
nlgn4a,130,136,7,+,"","",deletion,1454,725,1,FALSE
nlgn4a,130,136,7,+,"","",deletion,1455,725,1,FALSE
nlgn4a,130,136,7,+,"","",deletion,1456,725,1,FALSE
nlgn4a,130,136,7,+,"","",deletion,1457,725,1,FALSE
nlgn4a,130,136,7,+,"","",deletion,1458,725,1,FALSE
nlgn4a,130,136,7,+,"","",deletion,1459,725,1,FALSE
nlgn4a,130,136,7,+,"","",deletion,1460,725,1,FALSE
nlgn4a,130,136,7,+,"","",deletion,1461,725,1,FALSE
nlgn4a,130,136,7,+,"","",deletion,1462,725,1,FALSE
nlgn4a,130,136,7,+,"","",deletion,1463,725,1,FALSE
nlgn4a,130,136,7,+,"","",deletion,1464,725,1,FALSE
nlgn4a,130,136,7,+,"","",deletion,1465,725,1,FALSE
nlgn4a,130,136,7,+,"","",deletion,1466,725,1,FALSE
nlgn4a,130,136,7,+,"","",deletion,1467,725,1,FALSE
nlgn4a,130,136,7,+,"","",deletion,1468,725,1,FALSE
nlgn4a,130,136,7,+,"","",deletion,1469,725,1,FALSE
nlgn4a,130,136,7,+,"","",deletion,1470,725,1,FALSE
nlgn4a,130,136,7,+,"","",deletion,1471,725,1,FALSE
nlgn4a,130,136,7,+,"","",deletion,1472,725,1,FALSE
nlgn4a,130,136,7,+,"","",deletion,1473,725,1,FALSE
nlgn4a,130,136,7,+,"","",deletion,1474,725,1,FALSE
nlgn4a,130,136,7,+,"","",deletion,1475,725,1,FALSE
nlgn4a,130,136,7,+,"","",deletion,1476,725,1,FALSE
nlgn4a,130,136,7,+,"","",deletion,1477,725,1,FALSE
nlgn4a,130,136,7,+,"","",deletion,1478,725,1,FALSE
nlgn4a,130,136,7,+,"","",deletion,1479,725,1,FALSE
nlgn4a,130,136,7,+,"","",deletion,1480,725,1,FALSE
nlgn4a,130,136,7,+,"","",deletion,1481,725,1,FALSE
nlgn4a,130,136,7,+,"","",deletion,1482,725,1,FALSE
nlgn4a,130,136,7,+,"","",deletion,1483,725,1,FALSE
nlgn4a,130,136,7,+,"","",deletion,1484,725,1,FALSE
nlgn4a,130,136,7,+,"","",deletion,1485,725,1,FALSE
nlgn4a,130,136,7,+,"","",deletion,1486,725,1,FALSE
nlgn4a,130,136,7,+,"","",deletion,1487,725,1,FALSE
nlgn4a,130,136,7,+,"","",deletion,1488,725,1,FALSE
nlgn4a,130,136,7,+,"","",deletion,1489,725,1,FALSE
nlgn4a,130,136,7,+,"","",deletion,1490,725,1,FALSE
nlgn4a,130,136,7,+,"","",deletion,1491,725,1,FALSE
nlgn4a,130,136,7,+,"","",deletion,1492,725,1,FALSE
nlgn4a,130,136,7,+,"","",deletion,1493,725,1,FALSE
nlgn4a,130,136,7,+,"","",deletion,1494,725,1,FALSE
nlgn4a,130,136,7,+,"","",deletion,1495,725,1,FALSE
nlgn4a,130,136,7,+,"","",deletion,1496,725,1,FALSE
nlgn4a,130,136,7,+,"","",deletion,1497,725,1,FALSE
nlgn4a,130,136,7,+,"","",deletion,1498,716,1,FALSE
nlgn4a,130,136,7,+,"","",deletion,1499,716,1,FALSE
nlgn4a,130,136,7,+,"","",deletion,1500,716,1,FALSE
nlgn4a,131,139,9,+,"","",deletion,1501,716,1,FALSE
nlgn4a,132,138,7,+,"","",deletion,1504,716,1,FALSE
nlgn4a,130,134,5,+,"","",deletion,1505,716,1,FALSE
nlgn4a,131,137,7,+,"","",deletion,1506,716,1,FALSE
nlgn4a,130,138,9,+,"","",deletion,1507,716,1,FALSE
nlgn4a,130,138,9,+,"","",deletion,1508,716,1,FALSE
nlgn4a,130,138,9,+,"","",deletion,1509,725,1,FALSE
nlgn4a,130,138,9,+,"","",deletion,1510,725,1,FALSE
nlgn4a,130,138,9,+,"","",deletion,1511,725,1,FALSE
nlgn4a,130,138,9,+,"","",deletion,1512,725,1,FALSE
nlgn4a,130,138,9,+,"","",deletion,1513,725,1,FALSE
nlgn4a,130,138,9,+,"","",deletion,1514,725,1,FALSE
nlgn4a,130,138,9,+,"","",deletion,1515,725,1,FALSE
nlgn4a,130,138,9,+,"","",deletion,1516,725,1,FALSE
nlgn4a,130,138,9,+,"","",deletion,1517,725,1,FALSE
nlgn4a,130,138,9,+,"","",deletion,1518,725,1,FALSE
nlgn4a,130,138,9,+,"","",deletion,1519,725,1,FALSE
nlgn4a,130,138,9,+,"","",deletion,1520,725,1,FALSE
nlgn4a,130,138,9,+,"","",deletion,1521,725,1,FALSE
nlgn4a,130,138,9,+,"","",deletion,1522,725,1,FALSE
nlgn4a,130,138,9,+,"","",deletion,1523,725,1,FALSE
nlgn4a,130,138,9,+,"","",deletion,1524,725,1,FALSE
nlgn4a,130,138,9,+,"","",deletion,1525,725,1,FALSE
nlgn4a,130,138,9,+,"","",deletion,1526,725,1,FALSE
nlgn4a,130,138,9,+,"","",deletion,1527,725,1,FALSE
nlgn4a,130,138,9,+,"","",deletion,1528,725,1,FALSE
nlgn4a,130,138,9,+,"","",deletion,1529,725,1,FALSE
nlgn4a,130,138,9,+,"","",deletion,1530,725,1,FALSE
nlgn4a,130,138,9,+,"","",deletion,1531,725,1,FALSE
nlgn4a,130,138,9,+,"","",deletion,1532,725,1,FALSE
nlgn4a,130,138,9,+,"","",deletion,1533,725,1,FALSE
nlgn4a,130,138,9,+,"","",deletion,1534,725,1,FALSE
nlgn4a,130,138,9,+,"","",deletion,1535,725,1,FALSE
nlgn4a,130,138,9,+,"","",deletion,1536,725,1,FALSE
nlgn4a,130,138,9,+,"","",deletion,1537,716,1,FALSE
nlgn4a,130,138,9,+,"","",deletion,1538,716,1,FALSE
nlgn4a,130,138,9,+,"","",deletion,1539,716,1,FALSE
nlgn4a,130,134,5,+,"","",deletion,1540,716,1,FALSE
nlgn4a,130,134,5,+,"","",deletion,1541,716,1,FALSE
nlgn4a,130,134,5,+,"","",deletion,1542,716,1,FALSE
nlgn4a,130,134,5,+,"","",deletion,1543,716,1,FALSE
nlgn4a,130,134,5,+,"","",deletion,1544,716,1,FALSE
nlgn4a,130,134,5,+,"","",deletion,1545,716,1,FALSE
nlgn4a,130,134,5,+,"","",deletion,1546,725,1,FALSE
nlgn4a,130,134,5,+,"","",deletion,1547,725,1,FALSE
nlgn4a,130,134,5,+,"","",deletion,1548,725,1,FALSE
nlgn4a,130,134,5,+,"","",deletion,1549,725,1,FALSE
nlgn4a,130,134,5,+,"","",deletion,1550,725,1,FALSE
nlgn4a,130,134,5,+,"","",deletion,1551,725,1,FALSE
nlgn4a,130,134,5,+,"","",deletion,1552,725,1,FALSE
nlgn4a,130,134,5,+,"","",deletion,1553,725,1,FALSE
nlgn4a,130,134,5,+,"","",deletion,1554,725,1,FALSE
nlgn4a,130,134,5,+,"","",deletion,1555,725,1,FALSE
nlgn4a,130,134,5,+,"","",deletion,1556,725,1,FALSE
nlgn4a,130,134,5,+,"","",deletion,1557,725,1,FALSE
nlgn4a,130,134,5,+,"","",deletion,1558,725,1,FALSE
nlgn4a,130,134,5,+,"","",deletion,1559,725,1,FALSE
nlgn4a,130,134,5,+,"","",deletion,1560,725,1,FALSE
nlgn4a,130,134,5,+,"","",deletion,1561,725,1,FALSE
nlgn4a,130,134,5,+,"","",deletion,1562,725,1,FALSE
nlgn4a,130,134,5,+,"","",deletion,1563,725,1,FALSE
nlgn4a,130,134,5,+,"","",deletion,1564,725,1,FALSE
nlgn4a,130,134,5,+,"","",deletion,1565,725,1,FALSE
nlgn4a,130,134,5,+,"","",deletion,1566,725,1,FALSE
nlgn4a,130,134,5,+,"","",deletion,1567,725,1,FALSE
nlgn4a,130,134,5,+,"","",deletion,1568,725,1,FALSE
nlgn4a,130,134,5,+,"","",deletion,1569,725,1,FALSE
nlgn4a,130,134,5,+,"","",deletion,1570,725,1,FALSE
nlgn4a,130,134,5,+,"","",deletion,1571,725,1,FALSE
nlgn4a,130,134,5,+,"","",deletion,1572,725,1,FALSE
nlgn4a,130,134,5,+,"","",deletion,1573,725,1,FALSE
nlgn4a,130,134,5,+,"","",deletion,1574,725,1,FALSE
nlgn4a,130,134,5,+,"","",deletion,1575,725,1,FALSE
nlgn4a,130,134,5,+,"","",deletion,1576,725,1,FALSE
nlgn4a,130,134,5,+,"","",deletion,1577,725,1,FALSE
nlgn4a,130,134,5,+,"","",deletion,1578,725,1,FALSE
nlgn4a,130,134,5,+,"","",deletion,1579,725,1,FALSE
nlgn4a,130,134,5,+,"","",deletion,1580,725,1,FALSE
nlgn4a,130,134,5,+,"","",deletion,1581,725,1,FALSE
nlgn4a,130,134,5,+,"","",deletion,1582,725,1,FALSE
nlgn4a,130,134,5,+,"","",deletion,1583,725,1,FALSE
nlgn4a,130,134,5,+,"","",deletion,1584,725,1,FALSE
nlgn4a,130,134,5,+,"","",deletion,1585,725,1,FALSE
nlgn4a,130,134,5,+,"","",deletion,1586,725,1,FALSE
nlgn4a,130,134,5,+,"","",deletion,1587,725,1,FALSE
nlgn4a,130,134,5,+,"","",deletion,1588,725,1,FALSE
nlgn4a,130,134,5,+,"","",deletion,1589,725,1,FALSE
nlgn4a,130,134,5,+,"","",deletion,1590,725,1,FALSE
nlgn4a,130,134,5,+,"","",deletion,1591,725,1,FALSE
nlgn4a,130,134,5,+,"","",deletion,1592,725,1,FALSE
nlgn4a,130,134,5,+,"","",deletion,1593,725,1,FALSE
nlgn4a,130,134,5,+,"","",deletion,1594,725,1,FALSE
nlgn4a,130,134,5,+,"","",deletion,1595,725,1,FALSE
nlgn4a,130,134,5,+,"","",deletion,1596,725,1,FALSE
nlgn4a,130,134,5,+,"","",deletion,1597,725,1,FALSE
nlgn4a,130,134,5,+,"","",deletion,1598,725,1,FALSE
nlgn4a,130,134,5,+,"","",deletion,1599,725,1,FALSE
nlgn4a,130,134,5,+,"","",deletion,1600,725,1,FALSE
nlgn4a,130,134,5,+,"","",deletion,1601,725,1,FALSE
nlgn4a,130,134,5,+,"","",deletion,1602,725,1,FALSE
nlgn4a,130,134,5,+,"","",deletion,1603,725,1,FALSE
nlgn4a,130,134,5,+,"","",deletion,1604,725,1,FALSE
nlgn4a,130,134,5,+,"","",deletion,1605,725,1,FALSE
nlgn4a,130,134,5,+,"","",deletion,1606,725,1,FALSE
nlgn4a,130,134,5,+,"","",deletion,1607,725,1,FALSE
nlgn4a,130,134,5,+,"","",deletion,1608,725,1,FALSE
nlgn4a,130,134,5,+,"","",deletion,1609,725,1,FALSE
nlgn4a,130,134,5,+,"","",deletion,1610,725,1,FALSE
nlgn4a,130,134,5,+,"","",deletion,1611,725,1,FALSE
nlgn4a,130,134,5,+,"","",deletion,1612,725,1,FALSE
nlgn4a,130,134,5,+,"","",deletion,1613,725,1,FALSE
nlgn4a,130,134,5,+,"","",deletion,1614,725,1,FALSE
nlgn4a,130,134,5,+,"","",deletion,1615,725,1,FALSE
nlgn4a,130,134,5,+,"","",deletion,1616,725,1,FALSE
nlgn4a,130,134,5,+,"","",deletion,1617,725,1,FALSE
nlgn4a,130,134,5,+,"","",deletion,1618,725,1,FALSE
nlgn4a,130,134,5,+,"","",deletion,1619,725,1,FALSE
nlgn4a,130,134,5,+,"","",deletion,1620,725,1,FALSE
nlgn4a,130,134,5,+,"","",deletion,1621,725,1,FALSE
nlgn4a,130,134,5,+,"","",deletion,1622,725,1,FALSE
nlgn4a,130,134,5,+,"","",deletion,1623,725,1,FALSE
nlgn4a,130,134,5,+,"","",deletion,1624,725,1,FALSE
nlgn4a,130,134,5,+,"","",deletion,1625,725,1,FALSE
nlgn4a,130,134,5,+,"","",deletion,1626,725,1,FALSE
nlgn4a,130,134,5,+,"","",deletion,1627,725,1,FALSE
nlgn4a,130,134,5,+,"","",deletion,1628,725,1,FALSE
nlgn4a,130,134,5,+,"","",deletion,1629,725,1,FALSE
nlgn4a,130,134,5,+,"","",deletion,1630,725,1,FALSE
nlgn4a,130,134,5,+,"","",deletion,1631,725,1,FALSE
nlgn4a,130,134,5,+,"","",deletion,1632,725,1,FALSE
nlgn4a,130,134,5,+,"","",deletion,1633,725,1,FALSE
nlgn4a,130,134,5,+,"","",deletion,1634,725,1,FALSE
nlgn4a,130,134,5,+,"","",deletion,1635,725,1,FALSE
nlgn4a,130,134,5,+,"","",deletion,1636,725,1,FALSE
nlgn4a,130,134,5,+,"","",deletion,1637,725,1,FALSE
nlgn4a,130,134,5,+,"","",deletion,1638,725,1,FALSE
nlgn4a,130,134,5,+,"","",deletion,1639,725,1,FALSE
nlgn4a,130,134,5,+,"","",deletion,1640,716,1,FALSE
nlgn4a,130,134,5,+,"","",deletion,1641,716,1,FALSE
nlgn4a,130,136,7,+,"","",deletion,1643,716,1,FALSE
nlgn4a,130,136,7,+,"","",deletion,1644,716,1,FALSE
nlgn4a,130,138,9,+,"","",deletion,1645,716,1,FALSE
nlgn4a,130,134,5,+,"","",deletion,1646,716,1,FALSE
nlgn4a,130,138,9,+,"","",deletion,1648,716,1,FALSE
nlgn4a,133,140,8,+,"","",deletion,1649,716,1,FALSE
nlgn4a,127,134,8,+,"","",deletion,1650,716,1,FALSE
nlgn4a,127,134,8,+,"","",deletion,1651,716,1,FALSE
nlgn4a,127,134,8,+,"","",deletion,1652,725,1,FALSE
nlgn4a,127,134,8,+,"","",deletion,1653,725,1,FALSE
nlgn4a,127,134,8,+,"","",deletion,1654,725,1,FALSE
nlgn4a,127,134,8,+,"","",deletion,1655,725,1,FALSE
nlgn4a,127,134,8,+,"","",deletion,1656,725,1,FALSE
nlgn4a,127,134,8,+,"","",deletion,1657,725,1,FALSE
nlgn4a,127,134,8,+,"","",deletion,1658,725,1,FALSE
nlgn4a,127,134,8,+,"","",deletion,1659,725,1,FALSE
nlgn4a,127,134,8,+,"","",deletion,1660,725,1,FALSE
nlgn4a,127,134,8,+,"","",deletion,1661,725,1,FALSE
nlgn4a,127,134,8,+,"","",deletion,1662,725,1,FALSE
nlgn4a,127,134,8,+,"","",deletion,1663,725,1,FALSE
nlgn4a,127,134,8,+,"","",deletion,1664,725,1,FALSE
nlgn4a,127,134,8,+,"","",deletion,1665,725,1,FALSE
nlgn4a,127,134,8,+,"","",deletion,1666,725,1,FALSE
nlgn4a,127,134,8,+,"","",deletion,1667,725,1,FALSE
nlgn4a,127,134,8,+,"","",deletion,1668,725,1,FALSE
nlgn4a,127,134,8,+,"","",deletion,1669,725,1,FALSE
nlgn4a,127,134,8,+,"","",deletion,1670,725,1,FALSE
nlgn4a,127,134,8,+,"","",deletion,1671,725,1,FALSE
nlgn4a,127,134,8,+,"","",deletion,1672,725,1,FALSE
nlgn4a,127,134,8,+,"","",deletion,1673,725,1,FALSE
nlgn4a,127,134,8,+,"","",deletion,1674,725,1,FALSE
nlgn4a,127,134,8,+,"","",deletion,1675,725,1,FALSE
nlgn4a,127,134,8,+,"","",deletion,1676,725,1,FALSE
nlgn4a,127,134,8,+,"","",deletion,1677,725,1,FALSE
nlgn4a,127,134,8,+,"","",deletion,1678,725,1,FALSE
nlgn4a,127,134,8,+,"","",deletion,1679,716,1,FALSE
nlgn4a,127,134,8,+,"","",deletion,1680,716,1,FALSE
nlgn4a,127,134,8,+,"","",deletion,1681,716,1,FALSE
nlgn4a,126,134,9,+,"","",deletion,1683,716,1,FALSE
nlgn4a,126,134,9,+,"","",deletion,1684,716,1,FALSE
nlgn4a,126,134,9,+,"","",deletion,1685,716,1,FALSE
nlgn4a,126,134,9,+,"","",deletion,1686,716,1,FALSE
nlgn4a,126,134,9,+,"","",deletion,1687,716,1,FALSE
nlgn4a,126,134,9,+,"","",deletion,1688,716,1,FALSE
nlgn4a,126,134,9,+,"","",deletion,1689,716,1,FALSE
nlgn4a,126,134,9,+,"","",deletion,1690,716,1,FALSE
nlgn4a,126,134,9,+,"","",deletion,1691,716,1,FALSE
nlgn4a,126,134,9,+,"","",deletion,1692,716,1,FALSE
nlgn4a,126,134,9,+,"","",deletion,1693,716,1,FALSE
nlgn4a,126,134,9,+,"","",deletion,1694,716,1,FALSE
nlgn4a,126,134,9,+,"","",deletion,1695,716,1,FALSE
nlgn4a,126,134,9,+,"","",deletion,1696,725,1,FALSE
nlgn4a,126,134,9,+,"","",deletion,1697,725,1,FALSE
nlgn4a,126,134,9,+,"","",deletion,1698,725,1,FALSE
nlgn4a,126,134,9,+,"","",deletion,1699,725,1,FALSE
nlgn4a,126,134,9,+,"","",deletion,1700,725,1,FALSE
nlgn4a,126,134,9,+,"","",deletion,1701,725,1,FALSE
nlgn4a,126,134,9,+,"","",deletion,1702,725,1,FALSE
nlgn4a,126,134,9,+,"","",deletion,1703,725,1,FALSE
nlgn4a,126,134,9,+,"","",deletion,1704,725,1,FALSE
nlgn4a,126,134,9,+,"","",deletion,1705,725,1,FALSE
nlgn4a,126,134,9,+,"","",deletion,1706,725,1,FALSE
nlgn4a,126,134,9,+,"","",deletion,1707,725,1,FALSE
nlgn4a,126,134,9,+,"","",deletion,1708,725,1,FALSE
nlgn4a,126,134,9,+,"","",deletion,1709,725,1,FALSE
nlgn4a,126,134,9,+,"","",deletion,1710,725,1,FALSE
nlgn4a,126,134,9,+,"","",deletion,1711,725,1,FALSE
nlgn4a,126,134,9,+,"","",deletion,1712,725,1,FALSE
nlgn4a,126,134,9,+,"","",deletion,1713,725,1,FALSE
nlgn4a,126,134,9,+,"","",deletion,1714,725,1,FALSE
nlgn4a,126,134,9,+,"","",deletion,1715,725,1,FALSE
nlgn4a,126,134,9,+,"","",deletion,1716,725,1,FALSE
nlgn4a,126,134,9,+,"","",deletion,1717,725,1,FALSE
nlgn4a,126,134,9,+,"","",deletion,1718,725,1,FALSE
nlgn4a,126,134,9,+,"","",deletion,1719,725,1,FALSE
nlgn4a,126,134,9,+,"","",deletion,1720,725,1,FALSE
nlgn4a,126,134,9,+,"","",deletion,1721,725,1,FALSE
nlgn4a,126,134,9,+,"","",deletion,1722,725,1,FALSE
nlgn4a,126,134,9,+,"","",deletion,1723,725,1,FALSE
nlgn4a,126,134,9,+,"","",deletion,1724,725,1,FALSE
nlgn4a,126,134,9,+,"","",deletion,1725,725,1,FALSE
nlgn4a,126,134,9,+,"","",deletion,1726,725,1,FALSE
nlgn4a,126,134,9,+,"","",deletion,1727,725,1,FALSE
nlgn4a,126,134,9,+,"","",deletion,1728,725,1,FALSE
nlgn4a,126,134,9,+,"","",deletion,1729,725,1,FALSE
nlgn4a,126,134,9,+,"","",deletion,1730,725,1,FALSE
nlgn4a,126,134,9,+,"","",deletion,1731,725,1,FALSE
nlgn4a,126,134,9,+,"","",deletion,1732,725,1,FALSE
nlgn4a,126,134,9,+,"","",deletion,1733,725,1,FALSE
nlgn4a,126,134,9,+,"","",deletion,1734,725,1,FALSE
nlgn4a,126,134,9,+,"","",deletion,1735,725,1,FALSE
nlgn4a,126,134,9,+,"","",deletion,1736,725,1,FALSE
nlgn4a,126,134,9,+,"","",deletion,1737,725,1,FALSE
nlgn4a,126,134,9,+,"","",deletion,1738,725,1,FALSE
nlgn4a,126,134,9,+,"","",deletion,1739,725,1,FALSE
nlgn4a,126,134,9,+,"","",deletion,1740,725,1,FALSE
nlgn4a,126,134,9,+,"","",deletion,1741,725,1,FALSE
nlgn4a,126,134,9,+,"","",deletion,1742,725,1,FALSE
nlgn4a,126,134,9,+,"","",deletion,1743,725,1,FALSE
nlgn4a,126,134,9,+,"","",deletion,1744,725,1,FALSE
nlgn4a,126,134,9,+,"","",deletion,1745,725,1,FALSE
nlgn4a,126,134,9,+,"","",deletion,1746,725,1,FALSE
nlgn4a,126,134,9,+,"","",deletion,1747,725,1,FALSE
nlgn4a,126,134,9,+,"","",deletion,1748,725,1,FALSE
nlgn4a,126,134,9,+,"","",deletion,1749,725,1,FALSE
nlgn4a,126,134,9,+,"","",deletion,1750,725,1,FALSE
nlgn4a,126,134,9,+,"","",deletion,1751,725,1,FALSE
nlgn4a,126,134,9,+,"","",deletion,1752,725,1,FALSE
nlgn4a,126,134,9,+,"","",deletion,1753,725,1,FALSE
nlgn4a,126,134,9,+,"","",deletion,1754,725,1,FALSE
nlgn4a,126,134,9,+,"","",deletion,1755,725,1,FALSE
nlgn4a,126,134,9,+,"","",deletion,1756,725,1,FALSE
nlgn4a,126,134,9,+,"","",deletion,1757,725,1,FALSE
nlgn4a,126,134,9,+,"","",deletion,1758,725,1,FALSE
nlgn4a,126,134,9,+,"","",deletion,1759,725,1,FALSE
nlgn4a,126,134,9,+,"","",deletion,1760,725,1,FALSE
nlgn4a,126,134,9,+,"","",deletion,1761,725,1,FALSE
nlgn4a,126,134,9,+,"","",deletion,1762,725,1,FALSE
nlgn4a,126,134,9,+,"","",deletion,1763,725,1,FALSE
nlgn4a,126,134,9,+,"","",deletion,1764,725,1,FALSE
nlgn4a,126,134,9,+,"","",deletion,1765,725,1,FALSE
nlgn4a,126,134,9,+,"","",deletion,1766,725,1,FALSE
nlgn4a,126,134,9,+,"","",deletion,1767,725,1,FALSE
nlgn4a,126,134,9,+,"","",deletion,1768,725,1,FALSE
nlgn4a,126,134,9,+,"","",deletion,1769,725,1,FALSE
nlgn4a,126,134,9,+,"","",deletion,1770,725,1,FALSE
nlgn4a,126,134,9,+,"","",deletion,1771,725,1,FALSE
nlgn4a,126,134,9,+,"","",deletion,1772,725,1,FALSE
nlgn4a,126,134,9,+,"","",deletion,1773,725,1,FALSE
nlgn4a,126,134,9,+,"","",deletion,1774,725,1,FALSE
nlgn4a,126,134,9,+,"","",deletion,1775,725,1,FALSE
nlgn4a,126,134,9,+,"","",deletion,1776,725,1,FALSE
nlgn4a,126,134,9,+,"","",deletion,1777,725,1,FALSE
nlgn4a,126,134,9,+,"","",deletion,1778,725,1,FALSE
nlgn4a,126,134,9,+,"","",deletion,1779,725,1,FALSE
nlgn4a,126,134,9,+,"","",deletion,1780,725,1,FALSE
nlgn4a,126,134,9,+,"","",deletion,1781,725,1,FALSE
nlgn4a,126,134,9,+,"","",deletion,1782,725,1,FALSE
nlgn4a,126,134,9,+,"","",deletion,1783,725,1,FALSE
nlgn4a,126,134,9,+,"","",deletion,1784,725,1,FALSE
nlgn4a,126,134,9,+,"","",deletion,1785,725,1,FALSE
nlgn4a,126,134,9,+,"","",deletion,1786,725,1,FALSE
nlgn4a,126,134,9,+,"","",deletion,1787,725,1,FALSE
nlgn4a,126,134,9,+,"","",deletion,1788,725,1,FALSE
nlgn4a,126,134,9,+,"","",deletion,1789,725,1,FALSE
nlgn4a,126,134,9,+,"","",deletion,1790,725,1,FALSE
nlgn4a,126,134,9,+,"","",deletion,1791,725,1,FALSE
nlgn4a,126,134,9,+,"","",deletion,1792,725,1,FALSE
nlgn4a,126,134,9,+,"","",deletion,1793,725,1,FALSE
nlgn4a,126,134,9,+,"","",deletion,1794,725,1,FALSE
nlgn4a,126,134,9,+,"","",deletion,1795,725,1,FALSE
nlgn4a,126,134,9,+,"","",deletion,1796,725,1,FALSE
nlgn4a,126,134,9,+,"","",deletion,1797,725,1,FALSE
nlgn4a,126,134,9,+,"","",deletion,1798,725,1,FALSE
nlgn4a,126,134,9,+,"","",deletion,1799,725,1,FALSE
nlgn4a,126,134,9,+,"","",deletion,1800,716,1,FALSE
nlgn4a,126,134,9,+,"","",deletion,1801,716,1,FALSE
nlgn4a,126,134,9,+,"","",deletion,1802,716,1,FALSE
nlgn4a,126,134,9,+,"","",deletion,1803,716,1,FALSE
nlgn4a,126,134,9,+,"","",deletion,1804,716,1,FALSE
nlgn4a,126,134,9,+,"","",deletion,1805,716,1,FALSE
nlgn4a,126,134,9,+,"","",deletion,1806,716,1,FALSE
nlgn4a,126,134,9,+,"","",deletion,1807,716,1,FALSE
nlgn4a,126,134,9,+,"","",deletion,1808,716,1,FALSE
nlgn4a,126,134,9,+,"","",deletion,1809,716,1,FALSE
nlgn4a,126,134,9,+,"","",deletion,1810,716,1,FALSE
nlgn4a,126,134,9,+,"","",deletion,1811,716,1,FALSE
nlgn4a,126,134,9,+,"","",deletion,1812,716,1,FALSE
nlgn4a,133,136,4,+,"","",deletion,1815,716,1,FALSE
nlgn4a,127,134,8,+,"","",deletion,1816,716,1,FALSE
nlgn4a,124,133,10,+,"","",deletion,1817,716,1,FALSE
nlgn4a,130,136,7,+,"","",deletion,1818,716,1,FALSE
nlgn4a,130,134,5,+,"","",deletion,1823,707,1,FALSE
nlgn4a,130,134,5,+,"","",deletion,1825,716,1,FALSE
nlgn4a,126,134,9,+,"","",deletion,1826,716,1,FALSE
nlgn4a,130,136,7,+,"","",deletion,1834,716,1,FALSE
nlgn4a,130,134,5,+,"","",deletion,1839,716,1,FALSE
nlgn4a,126,134,9,+,"","",deletion,1840,707,1,FALSE
nlgn4a,133,136,4,+,"","",deletion,1849,716,1,FALSE
nlgn4a,130,136,7,+,"","",deletion,1855,716,1,FALSE
nlgn4a,130,134,5,+,"","",deletion,1856,716,1,FALSE
nlgn4a,126,134,9,+,"","",deletion,1859,716,1,FALSE
nlgn4a,129,137,9,+,"","",deletion,1866,707,1,FALSE
nlgn4a,130,138,9,+,"","",deletion,1870,716,1,FALSE
nlgn4a,127,134,8,+,"","",deletion,1871,716,1,FALSE
nlgn4a,126,134,9,+,"","",deletion,1872,716,1,FALSE
nlgn4a,126,134,9,+,"","",deletion,1873,716,1,FALSE
nlgn4a,126,134,9,+,"","",deletion,1875,716,1,FALSE
nlgn4a,130,134,5,+,"","",deletion,1876,716,1,FALSE
nlgn4a,133,136,4,+,"","",deletion,1880,716,1,FALSE
nlgn4a,126,134,9,+,"","",deletion,1881,716,1,FALSE
nlgn4a,126,134,9,+,"","",deletion,1882,716,1,FALSE
nlgn4a,130,136,7,+,"","",deletion,1883,716,1,FALSE
nlgn4a,130,134,5,+,"","",deletion,1892,716,1,FALSE
nlgn4a,124,133,10,+,"","",deletion,1893,716,1,FALSE
nlgn4a,130,138,9,+,"","",deletion,1897,707,1,FALSE
nlgn4a,130,138,9,+,"","",deletion,1902,716,1,FALSE
nlgn4a,130,138,9,+,"","",deletion,1903,716,1,FALSE
nlgn4a,130,134,5,+,"","",deletion,1904,716,1,FALSE
nlgn4a,126,134,9,+,"","",deletion,1905,716,1,FALSE
nlgn4a,126,134,9,+,"","",deletion,1917,716,1,FALSE
nlgn4a,130,134,5,+,"","",deletion,1920,716,1,FALSE
nlgn4a,127,134,8,+,"","",deletion,1922,716,1,FALSE
nlgn4a,130,138,9,+,"","",deletion,1923,716,1,FALSE
nlgn4a,126,134,9,+,"","",deletion,1929,716,1,FALSE
nlgn4a,130,136,7,+,"","",deletion,1933,716,1,FALSE
nlgn4a,124,133,10,+,"","",deletion,1935,716,1,FALSE
nlgn4a,130,136,7,+,"","",deletion,1940,716,1,FALSE
nlgn4a,127,134,8,+,"","",deletion,1942,716,1,FALSE
nlgn4a,126,134,9,+,"","",deletion,1946,716,1,FALSE
nlgn4a,132,132,1,+,"","",deletion,1948,716,1,FALSE
nlgn4a,130,134,5,+,"","",deletion,1951,716,1,FALSE
nlgn4a,130,136,7,+,"","",deletion,1952,716,1,FALSE
nlgn4a,130,138,9,+,"","",deletion,1957,716,1,FALSE
nlgn4a,126,134,9,+,"","",deletion,1961,716,1,FALSE
nlgn4a,130,136,7,+,"","",deletion,1967,716,1,FALSE
nlgn4a,130,136,7,+,"","",deletion,1969,716,1,FALSE
nlgn4a,130,134,5,+,"","",deletion,1970,716,1,FALSE
nlgn4a,130,134,5,+,"","",deletion,1971,716,1,FALSE
nlgn4a,133,136,4,+,"","",deletion,1976,716,1,FALSE
nlgn4a,130,134,5,+,"","",deletion,1977,716,1,FALSE
nlgn4a,130,134,5,+,"","",deletion,1979,716,1,FALSE
nlgn4a,130,134,5,+,"","",deletion,1980,716,1,FALSE
nlgn4a,130,136,7,+,"","",deletion,1985,707,1,FALSE
nlgn4a,124,133,10,+,"","",deletion,1989,716,1,FALSE
nlgn4a,126,134,9,+,"","",deletion,1992,716,1,FALSE
nlgn4a,126,134,9,+,"","",deletion,1995,716,1,FALSE
nlgn4a,124,133,10,+,"","",deletion,1996,716,1,FALSE
nlgn4a,130,134,5,+,"","",deletion,1999,716,1,FALSE
nlgn4a,126,134,9,+,"","",deletion,2000,716,1,FALSE
nlgn4a,130,136,7,+,"","",deletion,2001,707,1,FALSE
nlgn4a,126,134,9,+,"","",deletion,2003,707,1,FALSE
nlgn4a,130,136,7,+,"","",deletion,2004,716,1,FALSE
nlgn4a,132,132,1,+,"","",deletion,2008,716,1,FALSE
nlgn4a,124,133,10,+,"","",deletion,2016,707,1,FALSE
nlgn4a,126,134,9,+,"","",deletion,2021,707,1,FALSE
nlgn4a,130,134,5,+,"","",deletion,2022,716,1,FALSE
nlgn4a,130,134,5,+,"","",deletion,2029,716,1,FALSE
nlgn4a,126,134,9,+,"","",deletion,2031,716,1,FALSE
nlgn4a,124,133,10,+,"","",deletion,2039,716,1,FALSE
nlgn4a,130,138,9,+,"","",deletion,2040,716,1,FALSE
nlgn4a,133,136,4,+,"","",deletion,2044,716,1,FALSE
nlgn4a,124,133,10,+,"","",deletion,2046,707,1,FALSE
nlgn4a,130,138,9,+,"","",deletion,2059,716,1,FALSE
nlgn4a,126,134,9,+,"","",deletion,2060,716,1,FALSE
nlgn4a,133,136,4,+,"","",deletion,2061,716,1,FALSE
nlgn4a,124,133,10,+,"","",deletion,2063,716,1,FALSE
nlgn4a,133,136,4,+,"","",deletion,2066,707,1,FALSE
nlgn4a,133,136,4,+,"","",deletion,2067,716,1,FALSE
nlgn4a,130,136,7,+,"","",deletion,2068,716,1,FALSE
nlgn4a,126,134,9,+,"","",deletion,2074,716,1,FALSE
nlgn4a,133,136,4,+,"","",deletion,2079,716,1,FALSE
nlgn4a,132,132,1,+,"","",deletion,2083,716,1,FALSE
nlgn4a,130,134,5,+,"","",deletion,2084,716,1,FALSE
nlgn4a,126,134,9,+,"","",deletion,2085,716,1,FALSE
nlgn4a,54,54,1,+,G,C,mismatch,36,741,3,FALSE
nlgn4a,150,150,1,+,T,C,mismatch,37,741,3,FALSE
nlgn4a,31,31,1,+,G,C,mismatch,81,741,2,FALSE
nlgn4a,48,48,1,+,C,A,mismatch,82,741,2,FALSE
nlgn4a,61,61,1,+,C,A,mismatch,83,741,2,FALSE
nlgn4a,73,73,1,+,T,G,mismatch,84,741,2,FALSE
nlgn4a,81,81,1,+,G,C,mismatch,85,741,2,FALSE
nlgn4a,91,91,1,+,T,G,mismatch,86,741,2,FALSE
nlgn4a,114,114,1,+,T,A,mismatch,87,741,2,FALSE
nlgn4a,119,119,1,+,T,A,mismatch,88,741,2,FALSE
nlgn4a,121,121,1,+,T,C,mismatch,89,741,2,FALSE
nlgn4a,131,131,1,+,T,C,mismatch,91,741,2,FALSE
nlgn4a,133,133,1,+,C,A,mismatch,93,741,2,FALSE
nlgn4a,139,139,1,+,T,C,mismatch,95,741,2,FALSE
nlgn4a,143,143,1,+,C,A,mismatch,96,741,2,FALSE
nlgn4a,146,146,1,+,T,G,mismatch,97,741,2,FALSE
nlgn4a,127,127,1,+,C,G,mismatch,189,741,2,FALSE
nlgn4a,88,88,1,+,C,G,mismatch,198,741,2,FALSE
nlgn4a,29,29,1,+,C,T,mismatch,199,741,2,FALSE
nlgn4a,78,78,1,+,A,G,mismatch,208,707,1,FALSE
nlgn4a,57,57,1,+,A,T,mismatch,209,732,1,FALSE
nlgn4a,118,118,1,+,T,C,mismatch,210,732,1,FALSE
nlgn4a,112,112,1,+,C,G,mismatch,212,707,1,FALSE
nlgn4a,21,21,1,+,G,A,mismatch,213,732,1,FALSE
nlgn4a,140,140,1,+,G,C,mismatch,227,707,1,FALSE
nlgn4a,53,53,1,+,A,C,mismatch,232,732,1,FALSE
nlgn4a,145,145,1,+,T,C,mismatch,233,732,1,FALSE
nlgn4a,125,125,1,+,T,C,mismatch,237,707,1,FALSE
nlgn4a,53,53,1,+,A,G,mismatch,241,707,1,FALSE
nlgn4a,20,20,1,+,T,A,mismatch,242,741,1,FALSE
nlgn4a,20,20,1,+,T,G,mismatch,243,741,1,FALSE
nlgn4a,21,21,1,+,G,A,mismatch,244,741,1,FALSE
nlgn4a,21,21,1,+,G,A,mismatch,245,741,1,FALSE
nlgn4a,21,21,1,+,G,C,mismatch,246,698,1,FALSE
nlgn4a,57,57,1,+,A,C,mismatch,246,698,1,FALSE
nlgn4a,109,109,1,+,T,C,mismatch,246,698,1,FALSE
nlgn4a,22,22,1,+,C,A,mismatch,247,698,1,FALSE
nlgn4a,79,79,1,+,T,G,mismatch,247,698,1,FALSE
nlgn4a,142,142,1,+,C,T,mismatch,247,698,1,FALSE
nlgn4a,23,23,1,+,C,A,mismatch,248,741,1,FALSE
nlgn4a,28,28,1,+,G,A,mismatch,249,732,1,FALSE
nlgn4a,147,147,1,+,A,G,mismatch,249,732,1,FALSE
nlgn4a,28,28,1,+,G,C,mismatch,250,732,1,FALSE
nlgn4a,132,132,1,+,G,T,mismatch,250,732,1,FALSE
nlgn4a,29,29,1,+,C,A,mismatch,251,741,1,FALSE
nlgn4a,33,33,1,+,T,A,mismatch,252,741,1,FALSE
nlgn4a,33,33,1,+,T,A,mismatch,253,741,1,FALSE
nlgn4a,33,33,1,+,T,A,mismatch,254,732,1,FALSE
nlgn4a,78,78,1,+,A,G,mismatch,254,732,1,FALSE
nlgn4a,33,33,1,+,T,C,mismatch,255,741,1,FALSE
nlgn4a,33,33,1,+,T,C,mismatch,256,707,1,FALSE
nlgn4a,55,55,1,+,G,T,mismatch,256,707,1,FALSE
nlgn4a,34,34,1,+,G,A,mismatch,257,741,1,FALSE
nlgn4a,34,34,1,+,G,C,mismatch,258,741,1,FALSE
nlgn4a,34,34,1,+,G,C,mismatch,259,741,1,FALSE
nlgn4a,38,38,1,+,C,A,mismatch,260,741,1,FALSE
nlgn4a,40,40,1,+,T,C,mismatch,261,732,1,FALSE
nlgn4a,133,133,1,+,C,A,mismatch,261,732,1,FALSE
nlgn4a,40,40,1,+,T,C,mismatch,262,716,1,FALSE
nlgn4a,41,41,1,+,G,A,mismatch,263,741,1,FALSE
nlgn4a,41,41,1,+,G,C,mismatch,264,741,1,FALSE
nlgn4a,42,42,1,+,T,A,mismatch,265,741,1,FALSE
nlgn4a,42,42,1,+,T,C,mismatch,266,741,1,FALSE
nlgn4a,42,42,1,+,T,G,mismatch,267,732,1,FALSE
nlgn4a,114,114,1,+,T,C,mismatch,267,732,1,FALSE
nlgn4a,42,42,1,+,T,G,mismatch,268,741,1,FALSE
nlgn4a,42,42,1,+,T,G,mismatch,269,741,1,FALSE
nlgn4a,45,45,1,+,C,A,mismatch,270,741,1,FALSE
nlgn4a,46,46,1,+,G,C,mismatch,271,741,1,FALSE
nlgn4a,46,46,1,+,G,C,mismatch,272,741,1,FALSE
nlgn4a,46,46,1,+,G,C,mismatch,273,716,1,FALSE
nlgn4a,47,47,1,+,G,A,mismatch,274,741,1,FALSE
nlgn4a,47,47,1,+,G,A,mismatch,275,741,1,FALSE
nlgn4a,47,47,1,+,G,A,mismatch,276,741,1,FALSE
nlgn4a,47,47,1,+,G,A,mismatch,277,741,1,FALSE
nlgn4a,47,47,1,+,G,A,mismatch,278,741,1,FALSE
nlgn4a,47,47,1,+,G,A,mismatch,279,716,1,FALSE
nlgn4a,47,47,1,+,G,C,mismatch,280,741,1,FALSE
nlgn4a,47,47,1,+,G,C,mismatch,281,741,1,FALSE
nlgn4a,48,48,1,+,C,A,mismatch,282,732,1,FALSE
nlgn4a,118,118,1,+,T,G,mismatch,282,732,1,FALSE
nlgn4a,48,48,1,+,C,A,mismatch,283,716,1,FALSE
nlgn4a,48,48,1,+,C,A,mismatch,284,741,1,FALSE
nlgn4a,48,48,1,+,C,A,mismatch,285,741,1,FALSE
nlgn4a,48,48,1,+,C,A,mismatch,286,732,1,FALSE
nlgn4a,144,144,1,+,A,T,mismatch,286,732,1,FALSE
nlgn4a,49,49,1,+,T,A,mismatch,287,741,1,FALSE
nlgn4a,49,49,1,+,T,A,mismatch,288,741,1,FALSE
nlgn4a,49,49,1,+,T,A,mismatch,289,741,1,FALSE
nlgn4a,49,49,1,+,T,G,mismatch,290,741,1,FALSE
nlgn4a,50,50,1,+,C,A,mismatch,291,707,1,FALSE
nlgn4a,69,69,1,+,C,A,mismatch,291,707,1,FALSE
nlgn4a,50,50,1,+,C,A,mismatch,292,741,1,FALSE
nlgn4a,50,50,1,+,C,A,mismatch,293,741,1,FALSE
nlgn4a,52,52,1,+,G,A,mismatch,294,732,1,FALSE
nlgn4a,104,104,1,+,C,A,mismatch,294,732,1,FALSE
nlgn4a,52,52,1,+,G,A,mismatch,295,701,1,FALSE
nlgn4a,52,52,1,+,G,A,mismatch,296,741,1,FALSE
nlgn4a,52,52,1,+,G,A,mismatch,297,716,1,FALSE
nlgn4a,52,52,1,+,G,A,mismatch,298,716,1,FALSE
nlgn4a,52,52,1,+,G,A,mismatch,299,716,1,FALSE
nlgn4a,52,52,1,+,G,C,mismatch,300,741,1,FALSE
nlgn4a,54,54,1,+,G,A,mismatch,301,732,1,FALSE
nlgn4a,142,142,1,+,C,A,mismatch,301,732,1,FALSE
nlgn4a,54,54,1,+,G,C,mismatch,302,716,1,FALSE
nlgn4a,55,55,1,+,G,A,mismatch,303,732,1,FALSE
nlgn4a,99,99,1,+,C,A,mismatch,303,732,1,FALSE
nlgn4a,55,55,1,+,G,A,mismatch,304,716,1,FALSE
nlgn4a,55,55,1,+,G,C,mismatch,305,741,1,FALSE
nlgn4a,55,55,1,+,G,C,mismatch,306,741,1,FALSE
nlgn4a,59,59,1,+,C,A,mismatch,307,701,1,FALSE
nlgn4a,60,60,1,+,C,A,mismatch,308,701,1,FALSE
nlgn4a,61,61,1,+,C,A,mismatch,309,741,1,FALSE
nlgn4a,63,63,1,+,T,A,mismatch,310,741,1,FALSE
nlgn4a,63,63,1,+,T,A,mismatch,311,741,1,FALSE
nlgn4a,63,63,1,+,T,A,mismatch,312,716,1,FALSE
nlgn4a,63,63,1,+,T,A,mismatch,313,707,1,FALSE
nlgn4a,71,71,1,+,A,C,mismatch,313,707,1,FALSE
nlgn4a,63,63,1,+,T,C,mismatch,314,716,1,FALSE
nlgn4a,63,63,1,+,T,C,mismatch,315,716,1,FALSE
nlgn4a,63,63,1,+,T,G,mismatch,316,741,1,FALSE
nlgn4a,64,64,1,+,G,A,mismatch,317,741,1,FALSE
nlgn4a,64,64,1,+,G,A,mismatch,318,741,1,FALSE
nlgn4a,64,64,1,+,G,C,mismatch,319,741,1,FALSE
nlgn4a,64,64,1,+,G,C,mismatch,320,732,1,FALSE
nlgn4a,147,147,1,+,A,T,mismatch,320,732,1,FALSE
nlgn4a,65,65,1,+,G,A,mismatch,321,716,1,FALSE
nlgn4a,67,67,1,+,T,A,mismatch,322,707,1,FALSE
nlgn4a,72,72,1,+,C,A,mismatch,322,707,1,FALSE
nlgn4a,67,67,1,+,T,A,mismatch,323,732,1,FALSE
nlgn4a,112,112,1,+,C,A,mismatch,323,732,1,FALSE
nlgn4a,67,67,1,+,T,A,mismatch,324,741,1,FALSE
nlgn4a,67,67,1,+,T,A,mismatch,325,716,1,FALSE
nlgn4a,67,67,1,+,T,C,mismatch,326,732,1,FALSE
nlgn4a,93,93,1,+,G,T,mismatch,326,732,1,FALSE
nlgn4a,67,67,1,+,T,G,mismatch,327,741,1,FALSE
nlgn4a,70,70,1,+,C,A,mismatch,328,732,1,FALSE
nlgn4a,93,93,1,+,G,A,mismatch,328,732,1,FALSE
nlgn4a,70,70,1,+,C,A,mismatch,329,741,1,FALSE
nlgn4a,70,70,1,+,C,A,mismatch,330,707,1,FALSE
nlgn4a,129,129,1,+,G,T,mismatch,330,707,1,FALSE
nlgn4a,72,72,1,+,C,A,mismatch,331,741,1,FALSE
nlgn4a,72,72,1,+,C,A,mismatch,332,741,1,FALSE
nlgn4a,72,72,1,+,C,A,mismatch,333,741,1,FALSE
nlgn4a,73,73,1,+,T,A,mismatch,334,716,1,FALSE
nlgn4a,73,73,1,+,T,C,mismatch,335,716,1,FALSE
nlgn4a,73,73,1,+,T,C,mismatch,336,741,1,FALSE
nlgn4a,127,127,1,+,C,T,mismatch,337,686,1,FALSE
nlgn4a,73,73,1,+,T,G,mismatch,338,741,1,FALSE
nlgn4a,74,74,1,+,T,C,mismatch,339,707,1,FALSE
nlgn4a,150,150,1,+,T,G,mismatch,339,707,1,FALSE
nlgn4a,74,74,1,+,T,G,mismatch,340,741,1,FALSE
nlgn4a,74,74,1,+,T,G,mismatch,341,741,1,FALSE
nlgn4a,77,77,1,+,C,A,mismatch,342,741,1,FALSE
nlgn4a,79,79,1,+,T,A,mismatch,343,741,1,FALSE
nlgn4a,79,79,1,+,T,A,mismatch,344,741,1,FALSE
nlgn4a,79,79,1,+,T,A,mismatch,345,741,1,FALSE
nlgn4a,79,79,1,+,T,G,mismatch,346,716,1,FALSE
nlgn4a,79,79,1,+,T,G,mismatch,347,716,1,FALSE
nlgn4a,80,80,1,+,G,A,mismatch,348,741,1,FALSE
nlgn4a,80,80,1,+,G,A,mismatch,349,732,1,FALSE
nlgn4a,116,116,1,+,G,T,mismatch,349,732,1,FALSE
nlgn4a,80,80,1,+,G,C,mismatch,350,716,1,FALSE
nlgn4a,80,80,1,+,G,C,mismatch,351,716,1,FALSE
nlgn4a,81,81,1,+,G,C,mismatch,352,741,1,FALSE
nlgn4a,81,81,1,+,G,C,mismatch,353,741,1,FALSE
nlgn4a,82,82,1,+,T,A,mismatch,354,741,1,FALSE
nlgn4a,82,82,1,+,T,C,mismatch,355,741,1,FALSE
nlgn4a,82,82,1,+,T,C,mismatch,356,707,1,FALSE
nlgn4a,85,85,1,+,A,G,mismatch,356,707,1,FALSE
nlgn4a,82,82,1,+,T,G,mismatch,357,716,1,FALSE
nlgn4a,82,82,1,+,T,G,mismatch,358,716,1,FALSE
nlgn4a,82,82,1,+,T,G,mismatch,359,732,1,FALSE
nlgn4a,94,94,1,+,C,T,mismatch,359,732,1,FALSE
nlgn4a,83,83,1,+,T,A,mismatch,360,732,1,FALSE
nlgn4a,123,123,1,+,C,A,mismatch,360,732,1,FALSE
nlgn4a,83,83,1,+,T,A,mismatch,361,741,1,FALSE
nlgn4a,83,83,1,+,T,A,mismatch,362,741,1,FALSE
nlgn4a,83,83,1,+,T,A,mismatch,363,716,1,FALSE
nlgn4a,83,83,1,+,T,C,mismatch,364,707,1,FALSE
nlgn4a,90,90,1,+,C,A,mismatch,364,707,1,FALSE
nlgn4a,83,83,1,+,T,C,mismatch,365,741,1,FALSE
nlgn4a,83,83,1,+,T,C,mismatch,366,716,1,FALSE
nlgn4a,83,83,1,+,T,G,mismatch,367,741,1,FALSE
nlgn4a,83,83,1,+,T,G,mismatch,368,716,1,FALSE
nlgn4a,84,84,1,+,C,A,mismatch,369,741,1,FALSE
nlgn4a,86,86,1,+,T,A,mismatch,370,741,1,FALSE
nlgn4a,86,86,1,+,T,C,mismatch,371,741,1,FALSE
nlgn4a,86,86,1,+,T,C,mismatch,372,716,1,FALSE
nlgn4a,87,87,1,+,C,A,mismatch,373,741,1,FALSE
nlgn4a,87,87,1,+,C,A,mismatch,374,732,1,FALSE
nlgn4a,105,105,1,+,C,T,mismatch,374,732,1,FALSE
nlgn4a,88,88,1,+,C,A,mismatch,375,716,1,FALSE
nlgn4a,88,88,1,+,C,A,mismatch,376,723,1,FALSE
nlgn4a,116,116,1,+,G,T,mismatch,376,723,1,FALSE
nlgn4a,144,144,1,+,A,T,mismatch,376,723,1,FALSE
nlgn4a,89,89,1,+,G,A,mismatch,377,741,1,FALSE
nlgn4a,89,89,1,+,G,C,mismatch,378,741,1,FALSE
nlgn4a,90,90,1,+,C,A,mismatch,379,741,1,FALSE
nlgn4a,90,90,1,+,C,A,mismatch,380,741,1,FALSE
nlgn4a,91,91,1,+,T,A,mismatch,381,707,1,FALSE
nlgn4a,156,156,1,+,C,G,mismatch,381,707,1,FALSE
nlgn4a,91,91,1,+,T,C,mismatch,382,741,1,FALSE
nlgn4a,91,91,1,+,T,C,mismatch,383,741,1,FALSE
nlgn4a,91,91,1,+,T,C,mismatch,384,716,1,FALSE
nlgn4a,92,92,1,+,G,C,mismatch,385,741,1,FALSE
nlgn4a,93,93,1,+,G,A,mismatch,386,732,1,FALSE
nlgn4a,112,112,1,+,C,G,mismatch,386,732,1,FALSE
nlgn4a,93,93,1,+,G,C,mismatch,387,692,1,FALSE
nlgn4a,100,100,1,+,T,C,mismatch,387,692,1,FALSE
nlgn4a,93,93,1,+,G,C,mismatch,388,741,1,FALSE
nlgn4a,93,93,1,+,G,C,mismatch,389,741,1,FALSE
nlgn4a,94,94,1,+,C,A,mismatch,390,741,1,FALSE
nlgn4a,95,95,1,+,T,A,mismatch,391,741,1,FALSE
nlgn4a,95,95,1,+,T,A,mismatch,392,716,1,FALSE
nlgn4a,95,95,1,+,T,C,mismatch,393,741,1,FALSE
nlgn4a,95,95,1,+,T,G,mismatch,394,716,1,FALSE
nlgn4a,97,97,1,+,C,A,mismatch,395,741,1,FALSE
nlgn4a,98,98,1,+,T,G,mismatch,396,732,1,FALSE
nlgn4a,125,125,1,+,T,G,mismatch,396,732,1,FALSE
nlgn4a,99,99,1,+,C,A,mismatch,397,707,1,FALSE
nlgn4a,141,141,1,+,G,T,mismatch,397,707,1,FALSE
nlgn4a,99,99,1,+,C,A,mismatch,398,716,1,FALSE
nlgn4a,100,100,1,+,T,A,mismatch,399,741,1,FALSE
nlgn4a,100,100,1,+,T,A,mismatch,400,741,1,FALSE
nlgn4a,100,100,1,+,T,C,mismatch,401,716,1,FALSE
nlgn4a,100,100,1,+,T,C,mismatch,402,716,1,FALSE
nlgn4a,102,102,1,+,C,A,mismatch,403,741,1,FALSE
nlgn4a,102,102,1,+,C,A,mismatch,404,741,1,FALSE
nlgn4a,103,103,1,+,G,A,mismatch,405,741,1,FALSE
nlgn4a,103,103,1,+,G,A,mismatch,406,741,1,FALSE
nlgn4a,103,103,1,+,G,A,mismatch,407,716,1,FALSE
nlgn4a,103,103,1,+,G,C,mismatch,408,741,1,FALSE
nlgn4a,103,103,1,+,G,C,mismatch,409,741,1,FALSE
nlgn4a,103,103,1,+,G,C,mismatch,410,741,1,FALSE
nlgn4a,104,104,1,+,C,A,mismatch,411,741,1,FALSE
nlgn4a,105,105,1,+,C,A,mismatch,412,732,1,FALSE
nlgn4a,143,143,1,+,C,A,mismatch,412,732,1,FALSE
nlgn4a,106,106,1,+,T,A,mismatch,413,741,1,FALSE
nlgn4a,107,107,1,+,T,A,mismatch,414,741,1,FALSE
nlgn4a,107,107,1,+,T,C,mismatch,415,716,1,FALSE
nlgn4a,107,107,1,+,T,C,mismatch,416,741,1,FALSE
nlgn4a,107,107,1,+,T,G,mismatch,417,698,1,FALSE
nlgn4a,126,126,1,+,G,C,mismatch,417,698,1,FALSE
nlgn4a,142,142,1,+,C,G,mismatch,417,698,1,FALSE
nlgn4a,107,107,1,+,T,G,mismatch,418,732,1,FALSE
nlgn4a,145,145,1,+,T,C,mismatch,418,732,1,FALSE
nlgn4a,107,107,1,+,T,G,mismatch,419,741,1,FALSE
nlgn4a,107,107,1,+,T,G,mismatch,420,741,1,FALSE
nlgn4a,107,107,1,+,T,G,mismatch,421,741,1,FALSE
nlgn4a,107,107,1,+,T,G,mismatch,422,741,1,FALSE
nlgn4a,108,108,1,+,T,A,mismatch,423,741,1,FALSE
nlgn4a,108,108,1,+,T,A,mismatch,424,741,1,FALSE
nlgn4a,108,108,1,+,T,C,mismatch,425,732,1,FALSE
nlgn4a,127,127,1,+,C,A,mismatch,425,732,1,FALSE
nlgn4a,108,108,1,+,T,C,mismatch,426,716,1,FALSE
nlgn4a,108,108,1,+,T,C,mismatch,427,716,1,FALSE
nlgn4a,108,108,1,+,T,G,mismatch,428,741,1,FALSE
nlgn4a,108,108,1,+,T,G,mismatch,429,741,1,FALSE
nlgn4a,108,108,1,+,T,G,mismatch,430,741,1,FALSE
nlgn4a,108,108,1,+,T,G,mismatch,431,741,1,FALSE
nlgn4a,109,109,1,+,T,A,mismatch,432,716,1,FALSE
nlgn4a,109,109,1,+,T,C,mismatch,433,716,1,FALSE
nlgn4a,109,109,1,+,T,G,mismatch,434,741,1,FALSE
nlgn4a,109,109,1,+,T,G,mismatch,435,741,1,FALSE
nlgn4a,109,109,1,+,T,G,mismatch,436,716,1,FALSE
nlgn4a,110,110,1,+,T,A,mismatch,437,707,1,FALSE
nlgn4a,113,113,1,+,C,A,mismatch,437,707,1,FALSE
nlgn4a,110,110,1,+,T,A,mismatch,438,732,1,FALSE
nlgn4a,129,129,1,+,G,A,mismatch,438,732,1,FALSE
nlgn4a,110,110,1,+,T,C,mismatch,439,741,1,FALSE
nlgn4a,110,110,1,+,T,C,mismatch,440,716,1,FALSE
nlgn4a,110,110,1,+,T,C,mismatch,441,716,1,FALSE
nlgn4a,110,110,1,+,T,G,mismatch,442,707,1,FALSE
nlgn4a,149,149,1,+,A,G,mismatch,442,707,1,FALSE
nlgn4a,110,110,1,+,T,G,mismatch,443,741,1,FALSE
nlgn4a,110,110,1,+,T,G,mismatch,444,741,1,FALSE
nlgn4a,110,110,1,+,T,G,mismatch,445,741,1,FALSE
nlgn4a,112,112,1,+,C,A,mismatch,446,716,1,FALSE
nlgn4a,112,112,1,+,C,A,mismatch,447,741,1,FALSE
nlgn4a,112,112,1,+,C,A,mismatch,448,741,1,FALSE
nlgn4a,112,112,1,+,C,A,mismatch,449,741,1,FALSE
nlgn4a,112,112,1,+,C,A,mismatch,450,741,1,FALSE
nlgn4a,113,113,1,+,C,A,mismatch,451,741,1,FALSE
nlgn4a,114,114,1,+,T,A,mismatch,452,741,1,FALSE
nlgn4a,114,114,1,+,T,A,mismatch,453,741,1,FALSE
nlgn4a,114,114,1,+,T,A,mismatch,454,716,1,FALSE
nlgn4a,114,114,1,+,T,C,mismatch,455,716,1,FALSE
nlgn4a,114,114,1,+,T,G,mismatch,456,741,1,FALSE
nlgn4a,114,114,1,+,T,G,mismatch,457,741,1,FALSE
nlgn4a,114,114,1,+,T,G,mismatch,458,741,1,FALSE
nlgn4a,115,115,1,+,G,A,mismatch,459,701,1,FALSE
nlgn4a,115,115,1,+,G,A,mismatch,460,741,1,FALSE
nlgn4a,115,115,1,+,G,A,mismatch,461,741,1,FALSE
nlgn4a,115,115,1,+,G,C,mismatch,462,716,1,FALSE
nlgn4a,115,115,1,+,G,C,mismatch,463,707,1,FALSE
nlgn4a,149,149,1,+,A,G,mismatch,463,707,1,FALSE
nlgn4a,116,116,1,+,G,A,mismatch,464,732,1,FALSE
nlgn4a,120,120,1,+,G,C,mismatch,464,732,1,FALSE
nlgn4a,116,116,1,+,G,A,mismatch,465,716,1,FALSE
nlgn4a,116,116,1,+,G,A,mismatch,466,741,1,FALSE
nlgn4a,116,116,1,+,G,C,mismatch,467,741,1,FALSE
nlgn4a,116,116,1,+,G,C,mismatch,468,741,1,FALSE
nlgn4a,116,116,1,+,G,C,mismatch,469,716,1,FALSE
nlgn4a,118,118,1,+,T,A,mismatch,470,741,1,FALSE
nlgn4a,118,118,1,+,T,A,mismatch,471,741,1,FALSE
nlgn4a,118,118,1,+,T,A,mismatch,472,716,1,FALSE
nlgn4a,118,118,1,+,T,C,mismatch,473,741,1,FALSE
nlgn4a,118,118,1,+,T,C,mismatch,474,741,1,FALSE
nlgn4a,118,118,1,+,T,G,mismatch,475,741,1,FALSE
nlgn4a,119,119,1,+,T,A,mismatch,476,716,1,FALSE
nlgn4a,119,119,1,+,T,C,mismatch,477,741,1,FALSE
nlgn4a,119,119,1,+,T,C,mismatch,478,716,1,FALSE
nlgn4a,119,119,1,+,T,C,mismatch,479,732,1,FALSE
nlgn4a,133,133,1,+,C,T,mismatch,479,732,1,FALSE
nlgn4a,119,119,1,+,T,C,mismatch,480,716,1,FALSE
nlgn4a,119,119,1,+,T,G,mismatch,481,707,1,FALSE
nlgn4a,159,159,1,+,C,G,mismatch,481,707,1,FALSE
nlgn4a,119,119,1,+,T,G,mismatch,482,741,1,FALSE
nlgn4a,119,119,1,+,T,G,mismatch,483,741,1,FALSE
nlgn4a,119,119,1,+,T,G,mismatch,484,716,1,FALSE
nlgn4a,119,119,1,+,T,G,mismatch,485,716,1,FALSE
nlgn4a,120,120,1,+,G,A,mismatch,486,741,1,FALSE
nlgn4a,120,120,1,+,G,C,mismatch,487,741,1,FALSE
nlgn4a,120,120,1,+,G,C,mismatch,488,741,1,FALSE
nlgn4a,120,120,1,+,G,C,mismatch,489,741,1,FALSE
nlgn4a,120,120,1,+,G,C,mismatch,490,716,1,FALSE
nlgn4a,121,121,1,+,T,A,mismatch,491,716,1,FALSE
nlgn4a,121,121,1,+,T,C,mismatch,492,716,1,FALSE
nlgn4a,121,121,1,+,T,G,mismatch,493,716,1,FALSE
nlgn4a,121,121,1,+,T,G,mismatch,494,732,1,FALSE
nlgn4a,126,126,1,+,G,T,mismatch,494,732,1,FALSE
nlgn4a,122,122,1,+,G,A,mismatch,495,741,1,FALSE
nlgn4a,122,122,1,+,G,A,mismatch,496,716,1,FALSE
nlgn4a,123,123,1,+,C,A,mismatch,497,741,1,FALSE
nlgn4a,123,123,1,+,C,A,mismatch,498,741,1,FALSE
nlgn4a,123,123,1,+,C,A,mismatch,499,716,1,FALSE
nlgn4a,123,123,1,+,C,A,mismatch,500,716,1,FALSE
nlgn4a,123,123,1,+,C,A,mismatch,501,716,1,FALSE
nlgn4a,123,123,1,+,C,A,mismatch,502,716,1,FALSE
nlgn4a,124,124,1,+,T,A,mismatch,503,716,1,FALSE
nlgn4a,124,124,1,+,T,C,mismatch,504,741,1,FALSE
nlgn4a,124,124,1,+,T,C,mismatch,505,741,1,FALSE
nlgn4a,124,124,1,+,T,C,mismatch,506,741,1,FALSE
nlgn4a,124,124,1,+,T,C,mismatch,507,741,1,FALSE
nlgn4a,124,124,1,+,T,C,mismatch,508,741,1,FALSE
nlgn4a,124,124,1,+,T,C,mismatch,509,741,1,FALSE
nlgn4a,135,135,1,+,T,A,mismatch,510,716,1,FALSE
nlgn4a,124,124,1,+,T,G,mismatch,511,716,1,FALSE
nlgn4a,124,124,1,+,T,G,mismatch,512,741,1,FALSE
nlgn4a,124,124,1,+,T,G,mismatch,513,741,1,FALSE
nlgn4a,124,124,1,+,T,G,mismatch,514,741,1,FALSE
nlgn4a,124,124,1,+,T,G,mismatch,515,741,1,FALSE
nlgn4a,124,124,1,+,T,G,mismatch,516,716,1,FALSE
nlgn4a,139,139,1,+,T,C,mismatch,517,716,1,FALSE
nlgn4a,150,150,1,+,T,C,mismatch,518,716,1,FALSE
nlgn4a,151,151,1,+,G,A,mismatch,519,716,1,FALSE
nlgn4a,155,155,1,+,T,A,mismatch,520,716,1,FALSE
nlgn4a,155,155,1,+,T,G,mismatch,521,716,1,FALSE
nlgn4a,160,160,1,+,A,C,mismatch,578,716,1,FALSE
nlgn4a,151,151,1,+,G,T,mismatch,579,716,1,FALSE
nlgn4a,124,124,1,+,T,G,mismatch,580,716,1,FALSE
nlgn4a,125,125,1,+,T,A,mismatch,581,741,1,FALSE
nlgn4a,125,125,1,+,T,A,mismatch,582,741,1,FALSE
nlgn4a,125,125,1,+,T,C,mismatch,583,716,1,FALSE
nlgn4a,125,125,1,+,T,G,mismatch,584,741,1,FALSE
nlgn4a,126,126,1,+,G,C,mismatch,585,741,1,FALSE
nlgn4a,127,127,1,+,C,A,mismatch,586,741,1,FALSE
nlgn4a,127,127,1,+,C,A,mismatch,587,741,1,FALSE
nlgn4a,128,128,1,+,G,A,mismatch,588,716,1,FALSE
nlgn4a,129,129,1,+,G,A,mismatch,589,741,1,FALSE
nlgn4a,129,129,1,+,G,A,mismatch,590,741,1,FALSE
nlgn4a,129,129,1,+,G,A,mismatch,591,741,1,FALSE
nlgn4a,129,129,1,+,G,A,mismatch,592,741,1,FALSE
nlgn4a,129,129,1,+,G,C,mismatch,593,732,1,FALSE
nlgn4a,133,133,1,+,C,G,mismatch,593,732,1,FALSE
nlgn4a,130,130,1,+,C,A,mismatch,594,716,1,FALSE
nlgn4a,130,130,1,+,C,A,mismatch,595,741,1,FALSE
nlgn4a,130,130,1,+,C,A,mismatch,596,741,1,FALSE
nlgn4a,130,130,1,+,C,A,mismatch,597,741,1,FALSE
nlgn4a,131,131,1,+,T,A,mismatch,598,741,1,FALSE
nlgn4a,131,131,1,+,T,A,mismatch,599,741,1,FALSE
nlgn4a,131,131,1,+,T,G,mismatch,600,701,1,FALSE
nlgn4a,132,132,1,+,G,A,mismatch,601,741,1,FALSE
nlgn4a,132,132,1,+,G,A,mismatch,602,741,1,FALSE
nlgn4a,132,132,1,+,G,C,mismatch,603,741,1,FALSE
nlgn4a,132,132,1,+,G,C,mismatch,604,741,1,FALSE
nlgn4a,132,132,1,+,G,C,mismatch,605,741,1,FALSE
nlgn4a,140,140,1,+,G,A,mismatch,606,716,1,FALSE
nlgn4a,151,151,1,+,G,T,mismatch,637,716,1,FALSE
nlgn4a,140,140,1,+,G,T,mismatch,638,716,1,FALSE
nlgn4a,138,138,1,+,C,T,mismatch,639,716,1,FALSE
nlgn4a,133,133,1,+,C,A,mismatch,640,741,1,FALSE
nlgn4a,134,134,1,+,G,A,mismatch,641,741,1,FALSE
nlgn4a,134,134,1,+,G,A,mismatch,642,741,1,FALSE
nlgn4a,134,134,1,+,G,A,mismatch,643,741,1,FALSE
nlgn4a,134,134,1,+,G,C,mismatch,644,741,1,FALSE
nlgn4a,135,135,1,+,T,A,mismatch,645,741,1,FALSE
nlgn4a,135,135,1,+,T,A,mismatch,646,741,1,FALSE
nlgn4a,135,135,1,+,T,A,mismatch,647,741,1,FALSE
nlgn4a,135,135,1,+,T,C,mismatch,648,732,1,FALSE
nlgn4a,141,141,1,+,G,C,mismatch,648,732,1,FALSE
nlgn4a,135,135,1,+,T,G,mismatch,649,741,1,FALSE
nlgn4a,135,135,1,+,T,G,mismatch,650,741,1,FALSE
nlgn4a,135,135,1,+,T,G,mismatch,651,741,1,FALSE
nlgn4a,135,135,1,+,T,G,mismatch,652,741,1,FALSE
nlgn4a,136,136,1,+,G,A,mismatch,653,741,1,FALSE
nlgn4a,136,136,1,+,G,C,mismatch,658,732,1,FALSE
nlgn4a,146,146,1,+,T,C,mismatch,658,732,1,FALSE
nlgn4a,136,136,1,+,G,C,mismatch,659,741,1,FALSE
nlgn4a,136,136,1,+,G,C,mismatch,660,741,1,FALSE
nlgn4a,137,137,1,+,G,A,mismatch,665,741,1,FALSE
nlgn4a,137,137,1,+,G,A,mismatch,666,732,1,FALSE
nlgn4a,149,149,1,+,A,G,mismatch,666,732,1,FALSE
nlgn4a,137,137,1,+,G,C,mismatch,667,741,1,FALSE
nlgn4a,137,137,1,+,G,C,mismatch,668,741,1,FALSE
nlgn4a,138,138,1,+,C,A,mismatch,669,741,1,FALSE
nlgn4a,139,139,1,+,T,C,mismatch,670,741,1,FALSE
nlgn4a,140,140,1,+,G,A,mismatch,671,741,1,FALSE
nlgn4a,140,140,1,+,G,C,mismatch,672,741,1,FALSE
nlgn4a,140,140,1,+,G,C,mismatch,673,741,1,FALSE
nlgn4a,140,140,1,+,G,C,mismatch,674,741,1,FALSE
nlgn4a,140,140,1,+,G,C,mismatch,675,741,1,FALSE
nlgn4a,140,140,1,+,G,C,mismatch,676,741,1,FALSE
nlgn4a,141,141,1,+,G,C,mismatch,677,741,1,FALSE
nlgn4a,141,141,1,+,G,C,mismatch,678,741,1,FALSE
nlgn4a,142,142,1,+,C,A,mismatch,679,741,1,FALSE
nlgn4a,143,143,1,+,C,A,mismatch,680,741,1,FALSE
nlgn4a,143,143,1,+,C,A,mismatch,681,741,1,FALSE
nlgn4a,143,143,1,+,C,A,mismatch,682,741,1,FALSE
nlgn4a,145,145,1,+,T,A,mismatch,683,741,1,FALSE
nlgn4a,145,145,1,+,T,A,mismatch,684,741,1,FALSE
nlgn4a,145,145,1,+,T,C,mismatch,685,732,1,FALSE
nlgn4a,150,150,1,+,T,A,mismatch,685,732,1,FALSE
nlgn4a,145,145,1,+,T,C,mismatch,686,741,1,FALSE
nlgn4a,145,145,1,+,T,C,mismatch,687,741,1,FALSE
nlgn4a,145,145,1,+,T,G,mismatch,688,741,1,FALSE
nlgn4a,145,145,1,+,T,G,mismatch,689,741,1,FALSE
nlgn4a,146,146,1,+,T,A,mismatch,690,741,1,FALSE
nlgn4a,146,146,1,+,T,A,mismatch,691,741,1,FALSE
nlgn4a,146,146,1,+,T,G,mismatch,692,741,1,FALSE
nlgn4a,148,148,1,+,C,A,mismatch,693,741,1,FALSE
nlgn4a,150,150,1,+,T,C,mismatch,694,741,1,FALSE
nlgn4a,150,150,1,+,T,G,mismatch,695,741,1,FALSE
nlgn4a,150,150,1,+,T,G,mismatch,696,741,1,FALSE
nlgn4a,149,149,1,+,A,C,mismatch,1324,741,1,FALSE
nlgn4a,149,149,1,+,A,C,mismatch,1325,741,1,FALSE
nlgn4a,149,149,1,+,A,G,mismatch,1326,741,1,FALSE
nlgn4a,149,149,1,+,A,G,mismatch,1327,741,1,FALSE
nlgn4a,149,149,1,+,A,T,mismatch,1328,741,1,FALSE
nlgn4a,148,148,1,+,C,G,mismatch,1329,741,1,FALSE
nlgn4a,148,148,1,+,C,G,mismatch,1330,741,1,FALSE
nlgn4a,148,148,1,+,C,G,mismatch,1331,741,1,FALSE
nlgn4a,148,148,1,+,C,G,mismatch,1332,741,1,FALSE
nlgn4a,147,147,1,+,A,G,mismatch,1333,741,1,FALSE
nlgn4a,147,147,1,+,A,T,mismatch,1334,741,1,FALSE
nlgn4a,144,144,1,+,A,G,mismatch,1335,741,1,FALSE
nlgn4a,143,143,1,+,C,G,mismatch,1336,741,1,FALSE
nlgn4a,143,143,1,+,C,G,mismatch,1337,741,1,FALSE
nlgn4a,143,143,1,+,C,T,mismatch,1338,741,1,FALSE
nlgn4a,143,143,1,+,C,T,mismatch,1339,741,1,FALSE
nlgn4a,142,142,1,+,C,G,mismatch,1340,741,1,FALSE
nlgn4a,142,142,1,+,C,T,mismatch,1341,741,1,FALSE
nlgn4a,141,141,1,+,G,T,mismatch,1342,741,1,FALSE
nlgn4a,141,141,1,+,G,T,mismatch,1343,741,1,FALSE
nlgn4a,141,141,1,+,G,T,mismatch,1344,741,1,FALSE
nlgn4a,140,140,1,+,G,T,mismatch,1345,741,1,FALSE
nlgn4a,140,140,1,+,G,T,mismatch,1346,741,1,FALSE
nlgn4a,140,140,1,+,G,T,mismatch,1347,741,1,FALSE
nlgn4a,138,138,1,+,C,T,mismatch,1348,741,1,FALSE
nlgn4a,138,138,1,+,C,T,mismatch,1349,741,1,FALSE
nlgn4a,137,137,1,+,G,T,mismatch,1350,741,1,FALSE
nlgn4a,136,136,1,+,G,T,mismatch,1351,741,1,FALSE
nlgn4a,136,136,1,+,G,T,mismatch,1352,741,1,FALSE
nlgn4a,134,134,1,+,G,T,mismatch,1353,741,1,FALSE
nlgn4a,134,134,1,+,G,T,mismatch,1354,741,1,FALSE
nlgn4a,134,134,1,+,G,T,mismatch,1355,741,1,FALSE
nlgn4a,134,134,1,+,G,T,mismatch,1356,741,1,FALSE
nlgn4a,143,143,1,+,C,A,mismatch,1357,716,1,FALSE
nlgn4a,145,145,1,+,T,A,mismatch,1358,716,1,FALSE
nlgn4a,146,146,1,+,T,G,mismatch,1359,716,1,FALSE
nlgn4a,148,148,1,+,C,A,mismatch,1360,716,1,FALSE
nlgn4a,133,133,1,+,C,G,mismatch,1398,741,1,FALSE
nlgn4a,133,133,1,+,C,G,mismatch,1399,741,1,FALSE
nlgn4a,133,133,1,+,C,G,mismatch,1400,741,1,FALSE
nlgn4a,133,133,1,+,C,T,mismatch,1401,741,1,FALSE
nlgn4a,132,132,1,+,G,T,mismatch,1402,741,1,FALSE
nlgn4a,132,132,1,+,G,T,mismatch,1403,741,1,FALSE
nlgn4a,139,139,1,+,T,C,mismatch,1404,716,1,FALSE
nlgn4a,146,146,1,+,T,G,mismatch,1405,716,1,FALSE
nlgn4a,148,148,1,+,C,A,mismatch,1406,716,1,FALSE
nlgn4a,150,150,1,+,T,G,mismatch,1407,716,1,FALSE
nlgn4a,153,153,1,+,G,C,mismatch,1408,716,1,FALSE
nlgn4a,155,155,1,+,T,A,mismatch,1409,716,1,FALSE
nlgn4a,149,149,1,+,A,G,mismatch,1498,716,1,FALSE
nlgn4a,149,149,1,+,A,T,mismatch,1499,716,1,FALSE
nlgn4a,144,144,1,+,A,T,mismatch,1500,716,1,FALSE
nlgn4a,130,130,1,+,C,G,mismatch,1501,716,1,FALSE
nlgn4a,130,130,1,+,C,G,mismatch,1502,741,1,FALSE
nlgn4a,130,130,1,+,C,G,mismatch,1503,741,1,FALSE
nlgn4a,130,130,1,+,C,G,mismatch,1504,716,1,FALSE
nlgn4a,136,136,1,+,G,C,mismatch,1505,716,1,FALSE
nlgn4a,130,130,1,+,C,T,mismatch,1506,716,1,FALSE
nlgn4a,151,151,1,+,G,C,mismatch,1507,716,1,FALSE
nlgn4a,158,158,1,+,G,A,mismatch,1508,716,1,FALSE
nlgn4a,154,154,1,+,C,G,mismatch,1537,716,1,FALSE
nlgn4a,154,154,1,+,C,G,mismatch,1538,716,1,FALSE
nlgn4a,147,147,1,+,A,G,mismatch,1539,716,1,FALSE
nlgn4a,141,141,1,+,G,C,mismatch,1540,716,1,FALSE
nlgn4a,142,142,1,+,C,A,mismatch,1541,716,1,FALSE
nlgn4a,143,143,1,+,C,A,mismatch,1542,716,1,FALSE
nlgn4a,143,143,1,+,C,A,mismatch,1543,716,1,FALSE
nlgn4a,145,145,1,+,T,A,mismatch,1544,716,1,FALSE
nlgn4a,151,151,1,+,G,A,mismatch,1545,716,1,FALSE
nlgn4a,154,154,1,+,C,G,mismatch,1640,716,1,FALSE
nlgn4a,149,149,1,+,A,C,mismatch,1641,716,1,FALSE
nlgn4a,130,130,1,+,C,T,mismatch,1642,741,1,FALSE
nlgn4a,129,129,1,+,G,T,mismatch,1643,716,1,FALSE
nlgn4a,129,129,1,+,G,T,mismatch,1644,716,1,FALSE
nlgn4a,129,129,1,+,G,T,mismatch,1645,716,1,FALSE
nlgn4a,129,129,1,+,G,T,mismatch,1646,716,1,FALSE
nlgn4a,128,128,1,+,G,T,mismatch,1647,741,1,FALSE
nlgn4a,128,128,1,+,G,T,mismatch,1648,716,1,FALSE
nlgn4a,127,127,1,+,C,G,mismatch,1649,716,1,FALSE
nlgn4a,143,143,1,+,C,A,mismatch,1650,716,1,FALSE
nlgn4a,151,151,1,+,G,A,mismatch,1651,716,1,FALSE
nlgn4a,156,156,1,+,C,T,mismatch,1679,716,1,FALSE
nlgn4a,147,147,1,+,A,C,mismatch,1680,716,1,FALSE
nlgn4a,138,138,1,+,C,G,mismatch,1681,716,1,FALSE
nlgn4a,126,126,1,+,G,T,mismatch,1682,732,1,FALSE
nlgn4a,134,134,1,+,G,T,mismatch,1682,732,1,FALSE
nlgn4a,137,137,1,+,G,A,mismatch,1683,716,1,FALSE
nlgn4a,137,137,1,+,G,C,mismatch,1684,716,1,FALSE
nlgn4a,139,139,1,+,T,A,mismatch,1685,716,1,FALSE
nlgn4a,139,139,1,+,T,G,mismatch,1686,716,1,FALSE
nlgn4a,140,140,1,+,G,A,mismatch,1687,716,1,FALSE
nlgn4a,141,141,1,+,G,A,mismatch,1688,716,1,FALSE
nlgn4a,145,145,1,+,T,A,mismatch,1689,716,1,FALSE
nlgn4a,150,150,1,+,T,A,mismatch,1690,716,1,FALSE
nlgn4a,151,151,1,+,G,A,mismatch,1691,716,1,FALSE
nlgn4a,153,153,1,+,G,A,mismatch,1692,716,1,FALSE
nlgn4a,153,153,1,+,G,A,mismatch,1693,716,1,FALSE
nlgn4a,153,153,1,+,G,C,mismatch,1694,716,1,FALSE
nlgn4a,153,153,1,+,G,C,mismatch,1695,716,1,FALSE
nlgn4a,157,157,1,+,A,G,mismatch,1800,716,1,FALSE
nlgn4a,153,153,1,+,G,T,mismatch,1801,716,1,FALSE
nlgn4a,151,151,1,+,G,T,mismatch,1802,716,1,FALSE
nlgn4a,151,151,1,+,G,T,mismatch,1803,716,1,FALSE
nlgn4a,149,149,1,+,A,C,mismatch,1804,716,1,FALSE
nlgn4a,148,148,1,+,C,G,mismatch,1805,716,1,FALSE
nlgn4a,148,148,1,+,C,T,mismatch,1806,716,1,FALSE
nlgn4a,147,147,1,+,A,C,mismatch,1807,716,1,FALSE
nlgn4a,147,147,1,+,A,C,mismatch,1808,716,1,FALSE
nlgn4a,147,147,1,+,A,G,mismatch,1809,716,1,FALSE
nlgn4a,144,144,1,+,A,G,mismatch,1810,716,1,FALSE
nlgn4a,138,138,1,+,C,G,mismatch,1811,716,1,FALSE
nlgn4a,137,137,1,+,G,T,mismatch,1812,716,1,FALSE
nlgn4a,123,123,1,+,C,G,mismatch,1813,741,1,FALSE
nlgn4a,123,123,1,+,C,G,mismatch,1814,741,1,FALSE
nlgn4a,123,123,1,+,C,G,mismatch,1815,716,1,FALSE
nlgn4a,123,123,1,+,C,G,mismatch,1816,716,1,FALSE
nlgn4a,123,123,1,+,C,T,mismatch,1817,716,1,FALSE
nlgn4a,123,123,1,+,C,T,mismatch,1818,716,1,FALSE
nlgn4a,122,122,1,+,G,T,mismatch,1819,741,1,FALSE
nlgn4a,122,122,1,+,G,T,mismatch,1820,741,1,FALSE
nlgn4a,122,122,1,+,G,T,mismatch,1821,741,1,FALSE
nlgn4a,122,122,1,+,G,T,mismatch,1822,741,1,FALSE
nlgn4a,120,120,1,+,G,T,mismatch,1823,707,1,FALSE
nlgn4a,124,124,1,+,T,A,mismatch,1823,707,1,FALSE
nlgn4a,120,120,1,+,G,T,mismatch,1824,741,1,FALSE
nlgn4a,120,120,1,+,G,T,mismatch,1825,716,1,FALSE
nlgn4a,120,120,1,+,G,T,mismatch,1826,716,1,FALSE
nlgn4a,120,120,1,+,G,T,mismatch,1827,732,1,FALSE
nlgn4a,123,123,1,+,C,G,mismatch,1827,732,1,FALSE
nlgn4a,117,117,1,+,A,C,mismatch,1828,741,1,FALSE
nlgn4a,117,117,1,+,A,T,mismatch,1829,741,1,FALSE
nlgn4a,117,117,1,+,A,T,mismatch,1830,741,1,FALSE
nlgn4a,113,113,1,+,C,G,mismatch,1831,741,1,FALSE
nlgn4a,113,113,1,+,C,T,mismatch,1832,741,1,FALSE
nlgn4a,112,112,1,+,C,G,mismatch,1833,741,1,FALSE
nlgn4a,112,112,1,+,C,G,mismatch,1834,716,1,FALSE
nlgn4a,112,112,1,+,C,T,mismatch,1835,741,1,FALSE
nlgn4a,112,112,1,+,C,T,mismatch,1836,741,1,FALSE
nlgn4a,112,112,1,+,C,T,mismatch,1837,741,1,FALSE
nlgn4a,111,111,1,+,A,G,mismatch,1838,741,1,FALSE
nlgn4a,111,111,1,+,A,G,mismatch,1839,716,1,FALSE
nlgn4a,111,111,1,+,A,G,mismatch,1840,707,1,FALSE
nlgn4a,115,115,1,+,G,T,mismatch,1840,707,1,FALSE
nlgn4a,111,111,1,+,A,T,mismatch,1841,741,1,FALSE
nlgn4a,111,111,1,+,A,T,mismatch,1842,741,1,FALSE
nlgn4a,111,111,1,+,A,T,mismatch,1843,741,1,FALSE
nlgn4a,105,105,1,+,C,G,mismatch,1844,741,1,FALSE
nlgn4a,105,105,1,+,C,G,mismatch,1845,741,1,FALSE
nlgn4a,105,105,1,+,C,G,mismatch,1846,741,1,FALSE
nlgn4a,105,105,1,+,C,G,mismatch,1847,732,1,FALSE
nlgn4a,117,117,1,+,A,T,mismatch,1847,732,1,FALSE
nlgn4a,105,105,1,+,C,T,mismatch,1848,741,1,FALSE
nlgn4a,105,105,1,+,C,T,mismatch,1849,716,1,FALSE
nlgn4a,104,104,1,+,C,G,mismatch,1850,741,1,FALSE
nlgn4a,104,104,1,+,C,G,mismatch,1851,741,1,FALSE
nlgn4a,104,104,1,+,C,T,mismatch,1852,732,1,FALSE
nlgn4a,142,142,1,+,C,A,mismatch,1852,732,1,FALSE
nlgn4a,104,104,1,+,C,T,mismatch,1853,741,1,FALSE
nlgn4a,104,104,1,+,C,T,mismatch,1854,741,1,FALSE
nlgn4a,104,104,1,+,C,T,mismatch,1855,716,1,FALSE
nlgn4a,104,104,1,+,C,T,mismatch,1856,716,1,FALSE
nlgn4a,103,103,1,+,G,T,mismatch,1857,741,1,FALSE
nlgn4a,102,102,1,+,C,G,mismatch,1858,741,1,FALSE
nlgn4a,102,102,1,+,C,G,mismatch,1859,716,1,FALSE
nlgn4a,102,102,1,+,C,T,mismatch,1860,701,1,FALSE
nlgn4a,102,102,1,+,C,T,mismatch,1861,741,1,FALSE
nlgn4a,102,102,1,+,C,T,mismatch,1862,741,1,FALSE
nlgn4a,102,102,1,+,C,T,mismatch,1863,741,1,FALSE
nlgn4a,101,101,1,+,A,C,mismatch,1864,741,1,FALSE
nlgn4a,101,101,1,+,A,G,mismatch,1865,741,1,FALSE
nlgn4a,101,101,1,+,A,G,mismatch,1866,707,1,FALSE
nlgn4a,126,126,1,+,G,T,mismatch,1866,707,1,FALSE
nlgn4a,101,101,1,+,A,T,mismatch,1867,732,1,FALSE
nlgn4a,120,120,1,+,G,C,mismatch,1867,732,1,FALSE
nlgn4a,101,101,1,+,A,T,mismatch,1868,741,1,FALSE
nlgn4a,101,101,1,+,A,T,mismatch,1869,741,1,FALSE
nlgn4a,101,101,1,+,A,T,mismatch,1870,716,1,FALSE
nlgn4a,101,101,1,+,A,T,mismatch,1871,716,1,FALSE
nlgn4a,101,101,1,+,A,T,mismatch,1872,716,1,FALSE
nlgn4a,101,101,1,+,A,T,mismatch,1873,716,1,FALSE
nlgn4a,99,99,1,+,C,G,mismatch,1874,741,1,FALSE
nlgn4a,99,99,1,+,C,G,mismatch,1875,716,1,FALSE
nlgn4a,97,97,1,+,C,G,mismatch,1876,716,1,FALSE
nlgn4a,97,97,1,+,C,T,mismatch,1877,723,1,FALSE
nlgn4a,124,124,1,+,T,G,mismatch,1877,723,1,FALSE
nlgn4a,128,128,1,+,G,A,mismatch,1877,723,1,FALSE
nlgn4a,97,97,1,+,C,T,mismatch,1878,741,1,FALSE
nlgn4a,97,97,1,+,C,T,mismatch,1879,741,1,FALSE
nlgn4a,97,97,1,+,C,T,mismatch,1880,716,1,FALSE
nlgn4a,97,97,1,+,C,T,mismatch,1881,716,1,FALSE
nlgn4a,97,97,1,+,C,T,mismatch,1882,716,1,FALSE
nlgn4a,96,96,1,+,A,C,mismatch,1883,716,1,FALSE
nlgn4a,96,96,1,+,A,G,mismatch,1884,732,1,FALSE
nlgn4a,138,138,1,+,C,A,mismatch,1884,732,1,FALSE
nlgn4a,96,96,1,+,A,G,mismatch,1885,741,1,FALSE
nlgn4a,96,96,1,+,A,T,mismatch,1886,741,1,FALSE
nlgn4a,96,96,1,+,A,T,mismatch,1887,741,1,FALSE
nlgn4a,96,96,1,+,A,T,mismatch,1888,741,1,FALSE
nlgn4a,96,96,1,+,A,T,mismatch,1889,741,1,FALSE
nlgn4a,94,94,1,+,C,G,mismatch,1890,723,1,FALSE
nlgn4a,105,105,1,+,C,T,mismatch,1890,723,1,FALSE
nlgn4a,147,147,1,+,A,C,mismatch,1890,723,1,FALSE
nlgn4a,94,94,1,+,C,T,mismatch,1891,741,1,FALSE
nlgn4a,94,94,1,+,C,T,mismatch,1892,716,1,FALSE
nlgn4a,93,93,1,+,G,T,mismatch,1893,716,1,FALSE
nlgn4a,90,90,1,+,C,G,mismatch,1894,732,1,FALSE
nlgn4a,110,110,1,+,T,C,mismatch,1894,732,1,FALSE
nlgn4a,90,90,1,+,C,G,mismatch,1895,741,1,FALSE
nlgn4a,90,90,1,+,C,G,mismatch,1896,741,1,FALSE
nlgn4a,90,90,1,+,C,G,mismatch,1897,707,1,FALSE
nlgn4a,149,149,1,+,A,G,mismatch,1897,707,1,FALSE
nlgn4a,90,90,1,+,C,T,mismatch,1898,741,1,FALSE
nlgn4a,89,89,1,+,G,T,mismatch,1899,732,1,FALSE
nlgn4a,118,118,1,+,T,C,mismatch,1899,732,1,FALSE
nlgn4a,89,89,1,+,G,T,mismatch,1900,741,1,FALSE
nlgn4a,89,89,1,+,G,T,mismatch,1901,741,1,FALSE
nlgn4a,89,89,1,+,G,T,mismatch,1902,716,1,FALSE
nlgn4a,88,88,1,+,C,G,mismatch,1903,716,1,FALSE
nlgn4a,88,88,1,+,C,G,mismatch,1904,716,1,FALSE
nlgn4a,88,88,1,+,C,T,mismatch,1905,716,1,FALSE
nlgn4a,87,87,1,+,C,T,mismatch,1906,741,1,FALSE
nlgn4a,87,87,1,+,C,T,mismatch,1907,741,1,FALSE
nlgn4a,87,87,1,+,C,T,mismatch,1908,741,1,FALSE
nlgn4a,87,87,1,+,C,T,mismatch,1909,741,1,FALSE
nlgn4a,85,85,1,+,A,C,mismatch,1910,741,1,FALSE
nlgn4a,85,85,1,+,A,G,mismatch,1911,741,1,FALSE
nlgn4a,85,85,1,+,A,G,mismatch,1912,741,1,FALSE
nlgn4a,85,85,1,+,A,T,mismatch,1913,741,1,FALSE
nlgn4a,85,85,1,+,A,T,mismatch,1914,741,1,FALSE
nlgn4a,84,84,1,+,C,G,mismatch,1915,732,1,FALSE
nlgn4a,137,137,1,+,G,A,mismatch,1915,732,1,FALSE
nlgn4a,84,84,1,+,C,G,mismatch,1916,741,1,FALSE
nlgn4a,84,84,1,+,C,G,mismatch,1917,716,1,FALSE
nlgn4a,84,84,1,+,C,T,mismatch,1918,741,1,FALSE
nlgn4a,84,84,1,+,C,T,mismatch,1919,741,1,FALSE
nlgn4a,81,81,1,+,G,T,mismatch,1920,716,1,FALSE
nlgn4a,80,80,1,+,G,T,mismatch,1921,741,1,FALSE
nlgn4a,80,80,1,+,G,T,mismatch,1922,716,1,FALSE
nlgn4a,78,78,1,+,A,C,mismatch,1923,716,1,FALSE
nlgn4a,78,78,1,+,A,G,mismatch,1924,741,1,FALSE
nlgn4a,78,78,1,+,A,T,mismatch,1925,741,1,FALSE
nlgn4a,78,78,1,+,A,T,mismatch,1926,741,1,FALSE
nlgn4a,78,78,1,+,A,T,mismatch,1927,741,1,FALSE
nlgn4a,78,78,1,+,A,T,mismatch,1928,741,1,FALSE
nlgn4a,78,78,1,+,A,T,mismatch,1929,716,1,FALSE
nlgn4a,77,77,1,+,C,G,mismatch,1930,732,1,FALSE
nlgn4a,107,107,1,+,T,G,mismatch,1930,732,1,FALSE
nlgn4a,77,77,1,+,C,G,mismatch,1931,741,1,FALSE
nlgn4a,76,76,1,+,C,G,mismatch,1932,741,1,FALSE
nlgn4a,76,76,1,+,C,G,mismatch,1933,716,1,FALSE
nlgn4a,75,75,1,+,A,C,mismatch,1934,732,1,FALSE
nlgn4a,118,118,1,+,T,A,mismatch,1934,732,1,FALSE
nlgn4a,75,75,1,+,A,C,mismatch,1935,716,1,FALSE
nlgn4a,75,75,1,+,A,C,mismatch,1936,741,1,FALSE
nlgn4a,75,75,1,+,A,C,mismatch,1937,741,1,FALSE
nlgn4a,75,75,1,+,A,G,mismatch,1938,732,1,FALSE
nlgn4a,102,102,1,+,C,A,mismatch,1938,732,1,FALSE
nlgn4a,75,75,1,+,A,G,mismatch,1939,741,1,FALSE
nlgn4a,75,75,1,+,A,T,mismatch,1940,716,1,FALSE
nlgn4a,72,72,1,+,C,G,mismatch,1941,741,1,FALSE
nlgn4a,72,72,1,+,C,G,mismatch,1942,716,1,FALSE
nlgn4a,72,72,1,+,C,T,mismatch,1943,732,1,FALSE
nlgn4a,127,127,1,+,C,A,mismatch,1943,732,1,FALSE
nlgn4a,71,71,1,+,A,C,mismatch,1944,741,1,FALSE
nlgn4a,71,71,1,+,A,C,mismatch,1945,741,1,FALSE
nlgn4a,71,71,1,+,A,C,mismatch,1946,716,1,FALSE
nlgn4a,71,71,1,+,A,G,mismatch,1947,741,1,FALSE
nlgn4a,71,71,1,+,A,T,mismatch,1948,716,1,FALSE
nlgn4a,71,71,1,+,A,T,mismatch,1949,741,1,FALSE
nlgn4a,71,71,1,+,A,T,mismatch,1950,741,1,FALSE
nlgn4a,71,71,1,+,A,T,mismatch,1951,716,1,FALSE
nlgn4a,70,70,1,+,C,G,mismatch,1952,716,1,FALSE
nlgn4a,70,70,1,+,C,T,mismatch,1953,741,1,FALSE
nlgn4a,69,69,1,+,C,T,mismatch,1954,741,1,FALSE
nlgn4a,68,68,1,+,A,C,mismatch,1955,732,1,FALSE
nlgn4a,86,86,1,+,T,C,mismatch,1955,732,1,FALSE
nlgn4a,68,68,1,+,A,C,mismatch,1956,741,1,FALSE
nlgn4a,68,68,1,+,A,C,mismatch,1957,716,1,FALSE
nlgn4a,68,68,1,+,A,G,mismatch,1958,741,1,FALSE
nlgn4a,68,68,1,+,A,T,mismatch,1959,723,1,FALSE
nlgn4a,82,82,1,+,T,C,mismatch,1959,723,1,FALSE
nlgn4a,149,149,1,+,A,G,mismatch,1959,723,1,FALSE
nlgn4a,68,68,1,+,A,T,mismatch,1960,741,1,FALSE
nlgn4a,68,68,1,+,A,T,mismatch,1961,716,1,FALSE
nlgn4a,66,66,1,+,A,C,mismatch,1962,741,1,FALSE
nlgn4a,66,66,1,+,A,C,mismatch,1963,741,1,FALSE
nlgn4a,66,66,1,+,A,G,mismatch,1964,723,1,FALSE
nlgn4a,64,64,1,+,G,T,mismatch,1965,741,1,FALSE
nlgn4a,62,62,1,+,A,C,mismatch,1966,741,1,FALSE
nlgn4a,62,62,1,+,A,C,mismatch,1967,716,1,FALSE
nlgn4a,62,62,1,+,A,G,mismatch,1968,732,1,FALSE
nlgn4a,141,141,1,+,G,T,mismatch,1968,732,1,FALSE
nlgn4a,62,62,1,+,A,G,mismatch,1969,716,1,FALSE
nlgn4a,62,62,1,+,A,G,mismatch,1970,716,1,FALSE
nlgn4a,62,62,1,+,A,G,mismatch,1971,716,1,FALSE
nlgn4a,62,62,1,+,A,T,mismatch,1972,741,1,FALSE
nlgn4a,61,61,1,+,C,G,mismatch,1973,741,1,FALSE
nlgn4a,61,61,1,+,C,G,mismatch,1974,741,1,FALSE
nlgn4a,61,61,1,+,C,G,mismatch,1975,741,1,FALSE
nlgn4a,61,61,1,+,C,G,mismatch,1976,716,1,FALSE
nlgn4a,61,61,1,+,C,G,mismatch,1977,716,1,FALSE
nlgn4a,61,61,1,+,C,T,mismatch,1978,741,1,FALSE
nlgn4a,60,60,1,+,C,G,mismatch,1979,716,1,FALSE
nlgn4a,60,60,1,+,C,G,mismatch,1980,716,1,FALSE
nlgn4a,60,60,1,+,C,T,mismatch,1981,741,1,FALSE
nlgn4a,59,59,1,+,C,G,mismatch,1982,741,1,FALSE
nlgn4a,59,59,1,+,C,G,mismatch,1983,741,1,FALSE
nlgn4a,59,59,1,+,C,G,mismatch,1984,741,1,FALSE
nlgn4a,58,58,1,+,C,T,mismatch,1985,707,1,FALSE
nlgn4a,100,100,1,+,T,G,mismatch,1985,707,1,FALSE
nlgn4a,58,58,1,+,C,T,mismatch,1986,741,1,FALSE
nlgn4a,58,58,1,+,C,T,mismatch,1987,741,1,FALSE
nlgn4a,57,57,1,+,A,C,mismatch,1988,741,1,FALSE
nlgn4a,57,57,1,+,A,G,mismatch,1989,716,1,FALSE
nlgn4a,57,57,1,+,A,G,mismatch,1990,741,1,FALSE
nlgn4a,57,57,1,+,A,T,mismatch,1991,741,1,FALSE
nlgn4a,56,56,1,+,A,C,mismatch,1992,716,1,FALSE
nlgn4a,56,56,1,+,A,G,mismatch,1993,741,1,FALSE
nlgn4a,56,56,1,+,A,G,mismatch,1994,741,1,FALSE
nlgn4a,56,56,1,+,A,G,mismatch,1995,716,1,FALSE
nlgn4a,56,56,1,+,A,T,mismatch,1996,716,1,FALSE
nlgn4a,56,56,1,+,A,T,mismatch,1997,741,1,FALSE
nlgn4a,53,53,1,+,A,G,mismatch,1998,741,1,FALSE
nlgn4a,53,53,1,+,A,G,mismatch,1999,716,1,FALSE
nlgn4a,53,53,1,+,A,G,mismatch,2000,716,1,FALSE
nlgn4a,53,53,1,+,A,T,mismatch,2001,707,1,FALSE
nlgn4a,139,139,1,+,T,A,mismatch,2001,707,1,FALSE
nlgn4a,52,52,1,+,G,T,mismatch,2002,741,1,FALSE
nlgn4a,52,52,1,+,G,T,mismatch,2003,707,1,FALSE
nlgn4a,136,136,1,+,G,T,mismatch,2003,707,1,FALSE
nlgn4a,51,51,1,+,A,C,mismatch,2004,716,1,FALSE
nlgn4a,51,51,1,+,A,G,mismatch,2005,741,1,FALSE
nlgn4a,51,51,1,+,A,T,mismatch,2006,741,1,FALSE
nlgn4a,50,50,1,+,C,G,mismatch,2007,732,1,FALSE
nlgn4a,92,92,1,+,G,C,mismatch,2007,732,1,FALSE
nlgn4a,50,50,1,+,C,G,mismatch,2008,716,1,FALSE
nlgn4a,50,50,1,+,C,G,mismatch,2009,741,1,FALSE
nlgn4a,50,50,1,+,C,G,mismatch,2010,741,1,FALSE
nlgn4a,50,50,1,+,C,G,mismatch,2011,741,1,FALSE
nlgn4a,50,50,1,+,C,G,mismatch,2012,741,1,FALSE
nlgn4a,50,50,1,+,C,G,mismatch,2013,741,1,FALSE
nlgn4a,50,50,1,+,C,G,mismatch,2014,741,1,FALSE
nlgn4a,50,50,1,+,C,G,mismatch,2015,732,1,FALSE
nlgn4a,130,130,1,+,C,G,mismatch,2015,732,1,FALSE
nlgn4a,50,50,1,+,C,T,mismatch,2016,707,1,FALSE
nlgn4a,59,59,1,+,C,A,mismatch,2016,707,1,FALSE
nlgn4a,50,50,1,+,C,T,mismatch,2017,732,1,FALSE
nlgn4a,83,83,1,+,T,G,mismatch,2017,732,1,FALSE
nlgn4a,50,50,1,+,C,T,mismatch,2018,741,1,FALSE
nlgn4a,50,50,1,+,C,T,mismatch,2019,741,1,FALSE
nlgn4a,50,50,1,+,C,T,mismatch,2020,732,1,FALSE
nlgn4a,105,105,1,+,C,T,mismatch,2020,732,1,FALSE
nlgn4a,48,48,1,+,C,G,mismatch,2021,707,1,FALSE
nlgn4a,150,150,1,+,T,A,mismatch,2021,707,1,FALSE
nlgn4a,48,48,1,+,C,T,mismatch,2022,716,1,FALSE
nlgn4a,47,47,1,+,G,T,mismatch,2023,741,1,FALSE
nlgn4a,47,47,1,+,G,T,mismatch,2024,741,1,FALSE
nlgn4a,47,47,1,+,G,T,mismatch,2025,732,1,FALSE
nlgn4a,70,70,1,+,C,G,mismatch,2025,732,1,FALSE
nlgn4a,47,47,1,+,G,T,mismatch,2026,692,1,FALSE
nlgn4a,60,60,1,+,C,G,mismatch,2026,692,1,FALSE
nlgn4a,46,46,1,+,G,T,mismatch,2027,714,1,FALSE
nlgn4a,75,75,1,+,A,G,mismatch,2027,714,1,FALSE
nlgn4a,119,119,1,+,T,C,mismatch,2027,714,1,FALSE
nlgn4a,136,136,1,+,G,T,mismatch,2027,714,1,FALSE
nlgn4a,45,45,1,+,C,T,mismatch,2028,741,1,FALSE
nlgn4a,45,45,1,+,C,T,mismatch,2029,716,1,FALSE
nlgn4a,44,44,1,+,A,T,mismatch,2030,741,1,FALSE
nlgn4a,43,43,1,+,C,T,mismatch,2031,716,1,FALSE
nlgn4a,39,39,1,+,A,T,mismatch,2032,741,1,FALSE
nlgn4a,37,37,1,+,C,G,mismatch,2033,741,1,FALSE
nlgn4a,37,37,1,+,C,G,mismatch,2034,741,1,FALSE
nlgn4a,36,36,1,+,A,T,mismatch,2035,741,1,FALSE
nlgn4a,36,36,1,+,A,T,mismatch,2036,741,1,FALSE
nlgn4a,36,36,1,+,A,T,mismatch,2037,741,1,FALSE
nlgn4a,32,32,1,+,C,T,mismatch,2038,741,1,FALSE
nlgn4a,30,30,1,+,A,G,mismatch,2039,716,1,FALSE
nlgn4a,30,30,1,+,A,T,mismatch,2040,716,1,FALSE
nlgn4a,27,27,1,+,C,G,mismatch,2041,741,1,FALSE
nlgn4a,26,26,1,+,C,G,mismatch,2042,732,1,FALSE
nlgn4a,51,51,1,+,A,G,mismatch,2042,732,1,FALSE
nlgn4a,25,25,1,+,A,G,mismatch,2043,741,1,FALSE
nlgn4a,25,25,1,+,A,T,mismatch,2044,716,1,FALSE
nlgn4a,24,24,1,+,A,G,mismatch,2045,732,1,FALSE
nlgn4a,129,129,1,+,G,C,mismatch,2045,732,1,FALSE
nlgn4a,23,23,1,+,C,G,mismatch,2046,707,1,FALSE
nlgn4a,159,159,1,+,C,G,mismatch,2046,707,1,FALSE
nlgn4a,23,23,1,+,C,T,mismatch,2047,741,1,FALSE
nlgn4a,21,21,1,+,G,T,mismatch,2048,741,1,FALSE
nlgn4a,116,116,1,+,G,C,mismatch,2049,732,1,FALSE
nlgn4a,21,21,1,+,G,C,mismatch,2053,732,1,FALSE
nlgn4a,128,128,1,+,G,C,mismatch,2056,732,1,FALSE
nlgn4a,102,102,1,+,C,G,mismatch,2065,732,1,FALSE
nlgn4a,142,142,1,+,C,A,mismatch,2066,707,1,FALSE
nlgn4a,114,114,1,+,T,A,mismatch,2071,732,1,FALSE
nlgn4a,110,110,1,+,T,A,mismatch,2075,732,1,FALSE
nlgn4a,45,45,1,+,C,A,mismatch,2082,723,1,FALSE
nlgn4a,143,143,1,+,C,G,mismatch,2082,723,1,FALSE
nlgn4a,120,120,1,+,G,C,mismatch,1964,723,1,FALSE
nlgn4a,121,121,1,+,T,G,mismatch,1964,723,1,FALSE
nlgn4a,133,136,4,-,"",GGGG,insertion,35,705,4,FALSE
nlgn4a,136,138,3,-,"",CCT,insertion,94,710,2,FALSE
nlgn4a,136,138,3,-,"",CCT,insertion,217,701,1,FALSE
nlgn4a,136,138,3,-,"",CTT,insertion,223,710,1,FALSE
nlgn4a,136,138,3,-,"",CCT,insertion,295,692,1,FALSE
nlgn4a,219,219,1,-,"",C,insertion,304,686,1,FALSE
nlgn4a,136,138,3,-,"",CTT,insertion,307,692,1,FALSE
nlgn4a,136,138,3,-,"",CTT,insertion,308,710,1,FALSE
nlgn4a,136,138,3,-,"",CTT,insertion,387,710,1,FALSE
nlgn4a,136,138,3,-,"",CCT,insertion,459,683,1,FALSE
nlgn4a,135,137,3,-,"",ACT,insertion,600,701,1,FALSE
nlgn4a,136,138,3,-,"",CCT,insertion,654,701,1,FALSE
nlgn4a,136,138,3,-,"",CCT,insertion,655,701,1,FALSE
nlgn4a,136,138,3,-,"",CCT,insertion,656,692,1,FALSE
nlgn4a,136,138,3,-,"",CCT,insertion,657,683,1,FALSE
nlgn4a,136,138,3,-,"",CTT,insertion,661,674,1,FALSE
nlgn4a,136,138,3,-,"",CTT,insertion,662,692,1,FALSE
nlgn4a,136,138,3,-,"",CTT,insertion,663,710,1,FALSE
nlgn4a,136,138,3,-,"",CCT,insertion,664,701,1,FALSE
nlgn4a,133,136,4,-,"",GGGG,insertion,1393,687,1,FALSE
nlgn4a,133,136,4,-,"",GGGG,insertion,1394,687,1,FALSE
nlgn4a,133,136,4,-,"",GGGG,insertion,1395,696,1,FALSE
nlgn4a,133,136,4,-,"",GGGG,insertion,1396,696,1,FALSE
nlgn4a,133,136,4,-,"",GGGG,insertion,1397,696,1,FALSE
nlgn4a,136,138,3,-,"",CCT,insertion,1860,692,1,FALSE
nlgn4a,136,138,3,-,"",CTT,insertion,2026,701,1,FALSE
nlgn4a,133,136,4,-,"",GGGG,insertion,2081,696,1,FALSE
nlgn4a,126,134,9,-,"","",deletion,2,725,56,FALSE
nlgn4a,130,136,7,-,"","",deletion,3,725,45,FALSE
nlgn4a,130,134,5,-,"","",deletion,4,725,38,FALSE
nlgn4a,132,132,1,-,"","",deletion,5,725,23,FALSE
nlgn4a,130,138,9,-,"","",deletion,6,725,18,FALSE
nlgn4a,124,133,10,-,"","",deletion,7,725,15,FALSE
nlgn4a,133,136,4,-,"","",deletion,8,725,7,FALSE
nlgn4a,127,134,8,-,"","",deletion,16,725,5,FALSE
nlgn4a,126,134,9,-,"","",deletion,78,716,3,FALSE
nlgn4a,126,134,9,-,"","",deletion,79,716,3,FALSE
nlgn4a,126,134,9,-,"","",deletion,80,716,3,FALSE
nlgn4a,124,133,10,-,"","",deletion,90,716,2,FALSE
nlgn4a,132,132,1,-,"","",deletion,92,716,2,FALSE
nlgn4a,133,136,4,-,"","",deletion,186,716,2,FALSE
nlgn4a,130,136,7,-,"","",deletion,187,716,2,FALSE
nlgn4a,130,134,5,-,"","",deletion,188,716,2,FALSE
nlgn4a,126,134,9,-,"","",deletion,190,716,2,FALSE
nlgn4a,126,134,9,-,"","",deletion,191,716,2,FALSE
nlgn4a,126,134,9,-,"","",deletion,192,716,2,FALSE
nlgn4a,126,134,9,-,"","",deletion,193,716,2,FALSE
nlgn4a,126,134,9,-,"","",deletion,194,716,2,FALSE
nlgn4a,126,134,9,-,"","",deletion,195,716,2,FALSE
nlgn4a,126,134,9,-,"","",deletion,196,716,2,FALSE
nlgn4a,126,134,9,-,"","",deletion,197,716,2,FALSE
nlgn4a,126,134,9,-,"","",deletion,202,707,1,FALSE
nlgn4a,126,134,9,-,"","",deletion,204,725,1,FALSE
nlgn4a,130,138,9,-,"","",deletion,207,716,1,FALSE
nlgn4a,132,132,1,-,"","",deletion,208,707,1,FALSE
nlgn4a,126,134,9,-,"","",deletion,212,689,1,FALSE
nlgn4a,124,133,10,-,"","",deletion,214,698,1,FALSE
nlgn4a,130,136,7,-,"","",deletion,215,716,1,FALSE
nlgn4a,130,134,5,-,"","",deletion,216,725,1,FALSE
nlgn4a,124,133,10,-,"","",deletion,219,725,1,FALSE
nlgn4a,132,132,1,-,"","",deletion,222,716,1,FALSE
nlgn4a,126,134,9,-,"","",deletion,227,725,1,FALSE
nlgn4a,124,133,10,-,"","",deletion,230,716,1,FALSE
nlgn4a,130,136,7,-,"","",deletion,237,707,1,FALSE
nlgn4a,130,138,9,-,"","",deletion,238,698,1,FALSE
nlgn4a,126,134,9,-,"","",deletion,241,716,1,FALSE
nlgn4a,126,134,9,-,"","",deletion,246,689,1,FALSE
nlgn4a,126,134,9,-,"","",deletion,247,716,1,FALSE
nlgn4a,132,132,1,-,"","",deletion,256,698,1,FALSE
nlgn4a,130,134,5,-,"","",deletion,262,725,1,FALSE
nlgn4a,130,136,7,-,"","",deletion,273,680,1,FALSE
nlgn4a,130,136,7,-,"","",deletion,279,725,1,FALSE
nlgn4a,132,132,1,-,"","",deletion,283,725,1,FALSE
nlgn4a,127,134,8,-,"","",deletion,291,698,1,FALSE
nlgn4a,130,138,9,-,"","",deletion,297,716,1,FALSE
nlgn4a,130,134,5,-,"","",deletion,298,725,1,FALSE
nlgn4a,127,134,8,-,"","",deletion,299,725,1,FALSE
nlgn4a,127,134,8,-,"","",deletion,302,716,1,FALSE
nlgn4a,130,136,7,-,"","",deletion,304,686,1,FALSE
nlgn4a,130,134,5,-,"","",deletion,312,680,1,FALSE
nlgn4a,124,133,10,-,"","",deletion,313,716,1,FALSE
nlgn4a,126,134,9,-,"","",deletion,314,725,1,FALSE
nlgn4a,126,134,9,-,"","",deletion,315,698,1,FALSE
nlgn4a,130,136,7,-,"","",deletion,321,725,1,FALSE
nlgn4a,126,134,9,-,"","",deletion,322,725,1,FALSE
nlgn4a,130,138,9,-,"","",deletion,325,716,1,FALSE
nlgn4a,133,136,4,-,"","",deletion,330,707,1,FALSE
nlgn4a,130,134,5,-,"","",deletion,334,698,1,FALSE
nlgn4a,124,133,10,-,"","",deletion,335,716,1,FALSE
nlgn4a,130,134,5,-,"","",deletion,337,716,1,FALSE
nlgn4a,130,134,5,-,"","",deletion,339,698,1,FALSE
nlgn4a,130,136,7,-,"","",deletion,346,716,1,FALSE
nlgn4a,130,136,7,-,"","",deletion,347,725,1,FALSE
nlgn4a,130,138,9,-,"","",deletion,350,716,1,FALSE
nlgn4a,130,134,5,-,"","",deletion,351,716,1,FALSE
nlgn4a,130,136,7,-,"","",deletion,356,698,1,FALSE
nlgn4a,133,136,4,-,"","",deletion,357,707,1,FALSE
nlgn4a,126,134,9,-,"","",deletion,358,725,1,FALSE
nlgn4a,130,138,9,-,"","",deletion,363,725,1,FALSE
nlgn4a,126,134,9,-,"","",deletion,364,716,1,FALSE
nlgn4a,133,136,4,-,"","",deletion,366,725,1,FALSE
nlgn4a,130,136,7,-,"","",deletion,368,707,1,FALSE
nlgn4a,126,134,9,-,"","",deletion,372,716,1,FALSE
nlgn4a,130,136,7,-,"","",deletion,375,716,1,FALSE
nlgn4a,126,134,9,-,"","",deletion,381,707,1,FALSE
nlgn4a,130,134,5,-,"","",deletion,384,707,1,FALSE
nlgn4a,126,134,9,-,"","",deletion,392,707,1,FALSE
nlgn4a,130,136,7,-,"","",deletion,394,707,1,FALSE
nlgn4a,130,136,7,-,"","",deletion,397,707,1,FALSE
nlgn4a,126,134,9,-,"","",deletion,398,725,1,FALSE
nlgn4a,130,134,5,-,"","",deletion,401,716,1,FALSE
nlgn4a,130,134,5,-,"","",deletion,402,707,1,FALSE
nlgn4a,126,134,9,-,"","",deletion,407,707,1,FALSE
nlgn4a,124,133,10,-,"","",deletion,415,725,1,FALSE
nlgn4a,130,134,5,-,"","",deletion,417,698,1,FALSE
nlgn4a,130,134,5,-,"","",deletion,426,716,1,FALSE
nlgn4a,126,134,9,-,"","",deletion,427,707,1,FALSE
nlgn4a,127,134,8,-,"","",deletion,432,716,1,FALSE
nlgn4a,126,134,9,-,"","",deletion,433,716,1,FALSE
nlgn4a,126,134,9,-,"","",deletion,436,707,1,FALSE
nlgn4a,130,134,5,-,"","",deletion,437,716,1,FALSE
nlgn4a,130,134,5,-,"","",deletion,440,689,1,FALSE
nlgn4a,126,134,9,-,"","",deletion,441,716,1,FALSE
nlgn4a,124,133,10,-,"","",deletion,442,725,1,FALSE
nlgn4a,132,132,1,-,"","",deletion,446,716,1,FALSE
nlgn4a,130,138,9,-,"","",deletion,454,725,1,FALSE
nlgn4a,126,134,9,-,"","",deletion,455,716,1,FALSE
nlgn4a,124,133,10,-,"","",deletion,462,725,1,FALSE
nlgn4a,126,134,9,-,"","",deletion,463,716,1,FALSE
nlgn4a,132,132,1,-,"","",deletion,465,707,1,FALSE
nlgn4a,127,134,8,-,"","",deletion,469,725,1,FALSE
nlgn4a,130,136,7,-,"","",deletion,472,725,1,FALSE
nlgn4a,132,132,1,-,"","",deletion,476,725,1,FALSE
nlgn4a,133,136,4,-,"","",deletion,478,707,1,FALSE
nlgn4a,130,136,7,-,"","",deletion,480,725,1,FALSE
nlgn4a,124,133,10,-,"","",deletion,481,707,1,FALSE
nlgn4a,130,136,7,-,"","",deletion,484,716,1,FALSE
nlgn4a,127,134,8,-,"","",deletion,485,716,1,FALSE
nlgn4a,126,134,9,-,"","",deletion,490,707,1,FALSE
nlgn4a,133,136,4,-,"","",deletion,491,707,1,FALSE
nlgn4a,126,134,9,-,"","",deletion,492,716,1,FALSE
nlgn4a,133,136,4,-,"","",deletion,493,716,1,FALSE
nlgn4a,130,136,7,-,"","",deletion,496,725,1,FALSE
nlgn4a,130,136,7,-,"","",deletion,499,698,1,FALSE
nlgn4a,130,134,5,-,"","",deletion,500,689,1,FALSE
nlgn4a,130,134,5,-,"","",deletion,501,689,1,FALSE
nlgn4a,126,134,9,-,"","",deletion,502,682,1,FALSE
nlgn4a,218,218,1,-,"","",deletion,502,682,1,FALSE
nlgn4a,127,134,8,-,"","",deletion,503,716,1,FALSE
nlgn4a,124,133,10,-,"","",deletion,510,725,1,FALSE
nlgn4a,124,133,10,-,"","",deletion,511,698,1,FALSE
nlgn4a,130,136,7,-,"","",deletion,516,716,1,FALSE
nlgn4a,124,133,10,-,"","",deletion,517,725,1,FALSE
nlgn4a,124,133,10,-,"","",deletion,518,698,1,FALSE
nlgn4a,124,133,10,-,"","",deletion,519,707,1,FALSE
nlgn4a,124,133,10,-,"","",deletion,520,707,1,FALSE
nlgn4a,124,133,10,-,"","",deletion,521,716,1,FALSE
nlgn4a,124,133,10,-,"","",deletion,522,716,1,FALSE
nlgn4a,127,136,10,-,"","",deletion,523,689,1,FALSE
nlgn4a,124,133,10,-,"","",deletion,524,707,1,FALSE
nlgn4a,124,133,10,-,"","",deletion,525,716,1,FALSE
nlgn4a,124,133,10,-,"","",deletion,526,716,1,FALSE
nlgn4a,124,133,10,-,"","",deletion,527,707,1,FALSE
nlgn4a,124,133,10,-,"","",deletion,528,707,1,FALSE
nlgn4a,124,133,10,-,"","",deletion,529,698,1,FALSE
nlgn4a,124,133,10,-,"","",deletion,530,707,1,FALSE
nlgn4a,124,133,10,-,"","",deletion,531,698,1,FALSE
nlgn4a,124,133,10,-,"","",deletion,532,716,1,FALSE
nlgn4a,124,133,10,-,"","",deletion,533,707,1,FALSE
nlgn4a,124,133,10,-,"","",deletion,534,716,1,FALSE
nlgn4a,124,133,10,-,"","",deletion,535,698,1,FALSE
nlgn4a,124,133,10,-,"","",deletion,536,716,1,FALSE
nlgn4a,124,133,10,-,"","",deletion,537,707,1,FALSE
nlgn4a,124,133,10,-,"","",deletion,538,716,1,FALSE
nlgn4a,124,133,10,-,"","",deletion,539,716,1,FALSE
nlgn4a,124,133,10,-,"","",deletion,540,707,1,FALSE
nlgn4a,124,133,10,-,"","",deletion,541,716,1,FALSE
nlgn4a,124,133,10,-,"","",deletion,542,716,1,FALSE
nlgn4a,124,133,10,-,"","",deletion,543,716,1,FALSE
nlgn4a,124,133,10,-,"","",deletion,544,716,1,FALSE
nlgn4a,124,133,10,-,"","",deletion,545,716,1,FALSE
nlgn4a,124,133,10,-,"","",deletion,546,716,1,FALSE
nlgn4a,124,133,10,-,"","",deletion,547,707,1,FALSE
nlgn4a,124,133,10,-,"","",deletion,548,707,1,FALSE
nlgn4a,124,133,10,-,"","",deletion,549,707,1,FALSE
nlgn4a,124,133,10,-,"","",deletion,550,716,1,FALSE
nlgn4a,124,133,10,-,"","",deletion,551,707,1,FALSE
nlgn4a,124,133,10,-,"","",deletion,552,716,1,FALSE
nlgn4a,124,133,10,-,"","",deletion,553,698,1,FALSE
nlgn4a,124,133,10,-,"","",deletion,554,707,1,FALSE
nlgn4a,124,133,10,-,"","",deletion,555,716,1,FALSE
nlgn4a,124,133,10,-,"","",deletion,556,716,1,FALSE
nlgn4a,124,133,10,-,"","",deletion,557,698,1,FALSE
nlgn4a,124,133,10,-,"","",deletion,558,716,1,FALSE
nlgn4a,124,133,10,-,"","",deletion,559,707,1,FALSE
nlgn4a,124,133,10,-,"","",deletion,560,698,1,FALSE
nlgn4a,124,133,10,-,"","",deletion,561,716,1,FALSE
nlgn4a,124,133,10,-,"","",deletion,562,698,1,FALSE
nlgn4a,124,133,10,-,"","",deletion,563,707,1,FALSE
nlgn4a,124,133,10,-,"","",deletion,564,707,1,FALSE
nlgn4a,124,133,10,-,"","",deletion,565,707,1,FALSE
nlgn4a,124,133,10,-,"","",deletion,566,707,1,FALSE
nlgn4a,124,133,10,-,"","",deletion,567,707,1,FALSE
nlgn4a,124,133,10,-,"","",deletion,568,707,1,FALSE
nlgn4a,124,133,10,-,"","",deletion,569,716,1,FALSE
nlgn4a,124,133,10,-,"","",deletion,570,716,1,FALSE
nlgn4a,124,133,10,-,"","",deletion,571,707,1,FALSE
nlgn4a,124,133,10,-,"","",deletion,572,707,1,FALSE
nlgn4a,124,133,10,-,"","",deletion,573,689,1,FALSE
nlgn4a,128,137,10,-,"","",deletion,574,680,1,FALSE
nlgn4a,124,133,10,-,"","",deletion,575,707,1,FALSE
nlgn4a,124,133,10,-,"","",deletion,576,707,1,FALSE
nlgn4a,124,133,10,-,"","",deletion,577,698,1,FALSE
nlgn4a,124,133,10,-,"","",deletion,578,716,1,FALSE
nlgn4a,124,133,10,-,"","",deletion,579,716,1,FALSE
nlgn4a,127,134,8,-,"","",deletion,580,725,1,FALSE
nlgn4a,132,132,1,-,"","",deletion,583,725,1,FALSE
nlgn4a,130,138,9,-,"","",deletion,588,707,1,FALSE
nlgn4a,130,134,5,-,"","",deletion,594,716,1,FALSE
nlgn4a,132,132,1,-,"","",deletion,606,716,1,FALSE
nlgn4a,132,132,1,-,"","",deletion,607,716,1,FALSE
nlgn4a,131,131,1,-,"","",deletion,608,707,1,FALSE
nlgn4a,132,132,1,-,"","",deletion,609,716,1,FALSE
nlgn4a,132,132,1,-,"","",deletion,610,707,1,FALSE
nlgn4a,132,132,1,-,"","",deletion,611,716,1,FALSE
nlgn4a,132,132,1,-,"","",deletion,612,716,1,FALSE
nlgn4a,131,131,1,-,"","",deletion,613,707,1,FALSE
nlgn4a,132,132,1,-,"","",deletion,614,716,1,FALSE
nlgn4a,132,132,1,-,"","",deletion,615,698,1,FALSE
nlgn4a,132,132,1,-,"","",deletion,616,716,1,FALSE
nlgn4a,132,132,1,-,"","",deletion,617,707,1,FALSE
nlgn4a,132,132,1,-,"","",deletion,618,716,1,FALSE
nlgn4a,132,132,1,-,"","",deletion,619,716,1,FALSE
nlgn4a,132,132,1,-,"","",deletion,620,716,1,FALSE
nlgn4a,132,132,1,-,"","",deletion,621,716,1,FALSE
nlgn4a,132,132,1,-,"","",deletion,622,716,1,FALSE
nlgn4a,132,132,1,-,"","",deletion,623,707,1,FALSE
nlgn4a,132,132,1,-,"","",deletion,624,716,1,FALSE
nlgn4a,132,132,1,-,"","",deletion,625,716,1,FALSE
nlgn4a,132,132,1,-,"","",deletion,626,698,1,FALSE
nlgn4a,132,132,1,-,"","",deletion,627,716,1,FALSE
nlgn4a,132,132,1,-,"","",deletion,628,707,1,FALSE
nlgn4a,132,132,1,-,"","",deletion,629,716,1,FALSE
nlgn4a,132,132,1,-,"","",deletion,630,716,1,FALSE
nlgn4a,132,132,1,-,"","",deletion,631,707,1,FALSE
nlgn4a,132,132,1,-,"","",deletion,632,707,1,FALSE
nlgn4a,132,132,1,-,"","",deletion,633,698,1,FALSE
nlgn4a,132,132,1,-,"","",deletion,634,698,1,FALSE
nlgn4a,132,132,1,-,"","",deletion,635,707,1,FALSE
nlgn4a,132,132,1,-,"","",deletion,636,689,1,FALSE
nlgn4a,132,132,1,-,"","",deletion,637,716,1,FALSE
nlgn4a,132,132,1,-,"","",deletion,638,716,1,FALSE
nlgn4a,132,132,1,-,"","",deletion,639,689,1,FALSE
nlgn4a,187,187,1,-,"","",deletion,837,698,1,FALSE
nlgn4a,133,136,4,-,"","",deletion,1357,716,1,FALSE
nlgn4a,133,136,4,-,"","",deletion,1358,725,1,FALSE
nlgn4a,133,136,4,-,"","",deletion,1359,725,1,FALSE
nlgn4a,133,136,4,-,"","",deletion,1360,707,1,FALSE
nlgn4a,133,136,4,-,"","",deletion,1361,707,1,FALSE
nlgn4a,133,136,4,-,"","",deletion,1362,716,1,FALSE
nlgn4a,133,136,4,-,"","",deletion,1363,716,1,FALSE
nlgn4a,133,136,4,-,"","",deletion,1364,707,1,FALSE
nlgn4a,133,136,4,-,"","",deletion,1365,707,1,FALSE
nlgn4a,133,136,4,-,"","",deletion,1366,716,1,FALSE
nlgn4a,133,136,4,-,"","",deletion,1367,716,1,FALSE
nlgn4a,133,136,4,-,"","",deletion,1368,716,1,FALSE
nlgn4a,130,133,4,-,"","",deletion,1369,707,1,FALSE
nlgn4a,133,136,4,-,"","",deletion,1370,707,1,FALSE
nlgn4a,133,136,4,-,"","",deletion,1371,698,1,FALSE
nlgn4a,133,136,4,-,"","",deletion,1372,716,1,FALSE
nlgn4a,133,136,4,-,"","",deletion,1373,716,1,FALSE
nlgn4a,133,136,4,-,"","",deletion,1374,716,1,FALSE
nlgn4a,133,136,4,-,"","",deletion,1375,716,1,FALSE
nlgn4a,133,136,4,-,"","",deletion,1376,716,1,FALSE
nlgn4a,133,136,4,-,"","",deletion,1377,716,1,FALSE
nlgn4a,133,136,4,-,"","",deletion,1378,716,1,FALSE
nlgn4a,133,136,4,-,"","",deletion,1379,716,1,FALSE
nlgn4a,133,136,4,-,"","",deletion,1380,707,1,FALSE
nlgn4a,133,136,4,-,"","",deletion,1381,707,1,FALSE
nlgn4a,133,136,4,-,"","",deletion,1382,716,1,FALSE
nlgn4a,133,136,4,-,"","",deletion,1383,716,1,FALSE
nlgn4a,133,136,4,-,"","",deletion,1384,716,1,FALSE
nlgn4a,133,136,4,-,"","",deletion,1385,716,1,FALSE
nlgn4a,133,136,4,-,"","",deletion,1386,707,1,FALSE
nlgn4a,133,136,4,-,"","",deletion,1387,716,1,FALSE
nlgn4a,133,136,4,-,"","",deletion,1388,716,1,FALSE
nlgn4a,133,136,4,-,"","",deletion,1389,716,1,FALSE
nlgn4a,133,136,4,-,"","",deletion,1390,716,1,FALSE
nlgn4a,133,136,4,-,"","",deletion,1391,707,1,FALSE
nlgn4a,133,136,4,-,"","",deletion,1392,716,1,FALSE
nlgn4a,130,136,7,-,"","",deletion,1404,707,1,FALSE
nlgn4a,130,136,7,-,"","",deletion,1405,707,1,FALSE
nlgn4a,130,136,7,-,"","",deletion,1406,698,1,FALSE
nlgn4a,130,136,7,-,"","",deletion,1407,725,1,FALSE
nlgn4a,130,136,7,-,"","",deletion,1408,725,1,FALSE
nlgn4a,130,136,7,-,"","",deletion,1409,725,1,FALSE
nlgn4a,130,136,7,-,"","",deletion,1410,716,1,FALSE
nlgn4a,130,136,7,-,"","",deletion,1411,707,1,FALSE
nlgn4a,130,136,7,-,"","",deletion,1412,698,1,FALSE
nlgn4a,130,136,7,-,"","",deletion,1413,698,1,FALSE
nlgn4a,130,136,7,-,"","",deletion,1414,707,1,FALSE
nlgn4a,130,136,7,-,"","",deletion,1415,707,1,FALSE
nlgn4a,130,136,7,-,"","",deletion,1416,707,1,FALSE
nlgn4a,130,136,7,-,"","",deletion,1417,698,1,FALSE
nlgn4a,130,136,7,-,"","",deletion,1418,698,1,FALSE
nlgn4a,130,136,7,-,"","",deletion,1419,698,1,FALSE
nlgn4a,130,136,7,-,"","",deletion,1420,707,1,FALSE
nlgn4a,130,136,7,-,"","",deletion,1421,707,1,FALSE
nlgn4a,130,136,7,-,"","",deletion,1422,698,1,FALSE
nlgn4a,130,136,7,-,"","",deletion,1423,707,1,FALSE
nlgn4a,130,136,7,-,"","",deletion,1424,716,1,FALSE
nlgn4a,130,136,7,-,"","",deletion,1425,707,1,FALSE
nlgn4a,130,136,7,-,"","",deletion,1426,716,1,FALSE
nlgn4a,130,136,7,-,"","",deletion,1427,707,1,FALSE
nlgn4a,130,136,7,-,"","",deletion,1428,707,1,FALSE
nlgn4a,130,136,7,-,"","",deletion,1429,707,1,FALSE
nlgn4a,130,136,7,-,"","",deletion,1430,716,1,FALSE
nlgn4a,130,136,7,-,"","",deletion,1431,716,1,FALSE
nlgn4a,130,136,7,-,"","",deletion,1432,707,1,FALSE
nlgn4a,130,136,7,-,"","",deletion,1433,716,1,FALSE
nlgn4a,130,136,7,-,"","",deletion,1434,707,1,FALSE
nlgn4a,130,136,7,-,"","",deletion,1435,716,1,FALSE
nlgn4a,130,136,7,-,"","",deletion,1436,716,1,FALSE
nlgn4a,130,136,7,-,"","",deletion,1437,707,1,FALSE
nlgn4a,130,136,7,-,"","",deletion,1438,698,1,FALSE
nlgn4a,130,136,7,-,"","",deletion,1439,707,1,FALSE
nlgn4a,130,136,7,-,"","",deletion,1440,716,1,FALSE
nlgn4a,130,136,7,-,"","",deletion,1441,716,1,FALSE
nlgn4a,130,136,7,-,"","",deletion,1442,698,1,FALSE
nlgn4a,132,138,7,-,"","",deletion,1443,716,1,FALSE
nlgn4a,130,136,7,-,"","",deletion,1444,707,1,FALSE
nlgn4a,130,136,7,-,"","",deletion,1445,716,1,FALSE
nlgn4a,130,136,7,-,"","",deletion,1446,716,1,FALSE
nlgn4a,130,136,7,-,"","",deletion,1447,707,1,FALSE
nlgn4a,130,136,7,-,"","",deletion,1448,716,1,FALSE
nlgn4a,130,136,7,-,"","",deletion,1449,716,1,FALSE
nlgn4a,130,136,7,-,"","",deletion,1450,716,1,FALSE
nlgn4a,130,136,7,-,"","",deletion,1451,716,1,FALSE
nlgn4a,130,136,7,-,"","",deletion,1452,716,1,FALSE
nlgn4a,130,136,7,-,"","",deletion,1453,716,1,FALSE
nlgn4a,130,136,7,-,"","",deletion,1454,716,1,FALSE
nlgn4a,130,136,7,-,"","",deletion,1455,716,1,FALSE
nlgn4a,130,136,7,-,"","",deletion,1456,707,1,FALSE
nlgn4a,130,136,7,-,"","",deletion,1457,716,1,FALSE
nlgn4a,130,136,7,-,"","",deletion,1458,716,1,FALSE
nlgn4a,130,136,7,-,"","",deletion,1459,716,1,FALSE
nlgn4a,130,136,7,-,"","",deletion,1460,716,1,FALSE
nlgn4a,130,136,7,-,"","",deletion,1461,707,1,FALSE
nlgn4a,130,136,7,-,"","",deletion,1462,716,1,FALSE
nlgn4a,130,136,7,-,"","",deletion,1463,716,1,FALSE
nlgn4a,130,136,7,-,"","",deletion,1464,716,1,FALSE
nlgn4a,130,136,7,-,"","",deletion,1465,707,1,FALSE
nlgn4a,130,136,7,-,"","",deletion,1466,716,1,FALSE
nlgn4a,130,136,7,-,"","",deletion,1467,716,1,FALSE
nlgn4a,130,136,7,-,"","",deletion,1468,716,1,FALSE
nlgn4a,130,136,7,-,"","",deletion,1469,716,1,FALSE
nlgn4a,130,136,7,-,"","",deletion,1470,707,1,FALSE
nlgn4a,130,136,7,-,"","",deletion,1471,698,1,FALSE
nlgn4a,130,136,7,-,"","",deletion,1472,716,1,FALSE
nlgn4a,130,136,7,-,"","",deletion,1473,707,1,FALSE
nlgn4a,130,136,7,-,"","",deletion,1474,716,1,FALSE
nlgn4a,130,136,7,-,"","",deletion,1475,707,1,FALSE
nlgn4a,130,136,7,-,"","",deletion,1476,707,1,FALSE
nlgn4a,130,136,7,-,"","",deletion,1477,716,1,FALSE
nlgn4a,130,136,7,-,"","",deletion,1478,707,1,FALSE
nlgn4a,130,136,7,-,"","",deletion,1479,698,1,FALSE
nlgn4a,130,136,7,-,"","",deletion,1480,707,1,FALSE
nlgn4a,130,136,7,-,"","",deletion,1481,707,1,FALSE
nlgn4a,130,136,7,-,"","",deletion,1482,716,1,FALSE
nlgn4a,130,136,7,-,"","",deletion,1483,698,1,FALSE
nlgn4a,130,136,7,-,"","",deletion,1484,716,1,FALSE
nlgn4a,130,136,7,-,"","",deletion,1485,716,1,FALSE
nlgn4a,130,136,7,-,"","",deletion,1486,707,1,FALSE
nlgn4a,130,136,7,-,"","",deletion,1487,716,1,FALSE
nlgn4a,130,136,7,-,"","",deletion,1488,716,1,FALSE
nlgn4a,130,136,7,-,"","",deletion,1489,707,1,FALSE
nlgn4a,130,136,7,-,"","",deletion,1490,716,1,FALSE
nlgn4a,130,136,7,-,"","",deletion,1491,707,1,FALSE
nlgn4a,130,136,7,-,"","",deletion,1492,716,1,FALSE
nlgn4a,130,136,7,-,"","",deletion,1493,716,1,FALSE
nlgn4a,130,136,7,-,"","",deletion,1494,707,1,FALSE
nlgn4a,130,136,7,-,"","",deletion,1495,707,1,FALSE
nlgn4a,130,136,7,-,"","",deletion,1496,707,1,FALSE
nlgn4a,130,136,7,-,"","",deletion,1497,680,1,FALSE
nlgn4a,130,136,7,-,"","",deletion,1498,725,1,FALSE
nlgn4a,130,136,7,-,"","",deletion,1499,698,1,FALSE
nlgn4a,130,136,7,-,"","",deletion,1500,725,1,FALSE
nlgn4a,130,138,9,-,"","",deletion,1501,716,1,FALSE
nlgn4a,130,136,7,-,"","",deletion,1504,725,1,FALSE
nlgn4a,130,134,5,-,"","",deletion,1505,707,1,FALSE
nlgn4a,130,136,7,-,"","",deletion,1506,689,1,FALSE
nlgn4a,130,138,9,-,"","",deletion,1507,716,1,FALSE
nlgn4a,130,138,9,-,"","",deletion,1508,707,1,FALSE
nlgn4a,130,138,9,-,"","",deletion,1509,698,1,FALSE
nlgn4a,130,138,9,-,"","",deletion,1510,707,1,FALSE
nlgn4a,130,138,9,-,"","",deletion,1511,707,1,FALSE
nlgn4a,130,138,9,-,"","",deletion,1512,716,1,FALSE
nlgn4a,130,138,9,-,"","",deletion,1513,716,1,FALSE
nlgn4a,130,138,9,-,"","",deletion,1514,716,1,FALSE
nlgn4a,130,138,9,-,"","",deletion,1515,716,1,FALSE
nlgn4a,130,138,9,-,"","",deletion,1516,716,1,FALSE
nlgn4a,130,138,9,-,"","",deletion,1517,707,1,FALSE
nlgn4a,130,138,9,-,"","",deletion,1518,716,1,FALSE
nlgn4a,130,138,9,-,"","",deletion,1519,707,1,FALSE
nlgn4a,130,138,9,-,"","",deletion,1520,716,1,FALSE
nlgn4a,130,138,9,-,"","",deletion,1521,707,1,FALSE
nlgn4a,130,138,9,-,"","",deletion,1522,707,1,FALSE
nlgn4a,130,138,9,-,"","",deletion,1523,716,1,FALSE
nlgn4a,130,138,9,-,"","",deletion,1524,707,1,FALSE
nlgn4a,130,138,9,-,"","",deletion,1525,716,1,FALSE
nlgn4a,130,138,9,-,"","",deletion,1526,716,1,FALSE
nlgn4a,130,138,9,-,"","",deletion,1527,716,1,FALSE
nlgn4a,130,138,9,-,"","",deletion,1528,716,1,FALSE
nlgn4a,130,138,9,-,"","",deletion,1529,698,1,FALSE
nlgn4a,130,138,9,-,"","",deletion,1530,707,1,FALSE
nlgn4a,130,138,9,-,"","",deletion,1531,716,1,FALSE
nlgn4a,130,138,9,-,"","",deletion,1532,698,1,FALSE
nlgn4a,130,138,9,-,"","",deletion,1533,716,1,FALSE
nlgn4a,130,138,9,-,"","",deletion,1534,716,1,FALSE
nlgn4a,130,138,9,-,"","",deletion,1535,707,1,FALSE
nlgn4a,130,138,9,-,"","",deletion,1536,680,1,FALSE
nlgn4a,130,138,9,-,"","",deletion,1537,725,1,FALSE
nlgn4a,130,138,9,-,"","",deletion,1538,716,1,FALSE
nlgn4a,130,138,9,-,"","",deletion,1539,707,1,FALSE
nlgn4a,130,134,5,-,"","",deletion,1540,716,1,FALSE
nlgn4a,130,134,5,-,"","",deletion,1541,725,1,FALSE
nlgn4a,130,134,5,-,"","",deletion,1542,707,1,FALSE
nlgn4a,130,134,5,-,"","",deletion,1543,707,1,FALSE
nlgn4a,130,134,5,-,"","",deletion,1544,716,1,FALSE
nlgn4a,130,134,5,-,"","",deletion,1545,725,1,FALSE
nlgn4a,130,134,5,-,"","",deletion,1546,698,1,FALSE
nlgn4a,130,134,5,-,"","",deletion,1547,716,1,FALSE
nlgn4a,130,134,5,-,"","",deletion,1548,698,1,FALSE
nlgn4a,130,134,5,-,"","",deletion,1549,716,1,FALSE
nlgn4a,130,134,5,-,"","",deletion,1550,698,1,FALSE
nlgn4a,130,134,5,-,"","",deletion,1551,707,1,FALSE
nlgn4a,130,134,5,-,"","",deletion,1552,698,1,FALSE
nlgn4a,130,134,5,-,"","",deletion,1553,698,1,FALSE
nlgn4a,130,134,5,-,"","",deletion,1554,716,1,FALSE
nlgn4a,128,132,5,-,"","",deletion,1555,689,1,FALSE
nlgn4a,130,134,5,-,"","",deletion,1556,716,1,FALSE
nlgn4a,130,134,5,-,"","",deletion,1557,707,1,FALSE
nlgn4a,130,134,5,-,"","",deletion,1558,707,1,FALSE
nlgn4a,130,134,5,-,"","",deletion,1559,716,1,FALSE
nlgn4a,130,134,5,-,"","",deletion,1560,716,1,FALSE
nlgn4a,130,134,5,-,"","",deletion,1561,707,1,FALSE
nlgn4a,130,134,5,-,"","",deletion,1562,698,1,FALSE
nlgn4a,130,134,5,-,"","",deletion,1563,707,1,FALSE
nlgn4a,130,134,5,-,"","",deletion,1564,716,1,FALSE
nlgn4a,130,134,5,-,"","",deletion,1565,707,1,FALSE
nlgn4a,130,134,5,-,"","",deletion,1566,707,1,FALSE
nlgn4a,130,134,5,-,"","",deletion,1567,707,1,FALSE
nlgn4a,130,134,5,-,"","",deletion,1568,707,1,FALSE
nlgn4a,130,134,5,-,"","",deletion,1569,707,1,FALSE
nlgn4a,130,134,5,-,"","",deletion,1570,707,1,FALSE
nlgn4a,130,134,5,-,"","",deletion,1571,707,1,FALSE
nlgn4a,130,134,5,-,"","",deletion,1572,707,1,FALSE
nlgn4a,130,134,5,-,"","",deletion,1573,716,1,FALSE
nlgn4a,130,134,5,-,"","",deletion,1574,707,1,FALSE
nlgn4a,130,134,5,-,"","",deletion,1575,707,1,FALSE
nlgn4a,128,132,5,-,"","",deletion,1576,707,1,FALSE
nlgn4a,130,134,5,-,"","",deletion,1577,707,1,FALSE
nlgn4a,130,134,5,-,"","",deletion,1578,707,1,FALSE
nlgn4a,130,134,5,-,"","",deletion,1579,716,1,FALSE
nlgn4a,130,134,5,-,"","",deletion,1580,707,1,FALSE
nlgn4a,130,134,5,-,"","",deletion,1581,707,1,FALSE
nlgn4a,130,134,5,-,"","",deletion,1582,716,1,FALSE
nlgn4a,130,134,5,-,"","",deletion,1583,707,1,FALSE
nlgn4a,130,134,5,-,"","",deletion,1584,707,1,FALSE
nlgn4a,130,134,5,-,"","",deletion,1585,716,1,FALSE
nlgn4a,130,134,5,-,"","",deletion,1586,716,1,FALSE
nlgn4a,130,134,5,-,"","",deletion,1587,716,1,FALSE
nlgn4a,130,134,5,-,"","",deletion,1588,716,1,FALSE
nlgn4a,130,134,5,-,"","",deletion,1589,716,1,FALSE
nlgn4a,130,134,5,-,"","",deletion,1590,716,1,FALSE
nlgn4a,130,134,5,-,"","",deletion,1591,716,1,FALSE
nlgn4a,130,134,5,-,"","",deletion,1592,716,1,FALSE
nlgn4a,130,134,5,-,"","",deletion,1593,716,1,FALSE
nlgn4a,130,134,5,-,"","",deletion,1594,707,1,FALSE
nlgn4a,130,134,5,-,"","",deletion,1595,716,1,FALSE
nlgn4a,130,134,5,-,"","",deletion,1596,716,1,FALSE
nlgn4a,130,134,5,-,"","",deletion,1597,716,1,FALSE
nlgn4a,130,134,5,-,"","",deletion,1598,707,1,FALSE
nlgn4a,130,134,5,-,"","",deletion,1599,716,1,FALSE
nlgn4a,130,134,5,-,"","",deletion,1600,707,1,FALSE
nlgn4a,130,134,5,-,"","",deletion,1601,716,1,FALSE
nlgn4a,130,134,5,-,"","",deletion,1602,716,1,FALSE
nlgn4a,130,134,5,-,"","",deletion,1603,716,1,FALSE
nlgn4a,130,134,5,-,"","",deletion,1604,716,1,FALSE
nlgn4a,130,134,5,-,"","",deletion,1605,716,1,FALSE
nlgn4a,130,134,5,-,"","",deletion,1606,716,1,FALSE
nlgn4a,130,134,5,-,"","",deletion,1607,707,1,FALSE
nlgn4a,130,134,5,-,"","",deletion,1608,716,1,FALSE
nlgn4a,130,134,5,-,"","",deletion,1609,707,1,FALSE
nlgn4a,130,134,5,-,"","",deletion,1610,707,1,FALSE
nlgn4a,130,134,5,-,"","",deletion,1611,698,1,FALSE
nlgn4a,130,134,5,-,"","",deletion,1612,689,1,FALSE
nlgn4a,130,134,5,-,"","",deletion,1613,698,1,FALSE
nlgn4a,130,134,5,-,"","",deletion,1614,716,1,FALSE
nlgn4a,128,132,5,-,"","",deletion,1615,716,1,FALSE
nlgn4a,130,134,5,-,"","",deletion,1616,716,1,FALSE
nlgn4a,130,134,5,-,"","",deletion,1617,716,1,FALSE
nlgn4a,130,134,5,-,"","",deletion,1618,716,1,FALSE
nlgn4a,130,134,5,-,"","",deletion,1619,716,1,FALSE
nlgn4a,130,134,5,-,"","",deletion,1620,698,1,FALSE
nlgn4a,130,134,5,-,"","",deletion,1621,716,1,FALSE
nlgn4a,130,134,5,-,"","",deletion,1622,707,1,FALSE
nlgn4a,130,134,5,-,"","",deletion,1623,716,1,FALSE
nlgn4a,130,134,5,-,"","",deletion,1624,716,1,FALSE
nlgn4a,130,134,5,-,"","",deletion,1625,716,1,FALSE
nlgn4a,130,134,5,-,"","",deletion,1626,707,1,FALSE
nlgn4a,130,134,5,-,"","",deletion,1627,707,1,FALSE
nlgn4a,130,134,5,-,"","",deletion,1628,707,1,FALSE
nlgn4a,130,134,5,-,"","",deletion,1629,716,1,FALSE
nlgn4a,130,134,5,-,"","",deletion,1630,698,1,FALSE
nlgn4a,130,134,5,-,"","",deletion,1631,698,1,FALSE
nlgn4a,130,134,5,-,"","",deletion,1632,716,1,FALSE
nlgn4a,130,134,5,-,"","",deletion,1633,707,1,FALSE
nlgn4a,130,134,5,-,"","",deletion,1634,698,1,FALSE
nlgn4a,130,134,5,-,"","",deletion,1635,707,1,FALSE
nlgn4a,130,134,5,-,"","",deletion,1636,716,1,FALSE
nlgn4a,130,134,5,-,"","",deletion,1637,707,1,FALSE
nlgn4a,130,134,5,-,"","",deletion,1638,716,1,FALSE
nlgn4a,130,134,5,-,"","",deletion,1639,716,1,FALSE
nlgn4a,130,134,5,-,"","",deletion,1640,707,1,FALSE
nlgn4a,130,134,5,-,"","",deletion,1641,698,1,FALSE
nlgn4a,130,136,7,-,"","",deletion,1643,707,1,FALSE
nlgn4a,130,136,7,-,"","",deletion,1644,725,1,FALSE
nlgn4a,130,138,9,-,"","",deletion,1645,707,1,FALSE
nlgn4a,134,138,5,-,"","",deletion,1646,707,1,FALSE
nlgn4a,130,138,9,-,"","",deletion,1648,707,1,FALSE
nlgn4a,127,134,8,-,"","",deletion,1649,707,1,FALSE
nlgn4a,127,134,8,-,"","",deletion,1650,698,1,FALSE
nlgn4a,127,134,8,-,"","",deletion,1651,689,1,FALSE
nlgn4a,127,134,8,-,"","",deletion,1652,698,1,FALSE
nlgn4a,127,134,8,-,"","",deletion,1653,707,1,FALSE
nlgn4a,127,134,8,-,"","",deletion,1654,716,1,FALSE
nlgn4a,127,134,8,-,"","",deletion,1655,716,1,FALSE
nlgn4a,127,134,8,-,"","",deletion,1656,716,1,FALSE
nlgn4a,127,134,8,-,"","",deletion,1657,716,1,FALSE
nlgn4a,127,134,8,-,"","",deletion,1658,707,1,FALSE
nlgn4a,127,134,8,-,"","",deletion,1659,716,1,FALSE
nlgn4a,127,134,8,-,"","",deletion,1660,716,1,FALSE
nlgn4a,127,134,8,-,"","",deletion,1661,716,1,FALSE
nlgn4a,127,134,8,-,"","",deletion,1662,716,1,FALSE
nlgn4a,127,134,8,-,"","",deletion,1663,716,1,FALSE
nlgn4a,127,134,8,-,"","",deletion,1664,716,1,FALSE
nlgn4a,127,134,8,-,"","",deletion,1665,716,1,FALSE
nlgn4a,127,134,8,-,"","",deletion,1666,716,1,FALSE
nlgn4a,127,134,8,-,"","",deletion,1667,716,1,FALSE
nlgn4a,127,134,8,-,"","",deletion,1668,698,1,FALSE
nlgn4a,127,134,8,-,"","",deletion,1669,716,1,FALSE
nlgn4a,127,134,8,-,"","",deletion,1670,707,1,FALSE
nlgn4a,127,134,8,-,"","",deletion,1671,716,1,FALSE
nlgn4a,127,134,8,-,"","",deletion,1672,707,1,FALSE
nlgn4a,127,134,8,-,"","",deletion,1673,716,1,FALSE
nlgn4a,127,134,8,-,"","",deletion,1674,698,1,FALSE
nlgn4a,127,134,8,-,"","",deletion,1675,707,1,FALSE
nlgn4a,127,134,8,-,"","",deletion,1676,716,1,FALSE
nlgn4a,133,140,8,-,"","",deletion,1677,707,1,FALSE
nlgn4a,127,134,8,-,"","",deletion,1678,698,1,FALSE
nlgn4a,127,134,8,-,"","",deletion,1679,716,1,FALSE
nlgn4a,127,134,8,-,"","",deletion,1680,707,1,FALSE
nlgn4a,127,134,8,-,"","",deletion,1681,725,1,FALSE
nlgn4a,126,134,9,-,"","",deletion,1683,707,1,FALSE
nlgn4a,126,134,9,-,"","",deletion,1684,725,1,FALSE
nlgn4a,126,134,9,-,"","",deletion,1685,725,1,FALSE
nlgn4a,126,134,9,-,"","",deletion,1686,716,1,FALSE
nlgn4a,126,134,9,-,"","",deletion,1687,716,1,FALSE
nlgn4a,126,134,9,-,"","",deletion,1688,716,1,FALSE
nlgn4a,126,134,9,-,"","",deletion,1689,707,1,FALSE
nlgn4a,126,134,9,-,"","",deletion,1690,707,1,FALSE
nlgn4a,126,134,9,-,"","",deletion,1691,698,1,FALSE
nlgn4a,126,134,9,-,"","",deletion,1692,725,1,FALSE
nlgn4a,126,134,9,-,"","",deletion,1693,716,1,FALSE
nlgn4a,126,134,9,-,"","",deletion,1694,716,1,FALSE
nlgn4a,126,134,9,-,"","",deletion,1695,716,1,FALSE
nlgn4a,126,134,9,-,"","",deletion,1696,716,1,FALSE
nlgn4a,126,134,9,-,"","",deletion,1697,716,1,FALSE
nlgn4a,126,134,9,-,"","",deletion,1698,707,1,FALSE
nlgn4a,126,134,9,-,"","",deletion,1699,716,1,FALSE
nlgn4a,126,134,9,-,"","",deletion,1700,707,1,FALSE
nlgn4a,126,134,9,-,"","",deletion,1701,716,1,FALSE
nlgn4a,126,134,9,-,"","",deletion,1702,716,1,FALSE
nlgn4a,126,134,9,-,"","",deletion,1703,716,1,FALSE
nlgn4a,126,134,9,-,"","",deletion,1704,707,1,FALSE
nlgn4a,126,134,9,-,"","",deletion,1705,707,1,FALSE
nlgn4a,126,134,9,-,"","",deletion,1706,716,1,FALSE
nlgn4a,126,134,9,-,"","",deletion,1707,716,1,FALSE
nlgn4a,126,134,9,-,"","",deletion,1708,698,1,FALSE
nlgn4a,126,134,9,-,"","",deletion,1709,716,1,FALSE
nlgn4a,126,134,9,-,"","",deletion,1710,707,1,FALSE
nlgn4a,126,134,9,-,"","",deletion,1711,689,1,FALSE
nlgn4a,126,134,9,-,"","",deletion,1712,716,1,FALSE
nlgn4a,126,134,9,-,"","",deletion,1713,707,1,FALSE
nlgn4a,126,134,9,-,"","",deletion,1714,716,1,FALSE
nlgn4a,126,134,9,-,"","",deletion,1715,707,1,FALSE
nlgn4a,126,134,9,-,"","",deletion,1716,689,1,FALSE
nlgn4a,126,134,9,-,"","",deletion,1717,716,1,FALSE
nlgn4a,126,134,9,-,"","",deletion,1718,707,1,FALSE
nlgn4a,126,134,9,-,"","",deletion,1719,716,1,FALSE
nlgn4a,127,135,9,-,"","",deletion,1720,707,1,FALSE
nlgn4a,126,134,9,-,"","",deletion,1721,716,1,FALSE
nlgn4a,126,134,9,-,"","",deletion,1722,716,1,FALSE
nlgn4a,126,134,9,-,"","",deletion,1723,698,1,FALSE
nlgn4a,126,134,9,-,"","",deletion,1724,716,1,FALSE
nlgn4a,126,134,9,-,"","",deletion,1725,707,1,FALSE
nlgn4a,126,134,9,-,"","",deletion,1726,707,1,FALSE
nlgn4a,126,134,9,-,"","",deletion,1727,716,1,FALSE
nlgn4a,126,134,9,-,"","",deletion,1728,716,1,FALSE
nlgn4a,126,134,9,-,"","",deletion,1729,707,1,FALSE
nlgn4a,126,134,9,-,"","",deletion,1730,716,1,FALSE
nlgn4a,126,134,9,-,"","",deletion,1731,716,1,FALSE
nlgn4a,126,134,9,-,"","",deletion,1732,707,1,FALSE
nlgn4a,126,134,9,-,"","",deletion,1733,716,1,FALSE
nlgn4a,126,134,9,-,"","",deletion,1734,716,1,FALSE
nlgn4a,126,134,9,-,"","",deletion,1735,716,1,FALSE
nlgn4a,126,134,9,-,"","",deletion,1736,698,1,FALSE
nlgn4a,126,134,9,-,"","",deletion,1737,689,1,FALSE
nlgn4a,126,134,9,-,"","",deletion,1738,716,1,FALSE
nlgn4a,126,134,9,-,"","",deletion,1739,707,1,FALSE
nlgn4a,126,134,9,-,"","",deletion,1740,698,1,FALSE
nlgn4a,126,134,9,-,"","",deletion,1741,716,1,FALSE
nlgn4a,126,134,9,-,"","",deletion,1742,716,1,FALSE
nlgn4a,126,134,9,-,"","",deletion,1743,716,1,FALSE
nlgn4a,126,134,9,-,"","",deletion,1744,716,1,FALSE
nlgn4a,126,134,9,-,"","",deletion,1745,716,1,FALSE
nlgn4a,126,134,9,-,"","",deletion,1746,716,1,FALSE
nlgn4a,126,134,9,-,"","",deletion,1747,716,1,FALSE
nlgn4a,126,134,9,-,"","",deletion,1748,716,1,FALSE
nlgn4a,126,134,9,-,"","",deletion,1749,716,1,FALSE
nlgn4a,126,134,9,-,"","",deletion,1750,716,1,FALSE
nlgn4a,126,134,9,-,"","",deletion,1751,716,1,FALSE
nlgn4a,126,134,9,-,"","",deletion,1752,716,1,FALSE
nlgn4a,126,134,9,-,"","",deletion,1753,716,1,FALSE
nlgn4a,126,134,9,-,"","",deletion,1754,716,1,FALSE
nlgn4a,126,134,9,-,"","",deletion,1755,716,1,FALSE
nlgn4a,126,134,9,-,"","",deletion,1756,707,1,FALSE
nlgn4a,126,134,9,-,"","",deletion,1757,707,1,FALSE
nlgn4a,126,134,9,-,"","",deletion,1758,707,1,FALSE
nlgn4a,126,134,9,-,"","",deletion,1759,716,1,FALSE
nlgn4a,126,134,9,-,"","",deletion,1760,716,1,FALSE
nlgn4a,126,134,9,-,"","",deletion,1761,716,1,FALSE
nlgn4a,126,134,9,-,"","",deletion,1762,716,1,FALSE
nlgn4a,126,134,9,-,"","",deletion,1763,716,1,FALSE
nlgn4a,126,134,9,-,"","",deletion,1764,707,1,FALSE
nlgn4a,126,134,9,-,"","",deletion,1765,716,1,FALSE
nlgn4a,126,134,9,-,"","",deletion,1766,716,1,FALSE
nlgn4a,126,134,9,-,"","",deletion,1767,698,1,FALSE
nlgn4a,126,134,9,-,"","",deletion,1768,716,1,FALSE
nlgn4a,126,134,9,-,"","",deletion,1769,707,1,FALSE
nlgn4a,126,134,9,-,"","",deletion,1770,716,1,FALSE
nlgn4a,126,134,9,-,"","",deletion,1771,698,1,FALSE
nlgn4a,126,134,9,-,"","",deletion,1772,698,1,FALSE
nlgn4a,126,134,9,-,"","",deletion,1773,698,1,FALSE
nlgn4a,126,134,9,-,"","",deletion,1774,716,1,FALSE
nlgn4a,126,134,9,-,"","",deletion,1775,707,1,FALSE
nlgn4a,126,134,9,-,"","",deletion,1776,716,1,FALSE
nlgn4a,126,134,9,-,"","",deletion,1777,698,1,FALSE
nlgn4a,126,134,9,-,"","",deletion,1778,716,1,FALSE
nlgn4a,126,134,9,-,"","",deletion,1779,716,1,FALSE
nlgn4a,126,134,9,-,"","",deletion,1780,698,1,FALSE
nlgn4a,126,134,9,-,"","",deletion,1781,698,1,FALSE
nlgn4a,126,134,9,-,"","",deletion,1782,707,1,FALSE
nlgn4a,126,134,9,-,"","",deletion,1783,716,1,FALSE
nlgn4a,126,134,9,-,"","",deletion,1784,707,1,FALSE
nlgn4a,127,135,9,-,"","",deletion,1785,689,1,FALSE
nlgn4a,126,134,9,-,"","",deletion,1786,716,1,FALSE
nlgn4a,126,134,9,-,"","",deletion,1787,698,1,FALSE
nlgn4a,126,134,9,-,"","",deletion,1788,698,1,FALSE
nlgn4a,126,134,9,-,"","",deletion,1789,707,1,FALSE
nlgn4a,126,134,9,-,"","",deletion,1790,707,1,FALSE
nlgn4a,126,134,9,-,"","",deletion,1791,716,1,FALSE
nlgn4a,126,134,9,-,"","",deletion,1792,707,1,FALSE
nlgn4a,126,134,9,-,"","",deletion,1793,707,1,FALSE
nlgn4a,126,134,9,-,"","",deletion,1794,716,1,FALSE
nlgn4a,126,134,9,-,"","",deletion,1795,707,1,FALSE
nlgn4a,126,134,9,-,"","",deletion,1796,698,1,FALSE
nlgn4a,126,134,9,-,"","",deletion,1797,716,1,FALSE
nlgn4a,126,134,9,-,"","",deletion,1798,716,1,FALSE
nlgn4a,126,134,9,-,"","",deletion,1799,707,1,FALSE
nlgn4a,126,134,9,-,"","",deletion,1800,707,1,FALSE
nlgn4a,126,134,9,-,"","",deletion,1801,725,1,FALSE
nlgn4a,126,134,9,-,"","",deletion,1802,716,1,FALSE
nlgn4a,126,134,9,-,"","",deletion,1803,698,1,FALSE
nlgn4a,126,134,9,-,"","",deletion,1804,716,1,FALSE
nlgn4a,126,134,9,-,"","",deletion,1805,716,1,FALSE
nlgn4a,126,134,9,-,"","",deletion,1806,725,1,FALSE
nlgn4a,126,134,9,-,"","",deletion,1807,716,1,FALSE
nlgn4a,126,134,9,-,"","",deletion,1808,698,1,FALSE
nlgn4a,126,134,9,-,"","",deletion,1809,707,1,FALSE
nlgn4a,126,134,9,-,"","",deletion,1810,725,1,FALSE
nlgn4a,126,134,9,-,"","",deletion,1811,707,1,FALSE
nlgn4a,126,134,9,-,"","",deletion,1812,716,1,FALSE
nlgn4a,133,136,4,-,"","",deletion,1815,716,1,FALSE
nlgn4a,127,134,8,-,"","",deletion,1816,716,1,FALSE
nlgn4a,127,136,10,-,"","",deletion,1817,707,1,FALSE
nlgn4a,130,136,7,-,"","",deletion,1818,707,1,FALSE
nlgn4a,130,134,5,-,"","",deletion,1823,716,1,FALSE
nlgn4a,130,134,5,-,"","",deletion,1825,716,1,FALSE
nlgn4a,126,134,9,-,"","",deletion,1826,716,1,FALSE
nlgn4a,130,136,7,-,"","",deletion,1834,698,1,FALSE
nlgn4a,130,134,5,-,"","",deletion,1839,707,1,FALSE
nlgn4a,126,134,9,-,"","",deletion,1840,725,1,FALSE
nlgn4a,133,136,4,-,"","",deletion,1849,716,1,FALSE
nlgn4a,130,136,7,-,"","",deletion,1855,707,1,FALSE
nlgn4a,130,134,5,-,"","",deletion,1856,725,1,FALSE
nlgn4a,126,134,9,-,"","",deletion,1859,716,1,FALSE
nlgn4a,129,137,9,-,"","",deletion,1866,716,1,FALSE
nlgn4a,130,138,9,-,"","",deletion,1870,725,1,FALSE
nlgn4a,127,134,8,-,"","",deletion,1871,707,1,FALSE
nlgn4a,126,134,9,-,"","",deletion,1872,725,1,FALSE
nlgn4a,126,134,9,-,"","",deletion,1873,707,1,FALSE
nlgn4a,126,134,9,-,"","",deletion,1875,707,1,FALSE
nlgn4a,130,134,5,-,"","",deletion,1876,725,1,FALSE
nlgn4a,133,136,4,-,"","",deletion,1880,716,1,FALSE
nlgn4a,126,134,9,-,"","",deletion,1881,689,1,FALSE
nlgn4a,126,134,9,-,"","",deletion,1882,725,1,FALSE
nlgn4a,130,136,7,-,"","",deletion,1883,725,1,FALSE
nlgn4a,130,134,5,-,"","",deletion,1892,725,1,FALSE
nlgn4a,124,133,10,-,"","",deletion,1893,725,1,FALSE
nlgn4a,130,138,9,-,"","",deletion,1897,725,1,FALSE
nlgn4a,130,138,9,-,"","",deletion,1902,716,1,FALSE
nlgn4a,130,138,9,-,"","",deletion,1903,725,1,FALSE
nlgn4a,130,134,5,-,"","",deletion,1904,707,1,FALSE
nlgn4a,126,134,9,-,"","",deletion,1905,707,1,FALSE
nlgn4a,126,134,9,-,"","",deletion,1917,725,1,FALSE
nlgn4a,130,134,5,-,"","",deletion,1920,725,1,FALSE
nlgn4a,127,134,8,-,"","",deletion,1922,725,1,FALSE
nlgn4a,130,138,9,-,"","",deletion,1923,698,1,FALSE
nlgn4a,126,134,9,-,"","",deletion,1929,725,1,FALSE
nlgn4a,130,136,7,-,"","",deletion,1933,716,1,FALSE
nlgn4a,124,133,10,-,"","",deletion,1935,716,1,FALSE
nlgn4a,130,136,7,-,"","",deletion,1940,707,1,FALSE
nlgn4a,127,134,8,-,"","",deletion,1942,725,1,FALSE
nlgn4a,126,134,9,-,"","",deletion,1946,725,1,FALSE
nlgn4a,132,132,1,-,"","",deletion,1948,707,1,FALSE
nlgn4a,130,134,5,-,"","",deletion,1951,725,1,FALSE
nlgn4a,130,136,7,-,"","",deletion,1952,725,1,FALSE
nlgn4a,130,138,9,-,"","",deletion,1957,707,1,FALSE
nlgn4a,126,134,9,-,"","",deletion,1961,725,1,FALSE
nlgn4a,130,136,7,-,"","",deletion,1967,698,1,FALSE
nlgn4a,130,136,7,-,"","",deletion,1969,716,1,FALSE
nlgn4a,130,134,5,-,"","",deletion,1970,716,1,FALSE
nlgn4a,130,134,5,-,"","",deletion,1971,725,1,FALSE
nlgn4a,133,136,4,-,"","",deletion,1976,707,1,FALSE
nlgn4a,130,134,5,-,"","",deletion,1977,716,1,FALSE
nlgn4a,130,134,5,-,"","",deletion,1979,698,1,FALSE
nlgn4a,130,134,5,-,"","",deletion,1980,725,1,FALSE
nlgn4a,130,136,7,-,"","",deletion,1985,725,1,FALSE
nlgn4a,124,133,10,-,"","",deletion,1989,689,1,FALSE
nlgn4a,126,134,9,-,"","",deletion,1992,716,1,FALSE
nlgn4a,126,134,9,-,"","",deletion,1995,707,1,FALSE
nlgn4a,124,133,10,-,"","",deletion,1996,716,1,FALSE
nlgn4a,130,134,5,-,"","",deletion,1999,716,1,FALSE
nlgn4a,126,134,9,-,"","",deletion,2000,707,1,FALSE
nlgn4a,130,136,7,-,"","",deletion,2001,707,1,FALSE
nlgn4a,126,134,9,-,"","",deletion,2003,716,1,FALSE
nlgn4a,130,136,7,-,"","",deletion,2004,716,1,FALSE
nlgn4a,132,132,1,-,"","",deletion,2008,725,1,FALSE
nlgn4a,124,133,10,-,"","",deletion,2016,725,1,FALSE
nlgn4a,126,134,9,-,"","",deletion,2021,707,1,FALSE
nlgn4a,130,134,5,-,"","",deletion,2022,725,1,FALSE
nlgn4a,130,134,5,-,"","",deletion,2029,698,1,FALSE
nlgn4a,126,134,9,-,"","",deletion,2031,716,1,FALSE
nlgn4a,124,133,10,-,"","",deletion,2039,725,1,FALSE
nlgn4a,130,138,9,-,"","",deletion,2040,707,1,FALSE
nlgn4a,133,136,4,-,"","",deletion,2044,725,1,FALSE
nlgn4a,124,133,10,-,"","",deletion,2046,707,1,FALSE
nlgn4a,130,138,9,-,"","",deletion,2059,725,1,FALSE
nlgn4a,126,134,9,-,"","",deletion,2060,707,1,FALSE
nlgn4a,133,136,4,-,"","",deletion,2061,725,1,FALSE
nlgn4a,124,133,10,-,"","",deletion,2063,716,1,FALSE
nlgn4a,139,142,4,-,"","",deletion,2066,698,1,FALSE
nlgn4a,133,136,4,-,"","",deletion,2067,716,1,FALSE
nlgn4a,128,134,7,-,"","",deletion,2068,707,1,FALSE
nlgn4a,126,134,9,-,"","",deletion,2074,725,1,FALSE
nlgn4a,133,136,4,-,"","",deletion,2079,698,1,FALSE
nlgn4a,132,132,1,-,"","",deletion,2083,698,1,FALSE
nlgn4a,130,134,5,-,"","",deletion,2084,725,1,FALSE
nlgn4a,126,134,9,-,"","",deletion,2085,716,1,FALSE
nlgn4a,117,117,1,-,A,G,mismatch,9,741,6,FALSE
nlgn4a,157,157,1,-,A,G,mismatch,10,741,5,FALSE
nlgn4a,117,117,1,-,A,T,mismatch,11,741,5,FALSE
nlgn4a,106,106,1,-,T,A,mismatch,12,741,5,FALSE
nlgn4a,108,108,1,-,T,G,mismatch,13,741,5,FALSE
nlgn4a,121,121,1,-,T,C,mismatch,14,741,5,FALSE
nlgn4a,128,128,1,-,G,A,mismatch,15,741,5,FALSE
nlgn4a,187,187,1,-,G,T,mismatch,17,741,4,FALSE
nlgn4a,168,168,1,-,A,C,mismatch,18,741,4,FALSE
nlgn4a,157,157,1,-,A,T,mismatch,19,741,4,FALSE
nlgn4a,151,151,1,-,G,T,mismatch,20,741,4,FALSE
nlgn4a,133,133,1,-,C,T,mismatch,21,741,4,FALSE
nlgn4a,127,127,1,-,C,T,mismatch,22,741,4,FALSE
nlgn4a,104,104,1,-,C,T,mismatch,23,741,4,FALSE
nlgn4a,104,104,1,-,C,G,mismatch,24,741,4,FALSE
nlgn4a,104,104,1,-,C,A,mismatch,25,741,4,FALSE
nlgn4a,105,105,1,-,C,A,mismatch,26,741,4,FALSE
nlgn4a,108,108,1,-,T,A,mismatch,27,741,4,FALSE
nlgn4a,119,119,1,-,T,A,mismatch,28,741,4,FALSE
nlgn4a,124,124,1,-,T,G,mismatch,29,741,4,FALSE
nlgn4a,133,133,1,-,C,A,mismatch,30,741,4,FALSE
nlgn4a,135,135,1,-,T,A,mismatch,31,741,4,FALSE
nlgn4a,139,139,1,-,T,C,mismatch,32,741,4,FALSE
nlgn4a,145,145,1,-,T,G,mismatch,33,741,4,FALSE
nlgn4a,161,161,1,-,G,A,mismatch,34,741,4,FALSE
nlgn4a,223,223,1,-,A,T,mismatch,38,741,3,FALSE
nlgn4a,197,197,1,-,A,C,mismatch,39,741,3,FALSE
nlgn4a,189,189,1,-,A,T,mismatch,40,741,3,FALSE
nlgn4a,184,184,1,-,A,T,mismatch,41,741,3,FALSE
nlgn4a,182,182,1,-,C,G,mismatch,42,741,3,FALSE
nlgn4a,177,177,1,-,A,G,mismatch,43,741,3,FALSE
nlgn4a,162,162,1,-,C,G,mismatch,44,741,3,FALSE
nlgn4a,157,157,1,-,A,C,mismatch,45,741,3,FALSE
nlgn4a,156,156,1,-,C,T,mismatch,46,741,3,FALSE
nlgn4a,148,148,1,-,C,T,mismatch,47,741,3,FALSE
nlgn4a,144,144,1,-,A,G,mismatch,48,741,3,FALSE
nlgn4a,137,137,1,-,G,T,mismatch,49,741,3,FALSE
nlgn4a,127,127,1,-,C,G,mismatch,50,741,3,FALSE
nlgn4a,123,123,1,-,C,T,mismatch,51,741,3,FALSE
nlgn4a,117,117,1,-,A,C,mismatch,52,741,3,FALSE
nlgn4a,113,113,1,-,C,G,mismatch,53,741,3,FALSE
nlgn4a,111,111,1,-,A,G,mismatch,54,741,3,FALSE
nlgn4a,103,103,1,-,G,C,mismatch,55,741,3,FALSE
nlgn4a,106,106,1,-,T,G,mismatch,56,741,3,FALSE
nlgn4a,108,108,1,-,T,C,mismatch,57,741,3,FALSE
nlgn4a,109,109,1,-,T,C,mismatch,58,741,3,FALSE
nlgn4a,109,109,1,-,T,A,mismatch,59,741,3,FALSE
nlgn4a,113,113,1,-,C,A,mismatch,60,741,3,FALSE
nlgn4a,115,115,1,-,G,C,mismatch,61,741,3,FALSE
nlgn4a,115,115,1,-,G,A,mismatch,62,741,3,FALSE
nlgn4a,116,116,1,-,G,C,mismatch,63,741,3,FALSE
nlgn4a,122,122,1,-,G,A,mismatch,64,741,3,FALSE
nlgn4a,123,123,1,-,C,A,mismatch,65,741,3,FALSE
nlgn4a,124,124,1,-,T,C,mismatch,66,741,3,FALSE
nlgn4a,130,130,1,-,C,A,mismatch,67,741,3,FALSE
nlgn4a,131,131,1,-,T,A,mismatch,68,741,3,FALSE
nlgn4a,137,137,1,-,G,A,mismatch,69,741,3,FALSE
nlgn4a,139,139,1,-,T,G,mismatch,70,741,3,FALSE
nlgn4a,155,155,1,-,T,A,mismatch,71,741,3,FALSE
nlgn4a,156,156,1,-,C,A,mismatch,72,741,3,FALSE
nlgn4a,164,164,1,-,C,A,mismatch,73,741,3,FALSE
nlgn4a,172,172,1,-,T,G,mismatch,74,741,3,FALSE
nlgn4a,176,176,1,-,G,A,mismatch,75,741,3,FALSE
nlgn4a,186,186,1,-,G,C,mismatch,76,741,3,FALSE
nlgn4a,199,199,1,-,G,C,mismatch,77,741,3,FALSE
nlgn4a,165,165,1,-,C,T,mismatch,78,716,3,FALSE
nlgn4a,99,99,1,-,C,A,mismatch,79,716,3,FALSE
nlgn4a,178,178,1,-,C,A,mismatch,80,716,3,FALSE
nlgn4a,103,103,1,-,G,C,mismatch,90,716,2,FALSE
nlgn4a,114,114,1,-,T,C,mismatch,92,716,2,FALSE
nlgn4a,231,231,1,-,G,T,mismatch,102,741,2,FALSE
nlgn4a,228,228,1,-,C,T,mismatch,103,741,2,FALSE
nlgn4a,225,225,1,-,A,T,mismatch,104,741,2,FALSE
nlgn4a,213,213,1,-,C,G,mismatch,105,741,2,FALSE
nlgn4a,204,204,1,-,A,G,mismatch,106,741,2,FALSE
nlgn4a,200,200,1,-,C,G,mismatch,107,741,2,FALSE
nlgn4a,199,199,1,-,G,T,mismatch,108,741,2,FALSE
nlgn4a,190,190,1,-,A,G,mismatch,109,741,2,FALSE
nlgn4a,189,189,1,-,A,G,mismatch,110,741,2,FALSE
nlgn4a,184,184,1,-,A,G,mismatch,111,741,2,FALSE
nlgn4a,181,181,1,-,A,G,mismatch,112,741,2,FALSE
nlgn4a,181,181,1,-,A,C,mismatch,113,741,2,FALSE
nlgn4a,179,179,1,-,A,T,mismatch,114,741,2,FALSE
nlgn4a,179,179,1,-,A,C,mismatch,115,741,2,FALSE
nlgn4a,178,178,1,-,C,T,mismatch,116,741,2,FALSE
nlgn4a,171,171,1,-,G,T,mismatch,117,741,2,FALSE
nlgn4a,168,168,1,-,A,T,mismatch,118,741,2,FALSE
nlgn4a,168,168,1,-,A,G,mismatch,119,741,2,FALSE
nlgn4a,165,165,1,-,C,G,mismatch,120,741,2,FALSE
nlgn4a,159,159,1,-,C,G,mismatch,121,741,2,FALSE
nlgn4a,154,154,1,-,C,T,mismatch,122,741,2,FALSE
nlgn4a,149,149,1,-,A,C,mismatch,123,741,2,FALSE
nlgn4a,144,144,1,-,A,C,mismatch,124,741,2,FALSE
nlgn4a,143,143,1,-,C,T,mismatch,125,741,2,FALSE
nlgn4a,143,143,1,-,C,G,mismatch,126,741,2,FALSE
nlgn4a,142,142,1,-,C,T,mismatch,127,741,2,FALSE
nlgn4a,141,141,1,-,G,T,mismatch,128,741,2,FALSE
nlgn4a,138,138,1,-,C,T,mismatch,129,741,2,FALSE
nlgn4a,134,134,1,-,G,T,mismatch,130,741,2,FALSE
nlgn4a,116,116,1,-,G,T,mismatch,131,741,2,FALSE
nlgn4a,113,113,1,-,C,T,mismatch,132,741,2,FALSE
nlgn4a,112,112,1,-,C,G,mismatch,133,741,2,FALSE
nlgn4a,105,105,1,-,C,T,mismatch,134,741,2,FALSE
nlgn4a,103,103,1,-,G,T,mismatch,135,741,2,FALSE
nlgn4a,103,103,1,-,G,A,mismatch,136,741,2,FALSE
nlgn4a,107,107,1,-,T,C,mismatch,137,741,2,FALSE
nlgn4a,110,110,1,-,T,C,mismatch,138,741,2,FALSE
nlgn4a,112,112,1,-,C,A,mismatch,139,741,2,FALSE
nlgn4a,114,114,1,-,T,G,mismatch,140,741,2,FALSE
nlgn4a,116,116,1,-,G,A,mismatch,141,741,2,FALSE
nlgn4a,118,118,1,-,T,G,mismatch,142,741,2,FALSE
nlgn4a,120,120,1,-,G,C,mismatch,143,741,2,FALSE
nlgn4a,125,125,1,-,T,G,mismatch,144,741,2,FALSE
nlgn4a,125,125,1,-,T,C,mismatch,145,741,2,FALSE
nlgn4a,126,126,1,-,G,C,mismatch,146,741,2,FALSE
nlgn4a,129,129,1,-,G,C,mismatch,147,741,2,FALSE
nlgn4a,131,131,1,-,T,C,mismatch,148,741,2,FALSE
nlgn4a,132,132,1,-,G,A,mismatch,149,741,2,FALSE
nlgn4a,134,134,1,-,G,C,mismatch,150,741,2,FALSE
nlgn4a,136,136,1,-,G,A,mismatch,151,741,2,FALSE
nlgn4a,139,139,1,-,T,A,mismatch,152,741,2,FALSE
nlgn4a,140,140,1,-,G,A,mismatch,153,741,2,FALSE
nlgn4a,141,141,1,-,G,A,mismatch,154,741,2,FALSE
nlgn4a,142,142,1,-,C,A,mismatch,155,741,2,FALSE
nlgn4a,143,143,1,-,C,A,mismatch,156,741,2,FALSE
nlgn4a,146,146,1,-,T,C,mismatch,157,741,2,FALSE
nlgn4a,148,148,1,-,C,A,mismatch,158,741,2,FALSE
nlgn4a,151,151,1,-,G,C,mismatch,159,741,2,FALSE
nlgn4a,154,154,1,-,C,A,mismatch,160,741,2,FALSE
nlgn4a,158,158,1,-,G,A,mismatch,161,741,2,FALSE
nlgn4a,159,159,1,-,C,A,mismatch,162,741,2,FALSE
nlgn4a,162,162,1,-,C,A,mismatch,163,741,2,FALSE
nlgn4a,167,167,1,-,T,A,mismatch,164,741,2,FALSE
nlgn4a,169,169,1,-,T,C,mismatch,165,741,2,FALSE
nlgn4a,170,170,1,-,T,G,mismatch,166,741,2,FALSE
nlgn4a,170,170,1,-,T,A,mismatch,167,741,2,FALSE
nlgn4a,173,173,1,-,T,G,mismatch,168,741,2,FALSE
nlgn4a,183,183,1,-,T,C,mismatch,169,741,2,FALSE
nlgn4a,183,183,1,-,T,A,mismatch,170,741,2,FALSE
nlgn4a,185,185,1,-,T,G,mismatch,171,741,2,FALSE
nlgn4a,185,185,1,-,T,C,mismatch,172,741,2,FALSE
nlgn4a,187,187,1,-,G,A,mismatch,173,741,2,FALSE
nlgn4a,192,192,1,-,C,A,mismatch,174,741,2,FALSE
nlgn4a,193,193,1,-,T,A,mismatch,175,741,2,FALSE
nlgn4a,201,201,1,-,T,G,mismatch,176,741,2,FALSE
nlgn4a,201,201,1,-,T,C,mismatch,177,741,2,FALSE
nlgn4a,212,212,1,-,T,C,mismatch,178,741,2,FALSE
nlgn4a,221,221,1,-,T,G,mismatch,179,741,2,FALSE
nlgn4a,226,226,1,-,T,A,mismatch,180,741,2,FALSE
nlgn4a,227,227,1,-,T,A,mismatch,181,741,2,FALSE
nlgn4a,229,229,1,-,T,G,mismatch,186,716,2,FALSE
nlgn4a,105,105,1,-,C,T,mismatch,187,716,2,FALSE
nlgn4a,141,141,1,-,G,C,mismatch,188,716,2,FALSE
nlgn4a,194,194,1,-,A,G,mismatch,190,716,2,FALSE
nlgn4a,136,136,1,-,G,T,mismatch,191,716,2,FALSE
nlgn4a,106,106,1,-,T,A,mismatch,192,716,2,FALSE
nlgn4a,109,109,1,-,T,G,mismatch,193,716,2,FALSE
nlgn4a,169,169,1,-,T,G,mismatch,194,716,2,FALSE
nlgn4a,170,170,1,-,T,G,mismatch,195,716,2,FALSE
nlgn4a,211,211,1,-,C,A,mismatch,196,716,2,FALSE
nlgn4a,226,226,1,-,T,A,mismatch,197,716,2,FALSE
nlgn4a,144,144,1,-,A,G,mismatch,200,732,1,FALSE
nlgn4a,168,168,1,-,A,T,mismatch,200,732,1,FALSE
nlgn4a,144,144,1,-,A,G,mismatch,201,732,1,FALSE
nlgn4a,212,212,1,-,T,A,mismatch,201,732,1,FALSE
nlgn4a,185,185,1,-,T,G,mismatch,202,707,1,FALSE
nlgn4a,197,197,1,-,A,C,mismatch,202,707,1,FALSE
nlgn4a,142,142,1,-,C,A,mismatch,205,741,1,FALSE
nlgn4a,163,163,1,-,A,G,mismatch,206,741,1,FALSE
nlgn4a,201,201,1,-,T,C,mismatch,207,716,1,FALSE
nlgn4a,102,102,1,-,C,G,mismatch,208,707,1,FALSE
nlgn4a,148,148,1,-,C,T,mismatch,208,707,1,FALSE
nlgn4a,105,105,1,-,C,T,mismatch,209,741,1,FALSE
nlgn4a,176,176,1,-,G,T,mismatch,210,741,1,FALSE
nlgn4a,179,179,1,-,A,T,mismatch,212,689,1,FALSE
nlgn4a,181,181,1,-,A,G,mismatch,212,689,1,FALSE
nlgn4a,187,187,1,-,G,T,mismatch,212,689,1,FALSE
nlgn4a,218,218,1,-,C,G,mismatch,212,689,1,FALSE
nlgn4a,158,158,1,-,G,T,mismatch,213,741,1,FALSE
nlgn4a,115,115,1,-,G,A,mismatch,214,698,1,FALSE
nlgn4a,157,157,1,-,A,T,mismatch,214,698,1,FALSE
nlgn4a,115,115,1,-,G,C,mismatch,215,716,1,FALSE
nlgn4a,165,165,1,-,C,G,mismatch,217,701,1,FALSE
nlgn4a,108,108,1,-,T,C,mismatch,218,732,1,FALSE
nlgn4a,133,133,1,-,C,T,mismatch,218,732,1,FALSE
nlgn4a,114,114,1,-,T,C,mismatch,221,732,1,FALSE
nlgn4a,172,172,1,-,T,G,mismatch,221,732,1,FALSE
nlgn4a,229,229,1,-,T,A,mismatch,222,716,1,FALSE
nlgn4a,170,170,1,-,T,A,mismatch,226,741,1,FALSE
nlgn4a,225,225,1,-,A,C,mismatch,230,716,1,FALSE
nlgn4a,117,117,1,-,A,T,mismatch,231,723,1,FALSE
nlgn4a,132,132,1,-,G,A,mismatch,231,723,1,FALSE
nlgn4a,143,143,1,-,C,T,mismatch,231,723,1,FALSE
nlgn4a,228,228,1,-,C,A,mismatch,232,741,1,FALSE
nlgn4a,114,114,1,-,T,A,mismatch,233,741,1,FALSE
nlgn4a,146,146,1,-,T,C,mismatch,236,741,1,FALSE
nlgn4a,101,101,1,-,A,C,mismatch,237,707,1,FALSE
nlgn4a,117,117,1,-,A,T,mismatch,237,707,1,FALSE
nlgn4a,108,108,1,-,T,C,mismatch,238,698,1,FALSE
nlgn4a,167,167,1,-,T,C,mismatch,238,698,1,FALSE
nlgn4a,182,182,1,-,C,G,mismatch,238,698,1,FALSE
nlgn4a,137,137,1,-,G,T,mismatch,239,741,1,FALSE
nlgn4a,127,127,1,-,C,G,mismatch,240,732,1,FALSE
nlgn4a,132,132,1,-,G,T,mismatch,240,732,1,FALSE
nlgn4a,95,95,1,-,T,G,mismatch,241,716,1,FALSE
nlgn4a,109,109,1,-,T,G,mismatch,242,741,1,FALSE
nlgn4a,108,108,1,-,T,G,mismatch,244,741,1,FALSE
nlgn4a,103,103,1,-,G,A,mismatch,245,723,1,FALSE
nlgn4a,106,106,1,-,T,A,mismatch,246,689,1,FALSE
nlgn4a,117,117,1,-,A,G,mismatch,246,689,1,FALSE
nlgn4a,193,193,1,-,T,A,mismatch,246,689,1,FALSE
nlgn4a,214,214,1,-,T,C,mismatch,246,689,1,FALSE
nlgn4a,121,121,1,-,T,G,mismatch,247,716,1,FALSE
nlgn4a,110,110,1,-,T,A,mismatch,248,732,1,FALSE
nlgn4a,124,124,1,-,T,C,mismatch,248,732,1,FALSE
nlgn4a,115,115,1,-,G,A,mismatch,249,732,1,FALSE
nlgn4a,132,132,1,-,G,C,mismatch,249,732,1,FALSE
nlgn4a,122,122,1,-,G,T,mismatch,251,723,1,FALSE
nlgn4a,188,188,1,-,C,A,mismatch,251,723,1,FALSE
nlgn4a,200,200,1,-,C,T,mismatch,252,741,1,FALSE
nlgn4a,116,116,1,-,G,A,mismatch,254,741,1,FALSE
nlgn4a,158,158,1,-,G,C,mismatch,255,732,1,FALSE
nlgn4a,114,114,1,-,T,A,mismatch,256,698,1,FALSE
nlgn4a,182,182,1,-,C,G,mismatch,256,698,1,FALSE
nlgn4a,194,194,1,-,A,G,mismatch,256,698,1,FALSE
nlgn4a,147,147,1,-,A,C,mismatch,257,741,1,FALSE
nlgn4a,128,128,1,-,G,C,mismatch,258,732,1,FALSE
nlgn4a,181,181,1,-,A,G,mismatch,258,732,1,FALSE
nlgn4a,141,141,1,-,G,T,mismatch,259,741,1,FALSE
nlgn4a,188,188,1,-,C,T,mismatch,261,741,1,FALSE
nlgn4a,163,163,1,-,A,C,mismatch,264,741,1,FALSE
nlgn4a,198,198,1,-,G,C,mismatch,265,741,1,FALSE
nlgn4a,129,129,1,-,G,C,mismatch,267,741,1,FALSE
nlgn4a,103,103,1,-,G,C,mismatch,268,723,1,FALSE
nlgn4a,105,105,1,-,C,G,mismatch,268,723,1,FALSE
nlgn4a,132,132,1,-,G,T,mismatch,269,741,1,FALSE
nlgn4a,170,170,1,-,T,A,mismatch,270,741,1,FALSE
nlgn4a,176,176,1,-,G,A,mismatch,271,732,1,FALSE
nlgn4a,117,117,1,-,A,G,mismatch,272,723,1,FALSE
nlgn4a,121,121,1,-,T,C,mismatch,272,723,1,FALSE
nlgn4a,205,205,1,-,A,T,mismatch,272,723,1,FALSE
nlgn4a,112,112,1,-,C,A,mismatch,273,680,1,FALSE
nlgn4a,126,126,1,-,G,C,mismatch,273,680,1,FALSE
nlgn4a,143,143,1,-,C,T,mismatch,273,680,1,FALSE
nlgn4a,182,182,1,-,C,G,mismatch,273,680,1,FALSE
nlgn4a,228,228,1,-,C,A,mismatch,273,680,1,FALSE
nlgn4a,124,124,1,-,T,G,mismatch,274,732,1,FALSE
nlgn4a,154,154,1,-,C,T,mismatch,274,732,1,FALSE
nlgn4a,110,110,1,-,T,A,mismatch,276,741,1,FALSE
nlgn4a,188,188,1,-,C,A,mismatch,277,723,1,FALSE
nlgn4a,204,204,1,-,A,C,mismatch,277,723,1,FALSE
nlgn4a,224,224,1,-,G,C,mismatch,277,723,1,FALSE
nlgn4a,156,156,1,-,C,A,mismatch,278,732,1,FALSE
nlgn4a,228,228,1,-,C,A,mismatch,278,732,1,FALSE
nlgn4a,114,114,1,-,T,G,mismatch,280,732,1,FALSE
nlgn4a,149,149,1,-,A,T,mismatch,281,732,1,FALSE
nlgn4a,177,177,1,-,A,G,mismatch,281,732,1,FALSE
nlgn4a,143,143,1,-,C,A,mismatch,282,741,1,FALSE
nlgn4a,147,147,1,-,A,C,mismatch,284,732,1,FALSE
nlgn4a,180,180,1,-,A,C,mismatch,284,732,1,FALSE
nlgn4a,140,140,1,-,G,T,mismatch,285,723,1,FALSE
nlgn4a,144,144,1,-,A,C,mismatch,285,723,1,FALSE
nlgn4a,135,135,1,-,T,A,mismatch,286,732,1,FALSE
nlgn4a,148,148,1,-,C,G,mismatch,286,732,1,FALSE
nlgn4a,170,170,1,-,T,C,mismatch,288,741,1,FALSE
nlgn4a,115,115,1,-,G,A,mismatch,290,732,1,FALSE
nlgn4a,120,120,1,-,G,A,mismatch,291,698,1,FALSE
nlgn4a,176,176,1,-,G,C,mismatch,291,698,1,FALSE
nlgn4a,225,225,1,-,A,G,mismatch,291,698,1,FALSE
nlgn4a,176,176,1,-,G,T,mismatch,292,741,1,FALSE
nlgn4a,163,163,1,-,A,T,mismatch,294,741,1,FALSE
nlgn4a,115,115,1,-,G,T,mismatch,295,692,1,FALSE
nlgn4a,129,129,1,-,G,T,mismatch,295,692,1,FALSE
nlgn4a,218,218,1,-,C,G,mismatch,297,716,1,FALSE
nlgn4a,105,105,1,-,C,G,mismatch,300,732,1,FALSE
nlgn4a,152,152,1,-,G,A,mismatch,300,732,1,FALSE
nlgn4a,168,168,1,-,A,T,mismatch,301,723,1,FALSE
nlgn4a,200,200,1,-,C,T,mismatch,301,723,1,FALSE
nlgn4a,226,226,1,-,T,A,mismatch,301,723,1,FALSE
nlgn4a,118,118,1,-,T,C,mismatch,302,716,1,FALSE
nlgn4a,126,126,1,-,G,C,mismatch,304,686,1,FALSE
nlgn4a,190,190,1,-,A,T,mismatch,305,732,1,FALSE
nlgn4a,197,197,1,-,A,C,mismatch,305,732,1,FALSE
nlgn4a,109,109,1,-,T,G,mismatch,306,741,1,FALSE
nlgn4a,167,167,1,-,T,A,mismatch,307,692,1,FALSE
nlgn4a,197,197,1,-,A,G,mismatch,307,692,1,FALSE
nlgn4a,188,188,1,-,C,A,mismatch,309,741,1,FALSE
nlgn4a,150,150,1,-,T,G,mismatch,310,723,1,FALSE
nlgn4a,185,185,1,-,T,C,mismatch,310,723,1,FALSE
nlgn4a,112,112,1,-,C,A,mismatch,312,680,1,FALSE
nlgn4a,139,139,1,-,T,G,mismatch,312,680,1,FALSE
nlgn4a,190,190,1,-,A,T,mismatch,312,680,1,FALSE
nlgn4a,225,225,1,-,A,G,mismatch,312,680,1,FALSE
nlgn4a,228,228,1,-,C,A,mismatch,312,680,1,FALSE
nlgn4a,122,122,1,-,G,A,mismatch,313,716,1,FALSE
nlgn4a,159,159,1,-,C,A,mismatch,315,698,1,FALSE
nlgn4a,179,179,1,-,A,C,mismatch,315,698,1,FALSE
nlgn4a,232,232,1,-,G,C,mismatch,315,698,1,FALSE
nlgn4a,113,113,1,-,C,G,mismatch,317,741,1,FALSE
nlgn4a,126,126,1,-,G,A,mismatch,318,732,1,FALSE
nlgn4a,152,152,1,-,G,C,mismatch,318,732,1,FALSE
nlgn4a,118,118,1,-,T,G,mismatch,319,741,1,FALSE
nlgn4a,203,203,1,-,G,C,mismatch,323,732,1,FALSE
nlgn4a,209,209,1,-,A,C,mismatch,323,732,1,FALSE
nlgn4a,159,159,1,-,C,G,mismatch,325,716,1,FALSE
nlgn4a,103,103,1,-,G,T,mismatch,326,723,1,FALSE
nlgn4a,142,142,1,-,C,T,mismatch,326,723,1,FALSE
nlgn4a,182,182,1,-,C,T,mismatch,326,723,1,FALSE
nlgn4a,125,125,1,-,T,G,mismatch,328,723,1,FALSE
nlgn4a,152,152,1,-,G,T,mismatch,328,723,1,FALSE
nlgn4a,192,192,1,-,C,A,mismatch,328,723,1,FALSE
nlgn4a,108,108,1,-,T,A,mismatch,329,732,1,FALSE
nlgn4a,140,140,1,-,G,T,mismatch,329,732,1,FALSE
nlgn4a,120,120,1,-,G,C,mismatch,330,707,1,FALSE
nlgn4a,131,131,1,-,T,G,mismatch,330,707,1,FALSE
nlgn4a,141,141,1,-,G,A,mismatch,331,732,1,FALSE
nlgn4a,187,187,1,-,G,T,mismatch,331,732,1,FALSE
nlgn4a,118,118,1,-,T,G,mismatch,332,741,1,FALSE
nlgn4a,185,185,1,-,T,G,mismatch,333,741,1,FALSE
nlgn4a,154,154,1,-,C,G,mismatch,334,698,1,FALSE
nlgn4a,172,172,1,-,T,C,mismatch,334,698,1,FALSE
nlgn4a,194,194,1,-,A,T,mismatch,334,698,1,FALSE
nlgn4a,120,120,1,-,G,T,mismatch,335,716,1,FALSE
nlgn4a,182,182,1,-,C,A,mismatch,336,741,1,FALSE
nlgn4a,157,157,1,-,A,G,mismatch,337,716,1,FALSE
nlgn4a,127,127,1,-,C,G,mismatch,338,741,1,FALSE
nlgn4a,145,145,1,-,T,C,mismatch,339,698,1,FALSE
nlgn4a,159,159,1,-,C,A,mismatch,339,698,1,FALSE
nlgn4a,172,172,1,-,T,G,mismatch,339,698,1,FALSE
nlgn4a,119,119,1,-,T,G,mismatch,341,723,1,FALSE
nlgn4a,132,132,1,-,G,C,mismatch,341,723,1,FALSE
nlgn4a,187,187,1,-,G,C,mismatch,341,723,1,FALSE
nlgn4a,114,114,1,-,T,C,mismatch,343,714,1,FALSE
nlgn4a,129,129,1,-,G,C,mismatch,343,714,1,FALSE
nlgn4a,149,149,1,-,A,G,mismatch,343,714,1,FALSE
nlgn4a,160,160,1,-,A,G,mismatch,343,714,1,FALSE
nlgn4a,141,141,1,-,G,T,mismatch,344,732,1,FALSE
nlgn4a,148,148,1,-,C,A,mismatch,344,732,1,FALSE
nlgn4a,147,147,1,-,A,C,mismatch,345,732,1,FALSE
nlgn4a,166,166,1,-,C,T,mismatch,346,716,1,FALSE
nlgn4a,108,108,1,-,T,C,mismatch,348,732,1,FALSE
nlgn4a,129,129,1,-,G,C,mismatch,348,732,1,FALSE
nlgn4a,155,155,1,-,T,G,mismatch,350,716,1,FALSE
nlgn4a,199,199,1,-,G,C,mismatch,351,716,1,FALSE
nlgn4a,115,115,1,-,G,C,mismatch,352,741,1,FALSE
nlgn4a,191,191,1,-,G,A,mismatch,353,741,1,FALSE
nlgn4a,109,109,1,-,T,A,mismatch,354,732,1,FALSE
nlgn4a,195,195,1,-,A,G,mismatch,354,732,1,FALSE
nlgn4a,199,199,1,-,G,A,mismatch,355,741,1,FALSE
nlgn4a,96,96,1,-,A,G,mismatch,356,698,1,FALSE
nlgn4a,218,218,1,-,C,T,mismatch,356,698,1,FALSE
nlgn4a,230,230,1,-,A,T,mismatch,356,698,1,FALSE
nlgn4a,188,188,1,-,C,T,mismatch,357,707,1,FALSE
nlgn4a,196,196,1,-,G,C,mismatch,357,707,1,FALSE
nlgn4a,132,132,1,-,G,A,mismatch,359,732,1,FALSE
nlgn4a,193,193,1,-,T,A,mismatch,359,732,1,FALSE
nlgn4a,124,124,1,-,T,G,mismatch,360,732,1,FALSE
nlgn4a,131,131,1,-,T,C,mismatch,360,732,1,FALSE
nlgn4a,200,200,1,-,C,A,mismatch,362,741,1,FALSE
nlgn4a,151,151,1,-,G,A,mismatch,364,716,1,FALSE
nlgn4a,198,198,1,-,G,C,mismatch,365,732,1,FALSE
nlgn4a,221,221,1,-,T,A,mismatch,365,732,1,FALSE
nlgn4a,230,230,1,-,A,C,mismatch,367,732,1,FALSE
nlgn4a,127,127,1,-,C,G,mismatch,368,707,1,FALSE
nlgn4a,140,140,1,-,G,T,mismatch,368,707,1,FALSE
nlgn4a,183,183,1,-,T,A,mismatch,369,741,1,FALSE
nlgn4a,114,114,1,-,T,G,mismatch,372,716,1,FALSE
nlgn4a,136,136,1,-,G,T,mismatch,373,732,1,FALSE
nlgn4a,162,162,1,-,C,T,mismatch,373,732,1,FALSE
nlgn4a,191,191,1,-,G,A,mismatch,374,741,1,FALSE
nlgn4a,144,144,1,-,A,C,mismatch,375,716,1,FALSE
nlgn4a,210,210,1,-,C,A,mismatch,380,741,1,FALSE
nlgn4a,114,114,1,-,T,C,mismatch,381,707,1,FALSE
nlgn4a,120,120,1,-,G,C,mismatch,381,707,1,FALSE
nlgn4a,164,164,1,-,C,T,mismatch,382,741,1,FALSE
nlgn4a,159,159,1,-,C,G,mismatch,383,741,1,FALSE
nlgn4a,170,170,1,-,T,A,mismatch,384,707,1,FALSE
nlgn4a,177,177,1,-,A,G,mismatch,384,707,1,FALSE
nlgn4a,123,123,1,-,C,T,mismatch,386,741,1,FALSE
nlgn4a,183,183,1,-,T,A,mismatch,388,732,1,FALSE
nlgn4a,189,189,1,-,A,T,mismatch,388,732,1,FALSE
nlgn4a,173,173,1,-,T,C,mismatch,389,732,1,FALSE
nlgn4a,114,114,1,-,T,G,mismatch,390,741,1,FALSE
nlgn4a,136,136,1,-,G,C,mismatch,391,732,1,FALSE
nlgn4a,144,144,1,-,A,T,mismatch,391,732,1,FALSE
nlgn4a,137,137,1,-,G,A,mismatch,392,707,1,FALSE
nlgn4a,216,216,1,-,C,T,mismatch,392,707,1,FALSE
nlgn4a,113,113,1,-,C,G,mismatch,393,741,1,FALSE
nlgn4a,109,109,1,-,T,A,mismatch,394,707,1,FALSE
nlgn4a,142,142,1,-,C,A,mismatch,394,707,1,FALSE
nlgn4a,127,127,1,-,C,T,mismatch,395,741,1,FALSE
nlgn4a,124,124,1,-,T,G,mismatch,396,714,1,FALSE
nlgn4a,156,156,1,-,C,G,mismatch,396,714,1,FALSE
nlgn4a,226,226,1,-,T,A,mismatch,396,714,1,FALSE
nlgn4a,231,231,1,-,G,C,mismatch,396,714,1,FALSE
nlgn4a,170,170,1,-,T,C,mismatch,397,707,1,FALSE
nlgn4a,199,199,1,-,G,C,mismatch,397,707,1,FALSE
nlgn4a,117,117,1,-,A,G,mismatch,399,741,1,FALSE
nlgn4a,109,109,1,-,T,C,mismatch,400,714,1,FALSE
nlgn4a,142,142,1,-,C,G,mismatch,400,714,1,FALSE
nlgn4a,167,167,1,-,T,A,mismatch,400,714,1,FALSE
nlgn4a,148,148,1,-,C,T,mismatch,401,716,1,FALSE
nlgn4a,120,120,1,-,G,T,mismatch,402,707,1,FALSE
nlgn4a,227,227,1,-,T,G,mismatch,402,707,1,FALSE
nlgn4a,111,111,1,-,A,G,mismatch,403,741,1,FALSE
nlgn4a,121,121,1,-,T,C,mismatch,404,732,1,FALSE
nlgn4a,173,173,1,-,T,C,mismatch,404,732,1,FALSE
nlgn4a,157,157,1,-,A,T,mismatch,405,732,1,FALSE
nlgn4a,198,198,1,-,G,T,mismatch,405,732,1,FALSE
nlgn4a,137,137,1,-,G,C,mismatch,406,741,1,FALSE
nlgn4a,98,98,1,-,T,A,mismatch,407,707,1,FALSE
nlgn4a,196,196,1,-,G,T,mismatch,407,707,1,FALSE
nlgn4a,151,151,1,-,G,T,mismatch,408,723,1,FALSE
nlgn4a,200,200,1,-,C,T,mismatch,408,723,1,FALSE
nlgn4a,187,187,1,-,G,T,mismatch,409,741,1,FALSE
nlgn4a,115,115,1,-,G,T,mismatch,410,723,1,FALSE
nlgn4a,135,135,1,-,T,A,mismatch,410,723,1,FALSE
nlgn4a,144,144,1,-,A,G,mismatch,410,723,1,FALSE
nlgn4a,103,103,1,-,G,T,mismatch,411,741,1,FALSE
nlgn4a,111,111,1,-,A,T,mismatch,416,732,1,FALSE
nlgn4a,154,154,1,-,C,G,mismatch,416,732,1,FALSE
nlgn4a,125,125,1,-,T,G,mismatch,417,698,1,FALSE
nlgn4a,229,229,1,-,T,A,mismatch,417,698,1,FALSE
nlgn4a,160,160,1,-,A,T,mismatch,418,741,1,FALSE
nlgn4a,140,140,1,-,G,T,mismatch,420,741,1,FALSE
nlgn4a,107,107,1,-,T,G,mismatch,421,732,1,FALSE
nlgn4a,140,140,1,-,G,A,mismatch,421,732,1,FALSE
nlgn4a,227,227,1,-,T,G,mismatch,422,741,1,FALSE
nlgn4a,113,113,1,-,C,A,mismatch,423,714,1,FALSE
nlgn4a,130,130,1,-,C,G,mismatch,423,714,1,FALSE
nlgn4a,174,174,1,-,A,G,mismatch,423,714,1,FALSE
nlgn4a,178,178,1,-,C,G,mismatch,423,714,1,FALSE
nlgn4a,126,126,1,-,G,T,mismatch,424,741,1,FALSE
nlgn4a,103,103,1,-,G,C,mismatch,425,732,1,FALSE
nlgn4a,187,187,1,-,G,C,mismatch,425,732,1,FALSE
nlgn4a,202,202,1,-,T,G,mismatch,426,716,1,FALSE
nlgn4a,106,106,1,-,T,A,mismatch,427,707,1,FALSE
nlgn4a,120,120,1,-,G,T,mismatch,427,707,1,FALSE
nlgn4a,177,177,1,-,A,C,mismatch,428,741,1,FALSE
nlgn4a,112,112,1,-,C,A,mismatch,429,732,1,FALSE
nlgn4a,175,175,1,-,C,T,mismatch,429,732,1,FALSE
nlgn4a,106,106,1,-,T,C,mismatch,431,723,1,FALSE
nlgn4a,122,122,1,-,G,C,mismatch,431,723,1,FALSE
nlgn4a,129,129,1,-,G,C,mismatch,431,723,1,FALSE
nlgn4a,103,103,1,-,G,A,mismatch,432,716,1,FALSE
nlgn4a,149,149,1,-,A,T,mismatch,433,716,1,FALSE
nlgn4a,129,129,1,-,G,T,mismatch,434,741,1,FALSE
nlgn4a,94,94,1,-,C,G,mismatch,436,707,1,FALSE
nlgn4a,148,148,1,-,C,A,mismatch,436,707,1,FALSE
nlgn4a,118,118,1,-,T,G,mismatch,437,716,1,FALSE
nlgn4a,160,160,1,-,A,T,mismatch,438,741,1,FALSE
nlgn4a,110,110,1,-,T,G,mismatch,440,689,1,FALSE
nlgn4a,170,170,1,-,T,C,mismatch,440,689,1,FALSE
nlgn4a,181,181,1,-,A,G,mismatch,440,689,1,FALSE
nlgn4a,94,94,1,-,C,A,mismatch,441,716,1,FALSE
nlgn4a,118,118,1,-,T,G,mismatch,444,741,1,FALSE
nlgn4a,126,126,1,-,G,A,mismatch,445,741,1,FALSE
nlgn4a,115,115,1,-,G,T,mismatch,446,716,1,FALSE
nlgn4a,108,108,1,-,T,C,mismatch,447,732,1,FALSE
nlgn4a,132,132,1,-,G,T,mismatch,447,732,1,FALSE
nlgn4a,155,155,1,-,T,C,mismatch,449,732,1,FALSE
nlgn4a,105,105,1,-,C,A,mismatch,450,732,1,FALSE
nlgn4a,114,114,1,-,T,G,mismatch,452,732,1,FALSE
nlgn4a,166,166,1,-,C,G,mismatch,452,732,1,FALSE
nlgn4a,108,108,1,-,T,A,mismatch,453,723,1,FALSE
nlgn4a,136,136,1,-,G,T,mismatch,453,723,1,FALSE
nlgn4a,188,188,1,-,C,A,mismatch,453,723,1,FALSE
nlgn4a,118,118,1,-,T,C,mismatch,455,716,1,FALSE
nlgn4a,190,190,1,-,A,T,mismatch,456,741,1,FALSE
nlgn4a,124,124,1,-,T,G,mismatch,458,741,1,FALSE
nlgn4a,226,226,1,-,T,C,mismatch,459,683,1,FALSE
nlgn4a,186,186,1,-,G,T,mismatch,460,741,1,FALSE
nlgn4a,106,106,1,-,T,A,mismatch,463,716,1,FALSE
nlgn4a,147,147,1,-,A,C,mismatch,464,741,1,FALSE
nlgn4a,154,154,1,-,C,A,mismatch,465,707,1,FALSE
nlgn4a,148,148,1,-,C,A,mismatch,468,741,1,FALSE
nlgn4a,113,113,1,-,C,A,mismatch,471,741,1,FALSE
nlgn4a,121,121,1,-,T,A,mismatch,474,732,1,FALSE
nlgn4a,151,151,1,-,G,C,mismatch,474,732,1,FALSE
nlgn4a,151,151,1,-,G,C,mismatch,478,707,1,FALSE
nlgn4a,159,159,1,-,C,A,mismatch,478,707,1,FALSE
nlgn4a,130,130,1,-,C,T,mismatch,479,732,1,FALSE
nlgn4a,182,182,1,-,C,A,mismatch,479,732,1,FALSE
nlgn4a,98,98,1,-,T,G,mismatch,481,707,1,FALSE
nlgn4a,159,159,1,-,C,T,mismatch,481,707,1,FALSE
nlgn4a,200,200,1,-,C,A,mismatch,483,741,1,FALSE
nlgn4a,117,117,1,-,A,C,mismatch,484,716,1,FALSE
nlgn4a,182,182,1,-,C,G,mismatch,485,716,1,FALSE
nlgn4a,142,142,1,-,C,A,mismatch,486,741,1,FALSE
nlgn4a,114,114,1,-,T,A,mismatch,487,723,1,FALSE
nlgn4a,141,141,1,-,G,T,mismatch,487,723,1,FALSE
nlgn4a,209,209,1,-,A,C,mismatch,487,723,1,FALSE
nlgn4a,194,194,1,-,A,C,mismatch,488,741,1,FALSE
nlgn4a,174,174,1,-,A,G,mismatch,489,741,1,FALSE
nlgn4a,137,137,1,-,G,C,mismatch,490,707,1,FALSE
nlgn4a,143,143,1,-,C,A,mismatch,490,707,1,FALSE
nlgn4a,113,113,1,-,C,T,mismatch,491,707,1,FALSE
nlgn4a,131,131,1,-,T,C,mismatch,491,707,1,FALSE
nlgn4a,170,170,1,-,T,G,mismatch,492,716,1,FALSE
nlgn4a,119,119,1,-,T,G,mismatch,493,716,1,FALSE
nlgn4a,199,199,1,-,G,A,mismatch,494,741,1,FALSE
nlgn4a,126,126,1,-,G,T,mismatch,498,723,1,FALSE
nlgn4a,168,168,1,-,A,C,mismatch,498,723,1,FALSE
nlgn4a,201,201,1,-,T,A,mismatch,498,723,1,FALSE
nlgn4a,102,102,1,-,C,G,mismatch,499,698,1,FALSE
nlgn4a,166,166,1,-,C,A,mismatch,500,689,1,FALSE
nlgn4a,180,180,1,-,A,T,mismatch,500,689,1,FALSE
nlgn4a,189,189,1,-,A,G,mismatch,500,689,1,FALSE
nlgn4a,231,231,1,-,G,C,mismatch,500,689,1,FALSE
nlgn4a,125,125,1,-,T,A,mismatch,501,689,1,FALSE
nlgn4a,169,169,1,-,T,A,mismatch,501,689,1,FALSE
nlgn4a,225,225,1,-,A,G,mismatch,501,689,1,FALSE
nlgn4a,161,161,1,-,G,T,mismatch,502,682,1,FALSE
nlgn4a,174,174,1,-,A,T,mismatch,504,732,1,FALSE
nlgn4a,180,180,1,-,A,G,mismatch,504,732,1,FALSE
nlgn4a,171,171,1,-,G,C,mismatch,505,732,1,FALSE
nlgn4a,175,175,1,-,C,G,mismatch,505,732,1,FALSE
nlgn4a,104,104,1,-,C,T,mismatch,506,741,1,FALSE
nlgn4a,108,108,1,-,T,A,mismatch,508,732,1,FALSE
nlgn4a,145,145,1,-,T,C,mismatch,508,732,1,FALSE
nlgn4a,161,161,1,-,G,A,mismatch,511,698,1,FALSE
nlgn4a,171,171,1,-,G,T,mismatch,511,698,1,FALSE
nlgn4a,147,147,1,-,A,T,mismatch,512,732,1,FALSE
nlgn4a,188,188,1,-,C,T,mismatch,512,732,1,FALSE
nlgn4a,146,146,1,-,T,G,mismatch,514,741,1,FALSE
nlgn4a,198,198,1,-,G,C,mismatch,515,741,1,FALSE
nlgn4a,164,164,1,-,C,A,mismatch,516,716,1,FALSE
nlgn4a,96,96,1,-,A,T,mismatch,518,698,1,FALSE
nlgn4a,101,101,1,-,A,C,mismatch,518,698,1,FALSE
nlgn4a,177,177,1,-,A,C,mismatch,518,698,1,FALSE
nlgn4a,96,96,1,-,A,T,mismatch,520,707,1,FALSE
nlgn4a,137,137,1,-,G,T,mismatch,520,707,1,FALSE
nlgn4a,150,150,1,-,T,A,mismatch,521,716,1,FALSE
nlgn4a,124,124,1,-,T,C,mismatch,523,689,1,FALSE
nlgn4a,143,143,1,-,C,G,mismatch,523,689,1,FALSE
nlgn4a,171,171,1,-,G,C,mismatch,523,689,1,FALSE
nlgn4a,190,190,1,-,A,G,mismatch,524,707,1,FALSE
nlgn4a,211,211,1,-,C,G,mismatch,524,707,1,FALSE
nlgn4a,210,210,1,-,C,G,mismatch,525,716,1,FALSE
nlgn4a,206,206,1,-,A,C,mismatch,526,716,1,FALSE
nlgn4a,157,157,1,-,A,C,mismatch,527,707,1,FALSE
nlgn4a,205,205,1,-,A,C,mismatch,527,707,1,FALSE
nlgn4a,120,120,1,-,G,A,mismatch,528,707,1,FALSE
nlgn4a,204,204,1,-,A,G,mismatch,528,707,1,FALSE
nlgn4a,103,103,1,-,G,C,mismatch,529,698,1,FALSE
nlgn4a,140,140,1,-,G,C,mismatch,529,698,1,FALSE
nlgn4a,204,204,1,-,A,C,mismatch,529,698,1,FALSE
nlgn4a,120,120,1,-,G,A,mismatch,530,707,1,FALSE
nlgn4a,194,194,1,-,A,G,mismatch,530,707,1,FALSE
nlgn4a,107,107,1,-,T,G,mismatch,531,698,1,FALSE
nlgn4a,188,188,1,-,C,G,mismatch,531,698,1,FALSE
nlgn4a,194,194,1,-,A,C,mismatch,531,698,1,FALSE
nlgn4a,184,184,1,-,A,C,mismatch,532,716,1,FALSE
nlgn4a,159,159,1,-,C,G,mismatch,533,707,1,FALSE
nlgn4a,182,182,1,-,C,T,mismatch,533,707,1,FALSE
nlgn4a,163,163,1,-,A,G,mismatch,534,716,1,FALSE
nlgn4a,93,93,1,-,G,C,mismatch,535,698,1,FALSE
nlgn4a,157,157,1,-,A,G,mismatch,535,698,1,FALSE
nlgn4a,159,159,1,-,C,T,mismatch,535,698,1,FALSE
nlgn4a,149,149,1,-,A,G,mismatch,536,716,1,FALSE
nlgn4a,140,140,1,-,G,T,mismatch,537,707,1,FALSE
nlgn4a,148,148,1,-,C,T,mismatch,537,707,1,FALSE
nlgn4a,144,144,1,-,A,G,mismatch,538,716,1,FALSE
nlgn4a,116,116,1,-,G,T,mismatch,539,716,1,FALSE
nlgn4a,101,101,1,-,A,G,mismatch,540,707,1,FALSE
nlgn4a,111,111,1,-,A,T,mismatch,540,707,1,FALSE
nlgn4a,99,99,1,-,C,G,mismatch,541,716,1,FALSE
nlgn4a,96,96,1,-,A,T,mismatch,542,716,1,FALSE
nlgn4a,99,99,1,-,C,A,mismatch,543,716,1,FALSE
nlgn4a,100,100,1,-,T,G,mismatch,544,716,1,FALSE
nlgn4a,100,100,1,-,T,A,mismatch,545,716,1,FALSE
nlgn4a,106,106,1,-,T,C,mismatch,546,716,1,FALSE
nlgn4a,103,103,1,-,G,A,mismatch,547,707,1,FALSE
nlgn4a,135,135,1,-,T,C,mismatch,547,707,1,FALSE
nlgn4a,123,123,1,-,C,G,mismatch,548,707,1,FALSE
nlgn4a,139,139,1,-,T,G,mismatch,548,707,1,FALSE
nlgn4a,103,103,1,-,G,C,mismatch,549,707,1,FALSE
nlgn4a,139,139,1,-,T,G,mismatch,549,707,1,FALSE
nlgn4a,139,139,1,-,T,C,mismatch,550,716,1,FALSE
nlgn4a,105,105,1,-,C,A,mismatch,551,707,1,FALSE
nlgn4a,141,141,1,-,G,C,mismatch,551,707,1,FALSE
nlgn4a,142,142,1,-,C,A,mismatch,552,716,1,FALSE
nlgn4a,109,109,1,-,T,A,mismatch,553,698,1,FALSE
nlgn4a,138,138,1,-,C,G,mismatch,553,698,1,FALSE
nlgn4a,143,143,1,-,C,A,mismatch,553,698,1,FALSE
nlgn4a,104,104,1,-,C,A,mismatch,554,707,1,FALSE
nlgn4a,146,146,1,-,T,A,mismatch,554,707,1,FALSE
nlgn4a,150,150,1,-,T,C,mismatch,555,716,1,FALSE
nlgn4a,152,152,1,-,G,A,mismatch,556,716,1,FALSE
nlgn4a,93,93,1,-,G,C,mismatch,557,698,1,FALSE
nlgn4a,105,105,1,-,C,G,mismatch,557,698,1,FALSE
nlgn4a,155,155,1,-,T,G,mismatch,557,698,1,FALSE
nlgn4a,155,155,1,-,T,A,mismatch,558,716,1,FALSE
nlgn4a,102,102,1,-,C,A,mismatch,559,707,1,FALSE
nlgn4a,155,155,1,-,T,A,mismatch,559,707,1,FALSE
nlgn4a,93,93,1,-,G,C,mismatch,560,698,1,FALSE
nlgn4a,145,145,1,-,T,A,mismatch,560,698,1,FALSE
nlgn4a,156,156,1,-,C,A,mismatch,560,698,1,FALSE
nlgn4a,164,164,1,-,C,A,mismatch,561,716,1,FALSE
nlgn4a,105,105,1,-,C,A,mismatch,562,698,1,FALSE
nlgn4a,157,157,1,-,A,C,mismatch,562,698,1,FALSE
nlgn4a,166,166,1,-,C,A,mismatch,562,698,1,FALSE
nlgn4a,113,113,1,-,C,G,mismatch,563,707,1,FALSE
nlgn4a,172,172,1,-,T,G,mismatch,563,707,1,FALSE
nlgn4a,95,95,1,-,T,G,mismatch,564,707,1,FALSE
nlgn4a,176,176,1,-,G,A,mismatch,564,707,1,FALSE
nlgn4a,111,111,1,-,A,G,mismatch,565,707,1,FALSE
nlgn4a,178,178,1,-,C,A,mismatch,565,707,1,FALSE
nlgn4a,99,99,1,-,C,G,mismatch,566,707,1,FALSE
nlgn4a,178,178,1,-,C,A,mismatch,566,707,1,FALSE
nlgn4a,136,136,1,-,G,C,mismatch,567,707,1,FALSE
nlgn4a,186,186,1,-,G,C,mismatch,567,707,1,FALSE
nlgn4a,177,177,1,-,A,G,mismatch,568,707,1,FALSE
nlgn4a,201,201,1,-,T,G,mismatch,568,707,1,FALSE
nlgn4a,201,201,1,-,T,A,mismatch,569,716,1,FALSE
nlgn4a,214,214,1,-,T,C,mismatch,570,716,1,FALSE
nlgn4a,176,176,1,-,G,A,mismatch,571,707,1,FALSE
nlgn4a,214,214,1,-,T,A,mismatch,571,707,1,FALSE
nlgn4a,95,95,1,-,T,G,mismatch,572,707,1,FALSE
nlgn4a,221,221,1,-,T,G,mismatch,572,707,1,FALSE
nlgn4a,171,171,1,-,G,T,mismatch,573,689,1,FALSE
nlgn4a,180,180,1,-,A,G,mismatch,573,689,1,FALSE
nlgn4a,215,215,1,-,G,A,mismatch,573,689,1,FALSE
nlgn4a,105,105,1,-,C,G,mismatch,574,680,1,FALSE
nlgn4a,124,124,1,-,T,G,mismatch,574,680,1,FALSE
nlgn4a,166,166,1,-,C,T,mismatch,574,680,1,FALSE
nlgn4a,213,213,1,-,C,T,mismatch,574,680,1,FALSE
nlgn4a,195,195,1,-,A,T,mismatch,575,707,1,FALSE
nlgn4a,135,135,1,-,T,A,mismatch,576,707,1,FALSE
nlgn4a,105,105,1,-,C,A,mismatch,577,698,1,FALSE
nlgn4a,122,122,1,-,G,A,mismatch,577,698,1,FALSE
nlgn4a,104,104,1,-,C,T,mismatch,581,723,1,FALSE
nlgn4a,106,106,1,-,T,C,mismatch,581,723,1,FALSE
nlgn4a,115,115,1,-,G,C,mismatch,581,723,1,FALSE
nlgn4a,144,144,1,-,A,C,mismatch,582,732,1,FALSE
nlgn4a,164,164,1,-,C,A,mismatch,582,732,1,FALSE
nlgn4a,214,214,1,-,T,G,mismatch,584,741,1,FALSE
nlgn4a,175,175,1,-,C,A,mismatch,586,732,1,FALSE
nlgn4a,197,197,1,-,A,C,mismatch,586,732,1,FALSE
nlgn4a,156,156,1,-,C,T,mismatch,588,707,1,FALSE
nlgn4a,202,202,1,-,T,G,mismatch,588,707,1,FALSE
nlgn4a,174,174,1,-,A,T,mismatch,589,741,1,FALSE
nlgn4a,115,115,1,-,G,T,mismatch,590,732,1,FALSE
nlgn4a,123,123,1,-,C,G,mismatch,590,732,1,FALSE
nlgn4a,108,108,1,-,T,G,mismatch,591,741,1,FALSE
nlgn4a,115,115,1,-,G,C,mismatch,592,741,1,FALSE
nlgn4a,125,125,1,-,T,C,mismatch,593,732,1,FALSE
nlgn4a,156,156,1,-,C,A,mismatch,593,732,1,FALSE
nlgn4a,129,129,1,-,G,A,mismatch,594,716,1,FALSE
nlgn4a,106,106,1,-,T,A,mismatch,595,732,1,FALSE
nlgn4a,136,136,1,-,G,A,mismatch,596,732,1,FALSE
nlgn4a,195,195,1,-,A,C,mismatch,596,732,1,FALSE
nlgn4a,178,178,1,-,C,T,mismatch,597,741,1,FALSE
nlgn4a,111,111,1,-,A,T,mismatch,598,741,1,FALSE
nlgn4a,123,123,1,-,C,T,mismatch,600,701,1,FALSE
nlgn4a,112,112,1,-,C,T,mismatch,601,723,1,FALSE
nlgn4a,125,125,1,-,T,C,mismatch,601,723,1,FALSE
nlgn4a,159,159,1,-,C,G,mismatch,601,723,1,FALSE
nlgn4a,119,119,1,-,T,A,mismatch,602,741,1,FALSE
nlgn4a,143,143,1,-,C,A,mismatch,603,732,1,FALSE
nlgn4a,200,200,1,-,C,G,mismatch,603,732,1,FALSE
nlgn4a,120,120,1,-,G,C,mismatch,605,741,1,FALSE
nlgn4a,124,124,1,-,T,A,mismatch,606,716,1,FALSE
nlgn4a,223,223,1,-,A,G,mismatch,608,707,1,FALSE
nlgn4a,225,225,1,-,A,C,mismatch,608,707,1,FALSE
nlgn4a,207,207,1,-,A,G,mismatch,609,716,1,FALSE
nlgn4a,172,172,1,-,T,A,mismatch,610,707,1,FALSE
nlgn4a,207,207,1,-,A,C,mismatch,610,707,1,FALSE
nlgn4a,204,204,1,-,A,T,mismatch,611,716,1,FALSE
nlgn4a,184,184,1,-,A,G,mismatch,612,716,1,FALSE
nlgn4a,170,170,1,-,T,A,mismatch,613,707,1,FALSE
nlgn4a,182,182,1,-,C,G,mismatch,613,707,1,FALSE
nlgn4a,176,176,1,-,G,T,mismatch,614,716,1,FALSE
nlgn4a,120,120,1,-,G,T,mismatch,615,698,1,FALSE
nlgn4a,163,163,1,-,A,C,mismatch,615,698,1,FALSE
nlgn4a,166,166,1,-,C,G,mismatch,615,698,1,FALSE
nlgn4a,159,159,1,-,C,G,mismatch,616,716,1,FALSE
nlgn4a,106,106,1,-,T,C,mismatch,617,707,1,FALSE
nlgn4a,142,142,1,-,C,G,mismatch,617,707,1,FALSE
nlgn4a,122,122,1,-,G,T,mismatch,618,716,1,FALSE
nlgn4a,105,105,1,-,C,T,mismatch,619,716,1,FALSE
nlgn4a,102,102,1,-,C,A,mismatch,620,716,1,FALSE
nlgn4a,106,106,1,-,T,G,mismatch,621,716,1,FALSE
nlgn4a,139,139,1,-,T,C,mismatch,622,716,1,FALSE
nlgn4a,113,113,1,-,C,T,mismatch,623,707,1,FALSE
nlgn4a,145,145,1,-,T,A,mismatch,623,707,1,FALSE
nlgn4a,154,154,1,-,C,A,mismatch,624,716,1,FALSE
nlgn4a,165,165,1,-,C,A,mismatch,625,716,1,FALSE
nlgn4a,106,106,1,-,T,A,mismatch,626,698,1,FALSE
nlgn4a,139,139,1,-,T,C,mismatch,626,698,1,FALSE
nlgn4a,167,167,1,-,T,A,mismatch,626,698,1,FALSE
nlgn4a,170,170,1,-,T,A,mismatch,627,716,1,FALSE
nlgn4a,119,119,1,-,T,G,mismatch,628,707,1,FALSE
nlgn4a,182,182,1,-,C,A,mismatch,628,707,1,FALSE
nlgn4a,196,196,1,-,G,C,mismatch,629,716,1,FALSE
nlgn4a,201,201,1,-,T,G,mismatch,630,716,1,FALSE
nlgn4a,114,114,1,-,T,C,mismatch,631,707,1,FALSE
nlgn4a,202,202,1,-,T,G,mismatch,631,707,1,FALSE
nlgn4a,128,128,1,-,G,A,mismatch,632,707,1,FALSE
nlgn4a,210,210,1,-,C,A,mismatch,632,707,1,FALSE
nlgn4a,105,105,1,-,C,A,mismatch,633,698,1,FALSE
nlgn4a,188,188,1,-,C,T,mismatch,633,698,1,FALSE
nlgn4a,221,221,1,-,T,C,mismatch,633,698,1,FALSE
nlgn4a,138,138,1,-,C,G,mismatch,634,698,1,FALSE
nlgn4a,148,148,1,-,C,T,mismatch,634,698,1,FALSE
nlgn4a,221,221,1,-,T,C,mismatch,634,698,1,FALSE
nlgn4a,185,185,1,-,T,G,mismatch,635,707,1,FALSE
nlgn4a,107,107,1,-,T,A,mismatch,636,689,1,FALSE
nlgn4a,141,141,1,-,G,T,mismatch,636,689,1,FALSE
nlgn4a,212,212,1,-,T,C,mismatch,636,689,1,FALSE
nlgn4a,112,112,1,-,C,G,mismatch,637,716,1,FALSE
nlgn4a,116,116,1,-,G,T,mismatch,638,716,1,FALSE
nlgn4a,136,136,1,-,G,T,mismatch,639,689,1,FALSE
nlgn4a,164,164,1,-,C,G,mismatch,639,689,1,FALSE
nlgn4a,170,170,1,-,T,G,mismatch,639,689,1,FALSE
nlgn4a,195,195,1,-,A,C,mismatch,639,689,1,FALSE
nlgn4a,127,127,1,-,C,G,mismatch,640,741,1,FALSE
nlgn4a,112,112,1,-,C,G,mismatch,641,732,1,FALSE
nlgn4a,181,181,1,-,A,T,mismatch,641,732,1,FALSE
nlgn4a,146,146,1,-,T,G,mismatch,642,741,1,FALSE
nlgn4a,217,217,1,-,C,A,mismatch,643,741,1,FALSE
nlgn4a,179,179,1,-,A,G,mismatch,645,741,1,FALSE
nlgn4a,108,108,1,-,T,C,mismatch,646,741,1,FALSE
nlgn4a,117,117,1,-,A,C,mismatch,647,732,1,FALSE
nlgn4a,185,185,1,-,T,C,mismatch,647,732,1,FALSE
nlgn4a,176,176,1,-,G,C,mismatch,648,741,1,FALSE
nlgn4a,128,128,1,-,G,A,mismatch,649,723,1,FALSE
nlgn4a,131,131,1,-,T,A,mismatch,649,723,1,FALSE
nlgn4a,117,117,1,-,A,G,mismatch,650,741,1,FALSE
nlgn4a,104,104,1,-,C,T,mismatch,651,741,1,FALSE
nlgn4a,206,206,1,-,A,G,mismatch,654,701,1,FALSE
nlgn4a,122,122,1,-,G,T,mismatch,655,701,1,FALSE
nlgn4a,111,111,1,-,A,T,mismatch,656,692,1,FALSE
nlgn4a,130,130,1,-,C,A,mismatch,656,692,1,FALSE
nlgn4a,150,150,1,-,T,A,mismatch,657,683,1,FALSE
nlgn4a,204,204,1,-,A,G,mismatch,657,683,1,FALSE
nlgn4a,218,218,1,-,C,A,mismatch,657,683,1,FALSE
nlgn4a,169,169,1,-,T,A,mismatch,658,741,1,FALSE
nlgn4a,111,111,1,-,A,T,mismatch,659,741,1,FALSE
nlgn4a,127,127,1,-,C,T,mismatch,661,674,1,FALSE
nlgn4a,137,137,1,-,G,C,mismatch,661,674,1,FALSE
nlgn4a,165,165,1,-,C,G,mismatch,661,674,1,FALSE
nlgn4a,204,204,1,-,A,T,mismatch,661,674,1,FALSE
nlgn4a,169,169,1,-,T,G,mismatch,662,692,1,FALSE
nlgn4a,199,199,1,-,G,T,mismatch,662,692,1,FALSE
nlgn4a,231,231,1,-,G,A,mismatch,664,701,1,FALSE
nlgn4a,173,173,1,-,T,C,mismatch,666,741,1,FALSE
nlgn4a,107,107,1,-,T,G,mismatch,668,732,1,FALSE
nlgn4a,131,131,1,-,T,G,mismatch,668,732,1,FALSE
nlgn4a,199,199,1,-,G,C,mismatch,670,741,1,FALSE
nlgn4a,106,106,1,-,T,A,mismatch,673,732,1,FALSE
nlgn4a,108,108,1,-,T,C,mismatch,673,732,1,FALSE
nlgn4a,187,187,1,-,G,A,mismatch,674,741,1,FALSE
nlgn4a,181,181,1,-,A,G,mismatch,675,732,1,FALSE
nlgn4a,198,198,1,-,G,A,mismatch,675,732,1,FALSE
nlgn4a,169,169,1,-,T,G,mismatch,676,732,1,FALSE
nlgn4a,218,218,1,-,C,T,mismatch,677,741,1,FALSE
nlgn4a,107,107,1,-,T,C,mismatch,678,723,1,FALSE
nlgn4a,139,139,1,-,T,C,mismatch,678,723,1,FALSE
nlgn4a,165,165,1,-,C,G,mismatch,678,723,1,FALSE
nlgn4a,107,107,1,-,T,A,mismatch,679,732,1,FALSE
nlgn4a,137,137,1,-,G,A,mismatch,679,732,1,FALSE
nlgn4a,127,127,1,-,C,A,mismatch,680,741,1,FALSE
nlgn4a,117,117,1,-,A,C,mismatch,681,723,1,FALSE
nlgn4a,192,192,1,-,C,T,mismatch,681,723,1,FALSE
nlgn4a,210,210,1,-,C,A,mismatch,681,723,1,FALSE
nlgn4a,125,125,1,-,T,A,mismatch,682,732,1,FALSE
nlgn4a,104,104,1,-,C,A,mismatch,683,723,1,FALSE
nlgn4a,199,199,1,-,G,C,mismatch,683,723,1,FALSE
nlgn4a,127,127,1,-,C,A,mismatch,686,723,1,FALSE
nlgn4a,203,203,1,-,G,T,mismatch,686,723,1,FALSE
nlgn4a,110,110,1,-,T,C,mismatch,687,741,1,FALSE
nlgn4a,105,105,1,-,C,A,mismatch,689,741,1,FALSE
nlgn4a,195,195,1,-,A,T,mismatch,690,741,1,FALSE
nlgn4a,181,181,1,-,A,G,mismatch,691,741,1,FALSE
nlgn4a,151,151,1,-,G,T,mismatch,692,732,1,FALSE
nlgn4a,126,126,1,-,G,C,mismatch,693,732,1,FALSE
nlgn4a,133,133,1,-,C,A,mismatch,694,741,1,FALSE
nlgn4a,112,112,1,-,C,T,mismatch,695,732,1,FALSE
nlgn4a,156,156,1,-,C,T,mismatch,695,732,1,FALSE
nlgn4a,159,159,1,-,C,A,mismatch,696,741,1,FALSE
nlgn4a,143,143,1,-,C,T,mismatch,697,723,1,FALSE
nlgn4a,148,148,1,-,C,G,mismatch,697,723,1,FALSE
nlgn4a,121,121,1,-,T,A,mismatch,698,732,1,FALSE
nlgn4a,170,170,1,-,T,G,mismatch,699,732,1,FALSE
nlgn4a,114,114,1,-,T,G,mismatch,701,732,1,FALSE
nlgn4a,111,111,1,-,A,C,mismatch,702,705,1,FALSE
nlgn4a,115,115,1,-,G,T,mismatch,702,705,1,FALSE
nlgn4a,121,121,1,-,T,C,mismatch,702,705,1,FALSE
nlgn4a,221,221,1,-,T,A,mismatch,702,705,1,FALSE
nlgn4a,219,219,1,-,A,G,mismatch,703,723,1,FALSE
nlgn4a,105,105,1,-,C,G,mismatch,704,723,1,FALSE
nlgn4a,190,190,1,-,A,G,mismatch,704,723,1,FALSE
nlgn4a,125,125,1,-,T,G,mismatch,706,732,1,FALSE
nlgn4a,103,103,1,-,G,C,mismatch,707,732,1,FALSE
nlgn4a,107,107,1,-,T,A,mismatch,708,732,1,FALSE
nlgn4a,127,127,1,-,C,T,mismatch,709,714,1,FALSE
nlgn4a,150,150,1,-,T,C,mismatch,709,714,1,FALSE
nlgn4a,121,121,1,-,T,G,mismatch,711,732,1,FALSE
nlgn4a,134,134,1,-,G,A,mismatch,712,732,1,FALSE
nlgn4a,197,197,1,-,A,G,mismatch,713,732,1,FALSE
nlgn4a,110,110,1,-,T,G,mismatch,714,732,1,FALSE
nlgn4a,116,116,1,-,G,C,mismatch,715,732,1,FALSE
nlgn4a,194,194,1,-,A,C,mismatch,716,732,1,FALSE
nlgn4a,178,178,1,-,C,A,mismatch,718,732,1,FALSE
nlgn4a,124,124,1,-,T,G,mismatch,719,714,1,FALSE
nlgn4a,131,131,1,-,T,C,mismatch,719,714,1,FALSE
nlgn4a,186,186,1,-,G,A,mismatch,719,714,1,FALSE
nlgn4a,103,103,1,-,G,T,mismatch,721,705,1,FALSE
nlgn4a,147,147,1,-,A,G,mismatch,721,705,1,FALSE
nlgn4a,162,162,1,-,C,A,mismatch,721,705,1,FALSE
nlgn4a,219,219,1,-,A,G,mismatch,721,705,1,FALSE
nlgn4a,115,115,1,-,G,T,mismatch,722,732,1,FALSE
nlgn4a,194,194,1,-,A,T,mismatch,724,732,1,FALSE
nlgn4a,132,132,1,-,G,C,mismatch,726,732,1,FALSE
nlgn4a,145,145,1,-,T,C,mismatch,727,687,1,FALSE
nlgn4a,156,156,1,-,C,T,mismatch,727,687,1,FALSE
nlgn4a,163,163,1,-,A,G,mismatch,727,687,1,FALSE
nlgn4a,184,184,1,-,A,C,mismatch,727,687,1,FALSE
nlgn4a,186,186,1,-,G,T,mismatch,727,687,1,FALSE
nlgn4a,219,219,1,-,A,T,mismatch,727,687,1,FALSE
nlgn4a,134,134,1,-,G,A,mismatch,728,732,1,FALSE
nlgn4a,186,186,1,-,G,A,mismatch,729,732,1,FALSE
nlgn4a,123,123,1,-,C,G,mismatch,730,732,1,FALSE
nlgn4a,156,156,1,-,C,A,mismatch,731,732,1,FALSE
nlgn4a,213,213,1,-,C,G,mismatch,732,732,1,FALSE
nlgn4a,122,122,1,-,G,C,mismatch,733,723,1,FALSE
nlgn4a,204,204,1,-,A,T,mismatch,733,723,1,FALSE
nlgn4a,119,119,1,-,T,C,mismatch,734,723,1,FALSE
nlgn4a,177,177,1,-,A,G,mismatch,734,723,1,FALSE
nlgn4a,220,220,1,-,A,T,mismatch,736,732,1,FALSE
nlgn4a,157,157,1,-,A,C,mismatch,737,732,1,FALSE
nlgn4a,167,167,1,-,T,C,mismatch,739,723,1,FALSE
nlgn4a,170,170,1,-,T,G,mismatch,739,723,1,FALSE
nlgn4a,126,126,1,-,G,C,mismatch,741,732,1,FALSE
nlgn4a,135,135,1,-,T,G,mismatch,742,732,1,FALSE
nlgn4a,131,131,1,-,T,G,mismatch,743,732,1,FALSE
nlgn4a,158,158,1,-,G,C,mismatch,744,732,1,FALSE
nlgn4a,104,104,1,-,C,G,mismatch,746,732,1,FALSE
nlgn4a,103,103,1,-,G,C,mismatch,747,732,1,FALSE
nlgn4a,163,163,1,-,A,C,mismatch,748,732,1,FALSE
nlgn4a,233,233,1,-,G,T,mismatch,748,732,1,FALSE
nlgn4a,233,233,1,-,G,T,mismatch,749,723,1,FALSE
nlgn4a,106,106,1,-,T,C,mismatch,750,732,1,FALSE
nlgn4a,233,233,1,-,G,T,mismatch,750,732,1,FALSE
nlgn4a,110,110,1,-,T,A,mismatch,751,732,1,FALSE
nlgn4a,233,233,1,-,G,T,mismatch,751,732,1,FALSE
nlgn4a,128,128,1,-,G,A,mismatch,752,732,1,FALSE
nlgn4a,233,233,1,-,G,T,mismatch,752,732,1,FALSE
nlgn4a,110,110,1,-,T,A,mismatch,753,732,1,FALSE
nlgn4a,230,230,1,-,A,G,mismatch,753,732,1,FALSE
nlgn4a,209,209,1,-,A,G,mismatch,754,732,1,FALSE
nlgn4a,230,230,1,-,A,C,mismatch,754,732,1,FALSE
nlgn4a,204,204,1,-,A,G,mismatch,755,732,1,FALSE
nlgn4a,230,230,1,-,A,C,mismatch,755,732,1,FALSE
nlgn4a,120,120,1,-,G,T,mismatch,756,732,1,FALSE
nlgn4a,230,230,1,-,A,C,mismatch,756,732,1,FALSE
nlgn4a,230,230,1,-,A,C,mismatch,757,741,1,FALSE
nlgn4a,187,187,1,-,G,C,mismatch,758,732,1,FALSE
nlgn4a,230,230,1,-,A,C,mismatch,758,732,1,FALSE
nlgn4a,111,111,1,-,A,T,mismatch,759,723,1,FALSE
nlgn4a,119,119,1,-,T,C,mismatch,759,723,1,FALSE
nlgn4a,228,228,1,-,C,G,mismatch,759,723,1,FALSE
nlgn4a,110,110,1,-,T,A,mismatch,760,732,1,FALSE
nlgn4a,225,225,1,-,A,T,mismatch,760,732,1,FALSE
nlgn4a,119,119,1,-,T,C,mismatch,761,732,1,FALSE
nlgn4a,225,225,1,-,A,T,mismatch,761,732,1,FALSE
nlgn4a,213,213,1,-,C,G,mismatch,762,732,1,FALSE
nlgn4a,225,225,1,-,A,G,mismatch,762,732,1,FALSE
nlgn4a,225,225,1,-,A,C,mismatch,763,741,1,FALSE
nlgn4a,222,222,1,-,G,T,mismatch,764,741,1,FALSE
nlgn4a,114,114,1,-,T,G,mismatch,765,705,1,FALSE
nlgn4a,130,130,1,-,C,G,mismatch,765,705,1,FALSE
nlgn4a,139,139,1,-,T,C,mismatch,765,705,1,FALSE
nlgn4a,216,216,1,-,C,T,mismatch,765,705,1,FALSE
nlgn4a,220,220,1,-,A,T,mismatch,765,705,1,FALSE
nlgn4a,220,220,1,-,A,T,mismatch,766,741,1,FALSE
nlgn4a,109,109,1,-,T,A,mismatch,767,723,1,FALSE
nlgn4a,173,173,1,-,T,G,mismatch,767,723,1,FALSE
nlgn4a,220,220,1,-,A,G,mismatch,767,723,1,FALSE
nlgn4a,220,220,1,-,A,C,mismatch,768,741,1,FALSE
nlgn4a,154,154,1,-,C,G,mismatch,769,723,1,FALSE
nlgn4a,175,175,1,-,C,T,mismatch,769,723,1,FALSE
nlgn4a,219,219,1,-,A,T,mismatch,769,723,1,FALSE
nlgn4a,108,108,1,-,T,A,mismatch,770,705,1,FALSE
nlgn4a,114,114,1,-,T,C,mismatch,770,705,1,FALSE
nlgn4a,130,130,1,-,C,T,mismatch,770,705,1,FALSE
nlgn4a,152,152,1,-,G,T,mismatch,770,705,1,FALSE
nlgn4a,219,219,1,-,A,T,mismatch,770,705,1,FALSE
nlgn4a,122,122,1,-,G,C,mismatch,771,723,1,FALSE
nlgn4a,210,210,1,-,C,A,mismatch,771,723,1,FALSE
nlgn4a,219,219,1,-,A,G,mismatch,771,723,1,FALSE
nlgn4a,106,106,1,-,T,A,mismatch,772,732,1,FALSE
nlgn4a,218,218,1,-,C,T,mismatch,772,732,1,FALSE
nlgn4a,191,191,1,-,G,C,mismatch,773,732,1,FALSE
nlgn4a,218,218,1,-,C,T,mismatch,773,732,1,FALSE
nlgn4a,163,163,1,-,A,G,mismatch,774,732,1,FALSE
nlgn4a,218,218,1,-,C,G,mismatch,774,732,1,FALSE
nlgn4a,218,218,1,-,C,G,mismatch,775,741,1,FALSE
nlgn4a,114,114,1,-,T,A,mismatch,776,723,1,FALSE
nlgn4a,125,125,1,-,T,A,mismatch,776,723,1,FALSE
nlgn4a,218,218,1,-,C,G,mismatch,776,723,1,FALSE
nlgn4a,113,113,1,-,C,G,mismatch,777,732,1,FALSE
nlgn4a,217,217,1,-,C,T,mismatch,777,732,1,FALSE
nlgn4a,202,202,1,-,T,C,mismatch,778,714,1,FALSE
nlgn4a,217,217,1,-,C,G,mismatch,778,714,1,FALSE
nlgn4a,148,148,1,-,C,G,mismatch,779,732,1,FALSE
nlgn4a,216,216,1,-,C,T,mismatch,779,732,1,FALSE
nlgn4a,216,216,1,-,C,T,mismatch,780,741,1,FALSE
nlgn4a,115,115,1,-,G,T,mismatch,781,723,1,FALSE
nlgn4a,146,146,1,-,T,C,mismatch,781,723,1,FALSE
nlgn4a,216,216,1,-,C,T,mismatch,781,723,1,FALSE
nlgn4a,150,150,1,-,T,A,mismatch,782,732,1,FALSE
nlgn4a,216,216,1,-,C,T,mismatch,782,732,1,FALSE
nlgn4a,216,216,1,-,C,G,mismatch,783,741,1,FALSE
nlgn4a,110,110,1,-,T,G,mismatch,784,723,1,FALSE
nlgn4a,116,116,1,-,G,A,mismatch,784,723,1,FALSE
nlgn4a,216,216,1,-,C,G,mismatch,784,723,1,FALSE
nlgn4a,166,166,1,-,C,A,mismatch,785,723,1,FALSE
nlgn4a,195,195,1,-,A,C,mismatch,785,723,1,FALSE
nlgn4a,215,215,1,-,G,T,mismatch,785,723,1,FALSE
nlgn4a,156,156,1,-,C,T,mismatch,786,732,1,FALSE
nlgn4a,215,215,1,-,G,T,mismatch,786,732,1,FALSE
nlgn4a,151,151,1,-,G,T,mismatch,787,732,1,FALSE
nlgn4a,215,215,1,-,G,T,mismatch,787,732,1,FALSE
nlgn4a,111,111,1,-,A,T,mismatch,788,732,1,FALSE
nlgn4a,215,215,1,-,G,T,mismatch,788,732,1,FALSE
nlgn4a,111,111,1,-,A,C,mismatch,789,732,1,FALSE
nlgn4a,215,215,1,-,G,T,mismatch,789,732,1,FALSE
nlgn4a,194,194,1,-,A,C,mismatch,790,732,1,FALSE
nlgn4a,213,213,1,-,C,G,mismatch,790,732,1,FALSE
nlgn4a,144,144,1,-,A,T,mismatch,791,732,1,FALSE
nlgn4a,213,213,1,-,C,G,mismatch,791,732,1,FALSE
nlgn4a,110,110,1,-,T,C,mismatch,792,723,1,FALSE
nlgn4a,125,125,1,-,T,A,mismatch,792,723,1,FALSE
nlgn4a,211,211,1,-,C,T,mismatch,792,723,1,FALSE
nlgn4a,211,211,1,-,C,G,mismatch,793,741,1,FALSE
nlgn4a,110,110,1,-,T,C,mismatch,794,732,1,FALSE
nlgn4a,211,211,1,-,C,G,mismatch,794,732,1,FALSE
nlgn4a,115,115,1,-,G,C,mismatch,795,723,1,FALSE
nlgn4a,177,177,1,-,A,C,mismatch,795,723,1,FALSE
nlgn4a,210,210,1,-,C,T,mismatch,795,723,1,FALSE
nlgn4a,131,131,1,-,T,A,mismatch,796,723,1,FALSE
nlgn4a,143,143,1,-,C,A,mismatch,796,723,1,FALSE
nlgn4a,210,210,1,-,C,T,mismatch,796,723,1,FALSE
nlgn4a,132,132,1,-,G,T,mismatch,797,732,1,FALSE
nlgn4a,210,210,1,-,C,G,mismatch,797,732,1,FALSE
nlgn4a,127,127,1,-,C,T,mismatch,798,732,1,FALSE
nlgn4a,210,210,1,-,C,G,mismatch,798,732,1,FALSE
nlgn4a,111,111,1,-,A,T,mismatch,799,732,1,FALSE
nlgn4a,210,210,1,-,C,G,mismatch,799,732,1,FALSE
nlgn4a,210,210,1,-,C,G,mismatch,800,741,1,FALSE
nlgn4a,210,210,1,-,C,G,mismatch,801,723,1,FALSE
nlgn4a,110,110,1,-,T,G,mismatch,802,723,1,FALSE
nlgn4a,151,151,1,-,G,T,mismatch,802,723,1,FALSE
nlgn4a,209,209,1,-,A,T,mismatch,802,723,1,FALSE
nlgn4a,209,209,1,-,A,T,mismatch,803,741,1,FALSE
nlgn4a,209,209,1,-,A,G,mismatch,804,741,1,FALSE
nlgn4a,114,114,1,-,T,A,mismatch,805,732,1,FALSE
nlgn4a,209,209,1,-,A,G,mismatch,805,732,1,FALSE
nlgn4a,207,207,1,-,A,T,mismatch,806,741,1,FALSE
nlgn4a,118,118,1,-,T,C,mismatch,807,732,1,FALSE
nlgn4a,207,207,1,-,A,T,mismatch,807,732,1,FALSE
nlgn4a,131,131,1,-,T,G,mismatch,808,732,1,FALSE
nlgn4a,207,207,1,-,A,T,mismatch,808,732,1,FALSE
nlgn4a,156,156,1,-,C,G,mismatch,809,732,1,FALSE
nlgn4a,207,207,1,-,A,G,mismatch,809,732,1,FALSE
nlgn4a,207,207,1,-,A,G,mismatch,810,741,1,FALSE
nlgn4a,125,125,1,-,T,G,mismatch,811,732,1,FALSE
nlgn4a,207,207,1,-,A,G,mismatch,811,732,1,FALSE
nlgn4a,126,126,1,-,G,T,mismatch,812,723,1,FALSE
nlgn4a,128,128,1,-,G,A,mismatch,812,723,1,FALSE
nlgn4a,207,207,1,-,A,G,mismatch,812,723,1,FALSE
nlgn4a,121,121,1,-,T,A,mismatch,813,723,1,FALSE
nlgn4a,204,204,1,-,A,T,mismatch,813,723,1,FALSE
nlgn4a,206,206,1,-,A,T,mismatch,813,723,1,FALSE
nlgn4a,105,105,1,-,C,G,mismatch,814,714,1,FALSE
nlgn4a,168,168,1,-,A,G,mismatch,814,714,1,FALSE
nlgn4a,179,179,1,-,A,G,mismatch,814,714,1,FALSE
nlgn4a,206,206,1,-,A,T,mismatch,814,714,1,FALSE
nlgn4a,129,129,1,-,G,A,mismatch,815,723,1,FALSE
nlgn4a,150,150,1,-,T,C,mismatch,815,723,1,FALSE
nlgn4a,206,206,1,-,A,T,mismatch,815,723,1,FALSE
nlgn4a,206,206,1,-,A,G,mismatch,816,741,1,FALSE
nlgn4a,206,206,1,-,A,C,mismatch,817,741,1,FALSE
nlgn4a,103,103,1,-,G,C,mismatch,818,732,1,FALSE
nlgn4a,206,206,1,-,A,C,mismatch,818,732,1,FALSE
nlgn4a,110,110,1,-,T,C,mismatch,819,732,1,FALSE
nlgn4a,205,205,1,-,A,T,mismatch,819,732,1,FALSE
nlgn4a,140,140,1,-,G,A,mismatch,820,732,1,FALSE
nlgn4a,205,205,1,-,A,T,mismatch,820,732,1,FALSE
nlgn4a,205,205,1,-,A,G,mismatch,821,741,1,FALSE
nlgn4a,125,125,1,-,T,A,mismatch,822,732,1,FALSE
nlgn4a,205,205,1,-,A,G,mismatch,822,732,1,FALSE
nlgn4a,205,205,1,-,A,C,mismatch,823,741,1,FALSE
nlgn4a,204,204,1,-,A,T,mismatch,824,741,1,FALSE
nlgn4a,187,187,1,-,G,A,mismatch,825,732,1,FALSE
nlgn4a,204,204,1,-,A,T,mismatch,825,732,1,FALSE
nlgn4a,132,132,1,-,G,T,mismatch,826,732,1,FALSE
nlgn4a,204,204,1,-,A,G,mismatch,826,732,1,FALSE
nlgn4a,200,200,1,-,C,T,mismatch,827,741,1,FALSE
nlgn4a,143,143,1,-,C,A,mismatch,828,723,1,FALSE
nlgn4a,151,151,1,-,G,C,mismatch,828,723,1,FALSE
nlgn4a,200,200,1,-,C,T,mismatch,828,723,1,FALSE
nlgn4a,152,152,1,-,G,T,mismatch,829,723,1,FALSE
nlgn4a,188,188,1,-,C,G,mismatch,829,723,1,FALSE
nlgn4a,200,200,1,-,C,G,mismatch,829,723,1,FALSE
nlgn4a,124,124,1,-,T,C,mismatch,830,732,1,FALSE
nlgn4a,200,200,1,-,C,G,mismatch,830,732,1,FALSE
nlgn4a,148,148,1,-,C,G,mismatch,831,723,1,FALSE
nlgn4a,152,152,1,-,G,A,mismatch,831,723,1,FALSE
nlgn4a,200,200,1,-,C,G,mismatch,831,723,1,FALSE
nlgn4a,107,107,1,-,T,C,mismatch,832,705,1,FALSE
nlgn4a,110,110,1,-,T,G,mismatch,832,705,1,FALSE
nlgn4a,130,130,1,-,C,G,mismatch,832,705,1,FALSE
nlgn4a,191,191,1,-,G,C,mismatch,832,705,1,FALSE
nlgn4a,200,200,1,-,C,G,mismatch,832,705,1,FALSE
nlgn4a,108,108,1,-,T,A,mismatch,833,732,1,FALSE
nlgn4a,199,199,1,-,G,T,mismatch,833,732,1,FALSE
nlgn4a,132,132,1,-,G,C,mismatch,834,723,1,FALSE
nlgn4a,177,177,1,-,A,G,mismatch,834,723,1,FALSE
nlgn4a,198,198,1,-,G,T,mismatch,834,723,1,FALSE
nlgn4a,141,141,1,-,G,C,mismatch,835,723,1,FALSE
nlgn4a,177,177,1,-,A,G,mismatch,835,723,1,FALSE
nlgn4a,198,198,1,-,G,T,mismatch,835,723,1,FALSE
nlgn4a,103,103,1,-,G,A,mismatch,836,714,1,FALSE
nlgn4a,124,124,1,-,T,C,mismatch,836,714,1,FALSE
nlgn4a,183,183,1,-,T,A,mismatch,836,714,1,FALSE
nlgn4a,198,198,1,-,G,T,mismatch,836,714,1,FALSE
nlgn4a,131,131,1,-,T,C,mismatch,837,698,1,FALSE
nlgn4a,145,145,1,-,T,A,mismatch,837,698,1,FALSE
nlgn4a,197,197,1,-,A,T,mismatch,837,698,1,FALSE
nlgn4a,122,122,1,-,G,A,mismatch,838,723,1,FALSE
nlgn4a,178,178,1,-,C,G,mismatch,838,723,1,FALSE
nlgn4a,197,197,1,-,A,T,mismatch,838,723,1,FALSE
nlgn4a,197,197,1,-,A,G,mismatch,839,741,1,FALSE
nlgn4a,115,115,1,-,G,A,mismatch,840,732,1,FALSE
nlgn4a,197,197,1,-,A,G,mismatch,840,732,1,FALSE
nlgn4a,125,125,1,-,T,A,mismatch,841,723,1,FALSE
nlgn4a,167,167,1,-,T,C,mismatch,841,723,1,FALSE
nlgn4a,197,197,1,-,A,C,mismatch,841,723,1,FALSE
nlgn4a,174,174,1,-,A,G,mismatch,842,732,1,FALSE
nlgn4a,196,196,1,-,G,T,mismatch,842,732,1,FALSE
nlgn4a,196,196,1,-,G,T,mismatch,843,741,1,FALSE
nlgn4a,108,108,1,-,T,A,mismatch,844,732,1,FALSE
nlgn4a,196,196,1,-,G,T,mismatch,844,732,1,FALSE
nlgn4a,118,118,1,-,T,C,mismatch,845,732,1,FALSE
nlgn4a,196,196,1,-,G,T,mismatch,845,732,1,FALSE
nlgn4a,111,111,1,-,A,C,mismatch,846,714,1,FALSE
nlgn4a,145,145,1,-,T,C,mismatch,846,714,1,FALSE
nlgn4a,154,154,1,-,C,T,mismatch,846,714,1,FALSE
nlgn4a,195,195,1,-,A,T,mismatch,846,714,1,FALSE
nlgn4a,195,195,1,-,A,T,mismatch,847,741,1,FALSE
nlgn4a,108,108,1,-,T,C,mismatch,848,732,1,FALSE
nlgn4a,195,195,1,-,A,T,mismatch,848,732,1,FALSE
nlgn4a,170,170,1,-,T,A,mismatch,849,732,1,FALSE
nlgn4a,195,195,1,-,A,T,mismatch,849,732,1,FALSE
nlgn4a,111,111,1,-,A,T,mismatch,850,732,1,FALSE
nlgn4a,195,195,1,-,A,C,mismatch,850,732,1,FALSE
nlgn4a,121,121,1,-,T,A,mismatch,851,723,1,FALSE
nlgn4a,125,125,1,-,T,A,mismatch,851,723,1,FALSE
nlgn4a,195,195,1,-,A,C,mismatch,851,723,1,FALSE
nlgn4a,131,131,1,-,T,C,mismatch,852,732,1,FALSE
nlgn4a,195,195,1,-,A,C,mismatch,852,732,1,FALSE
nlgn4a,194,194,1,-,A,T,mismatch,853,741,1,FALSE
nlgn4a,145,145,1,-,T,C,mismatch,854,714,1,FALSE
nlgn4a,189,189,1,-,A,T,mismatch,854,714,1,FALSE
nlgn4a,191,191,1,-,G,C,mismatch,854,714,1,FALSE
nlgn4a,194,194,1,-,A,T,mismatch,854,714,1,FALSE
nlgn4a,180,180,1,-,A,G,mismatch,855,732,1,FALSE
nlgn4a,194,194,1,-,A,G,mismatch,855,732,1,FALSE
nlgn4a,194,194,1,-,A,G,mismatch,856,741,1,FALSE
nlgn4a,194,194,1,-,A,C,mismatch,857,741,1,FALSE
nlgn4a,137,137,1,-,G,T,mismatch,858,732,1,FALSE
nlgn4a,192,192,1,-,C,T,mismatch,858,732,1,FALSE
nlgn4a,192,192,1,-,C,G,mismatch,859,741,1,FALSE
nlgn4a,130,130,1,-,C,T,mismatch,860,732,1,FALSE
nlgn4a,191,191,1,-,G,T,mismatch,860,732,1,FALSE
nlgn4a,109,109,1,-,T,A,mismatch,861,732,1,FALSE
nlgn4a,191,191,1,-,G,T,mismatch,861,732,1,FALSE
nlgn4a,124,124,1,-,T,G,mismatch,862,696,1,FALSE
nlgn4a,126,126,1,-,G,T,mismatch,862,696,1,FALSE
nlgn4a,138,138,1,-,C,A,mismatch,862,696,1,FALSE
nlgn4a,150,150,1,-,T,C,mismatch,862,696,1,FALSE
nlgn4a,161,161,1,-,G,C,mismatch,862,696,1,FALSE
nlgn4a,190,190,1,-,A,T,mismatch,862,696,1,FALSE
nlgn4a,163,163,1,-,A,C,mismatch,863,732,1,FALSE
nlgn4a,190,190,1,-,A,G,mismatch,863,732,1,FALSE
nlgn4a,119,119,1,-,T,C,mismatch,864,732,1,FALSE
nlgn4a,190,190,1,-,A,G,mismatch,864,732,1,FALSE
nlgn4a,112,112,1,-,C,A,mismatch,865,714,1,FALSE
nlgn4a,121,121,1,-,T,A,mismatch,865,714,1,FALSE
nlgn4a,134,134,1,-,G,A,mismatch,865,714,1,FALSE
nlgn4a,190,190,1,-,A,G,mismatch,865,714,1,FALSE
nlgn4a,136,136,1,-,G,C,mismatch,866,732,1,FALSE
nlgn4a,190,190,1,-,A,G,mismatch,866,732,1,FALSE
nlgn4a,111,111,1,-,A,T,mismatch,867,714,1,FALSE
nlgn4a,144,144,1,-,A,T,mismatch,867,714,1,FALSE
nlgn4a,154,154,1,-,C,A,mismatch,867,714,1,FALSE
nlgn4a,190,190,1,-,A,C,mismatch,867,714,1,FALSE
nlgn4a,111,111,1,-,A,C,mismatch,868,723,1,FALSE
nlgn4a,138,138,1,-,C,G,mismatch,868,723,1,FALSE
nlgn4a,189,189,1,-,A,T,mismatch,868,723,1,FALSE
nlgn4a,189,189,1,-,A,C,mismatch,869,741,1,FALSE
nlgn4a,188,188,1,-,C,T,mismatch,870,741,1,FALSE
nlgn4a,109,109,1,-,T,A,mismatch,871,723,1,FALSE
nlgn4a,181,181,1,-,A,C,mismatch,871,723,1,FALSE
nlgn4a,188,188,1,-,C,G,mismatch,871,723,1,FALSE
nlgn4a,148,148,1,-,C,A,mismatch,872,714,1,FALSE
nlgn4a,187,187,1,-,G,T,mismatch,872,714,1,FALSE
nlgn4a,128,128,1,-,G,T,mismatch,873,714,1,FALSE
nlgn4a,145,145,1,-,T,G,mismatch,873,714,1,FALSE
nlgn4a,151,151,1,-,G,C,mismatch,873,714,1,FALSE
nlgn4a,186,186,1,-,G,T,mismatch,873,714,1,FALSE
nlgn4a,139,139,1,-,T,G,mismatch,874,723,1,FALSE
nlgn4a,153,153,1,-,G,C,mismatch,874,723,1,FALSE
nlgn4a,186,186,1,-,G,T,mismatch,874,723,1,FALSE
nlgn4a,125,125,1,-,T,C,mismatch,875,732,1,FALSE
nlgn4a,184,184,1,-,A,T,mismatch,875,732,1,FALSE
nlgn4a,144,144,1,-,A,G,mismatch,876,732,1,FALSE
nlgn4a,184,184,1,-,A,G,mismatch,876,732,1,FALSE
nlgn4a,142,142,1,-,C,T,mismatch,877,732,1,FALSE
nlgn4a,184,184,1,-,A,G,mismatch,877,732,1,FALSE
nlgn4a,122,122,1,-,G,A,mismatch,878,732,1,FALSE
nlgn4a,184,184,1,-,A,G,mismatch,878,732,1,FALSE
nlgn4a,148,148,1,-,C,A,mismatch,879,732,1,FALSE
nlgn4a,184,184,1,-,A,G,mismatch,879,732,1,FALSE
nlgn4a,148,148,1,-,C,A,mismatch,880,714,1,FALSE
nlgn4a,184,184,1,-,A,G,mismatch,880,714,1,FALSE
nlgn4a,144,144,1,-,A,G,mismatch,881,732,1,FALSE
nlgn4a,182,182,1,-,C,T,mismatch,881,732,1,FALSE
nlgn4a,145,145,1,-,T,G,mismatch,882,714,1,FALSE
nlgn4a,169,169,1,-,T,A,mismatch,882,714,1,FALSE
nlgn4a,175,175,1,-,C,T,mismatch,882,714,1,FALSE
nlgn4a,182,182,1,-,C,G,mismatch,882,714,1,FALSE
nlgn4a,116,116,1,-,G,A,mismatch,883,723,1,FALSE
nlgn4a,166,166,1,-,C,T,mismatch,883,723,1,FALSE
nlgn4a,182,182,1,-,C,G,mismatch,883,723,1,FALSE
nlgn4a,112,112,1,-,C,A,mismatch,884,732,1,FALSE
nlgn4a,182,182,1,-,C,G,mismatch,884,732,1,FALSE
nlgn4a,174,174,1,-,A,C,mismatch,885,732,1,FALSE
nlgn4a,181,181,1,-,A,T,mismatch,885,732,1,FALSE
nlgn4a,181,181,1,-,A,T,mismatch,886,741,1,FALSE
nlgn4a,170,170,1,-,T,G,mismatch,887,732,1,FALSE
nlgn4a,181,181,1,-,A,T,mismatch,887,732,1,FALSE
nlgn4a,117,117,1,-,A,G,mismatch,888,732,1,FALSE
nlgn4a,181,181,1,-,A,G,mismatch,888,732,1,FALSE
nlgn4a,119,119,1,-,T,A,mismatch,889,732,1,FALSE
nlgn4a,181,181,1,-,A,G,mismatch,889,732,1,FALSE
nlgn4a,111,111,1,-,A,C,mismatch,890,732,1,FALSE
nlgn4a,180,180,1,-,A,T,mismatch,890,732,1,FALSE
nlgn4a,103,103,1,-,G,A,mismatch,891,732,1,FALSE
nlgn4a,180,180,1,-,A,G,mismatch,891,732,1,FALSE
nlgn4a,150,150,1,-,T,C,mismatch,892,723,1,FALSE
nlgn4a,150,150,1,-,T,G,mismatch,893,732,1,FALSE
nlgn4a,180,180,1,-,A,C,mismatch,893,732,1,FALSE
nlgn4a,118,118,1,-,T,G,mismatch,894,732,1,FALSE
nlgn4a,179,179,1,-,A,T,mismatch,894,732,1,FALSE
nlgn4a,179,179,1,-,A,G,mismatch,895,741,1,FALSE
nlgn4a,145,145,1,-,T,G,mismatch,896,732,1,FALSE
nlgn4a,179,179,1,-,A,G,mismatch,896,732,1,FALSE
nlgn4a,156,156,1,-,C,A,mismatch,897,732,1,FALSE
nlgn4a,179,179,1,-,A,G,mismatch,897,732,1,FALSE
nlgn4a,144,144,1,-,A,C,mismatch,898,732,1,FALSE
nlgn4a,179,179,1,-,A,C,mismatch,898,732,1,FALSE
nlgn4a,137,137,1,-,G,A,mismatch,899,732,1,FALSE
nlgn4a,178,178,1,-,C,G,mismatch,899,732,1,FALSE
nlgn4a,144,144,1,-,A,G,mismatch,900,732,1,FALSE
nlgn4a,177,177,1,-,A,T,mismatch,900,732,1,FALSE
nlgn4a,144,144,1,-,A,T,mismatch,901,732,1,FALSE
nlgn4a,177,177,1,-,A,G,mismatch,901,732,1,FALSE
nlgn4a,105,105,1,-,C,T,mismatch,902,723,1,FALSE
nlgn4a,133,133,1,-,C,T,mismatch,902,723,1,FALSE
nlgn4a,177,177,1,-,A,G,mismatch,902,723,1,FALSE
nlgn4a,130,130,1,-,C,T,mismatch,903,732,1,FALSE
nlgn4a,177,177,1,-,A,C,mismatch,903,732,1,FALSE
nlgn4a,108,108,1,-,T,A,mismatch,904,714,1,FALSE
nlgn4a,112,112,1,-,C,G,mismatch,904,714,1,FALSE
nlgn4a,121,121,1,-,T,C,mismatch,904,714,1,FALSE
nlgn4a,177,177,1,-,A,C,mismatch,904,714,1,FALSE
nlgn4a,143,143,1,-,C,A,mismatch,905,723,1,FALSE
nlgn4a,146,146,1,-,T,G,mismatch,905,723,1,FALSE
nlgn4a,176,176,1,-,G,T,mismatch,905,723,1,FALSE
nlgn4a,106,106,1,-,T,A,mismatch,906,732,1,FALSE
nlgn4a,175,175,1,-,C,T,mismatch,906,732,1,FALSE
nlgn4a,128,128,1,-,G,A,mismatch,907,732,1,FALSE
nlgn4a,175,175,1,-,C,T,mismatch,907,732,1,FALSE
nlgn4a,174,174,1,-,A,T,mismatch,908,741,1,FALSE
nlgn4a,112,112,1,-,C,A,mismatch,909,732,1,FALSE
nlgn4a,174,174,1,-,A,T,mismatch,909,732,1,FALSE
nlgn4a,174,174,1,-,A,G,mismatch,910,741,1,FALSE
nlgn4a,106,106,1,-,T,C,mismatch,911,732,1,FALSE
nlgn4a,174,174,1,-,A,G,mismatch,911,732,1,FALSE
nlgn4a,150,150,1,-,T,C,mismatch,912,732,1,FALSE
nlgn4a,174,174,1,-,A,G,mismatch,912,732,1,FALSE
nlgn4a,157,157,1,-,A,G,mismatch,913,732,1,FALSE
nlgn4a,174,174,1,-,A,C,mismatch,913,732,1,FALSE
nlgn4a,174,174,1,-,A,C,mismatch,914,741,1,FALSE
nlgn4a,130,130,1,-,C,G,mismatch,915,732,1,FALSE
nlgn4a,171,171,1,-,G,T,mismatch,915,732,1,FALSE
nlgn4a,127,127,1,-,C,T,mismatch,916,732,1,FALSE
nlgn4a,171,171,1,-,G,T,mismatch,916,732,1,FALSE
nlgn4a,106,106,1,-,T,C,mismatch,917,723,1,FALSE
nlgn4a,113,113,1,-,C,G,mismatch,917,723,1,FALSE
nlgn4a,171,171,1,-,G,T,mismatch,917,723,1,FALSE
nlgn4a,120,120,1,-,G,A,mismatch,918,732,1,FALSE
nlgn4a,171,171,1,-,G,T,mismatch,918,732,1,FALSE
nlgn4a,107,107,1,-,T,C,mismatch,919,723,1,FALSE
nlgn4a,111,111,1,-,A,C,mismatch,919,723,1,FALSE
nlgn4a,168,168,1,-,A,T,mismatch,919,723,1,FALSE
nlgn4a,133,133,1,-,C,G,mismatch,920,732,1,FALSE
nlgn4a,168,168,1,-,A,G,mismatch,920,732,1,FALSE
nlgn4a,139,139,1,-,T,A,mismatch,921,732,1,FALSE
nlgn4a,168,168,1,-,A,C,mismatch,921,732,1,FALSE
nlgn4a,112,112,1,-,C,A,mismatch,922,714,1,FALSE
nlgn4a,149,149,1,-,A,C,mismatch,922,714,1,FALSE
nlgn4a,153,153,1,-,G,C,mismatch,922,714,1,FALSE
nlgn4a,168,168,1,-,A,C,mismatch,922,714,1,FALSE
nlgn4a,116,116,1,-,G,A,mismatch,923,732,1,FALSE
nlgn4a,166,166,1,-,C,G,mismatch,923,732,1,FALSE
nlgn4a,165,165,1,-,C,T,mismatch,924,741,1,FALSE
nlgn4a,124,124,1,-,T,G,mismatch,925,723,1,FALSE
nlgn4a,142,142,1,-,C,A,mismatch,925,723,1,FALSE
nlgn4a,165,165,1,-,C,T,mismatch,925,723,1,FALSE
nlgn4a,107,107,1,-,T,A,mismatch,926,723,1,FALSE
nlgn4a,123,123,1,-,C,A,mismatch,926,723,1,FALSE
nlgn4a,165,165,1,-,C,G,mismatch,926,723,1,FALSE
nlgn4a,108,108,1,-,T,G,mismatch,927,732,1,FALSE
nlgn4a,164,164,1,-,C,T,mismatch,927,732,1,FALSE
nlgn4a,110,110,1,-,T,C,mismatch,928,732,1,FALSE
nlgn4a,164,164,1,-,C,T,mismatch,928,732,1,FALSE
nlgn4a,120,120,1,-,G,C,mismatch,929,732,1,FALSE
nlgn4a,164,164,1,-,C,T,mismatch,929,732,1,FALSE
nlgn4a,132,132,1,-,G,C,mismatch,930,732,1,FALSE
nlgn4a,164,164,1,-,C,T,mismatch,930,732,1,FALSE
nlgn4a,128,128,1,-,G,A,mismatch,931,732,1,FALSE
nlgn4a,164,164,1,-,C,G,mismatch,931,732,1,FALSE
nlgn4a,150,150,1,-,T,A,mismatch,932,732,1,FALSE
nlgn4a,164,164,1,-,C,G,mismatch,932,732,1,FALSE
nlgn4a,163,163,1,-,A,T,mismatch,933,741,1,FALSE
nlgn4a,108,108,1,-,T,C,mismatch,934,723,1,FALSE
nlgn4a,151,151,1,-,G,C,mismatch,934,723,1,FALSE
nlgn4a,163,163,1,-,A,T,mismatch,934,723,1,FALSE
nlgn4a,149,149,1,-,A,C,mismatch,935,732,1,FALSE
nlgn4a,162,162,1,-,C,T,mismatch,935,732,1,FALSE
nlgn4a,133,133,1,-,C,G,mismatch,936,732,1,FALSE
nlgn4a,162,162,1,-,C,T,mismatch,936,732,1,FALSE
nlgn4a,123,123,1,-,C,G,mismatch,937,732,1,FALSE
nlgn4a,162,162,1,-,C,T,mismatch,937,732,1,FALSE
nlgn4a,162,162,1,-,C,T,mismatch,938,741,1,FALSE
nlgn4a,123,123,1,-,C,A,mismatch,939,732,1,FALSE
nlgn4a,162,162,1,-,C,T,mismatch,939,732,1,FALSE
nlgn4a,145,145,1,-,T,A,mismatch,940,732,1,FALSE
nlgn4a,162,162,1,-,C,T,mismatch,940,732,1,FALSE
nlgn4a,131,131,1,-,T,C,mismatch,941,732,1,FALSE
nlgn4a,162,162,1,-,C,G,mismatch,941,732,1,FALSE
nlgn4a,160,160,1,-,A,T,mismatch,942,741,1,FALSE
nlgn4a,133,133,1,-,C,T,mismatch,943,723,1,FALSE
nlgn4a,151,151,1,-,G,C,mismatch,943,723,1,FALSE
nlgn4a,160,160,1,-,A,T,mismatch,943,723,1,FALSE
nlgn4a,149,149,1,-,A,T,mismatch,944,732,1,FALSE
nlgn4a,160,160,1,-,A,G,mismatch,944,732,1,FALSE
nlgn4a,160,160,1,-,A,G,mismatch,945,741,1,FALSE
nlgn4a,107,107,1,-,T,A,mismatch,946,732,1,FALSE
nlgn4a,160,160,1,-,A,G,mismatch,946,732,1,FALSE
nlgn4a,160,160,1,-,A,C,mismatch,947,741,1,FALSE
nlgn4a,148,148,1,-,C,T,mismatch,948,732,1,FALSE
nlgn4a,159,159,1,-,C,T,mismatch,948,732,1,FALSE
nlgn4a,115,115,1,-,G,A,mismatch,949,732,1,FALSE
nlgn4a,159,159,1,-,C,T,mismatch,949,732,1,FALSE
nlgn4a,118,118,1,-,T,G,mismatch,950,732,1,FALSE
nlgn4a,158,158,1,-,G,T,mismatch,950,732,1,FALSE
nlgn4a,113,113,1,-,C,T,mismatch,951,696,1,FALSE
nlgn4a,116,116,1,-,G,T,mismatch,951,696,1,FALSE
nlgn4a,154,154,1,-,C,T,mismatch,951,696,1,FALSE
nlgn4a,157,157,1,-,A,C,mismatch,951,696,1,FALSE
nlgn4a,110,110,1,-,T,G,mismatch,952,732,1,FALSE
nlgn4a,157,157,1,-,A,C,mismatch,952,732,1,FALSE
nlgn4a,112,112,1,-,C,A,mismatch,953,732,1,FALSE
nlgn4a,157,157,1,-,A,C,mismatch,953,732,1,FALSE
nlgn4a,113,113,1,-,C,A,mismatch,954,732,1,FALSE
nlgn4a,156,156,1,-,C,T,mismatch,954,732,1,FALSE
nlgn4a,143,143,1,-,C,A,mismatch,955,732,1,FALSE
nlgn4a,156,156,1,-,C,T,mismatch,955,732,1,FALSE
nlgn4a,103,103,1,-,G,C,mismatch,956,732,1,FALSE
nlgn4a,156,156,1,-,C,G,mismatch,956,732,1,FALSE
nlgn4a,110,110,1,-,T,G,mismatch,957,714,1,FALSE
nlgn4a,112,112,1,-,C,A,mismatch,957,714,1,FALSE
nlgn4a,140,140,1,-,G,A,mismatch,957,714,1,FALSE
nlgn4a,156,156,1,-,C,G,mismatch,957,714,1,FALSE
nlgn4a,139,139,1,-,T,A,mismatch,958,723,1,FALSE
nlgn4a,145,145,1,-,T,A,mismatch,958,723,1,FALSE
nlgn4a,156,156,1,-,C,G,mismatch,958,723,1,FALSE
nlgn4a,114,114,1,-,T,A,mismatch,959,723,1,FALSE
nlgn4a,122,122,1,-,G,C,mismatch,959,723,1,FALSE
nlgn4a,154,154,1,-,C,T,mismatch,959,723,1,FALSE
nlgn4a,126,126,1,-,G,A,mismatch,960,723,1,FALSE
nlgn4a,139,139,1,-,T,G,mismatch,960,723,1,FALSE
nlgn4a,154,154,1,-,C,T,mismatch,960,723,1,FALSE
nlgn4a,103,103,1,-,G,A,mismatch,961,714,1,FALSE
nlgn4a,124,124,1,-,T,A,mismatch,961,714,1,FALSE
nlgn4a,132,132,1,-,G,T,mismatch,961,714,1,FALSE
nlgn4a,154,154,1,-,C,G,mismatch,961,714,1,FALSE
nlgn4a,154,154,1,-,C,G,mismatch,962,741,1,FALSE
nlgn4a,113,113,1,-,C,G,mismatch,963,732,1,FALSE
nlgn4a,153,153,1,-,G,T,mismatch,963,732,1,FALSE
nlgn4a,110,110,1,-,T,C,mismatch,964,732,1,FALSE
nlgn4a,153,153,1,-,G,T,mismatch,964,732,1,FALSE
nlgn4a,112,112,1,-,C,A,mismatch,965,732,1,FALSE
nlgn4a,153,153,1,-,G,T,mismatch,965,732,1,FALSE
nlgn4a,120,120,1,-,G,C,mismatch,966,732,1,FALSE
nlgn4a,153,153,1,-,G,T,mismatch,966,732,1,FALSE
nlgn4a,144,144,1,-,A,T,mismatch,967,732,1,FALSE
nlgn4a,152,152,1,-,G,T,mismatch,967,732,1,FALSE
nlgn4a,152,152,1,-,G,T,mismatch,968,741,1,FALSE
nlgn4a,110,110,1,-,T,C,mismatch,969,723,1,FALSE
nlgn4a,126,126,1,-,G,C,mismatch,969,723,1,FALSE
nlgn4a,152,152,1,-,G,T,mismatch,969,723,1,FALSE
nlgn4a,130,130,1,-,C,A,mismatch,970,723,1,FALSE
nlgn4a,138,138,1,-,C,A,mismatch,970,723,1,FALSE
nlgn4a,152,152,1,-,G,T,mismatch,970,723,1,FALSE
nlgn4a,106,106,1,-,T,C,mismatch,971,732,1,FALSE
nlgn4a,149,149,1,-,A,C,mismatch,971,732,1,FALSE
nlgn4a,129,129,1,-,G,C,mismatch,972,732,1,FALSE
nlgn4a,149,149,1,-,A,C,mismatch,972,732,1,FALSE
nlgn4a,124,124,1,-,T,C,mismatch,973,732,1,FALSE
nlgn4a,148,148,1,-,C,T,mismatch,973,732,1,FALSE
nlgn4a,148,148,1,-,C,G,mismatch,974,741,1,FALSE
nlgn4a,119,119,1,-,T,G,mismatch,975,732,1,FALSE
nlgn4a,148,148,1,-,C,G,mismatch,975,732,1,FALSE
nlgn4a,147,147,1,-,A,G,mismatch,976,741,1,FALSE
nlgn4a,104,104,1,-,C,A,mismatch,977,732,1,FALSE
nlgn4a,147,147,1,-,A,G,mismatch,977,732,1,FALSE
nlgn4a,143,143,1,-,C,G,mismatch,978,732,1,FALSE
nlgn4a,147,147,1,-,A,C,mismatch,978,732,1,FALSE
nlgn4a,142,142,1,-,C,T,mismatch,979,732,1,FALSE
nlgn4a,144,144,1,-,A,T,mismatch,979,732,1,FALSE
nlgn4a,105,105,1,-,C,G,mismatch,980,732,1,FALSE
nlgn4a,144,144,1,-,A,T,mismatch,980,732,1,FALSE
nlgn4a,103,103,1,-,G,C,mismatch,981,732,1,FALSE
nlgn4a,144,144,1,-,A,G,mismatch,981,732,1,FALSE
nlgn4a,109,109,1,-,T,C,mismatch,982,732,1,FALSE
nlgn4a,144,144,1,-,A,G,mismatch,982,732,1,FALSE
nlgn4a,119,119,1,-,T,A,mismatch,983,732,1,FALSE
nlgn4a,144,144,1,-,A,C,mismatch,983,732,1,FALSE
nlgn4a,124,124,1,-,T,G,mismatch,984,732,1,FALSE
nlgn4a,144,144,1,-,A,C,mismatch,984,732,1,FALSE
nlgn4a,118,118,1,-,T,C,mismatch,985,732,1,FALSE
nlgn4a,143,143,1,-,C,T,mismatch,985,732,1,FALSE
nlgn4a,107,107,1,-,T,G,mismatch,986,732,1,FALSE
nlgn4a,142,142,1,-,C,T,mismatch,986,732,1,FALSE
nlgn4a,138,138,1,-,C,T,mismatch,987,732,1,FALSE
nlgn4a,141,141,1,-,G,T,mismatch,987,732,1,FALSE
nlgn4a,114,114,1,-,T,G,mismatch,988,732,1,FALSE
nlgn4a,141,141,1,-,G,T,mismatch,988,732,1,FALSE
nlgn4a,140,140,1,-,G,T,mismatch,989,741,1,FALSE
nlgn4a,107,107,1,-,T,C,mismatch,990,723,1,FALSE
nlgn4a,114,114,1,-,T,C,mismatch,990,723,1,FALSE
nlgn4a,140,140,1,-,G,T,mismatch,990,723,1,FALSE
nlgn4a,111,111,1,-,A,T,mismatch,991,732,1,FALSE
nlgn4a,138,138,1,-,C,T,mismatch,991,732,1,FALSE
nlgn4a,111,111,1,-,A,C,mismatch,992,732,1,FALSE
nlgn4a,138,138,1,-,C,T,mismatch,992,732,1,FALSE
nlgn4a,138,138,1,-,C,G,mismatch,993,741,1,FALSE
nlgn4a,135,135,1,-,T,C,mismatch,994,732,1,FALSE
nlgn4a,138,138,1,-,C,G,mismatch,994,732,1,FALSE
nlgn4a,103,103,1,-,G,T,mismatch,995,723,1,FALSE
nlgn4a,112,112,1,-,C,A,mismatch,995,723,1,FALSE
nlgn4a,137,137,1,-,G,T,mismatch,995,723,1,FALSE
nlgn4a,112,112,1,-,C,A,mismatch,996,732,1,FALSE
nlgn4a,137,137,1,-,G,T,mismatch,996,732,1,FALSE
nlgn4a,105,105,1,-,C,A,mismatch,997,723,1,FALSE
nlgn4a,126,126,1,-,G,C,mismatch,997,723,1,FALSE
nlgn4a,137,137,1,-,G,T,mismatch,997,723,1,FALSE
nlgn4a,136,136,1,-,G,T,mismatch,998,741,1,FALSE
nlgn4a,133,133,1,-,C,G,mismatch,999,741,1,FALSE
nlgn4a,124,124,1,-,T,G,mismatch,1000,732,1,FALSE
nlgn4a,133,133,1,-,C,G,mismatch,1000,732,1,FALSE
nlgn4a,112,112,1,-,C,A,mismatch,1001,732,1,FALSE
nlgn4a,132,132,1,-,G,T,mismatch,1001,732,1,FALSE
nlgn4a,130,130,1,-,C,T,mismatch,1002,741,1,FALSE
nlgn4a,105,105,1,-,C,A,mismatch,1003,732,1,FALSE
nlgn4a,130,130,1,-,C,T,mismatch,1003,732,1,FALSE
nlgn4a,120,120,1,-,G,C,mismatch,1004,732,1,FALSE
nlgn4a,130,130,1,-,C,T,mismatch,1004,732,1,FALSE
nlgn4a,129,129,1,-,G,T,mismatch,1005,741,1,FALSE
nlgn4a,128,128,1,-,G,T,mismatch,1006,741,1,FALSE
nlgn4a,105,105,1,-,C,T,mismatch,1007,732,1,FALSE
nlgn4a,127,127,1,-,C,G,mismatch,1007,732,1,FALSE
nlgn4a,103,103,1,-,G,A,mismatch,1008,732,1,FALSE
nlgn4a,126,126,1,-,G,T,mismatch,1008,732,1,FALSE
nlgn4a,115,115,1,-,G,A,mismatch,1009,732,1,FALSE
nlgn4a,126,126,1,-,G,T,mismatch,1009,732,1,FALSE
nlgn4a,115,115,1,-,G,T,mismatch,1010,732,1,FALSE
nlgn4a,123,123,1,-,C,G,mismatch,1010,732,1,FALSE
nlgn4a,120,120,1,-,G,A,mismatch,1011,732,1,FALSE
nlgn4a,123,123,1,-,C,G,mismatch,1011,732,1,FALSE
nlgn4a,122,122,1,-,G,T,mismatch,1012,741,1,FALSE
nlgn4a,113,113,1,-,C,G,mismatch,1013,732,1,FALSE
nlgn4a,120,120,1,-,G,T,mismatch,1013,732,1,FALSE
nlgn4a,110,110,1,-,T,C,mismatch,1014,732,1,FALSE
nlgn4a,117,117,1,-,A,G,mismatch,1014,732,1,FALSE
nlgn4a,115,115,1,-,G,T,mismatch,1015,741,1,FALSE
nlgn4a,107,107,1,-,T,C,mismatch,1016,732,1,FALSE
nlgn4a,112,112,1,-,C,T,mismatch,1016,732,1,FALSE
nlgn4a,111,111,1,-,A,T,mismatch,1017,741,1,FALSE
nlgn4a,111,111,1,-,A,C,mismatch,1018,741,1,FALSE
nlgn4a,108,108,1,-,T,C,mismatch,1019,732,1,FALSE
nlgn4a,111,111,1,-,A,C,mismatch,1019,732,1,FALSE
nlgn4a,105,105,1,-,C,G,mismatch,1021,741,1,FALSE
nlgn4a,106,106,1,-,T,C,mismatch,1022,741,1,FALSE
nlgn4a,107,107,1,-,T,A,mismatch,1024,741,1,FALSE
nlgn4a,103,103,1,-,G,T,mismatch,1025,732,1,FALSE
nlgn4a,108,108,1,-,T,A,mismatch,1025,732,1,FALSE
nlgn4a,104,104,1,-,C,T,mismatch,1026,732,1,FALSE
nlgn4a,109,109,1,-,T,G,mismatch,1026,732,1,FALSE
nlgn4a,109,109,1,-,T,G,mismatch,1027,741,1,FALSE
nlgn4a,110,110,1,-,T,G,mismatch,1028,741,1,FALSE
nlgn4a,110,110,1,-,T,A,mismatch,1029,741,1,FALSE
nlgn4a,103,103,1,-,G,C,mismatch,1030,732,1,FALSE
nlgn4a,113,113,1,-,C,A,mismatch,1030,732,1,FALSE
nlgn4a,106,106,1,-,T,C,mismatch,1032,723,1,FALSE
nlgn4a,111,111,1,-,A,T,mismatch,1032,723,1,FALSE
nlgn4a,118,118,1,-,T,C,mismatch,1032,723,1,FALSE
nlgn4a,118,118,1,-,T,C,mismatch,1033,741,1,FALSE
nlgn4a,118,118,1,-,T,A,mismatch,1034,741,1,FALSE
nlgn4a,119,119,1,-,T,G,mismatch,1035,741,1,FALSE
nlgn4a,119,119,1,-,T,C,mismatch,1036,741,1,FALSE
nlgn4a,107,107,1,-,T,C,mismatch,1037,732,1,FALSE
nlgn4a,119,119,1,-,T,C,mismatch,1037,732,1,FALSE
nlgn4a,116,116,1,-,G,C,mismatch,1038,732,1,FALSE
nlgn4a,119,119,1,-,T,A,mismatch,1038,732,1,FALSE
nlgn4a,121,121,1,-,T,G,mismatch,1039,741,1,FALSE
nlgn4a,108,108,1,-,T,C,mismatch,1040,732,1,FALSE
nlgn4a,121,121,1,-,T,C,mismatch,1040,732,1,FALSE
nlgn4a,109,109,1,-,T,A,mismatch,1041,732,1,FALSE
nlgn4a,121,121,1,-,T,C,mismatch,1041,732,1,FALSE
nlgn4a,121,121,1,-,T,A,mismatch,1042,741,1,FALSE
nlgn4a,122,122,1,-,G,C,mismatch,1043,741,1,FALSE
nlgn4a,111,111,1,-,A,C,mismatch,1044,732,1,FALSE
nlgn4a,124,124,1,-,T,A,mismatch,1044,732,1,FALSE
nlgn4a,110,110,1,-,T,G,mismatch,1045,732,1,FALSE
nlgn4a,125,125,1,-,T,C,mismatch,1045,732,1,FALSE
nlgn4a,125,125,1,-,T,A,mismatch,1046,741,1,FALSE
nlgn4a,117,117,1,-,A,T,mismatch,1047,732,1,FALSE
nlgn4a,126,126,1,-,G,A,mismatch,1047,732,1,FALSE
nlgn4a,126,126,1,-,G,A,mismatch,1048,741,1,FALSE
nlgn4a,112,112,1,-,C,T,mismatch,1049,732,1,FALSE
nlgn4a,127,127,1,-,C,A,mismatch,1049,732,1,FALSE
nlgn4a,127,127,1,-,C,A,mismatch,1050,741,1,FALSE
nlgn4a,123,123,1,-,C,T,mismatch,1051,732,1,FALSE
nlgn4a,128,128,1,-,G,C,mismatch,1051,732,1,FALSE
nlgn4a,115,115,1,-,G,T,mismatch,1052,732,1,FALSE
nlgn4a,128,128,1,-,G,C,mismatch,1052,732,1,FALSE
nlgn4a,128,128,1,-,G,C,mismatch,1053,741,1,FALSE
nlgn4a,108,108,1,-,T,C,mismatch,1054,732,1,FALSE
nlgn4a,128,128,1,-,G,C,mismatch,1054,732,1,FALSE
nlgn4a,109,109,1,-,T,G,mismatch,1055,732,1,FALSE
nlgn4a,128,128,1,-,G,C,mismatch,1055,732,1,FALSE
nlgn4a,126,126,1,-,G,A,mismatch,1056,732,1,FALSE
nlgn4a,128,128,1,-,G,C,mismatch,1056,732,1,FALSE
nlgn4a,115,115,1,-,G,T,mismatch,1057,732,1,FALSE
nlgn4a,129,129,1,-,G,C,mismatch,1057,732,1,FALSE
nlgn4a,122,122,1,-,G,A,mismatch,1059,714,1,FALSE
nlgn4a,125,125,1,-,T,A,mismatch,1059,714,1,FALSE
nlgn4a,127,127,1,-,C,G,mismatch,1059,714,1,FALSE
nlgn4a,131,131,1,-,T,G,mismatch,1059,714,1,FALSE
nlgn4a,117,117,1,-,A,C,mismatch,1060,723,1,FALSE
nlgn4a,126,126,1,-,G,T,mismatch,1060,723,1,FALSE
nlgn4a,131,131,1,-,T,G,mismatch,1060,723,1,FALSE
nlgn4a,131,131,1,-,T,G,mismatch,1061,741,1,FALSE
nlgn4a,118,118,1,-,T,A,mismatch,1062,723,1,FALSE
nlgn4a,121,121,1,-,T,G,mismatch,1062,723,1,FALSE
nlgn4a,131,131,1,-,T,C,mismatch,1062,723,1,FALSE
nlgn4a,122,122,1,-,G,C,mismatch,1063,723,1,FALSE
nlgn4a,125,125,1,-,T,G,mismatch,1063,723,1,FALSE
nlgn4a,131,131,1,-,T,C,mismatch,1063,723,1,FALSE
nlgn4a,104,104,1,-,C,G,mismatch,1064,732,1,FALSE
nlgn4a,131,131,1,-,T,A,mismatch,1064,732,1,FALSE
nlgn4a,103,103,1,-,G,T,mismatch,1065,732,1,FALSE
nlgn4a,132,132,1,-,G,C,mismatch,1065,732,1,FALSE
nlgn4a,132,132,1,-,G,C,mismatch,1066,741,1,FALSE
nlgn4a,111,111,1,-,A,T,mismatch,1068,732,1,FALSE
nlgn4a,133,133,1,-,C,A,mismatch,1068,732,1,FALSE
nlgn4a,134,134,1,-,G,A,mismatch,1069,741,1,FALSE
nlgn4a,115,115,1,-,G,A,mismatch,1070,705,1,FALSE
nlgn4a,117,117,1,-,A,C,mismatch,1070,705,1,FALSE
nlgn4a,127,127,1,-,C,T,mismatch,1070,705,1,FALSE
nlgn4a,132,132,1,-,G,T,mismatch,1070,705,1,FALSE
nlgn4a,135,135,1,-,T,C,mismatch,1070,705,1,FALSE
nlgn4a,136,136,1,-,G,C,mismatch,1071,741,1,FALSE
nlgn4a,117,117,1,-,A,T,mismatch,1072,732,1,FALSE
nlgn4a,136,136,1,-,G,A,mismatch,1072,732,1,FALSE
nlgn4a,137,137,1,-,G,C,mismatch,1073,741,1,FALSE
nlgn4a,125,125,1,-,T,C,mismatch,1074,732,1,FALSE
nlgn4a,137,137,1,-,G,C,mismatch,1074,732,1,FALSE
nlgn4a,130,130,1,-,C,T,mismatch,1075,732,1,FALSE
nlgn4a,138,138,1,-,C,A,mismatch,1075,732,1,FALSE
nlgn4a,138,138,1,-,C,A,mismatch,1076,741,1,FALSE
nlgn4a,130,130,1,-,C,G,mismatch,1077,732,1,FALSE
nlgn4a,139,139,1,-,T,G,mismatch,1077,732,1,FALSE
nlgn4a,115,115,1,-,G,T,mismatch,1078,732,1,FALSE
nlgn4a,139,139,1,-,T,G,mismatch,1078,732,1,FALSE
nlgn4a,105,105,1,-,C,A,mismatch,1079,732,1,FALSE
nlgn4a,139,139,1,-,T,G,mismatch,1079,732,1,FALSE
nlgn4a,122,122,1,-,G,A,mismatch,1080,732,1,FALSE
nlgn4a,139,139,1,-,T,G,mismatch,1080,732,1,FALSE
nlgn4a,123,123,1,-,C,G,mismatch,1081,732,1,FALSE
nlgn4a,139,139,1,-,T,A,mismatch,1081,732,1,FALSE
nlgn4a,103,103,1,-,G,A,mismatch,1082,732,1,FALSE
nlgn4a,139,139,1,-,T,A,mismatch,1082,732,1,FALSE
nlgn4a,108,108,1,-,T,A,mismatch,1083,732,1,FALSE
nlgn4a,139,139,1,-,T,A,mismatch,1083,732,1,FALSE
nlgn4a,119,119,1,-,T,G,mismatch,1084,732,1,FALSE
nlgn4a,141,141,1,-,G,A,mismatch,1084,732,1,FALSE
nlgn4a,128,128,1,-,G,C,mismatch,1085,732,1,FALSE
nlgn4a,142,142,1,-,C,A,mismatch,1085,732,1,FALSE
nlgn4a,110,110,1,-,T,A,mismatch,1086,723,1,FALSE
nlgn4a,140,140,1,-,G,A,mismatch,1086,723,1,FALSE
nlgn4a,142,142,1,-,C,A,mismatch,1086,723,1,FALSE
nlgn4a,110,110,1,-,T,C,mismatch,1087,732,1,FALSE
nlgn4a,143,143,1,-,C,A,mismatch,1087,732,1,FALSE
nlgn4a,104,104,1,-,C,T,mismatch,1088,732,1,FALSE
nlgn4a,145,145,1,-,T,G,mismatch,1088,732,1,FALSE
nlgn4a,145,145,1,-,T,C,mismatch,1089,741,1,FALSE
nlgn4a,137,137,1,-,G,C,mismatch,1090,732,1,FALSE
nlgn4a,145,145,1,-,T,A,mismatch,1090,732,1,FALSE
nlgn4a,146,146,1,-,T,G,mismatch,1091,741,1,FALSE
nlgn4a,125,125,1,-,T,C,mismatch,1092,732,1,FALSE
nlgn4a,146,146,1,-,T,G,mismatch,1092,732,1,FALSE
nlgn4a,107,107,1,-,T,C,mismatch,1093,732,1,FALSE
nlgn4a,146,146,1,-,T,A,mismatch,1093,732,1,FALSE
nlgn4a,133,133,1,-,C,G,mismatch,1094,732,1,FALSE
nlgn4a,150,150,1,-,T,G,mismatch,1094,732,1,FALSE
nlgn4a,150,150,1,-,T,G,mismatch,1095,741,1,FALSE
nlgn4a,146,146,1,-,T,G,mismatch,1096,732,1,FALSE
nlgn4a,150,150,1,-,T,G,mismatch,1096,732,1,FALSE
nlgn4a,118,118,1,-,T,G,mismatch,1097,732,1,FALSE
nlgn4a,150,150,1,-,T,C,mismatch,1097,732,1,FALSE
nlgn4a,150,150,1,-,T,A,mismatch,1098,741,1,FALSE
nlgn4a,151,151,1,-,G,A,mismatch,1099,741,1,FALSE
nlgn4a,142,142,1,-,C,G,mismatch,1100,732,1,FALSE
nlgn4a,152,152,1,-,G,A,mismatch,1100,732,1,FALSE
nlgn4a,152,152,1,-,G,A,mismatch,1101,741,1,FALSE
nlgn4a,134,134,1,-,G,C,mismatch,1102,732,1,FALSE
nlgn4a,152,152,1,-,G,A,mismatch,1102,732,1,FALSE
nlgn4a,143,143,1,-,C,T,mismatch,1103,732,1,FALSE
nlgn4a,153,153,1,-,G,C,mismatch,1103,732,1,FALSE
nlgn4a,119,119,1,-,T,G,mismatch,1104,732,1,FALSE
nlgn4a,153,153,1,-,G,C,mismatch,1104,732,1,FALSE
nlgn4a,126,126,1,-,G,T,mismatch,1105,732,1,FALSE
nlgn4a,153,153,1,-,G,A,mismatch,1105,732,1,FALSE
nlgn4a,108,108,1,-,T,A,mismatch,1106,714,1,FALSE
nlgn4a,112,112,1,-,C,G,mismatch,1106,714,1,FALSE
nlgn4a,122,122,1,-,G,C,mismatch,1106,714,1,FALSE
nlgn4a,153,153,1,-,G,A,mismatch,1106,714,1,FALSE
nlgn4a,122,122,1,-,G,T,mismatch,1107,723,1,FALSE
nlgn4a,125,125,1,-,T,G,mismatch,1107,723,1,FALSE
nlgn4a,153,153,1,-,G,A,mismatch,1107,723,1,FALSE
nlgn4a,155,155,1,-,T,G,mismatch,1108,741,1,FALSE
nlgn4a,126,126,1,-,G,A,mismatch,1109,732,1,FALSE
nlgn4a,155,155,1,-,T,G,mismatch,1109,732,1,FALSE
nlgn4a,155,155,1,-,T,C,mismatch,1110,741,1,FALSE
nlgn4a,104,104,1,-,C,G,mismatch,1111,732,1,FALSE
nlgn4a,156,156,1,-,C,A,mismatch,1111,732,1,FALSE
nlgn4a,158,158,1,-,G,C,mismatch,1112,741,1,FALSE
nlgn4a,135,135,1,-,T,G,mismatch,1113,732,1,FALSE
nlgn4a,158,158,1,-,G,C,mismatch,1113,732,1,FALSE
nlgn4a,141,141,1,-,G,A,mismatch,1114,732,1,FALSE
nlgn4a,159,159,1,-,C,A,mismatch,1114,732,1,FALSE
nlgn4a,122,122,1,-,G,T,mismatch,1115,723,1,FALSE
nlgn4a,159,159,1,-,C,T,mismatch,1115,723,1,FALSE
nlgn4a,161,161,1,-,G,C,mismatch,1115,723,1,FALSE
nlgn4a,113,113,1,-,C,T,mismatch,1116,732,1,FALSE
nlgn4a,161,161,1,-,G,A,mismatch,1116,732,1,FALSE
nlgn4a,114,114,1,-,T,C,mismatch,1117,732,1,FALSE
nlgn4a,162,162,1,-,C,A,mismatch,1117,732,1,FALSE
nlgn4a,158,158,1,-,G,A,mismatch,1118,732,1,FALSE
nlgn4a,162,162,1,-,C,A,mismatch,1118,732,1,FALSE
nlgn4a,133,133,1,-,C,T,mismatch,1119,732,1,FALSE
nlgn4a,164,164,1,-,C,A,mismatch,1119,732,1,FALSE
nlgn4a,103,103,1,-,G,T,mismatch,1120,732,1,FALSE
nlgn4a,164,164,1,-,C,A,mismatch,1120,732,1,FALSE
nlgn4a,103,103,1,-,G,T,mismatch,1121,714,1,FALSE
nlgn4a,113,113,1,-,C,T,mismatch,1121,714,1,FALSE
nlgn4a,115,115,1,-,G,T,mismatch,1121,714,1,FALSE
nlgn4a,165,165,1,-,C,A,mismatch,1121,714,1,FALSE
nlgn4a,123,123,1,-,C,A,mismatch,1122,723,1,FALSE
nlgn4a,146,146,1,-,T,A,mismatch,1122,723,1,FALSE
nlgn4a,165,165,1,-,C,A,mismatch,1122,723,1,FALSE
nlgn4a,104,104,1,-,C,G,mismatch,1123,723,1,FALSE
nlgn4a,142,142,1,-,C,A,mismatch,1123,723,1,FALSE
nlgn4a,166,166,1,-,C,A,mismatch,1123,723,1,FALSE
nlgn4a,105,105,1,-,C,G,mismatch,1124,714,1,FALSE
nlgn4a,113,113,1,-,C,A,mismatch,1124,714,1,FALSE
nlgn4a,147,147,1,-,A,T,mismatch,1124,714,1,FALSE
nlgn4a,167,167,1,-,T,G,mismatch,1124,714,1,FALSE
nlgn4a,167,167,1,-,T,G,mismatch,1125,741,1,FALSE
nlgn4a,103,103,1,-,G,T,mismatch,1126,723,1,FALSE
nlgn4a,113,113,1,-,C,T,mismatch,1126,723,1,FALSE
nlgn4a,167,167,1,-,T,C,mismatch,1126,723,1,FALSE
nlgn4a,108,108,1,-,T,G,mismatch,1127,723,1,FALSE
nlgn4a,113,113,1,-,C,A,mismatch,1127,723,1,FALSE
nlgn4a,167,167,1,-,T,A,mismatch,1127,723,1,FALSE
nlgn4a,108,108,1,-,T,G,mismatch,1128,723,1,FALSE
nlgn4a,143,143,1,-,C,A,mismatch,1128,723,1,FALSE
nlgn4a,167,167,1,-,T,A,mismatch,1128,723,1,FALSE
nlgn4a,169,169,1,-,T,G,mismatch,1129,741,1,FALSE
nlgn4a,107,107,1,-,T,G,mismatch,1130,732,1,FALSE
nlgn4a,169,169,1,-,T,G,mismatch,1130,732,1,FALSE
nlgn4a,104,104,1,-,C,T,mismatch,1131,714,1,FALSE
nlgn4a,125,125,1,-,T,C,mismatch,1131,714,1,FALSE
nlgn4a,167,167,1,-,T,G,mismatch,1131,714,1,FALSE
nlgn4a,169,169,1,-,T,G,mismatch,1131,714,1,FALSE
nlgn4a,131,131,1,-,T,A,mismatch,1132,714,1,FALSE
nlgn4a,142,142,1,-,C,G,mismatch,1132,714,1,FALSE
nlgn4a,152,152,1,-,G,C,mismatch,1132,714,1,FALSE
nlgn4a,169,169,1,-,T,C,mismatch,1132,714,1,FALSE
nlgn4a,103,103,1,-,G,A,mismatch,1133,732,1,FALSE
nlgn4a,169,169,1,-,T,A,mismatch,1133,732,1,FALSE
nlgn4a,124,124,1,-,T,C,mismatch,1134,732,1,FALSE
nlgn4a,169,169,1,-,T,A,mismatch,1134,732,1,FALSE
nlgn4a,108,108,1,-,T,C,mismatch,1135,723,1,FALSE
nlgn4a,145,145,1,-,T,A,mismatch,1135,723,1,FALSE
nlgn4a,170,170,1,-,T,G,mismatch,1135,723,1,FALSE
nlgn4a,140,140,1,-,G,C,mismatch,1136,723,1,FALSE
nlgn4a,162,162,1,-,C,A,mismatch,1136,723,1,FALSE
nlgn4a,170,170,1,-,T,C,mismatch,1136,723,1,FALSE
nlgn4a,122,122,1,-,G,T,mismatch,1137,723,1,FALSE
nlgn4a,126,126,1,-,G,T,mismatch,1137,723,1,FALSE
nlgn4a,170,170,1,-,T,A,mismatch,1137,723,1,FALSE
nlgn4a,108,108,1,-,T,C,mismatch,1138,732,1,FALSE
nlgn4a,171,171,1,-,G,C,mismatch,1138,732,1,FALSE
nlgn4a,132,132,1,-,G,T,mismatch,1139,723,1,FALSE
nlgn4a,155,155,1,-,T,G,mismatch,1139,723,1,FALSE
nlgn4a,171,171,1,-,G,C,mismatch,1139,723,1,FALSE
nlgn4a,105,105,1,-,C,A,mismatch,1140,723,1,FALSE
nlgn4a,120,120,1,-,G,T,mismatch,1140,723,1,FALSE
nlgn4a,172,172,1,-,T,G,mismatch,1140,723,1,FALSE
nlgn4a,172,172,1,-,T,A,mismatch,1141,741,1,FALSE
nlgn4a,173,173,1,-,T,G,mismatch,1142,723,1,FALSE
nlgn4a,126,126,1,-,G,T,mismatch,1143,732,1,FALSE
nlgn4a,173,173,1,-,T,C,mismatch,1143,732,1,FALSE
nlgn4a,111,111,1,-,A,T,mismatch,1144,714,1,FALSE
nlgn4a,114,114,1,-,T,G,mismatch,1144,714,1,FALSE
nlgn4a,141,141,1,-,G,A,mismatch,1144,714,1,FALSE
nlgn4a,173,173,1,-,T,A,mismatch,1144,714,1,FALSE
nlgn4a,157,157,1,-,A,T,mismatch,1145,732,1,FALSE
nlgn4a,175,175,1,-,C,A,mismatch,1145,732,1,FALSE
nlgn4a,175,175,1,-,C,A,mismatch,1146,741,1,FALSE
nlgn4a,174,174,1,-,A,C,mismatch,1147,732,1,FALSE
nlgn4a,176,176,1,-,G,A,mismatch,1147,732,1,FALSE
nlgn4a,178,178,1,-,C,A,mismatch,1148,741,1,FALSE
nlgn4a,183,183,1,-,T,G,mismatch,1149,741,1,FALSE
nlgn4a,106,106,1,-,T,G,mismatch,1150,723,1,FALSE
nlgn4a,110,110,1,-,T,G,mismatch,1150,723,1,FALSE
nlgn4a,183,183,1,-,T,G,mismatch,1150,723,1,FALSE
nlgn4a,122,122,1,-,G,C,mismatch,1151,732,1,FALSE
nlgn4a,183,183,1,-,T,G,mismatch,1151,732,1,FALSE
nlgn4a,145,145,1,-,T,A,mismatch,1152,723,1,FALSE
nlgn4a,161,161,1,-,G,A,mismatch,1152,723,1,FALSE
nlgn4a,183,183,1,-,T,G,mismatch,1152,723,1,FALSE
nlgn4a,103,103,1,-,G,T,mismatch,1153,705,1,FALSE
nlgn4a,106,106,1,-,T,A,mismatch,1153,705,1,FALSE
nlgn4a,162,162,1,-,C,G,mismatch,1153,705,1,FALSE
nlgn4a,171,171,1,-,G,T,mismatch,1153,705,1,FALSE
nlgn4a,183,183,1,-,T,C,mismatch,1153,705,1,FALSE
nlgn4a,135,135,1,-,T,G,mismatch,1154,723,1,FALSE
nlgn4a,144,144,1,-,A,C,mismatch,1154,723,1,FALSE
nlgn4a,183,183,1,-,T,C,mismatch,1154,723,1,FALSE
nlgn4a,119,119,1,-,T,C,mismatch,1155,723,1,FALSE
nlgn4a,133,133,1,-,C,T,mismatch,1155,723,1,FALSE
nlgn4a,183,183,1,-,T,C,mismatch,1155,723,1,FALSE
nlgn4a,119,119,1,-,T,G,mismatch,1156,723,1,FALSE
nlgn4a,138,138,1,-,C,A,mismatch,1156,723,1,FALSE
nlgn4a,183,183,1,-,T,C,mismatch,1156,723,1,FALSE
nlgn4a,174,174,1,-,A,C,mismatch,1157,723,1,FALSE
nlgn4a,179,179,1,-,A,C,mismatch,1157,723,1,FALSE
nlgn4a,183,183,1,-,T,A,mismatch,1157,723,1,FALSE
nlgn4a,107,107,1,-,T,A,mismatch,1158,732,1,FALSE
nlgn4a,185,185,1,-,T,G,mismatch,1158,732,1,FALSE
nlgn4a,104,104,1,-,C,T,mismatch,1159,732,1,FALSE
nlgn4a,185,185,1,-,T,A,mismatch,1159,732,1,FALSE
nlgn4a,185,185,1,-,T,A,mismatch,1160,741,1,FALSE
nlgn4a,108,108,1,-,T,A,mismatch,1161,732,1,FALSE
nlgn4a,185,185,1,-,T,A,mismatch,1161,732,1,FALSE
nlgn4a,108,108,1,-,T,A,mismatch,1162,723,1,FALSE
nlgn4a,177,177,1,-,A,C,mismatch,1162,723,1,FALSE
nlgn4a,186,186,1,-,G,C,mismatch,1162,723,1,FALSE
nlgn4a,186,186,1,-,G,A,mismatch,1163,741,1,FALSE
nlgn4a,141,141,1,-,G,C,mismatch,1164,732,1,FALSE
nlgn4a,186,186,1,-,G,A,mismatch,1164,732,1,FALSE
nlgn4a,145,145,1,-,T,A,mismatch,1165,732,1,FALSE
nlgn4a,186,186,1,-,G,A,mismatch,1165,732,1,FALSE
nlgn4a,119,119,1,-,T,G,mismatch,1166,705,1,FALSE
nlgn4a,162,162,1,-,C,T,mismatch,1166,705,1,FALSE
nlgn4a,187,187,1,-,G,C,mismatch,1166,705,1,FALSE
nlgn4a,187,187,1,-,G,C,mismatch,1167,741,1,FALSE
nlgn4a,105,105,1,-,C,A,mismatch,1168,732,1,FALSE
nlgn4a,187,187,1,-,G,C,mismatch,1168,732,1,FALSE
nlgn4a,126,126,1,-,G,T,mismatch,1169,705,1,FALSE
nlgn4a,148,148,1,-,C,G,mismatch,1169,705,1,FALSE
nlgn4a,187,187,1,-,G,A,mismatch,1169,705,1,FALSE
nlgn4a,130,130,1,-,C,G,mismatch,1170,732,1,FALSE
nlgn4a,187,187,1,-,G,A,mismatch,1170,732,1,FALSE
nlgn4a,188,188,1,-,C,A,mismatch,1171,741,1,FALSE
nlgn4a,144,144,1,-,A,T,mismatch,1172,714,1,FALSE
nlgn4a,180,180,1,-,A,G,mismatch,1172,714,1,FALSE
nlgn4a,182,182,1,-,C,A,mismatch,1172,714,1,FALSE
nlgn4a,188,188,1,-,C,A,mismatch,1172,714,1,FALSE
nlgn4a,191,191,1,-,G,C,mismatch,1173,741,1,FALSE
nlgn4a,128,128,1,-,G,C,mismatch,1174,732,1,FALSE
nlgn4a,191,191,1,-,G,C,mismatch,1174,732,1,FALSE
nlgn4a,191,191,1,-,G,A,mismatch,1175,741,1,FALSE
nlgn4a,110,110,1,-,T,A,mismatch,1176,732,1,FALSE
nlgn4a,192,192,1,-,C,A,mismatch,1176,732,1,FALSE
nlgn4a,113,113,1,-,C,A,mismatch,1177,714,1,FALSE
nlgn4a,133,133,1,-,C,A,mismatch,1177,714,1,FALSE
nlgn4a,164,164,1,-,C,G,mismatch,1177,714,1,FALSE
nlgn4a,193,193,1,-,T,G,mismatch,1177,714,1,FALSE
nlgn4a,109,109,1,-,T,G,mismatch,1178,714,1,FALSE
nlgn4a,119,119,1,-,T,A,mismatch,1178,714,1,FALSE
nlgn4a,129,129,1,-,G,T,mismatch,1178,714,1,FALSE
nlgn4a,193,193,1,-,T,G,mismatch,1178,714,1,FALSE
nlgn4a,193,193,1,-,T,C,mismatch,1179,741,1,FALSE
nlgn4a,133,133,1,-,C,A,mismatch,1180,732,1,FALSE
nlgn4a,193,193,1,-,T,C,mismatch,1180,732,1,FALSE
nlgn4a,107,107,1,-,T,C,mismatch,1181,732,1,FALSE
nlgn4a,193,193,1,-,T,A,mismatch,1181,732,1,FALSE
nlgn4a,111,111,1,-,A,C,mismatch,1182,723,1,FALSE
nlgn4a,155,155,1,-,T,G,mismatch,1182,723,1,FALSE
nlgn4a,193,193,1,-,T,A,mismatch,1182,723,1,FALSE
nlgn4a,196,196,1,-,G,C,mismatch,1183,741,1,FALSE
nlgn4a,144,144,1,-,A,T,mismatch,1184,732,1,FALSE
nlgn4a,196,196,1,-,G,A,mismatch,1184,732,1,FALSE
nlgn4a,109,109,1,-,T,G,mismatch,1185,732,1,FALSE
nlgn4a,196,196,1,-,G,A,mismatch,1185,732,1,FALSE
nlgn4a,185,185,1,-,T,A,mismatch,1186,732,1,FALSE
nlgn4a,196,196,1,-,G,A,mismatch,1186,732,1,FALSE
nlgn4a,113,113,1,-,C,A,mismatch,1187,732,1,FALSE
nlgn4a,198,198,1,-,G,C,mismatch,1187,732,1,FALSE
nlgn4a,198,198,1,-,G,A,mismatch,1188,741,1,FALSE
nlgn4a,176,176,1,-,G,A,mismatch,1189,732,1,FALSE
nlgn4a,199,199,1,-,G,C,mismatch,1189,732,1,FALSE
nlgn4a,120,120,1,-,G,A,mismatch,1190,705,1,FALSE
nlgn4a,160,160,1,-,A,C,mismatch,1190,705,1,FALSE
nlgn4a,199,199,1,-,G,A,mismatch,1190,705,1,FALSE
nlgn4a,199,199,1,-,G,A,mismatch,1191,741,1,FALSE
nlgn4a,200,200,1,-,C,A,mismatch,1192,741,1,FALSE
nlgn4a,110,110,1,-,T,A,mismatch,1193,714,1,FALSE
nlgn4a,112,112,1,-,C,G,mismatch,1193,714,1,FALSE
nlgn4a,191,191,1,-,G,C,mismatch,1193,714,1,FALSE
nlgn4a,200,200,1,-,C,A,mismatch,1193,714,1,FALSE
nlgn4a,144,144,1,-,A,G,mismatch,1194,723,1,FALSE
nlgn4a,168,168,1,-,A,C,mismatch,1194,723,1,FALSE
nlgn4a,201,201,1,-,T,C,mismatch,1194,723,1,FALSE
nlgn4a,161,161,1,-,G,A,mismatch,1195,732,1,FALSE
nlgn4a,201,201,1,-,T,C,mismatch,1195,732,1,FALSE
nlgn4a,111,111,1,-,A,C,mismatch,1196,723,1,FALSE
nlgn4a,113,113,1,-,C,T,mismatch,1196,723,1,FALSE
nlgn4a,201,201,1,-,T,A,mismatch,1196,723,1,FALSE
nlgn4a,201,201,1,-,T,A,mismatch,1197,741,1,FALSE
nlgn4a,140,140,1,-,G,T,mismatch,1198,732,1,FALSE
nlgn4a,202,202,1,-,T,G,mismatch,1198,732,1,FALSE
nlgn4a,122,122,1,-,G,T,mismatch,1199,732,1,FALSE
nlgn4a,202,202,1,-,T,C,mismatch,1199,732,1,FALSE
nlgn4a,202,202,1,-,T,C,mismatch,1200,741,1,FALSE
nlgn4a,202,202,1,-,T,A,mismatch,1201,741,1,FALSE
nlgn4a,121,121,1,-,T,C,mismatch,1202,732,1,FALSE
nlgn4a,202,202,1,-,T,A,mismatch,1202,732,1,FALSE
nlgn4a,106,106,1,-,T,C,mismatch,1203,723,1,FALSE
nlgn4a,180,180,1,-,A,G,mismatch,1203,723,1,FALSE
nlgn4a,203,203,1,-,G,C,mismatch,1203,723,1,FALSE
nlgn4a,124,124,1,-,T,C,mismatch,1204,714,1,FALSE
nlgn4a,143,143,1,-,C,G,mismatch,1204,714,1,FALSE
nlgn4a,164,164,1,-,C,G,mismatch,1204,714,1,FALSE
nlgn4a,203,203,1,-,G,C,mismatch,1204,714,1,FALSE
nlgn4a,136,136,1,-,G,A,mismatch,1205,723,1,FALSE
nlgn4a,159,159,1,-,C,T,mismatch,1205,723,1,FALSE
nlgn4a,203,203,1,-,G,C,mismatch,1205,723,1,FALSE
nlgn4a,132,132,1,-,G,C,mismatch,1206,723,1,FALSE
nlgn4a,173,173,1,-,T,G,mismatch,1206,723,1,FALSE
nlgn4a,203,203,1,-,G,C,mismatch,1206,723,1,FALSE
nlgn4a,104,104,1,-,C,T,mismatch,1207,714,1,FALSE
nlgn4a,109,109,1,-,T,A,mismatch,1207,714,1,FALSE
nlgn4a,165,165,1,-,C,A,mismatch,1207,714,1,FALSE
nlgn4a,203,203,1,-,G,A,mismatch,1207,714,1,FALSE
nlgn4a,163,163,1,-,A,G,mismatch,1208,732,1,FALSE
nlgn4a,208,208,1,-,C,A,mismatch,1208,732,1,FALSE
nlgn4a,112,112,1,-,C,A,mismatch,1209,705,1,FALSE
nlgn4a,140,140,1,-,G,T,mismatch,1209,705,1,FALSE
nlgn4a,146,146,1,-,T,A,mismatch,1209,705,1,FALSE
nlgn4a,167,167,1,-,T,G,mismatch,1209,705,1,FALSE
nlgn4a,210,210,1,-,C,A,mismatch,1209,705,1,FALSE
nlgn4a,211,211,1,-,C,A,mismatch,1210,741,1,FALSE
nlgn4a,157,157,1,-,A,G,mismatch,1211,732,1,FALSE
nlgn4a,212,212,1,-,T,G,mismatch,1211,732,1,FALSE
nlgn4a,212,212,1,-,T,G,mismatch,1212,741,1,FALSE
nlgn4a,121,121,1,-,T,A,mismatch,1213,714,1,FALSE
nlgn4a,127,127,1,-,C,G,mismatch,1213,714,1,FALSE
nlgn4a,149,149,1,-,A,G,mismatch,1213,714,1,FALSE
nlgn4a,212,212,1,-,T,C,mismatch,1213,714,1,FALSE
nlgn4a,212,212,1,-,T,A,mismatch,1214,741,1,FALSE
nlgn4a,134,134,1,-,G,T,mismatch,1215,723,1,FALSE
nlgn4a,138,138,1,-,C,A,mismatch,1215,723,1,FALSE
nlgn4a,212,212,1,-,T,A,mismatch,1215,723,1,FALSE
nlgn4a,109,109,1,-,T,C,mismatch,1216,723,1,FALSE
nlgn4a,205,205,1,-,A,T,mismatch,1216,723,1,FALSE
nlgn4a,213,213,1,-,C,A,mismatch,1216,723,1,FALSE
nlgn4a,115,115,1,-,G,T,mismatch,1217,732,1,FALSE
nlgn4a,213,213,1,-,C,A,mismatch,1217,732,1,FALSE
nlgn4a,213,213,1,-,C,A,mismatch,1218,741,1,FALSE
nlgn4a,146,146,1,-,T,C,mismatch,1219,732,1,FALSE
nlgn4a,214,214,1,-,T,G,mismatch,1219,732,1,FALSE
nlgn4a,139,139,1,-,T,A,mismatch,1220,723,1,FALSE
nlgn4a,141,141,1,-,G,T,mismatch,1220,723,1,FALSE
nlgn4a,214,214,1,-,T,C,mismatch,1220,723,1,FALSE
nlgn4a,104,104,1,-,C,G,mismatch,1221,723,1,FALSE
nlgn4a,118,118,1,-,T,G,mismatch,1221,723,1,FALSE
nlgn4a,214,214,1,-,T,C,mismatch,1221,723,1,FALSE
nlgn4a,120,120,1,-,G,C,mismatch,1222,723,1,FALSE
nlgn4a,126,126,1,-,G,A,mismatch,1222,723,1,FALSE
nlgn4a,214,214,1,-,T,C,mismatch,1222,723,1,FALSE
nlgn4a,214,214,1,-,T,A,mismatch,1223,741,1,FALSE
nlgn4a,128,128,1,-,G,A,mismatch,1224,732,1,FALSE
nlgn4a,214,214,1,-,T,A,mismatch,1224,732,1,FALSE
nlgn4a,215,215,1,-,G,C,mismatch,1225,741,1,FALSE
nlgn4a,119,119,1,-,T,C,mismatch,1226,723,1,FALSE
nlgn4a,125,125,1,-,T,C,mismatch,1226,723,1,FALSE
nlgn4a,215,215,1,-,G,A,mismatch,1226,723,1,FALSE
nlgn4a,169,169,1,-,T,C,mismatch,1227,723,1,FALSE
nlgn4a,201,201,1,-,T,C,mismatch,1227,723,1,FALSE
nlgn4a,217,217,1,-,C,A,mismatch,1227,723,1,FALSE
nlgn4a,103,103,1,-,G,A,mismatch,1228,714,1,FALSE
nlgn4a,106,106,1,-,T,C,mismatch,1228,714,1,FALSE
nlgn4a,213,213,1,-,C,T,mismatch,1228,714,1,FALSE
nlgn4a,218,218,1,-,C,A,mismatch,1228,714,1,FALSE
nlgn4a,108,108,1,-,T,C,mismatch,1229,732,1,FALSE
nlgn4a,218,218,1,-,C,A,mismatch,1229,732,1,FALSE
nlgn4a,146,146,1,-,T,G,mismatch,1230,732,1,FALSE
nlgn4a,221,221,1,-,T,G,mismatch,1230,732,1,FALSE
nlgn4a,150,150,1,-,T,C,mismatch,1231,723,1,FALSE
nlgn4a,212,212,1,-,T,C,mismatch,1231,723,1,FALSE
nlgn4a,221,221,1,-,T,G,mismatch,1231,723,1,FALSE
nlgn4a,159,159,1,-,C,G,mismatch,1232,732,1,FALSE
nlgn4a,222,222,1,-,G,A,mismatch,1232,732,1,FALSE
nlgn4a,222,222,1,-,G,A,mismatch,1233,741,1,FALSE
nlgn4a,162,162,1,-,C,A,mismatch,1234,732,1,FALSE
nlgn4a,222,222,1,-,G,A,mismatch,1234,732,1,FALSE
nlgn4a,224,224,1,-,G,C,mismatch,1235,741,1,FALSE
nlgn4a,143,143,1,-,C,G,mismatch,1236,687,1,FALSE
nlgn4a,171,171,1,-,G,A,mismatch,1236,687,1,FALSE
nlgn4a,204,204,1,-,A,G,mismatch,1236,687,1,FALSE
nlgn4a,206,206,1,-,A,T,mismatch,1236,687,1,FALSE
nlgn4a,226,226,1,-,T,G,mismatch,1236,687,1,FALSE
nlgn4a,119,119,1,-,T,C,mismatch,1237,732,1,FALSE
nlgn4a,226,226,1,-,T,G,mismatch,1237,732,1,FALSE
nlgn4a,105,105,1,-,C,T,mismatch,1238,723,1,FALSE
nlgn4a,153,153,1,-,G,T,mismatch,1238,723,1,FALSE
nlgn4a,226,226,1,-,T,C,mismatch,1238,723,1,FALSE
nlgn4a,103,103,1,-,G,T,mismatch,1239,705,1,FALSE
nlgn4a,123,123,1,-,C,T,mismatch,1239,705,1,FALSE
nlgn4a,127,127,1,-,C,A,mismatch,1239,705,1,FALSE
nlgn4a,145,145,1,-,T,G,mismatch,1239,705,1,FALSE
nlgn4a,226,226,1,-,T,C,mismatch,1239,705,1,FALSE
nlgn4a,123,123,1,-,C,T,mismatch,1240,732,1,FALSE
nlgn4a,226,226,1,-,T,A,mismatch,1240,732,1,FALSE
nlgn4a,178,178,1,-,C,A,mismatch,1241,732,1,FALSE
nlgn4a,226,226,1,-,T,A,mismatch,1241,732,1,FALSE
nlgn4a,126,126,1,-,G,T,mismatch,1242,723,1,FALSE
nlgn4a,147,147,1,-,A,T,mismatch,1242,723,1,FALSE
nlgn4a,227,227,1,-,T,G,mismatch,1242,723,1,FALSE
nlgn4a,125,125,1,-,T,C,mismatch,1243,723,1,FALSE
nlgn4a,118,118,1,-,T,G,mismatch,1244,732,1,FALSE
nlgn4a,228,228,1,-,C,A,mismatch,1244,732,1,FALSE
nlgn4a,104,104,1,-,C,T,mismatch,1245,732,1,FALSE
nlgn4a,229,229,1,-,T,G,mismatch,1245,732,1,FALSE
nlgn4a,229,229,1,-,T,G,mismatch,1246,741,1,FALSE
nlgn4a,121,121,1,-,T,A,mismatch,1247,723,1,FALSE
nlgn4a,124,124,1,-,T,C,mismatch,1247,723,1,FALSE
nlgn4a,229,229,1,-,T,C,mismatch,1247,723,1,FALSE
nlgn4a,106,106,1,-,T,G,mismatch,1248,732,1,FALSE
nlgn4a,229,229,1,-,T,A,mismatch,1248,732,1,FALSE
nlgn4a,133,133,1,-,C,G,mismatch,1249,723,1,FALSE
nlgn4a,148,148,1,-,C,A,mismatch,1249,723,1,FALSE
nlgn4a,231,231,1,-,G,C,mismatch,1249,723,1,FALSE
nlgn4a,160,160,1,-,A,T,mismatch,1250,732,1,FALSE
nlgn4a,231,231,1,-,G,A,mismatch,1250,732,1,FALSE
nlgn4a,187,187,1,-,G,A,mismatch,1251,723,1,FALSE
nlgn4a,217,217,1,-,C,G,mismatch,1251,723,1,FALSE
nlgn4a,232,232,1,-,G,C,mismatch,1251,723,1,FALSE
nlgn4a,232,232,1,-,G,C,mismatch,1252,741,1,FALSE
nlgn4a,158,158,1,-,G,C,mismatch,1253,732,1,FALSE
nlgn4a,232,232,1,-,G,C,mismatch,1253,732,1,FALSE
nlgn4a,110,110,1,-,T,A,mismatch,1254,714,1,FALSE
nlgn4a,122,122,1,-,G,C,mismatch,1254,714,1,FALSE
nlgn4a,132,132,1,-,G,T,mismatch,1254,714,1,FALSE
nlgn4a,232,232,1,-,G,A,mismatch,1254,714,1,FALSE
nlgn4a,232,232,1,-,G,A,mismatch,1255,741,1,FALSE
nlgn4a,160,160,1,-,A,G,mismatch,1256,714,1,FALSE
nlgn4a,168,168,1,-,A,T,mismatch,1256,714,1,FALSE
nlgn4a,221,221,1,-,T,C,mismatch,1256,714,1,FALSE
nlgn4a,232,232,1,-,G,A,mismatch,1256,714,1,FALSE
nlgn4a,107,107,1,-,T,C,mismatch,1257,723,1,FALSE
nlgn4a,181,181,1,-,A,G,mismatch,1257,723,1,FALSE
nlgn4a,233,233,1,-,G,C,mismatch,1257,723,1,FALSE
nlgn4a,142,142,1,-,C,A,mismatch,1258,714,1,FALSE
nlgn4a,179,179,1,-,A,G,mismatch,1258,714,1,FALSE
nlgn4a,208,208,1,-,C,G,mismatch,1258,714,1,FALSE
nlgn4a,233,233,1,-,G,A,mismatch,1258,714,1,FALSE
nlgn4a,155,155,1,-,T,A,mismatch,1259,705,1,FALSE
nlgn4a,159,159,1,-,C,A,mismatch,1259,705,1,FALSE
nlgn4a,164,164,1,-,C,T,mismatch,1259,705,1,FALSE
nlgn4a,188,188,1,-,C,A,mismatch,1259,705,1,FALSE
nlgn4a,233,233,1,-,G,A,mismatch,1259,705,1,FALSE
nlgn4a,148,148,1,-,C,G,mismatch,1261,732,1,FALSE
nlgn4a,172,172,1,-,T,A,mismatch,1262,732,1,FALSE
nlgn4a,111,111,1,-,A,T,mismatch,1264,723,1,FALSE
nlgn4a,130,130,1,-,C,G,mismatch,1264,723,1,FALSE
nlgn4a,104,104,1,-,C,T,mismatch,1265,732,1,FALSE
nlgn4a,107,107,1,-,T,C,mismatch,1267,714,1,FALSE
nlgn4a,147,147,1,-,A,C,mismatch,1267,714,1,FALSE
nlgn4a,162,162,1,-,C,A,mismatch,1267,714,1,FALSE
nlgn4a,194,194,1,-,A,C,mismatch,1268,714,1,FALSE
nlgn4a,117,117,1,-,A,C,mismatch,1269,732,1,FALSE
nlgn4a,116,116,1,-,G,C,mismatch,1270,732,1,FALSE
nlgn4a,104,104,1,-,C,T,mismatch,1271,723,1,FALSE
nlgn4a,185,185,1,-,T,G,mismatch,1275,732,1,FALSE
nlgn4a,106,106,1,-,T,G,mismatch,1276,723,1,FALSE
nlgn4a,233,233,1,-,G,C,mismatch,1276,723,1,FALSE
nlgn4a,106,106,1,-,T,C,mismatch,1277,714,1,FALSE
nlgn4a,115,115,1,-,G,A,mismatch,1277,714,1,FALSE
nlgn4a,207,207,1,-,A,T,mismatch,1277,714,1,FALSE
nlgn4a,151,151,1,-,G,A,mismatch,1278,732,1,FALSE
nlgn4a,128,128,1,-,G,A,mismatch,1279,723,1,FALSE
nlgn4a,170,170,1,-,T,A,mismatch,1279,723,1,FALSE
nlgn4a,198,198,1,-,G,A,mismatch,1280,732,1,FALSE
nlgn4a,115,115,1,-,G,C,mismatch,1281,723,1,FALSE
nlgn4a,221,221,1,-,T,A,mismatch,1281,723,1,FALSE
nlgn4a,134,134,1,-,G,T,mismatch,1282,723,1,FALSE
nlgn4a,185,185,1,-,T,C,mismatch,1282,723,1,FALSE
nlgn4a,107,107,1,-,T,C,mismatch,1284,732,1,FALSE
nlgn4a,116,116,1,-,G,A,mismatch,1285,714,1,FALSE
nlgn4a,129,129,1,-,G,C,mismatch,1285,714,1,FALSE
nlgn4a,137,137,1,-,G,C,mismatch,1285,714,1,FALSE
nlgn4a,161,161,1,-,G,C,mismatch,1287,732,1,FALSE
nlgn4a,138,138,1,-,C,G,mismatch,1288,714,1,FALSE
nlgn4a,173,173,1,-,T,A,mismatch,1288,714,1,FALSE
nlgn4a,183,183,1,-,T,C,mismatch,1288,714,1,FALSE
nlgn4a,141,141,1,-,G,C,mismatch,1290,732,1,FALSE
nlgn4a,132,132,1,-,G,C,mismatch,1292,732,1,FALSE
nlgn4a,176,176,1,-,G,C,mismatch,1293,732,1,FALSE
nlgn4a,195,195,1,-,A,G,mismatch,1294,732,1,FALSE
nlgn4a,125,125,1,-,T,A,mismatch,1295,714,1,FALSE
nlgn4a,132,132,1,-,G,T,mismatch,1295,714,1,FALSE
nlgn4a,163,163,1,-,A,C,mismatch,1295,714,1,FALSE
nlgn4a,142,142,1,-,C,T,mismatch,1296,732,1,FALSE
nlgn4a,196,196,1,-,G,T,mismatch,1297,732,1,FALSE
nlgn4a,104,104,1,-,C,G,mismatch,1299,714,1,FALSE
nlgn4a,108,108,1,-,T,A,mismatch,1299,714,1,FALSE
nlgn4a,130,130,1,-,C,A,mismatch,1299,714,1,FALSE
nlgn4a,136,136,1,-,G,C,mismatch,1300,732,1,FALSE
nlgn4a,164,164,1,-,C,A,mismatch,1301,732,1,FALSE
nlgn4a,150,150,1,-,T,G,mismatch,1302,723,1,FALSE
nlgn4a,204,204,1,-,A,T,mismatch,1303,732,1,FALSE
nlgn4a,182,182,1,-,C,G,mismatch,1304,732,1,FALSE
nlgn4a,116,116,1,-,G,A,mismatch,1306,705,1,FALSE
nlgn4a,131,131,1,-,T,G,mismatch,1306,705,1,FALSE
nlgn4a,172,172,1,-,T,G,mismatch,1306,705,1,FALSE
nlgn4a,221,221,1,-,T,G,mismatch,1306,705,1,FALSE
nlgn4a,157,157,1,-,A,C,mismatch,1307,732,1,FALSE
nlgn4a,116,116,1,-,G,C,mismatch,1309,723,1,FALSE
nlgn4a,122,122,1,-,G,A,mismatch,1309,723,1,FALSE
nlgn4a,131,131,1,-,T,G,mismatch,1310,732,1,FALSE
nlgn4a,159,159,1,-,C,A,mismatch,1311,732,1,FALSE
nlgn4a,113,113,1,-,C,G,mismatch,1312,714,1,FALSE
nlgn4a,146,146,1,-,T,A,mismatch,1312,714,1,FALSE
nlgn4a,187,187,1,-,G,C,mismatch,1312,714,1,FALSE
nlgn4a,162,162,1,-,C,A,mismatch,1313,732,1,FALSE
nlgn4a,112,112,1,-,C,A,mismatch,1314,732,1,FALSE
nlgn4a,199,199,1,-,G,T,mismatch,1315,732,1,FALSE
nlgn4a,179,179,1,-,A,C,mismatch,1316,714,1,FALSE
nlgn4a,123,123,1,-,C,A,mismatch,1317,723,1,FALSE
nlgn4a,222,222,1,-,G,C,mismatch,1317,723,1,FALSE
nlgn4a,110,110,1,-,T,G,mismatch,1318,714,1,FALSE
nlgn4a,193,193,1,-,T,G,mismatch,1318,714,1,FALSE
nlgn4a,216,216,1,-,C,G,mismatch,1318,714,1,FALSE
nlgn4a,119,119,1,-,T,C,mismatch,1319,723,1,FALSE
nlgn4a,144,144,1,-,A,C,mismatch,1319,723,1,FALSE
nlgn4a,136,136,1,-,G,C,mismatch,1321,732,1,FALSE
nlgn4a,122,122,1,-,G,T,mismatch,1322,723,1,FALSE
nlgn4a,157,157,1,-,A,T,mismatch,1322,723,1,FALSE
nlgn4a,132,132,1,-,G,A,mismatch,1323,732,1,FALSE
nlgn4a,131,131,1,-,T,A,mismatch,1324,732,1,FALSE
nlgn4a,164,164,1,-,C,G,mismatch,1324,732,1,FALSE
nlgn4a,117,117,1,-,A,T,mismatch,1326,741,1,FALSE
nlgn4a,143,143,1,-,C,T,mismatch,1328,741,1,FALSE
nlgn4a,106,106,1,-,T,C,mismatch,1330,732,1,FALSE
nlgn4a,110,110,1,-,T,G,mismatch,1330,732,1,FALSE
nlgn4a,124,124,1,-,T,C,mismatch,1331,741,1,FALSE
nlgn4a,137,137,1,-,G,A,mismatch,1332,741,1,FALSE
nlgn4a,146,146,1,-,T,A,mismatch,1333,741,1,FALSE
nlgn4a,150,150,1,-,T,A,mismatch,1335,741,1,FALSE
nlgn4a,198,198,1,-,G,A,mismatch,1337,741,1,FALSE
nlgn4a,146,146,1,-,T,C,mismatch,1339,732,1,FALSE
nlgn4a,183,183,1,-,T,A,mismatch,1339,732,1,FALSE
nlgn4a,119,119,1,-,T,C,mismatch,1340,732,1,FALSE
nlgn4a,162,162,1,-,C,A,mismatch,1340,732,1,FALSE
nlgn4a,109,109,1,-,T,G,mismatch,1342,732,1,FALSE
nlgn4a,152,152,1,-,G,T,mismatch,1342,732,1,FALSE
nlgn4a,144,144,1,-,A,T,mismatch,1343,741,1,FALSE
nlgn4a,115,115,1,-,G,T,mismatch,1345,714,1,FALSE
nlgn4a,129,129,1,-,G,A,mismatch,1345,714,1,FALSE
nlgn4a,135,135,1,-,T,C,mismatch,1345,714,1,FALSE
nlgn4a,180,180,1,-,A,C,mismatch,1345,714,1,FALSE
nlgn4a,109,109,1,-,T,G,mismatch,1347,732,1,FALSE
nlgn4a,154,154,1,-,C,A,mismatch,1347,732,1,FALSE
nlgn4a,113,113,1,-,C,G,mismatch,1348,732,1,FALSE
nlgn4a,147,147,1,-,A,G,mismatch,1348,732,1,FALSE
nlgn4a,156,156,1,-,C,T,mismatch,1350,741,1,FALSE
nlgn4a,115,115,1,-,G,A,mismatch,1351,714,1,FALSE
nlgn4a,123,123,1,-,C,A,mismatch,1351,714,1,FALSE
nlgn4a,192,192,1,-,C,A,mismatch,1351,714,1,FALSE
nlgn4a,205,205,1,-,A,C,mismatch,1351,714,1,FALSE
nlgn4a,131,131,1,-,T,A,mismatch,1353,723,1,FALSE
nlgn4a,229,229,1,-,T,A,mismatch,1353,723,1,FALSE
nlgn4a,127,127,1,-,C,A,mismatch,1354,723,1,FALSE
nlgn4a,147,147,1,-,A,G,mismatch,1354,723,1,FALSE
nlgn4a,211,211,1,-,C,G,mismatch,1354,723,1,FALSE
nlgn4a,126,126,1,-,G,C,mismatch,1356,741,1,FALSE
nlgn4a,118,118,1,-,T,A,mismatch,1360,707,1,FALSE
nlgn4a,154,154,1,-,C,A,mismatch,1360,707,1,FALSE
nlgn4a,146,146,1,-,T,G,mismatch,1361,707,1,FALSE
nlgn4a,225,225,1,-,A,T,mismatch,1363,716,1,FALSE
nlgn4a,111,111,1,-,A,C,mismatch,1364,707,1,FALSE
nlgn4a,218,218,1,-,C,G,mismatch,1364,707,1,FALSE
nlgn4a,182,182,1,-,C,G,mismatch,1365,707,1,FALSE
nlgn4a,192,192,1,-,C,T,mismatch,1365,707,1,FALSE
nlgn4a,177,177,1,-,A,T,mismatch,1366,716,1,FALSE
nlgn4a,177,177,1,-,A,G,mismatch,1367,716,1,FALSE
nlgn4a,176,176,1,-,G,T,mismatch,1368,716,1,FALSE
nlgn4a,139,139,1,-,T,G,mismatch,1369,707,1,FALSE
nlgn4a,164,164,1,-,C,T,mismatch,1369,707,1,FALSE
nlgn4a,116,116,1,-,G,T,mismatch,1370,707,1,FALSE
nlgn4a,154,154,1,-,C,T,mismatch,1370,707,1,FALSE
nlgn4a,109,109,1,-,T,G,mismatch,1371,698,1,FALSE
nlgn4a,143,143,1,-,C,T,mismatch,1371,698,1,FALSE
nlgn4a,153,153,1,-,G,T,mismatch,1371,698,1,FALSE
nlgn4a,144,144,1,-,A,T,mismatch,1372,716,1,FALSE
nlgn4a,138,138,1,-,C,T,mismatch,1373,716,1,FALSE
nlgn4a,126,126,1,-,G,T,mismatch,1374,716,1,FALSE
nlgn4a,117,117,1,-,A,C,mismatch,1375,716,1,FALSE
nlgn4a,104,104,1,-,C,G,mismatch,1376,716,1,FALSE
nlgn4a,100,100,1,-,T,C,mismatch,1377,716,1,FALSE
nlgn4a,123,123,1,-,C,A,mismatch,1378,716,1,FALSE
nlgn4a,125,125,1,-,T,C,mismatch,1379,716,1,FALSE
nlgn4a,101,101,1,-,A,T,mismatch,1380,707,1,FALSE
nlgn4a,126,126,1,-,G,C,mismatch,1380,707,1,FALSE
nlgn4a,106,106,1,-,T,A,mismatch,1381,707,1,FALSE
nlgn4a,129,129,1,-,G,A,mismatch,1381,707,1,FALSE
nlgn4a,132,132,1,-,G,C,mismatch,1382,716,1,FALSE
nlgn4a,143,143,1,-,C,A,mismatch,1383,716,1,FALSE
nlgn4a,146,146,1,-,T,C,mismatch,1384,716,1,FALSE
nlgn4a,150,150,1,-,T,A,mismatch,1385,716,1,FALSE
nlgn4a,178,178,1,-,C,T,mismatch,1386,707,1,FALSE
nlgn4a,186,186,1,-,G,C,mismatch,1386,707,1,FALSE
nlgn4a,192,192,1,-,C,A,mismatch,1387,716,1,FALSE
nlgn4a,212,212,1,-,T,C,mismatch,1388,716,1,FALSE
nlgn4a,229,229,1,-,T,C,mismatch,1389,716,1,FALSE
nlgn4a,232,232,1,-,G,A,mismatch,1390,716,1,FALSE
nlgn4a,117,117,1,-,A,C,mismatch,1391,707,1,FALSE
nlgn4a,120,120,1,-,G,C,mismatch,1393,687,1,FALSE
nlgn4a,222,222,1,-,G,T,mismatch,1393,687,1,FALSE
nlgn4a,161,161,1,-,G,A,mismatch,1394,687,1,FALSE
nlgn4a,190,190,1,-,A,T,mismatch,1394,687,1,FALSE
nlgn4a,184,184,1,-,A,G,mismatch,1395,696,1,FALSE
nlgn4a,163,163,1,-,A,T,mismatch,1396,696,1,FALSE
nlgn4a,148,148,1,-,C,A,mismatch,1397,696,1,FALSE
nlgn4a,117,117,1,-,A,G,mismatch,1398,741,1,FALSE
nlgn4a,135,135,1,-,T,C,mismatch,1400,723,1,FALSE
nlgn4a,173,173,1,-,T,G,mismatch,1400,723,1,FALSE
nlgn4a,170,170,1,-,T,A,mismatch,1403,732,1,FALSE
nlgn4a,202,202,1,-,T,C,mismatch,1403,732,1,FALSE
nlgn4a,118,118,1,-,T,C,mismatch,1404,707,1,FALSE
nlgn4a,144,144,1,-,A,C,mismatch,1404,707,1,FALSE
nlgn4a,100,100,1,-,T,C,mismatch,1405,707,1,FALSE
nlgn4a,121,121,1,-,T,G,mismatch,1406,698,1,FALSE
nlgn4a,123,123,1,-,C,T,mismatch,1406,698,1,FALSE
nlgn4a,157,157,1,-,A,T,mismatch,1406,698,1,FALSE
nlgn4a,126,126,1,-,G,C,mismatch,1411,707,1,FALSE
nlgn4a,102,102,1,-,C,G,mismatch,1412,698,1,FALSE
nlgn4a,125,125,1,-,T,G,mismatch,1412,698,1,FALSE
nlgn4a,151,151,1,-,G,A,mismatch,1413,698,1,FALSE
nlgn4a,181,181,1,-,A,C,mismatch,1413,698,1,FALSE
nlgn4a,187,187,1,-,G,C,mismatch,1414,707,1,FALSE
nlgn4a,108,108,1,-,T,G,mismatch,1415,707,1,FALSE
nlgn4a,109,109,1,-,T,G,mismatch,1416,707,1,FALSE
nlgn4a,230,230,1,-,A,T,mismatch,1416,707,1,FALSE
nlgn4a,216,216,1,-,C,G,mismatch,1417,698,1,FALSE
nlgn4a,223,223,1,-,A,G,mismatch,1417,698,1,FALSE
nlgn4a,228,228,1,-,C,G,mismatch,1417,698,1,FALSE
nlgn4a,101,101,1,-,A,C,mismatch,1418,698,1,FALSE
nlgn4a,201,201,1,-,T,A,mismatch,1418,698,1,FALSE
nlgn4a,220,220,1,-,A,G,mismatch,1418,698,1,FALSE
nlgn4a,117,117,1,-,A,C,mismatch,1419,698,1,FALSE
nlgn4a,155,155,1,-,T,A,mismatch,1419,698,1,FALSE
nlgn4a,220,220,1,-,A,C,mismatch,1419,698,1,FALSE
nlgn4a,156,156,1,-,C,T,mismatch,1420,707,1,FALSE
nlgn4a,219,219,1,-,A,G,mismatch,1420,707,1,FALSE
nlgn4a,203,203,1,-,G,A,mismatch,1421,707,1,FALSE
nlgn4a,219,219,1,-,A,G,mismatch,1421,707,1,FALSE
nlgn4a,123,123,1,-,C,T,mismatch,1422,698,1,FALSE
nlgn4a,189,189,1,-,A,G,mismatch,1422,698,1,FALSE
nlgn4a,218,218,1,-,C,T,mismatch,1422,698,1,FALSE
nlgn4a,148,148,1,-,C,T,mismatch,1423,707,1,FALSE
nlgn4a,216,216,1,-,C,G,mismatch,1423,707,1,FALSE
nlgn4a,211,211,1,-,C,G,mismatch,1424,716,1,FALSE
nlgn4a,140,140,1,-,G,C,mismatch,1425,707,1,FALSE
nlgn4a,207,207,1,-,A,T,mismatch,1425,707,1,FALSE
nlgn4a,205,205,1,-,A,T,mismatch,1426,716,1,FALSE
nlgn4a,140,140,1,-,G,T,mismatch,1427,707,1,FALSE
nlgn4a,204,204,1,-,A,T,mismatch,1427,707,1,FALSE
nlgn4a,163,163,1,-,A,C,mismatch,1428,707,1,FALSE
nlgn4a,200,200,1,-,C,G,mismatch,1428,707,1,FALSE
nlgn4a,179,179,1,-,A,G,mismatch,1429,707,1,FALSE
nlgn4a,197,197,1,-,A,T,mismatch,1429,707,1,FALSE
nlgn4a,197,197,1,-,A,C,mismatch,1430,716,1,FALSE
nlgn4a,195,195,1,-,A,G,mismatch,1431,716,1,FALSE
nlgn4a,107,107,1,-,T,G,mismatch,1432,707,1,FALSE
nlgn4a,194,194,1,-,A,G,mismatch,1432,707,1,FALSE
nlgn4a,192,192,1,-,C,T,mismatch,1433,716,1,FALSE
nlgn4a,167,167,1,-,T,G,mismatch,1434,707,1,FALSE
nlgn4a,188,188,1,-,C,G,mismatch,1434,707,1,FALSE
nlgn4a,184,184,1,-,A,T,mismatch,1435,716,1,FALSE
nlgn4a,182,182,1,-,C,G,mismatch,1436,716,1,FALSE
nlgn4a,172,172,1,-,T,C,mismatch,1437,707,1,FALSE
nlgn4a,181,181,1,-,A,C,mismatch,1437,707,1,FALSE
nlgn4a,114,114,1,-,T,G,mismatch,1438,698,1,FALSE
nlgn4a,117,117,1,-,A,T,mismatch,1438,698,1,FALSE
nlgn4a,175,175,1,-,C,G,mismatch,1438,698,1,FALSE
nlgn4a,143,143,1,-,C,T,mismatch,1439,707,1,FALSE
nlgn4a,163,163,1,-,A,C,mismatch,1439,707,1,FALSE
nlgn4a,162,162,1,-,C,G,mismatch,1440,716,1,FALSE
nlgn4a,159,159,1,-,C,T,mismatch,1441,716,1,FALSE
nlgn4a,108,108,1,-,T,A,mismatch,1442,698,1,FALSE
nlgn4a,141,141,1,-,G,T,mismatch,1442,698,1,FALSE
nlgn4a,148,148,1,-,C,G,mismatch,1442,698,1,FALSE
nlgn4a,130,130,1,-,C,G,mismatch,1443,716,1,FALSE
nlgn4a,104,104,1,-,C,T,mismatch,1444,707,1,FALSE
nlgn4a,123,123,1,-,C,T,mismatch,1444,707,1,FALSE
nlgn4a,117,117,1,-,A,G,mismatch,1445,716,1,FALSE
nlgn4a,117,117,1,-,A,C,mismatch,1446,716,1,FALSE
nlgn4a,98,98,1,-,T,A,mismatch,1447,707,1,FALSE
nlgn4a,105,105,1,-,C,T,mismatch,1447,707,1,FALSE
nlgn4a,105,105,1,-,C,G,mismatch,1448,716,1,FALSE
nlgn4a,102,102,1,-,C,T,mismatch,1449,716,1,FALSE
nlgn4a,99,99,1,-,C,T,mismatch,1450,716,1,FALSE
nlgn4a,100,100,1,-,T,G,mismatch,1451,716,1,FALSE
nlgn4a,106,106,1,-,T,A,mismatch,1452,716,1,FALSE
nlgn4a,109,109,1,-,T,G,mismatch,1453,716,1,FALSE
nlgn4a,110,110,1,-,T,A,mismatch,1454,716,1,FALSE
nlgn4a,114,114,1,-,T,C,mismatch,1455,716,1,FALSE
nlgn4a,102,102,1,-,C,T,mismatch,1456,707,1,FALSE
nlgn4a,114,114,1,-,T,A,mismatch,1456,707,1,FALSE
nlgn4a,116,116,1,-,G,C,mismatch,1457,716,1,FALSE
nlgn4a,118,118,1,-,T,G,mismatch,1458,716,1,FALSE
nlgn4a,118,118,1,-,T,C,mismatch,1459,716,1,FALSE
nlgn4a,119,119,1,-,T,C,mismatch,1460,716,1,FALSE
nlgn4a,104,104,1,-,C,A,mismatch,1461,707,1,FALSE
nlgn4a,121,121,1,-,T,A,mismatch,1461,707,1,FALSE
nlgn4a,124,124,1,-,T,C,mismatch,1462,716,1,FALSE
nlgn4a,125,125,1,-,T,G,mismatch,1463,716,1,FALSE
nlgn4a,138,138,1,-,C,A,mismatch,1464,716,1,FALSE
nlgn4a,108,108,1,-,T,G,mismatch,1465,707,1,FALSE
nlgn4a,141,141,1,-,G,C,mismatch,1465,707,1,FALSE
nlgn4a,146,146,1,-,T,A,mismatch,1466,716,1,FALSE
nlgn4a,150,150,1,-,T,A,mismatch,1467,716,1,FALSE
nlgn4a,151,151,1,-,G,C,mismatch,1468,716,1,FALSE
nlgn4a,151,151,1,-,G,A,mismatch,1469,716,1,FALSE
nlgn4a,112,112,1,-,C,A,mismatch,1470,707,1,FALSE
nlgn4a,152,152,1,-,G,C,mismatch,1470,707,1,FALSE
nlgn4a,98,98,1,-,T,C,mismatch,1471,698,1,FALSE
nlgn4a,121,121,1,-,T,G,mismatch,1471,698,1,FALSE
nlgn4a,161,161,1,-,G,C,mismatch,1471,698,1,FALSE
nlgn4a,162,162,1,-,C,A,mismatch,1472,716,1,FALSE
nlgn4a,123,123,1,-,C,A,mismatch,1473,707,1,FALSE
nlgn4a,162,162,1,-,C,A,mismatch,1473,707,1,FALSE
nlgn4a,167,167,1,-,T,C,mismatch,1474,716,1,FALSE
nlgn4a,150,150,1,-,T,C,mismatch,1475,707,1,FALSE
nlgn4a,167,167,1,-,T,C,mismatch,1475,707,1,FALSE
nlgn4a,108,108,1,-,T,C,mismatch,1476,707,1,FALSE
nlgn4a,171,171,1,-,G,C,mismatch,1476,707,1,FALSE
nlgn4a,171,171,1,-,G,A,mismatch,1477,716,1,FALSE
nlgn4a,158,158,1,-,G,C,mismatch,1478,707,1,FALSE
nlgn4a,193,193,1,-,T,A,mismatch,1478,707,1,FALSE
nlgn4a,99,99,1,-,C,T,mismatch,1479,698,1,FALSE
nlgn4a,109,109,1,-,T,A,mismatch,1479,698,1,FALSE
nlgn4a,196,196,1,-,G,A,mismatch,1479,698,1,FALSE
nlgn4a,120,120,1,-,G,C,mismatch,1480,707,1,FALSE
nlgn4a,196,196,1,-,G,A,mismatch,1480,707,1,FALSE
nlgn4a,113,113,1,-,C,G,mismatch,1481,707,1,FALSE
nlgn4a,199,199,1,-,G,C,mismatch,1481,707,1,FALSE
nlgn4a,199,199,1,-,G,C,mismatch,1482,716,1,FALSE
nlgn4a,104,104,1,-,C,T,mismatch,1483,698,1,FALSE
nlgn4a,163,163,1,-,A,T,mismatch,1483,698,1,FALSE
nlgn4a,200,200,1,-,C,A,mismatch,1483,698,1,FALSE
nlgn4a,201,201,1,-,T,C,mismatch,1484,716,1,FALSE
nlgn4a,202,202,1,-,T,G,mismatch,1485,716,1,FALSE
nlgn4a,100,100,1,-,T,A,mismatch,1486,707,1,FALSE
nlgn4a,214,214,1,-,T,C,mismatch,1486,707,1,FALSE
nlgn4a,221,221,1,-,T,A,mismatch,1487,716,1,FALSE
nlgn4a,222,222,1,-,G,A,mismatch,1488,716,1,FALSE
nlgn4a,109,109,1,-,T,A,mismatch,1489,707,1,FALSE
nlgn4a,229,229,1,-,T,G,mismatch,1489,707,1,FALSE
nlgn4a,194,194,1,-,A,C,mismatch,1491,707,1,FALSE
nlgn4a,99,99,1,-,C,A,mismatch,1494,707,1,FALSE
nlgn4a,113,113,1,-,C,T,mismatch,1495,707,1,FALSE
nlgn4a,151,151,1,-,G,T,mismatch,1496,707,1,FALSE
nlgn4a,118,118,1,-,T,A,mismatch,1497,680,1,FALSE
nlgn4a,124,124,1,-,T,G,mismatch,1497,680,1,FALSE
nlgn4a,156,156,1,-,C,A,mismatch,1497,680,1,FALSE
nlgn4a,177,177,1,-,A,T,mismatch,1497,680,1,FALSE
nlgn4a,129,129,1,-,G,C,mismatch,1499,698,1,FALSE
nlgn4a,142,142,1,-,C,G,mismatch,1499,698,1,FALSE
nlgn4a,219,219,1,-,A,C,mismatch,1499,698,1,FALSE
nlgn4a,210,210,1,-,C,T,mismatch,1501,716,1,FALSE
nlgn4a,106,106,1,-,T,A,mismatch,1502,732,1,FALSE
nlgn4a,150,150,1,-,T,C,mismatch,1502,732,1,FALSE
nlgn4a,108,108,1,-,T,G,mismatch,1503,723,1,FALSE
nlgn4a,148,148,1,-,C,G,mismatch,1503,723,1,FALSE
nlgn4a,192,192,1,-,C,A,mismatch,1503,723,1,FALSE
nlgn4a,190,190,1,-,A,G,mismatch,1505,707,1,FALSE
nlgn4a,215,215,1,-,G,C,mismatch,1505,707,1,FALSE
nlgn4a,100,100,1,-,T,G,mismatch,1506,689,1,FALSE
nlgn4a,120,120,1,-,G,A,mismatch,1506,689,1,FALSE
nlgn4a,167,167,1,-,T,A,mismatch,1506,689,1,FALSE
nlgn4a,194,194,1,-,A,C,mismatch,1506,689,1,FALSE
nlgn4a,95,95,1,-,T,C,mismatch,1508,707,1,FALSE
nlgn4a,106,106,1,-,T,C,mismatch,1508,707,1,FALSE
nlgn4a,106,106,1,-,T,C,mismatch,1509,698,1,FALSE
nlgn4a,124,124,1,-,T,C,mismatch,1509,698,1,FALSE
nlgn4a,213,213,1,-,C,G,mismatch,1509,698,1,FALSE
nlgn4a,106,106,1,-,T,C,mismatch,1510,707,1,FALSE
nlgn4a,197,197,1,-,A,C,mismatch,1510,707,1,FALSE
nlgn4a,101,101,1,-,A,G,mismatch,1511,707,1,FALSE
nlgn4a,182,182,1,-,C,T,mismatch,1511,707,1,FALSE
nlgn4a,180,180,1,-,A,C,mismatch,1512,716,1,FALSE
nlgn4a,154,154,1,-,C,T,mismatch,1513,716,1,FALSE
nlgn4a,143,143,1,-,C,T,mismatch,1514,716,1,FALSE
nlgn4a,127,127,1,-,C,T,mismatch,1515,716,1,FALSE
nlgn4a,117,117,1,-,A,G,mismatch,1516,716,1,FALSE
nlgn4a,103,103,1,-,G,C,mismatch,1517,707,1,FALSE
nlgn4a,111,111,1,-,A,C,mismatch,1517,707,1,FALSE
nlgn4a,94,94,1,-,C,A,mismatch,1518,716,1,FALSE
nlgn4a,99,99,1,-,C,G,mismatch,1519,707,1,FALSE
nlgn4a,102,102,1,-,C,A,mismatch,1519,707,1,FALSE
nlgn4a,106,106,1,-,T,G,mismatch,1520,716,1,FALSE
nlgn4a,103,103,1,-,G,C,mismatch,1521,707,1,FALSE
nlgn4a,108,108,1,-,T,C,mismatch,1521,707,1,FALSE
nlgn4a,104,104,1,-,C,G,mismatch,1522,707,1,FALSE
nlgn4a,110,110,1,-,T,G,mismatch,1522,707,1,FALSE
nlgn4a,118,118,1,-,T,A,mismatch,1523,716,1,FALSE
nlgn4a,109,109,1,-,T,G,mismatch,1524,707,1,FALSE
nlgn4a,124,124,1,-,T,G,mismatch,1524,707,1,FALSE
nlgn4a,125,125,1,-,T,G,mismatch,1525,716,1,FALSE
nlgn4a,141,141,1,-,G,C,mismatch,1526,716,1,FALSE
nlgn4a,145,145,1,-,T,A,mismatch,1527,716,1,FALSE
nlgn4a,146,146,1,-,T,A,mismatch,1528,716,1,FALSE
nlgn4a,100,100,1,-,T,G,mismatch,1529,698,1,FALSE
nlgn4a,119,119,1,-,T,G,mismatch,1529,698,1,FALSE
nlgn4a,151,151,1,-,G,A,mismatch,1529,698,1,FALSE
nlgn4a,119,119,1,-,T,G,mismatch,1530,707,1,FALSE
nlgn4a,158,158,1,-,G,A,mismatch,1530,707,1,FALSE
nlgn4a,162,162,1,-,C,A,mismatch,1531,716,1,FALSE
nlgn4a,95,95,1,-,T,A,mismatch,1532,698,1,FALSE
nlgn4a,114,114,1,-,T,A,mismatch,1532,698,1,FALSE
nlgn4a,167,167,1,-,T,G,mismatch,1532,698,1,FALSE
nlgn4a,170,170,1,-,T,G,mismatch,1533,716,1,FALSE
nlgn4a,171,171,1,-,G,C,mismatch,1534,716,1,FALSE
nlgn4a,111,111,1,-,A,C,mismatch,1535,707,1,FALSE
nlgn4a,196,196,1,-,G,A,mismatch,1535,707,1,FALSE
nlgn4a,97,97,1,-,C,T,mismatch,1536,680,1,FALSE
nlgn4a,143,143,1,-,C,A,mismatch,1536,680,1,FALSE
nlgn4a,178,178,1,-,C,T,mismatch,1536,680,1,FALSE
nlgn4a,183,183,1,-,T,C,mismatch,1536,680,1,FALSE
nlgn4a,232,232,1,-,G,C,mismatch,1536,680,1,FALSE
nlgn4a,146,146,1,-,T,G,mismatch,1538,716,1,FALSE
nlgn4a,95,95,1,-,T,C,mismatch,1539,707,1,FALSE
nlgn4a,204,204,1,-,A,C,mismatch,1539,707,1,FALSE
nlgn4a,140,140,1,-,G,T,mismatch,1540,716,1,FALSE
nlgn4a,120,120,1,-,G,A,mismatch,1542,707,1,FALSE
nlgn4a,164,164,1,-,C,G,mismatch,1542,707,1,FALSE
nlgn4a,108,108,1,-,T,C,mismatch,1543,707,1,FALSE
nlgn4a,116,116,1,-,G,T,mismatch,1543,707,1,FALSE
nlgn4a,120,120,1,-,G,C,mismatch,1544,716,1,FALSE
nlgn4a,103,103,1,-,G,C,mismatch,1546,698,1,FALSE
nlgn4a,152,152,1,-,G,T,mismatch,1546,698,1,FALSE
nlgn4a,146,146,1,-,T,A,mismatch,1548,698,1,FALSE
nlgn4a,205,205,1,-,A,T,mismatch,1548,698,1,FALSE
nlgn4a,126,126,1,-,G,A,mismatch,1550,698,1,FALSE
nlgn4a,146,146,1,-,T,C,mismatch,1550,698,1,FALSE
nlgn4a,230,230,1,-,A,G,mismatch,1550,698,1,FALSE
nlgn4a,140,140,1,-,G,A,mismatch,1551,707,1,FALSE
nlgn4a,230,230,1,-,A,C,mismatch,1551,707,1,FALSE
nlgn4a,142,142,1,-,C,T,mismatch,1552,698,1,FALSE
nlgn4a,204,204,1,-,A,C,mismatch,1552,698,1,FALSE
nlgn4a,228,228,1,-,C,T,mismatch,1552,698,1,FALSE
nlgn4a,164,164,1,-,C,T,mismatch,1553,698,1,FALSE
nlgn4a,196,196,1,-,G,C,mismatch,1553,698,1,FALSE
nlgn4a,220,220,1,-,A,C,mismatch,1553,698,1,FALSE
nlgn4a,209,209,1,-,A,C,mismatch,1554,716,1,FALSE
nlgn4a,142,142,1,-,C,A,mismatch,1555,689,1,FALSE
nlgn4a,165,165,1,-,C,A,mismatch,1555,689,1,FALSE
nlgn4a,187,187,1,-,G,C,mismatch,1555,689,1,FALSE
nlgn4a,208,208,1,-,C,G,mismatch,1555,689,1,FALSE
nlgn4a,205,205,1,-,A,C,mismatch,1556,716,1,FALSE
nlgn4a,157,157,1,-,A,G,mismatch,1557,707,1,FALSE
nlgn4a,204,204,1,-,A,C,mismatch,1557,707,1,FALSE
nlgn4a,187,187,1,-,G,T,mismatch,1558,707,1,FALSE
nlgn4a,197,197,1,-,A,T,mismatch,1558,707,1,FALSE
nlgn4a,197,197,1,-,A,C,mismatch,1559,716,1,FALSE
nlgn4a,195,195,1,-,A,T,mismatch,1560,716,1,FALSE
nlgn4a,112,112,1,-,C,A,mismatch,1561,707,1,FALSE
nlgn4a,190,190,1,-,A,T,mismatch,1561,707,1,FALSE
nlgn4a,103,103,1,-,G,T,mismatch,1562,698,1,FALSE
nlgn4a,140,140,1,-,G,C,mismatch,1562,698,1,FALSE
nlgn4a,190,190,1,-,A,C,mismatch,1562,698,1,FALSE
nlgn4a,139,139,1,-,T,A,mismatch,1563,707,1,FALSE
nlgn4a,188,188,1,-,C,T,mismatch,1563,707,1,FALSE
nlgn4a,184,184,1,-,A,T,mismatch,1564,716,1,FALSE
nlgn4a,128,128,1,-,G,T,mismatch,1565,707,1,FALSE
nlgn4a,181,181,1,-,A,G,mismatch,1565,707,1,FALSE
nlgn4a,153,153,1,-,G,T,mismatch,1566,707,1,FALSE
nlgn4a,180,180,1,-,A,G,mismatch,1566,707,1,FALSE
nlgn4a,115,115,1,-,G,T,mismatch,1567,707,1,FALSE
nlgn4a,177,177,1,-,A,T,mismatch,1567,707,1,FALSE
nlgn4a,122,122,1,-,G,A,mismatch,1568,707,1,FALSE
nlgn4a,171,171,1,-,G,T,mismatch,1568,707,1,FALSE
nlgn4a,126,126,1,-,G,C,mismatch,1569,707,1,FALSE
nlgn4a,163,163,1,-,A,T,mismatch,1569,707,1,FALSE
nlgn4a,98,98,1,-,T,C,mismatch,1570,707,1,FALSE
nlgn4a,161,161,1,-,G,T,mismatch,1570,707,1,FALSE
nlgn4a,123,123,1,-,C,T,mismatch,1571,707,1,FALSE
nlgn4a,159,159,1,-,C,G,mismatch,1571,707,1,FALSE
nlgn4a,137,137,1,-,G,A,mismatch,1572,707,1,FALSE
nlgn4a,157,157,1,-,A,G,mismatch,1572,707,1,FALSE
nlgn4a,156,156,1,-,C,T,mismatch,1573,716,1,FALSE
nlgn4a,103,103,1,-,G,A,mismatch,1574,707,1,FALSE
nlgn4a,152,152,1,-,G,T,mismatch,1574,707,1,FALSE
nlgn4a,101,101,1,-,A,G,mismatch,1575,707,1,FALSE
nlgn4a,149,149,1,-,A,G,mismatch,1575,707,1,FALSE
nlgn4a,107,107,1,-,T,A,mismatch,1576,707,1,FALSE
nlgn4a,148,148,1,-,C,G,mismatch,1576,707,1,FALSE
nlgn4a,112,112,1,-,C,G,mismatch,1577,707,1,FALSE
nlgn4a,147,147,1,-,A,G,mismatch,1577,707,1,FALSE
nlgn4a,103,103,1,-,G,T,mismatch,1578,707,1,FALSE
nlgn4a,144,144,1,-,A,G,mismatch,1578,707,1,FALSE
nlgn4a,140,140,1,-,G,T,mismatch,1579,716,1,FALSE
nlgn4a,112,112,1,-,C,T,mismatch,1580,707,1,FALSE
nlgn4a,128,128,1,-,G,T,mismatch,1580,707,1,FALSE
nlgn4a,120,120,1,-,G,A,mismatch,1581,707,1,FALSE
nlgn4a,127,127,1,-,C,T,mismatch,1581,707,1,FALSE
nlgn4a,120,120,1,-,G,T,mismatch,1582,716,1,FALSE
nlgn4a,100,100,1,-,T,C,mismatch,1583,707,1,FALSE
nlgn4a,120,120,1,-,G,T,mismatch,1583,707,1,FALSE
nlgn4a,103,103,1,-,G,C,mismatch,1584,707,1,FALSE
nlgn4a,120,120,1,-,G,T,mismatch,1584,707,1,FALSE
nlgn4a,117,117,1,-,A,T,mismatch,1585,716,1,FALSE
nlgn4a,117,117,1,-,A,C,mismatch,1586,716,1,FALSE
nlgn4a,116,116,1,-,G,T,mismatch,1587,716,1,FALSE
nlgn4a,115,115,1,-,G,T,mismatch,1588,716,1,FALSE
nlgn4a,113,113,1,-,C,G,mismatch,1589,716,1,FALSE
nlgn4a,112,112,1,-,C,G,mismatch,1590,716,1,FALSE
nlgn4a,111,111,1,-,A,T,mismatch,1591,716,1,FALSE
nlgn4a,103,103,1,-,G,T,mismatch,1592,716,1,FALSE
nlgn4a,98,98,1,-,T,C,mismatch,1593,716,1,FALSE
nlgn4a,101,101,1,-,A,C,mismatch,1594,707,1,FALSE
nlgn4a,105,105,1,-,C,A,mismatch,1594,707,1,FALSE
nlgn4a,106,106,1,-,T,G,mismatch,1595,716,1,FALSE
nlgn4a,106,106,1,-,T,C,mismatch,1596,716,1,FALSE
nlgn4a,107,107,1,-,T,G,mismatch,1597,716,1,FALSE
nlgn4a,100,100,1,-,T,A,mismatch,1598,707,1,FALSE
nlgn4a,107,107,1,-,T,G,mismatch,1598,707,1,FALSE
nlgn4a,107,107,1,-,T,C,mismatch,1599,716,1,FALSE
nlgn4a,105,105,1,-,C,G,mismatch,1600,707,1,FALSE
nlgn4a,112,112,1,-,C,A,mismatch,1600,707,1,FALSE
nlgn4a,112,112,1,-,C,A,mismatch,1601,716,1,FALSE
nlgn4a,113,113,1,-,C,A,mismatch,1602,716,1,FALSE
nlgn4a,114,114,1,-,T,G,mismatch,1603,716,1,FALSE
nlgn4a,118,118,1,-,T,A,mismatch,1604,716,1,FALSE
nlgn4a,119,119,1,-,T,A,mismatch,1605,716,1,FALSE
nlgn4a,121,121,1,-,T,C,mismatch,1606,716,1,FALSE
nlgn4a,119,119,1,-,T,G,mismatch,1607,707,1,FALSE
nlgn4a,126,126,1,-,G,A,mismatch,1607,707,1,FALSE
nlgn4a,128,128,1,-,G,A,mismatch,1608,716,1,FALSE
nlgn4a,109,109,1,-,T,C,mismatch,1609,707,1,FALSE
nlgn4a,142,142,1,-,C,A,mismatch,1609,707,1,FALSE
nlgn4a,122,122,1,-,G,T,mismatch,1610,707,1,FALSE
nlgn4a,145,145,1,-,T,C,mismatch,1610,707,1,FALSE
nlgn4a,116,116,1,-,G,T,mismatch,1611,698,1,FALSE
nlgn4a,124,124,1,-,T,A,mismatch,1611,698,1,FALSE
nlgn4a,146,146,1,-,T,G,mismatch,1611,698,1,FALSE
nlgn4a,114,114,1,-,T,C,mismatch,1612,689,1,FALSE
nlgn4a,119,119,1,-,T,A,mismatch,1612,689,1,FALSE
nlgn4a,143,143,1,-,C,T,mismatch,1612,689,1,FALSE
nlgn4a,148,148,1,-,C,A,mismatch,1612,689,1,FALSE
nlgn4a,110,110,1,-,T,C,mismatch,1613,698,1,FALSE
nlgn4a,121,121,1,-,T,G,mismatch,1613,698,1,FALSE
nlgn4a,150,150,1,-,T,C,mismatch,1613,698,1,FALSE
nlgn4a,152,152,1,-,G,C,mismatch,1614,716,1,FALSE
nlgn4a,156,156,1,-,C,A,mismatch,1615,716,1,FALSE
nlgn4a,161,161,1,-,G,C,mismatch,1616,716,1,FALSE
nlgn4a,167,167,1,-,T,A,mismatch,1617,716,1,FALSE
nlgn4a,169,169,1,-,T,A,mismatch,1618,716,1,FALSE
nlgn4a,172,172,1,-,T,A,mismatch,1619,716,1,FALSE
nlgn4a,103,103,1,-,G,T,mismatch,1620,698,1,FALSE
nlgn4a,140,140,1,-,G,T,mismatch,1620,698,1,FALSE
nlgn4a,183,183,1,-,T,A,mismatch,1620,698,1,FALSE
nlgn4a,185,185,1,-,T,C,mismatch,1621,716,1,FALSE
nlgn4a,170,170,1,-,T,C,mismatch,1622,707,1,FALSE
nlgn4a,187,187,1,-,G,A,mismatch,1622,707,1,FALSE
nlgn4a,196,196,1,-,G,C,mismatch,1623,716,1,FALSE
nlgn4a,198,198,1,-,G,A,mismatch,1624,716,1,FALSE
nlgn4a,214,214,1,-,T,C,mismatch,1625,716,1,FALSE
nlgn4a,144,144,1,-,A,G,mismatch,1626,707,1,FALSE
nlgn4a,224,224,1,-,G,C,mismatch,1626,707,1,FALSE
nlgn4a,207,207,1,-,A,T,mismatch,1627,707,1,FALSE
nlgn4a,227,227,1,-,T,C,mismatch,1627,707,1,FALSE
nlgn4a,198,198,1,-,G,C,mismatch,1628,707,1,FALSE
nlgn4a,229,229,1,-,T,G,mismatch,1628,707,1,FALSE
nlgn4a,229,229,1,-,T,C,mismatch,1629,716,1,FALSE
nlgn4a,142,142,1,-,C,T,mismatch,1630,698,1,FALSE
nlgn4a,210,210,1,-,C,A,mismatch,1630,698,1,FALSE
nlgn4a,229,229,1,-,T,C,mismatch,1630,698,1,FALSE
nlgn4a,125,125,1,-,T,C,mismatch,1631,698,1,FALSE
nlgn4a,213,213,1,-,C,A,mismatch,1631,698,1,FALSE
nlgn4a,229,229,1,-,T,A,mismatch,1631,698,1,FALSE
nlgn4a,124,124,1,-,T,C,mismatch,1633,707,1,FALSE
nlgn4a,191,191,1,-,G,C,mismatch,1634,698,1,FALSE
nlgn4a,232,232,1,-,G,A,mismatch,1634,698,1,FALSE
nlgn4a,109,109,1,-,T,C,mismatch,1635,707,1,FALSE
nlgn4a,102,102,1,-,C,G,mismatch,1637,707,1,FALSE
nlgn4a,114,114,1,-,T,A,mismatch,1640,707,1,FALSE
nlgn4a,123,123,1,-,C,G,mismatch,1640,707,1,FALSE
nlgn4a,146,146,1,-,T,A,mismatch,1641,698,1,FALSE
nlgn4a,167,167,1,-,T,G,mismatch,1641,698,1,FALSE
nlgn4a,230,230,1,-,A,G,mismatch,1641,698,1,FALSE
nlgn4a,117,117,1,-,A,G,mismatch,1642,732,1,FALSE
nlgn4a,167,167,1,-,T,C,mismatch,1642,732,1,FALSE
nlgn4a,158,158,1,-,G,A,mismatch,1643,707,1,FALSE
nlgn4a,211,211,1,-,C,T,mismatch,1643,707,1,FALSE
nlgn4a,103,103,1,-,G,A,mismatch,1645,707,1,FALSE
nlgn4a,141,141,1,-,G,C,mismatch,1645,707,1,FALSE
nlgn4a,123,123,1,-,C,G,mismatch,1646,707,1,FALSE
nlgn4a,130,130,1,-,C,T,mismatch,1646,707,1,FALSE
nlgn4a,145,145,1,-,T,A,mismatch,1647,741,1,FALSE
nlgn4a,119,119,1,-,T,A,mismatch,1648,707,1,FALSE
nlgn4a,170,170,1,-,T,G,mismatch,1648,707,1,FALSE
nlgn4a,105,105,1,-,C,T,mismatch,1649,707,1,FALSE
nlgn4a,183,183,1,-,T,C,mismatch,1649,707,1,FALSE
nlgn4a,101,101,1,-,A,T,mismatch,1650,698,1,FALSE
nlgn4a,106,106,1,-,T,A,mismatch,1650,698,1,FALSE
nlgn4a,142,142,1,-,C,G,mismatch,1650,698,1,FALSE
nlgn4a,97,97,1,-,C,A,mismatch,1651,689,1,FALSE
nlgn4a,118,118,1,-,T,G,mismatch,1651,689,1,FALSE
nlgn4a,120,120,1,-,G,A,mismatch,1651,689,1,FALSE
nlgn4a,196,196,1,-,G,T,mismatch,1651,689,1,FALSE
nlgn4a,113,113,1,-,C,A,mismatch,1652,698,1,FALSE
nlgn4a,196,196,1,-,G,T,mismatch,1652,698,1,FALSE
nlgn4a,124,124,1,-,T,C,mismatch,1653,707,1,FALSE
nlgn4a,216,216,1,-,C,T,mismatch,1654,716,1,FALSE
nlgn4a,210,210,1,-,C,T,mismatch,1655,716,1,FALSE
nlgn4a,206,206,1,-,A,C,mismatch,1656,716,1,FALSE
nlgn4a,205,205,1,-,A,T,mismatch,1657,716,1,FALSE
nlgn4a,173,173,1,-,T,G,mismatch,1658,707,1,FALSE
nlgn4a,195,195,1,-,A,C,mismatch,1658,707,1,FALSE
nlgn4a,190,190,1,-,A,T,mismatch,1659,716,1,FALSE
nlgn4a,168,168,1,-,A,T,mismatch,1660,716,1,FALSE
nlgn4a,164,164,1,-,C,T,mismatch,1661,716,1,FALSE
nlgn4a,149,149,1,-,A,T,mismatch,1662,716,1,FALSE
nlgn4a,138,138,1,-,C,T,mismatch,1663,716,1,FALSE
nlgn4a,96,96,1,-,A,G,mismatch,1664,716,1,FALSE
nlgn4a,109,109,1,-,T,A,mismatch,1665,716,1,FALSE
nlgn4a,110,110,1,-,T,A,mismatch,1666,716,1,FALSE
nlgn4a,116,116,1,-,G,C,mismatch,1667,716,1,FALSE
nlgn4a,136,136,1,-,G,C,mismatch,1668,698,1,FALSE
nlgn4a,136,136,1,-,G,A,mismatch,1669,716,1,FALSE
nlgn4a,97,97,1,-,C,A,mismatch,1670,707,1,FALSE
nlgn4a,145,145,1,-,T,C,mismatch,1670,707,1,FALSE
nlgn4a,151,151,1,-,G,C,mismatch,1671,716,1,FALSE
nlgn4a,106,106,1,-,T,C,mismatch,1672,707,1,FALSE
nlgn4a,171,171,1,-,G,C,mismatch,1672,707,1,FALSE
nlgn4a,173,173,1,-,T,G,mismatch,1673,716,1,FALSE
nlgn4a,121,121,1,-,T,G,mismatch,1674,698,1,FALSE
nlgn4a,143,143,1,-,C,A,mismatch,1674,698,1,FALSE
nlgn4a,183,183,1,-,T,C,mismatch,1674,698,1,FALSE
nlgn4a,155,155,1,-,T,A,mismatch,1675,707,1,FALSE
nlgn4a,183,183,1,-,T,C,mismatch,1675,707,1,FALSE
nlgn4a,183,183,1,-,T,A,mismatch,1676,716,1,FALSE
nlgn4a,208,208,1,-,C,G,mismatch,1677,707,1,FALSE
nlgn4a,101,101,1,-,A,G,mismatch,1678,698,1,FALSE
nlgn4a,121,121,1,-,T,C,mismatch,1678,698,1,FALSE
nlgn4a,102,102,1,-,C,G,mismatch,1679,716,1,FALSE
nlgn4a,144,144,1,-,A,T,mismatch,1680,707,1,FALSE
nlgn4a,181,181,1,-,A,C,mismatch,1680,707,1,FALSE
nlgn4a,141,141,1,-,G,T,mismatch,1683,707,1,FALSE
nlgn4a,179,179,1,-,A,G,mismatch,1683,707,1,FALSE
nlgn4a,139,139,1,-,T,C,mismatch,1686,716,1,FALSE
nlgn4a,99,99,1,-,C,A,mismatch,1687,716,1,FALSE
nlgn4a,143,143,1,-,C,G,mismatch,1688,716,1,FALSE
nlgn4a,119,119,1,-,T,G,mismatch,1689,707,1,FALSE
nlgn4a,121,121,1,-,T,C,mismatch,1689,707,1,FALSE
nlgn4a,198,198,1,-,G,C,mismatch,1690,707,1,FALSE
nlgn4a,211,211,1,-,C,A,mismatch,1690,707,1,FALSE
nlgn4a,170,170,1,-,T,G,mismatch,1691,698,1,FALSE
nlgn4a,226,226,1,-,T,C,mismatch,1691,698,1,FALSE
nlgn4a,169,169,1,-,T,G,mismatch,1693,716,1,FALSE
nlgn4a,136,136,1,-,G,A,mismatch,1694,716,1,FALSE
nlgn4a,95,95,1,-,T,C,mismatch,1698,707,1,FALSE
nlgn4a,146,146,1,-,T,C,mismatch,1700,707,1,FALSE
nlgn4a,228,228,1,-,C,T,mismatch,1702,716,1,FALSE
nlgn4a,228,228,1,-,C,G,mismatch,1703,716,1,FALSE
nlgn4a,104,104,1,-,C,G,mismatch,1704,707,1,FALSE
nlgn4a,219,219,1,-,A,G,mismatch,1704,707,1,FALSE
nlgn4a,115,115,1,-,G,A,mismatch,1705,707,1,FALSE
nlgn4a,216,216,1,-,C,G,mismatch,1705,707,1,FALSE
nlgn4a,210,210,1,-,C,G,mismatch,1706,716,1,FALSE
nlgn4a,209,209,1,-,A,G,mismatch,1707,716,1,FALSE
nlgn4a,119,119,1,-,T,C,mismatch,1708,698,1,FALSE
nlgn4a,159,159,1,-,C,G,mismatch,1708,698,1,FALSE
nlgn4a,208,208,1,-,C,G,mismatch,1708,698,1,FALSE
nlgn4a,206,206,1,-,A,C,mismatch,1709,716,1,FALSE
nlgn4a,173,173,1,-,T,G,mismatch,1710,707,1,FALSE
nlgn4a,205,205,1,-,A,G,mismatch,1710,707,1,FALSE
nlgn4a,142,142,1,-,C,G,mismatch,1711,689,1,FALSE
nlgn4a,145,145,1,-,T,C,mismatch,1711,689,1,FALSE
nlgn4a,151,151,1,-,G,T,mismatch,1711,689,1,FALSE
nlgn4a,204,204,1,-,A,T,mismatch,1711,689,1,FALSE
nlgn4a,204,204,1,-,A,T,mismatch,1712,716,1,FALSE
nlgn4a,146,146,1,-,T,C,mismatch,1713,707,1,FALSE
nlgn4a,198,198,1,-,G,T,mismatch,1713,707,1,FALSE
nlgn4a,196,196,1,-,G,T,mismatch,1714,716,1,FALSE
nlgn4a,137,137,1,-,G,T,mismatch,1715,707,1,FALSE
nlgn4a,194,194,1,-,A,C,mismatch,1715,707,1,FALSE
nlgn4a,100,100,1,-,T,A,mismatch,1716,689,1,FALSE
nlgn4a,121,121,1,-,T,C,mismatch,1716,689,1,FALSE
nlgn4a,186,186,1,-,G,C,mismatch,1716,689,1,FALSE
nlgn4a,191,191,1,-,G,T,mismatch,1716,689,1,FALSE
nlgn4a,190,190,1,-,A,G,mismatch,1717,716,1,FALSE
nlgn4a,117,117,1,-,A,T,mismatch,1718,707,1,FALSE
nlgn4a,180,180,1,-,A,T,mismatch,1718,707,1,FALSE
nlgn4a,180,180,1,-,A,T,mismatch,1719,716,1,FALSE
nlgn4a,126,126,1,-,G,A,mismatch,1720,707,1,FALSE
nlgn4a,180,180,1,-,A,C,mismatch,1720,707,1,FALSE
nlgn4a,174,174,1,-,A,C,mismatch,1721,716,1,FALSE
nlgn4a,162,162,1,-,C,T,mismatch,1722,716,1,FALSE
nlgn4a,96,96,1,-,A,C,mismatch,1723,698,1,FALSE
nlgn4a,122,122,1,-,G,T,mismatch,1723,698,1,FALSE
nlgn4a,162,162,1,-,C,G,mismatch,1723,698,1,FALSE
nlgn4a,160,160,1,-,A,T,mismatch,1724,716,1,FALSE
nlgn4a,121,121,1,-,T,A,mismatch,1725,707,1,FALSE
nlgn4a,159,159,1,-,C,T,mismatch,1725,707,1,FALSE
nlgn4a,117,117,1,-,A,G,mismatch,1726,707,1,FALSE
nlgn4a,153,153,1,-,G,T,mismatch,1726,707,1,FALSE
nlgn4a,153,153,1,-,G,T,mismatch,1727,716,1,FALSE
nlgn4a,152,152,1,-,G,T,mismatch,1728,716,1,FALSE
nlgn4a,104,104,1,-,C,A,mismatch,1729,707,1,FALSE
nlgn4a,149,149,1,-,A,T,mismatch,1729,707,1,FALSE
nlgn4a,148,148,1,-,C,T,mismatch,1730,716,1,FALSE
nlgn4a,148,148,1,-,C,G,mismatch,1731,716,1,FALSE
nlgn4a,94,94,1,-,C,T,mismatch,1732,707,1,FALSE
nlgn4a,147,147,1,-,A,T,mismatch,1732,707,1,FALSE
nlgn4a,147,147,1,-,A,C,mismatch,1733,716,1,FALSE
nlgn4a,142,142,1,-,C,G,mismatch,1734,716,1,FALSE
nlgn4a,138,138,1,-,C,T,mismatch,1735,716,1,FALSE
nlgn4a,117,117,1,-,A,T,mismatch,1736,698,1,FALSE
nlgn4a,122,122,1,-,G,A,mismatch,1736,698,1,FALSE
nlgn4a,138,138,1,-,C,T,mismatch,1736,698,1,FALSE
nlgn4a,109,109,1,-,T,G,mismatch,1737,689,1,FALSE
nlgn4a,114,114,1,-,T,G,mismatch,1737,689,1,FALSE
nlgn4a,118,118,1,-,T,G,mismatch,1737,689,1,FALSE
nlgn4a,123,123,1,-,C,T,mismatch,1737,689,1,FALSE
nlgn4a,122,122,1,-,G,T,mismatch,1738,716,1,FALSE
nlgn4a,105,105,1,-,C,A,mismatch,1739,707,1,FALSE
nlgn4a,117,117,1,-,A,C,mismatch,1739,707,1,FALSE
nlgn4a,94,94,1,-,C,G,mismatch,1740,698,1,FALSE
nlgn4a,100,100,1,-,T,A,mismatch,1740,698,1,FALSE
nlgn4a,111,111,1,-,A,C,mismatch,1740,698,1,FALSE
nlgn4a,101,101,1,-,A,G,mismatch,1741,716,1,FALSE
nlgn4a,97,97,1,-,C,T,mismatch,1742,716,1,FALSE
nlgn4a,96,96,1,-,A,T,mismatch,1743,716,1,FALSE
nlgn4a,94,94,1,-,C,G,mismatch,1744,716,1,FALSE
nlgn4a,95,95,1,-,T,G,mismatch,1745,716,1,FALSE
nlgn4a,95,95,1,-,T,C,mismatch,1746,716,1,FALSE
nlgn4a,100,100,1,-,T,G,mismatch,1747,716,1,FALSE
nlgn4a,104,104,1,-,C,A,mismatch,1748,716,1,FALSE
nlgn4a,106,106,1,-,T,C,mismatch,1749,716,1,FALSE
nlgn4a,107,107,1,-,T,C,mismatch,1750,716,1,FALSE
nlgn4a,107,107,1,-,T,A,mismatch,1751,716,1,FALSE
nlgn4a,108,108,1,-,T,G,mismatch,1752,716,1,FALSE
nlgn4a,108,108,1,-,T,A,mismatch,1753,716,1,FALSE
nlgn4a,114,114,1,-,T,C,mismatch,1754,716,1,FALSE
nlgn4a,115,115,1,-,G,C,mismatch,1755,716,1,FALSE
nlgn4a,110,110,1,-,T,A,mismatch,1756,707,1,FALSE
nlgn4a,120,120,1,-,G,A,mismatch,1756,707,1,FALSE
nlgn4a,101,101,1,-,A,C,mismatch,1757,707,1,FALSE
nlgn4a,121,121,1,-,T,G,mismatch,1757,707,1,FALSE
nlgn4a,97,97,1,-,C,G,mismatch,1758,707,1,FALSE
nlgn4a,121,121,1,-,T,G,mismatch,1758,707,1,FALSE
nlgn4a,121,121,1,-,T,G,mismatch,1759,716,1,FALSE
nlgn4a,121,121,1,-,T,A,mismatch,1760,716,1,FALSE
nlgn4a,136,136,1,-,G,A,mismatch,1761,716,1,FALSE
nlgn4a,137,137,1,-,G,A,mismatch,1762,716,1,FALSE
nlgn4a,140,140,1,-,G,C,mismatch,1763,716,1,FALSE
nlgn4a,102,102,1,-,C,A,mismatch,1764,707,1,FALSE
nlgn4a,146,146,1,-,T,G,mismatch,1764,707,1,FALSE
nlgn4a,146,146,1,-,T,A,mismatch,1765,716,1,FALSE
nlgn4a,150,150,1,-,T,C,mismatch,1766,716,1,FALSE
nlgn4a,103,103,1,-,G,T,mismatch,1767,698,1,FALSE
nlgn4a,144,144,1,-,A,G,mismatch,1767,698,1,FALSE
nlgn4a,151,151,1,-,G,C,mismatch,1767,698,1,FALSE
nlgn4a,151,151,1,-,G,C,mismatch,1768,716,1,FALSE
nlgn4a,140,140,1,-,G,C,mismatch,1769,707,1,FALSE
nlgn4a,151,151,1,-,G,A,mismatch,1769,707,1,FALSE
nlgn4a,152,152,1,-,G,A,mismatch,1770,716,1,FALSE
nlgn4a,121,121,1,-,T,A,mismatch,1771,698,1,FALSE
nlgn4a,150,150,1,-,T,C,mismatch,1771,698,1,FALSE
nlgn4a,153,153,1,-,G,A,mismatch,1771,698,1,FALSE
nlgn4a,112,112,1,-,C,G,mismatch,1772,698,1,FALSE
nlgn4a,144,144,1,-,A,G,mismatch,1772,698,1,FALSE
nlgn4a,155,155,1,-,T,G,mismatch,1772,698,1,FALSE
nlgn4a,99,99,1,-,C,G,mismatch,1773,698,1,FALSE
nlgn4a,107,107,1,-,T,C,mismatch,1773,698,1,FALSE
nlgn4a,159,159,1,-,C,A,mismatch,1773,698,1,FALSE
nlgn4a,165,165,1,-,C,A,mismatch,1774,716,1,FALSE
nlgn4a,103,103,1,-,G,A,mismatch,1775,707,1,FALSE
nlgn4a,170,170,1,-,T,C,mismatch,1775,707,1,FALSE
nlgn4a,172,172,1,-,T,G,mismatch,1776,716,1,FALSE
nlgn4a,95,95,1,-,T,A,mismatch,1777,698,1,FALSE
nlgn4a,123,123,1,-,C,T,mismatch,1777,698,1,FALSE
nlgn4a,172,172,1,-,T,C,mismatch,1777,698,1,FALSE
nlgn4a,172,172,1,-,T,C,mismatch,1778,716,1,FALSE
nlgn4a,182,182,1,-,C,A,mismatch,1779,716,1,FALSE
nlgn4a,104,104,1,-,C,A,mismatch,1780,698,1,FALSE
nlgn4a,166,166,1,-,C,G,mismatch,1780,698,1,FALSE
nlgn4a,183,183,1,-,T,G,mismatch,1780,698,1,FALSE
nlgn4a,94,94,1,-,C,T,mismatch,1781,698,1,FALSE
nlgn4a,151,151,1,-,G,A,mismatch,1781,698,1,FALSE
nlgn4a,183,183,1,-,T,G,mismatch,1781,698,1,FALSE
nlgn4a,176,176,1,-,G,T,mismatch,1782,707,1,FALSE
nlgn4a,183,183,1,-,T,A,mismatch,1782,707,1,FALSE
nlgn4a,188,188,1,-,C,A,mismatch,1783,716,1,FALSE
nlgn4a,173,173,1,-,T,G,mismatch,1784,707,1,FALSE
nlgn4a,196,196,1,-,G,A,mismatch,1784,707,1,FALSE
nlgn4a,101,101,1,-,A,G,mismatch,1785,689,1,FALSE
nlgn4a,126,126,1,-,G,A,mismatch,1785,689,1,FALSE
nlgn4a,164,164,1,-,C,G,mismatch,1785,689,1,FALSE
nlgn4a,201,201,1,-,T,G,mismatch,1785,689,1,FALSE
nlgn4a,202,202,1,-,T,A,mismatch,1786,716,1,FALSE
nlgn4a,100,100,1,-,T,G,mismatch,1787,698,1,FALSE
nlgn4a,147,147,1,-,A,T,mismatch,1787,698,1,FALSE
nlgn4a,212,212,1,-,T,A,mismatch,1787,698,1,FALSE
nlgn4a,122,122,1,-,G,T,mismatch,1788,698,1,FALSE
nlgn4a,213,213,1,-,C,A,mismatch,1788,698,1,FALSE
nlgn4a,216,216,1,-,C,A,mismatch,1788,698,1,FALSE
nlgn4a,136,136,1,-,G,T,mismatch,1789,707,1,FALSE
nlgn4a,217,217,1,-,C,A,mismatch,1789,707,1,FALSE
nlgn4a,216,216,1,-,C,G,mismatch,1790,707,1,FALSE
nlgn4a,224,224,1,-,G,A,mismatch,1790,707,1,FALSE
nlgn4a,224,224,1,-,G,A,mismatch,1791,716,1,FALSE
nlgn4a,166,166,1,-,C,A,mismatch,1792,707,1,FALSE
nlgn4a,159,159,1,-,C,G,mismatch,1793,707,1,FALSE
nlgn4a,150,150,1,-,T,C,mismatch,1795,707,1,FALSE
nlgn4a,136,136,1,-,G,A,mismatch,1796,698,1,FALSE
nlgn4a,139,139,1,-,T,C,mismatch,1796,698,1,FALSE
nlgn4a,102,102,1,-,C,T,mismatch,1799,707,1,FALSE
nlgn4a,98,98,1,-,T,G,mismatch,1800,707,1,FALSE
nlgn4a,102,102,1,-,C,G,mismatch,1800,707,1,FALSE
nlgn4a,162,162,1,-,C,G,mismatch,1802,716,1,FALSE
nlgn4a,110,110,1,-,T,C,mismatch,1803,698,1,FALSE
nlgn4a,118,118,1,-,T,C,mismatch,1803,698,1,FALSE
nlgn4a,167,167,1,-,T,G,mismatch,1803,698,1,FALSE
nlgn4a,154,154,1,-,C,A,mismatch,1804,716,1,FALSE
nlgn4a,107,107,1,-,T,A,mismatch,1805,716,1,FALSE
nlgn4a,107,107,1,-,T,G,mismatch,1807,716,1,FALSE
nlgn4a,118,118,1,-,T,A,mismatch,1808,698,1,FALSE
nlgn4a,121,121,1,-,T,C,mismatch,1809,707,1,FALSE
nlgn4a,187,187,1,-,G,C,mismatch,1809,707,1,FALSE
nlgn4a,108,108,1,-,T,A,mismatch,1811,707,1,FALSE
nlgn4a,141,141,1,-,G,C,mismatch,1811,707,1,FALSE
nlgn4a,106,106,1,-,T,G,mismatch,1812,716,1,FALSE
nlgn4a,211,211,1,-,C,T,mismatch,1813,741,1,FALSE
nlgn4a,133,133,1,-,C,A,mismatch,1814,741,1,FALSE
nlgn4a,145,145,1,-,T,C,mismatch,1815,716,1,FALSE
nlgn4a,181,181,1,-,A,T,mismatch,1816,716,1,FALSE
nlgn4a,94,94,1,-,C,A,mismatch,1817,707,1,FALSE
nlgn4a,124,124,1,-,T,C,mismatch,1817,707,1,FALSE
nlgn4a,122,122,1,-,G,T,mismatch,1818,707,1,FALSE
nlgn4a,188,188,1,-,C,A,mismatch,1818,707,1,FALSE
nlgn4a,115,115,1,-,G,A,mismatch,1820,741,1,FALSE
nlgn4a,131,131,1,-,T,C,mismatch,1822,732,1,FALSE
nlgn4a,185,185,1,-,T,C,mismatch,1823,716,1,FALSE
nlgn4a,125,125,1,-,T,G,mismatch,1824,741,1,FALSE
nlgn4a,168,168,1,-,A,G,mismatch,1825,716,1,FALSE
nlgn4a,182,182,1,-,C,G,mismatch,1826,716,1,FALSE
nlgn4a,119,119,1,-,T,A,mismatch,1827,723,1,FALSE
nlgn4a,190,190,1,-,A,G,mismatch,1827,723,1,FALSE
nlgn4a,121,121,1,-,T,A,mismatch,1828,741,1,FALSE
nlgn4a,146,146,1,-,T,G,mismatch,1829,741,1,FALSE
nlgn4a,150,150,1,-,T,G,mismatch,1830,741,1,FALSE
nlgn4a,148,148,1,-,C,A,mismatch,1832,741,1,FALSE
nlgn4a,159,159,1,-,C,A,mismatch,1833,732,1,FALSE
nlgn4a,112,112,1,-,C,G,mismatch,1834,698,1,FALSE
nlgn4a,150,150,1,-,T,C,mismatch,1834,698,1,FALSE
nlgn4a,211,211,1,-,C,G,mismatch,1834,698,1,FALSE
nlgn4a,113,113,1,-,C,A,mismatch,1835,723,1,FALSE
nlgn4a,122,122,1,-,G,A,mismatch,1835,723,1,FALSE
nlgn4a,160,160,1,-,A,C,mismatch,1835,723,1,FALSE
nlgn4a,109,109,1,-,T,G,mismatch,1836,732,1,FALSE
nlgn4a,133,133,1,-,C,A,mismatch,1836,732,1,FALSE
nlgn4a,190,190,1,-,A,C,mismatch,1837,732,1,FALSE
nlgn4a,213,213,1,-,C,A,mismatch,1838,741,1,FALSE
nlgn4a,121,121,1,-,T,G,mismatch,1839,707,1,FALSE
nlgn4a,126,126,1,-,G,T,mismatch,1839,707,1,FALSE
nlgn4a,153,153,1,-,G,T,mismatch,1841,741,1,FALSE
nlgn4a,121,121,1,-,T,C,mismatch,1843,732,1,FALSE
nlgn4a,155,155,1,-,T,C,mismatch,1843,732,1,FALSE
nlgn4a,133,133,1,-,C,T,mismatch,1844,741,1,FALSE
nlgn4a,107,107,1,-,T,G,mismatch,1845,732,1,FALSE
nlgn4a,198,198,1,-,G,A,mismatch,1845,732,1,FALSE
nlgn4a,112,112,1,-,C,T,mismatch,1846,723,1,FALSE
nlgn4a,116,116,1,-,G,C,mismatch,1846,723,1,FALSE
nlgn4a,202,202,1,-,T,G,mismatch,1846,723,1,FALSE
nlgn4a,161,161,1,-,G,A,mismatch,1848,741,1,FALSE
nlgn4a,166,166,1,-,C,A,mismatch,1850,723,1,FALSE
nlgn4a,208,208,1,-,C,G,mismatch,1850,723,1,FALSE
nlgn4a,109,109,1,-,T,A,mismatch,1851,723,1,FALSE
nlgn4a,150,150,1,-,T,A,mismatch,1851,723,1,FALSE
nlgn4a,167,167,1,-,T,G,mismatch,1851,723,1,FALSE
nlgn4a,176,176,1,-,G,A,mismatch,1852,723,1,FALSE
nlgn4a,185,185,1,-,T,A,mismatch,1852,723,1,FALSE
nlgn4a,111,111,1,-,A,G,mismatch,1853,714,1,FALSE
nlgn4a,167,167,1,-,T,G,mismatch,1853,714,1,FALSE
nlgn4a,229,229,1,-,T,G,mismatch,1853,714,1,FALSE
nlgn4a,191,191,1,-,G,T,mismatch,1854,732,1,FALSE
nlgn4a,193,193,1,-,T,A,mismatch,1854,732,1,FALSE
nlgn4a,116,116,1,-,G,A,mismatch,1855,707,1,FALSE
nlgn4a,189,189,1,-,A,G,mismatch,1855,707,1,FALSE
nlgn4a,192,192,1,-,C,G,mismatch,1857,741,1,FALSE
nlgn4a,214,214,1,-,T,C,mismatch,1858,741,1,FALSE
nlgn4a,124,124,1,-,T,G,mismatch,1859,716,1,FALSE
nlgn4a,160,160,1,-,A,C,mismatch,1860,692,1,FALSE
nlgn4a,171,171,1,-,G,C,mismatch,1860,692,1,FALSE
nlgn4a,122,122,1,-,G,T,mismatch,1861,741,1,FALSE
nlgn4a,150,150,1,-,T,G,mismatch,1862,741,1,FALSE
nlgn4a,110,110,1,-,T,A,mismatch,1863,723,1,FALSE
nlgn4a,139,139,1,-,T,C,mismatch,1863,723,1,FALSE
nlgn4a,167,167,1,-,T,A,mismatch,1863,723,1,FALSE
nlgn4a,112,112,1,-,C,G,mismatch,1864,723,1,FALSE
nlgn4a,119,119,1,-,T,A,mismatch,1864,723,1,FALSE
nlgn4a,209,209,1,-,A,G,mismatch,1864,723,1,FALSE
nlgn4a,126,126,1,-,G,T,mismatch,1866,716,1,FALSE
nlgn4a,103,103,1,-,G,T,mismatch,1867,732,1,FALSE
nlgn4a,160,160,1,-,A,G,mismatch,1867,732,1,FALSE
nlgn4a,171,171,1,-,G,A,mismatch,1869,741,1,FALSE
nlgn4a,96,96,1,-,A,G,mismatch,1871,707,1,FALSE
nlgn4a,143,143,1,-,C,T,mismatch,1871,707,1,FALSE
nlgn4a,109,109,1,-,T,A,mismatch,1873,707,1,FALSE
nlgn4a,145,145,1,-,T,A,mismatch,1873,707,1,FALSE
nlgn4a,175,175,1,-,C,G,mismatch,1875,707,1,FALSE
nlgn4a,127,127,1,-,C,T,mismatch,1877,741,1,FALSE
nlgn4a,165,165,1,-,C,G,mismatch,1878,741,1,FALSE
nlgn4a,104,104,1,-,C,T,mismatch,1879,732,1,FALSE
nlgn4a,163,163,1,-,A,T,mismatch,1879,732,1,FALSE
nlgn4a,108,108,1,-,T,G,mismatch,1880,716,1,FALSE
nlgn4a,98,98,1,-,T,C,mismatch,1881,689,1,FALSE
nlgn4a,100,100,1,-,T,C,mismatch,1881,689,1,FALSE
nlgn4a,103,103,1,-,G,T,mismatch,1881,689,1,FALSE
nlgn4a,160,160,1,-,A,T,mismatch,1881,689,1,FALSE
nlgn4a,167,167,1,-,T,G,mismatch,1884,741,1,FALSE
nlgn4a,139,139,1,-,T,C,mismatch,1886,723,1,FALSE
nlgn4a,152,152,1,-,G,C,mismatch,1886,723,1,FALSE
nlgn4a,178,178,1,-,C,G,mismatch,1886,723,1,FALSE
nlgn4a,118,118,1,-,T,A,mismatch,1887,741,1,FALSE
nlgn4a,129,129,1,-,G,T,mismatch,1888,732,1,FALSE
nlgn4a,155,155,1,-,T,C,mismatch,1888,732,1,FALSE
nlgn4a,137,137,1,-,G,A,mismatch,1889,732,1,FALSE
nlgn4a,188,188,1,-,C,A,mismatch,1889,732,1,FALSE
nlgn4a,206,206,1,-,A,G,mismatch,1891,741,1,FALSE
nlgn4a,104,104,1,-,C,A,mismatch,1895,732,1,FALSE
nlgn4a,109,109,1,-,T,G,mismatch,1895,732,1,FALSE
nlgn4a,143,143,1,-,C,G,mismatch,1896,732,1,FALSE
nlgn4a,186,186,1,-,G,C,mismatch,1896,732,1,FALSE
nlgn4a,105,105,1,-,C,A,mismatch,1898,741,1,FALSE
nlgn4a,129,129,1,-,G,A,mismatch,1899,723,1,FALSE
nlgn4a,162,162,1,-,C,T,mismatch,1899,723,1,FALSE
nlgn4a,172,172,1,-,T,G,mismatch,1899,723,1,FALSE
nlgn4a,114,114,1,-,T,G,mismatch,1900,723,1,FALSE
nlgn4a,132,132,1,-,G,T,mismatch,1900,723,1,FALSE
nlgn4a,174,174,1,-,A,C,mismatch,1900,723,1,FALSE
nlgn4a,111,111,1,-,A,C,mismatch,1901,741,1,FALSE
nlgn4a,151,151,1,-,G,A,mismatch,1904,707,1,FALSE
nlgn4a,186,186,1,-,G,A,mismatch,1904,707,1,FALSE
nlgn4a,109,109,1,-,T,G,mismatch,1905,707,1,FALSE
nlgn4a,200,200,1,-,C,T,mismatch,1906,741,1,FALSE
nlgn4a,115,115,1,-,G,C,mismatch,1907,732,1,FALSE
nlgn4a,181,181,1,-,A,G,mismatch,1907,732,1,FALSE
nlgn4a,146,146,1,-,T,C,mismatch,1908,732,1,FALSE
nlgn4a,149,149,1,-,A,C,mismatch,1908,732,1,FALSE
nlgn4a,109,109,1,-,T,G,mismatch,1909,741,1,FALSE
nlgn4a,108,108,1,-,T,G,mismatch,1910,741,1,FALSE
nlgn4a,113,113,1,-,C,G,mismatch,1912,732,1,FALSE
nlgn4a,161,161,1,-,G,C,mismatch,1912,732,1,FALSE
nlgn4a,134,134,1,-,G,T,mismatch,1913,741,1,FALSE
nlgn4a,132,132,1,-,G,C,mismatch,1915,741,1,FALSE
nlgn4a,120,120,1,-,G,T,mismatch,1916,714,1,FALSE
nlgn4a,128,128,1,-,G,A,mismatch,1916,714,1,FALSE
nlgn4a,134,134,1,-,G,T,mismatch,1918,732,1,FALSE
nlgn4a,177,177,1,-,A,G,mismatch,1918,732,1,FALSE
nlgn4a,118,118,1,-,T,A,mismatch,1921,732,1,FALSE
nlgn4a,127,127,1,-,C,A,mismatch,1921,732,1,FALSE
nlgn4a,112,112,1,-,C,G,mismatch,1923,698,1,FALSE
nlgn4a,143,143,1,-,C,T,mismatch,1923,698,1,FALSE
nlgn4a,174,174,1,-,A,G,mismatch,1923,698,1,FALSE
nlgn4a,146,146,1,-,T,C,mismatch,1924,741,1,FALSE
nlgn4a,187,187,1,-,G,A,mismatch,1926,741,1,FALSE
nlgn4a,153,153,1,-,G,C,mismatch,1927,723,1,FALSE
nlgn4a,183,183,1,-,T,G,mismatch,1927,723,1,FALSE
nlgn4a,214,214,1,-,T,A,mismatch,1927,723,1,FALSE
nlgn4a,113,113,1,-,C,T,mismatch,1928,723,1,FALSE
nlgn4a,150,150,1,-,T,A,mismatch,1928,723,1,FALSE
nlgn4a,121,121,1,-,T,A,mismatch,1930,732,1,FALSE
nlgn4a,183,183,1,-,T,A,mismatch,1930,732,1,FALSE
nlgn4a,149,149,1,-,A,T,mismatch,1931,741,1,FALSE
nlgn4a,138,138,1,-,C,T,mismatch,1932,732,1,FALSE
nlgn4a,169,169,1,-,T,A,mismatch,1932,732,1,FALSE
nlgn4a,113,113,1,-,C,T,mismatch,1933,716,1,FALSE
nlgn4a,108,108,1,-,T,A,mismatch,1935,716,1,FALSE
nlgn4a,115,115,1,-,G,T,mismatch,1936,741,1,FALSE
nlgn4a,137,137,1,-,G,A,mismatch,1939,714,1,FALSE
nlgn4a,140,140,1,-,G,A,mismatch,1939,714,1,FALSE
nlgn4a,139,139,1,-,T,G,mismatch,1940,707,1,FALSE
nlgn4a,143,143,1,-,C,T,mismatch,1940,707,1,FALSE
nlgn4a,108,108,1,-,T,C,mismatch,1943,741,1,FALSE
nlgn4a,111,111,1,-,A,T,mismatch,1944,732,1,FALSE
nlgn4a,158,158,1,-,G,T,mismatch,1944,732,1,FALSE
nlgn4a,214,214,1,-,T,C,mismatch,1945,741,1,FALSE
nlgn4a,151,151,1,-,G,T,mismatch,1948,707,1,FALSE
nlgn4a,112,112,1,-,C,T,mismatch,1949,741,1,FALSE
nlgn4a,109,109,1,-,T,G,mismatch,1953,732,1,FALSE
nlgn4a,154,154,1,-,C,G,mismatch,1953,732,1,FALSE
nlgn4a,144,144,1,-,A,T,mismatch,1954,732,1,FALSE
nlgn4a,202,202,1,-,T,A,mismatch,1954,732,1,FALSE
nlgn4a,179,179,1,-,A,T,mismatch,1955,741,1,FALSE
nlgn4a,124,124,1,-,T,G,mismatch,1956,723,1,FALSE
nlgn4a,169,169,1,-,T,A,mismatch,1956,723,1,FALSE
nlgn4a,140,140,1,-,G,C,mismatch,1957,707,1,FALSE
nlgn4a,230,230,1,-,A,C,mismatch,1957,707,1,FALSE
nlgn4a,124,124,1,-,T,A,mismatch,1958,732,1,FALSE
nlgn4a,222,222,1,-,G,T,mismatch,1958,732,1,FALSE
nlgn4a,195,195,1,-,A,T,mismatch,1960,741,1,FALSE
nlgn4a,111,111,1,-,A,G,mismatch,1962,741,1,FALSE
nlgn4a,156,156,1,-,C,T,mismatch,1963,732,1,FALSE
nlgn4a,233,233,1,-,G,C,mismatch,1963,732,1,FALSE
nlgn4a,106,106,1,-,T,G,mismatch,1964,723,1,FALSE
nlgn4a,162,162,1,-,C,A,mismatch,1964,723,1,FALSE
nlgn4a,182,182,1,-,C,A,mismatch,1964,723,1,FALSE
nlgn4a,159,159,1,-,C,G,mismatch,1965,741,1,FALSE
nlgn4a,144,144,1,-,A,T,mismatch,1966,741,1,FALSE
nlgn4a,127,127,1,-,C,G,mismatch,1967,698,1,FALSE
nlgn4a,169,169,1,-,T,A,mismatch,1967,698,1,FALSE
nlgn4a,212,212,1,-,T,C,mismatch,1967,698,1,FALSE
nlgn4a,129,129,1,-,G,T,mismatch,1968,723,1,FALSE
nlgn4a,131,131,1,-,T,C,mismatch,1968,723,1,FALSE
nlgn4a,134,134,1,-,G,A,mismatch,1968,723,1,FALSE
nlgn4a,168,168,1,-,A,T,mismatch,1969,716,1,FALSE
nlgn4a,138,138,1,-,C,G,mismatch,1970,716,1,FALSE
nlgn4a,146,146,1,-,T,A,mismatch,1973,741,1,FALSE
nlgn4a,104,104,1,-,C,A,mismatch,1974,723,1,FALSE
nlgn4a,128,128,1,-,G,A,mismatch,1974,723,1,FALSE
nlgn4a,171,171,1,-,G,A,mismatch,1974,723,1,FALSE
nlgn4a,191,191,1,-,G,A,mismatch,1975,741,1,FALSE
nlgn4a,147,147,1,-,A,T,mismatch,1976,707,1,FALSE
nlgn4a,189,189,1,-,A,C,mismatch,1976,707,1,FALSE
nlgn4a,116,116,1,-,G,T,mismatch,1977,716,1,FALSE
nlgn4a,104,104,1,-,C,G,mismatch,1978,732,1,FALSE
nlgn4a,206,206,1,-,A,G,mismatch,1978,732,1,FALSE
nlgn4a,98,98,1,-,T,A,mismatch,1979,698,1,FALSE
nlgn4a,104,104,1,-,C,T,mismatch,1979,698,1,FALSE
nlgn4a,154,154,1,-,C,G,mismatch,1979,698,1,FALSE
nlgn4a,135,135,1,-,T,A,mismatch,1982,732,1,FALSE
nlgn4a,152,152,1,-,G,T,mismatch,1982,732,1,FALSE
nlgn4a,196,196,1,-,G,T,mismatch,1984,732,1,FALSE
nlgn4a,134,134,1,-,G,A,mismatch,1987,741,1,FALSE
nlgn4a,145,145,1,-,T,G,mismatch,1988,723,1,FALSE
nlgn4a,192,192,1,-,C,A,mismatch,1988,723,1,FALSE
nlgn4a,197,197,1,-,A,C,mismatch,1988,723,1,FALSE
nlgn4a,120,120,1,-,G,A,mismatch,1989,689,1,FALSE
nlgn4a,180,180,1,-,A,T,mismatch,1989,689,1,FALSE
nlgn4a,188,188,1,-,C,A,mismatch,1989,689,1,FALSE
nlgn4a,197,197,1,-,A,T,mismatch,1989,689,1,FALSE
nlgn4a,133,133,1,-,C,T,mismatch,1990,723,1,FALSE
nlgn4a,155,155,1,-,T,G,mismatch,1990,723,1,FALSE
nlgn4a,188,188,1,-,C,T,mismatch,1990,723,1,FALSE
nlgn4a,193,193,1,-,T,C,mismatch,1992,716,1,FALSE
nlgn4a,121,121,1,-,T,C,mismatch,1994,723,1,FALSE
nlgn4a,167,167,1,-,T,G,mismatch,1994,723,1,FALSE
nlgn4a,178,178,1,-,C,A,mismatch,1994,723,1,FALSE
nlgn4a,181,181,1,-,A,C,mismatch,1995,707,1,FALSE
nlgn4a,195,195,1,-,A,C,mismatch,1995,707,1,FALSE
nlgn4a,108,108,1,-,T,C,mismatch,1996,716,1,FALSE
nlgn4a,130,130,1,-,C,G,mismatch,1997,723,1,FALSE
nlgn4a,168,168,1,-,A,C,mismatch,1997,723,1,FALSE
nlgn4a,189,189,1,-,A,T,mismatch,1997,723,1,FALSE
nlgn4a,112,112,1,-,C,T,mismatch,1998,741,1,FALSE
nlgn4a,172,172,1,-,T,C,mismatch,1999,716,1,FALSE
nlgn4a,114,114,1,-,T,G,mismatch,2000,707,1,FALSE
nlgn4a,211,211,1,-,C,A,mismatch,2000,707,1,FALSE
nlgn4a,100,100,1,-,T,C,mismatch,2001,707,1,FALSE
nlgn4a,157,157,1,-,A,T,mismatch,2001,707,1,FALSE
nlgn4a,116,116,1,-,G,A,mismatch,2002,714,1,FALSE
nlgn4a,136,136,1,-,G,A,mismatch,2002,714,1,FALSE
nlgn4a,184,184,1,-,A,T,mismatch,2002,714,1,FALSE
nlgn4a,215,215,1,-,G,A,mismatch,2002,714,1,FALSE
nlgn4a,145,145,1,-,T,A,mismatch,2003,716,1,FALSE
nlgn4a,117,117,1,-,A,T,mismatch,2004,716,1,FALSE
nlgn4a,139,139,1,-,T,G,mismatch,2005,732,1,FALSE
nlgn4a,202,202,1,-,T,C,mismatch,2005,732,1,FALSE
nlgn4a,190,190,1,-,A,C,mismatch,2006,741,1,FALSE
nlgn4a,148,148,1,-,C,A,mismatch,2007,732,1,FALSE
nlgn4a,166,166,1,-,C,G,mismatch,2007,732,1,FALSE
nlgn4a,166,166,1,-,C,T,mismatch,2009,732,1,FALSE
nlgn4a,198,198,1,-,G,T,mismatch,2009,732,1,FALSE
nlgn4a,194,194,1,-,A,C,mismatch,2010,741,1,FALSE
nlgn4a,106,106,1,-,T,G,mismatch,2011,732,1,FALSE
nlgn4a,138,138,1,-,C,T,mismatch,2011,732,1,FALSE
nlgn4a,128,128,1,-,G,T,mismatch,2012,741,1,FALSE
nlgn4a,105,105,1,-,C,G,mismatch,2013,741,1,FALSE
nlgn4a,125,125,1,-,T,C,mismatch,2014,714,1,FALSE
nlgn4a,175,175,1,-,C,T,mismatch,2014,714,1,FALSE
nlgn4a,222,222,1,-,G,A,mismatch,2014,714,1,FALSE
nlgn4a,229,229,1,-,T,C,mismatch,2014,714,1,FALSE
nlgn4a,128,128,1,-,G,A,mismatch,2015,723,1,FALSE
nlgn4a,143,143,1,-,C,G,mismatch,2015,723,1,FALSE
nlgn4a,149,149,1,-,A,T,mismatch,2015,723,1,FALSE
nlgn4a,176,176,1,-,G,A,mismatch,2017,714,1,FALSE
nlgn4a,203,203,1,-,G,C,mismatch,2017,714,1,FALSE
nlgn4a,219,219,1,-,A,C,mismatch,2017,714,1,FALSE
nlgn4a,222,222,1,-,G,A,mismatch,2017,714,1,FALSE
nlgn4a,157,157,1,-,A,G,mismatch,2018,741,1,FALSE
nlgn4a,154,154,1,-,C,G,mismatch,2019,741,1,FALSE
nlgn4a,154,154,1,-,C,T,mismatch,2020,741,1,FALSE
nlgn4a,119,119,1,-,T,C,mismatch,2021,707,1,FALSE
nlgn4a,151,151,1,-,G,A,mismatch,2021,707,1,FALSE
nlgn4a,115,115,1,-,G,A,mismatch,2023,732,1,FALSE
nlgn4a,181,181,1,-,A,T,mismatch,2023,732,1,FALSE
nlgn4a,119,119,1,-,T,C,mismatch,2025,714,1,FALSE
nlgn4a,152,152,1,-,G,T,mismatch,2025,714,1,FALSE
nlgn4a,170,170,1,-,T,C,mismatch,2025,714,1,FALSE
nlgn4a,173,173,1,-,T,G,mismatch,2025,714,1,FALSE
nlgn4a,105,105,1,-,C,G,mismatch,2027,741,1,FALSE
nlgn4a,112,112,1,-,C,A,mismatch,2028,741,1,FALSE
nlgn4a,98,98,1,-,T,A,mismatch,2029,698,1,FALSE
nlgn4a,102,102,1,-,C,G,mismatch,2029,698,1,FALSE
nlgn4a,166,166,1,-,C,A,mismatch,2029,698,1,FALSE
nlgn4a,124,124,1,-,T,A,mismatch,2030,732,1,FALSE
nlgn4a,129,129,1,-,G,C,mismatch,2030,732,1,FALSE
nlgn4a,94,94,1,-,C,T,mismatch,2031,716,1,FALSE
nlgn4a,158,158,1,-,G,A,mismatch,2032,741,1,FALSE
nlgn4a,107,107,1,-,T,C,mismatch,2034,714,1,FALSE
nlgn4a,125,125,1,-,T,G,mismatch,2034,714,1,FALSE
nlgn4a,176,176,1,-,G,A,mismatch,2034,714,1,FALSE
nlgn4a,191,191,1,-,G,C,mismatch,2034,714,1,FALSE
nlgn4a,116,116,1,-,G,T,mismatch,2036,732,1,FALSE
nlgn4a,171,171,1,-,G,A,mismatch,2036,732,1,FALSE
nlgn4a,114,114,1,-,T,G,mismatch,2037,714,1,FALSE
nlgn4a,126,126,1,-,G,A,mismatch,2037,714,1,FALSE
nlgn4a,191,191,1,-,G,T,mismatch,2037,714,1,FALSE
nlgn4a,216,216,1,-,C,A,mismatch,2037,714,1,FALSE
nlgn4a,135,135,1,-,T,A,mismatch,2038,732,1,FALSE
nlgn4a,152,152,1,-,G,A,mismatch,2038,732,1,FALSE
nlgn4a,180,180,1,-,A,T,mismatch,2040,707,1,FALSE
nlgn4a,175,175,1,-,C,G,mismatch,2041,741,1,FALSE
nlgn4a,210,210,1,-,C,A,mismatch,2042,741,1,FALSE
nlgn4a,117,117,1,-,A,G,mismatch,2043,732,1,FALSE
nlgn4a,136,136,1,-,G,T,mismatch,2043,732,1,FALSE
nlgn4a,173,173,1,-,T,G,mismatch,2045,732,1,FALSE
nlgn4a,191,191,1,-,G,C,mismatch,2045,732,1,FALSE
nlgn4a,96,96,1,-,A,C,mismatch,2046,707,1,FALSE
nlgn4a,110,110,1,-,T,A,mismatch,2046,707,1,FALSE
nlgn4a,157,157,1,-,A,C,mismatch,2047,741,1,FALSE
nlgn4a,127,127,1,-,C,A,mismatch,2048,732,1,FALSE
nlgn4a,151,151,1,-,G,A,mismatch,2048,732,1,FALSE
nlgn4a,170,170,1,-,T,C,mismatch,2052,741,1,FALSE
nlgn4a,128,128,1,-,G,A,mismatch,2055,732,1,FALSE
nlgn4a,215,215,1,-,G,A,mismatch,2055,732,1,FALSE
nlgn4a,112,112,1,-,C,G,mismatch,2056,741,1,FALSE
nlgn4a,181,181,1,-,A,G,mismatch,2057,741,1,FALSE
nlgn4a,103,103,1,-,G,T,mismatch,2058,741,1,FALSE
nlgn4a,94,94,1,-,C,G,mismatch,2060,707,1,FALSE
nlgn4a,106,106,1,-,T,A,mismatch,2060,707,1,FALSE
nlgn4a,116,116,1,-,G,A,mismatch,2062,723,1,FALSE
nlgn4a,173,173,1,-,T,G,mismatch,2062,723,1,FALSE
nlgn4a,105,105,1,-,C,T,mismatch,2063,716,1,FALSE
nlgn4a,131,131,1,-,T,A,mismatch,2066,698,1,FALSE
nlgn4a,133,133,1,-,C,G,mismatch,2066,698,1,FALSE
nlgn4a,167,167,1,-,T,C,mismatch,2066,698,1,FALSE
nlgn4a,218,218,1,-,C,G,mismatch,2067,716,1,FALSE
nlgn4a,165,165,1,-,C,A,mismatch,2068,707,1,FALSE
nlgn4a,191,191,1,-,G,C,mismatch,2068,707,1,FALSE
nlgn4a,127,127,1,-,C,T,mismatch,2069,732,1,FALSE
nlgn4a,207,207,1,-,A,G,mismatch,2069,732,1,FALSE
nlgn4a,179,179,1,-,A,C,mismatch,2070,741,1,FALSE
nlgn4a,195,195,1,-,A,T,mismatch,2072,741,1,FALSE
nlgn4a,188,188,1,-,C,A,mismatch,2075,741,1,FALSE
nlgn4a,201,201,1,-,T,A,mismatch,2076,741,1,FALSE
nlgn4a,106,106,1,-,T,C,mismatch,2077,741,1,FALSE
nlgn4a,122,122,1,-,G,A,mismatch,2078,732,1,FALSE
nlgn4a,199,199,1,-,G,A,mismatch,2078,732,1,FALSE
nlgn4a,100,100,1,-,T,G,mismatch,2079,698,1,FALSE
nlgn4a,196,196,1,-,G,C,mismatch,2079,698,1,FALSE
nlgn4a,213,213,1,-,C,A,mismatch,2079,698,1,FALSE
nlgn4a,187,187,1,-,G,C,mismatch,2081,696,1,FALSE
nlgn4a,181,181,1,-,A,G,mismatch,2082,741,1,FALSE
nlgn4a,127,127,1,-,C,A,mismatch,2083,698,1,FALSE
nlgn4a,147,147,1,-,A,G,mismatch,2083,698,1,FALSE
nlgn4a,193,193,1,-,T,A,mismatch,2083,698,1,FALSE
nlgn4a,102,102,1,-,C,A,mismatch,2085,716,1,FALSE
nlgn4a,109,109,1,-,T,G,mismatch,2086,732,1,FALSE
nlgn4a,134,134,1,-,G,T,mismatch,2086,732,1,FALSE
nlgn4a,167,167,1,-,T,G,mismatch,2087,741,1,FALSE
nlgn4a,117,117,1,-,A,T,mismatch,225,732,1,FALSE
nlgn4a,118,118,1,-,T,G,mismatch,225,732,1,FALSE
nlgn4a,135,135,1,-,T,C,mismatch,245,723,1,FALSE
nlgn4a,136,136,1,-,G,C,mismatch,245,723,1,FALSE
nlgn4a,120,120,1,-,G,C,mismatch,459,683,1,FALSE
nlgn4a,121,121,1,-,T,C,mismatch,459,683,1,FALSE
nlgn4a,179,179,1,-,A,C,mismatch,519,707,1,FALSE
nlgn4a,180,180,1,-,A,G,mismatch,519,707,1,FALSE
nlgn4a,114,114,1,-,T,G,mismatch,749,723,1,FALSE
nlgn4a,115,115,1,-,G,T,mismatch,749,723,1,FALSE
nlgn4a,117,117,1,-,A,T,mismatch,778,714,1,FALSE
nlgn4a,118,118,1,-,T,G,mismatch,778,714,1,FALSE
nlgn4a,113,113,1,-,C,G,mismatch,801,723,1,FALSE
nlgn4a,114,114,1,-,T,C,mismatch,801,723,1,FALSE
nlgn4a,127,127,1,-,C,G,mismatch,872,714,1,FALSE
nlgn4a,128,128,1,-,G,C,mismatch,872,714,1,FALSE
nlgn4a,169,169,1,-,T,C,mismatch,880,714,1,FALSE
nlgn4a,170,170,1,-,T,C,mismatch,880,714,1,FALSE
nlgn4a,179,179,1,-,A,C,mismatch,892,723,1,FALSE
nlgn4a,180,180,1,-,A,C,mismatch,892,723,1,FALSE
nlgn4a,147,147,1,-,A,T,mismatch,951,696,1,FALSE
nlgn4a,148,148,1,-,C,A,mismatch,951,696,1,FALSE
nlgn4a,110,110,1,-,T,G,mismatch,1020,732,1,FALSE
nlgn4a,111,111,1,-,A,C,mismatch,1020,732,1,FALSE
nlgn4a,106,106,1,-,T,G,mismatch,1023,732,1,FALSE
nlgn4a,107,107,1,-,T,C,mismatch,1023,732,1,FALSE
nlgn4a,117,117,1,-,A,T,mismatch,1031,732,1,FALSE
nlgn4a,118,118,1,-,T,C,mismatch,1031,732,1,FALSE
nlgn4a,128,128,1,-,G,C,mismatch,1058,732,1,FALSE
nlgn4a,129,129,1,-,G,C,mismatch,1058,732,1,FALSE
nlgn4a,132,132,1,-,G,T,mismatch,1067,732,1,FALSE
nlgn4a,133,133,1,-,C,A,mismatch,1067,732,1,FALSE
nlgn4a,155,155,1,-,T,C,mismatch,1142,723,1,FALSE
nlgn4a,156,156,1,-,C,G,mismatch,1142,723,1,FALSE
nlgn4a,138,138,1,-,C,T,mismatch,1166,705,1,FALSE
nlgn4a,139,139,1,-,T,C,mismatch,1166,705,1,FALSE
nlgn4a,113,113,1,-,C,A,mismatch,1169,705,1,FALSE
nlgn4a,114,114,1,-,T,G,mismatch,1169,705,1,FALSE
nlgn4a,130,130,1,-,C,G,mismatch,1190,705,1,FALSE
nlgn4a,131,131,1,-,T,G,mismatch,1190,705,1,FALSE
nlgn4a,111,111,1,-,A,C,mismatch,1236,687,1,FALSE
nlgn4a,112,112,1,-,C,A,mismatch,1236,687,1,FALSE
nlgn4a,226,226,1,-,T,C,mismatch,1243,723,1,FALSE
nlgn4a,227,227,1,-,T,A,mismatch,1243,723,1,FALSE
nlgn4a,233,233,1,-,G,C,mismatch,1260,732,1,FALSE
nlgn4a,177,177,1,-,A,C,mismatch,1268,714,1,FALSE
nlgn4a,178,178,1,-,C,G,mismatch,1268,714,1,FALSE
nlgn4a,103,103,1,-,G,C,mismatch,1316,714,1,FALSE
nlgn4a,104,104,1,-,C,G,mismatch,1316,714,1,FALSE
nlgn4a,140,140,1,-,G,A,mismatch,1344,732,1,FALSE
nlgn4a,141,141,1,-,G,A,mismatch,1344,732,1,FALSE
nlgn4a,98,98,1,-,T,C,mismatch,1668,698,1,FALSE
nlgn4a,99,99,1,-,C,T,mismatch,1668,698,1,FALSE
nlgn4a,101,101,1,-,A,G,mismatch,1808,698,1,FALSE
nlgn4a,102,102,1,-,C,A,mismatch,1808,698,1,FALSE
nlgn4a,144,144,1,-,A,T,mismatch,1916,714,1,FALSE
nlgn4a,145,145,1,-,T,G,mismatch,1916,714,1,FALSE
nlgn4a,173,173,1,-,T,A,mismatch,1939,714,1,FALSE
nlgn4a,174,174,1,-,A,G,mismatch,1939,714,1,FALSE
