seqnames,start,end,width,strand,originally,replacement,type,read_id,score,counts,readType
nlgn4a,123,138,16,+,"","",deletion,1,725,78,FALSE
nlgn4a,84,131,48,+,"","",deletion,2,725,74,FALSE
nlgn4a,109,146,38,+,"","",deletion,4,725,66,FALSE
nlgn4a,119,183,65,+,"","",deletion,5,725,64,FALSE
nlgn4a,128,147,20,+,"","",deletion,6,725,64,FALSE
nlgn4a,79,139,61,+,"","",deletion,7,725,58,FALSE
nlgn4a,120,137,18,+,"","",deletion,8,725,55,FALSE
nlgn4a,111,150,40,+,"","",deletion,9,725,54,FALSE
nlgn4a,94,140,47,+,"","",deletion,10,725,47,FALSE
nlgn4a,100,137,38,+,"","",deletion,11,725,36,FALSE
nlgn4a,109,146,38,+,"","",deletion,12,725,3,FALSE
nlgn4a,109,146,38,+,"","",deletion,13,725,3,FALSE
nlgn4a,123,138,16,+,"","",deletion,14,725,3,FALSE
nlgn4a,84,131,48,+,"","",deletion,15,725,3,FALSE
nlgn4a,79,139,61,+,"","",deletion,16,725,2,FALSE
nlgn4a,79,139,61,+,"","",deletion,17,725,2,FALSE
nlgn4a,79,139,61,+,"","",deletion,18,725,2,FALSE
nlgn4a,79,139,61,+,"","",deletion,19,725,2,FALSE
nlgn4a,79,139,61,+,"","",deletion,20,725,2,FALSE
nlgn4a,79,139,61,+,"","",deletion,21,716,2,FALSE
nlgn4a,79,139,61,+,"","",deletion,22,716,2,FALSE
nlgn4a,100,137,38,+,"","",deletion,23,725,2,FALSE
nlgn4a,100,137,38,+,"","",deletion,24,725,2,FALSE
nlgn4a,100,137,38,+,"","",deletion,25,725,2,FALSE
nlgn4a,100,137,38,+,"","",deletion,26,725,2,FALSE
nlgn4a,109,146,38,+,"","",deletion,27,725,2,FALSE
nlgn4a,109,146,38,+,"","",deletion,28,725,2,FALSE
nlgn4a,109,146,38,+,"","",deletion,29,725,2,FALSE
nlgn4a,109,146,38,+,"","",deletion,30,725,2,FALSE
nlgn4a,109,146,38,+,"","",deletion,31,725,2,FALSE
nlgn4a,109,146,38,+,"","",deletion,32,725,2,FALSE
nlgn4a,119,183,65,+,"","",deletion,33,725,2,FALSE
nlgn4a,119,183,65,+,"","",deletion,34,725,2,FALSE
nlgn4a,119,183,65,+,"","",deletion,35,725,2,FALSE
nlgn4a,119,183,65,+,"","",deletion,36,725,2,FALSE
nlgn4a,120,137,18,+,"","",deletion,37,725,2,FALSE
nlgn4a,120,137,18,+,"","",deletion,38,725,2,FALSE
nlgn4a,128,147,20,+,"","",deletion,39,725,2,FALSE
nlgn4a,128,147,20,+,"","",deletion,40,725,2,FALSE
nlgn4a,128,147,20,+,"","",deletion,41,725,2,FALSE
nlgn4a,123,138,16,+,"","",deletion,50,725,2,FALSE
nlgn4a,123,138,16,+,"","",deletion,51,725,2,FALSE
nlgn4a,123,138,16,+,"","",deletion,52,725,2,FALSE
nlgn4a,123,138,16,+,"","",deletion,53,725,2,FALSE
nlgn4a,123,138,16,+,"","",deletion,54,725,2,FALSE
nlgn4a,123,138,16,+,"","",deletion,55,725,2,FALSE
nlgn4a,111,150,40,+,"","",deletion,56,725,2,FALSE
nlgn4a,111,150,40,+,"","",deletion,57,725,2,FALSE
nlgn4a,111,150,40,+,"","",deletion,58,725,2,FALSE
nlgn4a,111,150,40,+,"","",deletion,59,725,2,FALSE
nlgn4a,111,150,40,+,"","",deletion,60,725,2,FALSE
nlgn4a,111,150,40,+,"","",deletion,61,725,2,FALSE
nlgn4a,111,150,40,+,"","",deletion,62,725,2,FALSE
nlgn4a,94,140,47,+,"","",deletion,63,725,2,FALSE
nlgn4a,94,140,47,+,"","",deletion,64,725,2,FALSE
nlgn4a,128,147,20,+,"","",deletion,65,716,2,FALSE
nlgn4a,84,131,48,+,"","",deletion,66,725,2,FALSE
nlgn4a,84,131,48,+,"","",deletion,67,725,2,FALSE
nlgn4a,84,131,48,+,"","",deletion,68,725,2,FALSE
nlgn4a,84,131,48,+,"","",deletion,69,725,2,FALSE
nlgn4a,84,131,48,+,"","",deletion,70,725,2,FALSE
nlgn4a,84,131,48,+,"","",deletion,71,725,2,FALSE
nlgn4a,84,131,48,+,"","",deletion,72,725,2,FALSE
nlgn4a,84,131,48,+,"","",deletion,73,725,2,FALSE
nlgn4a,84,131,48,+,"","",deletion,74,725,2,FALSE
nlgn4a,84,131,48,+,"","",deletion,75,725,2,FALSE
nlgn4a,119,183,65,+,"","",deletion,76,716,2,FALSE
nlgn4a,100,137,38,+,"","",deletion,77,716,1,FALSE
nlgn4a,111,150,40,+,"","",deletion,78,716,1,FALSE
nlgn4a,94,140,47,+,"","",deletion,79,716,1,FALSE
nlgn4a,84,131,48,+,"","",deletion,80,716,1,FALSE
nlgn4a,95,141,47,+,"","",deletion,81,698,1,FALSE
nlgn4a,120,137,18,+,"","",deletion,82,707,1,FALSE
nlgn4a,109,146,38,+,"","",deletion,83,707,1,FALSE
nlgn4a,123,138,16,+,"","",deletion,84,707,1,FALSE
nlgn4a,94,140,47,+,"","",deletion,85,716,1,FALSE
nlgn4a,79,139,61,+,"","",deletion,86,707,1,FALSE
nlgn4a,109,146,38,+,"","",deletion,87,716,1,FALSE
nlgn4a,94,140,47,+,"","",deletion,88,707,1,FALSE
nlgn4a,120,137,18,+,"","",deletion,89,707,1,FALSE
nlgn4a,84,131,48,+,"","",deletion,90,716,1,FALSE
nlgn4a,119,183,65,+,"","",deletion,91,716,1,FALSE
nlgn4a,109,146,38,+,"","",deletion,92,716,1,FALSE
nlgn4a,94,140,47,+,"","",deletion,94,716,1,FALSE
nlgn4a,109,146,38,+,"","",deletion,95,716,1,FALSE
nlgn4a,79,139,61,+,"","",deletion,96,707,1,FALSE
nlgn4a,111,150,40,+,"","",deletion,97,707,1,FALSE
nlgn4a,109,146,38,+,"","",deletion,98,716,1,FALSE
nlgn4a,100,137,38,+,"","",deletion,99,716,1,FALSE
nlgn4a,120,137,18,+,"","",deletion,100,716,1,FALSE
nlgn4a,123,138,16,+,"","",deletion,101,716,1,FALSE
nlgn4a,84,131,48,+,"","",deletion,102,698,1,FALSE
nlgn4a,100,137,38,+,"","",deletion,104,716,1,FALSE
nlgn4a,111,150,40,+,"","",deletion,105,707,1,FALSE
nlgn4a,100,137,38,+,"","",deletion,106,716,1,FALSE
nlgn4a,109,146,38,+,"","",deletion,107,716,1,FALSE
nlgn4a,109,146,38,+,"","",deletion,108,716,1,FALSE
nlgn4a,123,138,16,+,"","",deletion,109,716,1,FALSE
nlgn4a,109,146,38,+,"","",deletion,110,716,1,FALSE
nlgn4a,123,138,16,+,"","",deletion,111,716,1,FALSE
nlgn4a,111,150,40,+,"","",deletion,112,716,1,FALSE
nlgn4a,128,147,20,+,"","",deletion,113,716,1,FALSE
nlgn4a,94,140,47,+,"","",deletion,114,716,1,FALSE
nlgn4a,128,147,20,+,"","",deletion,115,707,1,FALSE
nlgn4a,100,137,38,+,"","",deletion,116,716,1,FALSE
nlgn4a,120,137,18,+,"","",deletion,117,716,1,FALSE
nlgn4a,109,146,38,+,"","",deletion,118,707,1,FALSE
nlgn4a,109,146,38,+,"","",deletion,119,707,1,FALSE
nlgn4a,128,147,20,+,"","",deletion,121,698,1,FALSE
nlgn4a,119,183,65,+,"","",deletion,122,716,1,FALSE
nlgn4a,111,150,40,+,"","",deletion,123,716,1,FALSE
nlgn4a,100,137,38,+,"","",deletion,124,716,1,FALSE
nlgn4a,100,137,38,+,"","",deletion,126,707,1,FALSE
nlgn4a,79,139,61,+,"","",deletion,127,716,1,FALSE
nlgn4a,119,183,65,+,"","",deletion,128,716,1,FALSE
nlgn4a,94,140,47,+,"","",deletion,129,716,1,FALSE
nlgn4a,79,139,61,+,"","",deletion,130,716,1,FALSE
nlgn4a,79,139,61,+,"","",deletion,131,716,1,FALSE
nlgn4a,109,146,38,+,"","",deletion,132,716,1,FALSE
nlgn4a,128,147,20,+,"","",deletion,133,707,1,FALSE
nlgn4a,128,147,20,+,"","",deletion,134,716,1,FALSE
nlgn4a,123,138,16,+,"","",deletion,135,716,1,FALSE
nlgn4a,123,138,16,+,"","",deletion,136,716,1,FALSE
nlgn4a,84,131,48,+,"","",deletion,137,716,1,FALSE
nlgn4a,79,139,61,+,"","",deletion,138,716,1,FALSE
nlgn4a,109,146,38,+,"","",deletion,139,716,1,FALSE
nlgn4a,128,147,20,+,"","",deletion,140,716,1,FALSE
nlgn4a,100,137,38,+,"","",deletion,141,716,1,FALSE
nlgn4a,94,140,47,+,"","",deletion,142,707,1,FALSE
nlgn4a,119,183,65,+,"","",deletion,143,716,1,FALSE
nlgn4a,123,138,16,+,"","",deletion,146,716,1,FALSE
nlgn4a,123,138,16,+,"","",deletion,147,716,1,FALSE
nlgn4a,111,150,40,+,"","",deletion,148,716,1,FALSE
nlgn4a,119,183,65,+,"","",deletion,149,716,1,FALSE
nlgn4a,128,147,20,+,"","",deletion,150,716,1,FALSE
nlgn4a,120,137,18,+,"","",deletion,152,716,1,FALSE
nlgn4a,119,183,65,+,"","",deletion,153,716,1,FALSE
nlgn4a,79,139,61,+,"","",deletion,154,716,1,FALSE
nlgn4a,100,137,38,+,"","",deletion,155,698,1,FALSE
nlgn4a,128,147,20,+,"","",deletion,156,707,1,FALSE
nlgn4a,111,150,40,+,"","",deletion,157,716,1,FALSE
nlgn4a,84,131,48,+,"","",deletion,159,716,1,FALSE
nlgn4a,128,147,20,+,"","",deletion,160,707,1,FALSE
nlgn4a,123,138,16,+,"","",deletion,161,716,1,FALSE
nlgn4a,79,139,61,+,"","",deletion,162,707,1,FALSE
nlgn4a,119,183,65,+,"","",deletion,163,716,1,FALSE
nlgn4a,123,138,16,+,"","",deletion,164,707,1,FALSE
nlgn4a,79,139,61,+,"","",deletion,165,716,1,FALSE
nlgn4a,100,137,38,+,"","",deletion,166,707,1,FALSE
nlgn4a,123,138,16,+,"","",deletion,167,716,1,FALSE
nlgn4a,94,140,47,+,"","",deletion,168,716,1,FALSE
nlgn4a,119,183,65,+,"","",deletion,169,707,1,FALSE
nlgn4a,100,137,38,+,"","",deletion,170,707,1,FALSE
nlgn4a,120,137,18,+,"","",deletion,171,716,1,FALSE
nlgn4a,84,131,48,+,"","",deletion,172,716,1,FALSE
nlgn4a,119,183,65,+,"","",deletion,173,716,1,FALSE
nlgn4a,100,137,38,+,"","",deletion,174,707,1,FALSE
nlgn4a,109,146,38,+,"","",deletion,175,716,1,FALSE
nlgn4a,120,137,18,+,"","",deletion,176,716,1,FALSE
nlgn4a,119,183,65,+,"","",deletion,177,707,1,FALSE
nlgn4a,111,150,40,+,"","",deletion,178,707,1,FALSE
nlgn4a,128,147,20,+,"","",deletion,179,707,1,FALSE
nlgn4a,128,147,20,+,"","",deletion,180,716,1,FALSE
nlgn4a,84,131,48,+,"","",deletion,182,716,1,FALSE
nlgn4a,79,139,61,+,"","",deletion,183,716,1,FALSE
nlgn4a,84,131,48,+,"","",deletion,185,716,1,FALSE
nlgn4a,120,137,18,+,"","",deletion,186,716,1,FALSE
nlgn4a,128,147,20,+,"","",deletion,187,716,1,FALSE
nlgn4a,128,147,20,+,"","",deletion,188,716,1,FALSE
nlgn4a,109,146,38,+,"","",deletion,189,707,1,FALSE
nlgn4a,94,140,47,+,"","",deletion,190,716,1,FALSE
nlgn4a,120,137,18,+,"","",deletion,191,716,1,FALSE
nlgn4a,120,137,18,+,"","",deletion,192,716,1,FALSE
nlgn4a,111,150,40,+,"","",deletion,193,716,1,FALSE
nlgn4a,94,140,47,+,"","",deletion,194,716,1,FALSE
nlgn4a,123,138,16,+,"","",deletion,195,707,1,FALSE
nlgn4a,109,146,38,+,"","",deletion,196,716,1,FALSE
nlgn4a,123,138,16,+,"","",deletion,197,707,1,FALSE
nlgn4a,84,131,48,+,"","",deletion,198,707,1,FALSE
nlgn4a,79,139,61,+,"","",deletion,199,716,1,FALSE
nlgn4a,79,139,61,+,"","",deletion,200,716,1,FALSE
nlgn4a,100,137,38,+,"","",deletion,201,707,1,FALSE
nlgn4a,123,138,16,+,"","",deletion,202,707,1,FALSE
nlgn4a,123,138,16,+,"","",deletion,203,716,1,FALSE
nlgn4a,79,139,61,+,"","",deletion,204,716,1,FALSE
nlgn4a,109,146,38,+,"","",deletion,205,716,1,FALSE
nlgn4a,123,138,16,+,"","",deletion,206,707,1,FALSE
nlgn4a,79,139,61,+,"","",deletion,207,716,1,FALSE
nlgn4a,111,150,40,+,"","",deletion,208,716,1,FALSE
nlgn4a,79,139,61,+,"","",deletion,209,716,1,FALSE
nlgn4a,100,137,38,+,"","",deletion,210,707,1,FALSE
nlgn4a,79,139,61,+,"","",deletion,211,716,1,FALSE
nlgn4a,84,131,48,+,"","",deletion,212,716,1,FALSE
nlgn4a,109,146,38,+,"","",deletion,213,716,1,FALSE
nlgn4a,84,131,48,+,"","",deletion,214,716,1,FALSE
nlgn4a,128,147,20,+,"","",deletion,215,716,1,FALSE
nlgn4a,79,139,61,+,"","",deletion,216,716,1,FALSE
nlgn4a,79,139,61,+,"","",deletion,217,707,1,FALSE
nlgn4a,79,139,61,+,"","",deletion,218,716,1,FALSE
nlgn4a,79,139,61,+,"","",deletion,219,716,1,FALSE
nlgn4a,79,139,61,+,"","",deletion,220,716,1,FALSE
nlgn4a,79,139,61,+,"","",deletion,221,707,1,FALSE
nlgn4a,79,139,61,+,"","",deletion,222,716,1,FALSE
nlgn4a,79,139,61,+,"","",deletion,223,716,1,FALSE
nlgn4a,79,139,61,+,"","",deletion,224,716,1,FALSE
nlgn4a,79,139,61,+,"","",deletion,225,716,1,FALSE
nlgn4a,79,139,61,+,"","",deletion,226,716,1,FALSE
nlgn4a,79,139,61,+,"","",deletion,227,716,1,FALSE
nlgn4a,79,139,61,+,"","",deletion,228,716,1,FALSE
nlgn4a,79,139,61,+,"","",deletion,229,716,1,FALSE
nlgn4a,79,139,61,+,"","",deletion,230,716,1,FALSE
nlgn4a,79,139,61,+,"","",deletion,231,716,1,FALSE
nlgn4a,79,139,61,+,"","",deletion,232,716,1,FALSE
nlgn4a,79,139,61,+,"","",deletion,233,716,1,FALSE
nlgn4a,79,139,61,+,"","",deletion,234,716,1,FALSE
nlgn4a,79,139,61,+,"","",deletion,235,716,1,FALSE
nlgn4a,79,139,61,+,"","",deletion,236,716,1,FALSE
nlgn4a,79,139,61,+,"","",deletion,237,716,1,FALSE
nlgn4a,79,139,61,+,"","",deletion,238,716,1,FALSE
nlgn4a,79,139,61,+,"","",deletion,239,716,1,FALSE
nlgn4a,79,139,61,+,"","",deletion,240,716,1,FALSE
nlgn4a,79,139,61,+,"","",deletion,241,725,1,FALSE
nlgn4a,79,139,61,+,"","",deletion,242,725,1,FALSE
nlgn4a,79,139,61,+,"","",deletion,243,725,1,FALSE
nlgn4a,79,139,61,+,"","",deletion,244,725,1,FALSE
nlgn4a,79,139,61,+,"","",deletion,245,725,1,FALSE
nlgn4a,79,139,61,+,"","",deletion,246,725,1,FALSE
nlgn4a,79,139,61,+,"","",deletion,247,725,1,FALSE
nlgn4a,79,139,61,+,"","",deletion,248,725,1,FALSE
nlgn4a,79,139,61,+,"","",deletion,249,725,1,FALSE
nlgn4a,79,139,61,+,"","",deletion,250,725,1,FALSE
nlgn4a,79,139,61,+,"","",deletion,251,725,1,FALSE
nlgn4a,79,139,61,+,"","",deletion,252,725,1,FALSE
nlgn4a,79,139,61,+,"","",deletion,253,725,1,FALSE
nlgn4a,79,139,61,+,"","",deletion,254,725,1,FALSE
nlgn4a,79,139,61,+,"","",deletion,255,725,1,FALSE
nlgn4a,79,139,61,+,"","",deletion,256,725,1,FALSE
nlgn4a,79,139,61,+,"","",deletion,257,725,1,FALSE
nlgn4a,79,139,61,+,"","",deletion,258,725,1,FALSE
nlgn4a,79,139,61,+,"","",deletion,259,725,1,FALSE
nlgn4a,79,139,61,+,"","",deletion,260,725,1,FALSE
nlgn4a,79,139,61,+,"","",deletion,261,725,1,FALSE
nlgn4a,79,139,61,+,"","",deletion,262,725,1,FALSE
nlgn4a,79,139,61,+,"","",deletion,263,725,1,FALSE
nlgn4a,79,139,61,+,"","",deletion,264,725,1,FALSE
nlgn4a,79,139,61,+,"","",deletion,265,725,1,FALSE
nlgn4a,79,139,61,+,"","",deletion,266,725,1,FALSE
nlgn4a,79,139,61,+,"","",deletion,267,725,1,FALSE
nlgn4a,79,139,61,+,"","",deletion,268,725,1,FALSE
nlgn4a,79,139,61,+,"","",deletion,269,725,1,FALSE
nlgn4a,79,139,61,+,"","",deletion,270,725,1,FALSE
nlgn4a,79,139,61,+,"","",deletion,271,725,1,FALSE
nlgn4a,79,139,61,+,"","",deletion,272,725,1,FALSE
nlgn4a,79,139,61,+,"","",deletion,273,725,1,FALSE
nlgn4a,79,139,61,+,"","",deletion,274,725,1,FALSE
nlgn4a,79,139,61,+,"","",deletion,275,725,1,FALSE
nlgn4a,79,139,61,+,"","",deletion,276,725,1,FALSE
nlgn4a,79,139,61,+,"","",deletion,277,725,1,FALSE
nlgn4a,79,139,61,+,"","",deletion,278,725,1,FALSE
nlgn4a,79,139,61,+,"","",deletion,279,725,1,FALSE
nlgn4a,79,139,61,+,"","",deletion,280,725,1,FALSE
nlgn4a,79,139,61,+,"","",deletion,281,725,1,FALSE
nlgn4a,79,139,61,+,"","",deletion,282,725,1,FALSE
nlgn4a,79,139,61,+,"","",deletion,283,725,1,FALSE
nlgn4a,79,139,61,+,"","",deletion,284,725,1,FALSE
nlgn4a,79,139,61,+,"","",deletion,285,725,1,FALSE
nlgn4a,79,139,61,+,"","",deletion,286,725,1,FALSE
nlgn4a,79,139,61,+,"","",deletion,287,725,1,FALSE
nlgn4a,79,139,61,+,"","",deletion,288,725,1,FALSE
nlgn4a,79,139,61,+,"","",deletion,289,725,1,FALSE
nlgn4a,79,139,61,+,"","",deletion,290,725,1,FALSE
nlgn4a,79,139,61,+,"","",deletion,291,725,1,FALSE
nlgn4a,79,139,61,+,"","",deletion,292,725,1,FALSE
nlgn4a,79,139,61,+,"","",deletion,293,725,1,FALSE
nlgn4a,79,139,61,+,"","",deletion,294,725,1,FALSE
nlgn4a,79,139,61,+,"","",deletion,295,725,1,FALSE
nlgn4a,79,139,61,+,"","",deletion,296,725,1,FALSE
nlgn4a,79,139,61,+,"","",deletion,297,725,1,FALSE
nlgn4a,79,139,61,+,"","",deletion,298,725,1,FALSE
nlgn4a,79,139,61,+,"","",deletion,299,725,1,FALSE
nlgn4a,79,139,61,+,"","",deletion,300,725,1,FALSE
nlgn4a,79,139,61,+,"","",deletion,301,725,1,FALSE
nlgn4a,79,139,61,+,"","",deletion,302,725,1,FALSE
nlgn4a,79,139,61,+,"","",deletion,303,725,1,FALSE
nlgn4a,79,139,61,+,"","",deletion,304,725,1,FALSE
nlgn4a,79,139,61,+,"","",deletion,305,725,1,FALSE
nlgn4a,79,139,61,+,"","",deletion,306,725,1,FALSE
nlgn4a,79,139,61,+,"","",deletion,307,725,1,FALSE
nlgn4a,79,139,61,+,"","",deletion,308,725,1,FALSE
nlgn4a,79,139,61,+,"","",deletion,309,725,1,FALSE
nlgn4a,79,139,61,+,"","",deletion,310,725,1,FALSE
nlgn4a,79,139,61,+,"","",deletion,311,725,1,FALSE
nlgn4a,79,139,61,+,"","",deletion,312,725,1,FALSE
nlgn4a,79,139,61,+,"","",deletion,313,725,1,FALSE
nlgn4a,79,139,61,+,"","",deletion,314,725,1,FALSE
nlgn4a,79,139,61,+,"","",deletion,315,725,1,FALSE
nlgn4a,79,139,61,+,"","",deletion,316,725,1,FALSE
nlgn4a,79,139,61,+,"","",deletion,317,725,1,FALSE
nlgn4a,79,139,61,+,"","",deletion,318,725,1,FALSE
nlgn4a,79,139,61,+,"","",deletion,319,725,1,FALSE
nlgn4a,79,139,61,+,"","",deletion,320,725,1,FALSE
nlgn4a,79,139,61,+,"","",deletion,321,725,1,FALSE
nlgn4a,79,139,61,+,"","",deletion,322,725,1,FALSE
nlgn4a,79,139,61,+,"","",deletion,323,725,1,FALSE
nlgn4a,79,139,61,+,"","",deletion,324,725,1,FALSE
nlgn4a,79,139,61,+,"","",deletion,325,725,1,FALSE
nlgn4a,79,139,61,+,"","",deletion,326,725,1,FALSE
nlgn4a,79,139,61,+,"","",deletion,327,725,1,FALSE
nlgn4a,79,139,61,+,"","",deletion,328,725,1,FALSE
nlgn4a,79,139,61,+,"","",deletion,329,725,1,FALSE
nlgn4a,79,139,61,+,"","",deletion,330,725,1,FALSE
nlgn4a,79,139,61,+,"","",deletion,331,725,1,FALSE
nlgn4a,79,139,61,+,"","",deletion,332,725,1,FALSE
nlgn4a,79,139,61,+,"","",deletion,333,725,1,FALSE
nlgn4a,79,139,61,+,"","",deletion,334,725,1,FALSE
nlgn4a,79,139,61,+,"","",deletion,335,725,1,FALSE
nlgn4a,79,139,61,+,"","",deletion,336,725,1,FALSE
nlgn4a,79,139,61,+,"","",deletion,337,725,1,FALSE
nlgn4a,79,139,61,+,"","",deletion,338,725,1,FALSE
nlgn4a,79,139,61,+,"","",deletion,339,725,1,FALSE
nlgn4a,79,139,61,+,"","",deletion,340,725,1,FALSE
nlgn4a,79,139,61,+,"","",deletion,341,725,1,FALSE
nlgn4a,79,139,61,+,"","",deletion,342,725,1,FALSE
nlgn4a,79,139,61,+,"","",deletion,343,725,1,FALSE
nlgn4a,79,139,61,+,"","",deletion,344,725,1,FALSE
nlgn4a,79,139,61,+,"","",deletion,345,725,1,FALSE
nlgn4a,79,139,61,+,"","",deletion,346,725,1,FALSE
nlgn4a,79,139,61,+,"","",deletion,347,725,1,FALSE
nlgn4a,79,139,61,+,"","",deletion,348,725,1,FALSE
nlgn4a,79,139,61,+,"","",deletion,349,725,1,FALSE
nlgn4a,79,139,61,+,"","",deletion,350,725,1,FALSE
nlgn4a,79,139,61,+,"","",deletion,351,725,1,FALSE
nlgn4a,79,139,61,+,"","",deletion,352,725,1,FALSE
nlgn4a,79,139,61,+,"","",deletion,353,725,1,FALSE
nlgn4a,79,139,61,+,"","",deletion,354,725,1,FALSE
nlgn4a,79,139,61,+,"","",deletion,355,725,1,FALSE
nlgn4a,79,139,61,+,"","",deletion,356,725,1,FALSE
nlgn4a,79,139,61,+,"","",deletion,357,725,1,FALSE
nlgn4a,79,139,61,+,"","",deletion,358,725,1,FALSE
nlgn4a,79,139,61,+,"","",deletion,359,725,1,FALSE
nlgn4a,79,139,61,+,"","",deletion,360,725,1,FALSE
nlgn4a,79,139,61,+,"","",deletion,361,725,1,FALSE
nlgn4a,79,139,61,+,"","",deletion,362,725,1,FALSE
nlgn4a,79,139,61,+,"","",deletion,363,725,1,FALSE
nlgn4a,79,139,61,+,"","",deletion,364,725,1,FALSE
nlgn4a,79,139,61,+,"","",deletion,365,725,1,FALSE
nlgn4a,79,139,61,+,"","",deletion,366,725,1,FALSE
nlgn4a,79,139,61,+,"","",deletion,367,725,1,FALSE
nlgn4a,79,139,61,+,"","",deletion,368,725,1,FALSE
nlgn4a,79,139,61,+,"","",deletion,369,725,1,FALSE
nlgn4a,79,139,61,+,"","",deletion,370,725,1,FALSE
nlgn4a,79,139,61,+,"","",deletion,371,725,1,FALSE
nlgn4a,79,139,61,+,"","",deletion,372,725,1,FALSE
nlgn4a,79,139,61,+,"","",deletion,373,725,1,FALSE
nlgn4a,79,139,61,+,"","",deletion,374,725,1,FALSE
nlgn4a,79,139,61,+,"","",deletion,375,725,1,FALSE
nlgn4a,79,139,61,+,"","",deletion,376,725,1,FALSE
nlgn4a,79,139,61,+,"","",deletion,377,725,1,FALSE
nlgn4a,79,139,61,+,"","",deletion,378,725,1,FALSE
nlgn4a,79,139,61,+,"","",deletion,379,725,1,FALSE
nlgn4a,79,139,61,+,"","",deletion,380,725,1,FALSE
nlgn4a,79,139,61,+,"","",deletion,381,725,1,FALSE
nlgn4a,79,139,61,+,"","",deletion,382,725,1,FALSE
nlgn4a,79,139,61,+,"","",deletion,383,725,1,FALSE
nlgn4a,79,139,61,+,"","",deletion,384,716,1,FALSE
nlgn4a,79,139,61,+,"","",deletion,385,716,1,FALSE
nlgn4a,79,139,61,+,"","",deletion,386,716,1,FALSE
nlgn4a,79,139,61,+,"","",deletion,387,716,1,FALSE
nlgn4a,79,139,61,+,"","",deletion,388,716,1,FALSE
nlgn4a,79,139,61,+,"","",deletion,389,716,1,FALSE
nlgn4a,79,139,61,+,"","",deletion,390,716,1,FALSE
nlgn4a,79,139,61,+,"","",deletion,391,716,1,FALSE
nlgn4a,79,139,61,+,"","",deletion,392,716,1,FALSE
nlgn4a,79,139,61,+,"","",deletion,393,716,1,FALSE
nlgn4a,79,139,61,+,"","",deletion,394,716,1,FALSE
nlgn4a,79,139,61,+,"","",deletion,395,716,1,FALSE
nlgn4a,79,139,61,+,"","",deletion,396,716,1,FALSE
nlgn4a,79,139,61,+,"","",deletion,397,716,1,FALSE
nlgn4a,79,139,61,+,"","",deletion,398,716,1,FALSE
nlgn4a,79,139,61,+,"","",deletion,399,716,1,FALSE
nlgn4a,79,139,61,+,"","",deletion,400,716,1,FALSE
nlgn4a,79,139,61,+,"","",deletion,401,716,1,FALSE
nlgn4a,79,139,61,+,"","",deletion,402,707,1,FALSE
nlgn4a,79,139,61,+,"","",deletion,403,716,1,FALSE
nlgn4a,79,139,61,+,"","",deletion,404,716,1,FALSE
nlgn4a,79,139,61,+,"","",deletion,405,716,1,FALSE
nlgn4a,79,139,61,+,"","",deletion,406,716,1,FALSE
nlgn4a,79,139,61,+,"","",deletion,407,707,1,FALSE
nlgn4a,79,139,61,+,"","",deletion,408,716,1,FALSE
nlgn4a,79,139,61,+,"","",deletion,409,707,1,FALSE
nlgn4a,128,147,20,+,"","",deletion,410,716,1,FALSE
nlgn4a,111,150,40,+,"","",deletion,411,716,1,FALSE
nlgn4a,109,146,38,+,"","",deletion,413,716,1,FALSE
nlgn4a,120,137,18,+,"","",deletion,414,716,1,FALSE
nlgn4a,109,146,38,+,"","",deletion,416,716,1,FALSE
nlgn4a,123,138,16,+,"","",deletion,418,716,1,FALSE
nlgn4a,111,150,40,+,"","",deletion,419,716,1,FALSE
nlgn4a,120,137,18,+,"","",deletion,420,707,1,FALSE
nlgn4a,111,150,40,+,"","",deletion,422,716,1,FALSE
nlgn4a,84,131,48,+,"","",deletion,423,707,1,FALSE
nlgn4a,109,146,38,+,"","",deletion,424,716,1,FALSE
nlgn4a,128,147,20,+,"","",deletion,425,716,1,FALSE
nlgn4a,128,147,20,+,"","",deletion,426,716,1,FALSE
nlgn4a,119,183,65,+,"","",deletion,427,716,1,FALSE
nlgn4a,128,147,20,+,"","",deletion,429,716,1,FALSE
nlgn4a,119,183,65,+,"","",deletion,430,716,1,FALSE
nlgn4a,123,138,16,+,"","",deletion,431,716,1,FALSE
nlgn4a,109,146,38,+,"","",deletion,432,707,1,FALSE
nlgn4a,119,183,65,+,"","",deletion,433,716,1,FALSE
nlgn4a,123,138,16,+,"","",deletion,434,716,1,FALSE
nlgn4a,109,146,38,+,"","",deletion,435,716,1,FALSE
nlgn4a,119,183,65,+,"","",deletion,436,716,1,FALSE
nlgn4a,109,146,38,+,"","",deletion,438,716,1,FALSE
nlgn4a,128,147,20,+,"","",deletion,439,698,1,FALSE
nlgn4a,111,150,40,+,"","",deletion,440,716,1,FALSE
nlgn4a,109,146,38,+,"","",deletion,441,707,1,FALSE
nlgn4a,111,150,40,+,"","",deletion,442,716,1,FALSE
nlgn4a,109,146,38,+,"","",deletion,443,716,1,FALSE
nlgn4a,119,183,65,+,"","",deletion,444,707,1,FALSE
nlgn4a,128,147,20,+,"","",deletion,445,716,1,FALSE
nlgn4a,120,137,18,+,"","",deletion,446,716,1,FALSE
nlgn4a,94,140,47,+,"","",deletion,447,716,1,FALSE
nlgn4a,128,147,20,+,"","",deletion,448,716,1,FALSE
nlgn4a,123,138,16,+,"","",deletion,449,716,1,FALSE
nlgn4a,119,183,65,+,"","",deletion,450,716,1,FALSE
nlgn4a,128,147,20,+,"","",deletion,452,716,1,FALSE
nlgn4a,109,146,38,+,"","",deletion,453,707,1,FALSE
nlgn4a,100,137,38,+,"","",deletion,456,707,1,FALSE
nlgn4a,100,137,38,+,"","",deletion,457,716,1,FALSE
nlgn4a,100,137,38,+,"","",deletion,458,716,1,FALSE
nlgn4a,100,137,38,+,"","",deletion,459,716,1,FALSE
nlgn4a,100,137,38,+,"","",deletion,460,716,1,FALSE
nlgn4a,100,137,38,+,"","",deletion,461,716,1,FALSE
nlgn4a,100,137,38,+,"","",deletion,462,716,1,FALSE
nlgn4a,100,137,38,+,"","",deletion,463,716,1,FALSE
nlgn4a,100,137,38,+,"","",deletion,464,716,1,FALSE
nlgn4a,100,137,38,+,"","",deletion,465,716,1,FALSE
nlgn4a,100,137,38,+,"","",deletion,466,716,1,FALSE
nlgn4a,100,137,38,+,"","",deletion,467,716,1,FALSE
nlgn4a,100,137,38,+,"","",deletion,468,725,1,FALSE
nlgn4a,100,137,38,+,"","",deletion,469,725,1,FALSE
nlgn4a,100,137,38,+,"","",deletion,470,725,1,FALSE
nlgn4a,100,137,38,+,"","",deletion,471,725,1,FALSE
nlgn4a,100,137,38,+,"","",deletion,472,725,1,FALSE
nlgn4a,100,137,38,+,"","",deletion,473,725,1,FALSE
nlgn4a,100,137,38,+,"","",deletion,474,725,1,FALSE
nlgn4a,100,137,38,+,"","",deletion,475,725,1,FALSE
nlgn4a,100,137,38,+,"","",deletion,476,725,1,FALSE
nlgn4a,100,137,38,+,"","",deletion,477,725,1,FALSE
nlgn4a,100,137,38,+,"","",deletion,478,725,1,FALSE
nlgn4a,100,137,38,+,"","",deletion,479,725,1,FALSE
nlgn4a,100,137,38,+,"","",deletion,480,725,1,FALSE
nlgn4a,100,137,38,+,"","",deletion,481,725,1,FALSE
nlgn4a,100,137,38,+,"","",deletion,482,725,1,FALSE
nlgn4a,100,137,38,+,"","",deletion,483,725,1,FALSE
nlgn4a,100,137,38,+,"","",deletion,484,725,1,FALSE
nlgn4a,100,137,38,+,"","",deletion,485,725,1,FALSE
nlgn4a,100,137,38,+,"","",deletion,486,725,1,FALSE
nlgn4a,100,137,38,+,"","",deletion,487,725,1,FALSE
nlgn4a,100,137,38,+,"","",deletion,488,725,1,FALSE
nlgn4a,100,137,38,+,"","",deletion,489,725,1,FALSE
nlgn4a,100,137,38,+,"","",deletion,490,725,1,FALSE
nlgn4a,100,137,38,+,"","",deletion,491,725,1,FALSE
nlgn4a,100,137,38,+,"","",deletion,492,725,1,FALSE
nlgn4a,100,137,38,+,"","",deletion,493,725,1,FALSE
nlgn4a,100,137,38,+,"","",deletion,494,725,1,FALSE
nlgn4a,100,137,38,+,"","",deletion,495,725,1,FALSE
nlgn4a,100,137,38,+,"","",deletion,496,725,1,FALSE
nlgn4a,100,137,38,+,"","",deletion,497,725,1,FALSE
nlgn4a,100,137,38,+,"","",deletion,498,725,1,FALSE
nlgn4a,100,137,38,+,"","",deletion,499,725,1,FALSE
nlgn4a,100,137,38,+,"","",deletion,500,725,1,FALSE
nlgn4a,100,137,38,+,"","",deletion,501,725,1,FALSE
nlgn4a,100,137,38,+,"","",deletion,502,725,1,FALSE
nlgn4a,100,137,38,+,"","",deletion,503,725,1,FALSE
nlgn4a,100,137,38,+,"","",deletion,504,725,1,FALSE
nlgn4a,100,137,38,+,"","",deletion,505,725,1,FALSE
nlgn4a,100,137,38,+,"","",deletion,506,725,1,FALSE
nlgn4a,100,137,38,+,"","",deletion,507,725,1,FALSE
nlgn4a,100,137,38,+,"","",deletion,508,725,1,FALSE
nlgn4a,100,137,38,+,"","",deletion,509,725,1,FALSE
nlgn4a,100,137,38,+,"","",deletion,510,725,1,FALSE
nlgn4a,100,137,38,+,"","",deletion,511,725,1,FALSE
nlgn4a,100,137,38,+,"","",deletion,512,725,1,FALSE
nlgn4a,100,137,38,+,"","",deletion,513,725,1,FALSE
nlgn4a,100,137,38,+,"","",deletion,514,725,1,FALSE
nlgn4a,100,137,38,+,"","",deletion,515,725,1,FALSE
nlgn4a,100,137,38,+,"","",deletion,516,725,1,FALSE
nlgn4a,100,137,38,+,"","",deletion,517,725,1,FALSE
nlgn4a,100,137,38,+,"","",deletion,518,725,1,FALSE
nlgn4a,100,137,38,+,"","",deletion,519,725,1,FALSE
nlgn4a,100,137,38,+,"","",deletion,520,725,1,FALSE
nlgn4a,100,137,38,+,"","",deletion,521,725,1,FALSE
nlgn4a,100,137,38,+,"","",deletion,522,725,1,FALSE
nlgn4a,100,137,38,+,"","",deletion,523,725,1,FALSE
nlgn4a,100,137,38,+,"","",deletion,524,725,1,FALSE
nlgn4a,100,137,38,+,"","",deletion,525,725,1,FALSE
nlgn4a,100,137,38,+,"","",deletion,526,725,1,FALSE
nlgn4a,100,137,38,+,"","",deletion,527,725,1,FALSE
nlgn4a,100,137,38,+,"","",deletion,528,725,1,FALSE
nlgn4a,100,137,38,+,"","",deletion,529,725,1,FALSE
nlgn4a,100,137,38,+,"","",deletion,530,725,1,FALSE
nlgn4a,100,137,38,+,"","",deletion,531,725,1,FALSE
nlgn4a,100,137,38,+,"","",deletion,532,725,1,FALSE
nlgn4a,100,137,38,+,"","",deletion,533,725,1,FALSE
nlgn4a,100,137,38,+,"","",deletion,534,725,1,FALSE
nlgn4a,100,137,38,+,"","",deletion,535,725,1,FALSE
nlgn4a,100,137,38,+,"","",deletion,536,725,1,FALSE
nlgn4a,100,137,38,+,"","",deletion,537,725,1,FALSE
nlgn4a,100,137,38,+,"","",deletion,538,725,1,FALSE
nlgn4a,100,137,38,+,"","",deletion,539,725,1,FALSE
nlgn4a,100,137,38,+,"","",deletion,540,725,1,FALSE
nlgn4a,100,137,38,+,"","",deletion,541,725,1,FALSE
nlgn4a,100,137,38,+,"","",deletion,542,725,1,FALSE
nlgn4a,100,137,38,+,"","",deletion,543,725,1,FALSE
nlgn4a,100,137,38,+,"","",deletion,544,725,1,FALSE
nlgn4a,100,137,38,+,"","",deletion,545,725,1,FALSE
nlgn4a,100,137,38,+,"","",deletion,546,725,1,FALSE
nlgn4a,100,137,38,+,"","",deletion,547,725,1,FALSE
nlgn4a,100,137,38,+,"","",deletion,548,725,1,FALSE
nlgn4a,100,137,38,+,"","",deletion,549,725,1,FALSE
nlgn4a,100,137,38,+,"","",deletion,550,725,1,FALSE
nlgn4a,100,137,38,+,"","",deletion,551,725,1,FALSE
nlgn4a,100,137,38,+,"","",deletion,552,725,1,FALSE
nlgn4a,100,137,38,+,"","",deletion,553,725,1,FALSE
nlgn4a,100,137,38,+,"","",deletion,554,725,1,FALSE
nlgn4a,100,137,38,+,"","",deletion,555,725,1,FALSE
nlgn4a,100,137,38,+,"","",deletion,556,725,1,FALSE
nlgn4a,100,137,38,+,"","",deletion,557,725,1,FALSE
nlgn4a,100,137,38,+,"","",deletion,558,725,1,FALSE
nlgn4a,100,137,38,+,"","",deletion,559,725,1,FALSE
nlgn4a,100,137,38,+,"","",deletion,560,725,1,FALSE
nlgn4a,100,137,38,+,"","",deletion,561,725,1,FALSE
nlgn4a,100,137,38,+,"","",deletion,562,725,1,FALSE
nlgn4a,100,137,38,+,"","",deletion,563,725,1,FALSE
nlgn4a,100,137,38,+,"","",deletion,564,725,1,FALSE
nlgn4a,100,137,38,+,"","",deletion,565,725,1,FALSE
nlgn4a,100,137,38,+,"","",deletion,566,725,1,FALSE
nlgn4a,100,137,38,+,"","",deletion,567,725,1,FALSE
nlgn4a,100,137,38,+,"","",deletion,568,716,1,FALSE
nlgn4a,100,137,38,+,"","",deletion,569,716,1,FALSE
nlgn4a,100,137,38,+,"","",deletion,570,716,1,FALSE
nlgn4a,100,137,38,+,"","",deletion,571,716,1,FALSE
nlgn4a,100,137,38,+,"","",deletion,572,716,1,FALSE
nlgn4a,100,137,38,+,"","",deletion,573,716,1,FALSE
nlgn4a,100,137,38,+,"","",deletion,574,716,1,FALSE
nlgn4a,100,137,38,+,"","",deletion,575,716,1,FALSE
nlgn4a,100,137,38,+,"","",deletion,576,716,1,FALSE
nlgn4a,100,137,38,+,"","",deletion,577,707,1,FALSE
nlgn4a,100,137,38,+,"","",deletion,578,707,1,FALSE
nlgn4a,100,137,38,+,"","",deletion,579,716,1,FALSE
nlgn4a,100,137,38,+,"","",deletion,580,716,1,FALSE
nlgn4a,100,137,38,+,"","",deletion,581,716,1,FALSE
nlgn4a,100,137,38,+,"","",deletion,582,716,1,FALSE
nlgn4a,100,137,38,+,"","",deletion,583,716,1,FALSE
nlgn4a,100,137,38,+,"","",deletion,584,716,1,FALSE
nlgn4a,100,137,38,+,"","",deletion,585,716,1,FALSE
nlgn4a,101,138,38,+,"","",deletion,588,716,1,FALSE
nlgn4a,128,147,20,+,"","",deletion,589,716,1,FALSE
nlgn4a,128,147,20,+,"","",deletion,590,716,1,FALSE
nlgn4a,123,138,16,+,"","",deletion,591,716,1,FALSE
nlgn4a,123,138,16,+,"","",deletion,592,716,1,FALSE
nlgn4a,111,150,40,+,"","",deletion,593,707,1,FALSE
nlgn4a,109,146,38,+,"","",deletion,594,716,1,FALSE
nlgn4a,123,138,16,+,"","",deletion,595,716,1,FALSE
nlgn4a,109,146,38,+,"","",deletion,596,716,1,FALSE
nlgn4a,120,137,18,+,"","",deletion,597,716,1,FALSE
nlgn4a,123,138,16,+,"","",deletion,599,716,1,FALSE
nlgn4a,111,150,40,+,"","",deletion,600,716,1,FALSE
nlgn4a,128,147,20,+,"","",deletion,602,716,1,FALSE
nlgn4a,109,146,38,+,"","",deletion,604,716,1,FALSE
nlgn4a,120,137,18,+,"","",deletion,605,716,1,FALSE
nlgn4a,120,137,18,+,"","",deletion,606,707,1,FALSE
nlgn4a,119,183,65,+,"","",deletion,607,716,1,FALSE
nlgn4a,109,146,38,+,"","",deletion,608,707,1,FALSE
nlgn4a,109,146,38,+,"","",deletion,609,707,1,FALSE
nlgn4a,109,146,38,+,"","",deletion,610,716,1,FALSE
nlgn4a,109,146,38,+,"","",deletion,611,716,1,FALSE
nlgn4a,109,146,38,+,"","",deletion,612,716,1,FALSE
nlgn4a,109,146,38,+,"","",deletion,613,716,1,FALSE
nlgn4a,109,146,38,+,"","",deletion,614,716,1,FALSE
nlgn4a,109,146,38,+,"","",deletion,615,716,1,FALSE
nlgn4a,109,146,38,+,"","",deletion,616,716,1,FALSE
nlgn4a,109,146,38,+,"","",deletion,617,716,1,FALSE
nlgn4a,109,146,38,+,"","",deletion,618,716,1,FALSE
nlgn4a,109,146,38,+,"","",deletion,619,716,1,FALSE
nlgn4a,109,146,38,+,"","",deletion,620,716,1,FALSE
nlgn4a,109,146,38,+,"","",deletion,621,725,1,FALSE
nlgn4a,109,146,38,+,"","",deletion,622,725,1,FALSE
nlgn4a,109,146,38,+,"","",deletion,623,725,1,FALSE
nlgn4a,109,146,38,+,"","",deletion,624,725,1,FALSE
nlgn4a,109,146,38,+,"","",deletion,625,725,1,FALSE
nlgn4a,109,146,38,+,"","",deletion,626,725,1,FALSE
nlgn4a,109,146,38,+,"","",deletion,627,725,1,FALSE
nlgn4a,109,146,38,+,"","",deletion,628,725,1,FALSE
nlgn4a,109,146,38,+,"","",deletion,629,725,1,FALSE
nlgn4a,109,146,38,+,"","",deletion,630,725,1,FALSE
nlgn4a,109,146,38,+,"","",deletion,631,725,1,FALSE
nlgn4a,109,146,38,+,"","",deletion,632,725,1,FALSE
nlgn4a,109,146,38,+,"","",deletion,633,725,1,FALSE
nlgn4a,109,146,38,+,"","",deletion,634,725,1,FALSE
nlgn4a,109,146,38,+,"","",deletion,635,725,1,FALSE
nlgn4a,109,146,38,+,"","",deletion,636,725,1,FALSE
nlgn4a,109,146,38,+,"","",deletion,637,725,1,FALSE
nlgn4a,109,146,38,+,"","",deletion,638,725,1,FALSE
nlgn4a,109,146,38,+,"","",deletion,639,725,1,FALSE
nlgn4a,109,146,38,+,"","",deletion,640,725,1,FALSE
nlgn4a,109,146,38,+,"","",deletion,641,725,1,FALSE
nlgn4a,109,146,38,+,"","",deletion,642,725,1,FALSE
nlgn4a,109,146,38,+,"","",deletion,643,725,1,FALSE
nlgn4a,109,146,38,+,"","",deletion,644,725,1,FALSE
nlgn4a,109,146,38,+,"","",deletion,645,725,1,FALSE
nlgn4a,109,146,38,+,"","",deletion,646,725,1,FALSE
nlgn4a,109,146,38,+,"","",deletion,647,725,1,FALSE
nlgn4a,109,146,38,+,"","",deletion,648,725,1,FALSE
nlgn4a,109,146,38,+,"","",deletion,649,725,1,FALSE
nlgn4a,109,146,38,+,"","",deletion,650,725,1,FALSE
nlgn4a,109,146,38,+,"","",deletion,651,725,1,FALSE
nlgn4a,109,146,38,+,"","",deletion,652,725,1,FALSE
nlgn4a,109,146,38,+,"","",deletion,653,725,1,FALSE
nlgn4a,109,146,38,+,"","",deletion,654,725,1,FALSE
nlgn4a,109,146,38,+,"","",deletion,655,725,1,FALSE
nlgn4a,109,146,38,+,"","",deletion,656,725,1,FALSE
nlgn4a,109,146,38,+,"","",deletion,657,725,1,FALSE
nlgn4a,109,146,38,+,"","",deletion,658,725,1,FALSE
nlgn4a,109,146,38,+,"","",deletion,659,725,1,FALSE
nlgn4a,109,146,38,+,"","",deletion,660,725,1,FALSE
nlgn4a,109,146,38,+,"","",deletion,661,725,1,FALSE
nlgn4a,109,146,38,+,"","",deletion,662,725,1,FALSE
nlgn4a,109,146,38,+,"","",deletion,663,725,1,FALSE
nlgn4a,109,146,38,+,"","",deletion,664,725,1,FALSE
nlgn4a,109,146,38,+,"","",deletion,665,725,1,FALSE
nlgn4a,109,146,38,+,"","",deletion,666,725,1,FALSE
nlgn4a,109,146,38,+,"","",deletion,667,725,1,FALSE
nlgn4a,109,146,38,+,"","",deletion,668,725,1,FALSE
nlgn4a,109,146,38,+,"","",deletion,669,725,1,FALSE
nlgn4a,109,146,38,+,"","",deletion,670,725,1,FALSE
nlgn4a,109,146,38,+,"","",deletion,671,725,1,FALSE
nlgn4a,109,146,38,+,"","",deletion,672,725,1,FALSE
nlgn4a,109,146,38,+,"","",deletion,673,725,1,FALSE
nlgn4a,109,146,38,+,"","",deletion,674,725,1,FALSE
nlgn4a,109,146,38,+,"","",deletion,675,725,1,FALSE
nlgn4a,109,146,38,+,"","",deletion,676,725,1,FALSE
nlgn4a,109,146,38,+,"","",deletion,677,725,1,FALSE
nlgn4a,109,146,38,+,"","",deletion,678,725,1,FALSE
nlgn4a,109,146,38,+,"","",deletion,679,725,1,FALSE
nlgn4a,109,146,38,+,"","",deletion,680,725,1,FALSE
nlgn4a,109,146,38,+,"","",deletion,681,725,1,FALSE
nlgn4a,109,146,38,+,"","",deletion,682,725,1,FALSE
nlgn4a,109,146,38,+,"","",deletion,683,725,1,FALSE
nlgn4a,109,146,38,+,"","",deletion,684,725,1,FALSE
nlgn4a,109,146,38,+,"","",deletion,685,725,1,FALSE
nlgn4a,109,146,38,+,"","",deletion,686,725,1,FALSE
nlgn4a,109,146,38,+,"","",deletion,687,725,1,FALSE
nlgn4a,109,146,38,+,"","",deletion,688,725,1,FALSE
nlgn4a,109,146,38,+,"","",deletion,689,725,1,FALSE
nlgn4a,109,146,38,+,"","",deletion,690,725,1,FALSE
nlgn4a,109,146,38,+,"","",deletion,691,725,1,FALSE
nlgn4a,109,146,38,+,"","",deletion,692,725,1,FALSE
nlgn4a,109,146,38,+,"","",deletion,693,725,1,FALSE
nlgn4a,109,146,38,+,"","",deletion,694,725,1,FALSE
nlgn4a,109,146,38,+,"","",deletion,695,725,1,FALSE
nlgn4a,109,146,38,+,"","",deletion,696,725,1,FALSE
nlgn4a,109,146,38,+,"","",deletion,697,725,1,FALSE
nlgn4a,109,146,38,+,"","",deletion,698,725,1,FALSE
nlgn4a,109,146,38,+,"","",deletion,699,725,1,FALSE
nlgn4a,109,146,38,+,"","",deletion,700,725,1,FALSE
nlgn4a,109,146,38,+,"","",deletion,701,725,1,FALSE
nlgn4a,109,146,38,+,"","",deletion,702,725,1,FALSE
nlgn4a,109,146,38,+,"","",deletion,703,725,1,FALSE
nlgn4a,109,146,38,+,"","",deletion,704,725,1,FALSE
nlgn4a,109,146,38,+,"","",deletion,705,725,1,FALSE
nlgn4a,109,146,38,+,"","",deletion,706,725,1,FALSE
nlgn4a,109,146,38,+,"","",deletion,707,725,1,FALSE
nlgn4a,109,146,38,+,"","",deletion,708,725,1,FALSE
nlgn4a,109,146,38,+,"","",deletion,709,725,1,FALSE
nlgn4a,109,146,38,+,"","",deletion,710,725,1,FALSE
nlgn4a,109,146,38,+,"","",deletion,711,725,1,FALSE
nlgn4a,109,146,38,+,"","",deletion,712,725,1,FALSE
nlgn4a,109,146,38,+,"","",deletion,713,725,1,FALSE
nlgn4a,109,146,38,+,"","",deletion,714,725,1,FALSE
nlgn4a,109,146,38,+,"","",deletion,715,725,1,FALSE
nlgn4a,109,146,38,+,"","",deletion,716,725,1,FALSE
nlgn4a,109,146,38,+,"","",deletion,717,725,1,FALSE
nlgn4a,109,146,38,+,"","",deletion,718,725,1,FALSE
nlgn4a,109,146,38,+,"","",deletion,719,725,1,FALSE
nlgn4a,109,146,38,+,"","",deletion,720,725,1,FALSE
nlgn4a,109,146,38,+,"","",deletion,721,725,1,FALSE
nlgn4a,109,146,38,+,"","",deletion,722,725,1,FALSE
nlgn4a,109,146,38,+,"","",deletion,723,725,1,FALSE
nlgn4a,109,146,38,+,"","",deletion,724,725,1,FALSE
nlgn4a,109,146,38,+,"","",deletion,725,725,1,FALSE
nlgn4a,109,146,38,+,"","",deletion,726,725,1,FALSE
nlgn4a,109,146,38,+,"","",deletion,727,725,1,FALSE
nlgn4a,109,146,38,+,"","",deletion,728,725,1,FALSE
nlgn4a,109,146,38,+,"","",deletion,729,725,1,FALSE
nlgn4a,109,146,38,+,"","",deletion,730,725,1,FALSE
nlgn4a,109,146,38,+,"","",deletion,731,725,1,FALSE
nlgn4a,109,146,38,+,"","",deletion,732,725,1,FALSE
nlgn4a,109,146,38,+,"","",deletion,733,725,1,FALSE
nlgn4a,109,146,38,+,"","",deletion,734,725,1,FALSE
nlgn4a,109,146,38,+,"","",deletion,735,725,1,FALSE
nlgn4a,109,146,38,+,"","",deletion,736,725,1,FALSE
nlgn4a,109,146,38,+,"","",deletion,737,725,1,FALSE
nlgn4a,109,146,38,+,"","",deletion,738,725,1,FALSE
nlgn4a,109,146,38,+,"","",deletion,739,725,1,FALSE
nlgn4a,109,146,38,+,"","",deletion,740,725,1,FALSE
nlgn4a,109,146,38,+,"","",deletion,741,725,1,FALSE
nlgn4a,109,146,38,+,"","",deletion,742,725,1,FALSE
nlgn4a,109,146,38,+,"","",deletion,743,725,1,FALSE
nlgn4a,109,146,38,+,"","",deletion,744,725,1,FALSE
nlgn4a,109,146,38,+,"","",deletion,745,725,1,FALSE
nlgn4a,109,146,38,+,"","",deletion,746,725,1,FALSE
nlgn4a,109,146,38,+,"","",deletion,747,725,1,FALSE
nlgn4a,109,146,38,+,"","",deletion,748,725,1,FALSE
nlgn4a,109,146,38,+,"","",deletion,749,725,1,FALSE
nlgn4a,109,146,38,+,"","",deletion,750,725,1,FALSE
nlgn4a,109,146,38,+,"","",deletion,751,725,1,FALSE
nlgn4a,109,146,38,+,"","",deletion,752,725,1,FALSE
nlgn4a,109,146,38,+,"","",deletion,753,725,1,FALSE
nlgn4a,109,146,38,+,"","",deletion,754,725,1,FALSE
nlgn4a,109,146,38,+,"","",deletion,755,725,1,FALSE
nlgn4a,109,146,38,+,"","",deletion,756,725,1,FALSE
nlgn4a,109,146,38,+,"","",deletion,757,725,1,FALSE
nlgn4a,109,146,38,+,"","",deletion,758,725,1,FALSE
nlgn4a,109,146,38,+,"","",deletion,759,725,1,FALSE
nlgn4a,109,146,38,+,"","",deletion,760,725,1,FALSE
nlgn4a,109,146,38,+,"","",deletion,761,725,1,FALSE
nlgn4a,109,146,38,+,"","",deletion,762,725,1,FALSE
nlgn4a,109,146,38,+,"","",deletion,763,725,1,FALSE
nlgn4a,109,146,38,+,"","",deletion,764,725,1,FALSE
nlgn4a,109,146,38,+,"","",deletion,765,725,1,FALSE
nlgn4a,109,146,38,+,"","",deletion,766,725,1,FALSE
nlgn4a,109,146,38,+,"","",deletion,767,725,1,FALSE
nlgn4a,109,146,38,+,"","",deletion,768,725,1,FALSE
nlgn4a,109,146,38,+,"","",deletion,769,716,1,FALSE
nlgn4a,109,146,38,+,"","",deletion,770,716,1,FALSE
nlgn4a,109,146,38,+,"","",deletion,771,716,1,FALSE
nlgn4a,109,146,38,+,"","",deletion,772,716,1,FALSE
nlgn4a,109,146,38,+,"","",deletion,773,716,1,FALSE
nlgn4a,109,146,38,+,"","",deletion,774,716,1,FALSE
nlgn4a,109,146,38,+,"","",deletion,775,716,1,FALSE
nlgn4a,109,146,38,+,"","",deletion,776,716,1,FALSE
nlgn4a,109,146,38,+,"","",deletion,777,716,1,FALSE
nlgn4a,109,146,38,+,"","",deletion,778,716,1,FALSE
nlgn4a,109,146,38,+,"","",deletion,779,716,1,FALSE
nlgn4a,109,146,38,+,"","",deletion,780,716,1,FALSE
nlgn4a,109,146,38,+,"","",deletion,781,716,1,FALSE
nlgn4a,109,146,38,+,"","",deletion,782,716,1,FALSE
nlgn4a,109,146,38,+,"","",deletion,783,716,1,FALSE
nlgn4a,109,146,38,+,"","",deletion,784,716,1,FALSE
nlgn4a,109,146,38,+,"","",deletion,785,716,1,FALSE
nlgn4a,109,146,38,+,"","",deletion,786,716,1,FALSE
nlgn4a,109,146,38,+,"","",deletion,787,716,1,FALSE
nlgn4a,109,146,38,+,"","",deletion,788,716,1,FALSE
nlgn4a,128,147,20,+,"","",deletion,789,716,1,FALSE
nlgn4a,112,149,38,+,"","",deletion,790,716,1,FALSE
nlgn4a,128,147,20,+,"","",deletion,791,707,1,FALSE
nlgn4a,119,183,65,+,"","",deletion,794,716,1,FALSE
nlgn4a,123,138,16,+,"","",deletion,795,716,1,FALSE
nlgn4a,123,138,16,+,"","",deletion,798,707,1,FALSE
nlgn4a,123,138,16,+,"","",deletion,800,716,1,FALSE
nlgn4a,119,183,65,+,"","",deletion,801,716,1,FALSE
nlgn4a,119,183,65,+,"","",deletion,802,716,1,FALSE
nlgn4a,128,147,20,+,"","",deletion,803,707,1,FALSE
nlgn4a,119,183,65,+,"","",deletion,804,707,1,FALSE
nlgn4a,124,139,16,+,"","",deletion,805,707,1,FALSE
nlgn4a,123,138,16,+,"","",deletion,806,716,1,FALSE
nlgn4a,120,137,18,+,"","",deletion,807,716,1,FALSE
nlgn4a,123,138,16,+,"","",deletion,808,716,1,FALSE
nlgn4a,119,183,65,+,"","",deletion,809,716,1,FALSE
nlgn4a,119,183,65,+,"","",deletion,810,716,1,FALSE
nlgn4a,119,183,65,+,"","",deletion,811,716,1,FALSE
nlgn4a,119,183,65,+,"","",deletion,812,716,1,FALSE
nlgn4a,119,183,65,+,"","",deletion,813,716,1,FALSE
nlgn4a,119,183,65,+,"","",deletion,814,716,1,FALSE
nlgn4a,119,183,65,+,"","",deletion,815,716,1,FALSE
nlgn4a,119,183,65,+,"","",deletion,816,716,1,FALSE
nlgn4a,119,183,65,+,"","",deletion,817,725,1,FALSE
nlgn4a,119,183,65,+,"","",deletion,818,725,1,FALSE
nlgn4a,119,183,65,+,"","",deletion,819,725,1,FALSE
nlgn4a,119,183,65,+,"","",deletion,820,725,1,FALSE
nlgn4a,119,183,65,+,"","",deletion,821,725,1,FALSE
nlgn4a,119,183,65,+,"","",deletion,822,725,1,FALSE
nlgn4a,119,183,65,+,"","",deletion,823,725,1,FALSE
nlgn4a,119,183,65,+,"","",deletion,824,725,1,FALSE
nlgn4a,119,183,65,+,"","",deletion,825,725,1,FALSE
nlgn4a,119,183,65,+,"","",deletion,826,725,1,FALSE
nlgn4a,119,183,65,+,"","",deletion,827,725,1,FALSE
nlgn4a,119,183,65,+,"","",deletion,828,725,1,FALSE
nlgn4a,119,183,65,+,"","",deletion,829,725,1,FALSE
nlgn4a,119,183,65,+,"","",deletion,830,725,1,FALSE
nlgn4a,119,183,65,+,"","",deletion,831,725,1,FALSE
nlgn4a,119,183,65,+,"","",deletion,832,725,1,FALSE
nlgn4a,119,183,65,+,"","",deletion,833,725,1,FALSE
nlgn4a,119,183,65,+,"","",deletion,834,725,1,FALSE
nlgn4a,119,183,65,+,"","",deletion,835,725,1,FALSE
nlgn4a,119,183,65,+,"","",deletion,836,725,1,FALSE
nlgn4a,119,183,65,+,"","",deletion,837,725,1,FALSE
nlgn4a,119,183,65,+,"","",deletion,838,725,1,FALSE
nlgn4a,119,183,65,+,"","",deletion,839,725,1,FALSE
nlgn4a,119,183,65,+,"","",deletion,840,725,1,FALSE
nlgn4a,119,183,65,+,"","",deletion,841,725,1,FALSE
nlgn4a,119,183,65,+,"","",deletion,842,725,1,FALSE
nlgn4a,119,183,65,+,"","",deletion,843,725,1,FALSE
nlgn4a,119,183,65,+,"","",deletion,844,725,1,FALSE
nlgn4a,119,183,65,+,"","",deletion,845,725,1,FALSE
nlgn4a,119,183,65,+,"","",deletion,846,725,1,FALSE
nlgn4a,119,183,65,+,"","",deletion,847,725,1,FALSE
nlgn4a,119,183,65,+,"","",deletion,848,725,1,FALSE
nlgn4a,119,183,65,+,"","",deletion,849,725,1,FALSE
nlgn4a,119,183,65,+,"","",deletion,850,725,1,FALSE
nlgn4a,119,183,65,+,"","",deletion,851,725,1,FALSE
nlgn4a,119,183,65,+,"","",deletion,852,725,1,FALSE
nlgn4a,119,183,65,+,"","",deletion,853,725,1,FALSE
nlgn4a,119,183,65,+,"","",deletion,854,725,1,FALSE
nlgn4a,119,183,65,+,"","",deletion,855,725,1,FALSE
nlgn4a,119,183,65,+,"","",deletion,856,725,1,FALSE
nlgn4a,119,183,65,+,"","",deletion,857,725,1,FALSE
nlgn4a,119,183,65,+,"","",deletion,858,725,1,FALSE
nlgn4a,119,183,65,+,"","",deletion,859,725,1,FALSE
nlgn4a,119,183,65,+,"","",deletion,860,725,1,FALSE
nlgn4a,119,183,65,+,"","",deletion,861,725,1,FALSE
nlgn4a,119,183,65,+,"","",deletion,862,725,1,FALSE
nlgn4a,119,183,65,+,"","",deletion,863,725,1,FALSE
nlgn4a,119,183,65,+,"","",deletion,864,725,1,FALSE
nlgn4a,119,183,65,+,"","",deletion,865,725,1,FALSE
nlgn4a,119,183,65,+,"","",deletion,866,725,1,FALSE
nlgn4a,119,183,65,+,"","",deletion,867,725,1,FALSE
nlgn4a,119,183,65,+,"","",deletion,868,725,1,FALSE
nlgn4a,119,183,65,+,"","",deletion,869,725,1,FALSE
nlgn4a,119,183,65,+,"","",deletion,870,725,1,FALSE
nlgn4a,119,183,65,+,"","",deletion,871,725,1,FALSE
nlgn4a,119,183,65,+,"","",deletion,872,725,1,FALSE
nlgn4a,119,183,65,+,"","",deletion,873,725,1,FALSE
nlgn4a,119,183,65,+,"","",deletion,874,725,1,FALSE
nlgn4a,119,183,65,+,"","",deletion,875,725,1,FALSE
nlgn4a,119,183,65,+,"","",deletion,876,725,1,FALSE
nlgn4a,119,183,65,+,"","",deletion,877,725,1,FALSE
nlgn4a,119,183,65,+,"","",deletion,878,725,1,FALSE
nlgn4a,119,183,65,+,"","",deletion,879,725,1,FALSE
nlgn4a,119,183,65,+,"","",deletion,880,725,1,FALSE
nlgn4a,119,183,65,+,"","",deletion,881,725,1,FALSE
nlgn4a,119,183,65,+,"","",deletion,882,725,1,FALSE
nlgn4a,119,183,65,+,"","",deletion,883,725,1,FALSE
nlgn4a,119,183,65,+,"","",deletion,884,725,1,FALSE
nlgn4a,119,183,65,+,"","",deletion,885,725,1,FALSE
nlgn4a,119,183,65,+,"","",deletion,886,725,1,FALSE
nlgn4a,119,183,65,+,"","",deletion,887,725,1,FALSE
nlgn4a,119,183,65,+,"","",deletion,888,725,1,FALSE
nlgn4a,119,183,65,+,"","",deletion,889,725,1,FALSE
nlgn4a,119,183,65,+,"","",deletion,890,725,1,FALSE
nlgn4a,119,183,65,+,"","",deletion,891,725,1,FALSE
nlgn4a,119,183,65,+,"","",deletion,892,725,1,FALSE
nlgn4a,119,183,65,+,"","",deletion,893,725,1,FALSE
nlgn4a,119,183,65,+,"","",deletion,894,725,1,FALSE
nlgn4a,119,183,65,+,"","",deletion,895,725,1,FALSE
nlgn4a,119,183,65,+,"","",deletion,896,725,1,FALSE
nlgn4a,119,183,65,+,"","",deletion,897,725,1,FALSE
nlgn4a,119,183,65,+,"","",deletion,898,725,1,FALSE
nlgn4a,119,183,65,+,"","",deletion,899,725,1,FALSE
nlgn4a,119,183,65,+,"","",deletion,900,725,1,FALSE
nlgn4a,119,183,65,+,"","",deletion,901,725,1,FALSE
nlgn4a,119,183,65,+,"","",deletion,902,725,1,FALSE
nlgn4a,119,183,65,+,"","",deletion,903,725,1,FALSE
nlgn4a,119,183,65,+,"","",deletion,904,725,1,FALSE
nlgn4a,119,183,65,+,"","",deletion,905,725,1,FALSE
nlgn4a,119,183,65,+,"","",deletion,906,725,1,FALSE
nlgn4a,119,183,65,+,"","",deletion,907,725,1,FALSE
nlgn4a,119,183,65,+,"","",deletion,908,725,1,FALSE
nlgn4a,119,183,65,+,"","",deletion,909,725,1,FALSE
nlgn4a,119,183,65,+,"","",deletion,910,725,1,FALSE
nlgn4a,119,183,65,+,"","",deletion,911,725,1,FALSE
nlgn4a,119,183,65,+,"","",deletion,912,725,1,FALSE
nlgn4a,119,183,65,+,"","",deletion,913,725,1,FALSE
nlgn4a,119,183,65,+,"","",deletion,914,725,1,FALSE
nlgn4a,119,183,65,+,"","",deletion,915,725,1,FALSE
nlgn4a,119,183,65,+,"","",deletion,916,725,1,FALSE
nlgn4a,119,183,65,+,"","",deletion,917,725,1,FALSE
nlgn4a,119,183,65,+,"","",deletion,918,725,1,FALSE
nlgn4a,119,183,65,+,"","",deletion,919,725,1,FALSE
nlgn4a,119,183,65,+,"","",deletion,920,725,1,FALSE
nlgn4a,119,183,65,+,"","",deletion,921,725,1,FALSE
nlgn4a,119,183,65,+,"","",deletion,922,725,1,FALSE
nlgn4a,119,183,65,+,"","",deletion,923,725,1,FALSE
nlgn4a,119,183,65,+,"","",deletion,924,725,1,FALSE
nlgn4a,119,183,65,+,"","",deletion,925,725,1,FALSE
nlgn4a,119,183,65,+,"","",deletion,926,725,1,FALSE
nlgn4a,119,183,65,+,"","",deletion,927,725,1,FALSE
nlgn4a,119,183,65,+,"","",deletion,928,725,1,FALSE
nlgn4a,119,183,65,+,"","",deletion,929,725,1,FALSE
nlgn4a,119,183,65,+,"","",deletion,930,725,1,FALSE
nlgn4a,119,183,65,+,"","",deletion,931,725,1,FALSE
nlgn4a,119,183,65,+,"","",deletion,932,725,1,FALSE
nlgn4a,119,183,65,+,"","",deletion,933,725,1,FALSE
nlgn4a,119,183,65,+,"","",deletion,934,725,1,FALSE
nlgn4a,119,183,65,+,"","",deletion,935,725,1,FALSE
nlgn4a,119,183,65,+,"","",deletion,936,725,1,FALSE
nlgn4a,119,183,65,+,"","",deletion,937,725,1,FALSE
nlgn4a,119,183,65,+,"","",deletion,938,725,1,FALSE
nlgn4a,119,183,65,+,"","",deletion,939,725,1,FALSE
nlgn4a,119,183,65,+,"","",deletion,940,725,1,FALSE
nlgn4a,119,183,65,+,"","",deletion,941,725,1,FALSE
nlgn4a,119,183,65,+,"","",deletion,942,725,1,FALSE
nlgn4a,119,183,65,+,"","",deletion,943,725,1,FALSE
nlgn4a,119,183,65,+,"","",deletion,944,725,1,FALSE
nlgn4a,119,183,65,+,"","",deletion,945,725,1,FALSE
nlgn4a,119,183,65,+,"","",deletion,946,725,1,FALSE
nlgn4a,119,183,65,+,"","",deletion,947,725,1,FALSE
nlgn4a,119,183,65,+,"","",deletion,948,725,1,FALSE
nlgn4a,119,183,65,+,"","",deletion,949,725,1,FALSE
nlgn4a,119,183,65,+,"","",deletion,950,725,1,FALSE
nlgn4a,119,183,65,+,"","",deletion,951,725,1,FALSE
nlgn4a,119,183,65,+,"","",deletion,952,725,1,FALSE
nlgn4a,119,183,65,+,"","",deletion,953,725,1,FALSE
nlgn4a,119,183,65,+,"","",deletion,954,725,1,FALSE
nlgn4a,119,183,65,+,"","",deletion,955,725,1,FALSE
nlgn4a,119,183,65,+,"","",deletion,956,716,1,FALSE
nlgn4a,119,183,65,+,"","",deletion,957,716,1,FALSE
nlgn4a,119,183,65,+,"","",deletion,958,716,1,FALSE
nlgn4a,119,183,65,+,"","",deletion,959,716,1,FALSE
nlgn4a,119,183,65,+,"","",deletion,960,716,1,FALSE
nlgn4a,119,183,65,+,"","",deletion,961,716,1,FALSE
nlgn4a,119,183,65,+,"","",deletion,962,716,1,FALSE
nlgn4a,119,183,65,+,"","",deletion,963,716,1,FALSE
nlgn4a,119,183,65,+,"","",deletion,964,707,1,FALSE
nlgn4a,119,183,65,+,"","",deletion,965,716,1,FALSE
nlgn4a,128,147,20,+,"","",deletion,966,716,1,FALSE
nlgn4a,120,137,18,+,"","",deletion,968,716,1,FALSE
nlgn4a,120,137,18,+,"","",deletion,969,716,1,FALSE
nlgn4a,120,137,18,+,"","",deletion,970,716,1,FALSE
nlgn4a,120,137,18,+,"","",deletion,971,716,1,FALSE
nlgn4a,120,137,18,+,"","",deletion,972,716,1,FALSE
nlgn4a,120,137,18,+,"","",deletion,973,716,1,FALSE
nlgn4a,120,137,18,+,"","",deletion,974,716,1,FALSE
nlgn4a,120,137,18,+,"","",deletion,975,716,1,FALSE
nlgn4a,120,137,18,+,"","",deletion,976,725,1,FALSE
nlgn4a,120,137,18,+,"","",deletion,977,725,1,FALSE
nlgn4a,120,137,18,+,"","",deletion,978,725,1,FALSE
nlgn4a,120,137,18,+,"","",deletion,979,725,1,FALSE
nlgn4a,120,137,18,+,"","",deletion,980,725,1,FALSE
nlgn4a,120,137,18,+,"","",deletion,981,725,1,FALSE
nlgn4a,120,137,18,+,"","",deletion,982,725,1,FALSE
nlgn4a,120,137,18,+,"","",deletion,983,725,1,FALSE
nlgn4a,120,137,18,+,"","",deletion,984,725,1,FALSE
nlgn4a,120,137,18,+,"","",deletion,985,725,1,FALSE
nlgn4a,120,137,18,+,"","",deletion,986,725,1,FALSE
nlgn4a,120,137,18,+,"","",deletion,987,725,1,FALSE
nlgn4a,120,137,18,+,"","",deletion,988,725,1,FALSE
nlgn4a,120,137,18,+,"","",deletion,989,725,1,FALSE
nlgn4a,120,137,18,+,"","",deletion,990,725,1,FALSE
nlgn4a,120,137,18,+,"","",deletion,991,725,1,FALSE
nlgn4a,120,137,18,+,"","",deletion,992,725,1,FALSE
nlgn4a,120,137,18,+,"","",deletion,993,725,1,FALSE
nlgn4a,120,137,18,+,"","",deletion,994,725,1,FALSE
nlgn4a,120,137,18,+,"","",deletion,995,725,1,FALSE
nlgn4a,120,137,18,+,"","",deletion,996,725,1,FALSE
nlgn4a,120,137,18,+,"","",deletion,997,725,1,FALSE
nlgn4a,120,137,18,+,"","",deletion,998,725,1,FALSE
nlgn4a,120,137,18,+,"","",deletion,999,725,1,FALSE
nlgn4a,120,137,18,+,"","",deletion,1000,725,1,FALSE
nlgn4a,120,137,18,+,"","",deletion,1001,725,1,FALSE
nlgn4a,120,137,18,+,"","",deletion,1002,725,1,FALSE
nlgn4a,120,137,18,+,"","",deletion,1003,725,1,FALSE
nlgn4a,120,137,18,+,"","",deletion,1004,725,1,FALSE
nlgn4a,120,137,18,+,"","",deletion,1005,725,1,FALSE
nlgn4a,120,137,18,+,"","",deletion,1006,725,1,FALSE
nlgn4a,120,137,18,+,"","",deletion,1007,725,1,FALSE
nlgn4a,120,137,18,+,"","",deletion,1008,725,1,FALSE
nlgn4a,120,137,18,+,"","",deletion,1009,725,1,FALSE
nlgn4a,120,137,18,+,"","",deletion,1010,725,1,FALSE
nlgn4a,120,137,18,+,"","",deletion,1011,725,1,FALSE
nlgn4a,120,137,18,+,"","",deletion,1012,725,1,FALSE
nlgn4a,120,137,18,+,"","",deletion,1013,725,1,FALSE
nlgn4a,120,137,18,+,"","",deletion,1014,725,1,FALSE
nlgn4a,120,137,18,+,"","",deletion,1015,725,1,FALSE
nlgn4a,120,137,18,+,"","",deletion,1016,725,1,FALSE
nlgn4a,120,137,18,+,"","",deletion,1017,725,1,FALSE
nlgn4a,120,137,18,+,"","",deletion,1018,725,1,FALSE
nlgn4a,120,137,18,+,"","",deletion,1019,725,1,FALSE
nlgn4a,120,137,18,+,"","",deletion,1020,725,1,FALSE
nlgn4a,120,137,18,+,"","",deletion,1021,725,1,FALSE
nlgn4a,120,137,18,+,"","",deletion,1022,725,1,FALSE
nlgn4a,120,137,18,+,"","",deletion,1023,725,1,FALSE
nlgn4a,120,137,18,+,"","",deletion,1024,725,1,FALSE
nlgn4a,120,137,18,+,"","",deletion,1025,725,1,FALSE
nlgn4a,120,137,18,+,"","",deletion,1026,725,1,FALSE
nlgn4a,120,137,18,+,"","",deletion,1027,725,1,FALSE
nlgn4a,120,137,18,+,"","",deletion,1028,725,1,FALSE
nlgn4a,120,137,18,+,"","",deletion,1029,725,1,FALSE
nlgn4a,120,137,18,+,"","",deletion,1030,725,1,FALSE
nlgn4a,120,137,18,+,"","",deletion,1031,725,1,FALSE
nlgn4a,120,137,18,+,"","",deletion,1032,725,1,FALSE
nlgn4a,120,137,18,+,"","",deletion,1033,725,1,FALSE
nlgn4a,120,137,18,+,"","",deletion,1034,725,1,FALSE
nlgn4a,120,137,18,+,"","",deletion,1035,725,1,FALSE
nlgn4a,120,137,18,+,"","",deletion,1036,725,1,FALSE
nlgn4a,120,137,18,+,"","",deletion,1037,725,1,FALSE
nlgn4a,120,137,18,+,"","",deletion,1038,725,1,FALSE
nlgn4a,120,137,18,+,"","",deletion,1039,725,1,FALSE
nlgn4a,120,137,18,+,"","",deletion,1040,725,1,FALSE
nlgn4a,120,137,18,+,"","",deletion,1041,725,1,FALSE
nlgn4a,120,137,18,+,"","",deletion,1042,725,1,FALSE
nlgn4a,120,137,18,+,"","",deletion,1043,725,1,FALSE
nlgn4a,120,137,18,+,"","",deletion,1044,725,1,FALSE
nlgn4a,120,137,18,+,"","",deletion,1045,725,1,FALSE
nlgn4a,120,137,18,+,"","",deletion,1046,725,1,FALSE
nlgn4a,120,137,18,+,"","",deletion,1047,725,1,FALSE
nlgn4a,120,137,18,+,"","",deletion,1048,725,1,FALSE
nlgn4a,120,137,18,+,"","",deletion,1049,725,1,FALSE
nlgn4a,120,137,18,+,"","",deletion,1050,725,1,FALSE
nlgn4a,120,137,18,+,"","",deletion,1051,725,1,FALSE
nlgn4a,120,137,18,+,"","",deletion,1052,725,1,FALSE
nlgn4a,120,137,18,+,"","",deletion,1053,725,1,FALSE
nlgn4a,120,137,18,+,"","",deletion,1054,725,1,FALSE
nlgn4a,120,137,18,+,"","",deletion,1055,725,1,FALSE
nlgn4a,120,137,18,+,"","",deletion,1056,725,1,FALSE
nlgn4a,120,137,18,+,"","",deletion,1057,725,1,FALSE
nlgn4a,120,137,18,+,"","",deletion,1058,725,1,FALSE
nlgn4a,120,137,18,+,"","",deletion,1059,725,1,FALSE
nlgn4a,120,137,18,+,"","",deletion,1060,725,1,FALSE
nlgn4a,120,137,18,+,"","",deletion,1061,725,1,FALSE
nlgn4a,120,137,18,+,"","",deletion,1062,725,1,FALSE
nlgn4a,120,137,18,+,"","",deletion,1063,725,1,FALSE
nlgn4a,120,137,18,+,"","",deletion,1064,725,1,FALSE
nlgn4a,120,137,18,+,"","",deletion,1065,725,1,FALSE
nlgn4a,120,137,18,+,"","",deletion,1066,725,1,FALSE
nlgn4a,120,137,18,+,"","",deletion,1067,725,1,FALSE
nlgn4a,120,137,18,+,"","",deletion,1068,725,1,FALSE
nlgn4a,120,137,18,+,"","",deletion,1069,725,1,FALSE
nlgn4a,120,137,18,+,"","",deletion,1070,725,1,FALSE
nlgn4a,120,137,18,+,"","",deletion,1071,725,1,FALSE
nlgn4a,120,137,18,+,"","",deletion,1072,725,1,FALSE
nlgn4a,120,137,18,+,"","",deletion,1073,725,1,FALSE
nlgn4a,120,137,18,+,"","",deletion,1074,725,1,FALSE
nlgn4a,120,137,18,+,"","",deletion,1075,725,1,FALSE
nlgn4a,120,137,18,+,"","",deletion,1076,725,1,FALSE
nlgn4a,120,137,18,+,"","",deletion,1077,716,1,FALSE
nlgn4a,120,137,18,+,"","",deletion,1078,716,1,FALSE
nlgn4a,120,137,18,+,"","",deletion,1079,716,1,FALSE
nlgn4a,120,137,18,+,"","",deletion,1080,716,1,FALSE
nlgn4a,120,137,18,+,"","",deletion,1081,716,1,FALSE
nlgn4a,120,137,18,+,"","",deletion,1082,716,1,FALSE
nlgn4a,120,137,18,+,"","",deletion,1083,716,1,FALSE
nlgn4a,120,137,18,+,"","",deletion,1084,716,1,FALSE
nlgn4a,120,137,18,+,"","",deletion,1085,716,1,FALSE
nlgn4a,120,137,18,+,"","",deletion,1086,707,1,FALSE
nlgn4a,120,137,18,+,"","",deletion,1087,716,1,FALSE
nlgn4a,120,137,18,+,"","",deletion,1088,716,1,FALSE
nlgn4a,120,137,18,+,"","",deletion,1089,716,1,FALSE
nlgn4a,123,138,16,+,"","",deletion,1090,716,1,FALSE
nlgn4a,128,147,20,+,"","",deletion,1091,716,1,FALSE
nlgn4a,123,138,16,+,"","",deletion,1092,716,1,FALSE
nlgn4a,123,138,16,+,"","",deletion,1093,716,1,FALSE
nlgn4a,123,138,16,+,"","",deletion,1094,716,1,FALSE
nlgn4a,128,147,20,+,"","",deletion,1095,716,1,FALSE
nlgn4a,128,147,20,+,"","",deletion,1096,707,1,FALSE
nlgn4a,128,147,20,+,"","",deletion,1097,716,1,FALSE
nlgn4a,128,147,20,+,"","",deletion,1099,716,1,FALSE
nlgn4a,128,147,20,+,"","",deletion,1100,716,1,FALSE
nlgn4a,128,147,20,+,"","",deletion,1101,716,1,FALSE
nlgn4a,128,147,20,+,"","",deletion,1102,716,1,FALSE
nlgn4a,128,147,20,+,"","",deletion,1103,716,1,FALSE
nlgn4a,128,147,20,+,"","",deletion,1104,716,1,FALSE
nlgn4a,128,147,20,+,"","",deletion,1105,716,1,FALSE
nlgn4a,128,147,20,+,"","",deletion,1106,716,1,FALSE
nlgn4a,128,147,20,+,"","",deletion,1107,725,1,FALSE
nlgn4a,128,147,20,+,"","",deletion,1108,725,1,FALSE
nlgn4a,128,147,20,+,"","",deletion,1109,725,1,FALSE
nlgn4a,128,147,20,+,"","",deletion,1110,725,1,FALSE
nlgn4a,128,147,20,+,"","",deletion,1111,725,1,FALSE
nlgn4a,128,147,20,+,"","",deletion,1112,725,1,FALSE
nlgn4a,128,147,20,+,"","",deletion,1113,725,1,FALSE
nlgn4a,128,147,20,+,"","",deletion,1114,725,1,FALSE
nlgn4a,128,147,20,+,"","",deletion,1115,725,1,FALSE
nlgn4a,128,147,20,+,"","",deletion,1116,725,1,FALSE
nlgn4a,128,147,20,+,"","",deletion,1117,725,1,FALSE
nlgn4a,128,147,20,+,"","",deletion,1118,725,1,FALSE
nlgn4a,128,147,20,+,"","",deletion,1119,725,1,FALSE
nlgn4a,128,147,20,+,"","",deletion,1120,725,1,FALSE
nlgn4a,128,147,20,+,"","",deletion,1121,725,1,FALSE
nlgn4a,128,147,20,+,"","",deletion,1122,725,1,FALSE
nlgn4a,128,147,20,+,"","",deletion,1123,725,1,FALSE
nlgn4a,128,147,20,+,"","",deletion,1124,725,1,FALSE
nlgn4a,128,147,20,+,"","",deletion,1125,725,1,FALSE
nlgn4a,128,147,20,+,"","",deletion,1126,725,1,FALSE
nlgn4a,128,147,20,+,"","",deletion,1127,725,1,FALSE
nlgn4a,128,147,20,+,"","",deletion,1128,725,1,FALSE
nlgn4a,128,147,20,+,"","",deletion,1129,725,1,FALSE
nlgn4a,128,147,20,+,"","",deletion,1130,725,1,FALSE
nlgn4a,128,147,20,+,"","",deletion,1131,725,1,FALSE
nlgn4a,128,147,20,+,"","",deletion,1132,725,1,FALSE
nlgn4a,128,147,20,+,"","",deletion,1133,725,1,FALSE
nlgn4a,128,147,20,+,"","",deletion,1134,725,1,FALSE
nlgn4a,128,147,20,+,"","",deletion,1135,725,1,FALSE
nlgn4a,128,147,20,+,"","",deletion,1136,725,1,FALSE
nlgn4a,128,147,20,+,"","",deletion,1137,725,1,FALSE
nlgn4a,128,147,20,+,"","",deletion,1138,725,1,FALSE
nlgn4a,128,147,20,+,"","",deletion,1139,725,1,FALSE
nlgn4a,128,147,20,+,"","",deletion,1140,725,1,FALSE
nlgn4a,128,147,20,+,"","",deletion,1141,725,1,FALSE
nlgn4a,128,147,20,+,"","",deletion,1142,725,1,FALSE
nlgn4a,128,147,20,+,"","",deletion,1143,725,1,FALSE
nlgn4a,128,147,20,+,"","",deletion,1144,725,1,FALSE
nlgn4a,128,147,20,+,"","",deletion,1145,725,1,FALSE
nlgn4a,128,147,20,+,"","",deletion,1146,725,1,FALSE
nlgn4a,128,147,20,+,"","",deletion,1147,725,1,FALSE
nlgn4a,128,147,20,+,"","",deletion,1148,725,1,FALSE
nlgn4a,128,147,20,+,"","",deletion,1149,725,1,FALSE
nlgn4a,128,147,20,+,"","",deletion,1150,725,1,FALSE
nlgn4a,128,147,20,+,"","",deletion,1151,725,1,FALSE
nlgn4a,128,147,20,+,"","",deletion,1152,725,1,FALSE
nlgn4a,128,147,20,+,"","",deletion,1153,725,1,FALSE
nlgn4a,128,147,20,+,"","",deletion,1154,725,1,FALSE
nlgn4a,128,147,20,+,"","",deletion,1155,725,1,FALSE
nlgn4a,128,147,20,+,"","",deletion,1156,725,1,FALSE
nlgn4a,128,147,20,+,"","",deletion,1157,725,1,FALSE
nlgn4a,128,147,20,+,"","",deletion,1158,725,1,FALSE
nlgn4a,128,147,20,+,"","",deletion,1159,725,1,FALSE
nlgn4a,128,147,20,+,"","",deletion,1160,725,1,FALSE
nlgn4a,128,147,20,+,"","",deletion,1161,725,1,FALSE
nlgn4a,128,147,20,+,"","",deletion,1162,725,1,FALSE
nlgn4a,128,147,20,+,"","",deletion,1163,725,1,FALSE
nlgn4a,128,147,20,+,"","",deletion,1164,725,1,FALSE
nlgn4a,128,147,20,+,"","",deletion,1165,725,1,FALSE
nlgn4a,128,147,20,+,"","",deletion,1166,725,1,FALSE
nlgn4a,128,147,20,+,"","",deletion,1167,725,1,FALSE
nlgn4a,128,147,20,+,"","",deletion,1168,725,1,FALSE
nlgn4a,128,147,20,+,"","",deletion,1169,725,1,FALSE
nlgn4a,128,147,20,+,"","",deletion,1170,725,1,FALSE
nlgn4a,128,147,20,+,"","",deletion,1171,725,1,FALSE
nlgn4a,128,147,20,+,"","",deletion,1172,725,1,FALSE
nlgn4a,128,147,20,+,"","",deletion,1173,725,1,FALSE
nlgn4a,128,147,20,+,"","",deletion,1174,725,1,FALSE
nlgn4a,128,147,20,+,"","",deletion,1175,725,1,FALSE
nlgn4a,128,147,20,+,"","",deletion,1176,725,1,FALSE
nlgn4a,128,147,20,+,"","",deletion,1177,725,1,FALSE
nlgn4a,128,147,20,+,"","",deletion,1178,725,1,FALSE
nlgn4a,128,147,20,+,"","",deletion,1179,725,1,FALSE
nlgn4a,128,147,20,+,"","",deletion,1180,725,1,FALSE
nlgn4a,128,147,20,+,"","",deletion,1181,725,1,FALSE
nlgn4a,128,147,20,+,"","",deletion,1182,725,1,FALSE
nlgn4a,128,147,20,+,"","",deletion,1183,725,1,FALSE
nlgn4a,128,147,20,+,"","",deletion,1184,725,1,FALSE
nlgn4a,128,147,20,+,"","",deletion,1185,725,1,FALSE
nlgn4a,128,147,20,+,"","",deletion,1186,725,1,FALSE
nlgn4a,128,147,20,+,"","",deletion,1187,725,1,FALSE
nlgn4a,128,147,20,+,"","",deletion,1188,725,1,FALSE
nlgn4a,128,147,20,+,"","",deletion,1189,725,1,FALSE
nlgn4a,128,147,20,+,"","",deletion,1190,725,1,FALSE
nlgn4a,128,147,20,+,"","",deletion,1191,725,1,FALSE
nlgn4a,128,147,20,+,"","",deletion,1192,725,1,FALSE
nlgn4a,128,147,20,+,"","",deletion,1193,725,1,FALSE
nlgn4a,128,147,20,+,"","",deletion,1194,725,1,FALSE
nlgn4a,128,147,20,+,"","",deletion,1195,725,1,FALSE
nlgn4a,128,147,20,+,"","",deletion,1196,725,1,FALSE
nlgn4a,128,147,20,+,"","",deletion,1197,725,1,FALSE
nlgn4a,128,147,20,+,"","",deletion,1198,725,1,FALSE
nlgn4a,128,147,20,+,"","",deletion,1199,725,1,FALSE
nlgn4a,128,147,20,+,"","",deletion,1200,725,1,FALSE
nlgn4a,128,147,20,+,"","",deletion,1201,725,1,FALSE
nlgn4a,128,147,20,+,"","",deletion,1202,725,1,FALSE
nlgn4a,128,147,20,+,"","",deletion,1203,725,1,FALSE
nlgn4a,128,147,20,+,"","",deletion,1204,725,1,FALSE
nlgn4a,128,147,20,+,"","",deletion,1205,725,1,FALSE
nlgn4a,128,147,20,+,"","",deletion,1206,725,1,FALSE
nlgn4a,128,147,20,+,"","",deletion,1207,725,1,FALSE
nlgn4a,128,147,20,+,"","",deletion,1208,725,1,FALSE
nlgn4a,128,147,20,+,"","",deletion,1209,725,1,FALSE
nlgn4a,128,147,20,+,"","",deletion,1210,725,1,FALSE
nlgn4a,128,147,20,+,"","",deletion,1211,725,1,FALSE
nlgn4a,128,147,20,+,"","",deletion,1212,725,1,FALSE
nlgn4a,128,147,20,+,"","",deletion,1213,725,1,FALSE
nlgn4a,128,147,20,+,"","",deletion,1214,725,1,FALSE
nlgn4a,128,147,20,+,"","",deletion,1215,725,1,FALSE
nlgn4a,128,147,20,+,"","",deletion,1216,725,1,FALSE
nlgn4a,128,147,20,+,"","",deletion,1217,725,1,FALSE
nlgn4a,128,147,20,+,"","",deletion,1218,725,1,FALSE
nlgn4a,128,147,20,+,"","",deletion,1219,725,1,FALSE
nlgn4a,128,147,20,+,"","",deletion,1220,725,1,FALSE
nlgn4a,128,147,20,+,"","",deletion,1221,725,1,FALSE
nlgn4a,128,147,20,+,"","",deletion,1222,725,1,FALSE
nlgn4a,128,147,20,+,"","",deletion,1223,725,1,FALSE
nlgn4a,128,147,20,+,"","",deletion,1224,725,1,FALSE
nlgn4a,128,147,20,+,"","",deletion,1225,725,1,FALSE
nlgn4a,128,147,20,+,"","",deletion,1226,725,1,FALSE
nlgn4a,128,147,20,+,"","",deletion,1227,725,1,FALSE
nlgn4a,128,147,20,+,"","",deletion,1228,716,1,FALSE
nlgn4a,128,147,20,+,"","",deletion,1229,716,1,FALSE
nlgn4a,128,147,20,+,"","",deletion,1230,716,1,FALSE
nlgn4a,128,147,20,+,"","",deletion,1231,716,1,FALSE
nlgn4a,128,147,20,+,"","",deletion,1232,716,1,FALSE
nlgn4a,128,147,20,+,"","",deletion,1233,716,1,FALSE
nlgn4a,128,147,20,+,"","",deletion,1234,716,1,FALSE
nlgn4a,128,147,20,+,"","",deletion,1235,707,1,FALSE
nlgn4a,128,147,20,+,"","",deletion,1236,716,1,FALSE
nlgn4a,123,138,16,+,"","",deletion,1387,716,1,FALSE
nlgn4a,123,138,16,+,"","",deletion,1388,716,1,FALSE
nlgn4a,123,138,16,+,"","",deletion,1389,716,1,FALSE
nlgn4a,123,138,16,+,"","",deletion,1390,707,1,FALSE
nlgn4a,123,138,16,+,"","",deletion,1391,716,1,FALSE
nlgn4a,123,138,16,+,"","",deletion,1392,716,1,FALSE
nlgn4a,123,138,16,+,"","",deletion,1393,716,1,FALSE
nlgn4a,123,138,16,+,"","",deletion,1394,716,1,FALSE
nlgn4a,123,138,16,+,"","",deletion,1395,716,1,FALSE
nlgn4a,123,138,16,+,"","",deletion,1396,716,1,FALSE
nlgn4a,123,138,16,+,"","",deletion,1397,716,1,FALSE
nlgn4a,123,138,16,+,"","",deletion,1398,716,1,FALSE
nlgn4a,123,138,16,+,"","",deletion,1399,716,1,FALSE
nlgn4a,123,138,16,+,"","",deletion,1400,716,1,FALSE
nlgn4a,123,138,16,+,"","",deletion,1401,725,1,FALSE
nlgn4a,123,138,16,+,"","",deletion,1402,725,1,FALSE
nlgn4a,123,138,16,+,"","",deletion,1403,725,1,FALSE
nlgn4a,123,138,16,+,"","",deletion,1404,725,1,FALSE
nlgn4a,123,138,16,+,"","",deletion,1405,725,1,FALSE
nlgn4a,123,138,16,+,"","",deletion,1406,725,1,FALSE
nlgn4a,123,138,16,+,"","",deletion,1407,725,1,FALSE
nlgn4a,123,138,16,+,"","",deletion,1408,725,1,FALSE
nlgn4a,123,138,16,+,"","",deletion,1409,725,1,FALSE
nlgn4a,123,138,16,+,"","",deletion,1410,725,1,FALSE
nlgn4a,123,138,16,+,"","",deletion,1411,725,1,FALSE
nlgn4a,123,138,16,+,"","",deletion,1412,725,1,FALSE
nlgn4a,123,138,16,+,"","",deletion,1413,725,1,FALSE
nlgn4a,123,138,16,+,"","",deletion,1414,725,1,FALSE
nlgn4a,123,138,16,+,"","",deletion,1415,725,1,FALSE
nlgn4a,123,138,16,+,"","",deletion,1416,725,1,FALSE
nlgn4a,123,138,16,+,"","",deletion,1417,725,1,FALSE
nlgn4a,123,138,16,+,"","",deletion,1418,725,1,FALSE
nlgn4a,123,138,16,+,"","",deletion,1419,725,1,FALSE
nlgn4a,123,138,16,+,"","",deletion,1420,725,1,FALSE
nlgn4a,123,138,16,+,"","",deletion,1421,725,1,FALSE
nlgn4a,123,138,16,+,"","",deletion,1422,725,1,FALSE
nlgn4a,123,138,16,+,"","",deletion,1423,725,1,FALSE
nlgn4a,123,138,16,+,"","",deletion,1424,725,1,FALSE
nlgn4a,123,138,16,+,"","",deletion,1425,725,1,FALSE
nlgn4a,123,138,16,+,"","",deletion,1426,725,1,FALSE
nlgn4a,123,138,16,+,"","",deletion,1427,725,1,FALSE
nlgn4a,123,138,16,+,"","",deletion,1428,725,1,FALSE
nlgn4a,123,138,16,+,"","",deletion,1429,725,1,FALSE
nlgn4a,123,138,16,+,"","",deletion,1430,725,1,FALSE
nlgn4a,123,138,16,+,"","",deletion,1431,725,1,FALSE
nlgn4a,123,138,16,+,"","",deletion,1432,725,1,FALSE
nlgn4a,123,138,16,+,"","",deletion,1433,725,1,FALSE
nlgn4a,123,138,16,+,"","",deletion,1434,725,1,FALSE
nlgn4a,123,138,16,+,"","",deletion,1435,725,1,FALSE
nlgn4a,123,138,16,+,"","",deletion,1436,725,1,FALSE
nlgn4a,123,138,16,+,"","",deletion,1437,725,1,FALSE
nlgn4a,123,138,16,+,"","",deletion,1438,725,1,FALSE
nlgn4a,123,138,16,+,"","",deletion,1439,725,1,FALSE
nlgn4a,123,138,16,+,"","",deletion,1440,725,1,FALSE
nlgn4a,123,138,16,+,"","",deletion,1441,725,1,FALSE
nlgn4a,123,138,16,+,"","",deletion,1442,725,1,FALSE
nlgn4a,123,138,16,+,"","",deletion,1443,725,1,FALSE
nlgn4a,123,138,16,+,"","",deletion,1444,725,1,FALSE
nlgn4a,123,138,16,+,"","",deletion,1445,725,1,FALSE
nlgn4a,123,138,16,+,"","",deletion,1446,725,1,FALSE
nlgn4a,123,138,16,+,"","",deletion,1447,725,1,FALSE
nlgn4a,123,138,16,+,"","",deletion,1448,725,1,FALSE
nlgn4a,123,138,16,+,"","",deletion,1449,725,1,FALSE
nlgn4a,123,138,16,+,"","",deletion,1450,725,1,FALSE
nlgn4a,123,138,16,+,"","",deletion,1451,725,1,FALSE
nlgn4a,123,138,16,+,"","",deletion,1452,725,1,FALSE
nlgn4a,123,138,16,+,"","",deletion,1453,725,1,FALSE
nlgn4a,123,138,16,+,"","",deletion,1454,725,1,FALSE
nlgn4a,123,138,16,+,"","",deletion,1455,725,1,FALSE
nlgn4a,123,138,16,+,"","",deletion,1456,725,1,FALSE
nlgn4a,123,138,16,+,"","",deletion,1457,725,1,FALSE
nlgn4a,123,138,16,+,"","",deletion,1458,725,1,FALSE
nlgn4a,123,138,16,+,"","",deletion,1459,725,1,FALSE
nlgn4a,123,138,16,+,"","",deletion,1460,725,1,FALSE
nlgn4a,123,138,16,+,"","",deletion,1461,725,1,FALSE
nlgn4a,123,138,16,+,"","",deletion,1462,725,1,FALSE
nlgn4a,123,138,16,+,"","",deletion,1463,725,1,FALSE
nlgn4a,123,138,16,+,"","",deletion,1464,725,1,FALSE
nlgn4a,123,138,16,+,"","",deletion,1465,725,1,FALSE
nlgn4a,123,138,16,+,"","",deletion,1466,725,1,FALSE
nlgn4a,123,138,16,+,"","",deletion,1467,725,1,FALSE
nlgn4a,123,138,16,+,"","",deletion,1468,725,1,FALSE
nlgn4a,123,138,16,+,"","",deletion,1469,725,1,FALSE
nlgn4a,123,138,16,+,"","",deletion,1470,725,1,FALSE
nlgn4a,123,138,16,+,"","",deletion,1471,725,1,FALSE
nlgn4a,123,138,16,+,"","",deletion,1472,725,1,FALSE
nlgn4a,123,138,16,+,"","",deletion,1473,725,1,FALSE
nlgn4a,123,138,16,+,"","",deletion,1474,725,1,FALSE
nlgn4a,123,138,16,+,"","",deletion,1475,725,1,FALSE
nlgn4a,123,138,16,+,"","",deletion,1476,725,1,FALSE
nlgn4a,123,138,16,+,"","",deletion,1477,725,1,FALSE
nlgn4a,123,138,16,+,"","",deletion,1478,725,1,FALSE
nlgn4a,123,138,16,+,"","",deletion,1479,725,1,FALSE
nlgn4a,123,138,16,+,"","",deletion,1480,725,1,FALSE
nlgn4a,123,138,16,+,"","",deletion,1481,725,1,FALSE
nlgn4a,123,138,16,+,"","",deletion,1482,725,1,FALSE
nlgn4a,123,138,16,+,"","",deletion,1483,725,1,FALSE
nlgn4a,123,138,16,+,"","",deletion,1484,725,1,FALSE
nlgn4a,123,138,16,+,"","",deletion,1485,725,1,FALSE
nlgn4a,123,138,16,+,"","",deletion,1486,725,1,FALSE
nlgn4a,123,138,16,+,"","",deletion,1487,725,1,FALSE
nlgn4a,123,138,16,+,"","",deletion,1488,725,1,FALSE
nlgn4a,123,138,16,+,"","",deletion,1489,725,1,FALSE
nlgn4a,123,138,16,+,"","",deletion,1490,725,1,FALSE
nlgn4a,123,138,16,+,"","",deletion,1491,725,1,FALSE
nlgn4a,123,138,16,+,"","",deletion,1492,725,1,FALSE
nlgn4a,123,138,16,+,"","",deletion,1493,725,1,FALSE
nlgn4a,123,138,16,+,"","",deletion,1494,725,1,FALSE
nlgn4a,123,138,16,+,"","",deletion,1495,725,1,FALSE
nlgn4a,123,138,16,+,"","",deletion,1496,725,1,FALSE
nlgn4a,123,138,16,+,"","",deletion,1497,725,1,FALSE
nlgn4a,123,138,16,+,"","",deletion,1498,725,1,FALSE
nlgn4a,123,138,16,+,"","",deletion,1499,725,1,FALSE
nlgn4a,123,138,16,+,"","",deletion,1500,725,1,FALSE
nlgn4a,123,138,16,+,"","",deletion,1501,725,1,FALSE
nlgn4a,123,138,16,+,"","",deletion,1502,725,1,FALSE
nlgn4a,123,138,16,+,"","",deletion,1503,725,1,FALSE
nlgn4a,123,138,16,+,"","",deletion,1504,725,1,FALSE
nlgn4a,123,138,16,+,"","",deletion,1505,725,1,FALSE
nlgn4a,123,138,16,+,"","",deletion,1506,725,1,FALSE
nlgn4a,123,138,16,+,"","",deletion,1507,725,1,FALSE
nlgn4a,123,138,16,+,"","",deletion,1508,725,1,FALSE
nlgn4a,123,138,16,+,"","",deletion,1509,725,1,FALSE
nlgn4a,123,138,16,+,"","",deletion,1510,725,1,FALSE
nlgn4a,123,138,16,+,"","",deletion,1511,725,1,FALSE
nlgn4a,123,138,16,+,"","",deletion,1512,725,1,FALSE
nlgn4a,123,138,16,+,"","",deletion,1513,725,1,FALSE
nlgn4a,123,138,16,+,"","",deletion,1514,725,1,FALSE
nlgn4a,123,138,16,+,"","",deletion,1515,725,1,FALSE
nlgn4a,123,138,16,+,"","",deletion,1516,725,1,FALSE
nlgn4a,123,138,16,+,"","",deletion,1517,725,1,FALSE
nlgn4a,123,138,16,+,"","",deletion,1518,725,1,FALSE
nlgn4a,123,138,16,+,"","",deletion,1519,725,1,FALSE
nlgn4a,123,138,16,+,"","",deletion,1520,725,1,FALSE
nlgn4a,123,138,16,+,"","",deletion,1521,725,1,FALSE
nlgn4a,123,138,16,+,"","",deletion,1522,725,1,FALSE
nlgn4a,123,138,16,+,"","",deletion,1523,725,1,FALSE
nlgn4a,123,138,16,+,"","",deletion,1524,725,1,FALSE
nlgn4a,123,138,16,+,"","",deletion,1525,725,1,FALSE
nlgn4a,123,138,16,+,"","",deletion,1526,725,1,FALSE
nlgn4a,123,138,16,+,"","",deletion,1527,725,1,FALSE
nlgn4a,123,138,16,+,"","",deletion,1528,725,1,FALSE
nlgn4a,123,138,16,+,"","",deletion,1529,725,1,FALSE
nlgn4a,123,138,16,+,"","",deletion,1530,725,1,FALSE
nlgn4a,123,138,16,+,"","",deletion,1531,725,1,FALSE
nlgn4a,123,138,16,+,"","",deletion,1532,725,1,FALSE
nlgn4a,123,138,16,+,"","",deletion,1533,725,1,FALSE
nlgn4a,123,138,16,+,"","",deletion,1534,725,1,FALSE
nlgn4a,123,138,16,+,"","",deletion,1535,725,1,FALSE
nlgn4a,123,138,16,+,"","",deletion,1536,725,1,FALSE
nlgn4a,123,138,16,+,"","",deletion,1537,725,1,FALSE
nlgn4a,123,138,16,+,"","",deletion,1538,725,1,FALSE
nlgn4a,123,138,16,+,"","",deletion,1539,725,1,FALSE
nlgn4a,123,138,16,+,"","",deletion,1540,725,1,FALSE
nlgn4a,123,138,16,+,"","",deletion,1541,725,1,FALSE
nlgn4a,123,138,16,+,"","",deletion,1542,725,1,FALSE
nlgn4a,123,138,16,+,"","",deletion,1543,725,1,FALSE
nlgn4a,123,138,16,+,"","",deletion,1544,725,1,FALSE
nlgn4a,123,138,16,+,"","",deletion,1545,725,1,FALSE
nlgn4a,123,138,16,+,"","",deletion,1546,725,1,FALSE
nlgn4a,123,138,16,+,"","",deletion,1547,725,1,FALSE
nlgn4a,123,138,16,+,"","",deletion,1548,725,1,FALSE
nlgn4a,123,138,16,+,"","",deletion,1549,725,1,FALSE
nlgn4a,123,138,16,+,"","",deletion,1550,725,1,FALSE
nlgn4a,123,138,16,+,"","",deletion,1551,725,1,FALSE
nlgn4a,123,138,16,+,"","",deletion,1552,725,1,FALSE
nlgn4a,123,138,16,+,"","",deletion,1553,725,1,FALSE
nlgn4a,123,138,16,+,"","",deletion,1554,725,1,FALSE
nlgn4a,123,138,16,+,"","",deletion,1555,725,1,FALSE
nlgn4a,123,138,16,+,"","",deletion,1556,725,1,FALSE
nlgn4a,123,138,16,+,"","",deletion,1557,725,1,FALSE
nlgn4a,123,138,16,+,"","",deletion,1558,725,1,FALSE
nlgn4a,123,138,16,+,"","",deletion,1559,725,1,FALSE
nlgn4a,123,138,16,+,"","",deletion,1560,725,1,FALSE
nlgn4a,123,138,16,+,"","",deletion,1561,725,1,FALSE
nlgn4a,123,138,16,+,"","",deletion,1562,725,1,FALSE
nlgn4a,123,138,16,+,"","",deletion,1563,725,1,FALSE
nlgn4a,123,138,16,+,"","",deletion,1564,725,1,FALSE
nlgn4a,123,138,16,+,"","",deletion,1565,725,1,FALSE
nlgn4a,123,138,16,+,"","",deletion,1566,725,1,FALSE
nlgn4a,123,138,16,+,"","",deletion,1567,725,1,FALSE
nlgn4a,123,138,16,+,"","",deletion,1568,725,1,FALSE
nlgn4a,123,138,16,+,"","",deletion,1569,716,1,FALSE
nlgn4a,123,138,16,+,"","",deletion,1570,716,1,FALSE
nlgn4a,123,138,16,+,"","",deletion,1571,716,1,FALSE
nlgn4a,123,138,16,+,"","",deletion,1572,716,1,FALSE
nlgn4a,123,138,16,+,"","",deletion,1573,716,1,FALSE
nlgn4a,123,138,16,+,"","",deletion,1574,716,1,FALSE
nlgn4a,123,138,16,+,"","",deletion,1575,716,1,FALSE
nlgn4a,123,138,16,+,"","",deletion,1576,716,1,FALSE
nlgn4a,123,138,16,+,"","",deletion,1577,716,1,FALSE
nlgn4a,123,138,16,+,"","",deletion,1578,716,1,FALSE
nlgn4a,123,138,16,+,"","",deletion,1579,716,1,FALSE
nlgn4a,123,138,16,+,"","",deletion,1580,716,1,FALSE
nlgn4a,128,147,20,+,"","",deletion,1582,716,1,FALSE
nlgn4a,128,147,20,+,"","",deletion,1583,716,1,FALSE
nlgn4a,123,138,16,+,"","",deletion,1586,716,1,FALSE
nlgn4a,120,137,18,+,"","",deletion,1587,716,1,FALSE
nlgn4a,128,147,20,+,"","",deletion,1588,716,1,FALSE
nlgn4a,120,137,18,+,"","",deletion,1589,716,1,FALSE
nlgn4a,119,183,65,+,"","",deletion,1590,716,1,FALSE
nlgn4a,120,137,18,+,"","",deletion,1592,716,1,FALSE
nlgn4a,112,151,40,+,"","",deletion,1593,716,1,FALSE
nlgn4a,111,150,40,+,"","",deletion,1594,716,1,FALSE
nlgn4a,111,150,40,+,"","",deletion,1595,716,1,FALSE
nlgn4a,111,150,40,+,"","",deletion,1596,716,1,FALSE
nlgn4a,111,150,40,+,"","",deletion,1597,716,1,FALSE
nlgn4a,111,150,40,+,"","",deletion,1598,716,1,FALSE
nlgn4a,111,150,40,+,"","",deletion,1599,716,1,FALSE
nlgn4a,111,150,40,+,"","",deletion,1600,716,1,FALSE
nlgn4a,111,150,40,+,"","",deletion,1601,716,1,FALSE
nlgn4a,111,150,40,+,"","",deletion,1602,716,1,FALSE
nlgn4a,111,150,40,+,"","",deletion,1603,725,1,FALSE
nlgn4a,111,150,40,+,"","",deletion,1604,725,1,FALSE
nlgn4a,111,150,40,+,"","",deletion,1605,725,1,FALSE
nlgn4a,111,150,40,+,"","",deletion,1606,725,1,FALSE
nlgn4a,111,150,40,+,"","",deletion,1607,725,1,FALSE
nlgn4a,111,150,40,+,"","",deletion,1608,725,1,FALSE
nlgn4a,111,150,40,+,"","",deletion,1609,725,1,FALSE
nlgn4a,111,150,40,+,"","",deletion,1610,725,1,FALSE
nlgn4a,111,150,40,+,"","",deletion,1611,725,1,FALSE
nlgn4a,111,150,40,+,"","",deletion,1612,725,1,FALSE
nlgn4a,111,150,40,+,"","",deletion,1613,725,1,FALSE
nlgn4a,111,150,40,+,"","",deletion,1614,725,1,FALSE
nlgn4a,111,150,40,+,"","",deletion,1615,725,1,FALSE
nlgn4a,111,150,40,+,"","",deletion,1616,725,1,FALSE
nlgn4a,111,150,40,+,"","",deletion,1617,725,1,FALSE
nlgn4a,111,150,40,+,"","",deletion,1618,725,1,FALSE
nlgn4a,111,150,40,+,"","",deletion,1619,725,1,FALSE
nlgn4a,111,150,40,+,"","",deletion,1620,725,1,FALSE
nlgn4a,111,150,40,+,"","",deletion,1621,725,1,FALSE
nlgn4a,111,150,40,+,"","",deletion,1622,725,1,FALSE
nlgn4a,111,150,40,+,"","",deletion,1623,725,1,FALSE
nlgn4a,111,150,40,+,"","",deletion,1624,725,1,FALSE
nlgn4a,111,150,40,+,"","",deletion,1625,725,1,FALSE
nlgn4a,111,150,40,+,"","",deletion,1626,725,1,FALSE
nlgn4a,111,150,40,+,"","",deletion,1627,725,1,FALSE
nlgn4a,111,150,40,+,"","",deletion,1628,725,1,FALSE
nlgn4a,111,150,40,+,"","",deletion,1629,725,1,FALSE
nlgn4a,111,150,40,+,"","",deletion,1630,725,1,FALSE
nlgn4a,111,150,40,+,"","",deletion,1631,725,1,FALSE
nlgn4a,111,150,40,+,"","",deletion,1632,725,1,FALSE
nlgn4a,111,150,40,+,"","",deletion,1633,725,1,FALSE
nlgn4a,111,150,40,+,"","",deletion,1634,725,1,FALSE
nlgn4a,111,150,40,+,"","",deletion,1635,725,1,FALSE
nlgn4a,111,150,40,+,"","",deletion,1636,725,1,FALSE
nlgn4a,111,150,40,+,"","",deletion,1637,725,1,FALSE
nlgn4a,111,150,40,+,"","",deletion,1638,725,1,FALSE
nlgn4a,111,150,40,+,"","",deletion,1639,725,1,FALSE
nlgn4a,111,150,40,+,"","",deletion,1640,725,1,FALSE
nlgn4a,111,150,40,+,"","",deletion,1641,725,1,FALSE
nlgn4a,111,150,40,+,"","",deletion,1642,725,1,FALSE
nlgn4a,111,150,40,+,"","",deletion,1643,725,1,FALSE
nlgn4a,111,150,40,+,"","",deletion,1644,725,1,FALSE
nlgn4a,111,150,40,+,"","",deletion,1645,725,1,FALSE
nlgn4a,111,150,40,+,"","",deletion,1646,725,1,FALSE
nlgn4a,111,150,40,+,"","",deletion,1647,725,1,FALSE
nlgn4a,111,150,40,+,"","",deletion,1648,725,1,FALSE
nlgn4a,111,150,40,+,"","",deletion,1649,725,1,FALSE
nlgn4a,111,150,40,+,"","",deletion,1650,725,1,FALSE
nlgn4a,111,150,40,+,"","",deletion,1651,725,1,FALSE
nlgn4a,111,150,40,+,"","",deletion,1652,725,1,FALSE
nlgn4a,111,150,40,+,"","",deletion,1653,725,1,FALSE
nlgn4a,111,150,40,+,"","",deletion,1654,725,1,FALSE
nlgn4a,111,150,40,+,"","",deletion,1655,725,1,FALSE
nlgn4a,111,150,40,+,"","",deletion,1656,725,1,FALSE
nlgn4a,111,150,40,+,"","",deletion,1657,725,1,FALSE
nlgn4a,111,150,40,+,"","",deletion,1658,725,1,FALSE
nlgn4a,111,150,40,+,"","",deletion,1659,725,1,FALSE
nlgn4a,111,150,40,+,"","",deletion,1660,725,1,FALSE
nlgn4a,111,150,40,+,"","",deletion,1661,725,1,FALSE
nlgn4a,111,150,40,+,"","",deletion,1662,725,1,FALSE
nlgn4a,111,150,40,+,"","",deletion,1663,725,1,FALSE
nlgn4a,111,150,40,+,"","",deletion,1664,725,1,FALSE
nlgn4a,111,150,40,+,"","",deletion,1665,725,1,FALSE
nlgn4a,111,150,40,+,"","",deletion,1666,725,1,FALSE
nlgn4a,111,150,40,+,"","",deletion,1667,725,1,FALSE
nlgn4a,111,150,40,+,"","",deletion,1668,725,1,FALSE
nlgn4a,111,150,40,+,"","",deletion,1669,725,1,FALSE
nlgn4a,111,150,40,+,"","",deletion,1670,725,1,FALSE
nlgn4a,111,150,40,+,"","",deletion,1671,725,1,FALSE
nlgn4a,111,150,40,+,"","",deletion,1672,725,1,FALSE
nlgn4a,111,150,40,+,"","",deletion,1673,725,1,FALSE
nlgn4a,111,150,40,+,"","",deletion,1674,725,1,FALSE
nlgn4a,111,150,40,+,"","",deletion,1675,725,1,FALSE
nlgn4a,111,150,40,+,"","",deletion,1676,725,1,FALSE
nlgn4a,111,150,40,+,"","",deletion,1677,725,1,FALSE
nlgn4a,111,150,40,+,"","",deletion,1678,725,1,FALSE
nlgn4a,111,150,40,+,"","",deletion,1679,725,1,FALSE
nlgn4a,111,150,40,+,"","",deletion,1680,725,1,FALSE
nlgn4a,111,150,40,+,"","",deletion,1681,725,1,FALSE
nlgn4a,111,150,40,+,"","",deletion,1682,725,1,FALSE
nlgn4a,111,150,40,+,"","",deletion,1683,725,1,FALSE
nlgn4a,111,150,40,+,"","",deletion,1684,725,1,FALSE
nlgn4a,111,150,40,+,"","",deletion,1685,725,1,FALSE
nlgn4a,111,150,40,+,"","",deletion,1686,725,1,FALSE
nlgn4a,111,150,40,+,"","",deletion,1687,725,1,FALSE
nlgn4a,111,150,40,+,"","",deletion,1688,725,1,FALSE
nlgn4a,111,150,40,+,"","",deletion,1689,725,1,FALSE
nlgn4a,111,150,40,+,"","",deletion,1690,725,1,FALSE
nlgn4a,111,150,40,+,"","",deletion,1691,725,1,FALSE
nlgn4a,111,150,40,+,"","",deletion,1692,725,1,FALSE
nlgn4a,111,150,40,+,"","",deletion,1693,725,1,FALSE
nlgn4a,111,150,40,+,"","",deletion,1694,725,1,FALSE
nlgn4a,111,150,40,+,"","",deletion,1695,725,1,FALSE
nlgn4a,111,150,40,+,"","",deletion,1696,725,1,FALSE
nlgn4a,111,150,40,+,"","",deletion,1697,725,1,FALSE
nlgn4a,111,150,40,+,"","",deletion,1698,725,1,FALSE
nlgn4a,111,150,40,+,"","",deletion,1699,725,1,FALSE
nlgn4a,111,150,40,+,"","",deletion,1700,725,1,FALSE
nlgn4a,111,150,40,+,"","",deletion,1701,725,1,FALSE
nlgn4a,111,150,40,+,"","",deletion,1702,725,1,FALSE
nlgn4a,111,150,40,+,"","",deletion,1703,725,1,FALSE
nlgn4a,111,150,40,+,"","",deletion,1704,725,1,FALSE
nlgn4a,111,150,40,+,"","",deletion,1705,725,1,FALSE
nlgn4a,111,150,40,+,"","",deletion,1706,725,1,FALSE
nlgn4a,111,150,40,+,"","",deletion,1707,725,1,FALSE
nlgn4a,111,150,40,+,"","",deletion,1708,725,1,FALSE
nlgn4a,111,150,40,+,"","",deletion,1709,725,1,FALSE
nlgn4a,111,150,40,+,"","",deletion,1710,725,1,FALSE
nlgn4a,111,150,40,+,"","",deletion,1711,725,1,FALSE
nlgn4a,111,150,40,+,"","",deletion,1712,725,1,FALSE
nlgn4a,111,150,40,+,"","",deletion,1713,725,1,FALSE
nlgn4a,111,150,40,+,"","",deletion,1714,725,1,FALSE
nlgn4a,111,150,40,+,"","",deletion,1715,725,1,FALSE
nlgn4a,111,150,40,+,"","",deletion,1716,725,1,FALSE
nlgn4a,111,150,40,+,"","",deletion,1717,725,1,FALSE
nlgn4a,111,150,40,+,"","",deletion,1718,725,1,FALSE
nlgn4a,111,150,40,+,"","",deletion,1719,725,1,FALSE
nlgn4a,111,150,40,+,"","",deletion,1720,725,1,FALSE
nlgn4a,111,150,40,+,"","",deletion,1721,725,1,FALSE
nlgn4a,111,150,40,+,"","",deletion,1722,725,1,FALSE
nlgn4a,111,150,40,+,"","",deletion,1723,725,1,FALSE
nlgn4a,111,150,40,+,"","",deletion,1724,716,1,FALSE
nlgn4a,111,150,40,+,"","",deletion,1725,716,1,FALSE
nlgn4a,111,150,40,+,"","",deletion,1726,716,1,FALSE
nlgn4a,111,150,40,+,"","",deletion,1727,716,1,FALSE
nlgn4a,111,150,40,+,"","",deletion,1728,716,1,FALSE
nlgn4a,111,150,40,+,"","",deletion,1729,716,1,FALSE
nlgn4a,111,150,40,+,"","",deletion,1730,716,1,FALSE
nlgn4a,111,150,40,+,"","",deletion,1731,716,1,FALSE
nlgn4a,111,150,40,+,"","",deletion,1732,716,1,FALSE
nlgn4a,111,150,40,+,"","",deletion,1733,716,1,FALSE
nlgn4a,111,150,40,+,"","",deletion,1734,716,1,FALSE
nlgn4a,111,150,40,+,"","",deletion,1735,716,1,FALSE
nlgn4a,111,150,40,+,"","",deletion,1736,716,1,FALSE
nlgn4a,111,150,40,+,"","",deletion,1737,716,1,FALSE
nlgn4a,111,150,40,+,"","",deletion,1738,716,1,FALSE
nlgn4a,111,150,40,+,"","",deletion,1739,716,1,FALSE
nlgn4a,111,150,40,+,"","",deletion,1740,716,1,FALSE
nlgn4a,111,150,40,+,"","",deletion,1741,716,1,FALSE
nlgn4a,111,150,40,+,"","",deletion,1742,716,1,FALSE
nlgn4a,111,150,40,+,"","",deletion,1743,716,1,FALSE
nlgn4a,111,150,40,+,"","",deletion,1744,716,1,FALSE
nlgn4a,111,150,40,+,"","",deletion,1745,716,1,FALSE
nlgn4a,111,150,40,+,"","",deletion,1746,707,1,FALSE
nlgn4a,111,150,40,+,"","",deletion,1747,716,1,FALSE
nlgn4a,111,150,40,+,"","",deletion,1748,716,1,FALSE
nlgn4a,128,147,20,+,"","",deletion,1749,716,1,FALSE
nlgn4a,128,147,20,+,"","",deletion,1750,707,1,FALSE
nlgn4a,119,183,65,+,"","",deletion,1753,716,1,FALSE
nlgn4a,128,147,20,+,"","",deletion,1754,716,1,FALSE
nlgn4a,111,150,40,+,"","",deletion,1755,716,1,FALSE
nlgn4a,109,146,38,+,"","",deletion,1756,716,1,FALSE
nlgn4a,128,147,20,+,"","",deletion,1757,716,1,FALSE
nlgn4a,111,150,40,+,"","",deletion,1758,716,1,FALSE
nlgn4a,119,183,65,+,"","",deletion,1759,716,1,FALSE
nlgn4a,119,183,65,+,"","",deletion,1760,716,1,FALSE
nlgn4a,111,150,40,+,"","",deletion,1761,716,1,FALSE
nlgn4a,119,183,65,+,"","",deletion,1762,716,1,FALSE
nlgn4a,120,137,18,+,"","",deletion,1763,716,1,FALSE
nlgn4a,111,150,40,+,"","",deletion,1764,716,1,FALSE
nlgn4a,123,138,16,+,"","",deletion,1765,716,1,FALSE
nlgn4a,109,146,38,+,"","",deletion,1766,716,1,FALSE
nlgn4a,128,147,20,+,"","",deletion,1767,716,1,FALSE
nlgn4a,109,146,38,+,"","",deletion,1768,716,1,FALSE
nlgn4a,119,183,65,+,"","",deletion,1769,707,1,FALSE
nlgn4a,120,137,18,+,"","",deletion,1770,716,1,FALSE
nlgn4a,109,146,38,+,"","",deletion,1771,716,1,FALSE
nlgn4a,109,146,38,+,"","",deletion,1772,716,1,FALSE
nlgn4a,100,137,38,+,"","",deletion,1773,716,1,FALSE
nlgn4a,94,140,47,+,"","",deletion,1775,716,1,FALSE
nlgn4a,94,140,47,+,"","",deletion,1776,716,1,FALSE
nlgn4a,94,140,47,+,"","",deletion,1777,716,1,FALSE
nlgn4a,94,140,47,+,"","",deletion,1778,716,1,FALSE
nlgn4a,94,140,47,+,"","",deletion,1779,716,1,FALSE
nlgn4a,94,140,47,+,"","",deletion,1780,716,1,FALSE
nlgn4a,94,140,47,+,"","",deletion,1781,716,1,FALSE
nlgn4a,94,140,47,+,"","",deletion,1782,716,1,FALSE
nlgn4a,94,140,47,+,"","",deletion,1783,716,1,FALSE
nlgn4a,94,140,47,+,"","",deletion,1784,725,1,FALSE
nlgn4a,94,140,47,+,"","",deletion,1785,725,1,FALSE
nlgn4a,94,140,47,+,"","",deletion,1786,725,1,FALSE
nlgn4a,94,140,47,+,"","",deletion,1787,725,1,FALSE
nlgn4a,94,140,47,+,"","",deletion,1788,725,1,FALSE
nlgn4a,94,140,47,+,"","",deletion,1789,725,1,FALSE
nlgn4a,94,140,47,+,"","",deletion,1790,725,1,FALSE
nlgn4a,94,140,47,+,"","",deletion,1791,725,1,FALSE
nlgn4a,94,140,47,+,"","",deletion,1792,725,1,FALSE
nlgn4a,94,140,47,+,"","",deletion,1793,725,1,FALSE
nlgn4a,94,140,47,+,"","",deletion,1794,725,1,FALSE
nlgn4a,94,140,47,+,"","",deletion,1795,725,1,FALSE
nlgn4a,94,140,47,+,"","",deletion,1796,725,1,FALSE
nlgn4a,94,140,47,+,"","",deletion,1797,725,1,FALSE
nlgn4a,94,140,47,+,"","",deletion,1798,725,1,FALSE
nlgn4a,94,140,47,+,"","",deletion,1799,725,1,FALSE
nlgn4a,94,140,47,+,"","",deletion,1800,725,1,FALSE
nlgn4a,94,140,47,+,"","",deletion,1801,725,1,FALSE
nlgn4a,94,140,47,+,"","",deletion,1802,725,1,FALSE
nlgn4a,94,140,47,+,"","",deletion,1803,725,1,FALSE
nlgn4a,94,140,47,+,"","",deletion,1804,725,1,FALSE
nlgn4a,94,140,47,+,"","",deletion,1805,725,1,FALSE
nlgn4a,94,140,47,+,"","",deletion,1806,725,1,FALSE
nlgn4a,94,140,47,+,"","",deletion,1807,725,1,FALSE
nlgn4a,94,140,47,+,"","",deletion,1808,725,1,FALSE
nlgn4a,94,140,47,+,"","",deletion,1809,725,1,FALSE
nlgn4a,94,140,47,+,"","",deletion,1810,725,1,FALSE
nlgn4a,94,140,47,+,"","",deletion,1811,725,1,FALSE
nlgn4a,94,140,47,+,"","",deletion,1812,725,1,FALSE
nlgn4a,94,140,47,+,"","",deletion,1813,725,1,FALSE
nlgn4a,94,140,47,+,"","",deletion,1814,725,1,FALSE
nlgn4a,94,140,47,+,"","",deletion,1815,725,1,FALSE
nlgn4a,94,140,47,+,"","",deletion,1816,725,1,FALSE
nlgn4a,94,140,47,+,"","",deletion,1817,725,1,FALSE
nlgn4a,94,140,47,+,"","",deletion,1818,725,1,FALSE
nlgn4a,94,140,47,+,"","",deletion,1819,725,1,FALSE
nlgn4a,94,140,47,+,"","",deletion,1820,725,1,FALSE
nlgn4a,94,140,47,+,"","",deletion,1821,725,1,FALSE
nlgn4a,94,140,47,+,"","",deletion,1822,725,1,FALSE
nlgn4a,94,140,47,+,"","",deletion,1823,725,1,FALSE
nlgn4a,94,140,47,+,"","",deletion,1824,725,1,FALSE
nlgn4a,94,140,47,+,"","",deletion,1825,725,1,FALSE
nlgn4a,94,140,47,+,"","",deletion,1826,725,1,FALSE
nlgn4a,94,140,47,+,"","",deletion,1827,725,1,FALSE
nlgn4a,94,140,47,+,"","",deletion,1828,725,1,FALSE
nlgn4a,94,140,47,+,"","",deletion,1829,725,1,FALSE
nlgn4a,94,140,47,+,"","",deletion,1830,725,1,FALSE
nlgn4a,94,140,47,+,"","",deletion,1831,725,1,FALSE
nlgn4a,94,140,47,+,"","",deletion,1832,725,1,FALSE
nlgn4a,94,140,47,+,"","",deletion,1833,725,1,FALSE
nlgn4a,94,140,47,+,"","",deletion,1834,725,1,FALSE
nlgn4a,94,140,47,+,"","",deletion,1835,725,1,FALSE
nlgn4a,94,140,47,+,"","",deletion,1836,725,1,FALSE
nlgn4a,94,140,47,+,"","",deletion,1837,725,1,FALSE
nlgn4a,94,140,47,+,"","",deletion,1838,725,1,FALSE
nlgn4a,94,140,47,+,"","",deletion,1839,725,1,FALSE
nlgn4a,94,140,47,+,"","",deletion,1840,725,1,FALSE
nlgn4a,94,140,47,+,"","",deletion,1841,725,1,FALSE
nlgn4a,94,140,47,+,"","",deletion,1842,725,1,FALSE
nlgn4a,94,140,47,+,"","",deletion,1843,725,1,FALSE
nlgn4a,94,140,47,+,"","",deletion,1844,725,1,FALSE
nlgn4a,94,140,47,+,"","",deletion,1845,725,1,FALSE
nlgn4a,94,140,47,+,"","",deletion,1846,725,1,FALSE
nlgn4a,94,140,47,+,"","",deletion,1847,725,1,FALSE
nlgn4a,94,140,47,+,"","",deletion,1848,725,1,FALSE
nlgn4a,94,140,47,+,"","",deletion,1849,725,1,FALSE
nlgn4a,94,140,47,+,"","",deletion,1850,725,1,FALSE
nlgn4a,94,140,47,+,"","",deletion,1851,725,1,FALSE
nlgn4a,94,140,47,+,"","",deletion,1852,725,1,FALSE
nlgn4a,94,140,47,+,"","",deletion,1853,725,1,FALSE
nlgn4a,94,140,47,+,"","",deletion,1854,725,1,FALSE
nlgn4a,94,140,47,+,"","",deletion,1855,725,1,FALSE
nlgn4a,94,140,47,+,"","",deletion,1856,725,1,FALSE
nlgn4a,94,140,47,+,"","",deletion,1857,725,1,FALSE
nlgn4a,94,140,47,+,"","",deletion,1858,725,1,FALSE
nlgn4a,94,140,47,+,"","",deletion,1859,725,1,FALSE
nlgn4a,94,140,47,+,"","",deletion,1860,725,1,FALSE
nlgn4a,94,140,47,+,"","",deletion,1861,725,1,FALSE
nlgn4a,94,140,47,+,"","",deletion,1862,725,1,FALSE
nlgn4a,94,140,47,+,"","",deletion,1863,725,1,FALSE
nlgn4a,94,140,47,+,"","",deletion,1864,725,1,FALSE
nlgn4a,94,140,47,+,"","",deletion,1865,725,1,FALSE
nlgn4a,94,140,47,+,"","",deletion,1866,725,1,FALSE
nlgn4a,94,140,47,+,"","",deletion,1867,725,1,FALSE
nlgn4a,94,140,47,+,"","",deletion,1868,725,1,FALSE
nlgn4a,94,140,47,+,"","",deletion,1869,725,1,FALSE
nlgn4a,94,140,47,+,"","",deletion,1870,725,1,FALSE
nlgn4a,94,140,47,+,"","",deletion,1871,725,1,FALSE
nlgn4a,94,140,47,+,"","",deletion,1872,725,1,FALSE
nlgn4a,94,140,47,+,"","",deletion,1873,725,1,FALSE
nlgn4a,94,140,47,+,"","",deletion,1874,725,1,FALSE
nlgn4a,94,140,47,+,"","",deletion,1875,725,1,FALSE
nlgn4a,94,140,47,+,"","",deletion,1876,725,1,FALSE
nlgn4a,94,140,47,+,"","",deletion,1877,725,1,FALSE
nlgn4a,94,140,47,+,"","",deletion,1878,725,1,FALSE
nlgn4a,94,140,47,+,"","",deletion,1879,725,1,FALSE
nlgn4a,94,140,47,+,"","",deletion,1880,725,1,FALSE
nlgn4a,94,140,47,+,"","",deletion,1881,725,1,FALSE
nlgn4a,94,140,47,+,"","",deletion,1882,725,1,FALSE
nlgn4a,94,140,47,+,"","",deletion,1883,725,1,FALSE
nlgn4a,94,140,47,+,"","",deletion,1884,725,1,FALSE
nlgn4a,94,140,47,+,"","",deletion,1885,725,1,FALSE
nlgn4a,94,140,47,+,"","",deletion,1886,725,1,FALSE
nlgn4a,94,140,47,+,"","",deletion,1887,725,1,FALSE
nlgn4a,94,140,47,+,"","",deletion,1888,716,1,FALSE
nlgn4a,94,140,47,+,"","",deletion,1889,716,1,FALSE
nlgn4a,94,140,47,+,"","",deletion,1890,716,1,FALSE
nlgn4a,94,140,47,+,"","",deletion,1891,716,1,FALSE
nlgn4a,94,140,47,+,"","",deletion,1892,716,1,FALSE
nlgn4a,94,140,47,+,"","",deletion,1893,716,1,FALSE
nlgn4a,94,140,47,+,"","",deletion,1894,716,1,FALSE
nlgn4a,94,140,47,+,"","",deletion,1895,716,1,FALSE
nlgn4a,94,140,47,+,"","",deletion,1896,716,1,FALSE
nlgn4a,94,140,47,+,"","",deletion,1897,716,1,FALSE
nlgn4a,94,140,47,+,"","",deletion,1898,716,1,FALSE
nlgn4a,94,140,47,+,"","",deletion,1899,716,1,FALSE
nlgn4a,100,137,38,+,"","",deletion,1900,716,1,FALSE
nlgn4a,128,147,20,+,"","",deletion,1902,716,1,FALSE
nlgn4a,120,137,18,+,"","",deletion,1903,716,1,FALSE
nlgn4a,128,147,20,+,"","",deletion,1904,698,1,FALSE
nlgn4a,123,138,16,+,"","",deletion,1905,716,1,FALSE
nlgn4a,94,140,47,+,"","",deletion,1906,716,1,FALSE
nlgn4a,123,138,16,+,"","",deletion,1907,707,1,FALSE
nlgn4a,123,138,16,+,"","",deletion,1908,716,1,FALSE
nlgn4a,111,150,40,+,"","",deletion,1909,716,1,FALSE
nlgn4a,120,137,18,+,"","",deletion,1910,716,1,FALSE
nlgn4a,120,137,18,+,"","",deletion,1911,716,1,FALSE
nlgn4a,111,150,40,+,"","",deletion,1913,716,1,FALSE
nlgn4a,100,137,38,+,"","",deletion,1914,716,1,FALSE
nlgn4a,100,137,38,+,"","",deletion,1915,716,1,FALSE
nlgn4a,123,138,16,+,"","",deletion,1916,716,1,FALSE
nlgn4a,109,146,38,+,"","",deletion,1918,716,1,FALSE
nlgn4a,94,140,47,+,"","",deletion,1919,716,1,FALSE
nlgn4a,119,136,18,+,"","",deletion,1920,716,1,FALSE
nlgn4a,128,147,20,+,"","",deletion,1921,716,1,FALSE
nlgn4a,120,137,18,+,"","",deletion,1923,707,1,FALSE
nlgn4a,120,137,18,+,"","",deletion,1924,716,1,FALSE
nlgn4a,123,138,16,+,"","",deletion,1925,716,1,FALSE
nlgn4a,84,131,48,+,"","",deletion,1926,716,1,FALSE
nlgn4a,84,131,48,+,"","",deletion,1927,707,1,FALSE
nlgn4a,84,131,48,+,"","",deletion,1928,716,1,FALSE
nlgn4a,84,131,48,+,"","",deletion,1929,716,1,FALSE
nlgn4a,84,131,48,+,"","",deletion,1930,716,1,FALSE
nlgn4a,84,131,48,+,"","",deletion,1931,716,1,FALSE
nlgn4a,84,131,48,+,"","",deletion,1932,716,1,FALSE
nlgn4a,84,131,48,+,"","",deletion,1933,716,1,FALSE
nlgn4a,84,131,48,+,"","",deletion,1934,716,1,FALSE
nlgn4a,84,131,48,+,"","",deletion,1935,716,1,FALSE
nlgn4a,84,131,48,+,"","",deletion,1936,716,1,FALSE
nlgn4a,84,131,48,+,"","",deletion,1937,707,1,FALSE
nlgn4a,84,131,48,+,"","",deletion,1938,716,1,FALSE
nlgn4a,84,131,48,+,"","",deletion,1939,716,1,FALSE
nlgn4a,84,131,48,+,"","",deletion,1940,716,1,FALSE
nlgn4a,84,131,48,+,"","",deletion,1941,716,1,FALSE
nlgn4a,84,131,48,+,"","",deletion,1942,716,1,FALSE
nlgn4a,84,131,48,+,"","",deletion,1943,716,1,FALSE
nlgn4a,84,131,48,+,"","",deletion,1944,716,1,FALSE
nlgn4a,84,131,48,+,"","",deletion,1945,716,1,FALSE
nlgn4a,84,131,48,+,"","",deletion,1946,716,1,FALSE
nlgn4a,84,131,48,+,"","",deletion,1947,716,1,FALSE
nlgn4a,84,131,48,+,"","",deletion,1948,725,1,FALSE
nlgn4a,84,131,48,+,"","",deletion,1949,725,1,FALSE
nlgn4a,84,131,48,+,"","",deletion,1950,725,1,FALSE
nlgn4a,84,131,48,+,"","",deletion,1951,725,1,FALSE
nlgn4a,84,131,48,+,"","",deletion,1952,725,1,FALSE
nlgn4a,84,131,48,+,"","",deletion,1953,725,1,FALSE
nlgn4a,84,131,48,+,"","",deletion,1954,725,1,FALSE
nlgn4a,84,131,48,+,"","",deletion,1955,725,1,FALSE
nlgn4a,84,131,48,+,"","",deletion,1956,725,1,FALSE
nlgn4a,84,131,48,+,"","",deletion,1957,725,1,FALSE
nlgn4a,84,131,48,+,"","",deletion,1958,725,1,FALSE
nlgn4a,84,131,48,+,"","",deletion,1959,725,1,FALSE
nlgn4a,84,131,48,+,"","",deletion,1960,725,1,FALSE
nlgn4a,84,131,48,+,"","",deletion,1961,725,1,FALSE
nlgn4a,84,131,48,+,"","",deletion,1962,725,1,FALSE
nlgn4a,84,131,48,+,"","",deletion,1963,725,1,FALSE
nlgn4a,84,131,48,+,"","",deletion,1964,725,1,FALSE
nlgn4a,84,131,48,+,"","",deletion,1965,725,1,FALSE
nlgn4a,84,131,48,+,"","",deletion,1966,725,1,FALSE
nlgn4a,84,131,48,+,"","",deletion,1967,725,1,FALSE
nlgn4a,84,131,48,+,"","",deletion,1968,725,1,FALSE
nlgn4a,84,131,48,+,"","",deletion,1969,725,1,FALSE
nlgn4a,84,131,48,+,"","",deletion,1970,725,1,FALSE
nlgn4a,84,131,48,+,"","",deletion,1971,725,1,FALSE
nlgn4a,84,131,48,+,"","",deletion,1972,725,1,FALSE
nlgn4a,84,131,48,+,"","",deletion,1973,725,1,FALSE
nlgn4a,84,131,48,+,"","",deletion,1974,725,1,FALSE
nlgn4a,84,131,48,+,"","",deletion,1975,725,1,FALSE
nlgn4a,84,131,48,+,"","",deletion,1976,725,1,FALSE
nlgn4a,84,131,48,+,"","",deletion,1977,725,1,FALSE
nlgn4a,84,131,48,+,"","",deletion,1978,725,1,FALSE
nlgn4a,84,131,48,+,"","",deletion,1979,725,1,FALSE
nlgn4a,84,131,48,+,"","",deletion,1980,725,1,FALSE
nlgn4a,84,131,48,+,"","",deletion,1981,725,1,FALSE
nlgn4a,84,131,48,+,"","",deletion,1982,725,1,FALSE
nlgn4a,84,131,48,+,"","",deletion,1983,725,1,FALSE
nlgn4a,84,131,48,+,"","",deletion,1984,725,1,FALSE
nlgn4a,84,131,48,+,"","",deletion,1985,725,1,FALSE
nlgn4a,84,131,48,+,"","",deletion,1986,725,1,FALSE
nlgn4a,84,131,48,+,"","",deletion,1987,725,1,FALSE
nlgn4a,84,131,48,+,"","",deletion,1988,725,1,FALSE
nlgn4a,84,131,48,+,"","",deletion,1989,725,1,FALSE
nlgn4a,84,131,48,+,"","",deletion,1990,725,1,FALSE
nlgn4a,84,131,48,+,"","",deletion,1991,725,1,FALSE
nlgn4a,84,131,48,+,"","",deletion,1992,725,1,FALSE
nlgn4a,84,131,48,+,"","",deletion,1993,725,1,FALSE
nlgn4a,84,131,48,+,"","",deletion,1994,725,1,FALSE
nlgn4a,84,131,48,+,"","",deletion,1995,725,1,FALSE
nlgn4a,84,131,48,+,"","",deletion,1996,725,1,FALSE
nlgn4a,84,131,48,+,"","",deletion,1997,725,1,FALSE
nlgn4a,84,131,48,+,"","",deletion,1998,725,1,FALSE
nlgn4a,84,131,48,+,"","",deletion,1999,725,1,FALSE
nlgn4a,84,131,48,+,"","",deletion,2000,725,1,FALSE
nlgn4a,84,131,48,+,"","",deletion,2001,725,1,FALSE
nlgn4a,84,131,48,+,"","",deletion,2002,725,1,FALSE
nlgn4a,84,131,48,+,"","",deletion,2003,725,1,FALSE
nlgn4a,84,131,48,+,"","",deletion,2004,725,1,FALSE
nlgn4a,84,131,48,+,"","",deletion,2005,725,1,FALSE
nlgn4a,84,131,48,+,"","",deletion,2006,725,1,FALSE
nlgn4a,84,131,48,+,"","",deletion,2007,725,1,FALSE
nlgn4a,84,131,48,+,"","",deletion,2008,725,1,FALSE
nlgn4a,84,131,48,+,"","",deletion,2009,725,1,FALSE
nlgn4a,84,131,48,+,"","",deletion,2010,725,1,FALSE
nlgn4a,84,131,48,+,"","",deletion,2011,725,1,FALSE
nlgn4a,84,131,48,+,"","",deletion,2012,725,1,FALSE
nlgn4a,84,131,48,+,"","",deletion,2013,725,1,FALSE
nlgn4a,84,131,48,+,"","",deletion,2014,725,1,FALSE
nlgn4a,84,131,48,+,"","",deletion,2015,725,1,FALSE
nlgn4a,84,131,48,+,"","",deletion,2016,725,1,FALSE
nlgn4a,84,131,48,+,"","",deletion,2017,725,1,FALSE
nlgn4a,84,131,48,+,"","",deletion,2018,725,1,FALSE
nlgn4a,84,131,48,+,"","",deletion,2019,725,1,FALSE
nlgn4a,84,131,48,+,"","",deletion,2020,725,1,FALSE
nlgn4a,84,131,48,+,"","",deletion,2021,725,1,FALSE
nlgn4a,84,131,48,+,"","",deletion,2022,725,1,FALSE
nlgn4a,84,131,48,+,"","",deletion,2023,725,1,FALSE
nlgn4a,84,131,48,+,"","",deletion,2024,725,1,FALSE
nlgn4a,84,131,48,+,"","",deletion,2025,725,1,FALSE
nlgn4a,84,131,48,+,"","",deletion,2026,725,1,FALSE
nlgn4a,84,131,48,+,"","",deletion,2027,725,1,FALSE
nlgn4a,84,131,48,+,"","",deletion,2028,725,1,FALSE
nlgn4a,84,131,48,+,"","",deletion,2029,725,1,FALSE
nlgn4a,84,131,48,+,"","",deletion,2030,725,1,FALSE
nlgn4a,84,131,48,+,"","",deletion,2031,725,1,FALSE
nlgn4a,84,131,48,+,"","",deletion,2032,725,1,FALSE
nlgn4a,84,131,48,+,"","",deletion,2033,725,1,FALSE
nlgn4a,84,131,48,+,"","",deletion,2034,725,1,FALSE
nlgn4a,84,131,48,+,"","",deletion,2035,725,1,FALSE
nlgn4a,84,131,48,+,"","",deletion,2036,725,1,FALSE
nlgn4a,84,131,48,+,"","",deletion,2037,725,1,FALSE
nlgn4a,84,131,48,+,"","",deletion,2038,725,1,FALSE
nlgn4a,84,131,48,+,"","",deletion,2039,725,1,FALSE
nlgn4a,84,131,48,+,"","",deletion,2040,725,1,FALSE
nlgn4a,84,131,48,+,"","",deletion,2041,725,1,FALSE
nlgn4a,84,131,48,+,"","",deletion,2042,725,1,FALSE
nlgn4a,84,131,48,+,"","",deletion,2043,725,1,FALSE
nlgn4a,84,131,48,+,"","",deletion,2044,725,1,FALSE
nlgn4a,84,131,48,+,"","",deletion,2045,725,1,FALSE
nlgn4a,84,131,48,+,"","",deletion,2046,725,1,FALSE
nlgn4a,84,131,48,+,"","",deletion,2047,725,1,FALSE
nlgn4a,84,131,48,+,"","",deletion,2048,725,1,FALSE
nlgn4a,84,131,48,+,"","",deletion,2049,725,1,FALSE
nlgn4a,84,131,48,+,"","",deletion,2050,725,1,FALSE
nlgn4a,84,131,48,+,"","",deletion,2051,725,1,FALSE
nlgn4a,84,131,48,+,"","",deletion,2052,725,1,FALSE
nlgn4a,84,131,48,+,"","",deletion,2053,725,1,FALSE
nlgn4a,84,131,48,+,"","",deletion,2054,725,1,FALSE
nlgn4a,84,131,48,+,"","",deletion,2055,725,1,FALSE
nlgn4a,84,131,48,+,"","",deletion,2056,725,1,FALSE
nlgn4a,84,131,48,+,"","",deletion,2057,725,1,FALSE
nlgn4a,84,131,48,+,"","",deletion,2058,725,1,FALSE
nlgn4a,84,131,48,+,"","",deletion,2059,725,1,FALSE
nlgn4a,84,131,48,+,"","",deletion,2060,725,1,FALSE
nlgn4a,84,131,48,+,"","",deletion,2061,725,1,FALSE
nlgn4a,84,131,48,+,"","",deletion,2062,725,1,FALSE
nlgn4a,84,131,48,+,"","",deletion,2063,725,1,FALSE
nlgn4a,84,131,48,+,"","",deletion,2064,725,1,FALSE
nlgn4a,84,131,48,+,"","",deletion,2065,725,1,FALSE
nlgn4a,84,131,48,+,"","",deletion,2066,725,1,FALSE
nlgn4a,84,131,48,+,"","",deletion,2067,725,1,FALSE
nlgn4a,84,131,48,+,"","",deletion,2068,725,1,FALSE
nlgn4a,84,131,48,+,"","",deletion,2069,725,1,FALSE
nlgn4a,84,131,48,+,"","",deletion,2070,725,1,FALSE
nlgn4a,84,131,48,+,"","",deletion,2071,725,1,FALSE
nlgn4a,84,131,48,+,"","",deletion,2072,725,1,FALSE
nlgn4a,84,131,48,+,"","",deletion,2073,725,1,FALSE
nlgn4a,84,131,48,+,"","",deletion,2074,725,1,FALSE
nlgn4a,84,131,48,+,"","",deletion,2075,725,1,FALSE
nlgn4a,84,131,48,+,"","",deletion,2076,725,1,FALSE
nlgn4a,84,131,48,+,"","",deletion,2077,725,1,FALSE
nlgn4a,84,131,48,+,"","",deletion,2078,725,1,FALSE
nlgn4a,84,131,48,+,"","",deletion,2079,725,1,FALSE
nlgn4a,84,131,48,+,"","",deletion,2080,725,1,FALSE
nlgn4a,84,131,48,+,"","",deletion,2081,725,1,FALSE
nlgn4a,84,131,48,+,"","",deletion,2082,725,1,FALSE
nlgn4a,84,131,48,+,"","",deletion,2083,725,1,FALSE
nlgn4a,84,131,48,+,"","",deletion,2084,725,1,FALSE
nlgn4a,84,131,48,+,"","",deletion,2085,725,1,FALSE
nlgn4a,84,131,48,+,"","",deletion,2086,725,1,FALSE
nlgn4a,84,131,48,+,"","",deletion,2087,725,1,FALSE
nlgn4a,84,131,48,+,"","",deletion,2088,725,1,FALSE
nlgn4a,84,131,48,+,"","",deletion,2089,725,1,FALSE
nlgn4a,84,131,48,+,"","",deletion,2090,725,1,FALSE
nlgn4a,84,131,48,+,"","",deletion,2091,725,1,FALSE
nlgn4a,84,131,48,+,"","",deletion,2092,716,1,FALSE
nlgn4a,84,131,48,+,"","",deletion,2093,716,1,FALSE
nlgn4a,84,131,48,+,"","",deletion,2094,716,1,FALSE
nlgn4a,84,131,48,+,"","",deletion,2095,716,1,FALSE
nlgn4a,84,131,48,+,"","",deletion,2096,716,1,FALSE
nlgn4a,84,131,48,+,"","",deletion,2097,716,1,FALSE
nlgn4a,84,131,48,+,"","",deletion,2098,716,1,FALSE
nlgn4a,84,131,48,+,"","",deletion,2099,716,1,FALSE
nlgn4a,84,131,48,+,"","",deletion,2100,707,1,FALSE
nlgn4a,84,131,48,+,"","",deletion,2101,716,1,FALSE
nlgn4a,84,131,48,+,"","",deletion,2102,716,1,FALSE
nlgn4a,84,131,48,+,"","",deletion,2103,716,1,FALSE
nlgn4a,84,131,48,+,"","",deletion,2104,716,1,FALSE
nlgn4a,84,131,48,+,"","",deletion,2105,716,1,FALSE
nlgn4a,84,131,48,+,"","",deletion,2106,716,1,FALSE
nlgn4a,84,131,48,+,"","",deletion,2107,707,1,FALSE
nlgn4a,84,131,48,+,"","",deletion,2108,716,1,FALSE
nlgn4a,84,131,48,+,"","",deletion,2109,716,1,FALSE
nlgn4a,84,131,48,+,"","",deletion,2110,716,1,FALSE
nlgn4a,128,147,20,+,"","",deletion,2111,716,1,FALSE
nlgn4a,85,132,48,+,"","",deletion,2112,716,1,FALSE
nlgn4a,109,146,38,+,"","",deletion,2114,707,1,FALSE
nlgn4a,119,183,65,+,"","",deletion,2115,716,1,FALSE
nlgn4a,109,146,38,+,"","",deletion,2116,689,1,FALSE
nlgn4a,128,147,20,+,"","",deletion,2119,716,1,FALSE
nlgn4a,84,131,48,+,"","",deletion,2120,716,1,FALSE
nlgn4a,119,183,65,+,"","",deletion,2121,716,1,FALSE
nlgn4a,111,150,40,+,"","",deletion,2124,716,1,FALSE
nlgn4a,109,146,38,+,"","",deletion,2125,716,1,FALSE
nlgn4a,119,183,65,+,"","",deletion,2126,716,1,FALSE
nlgn4a,123,138,16,+,"","",deletion,2128,707,1,FALSE
nlgn4a,128,147,20,+,"","",deletion,2129,716,1,FALSE
nlgn4a,111,150,40,+,"","",deletion,2130,716,1,FALSE
nlgn4a,111,150,40,+,"","",deletion,2131,707,1,FALSE
nlgn4a,79,139,61,+,"","",deletion,2133,716,1,FALSE
nlgn4a,119,183,65,+,"","",deletion,2135,707,1,FALSE
nlgn4a,119,183,65,+,"","",deletion,2136,716,1,FALSE
nlgn4a,109,146,38,+,"","",deletion,2138,716,1,FALSE
nlgn4a,123,138,16,+,"","",deletion,2140,716,1,FALSE
nlgn4a,111,150,40,+,"","",deletion,2141,716,1,FALSE
nlgn4a,109,146,38,+,"","",deletion,2143,716,1,FALSE
nlgn4a,119,183,65,+,"","",deletion,2144,716,1,FALSE
nlgn4a,120,137,18,+,"","",deletion,2145,716,1,FALSE
nlgn4a,109,146,38,+,"","",deletion,2146,707,1,FALSE
nlgn4a,120,137,18,+,"","",deletion,2147,716,1,FALSE
nlgn4a,123,138,16,+,"","",deletion,2148,716,1,FALSE
nlgn4a,84,131,48,+,"","",deletion,2149,716,1,FALSE
nlgn4a,79,139,61,+,"","",deletion,2150,716,1,FALSE
nlgn4a,119,183,65,+,"","",deletion,2151,716,1,FALSE
nlgn4a,123,138,16,+,"","",deletion,2152,716,1,FALSE
nlgn4a,100,137,38,+,"","",deletion,2153,716,1,FALSE
nlgn4a,109,146,38,+,"","",deletion,2154,716,1,FALSE
nlgn4a,119,183,65,+,"","",deletion,2155,716,1,FALSE
nlgn4a,94,140,47,+,"","",deletion,2156,707,1,FALSE
nlgn4a,79,139,61,+,"","",deletion,2157,716,1,FALSE
nlgn4a,128,147,20,+,"","",deletion,2158,716,1,FALSE
nlgn4a,94,140,47,+,"","",deletion,2159,716,1,FALSE
nlgn4a,111,150,40,+,"","",deletion,2160,716,1,FALSE
nlgn4a,109,146,38,+,"","",deletion,2161,716,1,FALSE
nlgn4a,111,150,40,+,"","",deletion,2162,698,1,FALSE
nlgn4a,120,137,18,+,"","",deletion,2163,716,1,FALSE
nlgn4a,119,183,65,+,"","",deletion,2164,716,1,FALSE
nlgn4a,109,146,38,+,"","",deletion,2165,716,1,FALSE
nlgn4a,84,131,48,+,"","",deletion,2166,716,1,FALSE
nlgn4a,128,147,20,+,"","",deletion,2167,716,1,FALSE
nlgn4a,111,150,40,+,"","",deletion,2169,716,1,FALSE
nlgn4a,79,139,61,+,"","",deletion,2170,716,1,FALSE
nlgn4a,111,150,40,+,"","",deletion,2171,716,1,FALSE
nlgn4a,111,150,40,+,"","",deletion,2172,716,1,FALSE
nlgn4a,79,139,61,+,"","",deletion,2173,716,1,FALSE
nlgn4a,123,138,16,+,"","",deletion,2174,707,1,FALSE
nlgn4a,79,139,61,+,"","",deletion,2176,698,1,FALSE
nlgn4a,109,146,38,+,"","",deletion,2177,716,1,FALSE
nlgn4a,128,147,20,+,"","",deletion,2178,716,1,FALSE
nlgn4a,123,138,16,+,"","",deletion,2179,716,1,FALSE
nlgn4a,123,138,16,+,"","",deletion,2180,707,1,FALSE
nlgn4a,109,146,38,+,"","",deletion,2181,716,1,FALSE
nlgn4a,94,140,47,+,"","",deletion,2182,716,1,FALSE
nlgn4a,100,137,38,+,"","",deletion,2184,716,1,FALSE
nlgn4a,79,139,61,+,"","",deletion,2185,716,1,FALSE
nlgn4a,100,137,38,+,"","",deletion,2186,716,1,FALSE
nlgn4a,120,137,18,+,"","",deletion,2187,716,1,FALSE
nlgn4a,79,139,61,+,"","",deletion,2189,716,1,FALSE
nlgn4a,100,137,38,+,"","",deletion,2190,707,1,FALSE
nlgn4a,128,147,20,+,"","",deletion,2191,716,1,FALSE
nlgn4a,111,150,40,+,"","",deletion,2192,716,1,FALSE
nlgn4a,94,140,47,+,"","",deletion,2193,716,1,FALSE
nlgn4a,128,147,20,+,"","",deletion,2194,707,1,FALSE
nlgn4a,109,146,38,+,"","",deletion,2195,716,1,FALSE
nlgn4a,79,139,61,+,"","",deletion,2196,716,1,FALSE
nlgn4a,109,146,38,+,"","",deletion,2197,716,1,FALSE
nlgn4a,123,138,16,+,"","",deletion,2198,716,1,FALSE
nlgn4a,109,146,38,+,"","",deletion,2199,716,1,FALSE
nlgn4a,119,183,65,+,"","",deletion,2200,716,1,FALSE
nlgn4a,119,183,65,+,"","",deletion,2201,707,1,FALSE
nlgn4a,119,183,65,+,"","",deletion,2202,716,1,FALSE
nlgn4a,120,137,18,+,"","",deletion,2203,716,1,FALSE
nlgn4a,128,147,20,+,"","",deletion,2205,716,1,FALSE
nlgn4a,79,139,61,+,"","",deletion,2206,707,1,FALSE
nlgn4a,94,140,47,+,"","",deletion,2208,716,1,FALSE
nlgn4a,79,139,61,+,"","",deletion,2209,716,1,FALSE
nlgn4a,123,138,16,+,"","",deletion,2210,716,1,FALSE
nlgn4a,100,137,38,+,"","",deletion,2211,716,1,FALSE
nlgn4a,100,137,38,+,"","",deletion,2212,716,1,FALSE
nlgn4a,128,147,20,+,"","",deletion,2213,716,1,FALSE
nlgn4a,100,137,38,+,"","",deletion,2214,716,1,FALSE
nlgn4a,100,137,38,+,"","",deletion,2215,716,1,FALSE
nlgn4a,109,146,38,+,"","",deletion,2216,716,1,FALSE
nlgn4a,120,137,18,+,"","",deletion,2217,716,1,FALSE
nlgn4a,119,183,65,+,"","",deletion,2218,716,1,FALSE
nlgn4a,119,183,65,+,"","",deletion,2219,716,1,FALSE
nlgn4a,100,137,38,+,"","",deletion,2220,707,1,FALSE
nlgn4a,119,183,65,+,"","",deletion,2221,716,1,FALSE
nlgn4a,79,139,61,+,"","",deletion,2222,716,1,FALSE
nlgn4a,128,147,20,+,"","",deletion,2223,716,1,FALSE
nlgn4a,94,140,47,+,"","",deletion,2224,716,1,FALSE
nlgn4a,79,139,61,+,"","",deletion,2225,716,1,FALSE
nlgn4a,119,183,65,+,"","",deletion,2228,716,1,FALSE
nlgn4a,94,140,47,+,"","",deletion,2229,716,1,FALSE
nlgn4a,109,146,38,+,"","",deletion,2230,716,1,FALSE
nlgn4a,100,137,38,+,"","",deletion,2232,716,1,FALSE
nlgn4a,79,139,61,+,"","",deletion,2233,716,1,FALSE
nlgn4a,120,137,18,+,"","",deletion,2234,716,1,FALSE
nlgn4a,120,137,18,+,"","",deletion,2235,716,1,FALSE
nlgn4a,123,138,16,+,"","",deletion,2237,716,1,FALSE
nlgn4a,100,137,38,+,"","",deletion,2238,716,1,FALSE
nlgn4a,119,183,65,+,"","",deletion,2239,716,1,FALSE
nlgn4a,119,183,65,+,"","",deletion,2240,716,1,FALSE
nlgn4a,111,150,40,+,"","",deletion,2241,707,1,FALSE
nlgn4a,123,138,16,+,"","",deletion,2242,716,1,FALSE
nlgn4a,100,137,38,+,"","",deletion,2243,716,1,FALSE
nlgn4a,109,146,38,+,"","",deletion,2244,716,1,FALSE
nlgn4a,119,183,65,+,"","",deletion,2245,716,1,FALSE
nlgn4a,94,140,47,+,"","",deletion,2246,707,1,FALSE
nlgn4a,79,139,61,+,"","",deletion,2247,716,1,FALSE
nlgn4a,100,137,38,+,"","",deletion,2248,707,1,FALSE
nlgn4a,128,147,20,+,"","",deletion,2249,716,1,FALSE
nlgn4a,128,147,20,+,"","",deletion,2250,716,1,FALSE
nlgn4a,120,137,18,+,"","",deletion,2251,707,1,FALSE
nlgn4a,109,146,38,+,"","",deletion,2252,716,1,FALSE
nlgn4a,94,140,47,+,"","",deletion,2253,716,1,FALSE
nlgn4a,128,147,20,+,"","",deletion,2254,716,1,FALSE
nlgn4a,109,146,38,+,"","",deletion,2255,707,1,FALSE
nlgn4a,119,183,65,+,"","",deletion,2256,716,1,FALSE
nlgn4a,79,139,61,+,"","",deletion,2257,716,1,FALSE
nlgn4a,100,137,38,+,"","",deletion,2258,716,1,FALSE
nlgn4a,119,183,65,+,"","",deletion,2259,716,1,FALSE
nlgn4a,94,140,47,+,"","",deletion,2260,716,1,FALSE
nlgn4a,100,137,38,+,"","",deletion,2261,716,1,FALSE
nlgn4a,123,138,16,+,"","",deletion,2263,716,1,FALSE
nlgn4a,111,150,40,+,"","",deletion,2264,707,1,FALSE
nlgn4a,100,137,38,+,"","",deletion,2265,716,1,FALSE
nlgn4a,119,183,65,+,"","",deletion,2266,716,1,FALSE
nlgn4a,128,147,20,+,"","",deletion,2267,716,1,FALSE
nlgn4a,84,131,48,+,"","",deletion,2268,698,1,FALSE
nlgn4a,79,139,61,+,"","",deletion,2269,716,1,FALSE
nlgn4a,79,139,61,+,"","",deletion,2270,716,1,FALSE
nlgn4a,100,137,38,+,"","",deletion,2271,716,1,FALSE
nlgn4a,120,137,18,+,"","",deletion,2272,716,1,FALSE
nlgn4a,111,150,40,+,"","",deletion,2273,716,1,FALSE
nlgn4a,84,131,48,+,"","",deletion,2274,716,1,FALSE
nlgn4a,128,147,20,+,"","",deletion,2275,716,1,FALSE
nlgn4a,120,137,18,+,"","",deletion,2277,707,1,FALSE
nlgn4a,211,211,1,+,C,T,mismatch,21,716,2,FALSE
nlgn4a,144,144,1,+,A,T,mismatch,22,716,2,FALSE
nlgn4a,139,139,1,+,T,A,mismatch,42,741,2,FALSE
nlgn4a,88,88,1,+,C,G,mismatch,65,716,2,FALSE
nlgn4a,68,68,1,+,A,T,mismatch,76,716,2,FALSE
nlgn4a,78,78,1,+,A,C,mismatch,81,698,1,FALSE
nlgn4a,94,94,1,+,C,T,mismatch,81,698,1,FALSE
nlgn4a,98,98,1,+,T,G,mismatch,82,707,1,FALSE
nlgn4a,170,170,1,+,T,C,mismatch,83,707,1,FALSE
nlgn4a,154,154,1,+,C,T,mismatch,84,707,1,FALSE
nlgn4a,209,209,1,+,A,T,mismatch,86,707,1,FALSE
nlgn4a,177,177,1,+,A,G,mismatch,88,707,1,FALSE
nlgn4a,93,93,1,+,G,T,mismatch,89,707,1,FALSE
nlgn4a,77,77,1,+,C,G,mismatch,96,707,1,FALSE
nlgn4a,157,157,1,+,A,G,mismatch,102,698,1,FALSE
nlgn4a,175,175,1,+,C,T,mismatch,102,698,1,FALSE
nlgn4a,39,39,1,+,A,G,mismatch,103,714,1,FALSE
nlgn4a,124,124,1,+,T,G,mismatch,103,714,1,FALSE
nlgn4a,132,132,1,+,G,A,mismatch,103,714,1,FALSE
nlgn4a,35,35,1,+,G,T,mismatch,105,707,1,FALSE
nlgn4a,91,91,1,+,T,A,mismatch,115,707,1,FALSE
nlgn4a,20,20,1,+,T,A,mismatch,117,716,1,FALSE
nlgn4a,21,21,1,+,G,A,mismatch,118,707,1,FALSE
nlgn4a,154,154,1,+,C,G,mismatch,118,707,1,FALSE
nlgn4a,22,22,1,+,C,A,mismatch,119,707,1,FALSE
nlgn4a,105,105,1,+,C,G,mismatch,119,707,1,FALSE
nlgn4a,26,26,1,+,C,A,mismatch,120,741,1,FALSE
nlgn4a,26,26,1,+,C,A,mismatch,121,698,1,FALSE
nlgn4a,36,36,1,+,A,G,mismatch,121,698,1,FALSE
nlgn4a,111,111,1,+,A,G,mismatch,121,698,1,FALSE
nlgn4a,27,27,1,+,C,A,mismatch,122,716,1,FALSE
nlgn4a,28,28,1,+,G,A,mismatch,123,716,1,FALSE
nlgn4a,28,28,1,+,G,C,mismatch,124,716,1,FALSE
nlgn4a,28,28,1,+,G,C,mismatch,125,741,1,FALSE
nlgn4a,29,29,1,+,C,A,mismatch,126,707,1,FALSE
nlgn4a,73,73,1,+,T,A,mismatch,126,707,1,FALSE
nlgn4a,31,31,1,+,G,A,mismatch,127,716,1,FALSE
nlgn4a,31,31,1,+,G,A,mismatch,128,716,1,FALSE
nlgn4a,32,32,1,+,C,A,mismatch,129,716,1,FALSE
nlgn4a,33,33,1,+,T,A,mismatch,130,716,1,FALSE
nlgn4a,33,33,1,+,T,A,mismatch,131,716,1,FALSE
nlgn4a,33,33,1,+,T,G,mismatch,132,716,1,FALSE
nlgn4a,33,33,1,+,T,G,mismatch,133,707,1,FALSE
nlgn4a,153,153,1,+,G,A,mismatch,133,707,1,FALSE
nlgn4a,37,37,1,+,C,A,mismatch,134,716,1,FALSE
nlgn4a,37,37,1,+,C,A,mismatch,135,716,1,FALSE
nlgn4a,40,40,1,+,T,A,mismatch,136,716,1,FALSE
nlgn4a,40,40,1,+,T,A,mismatch,137,716,1,FALSE
nlgn4a,41,41,1,+,G,A,mismatch,138,716,1,FALSE
nlgn4a,41,41,1,+,G,C,mismatch,139,716,1,FALSE
nlgn4a,41,41,1,+,G,C,mismatch,140,716,1,FALSE
nlgn4a,42,42,1,+,T,C,mismatch,141,716,1,FALSE
nlgn4a,42,42,1,+,T,G,mismatch,142,707,1,FALSE
nlgn4a,172,172,1,+,T,C,mismatch,142,707,1,FALSE
nlgn4a,43,43,1,+,C,A,mismatch,143,716,1,FALSE
nlgn4a,43,43,1,+,C,A,mismatch,144,732,1,FALSE
nlgn4a,85,85,1,+,A,T,mismatch,144,732,1,FALSE
nlgn4a,45,45,1,+,C,A,mismatch,145,741,1,FALSE
nlgn4a,46,46,1,+,G,A,mismatch,146,716,1,FALSE
nlgn4a,46,46,1,+,G,C,mismatch,147,716,1,FALSE
nlgn4a,47,47,1,+,G,A,mismatch,148,716,1,FALSE
nlgn4a,47,47,1,+,G,C,mismatch,149,716,1,FALSE
nlgn4a,47,47,1,+,G,C,mismatch,150,716,1,FALSE
nlgn4a,47,47,1,+,G,C,mismatch,151,741,1,FALSE
nlgn4a,48,48,1,+,C,A,mismatch,152,716,1,FALSE
nlgn4a,49,49,1,+,T,A,mismatch,153,716,1,FALSE
nlgn4a,49,49,1,+,T,C,mismatch,154,716,1,FALSE
nlgn4a,49,49,1,+,T,G,mismatch,155,698,1,FALSE
nlgn4a,163,163,1,+,A,G,mismatch,155,698,1,FALSE
nlgn4a,188,188,1,+,C,T,mismatch,155,698,1,FALSE
nlgn4a,49,49,1,+,T,G,mismatch,156,707,1,FALSE
nlgn4a,169,169,1,+,T,C,mismatch,156,707,1,FALSE
nlgn4a,49,49,1,+,T,G,mismatch,157,716,1,FALSE
nlgn4a,50,50,1,+,C,A,mismatch,158,741,1,FALSE
nlgn4a,50,50,1,+,C,A,mismatch,159,716,1,FALSE
nlgn4a,52,52,1,+,G,C,mismatch,160,707,1,FALSE
nlgn4a,158,158,1,+,G,T,mismatch,160,707,1,FALSE
nlgn4a,52,52,1,+,G,C,mismatch,161,716,1,FALSE
nlgn4a,54,54,1,+,G,A,mismatch,162,707,1,FALSE
nlgn4a,71,71,1,+,A,C,mismatch,162,707,1,FALSE
nlgn4a,54,54,1,+,G,C,mismatch,163,716,1,FALSE
nlgn4a,54,54,1,+,G,C,mismatch,164,707,1,FALSE
nlgn4a,163,163,1,+,A,C,mismatch,164,707,1,FALSE
nlgn4a,55,55,1,+,G,A,mismatch,165,716,1,FALSE
nlgn4a,55,55,1,+,G,A,mismatch,166,707,1,FALSE
nlgn4a,181,181,1,+,A,G,mismatch,166,707,1,FALSE
nlgn4a,55,55,1,+,G,A,mismatch,167,716,1,FALSE
nlgn4a,55,55,1,+,G,C,mismatch,168,716,1,FALSE
nlgn4a,58,58,1,+,C,A,mismatch,169,707,1,FALSE
nlgn4a,112,112,1,+,C,T,mismatch,169,707,1,FALSE
nlgn4a,59,59,1,+,C,A,mismatch,170,707,1,FALSE
nlgn4a,173,173,1,+,T,G,mismatch,170,707,1,FALSE
nlgn4a,59,59,1,+,C,A,mismatch,171,716,1,FALSE
nlgn4a,59,59,1,+,C,A,mismatch,172,716,1,FALSE
nlgn4a,61,61,1,+,C,A,mismatch,173,716,1,FALSE
nlgn4a,63,63,1,+,T,C,mismatch,174,707,1,FALSE
nlgn4a,171,171,1,+,G,T,mismatch,174,707,1,FALSE
nlgn4a,63,63,1,+,T,C,mismatch,175,716,1,FALSE
nlgn4a,63,63,1,+,T,C,mismatch,176,716,1,FALSE
nlgn4a,63,63,1,+,T,G,mismatch,177,707,1,FALSE
nlgn4a,189,189,1,+,A,T,mismatch,177,707,1,FALSE
nlgn4a,63,63,1,+,T,G,mismatch,178,707,1,FALSE
nlgn4a,161,161,1,+,G,T,mismatch,178,707,1,FALSE
nlgn4a,64,64,1,+,G,A,mismatch,179,707,1,FALSE
nlgn4a,120,120,1,+,G,A,mismatch,179,707,1,FALSE
nlgn4a,64,64,1,+,G,A,mismatch,180,716,1,FALSE
nlgn4a,64,64,1,+,G,A,mismatch,181,741,1,FALSE
nlgn4a,64,64,1,+,G,A,mismatch,182,716,1,FALSE
nlgn4a,64,64,1,+,G,C,mismatch,183,716,1,FALSE
nlgn4a,64,64,1,+,G,C,mismatch,184,741,1,FALSE
nlgn4a,64,64,1,+,G,C,mismatch,185,716,1,FALSE
nlgn4a,65,65,1,+,G,A,mismatch,186,716,1,FALSE
nlgn4a,67,67,1,+,T,A,mismatch,187,716,1,FALSE
nlgn4a,67,67,1,+,T,A,mismatch,188,716,1,FALSE
nlgn4a,67,67,1,+,T,C,mismatch,189,707,1,FALSE
nlgn4a,171,171,1,+,G,A,mismatch,189,707,1,FALSE
nlgn4a,67,67,1,+,T,C,mismatch,190,716,1,FALSE
nlgn4a,67,67,1,+,T,G,mismatch,191,716,1,FALSE
nlgn4a,69,69,1,+,C,A,mismatch,192,716,1,FALSE
nlgn4a,69,69,1,+,C,A,mismatch,193,716,1,FALSE
nlgn4a,69,69,1,+,C,A,mismatch,194,716,1,FALSE
nlgn4a,70,70,1,+,C,A,mismatch,195,707,1,FALSE
nlgn4a,93,93,1,+,G,A,mismatch,195,707,1,FALSE
nlgn4a,70,70,1,+,C,A,mismatch,196,716,1,FALSE
nlgn4a,70,70,1,+,C,A,mismatch,197,707,1,FALSE
nlgn4a,117,117,1,+,A,G,mismatch,197,707,1,FALSE
nlgn4a,73,73,1,+,T,A,mismatch,198,707,1,FALSE
nlgn4a,158,158,1,+,G,A,mismatch,198,707,1,FALSE
nlgn4a,73,73,1,+,T,C,mismatch,199,716,1,FALSE
nlgn4a,73,73,1,+,T,C,mismatch,200,716,1,FALSE
nlgn4a,73,73,1,+,T,C,mismatch,201,707,1,FALSE
nlgn4a,146,146,1,+,T,A,mismatch,201,707,1,FALSE
nlgn4a,73,73,1,+,T,C,mismatch,202,707,1,FALSE
nlgn4a,140,140,1,+,G,A,mismatch,202,707,1,FALSE
nlgn4a,73,73,1,+,T,C,mismatch,203,716,1,FALSE
nlgn4a,73,73,1,+,T,G,mismatch,204,716,1,FALSE
nlgn4a,73,73,1,+,T,G,mismatch,205,716,1,FALSE
nlgn4a,73,73,1,+,T,G,mismatch,206,707,1,FALSE
nlgn4a,152,152,1,+,G,C,mismatch,206,707,1,FALSE
nlgn4a,74,74,1,+,T,A,mismatch,207,716,1,FALSE
nlgn4a,74,74,1,+,T,A,mismatch,208,716,1,FALSE
nlgn4a,76,76,1,+,C,A,mismatch,209,716,1,FALSE
nlgn4a,76,76,1,+,C,A,mismatch,210,707,1,FALSE
nlgn4a,146,146,1,+,T,A,mismatch,210,707,1,FALSE
nlgn4a,77,77,1,+,C,A,mismatch,211,716,1,FALSE
nlgn4a,77,77,1,+,C,A,mismatch,212,716,1,FALSE
nlgn4a,79,79,1,+,T,A,mismatch,213,716,1,FALSE
nlgn4a,79,79,1,+,T,A,mismatch,214,716,1,FALSE
nlgn4a,79,79,1,+,T,C,mismatch,215,716,1,FALSE
nlgn4a,146,146,1,+,T,C,mismatch,216,716,1,FALSE
nlgn4a,150,150,1,+,T,C,mismatch,217,707,1,FALSE
nlgn4a,201,201,1,+,T,G,mismatch,217,707,1,FALSE
nlgn4a,150,150,1,+,T,C,mismatch,218,716,1,FALSE
nlgn4a,151,151,1,+,G,C,mismatch,219,716,1,FALSE
nlgn4a,153,153,1,+,G,A,mismatch,220,716,1,FALSE
nlgn4a,169,169,1,+,T,A,mismatch,221,707,1,FALSE
nlgn4a,194,194,1,+,A,T,mismatch,221,707,1,FALSE
nlgn4a,171,171,1,+,G,C,mismatch,222,716,1,FALSE
nlgn4a,172,172,1,+,T,G,mismatch,223,716,1,FALSE
nlgn4a,173,173,1,+,T,G,mismatch,224,716,1,FALSE
nlgn4a,178,178,1,+,C,A,mismatch,225,716,1,FALSE
nlgn4a,182,182,1,+,C,A,mismatch,226,716,1,FALSE
nlgn4a,183,183,1,+,T,G,mismatch,227,716,1,FALSE
nlgn4a,183,183,1,+,T,G,mismatch,228,716,1,FALSE
nlgn4a,185,185,1,+,T,C,mismatch,229,716,1,FALSE
nlgn4a,187,187,1,+,G,C,mismatch,230,716,1,FALSE
nlgn4a,191,191,1,+,G,A,mismatch,231,716,1,FALSE
nlgn4a,191,191,1,+,G,C,mismatch,232,716,1,FALSE
nlgn4a,191,191,1,+,G,C,mismatch,233,716,1,FALSE
nlgn4a,193,193,1,+,T,C,mismatch,234,716,1,FALSE
nlgn4a,193,193,1,+,T,G,mismatch,235,716,1,FALSE
nlgn4a,198,198,1,+,G,A,mismatch,236,716,1,FALSE
nlgn4a,201,201,1,+,T,A,mismatch,237,716,1,FALSE
nlgn4a,201,201,1,+,T,C,mismatch,238,716,1,FALSE
nlgn4a,202,202,1,+,T,A,mismatch,239,716,1,FALSE
nlgn4a,202,202,1,+,T,G,mismatch,240,716,1,FALSE
nlgn4a,210,210,1,+,C,T,mismatch,384,716,1,FALSE
nlgn4a,209,209,1,+,A,G,mismatch,385,716,1,FALSE
nlgn4a,207,207,1,+,A,G,mismatch,386,716,1,FALSE
nlgn4a,206,206,1,+,A,C,mismatch,387,716,1,FALSE
nlgn4a,205,205,1,+,A,C,mismatch,388,716,1,FALSE
nlgn4a,204,204,1,+,A,C,mismatch,389,716,1,FALSE
nlgn4a,204,204,1,+,A,C,mismatch,390,716,1,FALSE
nlgn4a,200,200,1,+,C,T,mismatch,391,716,1,FALSE
nlgn4a,197,197,1,+,A,T,mismatch,392,716,1,FALSE
nlgn4a,194,194,1,+,A,C,mismatch,393,716,1,FALSE
nlgn4a,189,189,1,+,A,C,mismatch,394,716,1,FALSE
nlgn4a,188,188,1,+,C,G,mismatch,395,716,1,FALSE
nlgn4a,184,184,1,+,A,T,mismatch,396,716,1,FALSE
nlgn4a,182,182,1,+,C,T,mismatch,397,716,1,FALSE
nlgn4a,181,181,1,+,A,C,mismatch,398,716,1,FALSE
nlgn4a,181,181,1,+,A,T,mismatch,399,716,1,FALSE
nlgn4a,177,177,1,+,A,C,mismatch,400,716,1,FALSE
nlgn4a,177,177,1,+,A,T,mismatch,401,716,1,FALSE
nlgn4a,174,174,1,+,A,C,mismatch,402,707,1,FALSE
nlgn4a,210,210,1,+,C,A,mismatch,402,707,1,FALSE
nlgn4a,164,164,1,+,C,G,mismatch,403,716,1,FALSE
nlgn4a,163,163,1,+,A,G,mismatch,404,716,1,FALSE
nlgn4a,162,162,1,+,C,G,mismatch,405,716,1,FALSE
nlgn4a,156,156,1,+,C,G,mismatch,406,716,1,FALSE
nlgn4a,149,149,1,+,A,T,mismatch,407,707,1,FALSE
nlgn4a,194,194,1,+,A,T,mismatch,407,707,1,FALSE
nlgn4a,144,144,1,+,A,C,mismatch,408,716,1,FALSE
nlgn4a,144,144,1,+,A,T,mismatch,409,707,1,FALSE
nlgn4a,163,163,1,+,A,G,mismatch,409,707,1,FALSE
nlgn4a,79,79,1,+,T,G,mismatch,410,716,1,FALSE
nlgn4a,79,79,1,+,T,G,mismatch,411,716,1,FALSE
nlgn4a,80,80,1,+,G,A,mismatch,412,741,1,FALSE
nlgn4a,81,81,1,+,G,A,mismatch,413,716,1,FALSE
nlgn4a,81,81,1,+,G,A,mismatch,414,716,1,FALSE
nlgn4a,81,81,1,+,G,A,mismatch,415,741,1,FALSE
nlgn4a,81,81,1,+,G,C,mismatch,416,716,1,FALSE
nlgn4a,82,82,1,+,T,A,mismatch,417,741,1,FALSE
nlgn4a,82,82,1,+,T,A,mismatch,418,716,1,FALSE
nlgn4a,82,82,1,+,T,C,mismatch,419,716,1,FALSE
nlgn4a,82,82,1,+,T,G,mismatch,420,707,1,FALSE
nlgn4a,168,168,1,+,A,G,mismatch,420,707,1,FALSE
nlgn4a,83,83,1,+,T,A,mismatch,421,741,1,FALSE
nlgn4a,83,83,1,+,T,G,mismatch,422,716,1,FALSE
nlgn4a,83,83,1,+,T,G,mismatch,423,707,1,FALSE
nlgn4a,176,176,1,+,G,A,mismatch,423,707,1,FALSE
nlgn4a,86,86,1,+,T,A,mismatch,424,716,1,FALSE
nlgn4a,86,86,1,+,T,A,mismatch,425,716,1,FALSE
nlgn4a,86,86,1,+,T,A,mismatch,426,716,1,FALSE
nlgn4a,86,86,1,+,T,C,mismatch,427,716,1,FALSE
nlgn4a,86,86,1,+,T,C,mismatch,428,741,1,FALSE
nlgn4a,86,86,1,+,T,G,mismatch,429,716,1,FALSE
nlgn4a,87,87,1,+,C,A,mismatch,430,716,1,FALSE
nlgn4a,87,87,1,+,C,A,mismatch,431,716,1,FALSE
nlgn4a,88,88,1,+,C,A,mismatch,432,707,1,FALSE
nlgn4a,178,178,1,+,C,A,mismatch,432,707,1,FALSE
nlgn4a,88,88,1,+,C,A,mismatch,433,716,1,FALSE
nlgn4a,88,88,1,+,C,A,mismatch,434,716,1,FALSE
nlgn4a,89,89,1,+,G,A,mismatch,435,716,1,FALSE
nlgn4a,89,89,1,+,G,A,mismatch,436,716,1,FALSE
nlgn4a,89,89,1,+,G,C,mismatch,437,741,1,FALSE
nlgn4a,90,90,1,+,C,A,mismatch,438,716,1,FALSE
nlgn4a,90,90,1,+,C,A,mismatch,439,698,1,FALSE
nlgn4a,113,113,1,+,C,T,mismatch,439,698,1,FALSE
nlgn4a,166,166,1,+,C,A,mismatch,439,698,1,FALSE
nlgn4a,90,90,1,+,C,A,mismatch,440,716,1,FALSE
nlgn4a,91,91,1,+,T,A,mismatch,441,707,1,FALSE
nlgn4a,159,159,1,+,C,G,mismatch,441,707,1,FALSE
nlgn4a,91,91,1,+,T,A,mismatch,442,716,1,FALSE
nlgn4a,91,91,1,+,T,C,mismatch,443,716,1,FALSE
nlgn4a,92,92,1,+,G,A,mismatch,444,707,1,FALSE
nlgn4a,109,109,1,+,T,A,mismatch,444,707,1,FALSE
nlgn4a,92,92,1,+,G,A,mismatch,445,716,1,FALSE
nlgn4a,92,92,1,+,G,C,mismatch,446,716,1,FALSE
nlgn4a,93,93,1,+,G,C,mismatch,447,716,1,FALSE
nlgn4a,94,94,1,+,C,A,mismatch,448,716,1,FALSE
nlgn4a,95,95,1,+,T,C,mismatch,449,716,1,FALSE
nlgn4a,95,95,1,+,T,G,mismatch,450,716,1,FALSE
nlgn4a,95,95,1,+,T,G,mismatch,451,741,1,FALSE
nlgn4a,98,98,1,+,T,C,mismatch,452,716,1,FALSE
nlgn4a,98,98,1,+,T,G,mismatch,453,707,1,FALSE
nlgn4a,157,157,1,+,A,G,mismatch,453,707,1,FALSE
nlgn4a,98,98,1,+,T,G,mismatch,454,741,1,FALSE
nlgn4a,100,100,1,+,T,A,mismatch,455,741,1,FALSE
nlgn4a,145,145,1,+,T,A,mismatch,456,707,1,FALSE
nlgn4a,175,175,1,+,C,A,mismatch,456,707,1,FALSE
nlgn4a,152,152,1,+,G,C,mismatch,457,716,1,FALSE
nlgn4a,158,158,1,+,G,A,mismatch,458,716,1,FALSE
nlgn4a,159,159,1,+,C,A,mismatch,459,716,1,FALSE
nlgn4a,166,166,1,+,C,A,mismatch,460,716,1,FALSE
nlgn4a,169,169,1,+,T,G,mismatch,461,716,1,FALSE
nlgn4a,171,171,1,+,G,C,mismatch,462,716,1,FALSE
nlgn4a,176,176,1,+,G,C,mismatch,463,716,1,FALSE
nlgn4a,185,185,1,+,T,A,mismatch,464,716,1,FALSE
nlgn4a,185,185,1,+,T,G,mismatch,465,716,1,FALSE
nlgn4a,186,186,1,+,G,A,mismatch,466,716,1,FALSE
nlgn4a,186,186,1,+,G,C,mismatch,467,716,1,FALSE
nlgn4a,188,188,1,+,C,T,mismatch,568,716,1,FALSE
nlgn4a,181,181,1,+,A,C,mismatch,569,716,1,FALSE
nlgn4a,181,181,1,+,A,C,mismatch,570,716,1,FALSE
nlgn4a,181,181,1,+,A,C,mismatch,571,716,1,FALSE
nlgn4a,181,181,1,+,A,G,mismatch,572,716,1,FALSE
nlgn4a,179,179,1,+,A,T,mismatch,573,716,1,FALSE
nlgn4a,176,176,1,+,G,T,mismatch,574,716,1,FALSE
nlgn4a,175,175,1,+,C,G,mismatch,575,716,1,FALSE
nlgn4a,175,175,1,+,C,T,mismatch,576,716,1,FALSE
nlgn4a,171,171,1,+,G,T,mismatch,577,707,1,FALSE
nlgn4a,184,184,1,+,A,G,mismatch,577,707,1,FALSE
nlgn4a,164,164,1,+,C,T,mismatch,578,707,1,FALSE
nlgn4a,173,173,1,+,T,A,mismatch,578,707,1,FALSE
nlgn4a,163,163,1,+,A,C,mismatch,579,716,1,FALSE
nlgn4a,163,163,1,+,A,T,mismatch,580,716,1,FALSE
nlgn4a,162,162,1,+,C,T,mismatch,581,716,1,FALSE
nlgn4a,161,161,1,+,G,T,mismatch,582,716,1,FALSE
nlgn4a,160,160,1,+,A,C,mismatch,583,716,1,FALSE
nlgn4a,156,156,1,+,C,T,mismatch,584,716,1,FALSE
nlgn4a,156,156,1,+,C,T,mismatch,585,716,1,FALSE
nlgn4a,100,100,1,+,T,G,mismatch,586,741,1,FALSE
nlgn4a,100,100,1,+,T,G,mismatch,587,741,1,FALSE
nlgn4a,100,100,1,+,T,G,mismatch,588,716,1,FALSE
nlgn4a,102,102,1,+,C,A,mismatch,589,716,1,FALSE
nlgn4a,102,102,1,+,C,A,mismatch,590,716,1,FALSE
nlgn4a,103,103,1,+,G,C,mismatch,591,716,1,FALSE
nlgn4a,104,104,1,+,C,A,mismatch,592,716,1,FALSE
nlgn4a,104,104,1,+,C,A,mismatch,593,707,1,FALSE
nlgn4a,175,175,1,+,C,T,mismatch,593,707,1,FALSE
nlgn4a,106,106,1,+,T,C,mismatch,594,716,1,FALSE
nlgn4a,106,106,1,+,T,C,mismatch,595,716,1,FALSE
nlgn4a,106,106,1,+,T,G,mismatch,596,716,1,FALSE
nlgn4a,107,107,1,+,T,C,mismatch,597,716,1,FALSE
nlgn4a,107,107,1,+,T,C,mismatch,598,732,1,FALSE
nlgn4a,147,147,1,+,A,T,mismatch,598,732,1,FALSE
nlgn4a,107,107,1,+,T,C,mismatch,599,716,1,FALSE
nlgn4a,107,107,1,+,T,C,mismatch,600,716,1,FALSE
nlgn4a,107,107,1,+,T,G,mismatch,601,732,1,FALSE
nlgn4a,114,114,1,+,T,G,mismatch,601,732,1,FALSE
nlgn4a,107,107,1,+,T,G,mismatch,602,716,1,FALSE
nlgn4a,108,108,1,+,T,A,mismatch,603,741,1,FALSE
nlgn4a,108,108,1,+,T,C,mismatch,604,716,1,FALSE
nlgn4a,108,108,1,+,T,C,mismatch,605,716,1,FALSE
nlgn4a,108,108,1,+,T,C,mismatch,606,707,1,FALSE
nlgn4a,142,142,1,+,C,T,mismatch,606,707,1,FALSE
nlgn4a,108,108,1,+,T,G,mismatch,607,716,1,FALSE
nlgn4a,151,151,1,+,G,A,mismatch,608,707,1,FALSE
nlgn4a,182,182,1,+,C,A,mismatch,608,707,1,FALSE
nlgn4a,152,152,1,+,G,A,mismatch,609,707,1,FALSE
nlgn4a,181,181,1,+,A,T,mismatch,609,707,1,FALSE
nlgn4a,161,161,1,+,G,A,mismatch,610,716,1,FALSE
nlgn4a,165,165,1,+,C,A,mismatch,611,716,1,FALSE
nlgn4a,167,167,1,+,T,A,mismatch,612,716,1,FALSE
nlgn4a,169,169,1,+,T,A,mismatch,613,716,1,FALSE
nlgn4a,170,170,1,+,T,G,mismatch,614,716,1,FALSE
nlgn4a,176,176,1,+,G,A,mismatch,615,716,1,FALSE
nlgn4a,178,178,1,+,C,A,mismatch,616,716,1,FALSE
nlgn4a,185,185,1,+,T,A,mismatch,617,716,1,FALSE
nlgn4a,185,185,1,+,T,G,mismatch,618,716,1,FALSE
nlgn4a,187,187,1,+,G,A,mismatch,619,716,1,FALSE
nlgn4a,187,187,1,+,G,A,mismatch,620,716,1,FALSE
nlgn4a,187,187,1,+,G,T,mismatch,769,716,1,FALSE
nlgn4a,184,184,1,+,A,T,mismatch,770,716,1,FALSE
nlgn4a,181,181,1,+,A,T,mismatch,771,716,1,FALSE
nlgn4a,174,174,1,+,A,G,mismatch,772,716,1,FALSE
nlgn4a,174,174,1,+,A,G,mismatch,773,716,1,FALSE
nlgn4a,174,174,1,+,A,T,mismatch,774,716,1,FALSE
nlgn4a,171,171,1,+,G,T,mismatch,775,716,1,FALSE
nlgn4a,168,168,1,+,A,C,mismatch,776,716,1,FALSE
nlgn4a,168,168,1,+,A,G,mismatch,777,716,1,FALSE
nlgn4a,168,168,1,+,A,G,mismatch,778,716,1,FALSE
nlgn4a,166,166,1,+,C,T,mismatch,779,716,1,FALSE
nlgn4a,163,163,1,+,A,G,mismatch,780,716,1,FALSE
nlgn4a,161,161,1,+,G,T,mismatch,781,716,1,FALSE
nlgn4a,160,160,1,+,A,C,mismatch,782,716,1,FALSE
nlgn4a,160,160,1,+,A,T,mismatch,783,716,1,FALSE
nlgn4a,158,158,1,+,G,T,mismatch,784,716,1,FALSE
nlgn4a,157,157,1,+,A,T,mismatch,785,716,1,FALSE
nlgn4a,156,156,1,+,C,G,mismatch,786,716,1,FALSE
nlgn4a,156,156,1,+,C,G,mismatch,787,716,1,FALSE
nlgn4a,154,154,1,+,C,G,mismatch,788,716,1,FALSE
nlgn4a,109,109,1,+,T,A,mismatch,789,716,1,FALSE
nlgn4a,109,109,1,+,T,A,mismatch,790,716,1,FALSE
nlgn4a,109,109,1,+,T,C,mismatch,791,707,1,FALSE
nlgn4a,121,121,1,+,T,C,mismatch,791,707,1,FALSE
nlgn4a,109,109,1,+,T,C,mismatch,792,741,1,FALSE
nlgn4a,112,112,1,+,C,A,mismatch,793,741,1,FALSE
nlgn4a,113,113,1,+,C,A,mismatch,794,716,1,FALSE
nlgn4a,113,113,1,+,C,A,mismatch,795,716,1,FALSE
nlgn4a,114,114,1,+,T,C,mismatch,796,741,1,FALSE
nlgn4a,114,114,1,+,T,G,mismatch,797,741,1,FALSE
nlgn4a,115,115,1,+,G,A,mismatch,798,707,1,FALSE
nlgn4a,143,143,1,+,C,A,mismatch,798,707,1,FALSE
nlgn4a,115,115,1,+,G,C,mismatch,799,732,1,FALSE
nlgn4a,148,148,1,+,C,G,mismatch,799,732,1,FALSE
nlgn4a,115,115,1,+,G,C,mismatch,800,716,1,FALSE
nlgn4a,116,116,1,+,G,A,mismatch,801,716,1,FALSE
nlgn4a,116,116,1,+,G,A,mismatch,802,716,1,FALSE
nlgn4a,116,116,1,+,G,C,mismatch,803,707,1,FALSE
nlgn4a,161,161,1,+,G,A,mismatch,803,707,1,FALSE
nlgn4a,118,118,1,+,T,A,mismatch,804,707,1,FALSE
nlgn4a,208,208,1,+,C,G,mismatch,804,707,1,FALSE
nlgn4a,118,118,1,+,T,C,mismatch,805,707,1,FALSE
nlgn4a,123,123,1,+,C,G,mismatch,805,707,1,FALSE
nlgn4a,118,118,1,+,T,C,mismatch,806,716,1,FALSE
nlgn4a,118,118,1,+,T,G,mismatch,807,716,1,FALSE
nlgn4a,119,119,1,+,T,A,mismatch,808,716,1,FALSE
nlgn4a,186,186,1,+,G,A,mismatch,809,716,1,FALSE
nlgn4a,187,187,1,+,G,C,mismatch,810,716,1,FALSE
nlgn4a,191,191,1,+,G,A,mismatch,811,716,1,FALSE
nlgn4a,198,198,1,+,G,C,mismatch,812,716,1,FALSE
nlgn4a,200,200,1,+,C,A,mismatch,813,716,1,FALSE
nlgn4a,201,201,1,+,T,G,mismatch,814,716,1,FALSE
nlgn4a,202,202,1,+,T,G,mismatch,815,716,1,FALSE
nlgn4a,212,212,1,+,T,G,mismatch,816,716,1,FALSE
nlgn4a,213,213,1,+,C,T,mismatch,956,716,1,FALSE
nlgn4a,211,211,1,+,C,G,mismatch,957,716,1,FALSE
nlgn4a,209,209,1,+,A,T,mismatch,958,716,1,FALSE
nlgn4a,208,208,1,+,C,G,mismatch,959,716,1,FALSE
nlgn4a,207,207,1,+,A,C,mismatch,960,716,1,FALSE
nlgn4a,205,205,1,+,A,T,mismatch,961,716,1,FALSE
nlgn4a,197,197,1,+,A,T,mismatch,962,716,1,FALSE
nlgn4a,196,196,1,+,G,T,mismatch,963,716,1,FALSE
nlgn4a,195,195,1,+,A,C,mismatch,964,707,1,FALSE
nlgn4a,204,204,1,+,A,G,mismatch,964,707,1,FALSE
nlgn4a,194,194,1,+,A,G,mismatch,965,716,1,FALSE
nlgn4a,119,119,1,+,T,C,mismatch,966,716,1,FALSE
nlgn4a,119,119,1,+,T,C,mismatch,967,741,1,FALSE
nlgn4a,139,139,1,+,T,C,mismatch,968,716,1,FALSE
nlgn4a,140,140,1,+,G,C,mismatch,969,716,1,FALSE
nlgn4a,145,145,1,+,T,A,mismatch,970,716,1,FALSE
nlgn4a,146,146,1,+,T,A,mismatch,971,716,1,FALSE
nlgn4a,155,155,1,+,T,G,mismatch,972,716,1,FALSE
nlgn4a,158,158,1,+,G,A,mismatch,973,716,1,FALSE
nlgn4a,158,158,1,+,G,C,mismatch,974,716,1,FALSE
nlgn4a,167,167,1,+,T,G,mismatch,975,716,1,FALSE
nlgn4a,168,168,1,+,A,C,mismatch,1077,716,1,FALSE
nlgn4a,168,168,1,+,A,T,mismatch,1078,716,1,FALSE
nlgn4a,162,162,1,+,C,G,mismatch,1079,716,1,FALSE
nlgn4a,159,159,1,+,C,G,mismatch,1080,716,1,FALSE
nlgn4a,158,158,1,+,G,T,mismatch,1081,716,1,FALSE
nlgn4a,157,157,1,+,A,T,mismatch,1082,716,1,FALSE
nlgn4a,156,156,1,+,C,G,mismatch,1083,716,1,FALSE
nlgn4a,156,156,1,+,C,T,mismatch,1084,716,1,FALSE
nlgn4a,156,156,1,+,C,T,mismatch,1085,716,1,FALSE
nlgn4a,149,149,1,+,A,C,mismatch,1086,707,1,FALSE
nlgn4a,155,155,1,+,T,A,mismatch,1086,707,1,FALSE
nlgn4a,147,147,1,+,A,T,mismatch,1087,716,1,FALSE
nlgn4a,144,144,1,+,A,T,mismatch,1088,716,1,FALSE
nlgn4a,143,143,1,+,C,T,mismatch,1089,716,1,FALSE
nlgn4a,120,120,1,+,G,C,mismatch,1090,716,1,FALSE
nlgn4a,121,121,1,+,T,C,mismatch,1091,716,1,FALSE
nlgn4a,121,121,1,+,T,G,mismatch,1092,716,1,FALSE
nlgn4a,121,121,1,+,T,G,mismatch,1093,716,1,FALSE
nlgn4a,122,122,1,+,G,A,mismatch,1094,716,1,FALSE
nlgn4a,122,122,1,+,G,C,mismatch,1095,716,1,FALSE
nlgn4a,124,124,1,+,T,C,mismatch,1096,707,1,FALSE
nlgn4a,151,151,1,+,G,C,mismatch,1096,707,1,FALSE
nlgn4a,125,125,1,+,T,C,mismatch,1097,716,1,FALSE
nlgn4a,126,126,1,+,G,C,mismatch,1098,741,1,FALSE
nlgn4a,150,150,1,+,T,C,mismatch,1099,716,1,FALSE
nlgn4a,152,152,1,+,G,A,mismatch,1100,716,1,FALSE
nlgn4a,153,153,1,+,G,C,mismatch,1101,716,1,FALSE
nlgn4a,154,154,1,+,C,A,mismatch,1102,716,1,FALSE
nlgn4a,155,155,1,+,T,A,mismatch,1103,716,1,FALSE
nlgn4a,161,161,1,+,G,C,mismatch,1104,716,1,FALSE
nlgn4a,165,165,1,+,C,A,mismatch,1105,716,1,FALSE
nlgn4a,170,170,1,+,T,A,mismatch,1106,716,1,FALSE
nlgn4a,168,168,1,+,A,G,mismatch,1228,716,1,FALSE
nlgn4a,168,168,1,+,A,G,mismatch,1229,716,1,FALSE
nlgn4a,166,166,1,+,C,G,mismatch,1230,716,1,FALSE
nlgn4a,164,164,1,+,C,G,mismatch,1231,716,1,FALSE
nlgn4a,164,164,1,+,C,G,mismatch,1232,716,1,FALSE
nlgn4a,164,164,1,+,C,T,mismatch,1233,716,1,FALSE
nlgn4a,163,163,1,+,A,C,mismatch,1234,716,1,FALSE
nlgn4a,154,154,1,+,C,G,mismatch,1235,707,1,FALSE
nlgn4a,158,158,1,+,G,T,mismatch,1235,707,1,FALSE
nlgn4a,151,151,1,+,G,T,mismatch,1236,716,1,FALSE
nlgn4a,131,131,1,+,T,A,mismatch,1237,741,1,FALSE
nlgn4a,132,132,1,+,G,C,mismatch,1238,741,1,FALSE
nlgn4a,133,133,1,+,C,A,mismatch,1239,741,1,FALSE
nlgn4a,135,135,1,+,T,A,mismatch,1240,741,1,FALSE
nlgn4a,135,135,1,+,T,G,mismatch,1241,741,1,FALSE
nlgn4a,140,140,1,+,G,A,mismatch,1242,741,1,FALSE
nlgn4a,141,141,1,+,G,A,mismatch,1243,741,1,FALSE
nlgn4a,143,143,1,+,C,A,mismatch,1244,741,1,FALSE
nlgn4a,145,145,1,+,T,C,mismatch,1245,741,1,FALSE
nlgn4a,145,145,1,+,T,C,mismatch,1246,741,1,FALSE
nlgn4a,149,149,1,+,A,C,mismatch,1376,741,1,FALSE
nlgn4a,149,149,1,+,A,T,mismatch,1377,741,1,FALSE
nlgn4a,148,148,1,+,C,G,mismatch,1378,741,1,FALSE
nlgn4a,147,147,1,+,A,C,mismatch,1379,741,1,FALSE
nlgn4a,147,147,1,+,A,C,mismatch,1380,741,1,FALSE
nlgn4a,147,147,1,+,A,T,mismatch,1381,741,1,FALSE
nlgn4a,143,143,1,+,C,G,mismatch,1382,741,1,FALSE
nlgn4a,143,143,1,+,C,T,mismatch,1383,741,1,FALSE
nlgn4a,141,141,1,+,G,T,mismatch,1384,741,1,FALSE
nlgn4a,140,140,1,+,G,T,mismatch,1385,741,1,FALSE
nlgn4a,133,133,1,+,C,G,mismatch,1386,741,1,FALSE
nlgn4a,140,140,1,+,G,C,mismatch,1387,716,1,FALSE
nlgn4a,141,141,1,+,G,A,mismatch,1388,716,1,FALSE
nlgn4a,141,141,1,+,G,C,mismatch,1389,716,1,FALSE
nlgn4a,142,142,1,+,C,A,mismatch,1390,707,1,FALSE
nlgn4a,152,152,1,+,G,C,mismatch,1390,707,1,FALSE
nlgn4a,143,143,1,+,C,A,mismatch,1391,716,1,FALSE
nlgn4a,145,145,1,+,T,A,mismatch,1392,716,1,FALSE
nlgn4a,145,145,1,+,T,G,mismatch,1393,716,1,FALSE
nlgn4a,146,146,1,+,T,C,mismatch,1394,716,1,FALSE
nlgn4a,153,153,1,+,G,C,mismatch,1395,716,1,FALSE
nlgn4a,155,155,1,+,T,A,mismatch,1396,716,1,FALSE
nlgn4a,161,161,1,+,G,A,mismatch,1397,716,1,FALSE
nlgn4a,161,161,1,+,G,C,mismatch,1398,716,1,FALSE
nlgn4a,162,162,1,+,C,A,mismatch,1399,716,1,FALSE
nlgn4a,166,166,1,+,C,A,mismatch,1400,716,1,FALSE
nlgn4a,164,164,1,+,C,G,mismatch,1569,716,1,FALSE
nlgn4a,164,164,1,+,C,T,mismatch,1570,716,1,FALSE
nlgn4a,162,162,1,+,C,G,mismatch,1571,716,1,FALSE
nlgn4a,160,160,1,+,A,G,mismatch,1572,716,1,FALSE
nlgn4a,160,160,1,+,A,G,mismatch,1573,716,1,FALSE
nlgn4a,160,160,1,+,A,T,mismatch,1574,716,1,FALSE
nlgn4a,156,156,1,+,C,G,mismatch,1575,716,1,FALSE
nlgn4a,156,156,1,+,C,T,mismatch,1576,716,1,FALSE
nlgn4a,149,149,1,+,A,G,mismatch,1577,716,1,FALSE
nlgn4a,149,149,1,+,A,T,mismatch,1578,716,1,FALSE
nlgn4a,144,144,1,+,A,T,mismatch,1579,716,1,FALSE
nlgn4a,142,142,1,+,C,T,mismatch,1580,716,1,FALSE
nlgn4a,122,122,1,+,G,T,mismatch,1581,741,1,FALSE
nlgn4a,117,117,1,+,A,C,mismatch,1582,716,1,FALSE
nlgn4a,117,117,1,+,A,T,mismatch,1583,716,1,FALSE
nlgn4a,117,117,1,+,A,T,mismatch,1584,741,1,FALSE
nlgn4a,117,117,1,+,A,T,mismatch,1585,741,1,FALSE
nlgn4a,116,116,1,+,G,T,mismatch,1586,716,1,FALSE
nlgn4a,113,113,1,+,C,G,mismatch,1587,716,1,FALSE
nlgn4a,113,113,1,+,C,G,mismatch,1588,716,1,FALSE
nlgn4a,112,112,1,+,C,G,mismatch,1589,716,1,FALSE
nlgn4a,112,112,1,+,C,T,mismatch,1590,716,1,FALSE
nlgn4a,112,112,1,+,C,T,mismatch,1591,732,1,FALSE
nlgn4a,149,149,1,+,A,T,mismatch,1591,732,1,FALSE
nlgn4a,111,111,1,+,A,C,mismatch,1592,716,1,FALSE
nlgn4a,111,111,1,+,A,C,mismatch,1593,716,1,FALSE
nlgn4a,165,165,1,+,C,A,mismatch,1594,716,1,FALSE
nlgn4a,165,165,1,+,C,A,mismatch,1595,716,1,FALSE
nlgn4a,170,170,1,+,T,A,mismatch,1596,716,1,FALSE
nlgn4a,172,172,1,+,T,C,mismatch,1597,716,1,FALSE
nlgn4a,172,172,1,+,T,G,mismatch,1598,716,1,FALSE
nlgn4a,172,172,1,+,T,G,mismatch,1599,716,1,FALSE
nlgn4a,182,182,1,+,C,A,mismatch,1600,716,1,FALSE
nlgn4a,186,186,1,+,G,A,mismatch,1601,716,1,FALSE
nlgn4a,187,187,1,+,G,C,mismatch,1602,716,1,FALSE
nlgn4a,189,189,1,+,A,G,mismatch,1724,716,1,FALSE
nlgn4a,188,188,1,+,C,G,mismatch,1725,716,1,FALSE
nlgn4a,188,188,1,+,C,T,mismatch,1726,716,1,FALSE
nlgn4a,184,184,1,+,A,G,mismatch,1727,716,1,FALSE
nlgn4a,184,184,1,+,A,T,mismatch,1728,716,1,FALSE
nlgn4a,182,182,1,+,C,T,mismatch,1729,716,1,FALSE
nlgn4a,181,181,1,+,A,G,mismatch,1730,716,1,FALSE
nlgn4a,181,181,1,+,A,T,mismatch,1731,716,1,FALSE
nlgn4a,180,180,1,+,A,C,mismatch,1732,716,1,FALSE
nlgn4a,179,179,1,+,A,C,mismatch,1733,716,1,FALSE
nlgn4a,179,179,1,+,A,C,mismatch,1734,716,1,FALSE
nlgn4a,178,178,1,+,C,G,mismatch,1735,716,1,FALSE
nlgn4a,178,178,1,+,C,T,mismatch,1736,716,1,FALSE
nlgn4a,177,177,1,+,A,C,mismatch,1737,716,1,FALSE
nlgn4a,176,176,1,+,G,T,mismatch,1738,716,1,FALSE
nlgn4a,175,175,1,+,C,G,mismatch,1739,716,1,FALSE
nlgn4a,174,174,1,+,A,T,mismatch,1740,716,1,FALSE
nlgn4a,166,166,1,+,C,T,mismatch,1741,716,1,FALSE
nlgn4a,163,163,1,+,A,G,mismatch,1742,716,1,FALSE
nlgn4a,163,163,1,+,A,T,mismatch,1743,716,1,FALSE
nlgn4a,162,162,1,+,C,T,mismatch,1744,716,1,FALSE
nlgn4a,160,160,1,+,A,T,mismatch,1745,716,1,FALSE
nlgn4a,157,157,1,+,A,C,mismatch,1746,707,1,FALSE
nlgn4a,173,173,1,+,T,C,mismatch,1746,707,1,FALSE
nlgn4a,157,157,1,+,A,T,mismatch,1747,716,1,FALSE
nlgn4a,154,154,1,+,C,T,mismatch,1748,716,1,FALSE
nlgn4a,111,111,1,+,A,T,mismatch,1749,716,1,FALSE
nlgn4a,111,111,1,+,A,T,mismatch,1750,707,1,FALSE
nlgn4a,168,168,1,+,A,C,mismatch,1750,707,1,FALSE
nlgn4a,111,111,1,+,A,T,mismatch,1751,741,1,FALSE
nlgn4a,105,105,1,+,C,G,mismatch,1752,741,1,FALSE
nlgn4a,105,105,1,+,C,T,mismatch,1753,716,1,FALSE
nlgn4a,104,104,1,+,C,G,mismatch,1754,716,1,FALSE
nlgn4a,104,104,1,+,C,G,mismatch,1755,716,1,FALSE
nlgn4a,104,104,1,+,C,T,mismatch,1756,716,1,FALSE
nlgn4a,104,104,1,+,C,T,mismatch,1757,716,1,FALSE
nlgn4a,103,103,1,+,G,T,mismatch,1758,716,1,FALSE
nlgn4a,102,102,1,+,C,G,mismatch,1759,716,1,FALSE
nlgn4a,102,102,1,+,C,G,mismatch,1760,716,1,FALSE
nlgn4a,102,102,1,+,C,G,mismatch,1761,716,1,FALSE
nlgn4a,102,102,1,+,C,T,mismatch,1762,716,1,FALSE
nlgn4a,101,101,1,+,A,C,mismatch,1763,716,1,FALSE
nlgn4a,101,101,1,+,A,C,mismatch,1764,716,1,FALSE
nlgn4a,101,101,1,+,A,G,mismatch,1765,716,1,FALSE
nlgn4a,101,101,1,+,A,T,mismatch,1766,716,1,FALSE
nlgn4a,99,99,1,+,C,G,mismatch,1767,716,1,FALSE
nlgn4a,99,99,1,+,C,T,mismatch,1768,716,1,FALSE
nlgn4a,99,99,1,+,C,T,mismatch,1769,707,1,FALSE
nlgn4a,186,186,1,+,G,C,mismatch,1769,707,1,FALSE
nlgn4a,99,99,1,+,C,T,mismatch,1770,716,1,FALSE
nlgn4a,97,97,1,+,C,G,mismatch,1771,716,1,FALSE
nlgn4a,97,97,1,+,C,G,mismatch,1772,716,1,FALSE
nlgn4a,96,96,1,+,A,C,mismatch,1773,716,1,FALSE
nlgn4a,96,96,1,+,A,C,mismatch,1774,741,1,FALSE
nlgn4a,150,150,1,+,T,A,mismatch,1775,716,1,FALSE
nlgn4a,150,150,1,+,T,C,mismatch,1776,716,1,FALSE
nlgn4a,169,169,1,+,T,A,mismatch,1777,716,1,FALSE
nlgn4a,169,169,1,+,T,C,mismatch,1778,716,1,FALSE
nlgn4a,176,176,1,+,G,C,mismatch,1779,716,1,FALSE
nlgn4a,183,183,1,+,T,A,mismatch,1780,716,1,FALSE
nlgn4a,185,185,1,+,T,G,mismatch,1781,716,1,FALSE
nlgn4a,186,186,1,+,G,C,mismatch,1782,716,1,FALSE
nlgn4a,188,188,1,+,C,A,mismatch,1783,716,1,FALSE
nlgn4a,197,197,1,+,A,G,mismatch,1888,716,1,FALSE
nlgn4a,190,190,1,+,A,C,mismatch,1889,716,1,FALSE
nlgn4a,190,190,1,+,A,G,mismatch,1890,716,1,FALSE
nlgn4a,190,190,1,+,A,T,mismatch,1891,716,1,FALSE
nlgn4a,190,190,1,+,A,T,mismatch,1892,716,1,FALSE
nlgn4a,180,180,1,+,A,G,mismatch,1893,716,1,FALSE
nlgn4a,174,174,1,+,A,C,mismatch,1894,716,1,FALSE
nlgn4a,174,174,1,+,A,C,mismatch,1895,716,1,FALSE
nlgn4a,166,166,1,+,C,T,mismatch,1896,716,1,FALSE
nlgn4a,165,165,1,+,C,T,mismatch,1897,716,1,FALSE
nlgn4a,157,157,1,+,A,G,mismatch,1898,716,1,FALSE
nlgn4a,147,147,1,+,A,T,mismatch,1899,716,1,FALSE
nlgn4a,94,94,1,+,C,G,mismatch,1900,716,1,FALSE
nlgn4a,94,94,1,+,C,G,mismatch,1901,741,1,FALSE
nlgn4a,92,92,1,+,G,T,mismatch,1902,716,1,FALSE
nlgn4a,90,90,1,+,C,G,mismatch,1903,716,1,FALSE
nlgn4a,90,90,1,+,C,G,mismatch,1904,698,1,FALSE
nlgn4a,157,157,1,+,A,C,mismatch,1904,698,1,FALSE
nlgn4a,163,163,1,+,A,C,mismatch,1904,698,1,FALSE
nlgn4a,90,90,1,+,C,G,mismatch,1905,716,1,FALSE
nlgn4a,90,90,1,+,C,G,mismatch,1906,716,1,FALSE
nlgn4a,89,89,1,+,G,T,mismatch,1907,707,1,FALSE
nlgn4a,153,153,1,+,G,C,mismatch,1907,707,1,FALSE
nlgn4a,89,89,1,+,G,T,mismatch,1908,716,1,FALSE
nlgn4a,89,89,1,+,G,T,mismatch,1909,716,1,FALSE
nlgn4a,88,88,1,+,C,G,mismatch,1910,716,1,FALSE
nlgn4a,88,88,1,+,C,G,mismatch,1911,716,1,FALSE
nlgn4a,88,88,1,+,C,G,mismatch,1912,741,1,FALSE
nlgn4a,88,88,1,+,C,G,mismatch,1913,716,1,FALSE
nlgn4a,87,87,1,+,C,G,mismatch,1914,716,1,FALSE
nlgn4a,87,87,1,+,C,G,mismatch,1915,716,1,FALSE
nlgn4a,87,87,1,+,C,G,mismatch,1916,716,1,FALSE
nlgn4a,87,87,1,+,C,T,mismatch,1917,741,1,FALSE
nlgn4a,85,85,1,+,A,C,mismatch,1918,716,1,FALSE
nlgn4a,85,85,1,+,A,C,mismatch,1919,716,1,FALSE
nlgn4a,85,85,1,+,A,G,mismatch,1920,716,1,FALSE
nlgn4a,85,85,1,+,A,G,mismatch,1921,716,1,FALSE
nlgn4a,85,85,1,+,A,G,mismatch,1922,741,1,FALSE
nlgn4a,85,85,1,+,A,T,mismatch,1923,707,1,FALSE
nlgn4a,167,167,1,+,T,A,mismatch,1923,707,1,FALSE
nlgn4a,84,84,1,+,C,G,mismatch,1924,716,1,FALSE
nlgn4a,84,84,1,+,C,G,mismatch,1925,716,1,FALSE
nlgn4a,135,135,1,+,T,A,mismatch,1926,716,1,FALSE
nlgn4a,139,139,1,+,T,C,mismatch,1927,707,1,FALSE
nlgn4a,181,181,1,+,A,C,mismatch,1927,707,1,FALSE
nlgn4a,139,139,1,+,T,G,mismatch,1928,716,1,FALSE
nlgn4a,140,140,1,+,G,C,mismatch,1929,716,1,FALSE
nlgn4a,145,145,1,+,T,A,mismatch,1930,716,1,FALSE
nlgn4a,145,145,1,+,T,C,mismatch,1931,716,1,FALSE
nlgn4a,145,145,1,+,T,G,mismatch,1932,716,1,FALSE
nlgn4a,145,145,1,+,T,G,mismatch,1933,716,1,FALSE
nlgn4a,146,146,1,+,T,C,mismatch,1934,716,1,FALSE
nlgn4a,148,148,1,+,C,A,mismatch,1935,716,1,FALSE
nlgn4a,148,148,1,+,C,A,mismatch,1936,716,1,FALSE
nlgn4a,153,153,1,+,G,A,mismatch,1937,707,1,FALSE
nlgn4a,194,194,1,+,A,G,mismatch,1937,707,1,FALSE
nlgn4a,154,154,1,+,C,A,mismatch,1938,716,1,FALSE
nlgn4a,161,161,1,+,G,C,mismatch,1939,716,1,FALSE
nlgn4a,167,167,1,+,T,G,mismatch,1940,716,1,FALSE
nlgn4a,169,169,1,+,T,G,mismatch,1941,716,1,FALSE
nlgn4a,170,170,1,+,T,G,mismatch,1942,716,1,FALSE
nlgn4a,175,175,1,+,C,A,mismatch,1943,716,1,FALSE
nlgn4a,182,182,1,+,C,A,mismatch,1944,716,1,FALSE
nlgn4a,186,186,1,+,G,A,mismatch,1945,716,1,FALSE
nlgn4a,196,196,1,+,G,C,mismatch,1946,716,1,FALSE
nlgn4a,198,198,1,+,G,C,mismatch,1947,716,1,FALSE
nlgn4a,197,197,1,+,A,C,mismatch,2092,716,1,FALSE
nlgn4a,192,192,1,+,C,G,mismatch,2093,716,1,FALSE
nlgn4a,189,189,1,+,A,G,mismatch,2094,716,1,FALSE
nlgn4a,187,187,1,+,G,T,mismatch,2095,716,1,FALSE
nlgn4a,181,181,1,+,A,G,mismatch,2096,716,1,FALSE
nlgn4a,181,181,1,+,A,G,mismatch,2097,716,1,FALSE
nlgn4a,177,177,1,+,A,G,mismatch,2098,716,1,FALSE
nlgn4a,176,176,1,+,G,T,mismatch,2099,716,1,FALSE
nlgn4a,168,168,1,+,A,C,mismatch,2100,707,1,FALSE
nlgn4a,196,196,1,+,G,C,mismatch,2100,707,1,FALSE
nlgn4a,168,168,1,+,A,G,mismatch,2101,716,1,FALSE
nlgn4a,166,166,1,+,C,G,mismatch,2102,716,1,FALSE
nlgn4a,164,164,1,+,C,G,mismatch,2103,716,1,FALSE
nlgn4a,163,163,1,+,A,G,mismatch,2104,716,1,FALSE
nlgn4a,162,162,1,+,C,G,mismatch,2105,716,1,FALSE
nlgn4a,161,161,1,+,G,T,mismatch,2106,716,1,FALSE
nlgn4a,160,160,1,+,A,G,mismatch,2107,707,1,FALSE
nlgn4a,195,195,1,+,A,C,mismatch,2107,707,1,FALSE
nlgn4a,157,157,1,+,A,G,mismatch,2108,716,1,FALSE
nlgn4a,149,149,1,+,A,G,mismatch,2109,716,1,FALSE
nlgn4a,147,147,1,+,A,C,mismatch,2110,716,1,FALSE
nlgn4a,84,84,1,+,C,T,mismatch,2111,716,1,FALSE
nlgn4a,84,84,1,+,C,T,mismatch,2112,716,1,FALSE
nlgn4a,81,81,1,+,G,T,mismatch,2113,741,1,FALSE
nlgn4a,81,81,1,+,G,T,mismatch,2114,707,1,FALSE
nlgn4a,102,102,1,+,C,G,mismatch,2114,707,1,FALSE
nlgn4a,80,80,1,+,G,T,mismatch,2115,716,1,FALSE
nlgn4a,78,78,1,+,A,C,mismatch,2116,689,1,FALSE
nlgn4a,183,183,1,+,T,A,mismatch,2116,689,1,FALSE
nlgn4a,78,78,1,+,A,C,mismatch,2117,741,1,FALSE
nlgn4a,78,78,1,+,A,G,mismatch,2118,732,1,FALSE
nlgn4a,138,138,1,+,C,T,mismatch,2118,732,1,FALSE
nlgn4a,78,78,1,+,A,T,mismatch,2119,716,1,FALSE
nlgn4a,77,77,1,+,C,G,mismatch,2120,716,1,FALSE
nlgn4a,77,77,1,+,C,T,mismatch,2121,716,1,FALSE
nlgn4a,76,76,1,+,C,T,mismatch,2122,732,1,FALSE
nlgn4a,80,80,1,+,G,C,mismatch,2122,732,1,FALSE
nlgn4a,75,75,1,+,A,C,mismatch,2123,741,1,FALSE
nlgn4a,75,75,1,+,A,C,mismatch,2124,716,1,FALSE
nlgn4a,75,75,1,+,A,G,mismatch,2125,716,1,FALSE
nlgn4a,75,75,1,+,A,G,mismatch,2126,716,1,FALSE
nlgn4a,75,75,1,+,A,G,mismatch,2127,741,1,FALSE
nlgn4a,75,75,1,+,A,G,mismatch,2128,707,1,FALSE
nlgn4a,164,164,1,+,C,A,mismatch,2128,707,1,FALSE
nlgn4a,75,75,1,+,A,T,mismatch,2129,716,1,FALSE
nlgn4a,75,75,1,+,A,T,mismatch,2130,716,1,FALSE
nlgn4a,72,72,1,+,C,G,mismatch,2131,707,1,FALSE
nlgn4a,175,175,1,+,C,G,mismatch,2131,707,1,FALSE
nlgn4a,72,72,1,+,C,T,mismatch,2132,741,1,FALSE
nlgn4a,71,71,1,+,A,C,mismatch,2133,716,1,FALSE
nlgn4a,71,71,1,+,A,C,mismatch,2134,741,1,FALSE
nlgn4a,71,71,1,+,A,C,mismatch,2135,707,1,FALSE
nlgn4a,93,93,1,+,G,T,mismatch,2135,707,1,FALSE
nlgn4a,71,71,1,+,A,G,mismatch,2136,716,1,FALSE
nlgn4a,71,71,1,+,A,G,mismatch,2137,741,1,FALSE
nlgn4a,71,71,1,+,A,T,mismatch,2138,716,1,FALSE
nlgn4a,70,70,1,+,C,G,mismatch,2139,741,1,FALSE
nlgn4a,70,70,1,+,C,G,mismatch,2140,716,1,FALSE
nlgn4a,70,70,1,+,C,T,mismatch,2141,716,1,FALSE
nlgn4a,69,69,1,+,C,G,mismatch,2142,741,1,FALSE
nlgn4a,69,69,1,+,C,T,mismatch,2143,716,1,FALSE
nlgn4a,69,69,1,+,C,T,mismatch,2144,716,1,FALSE
nlgn4a,69,69,1,+,C,T,mismatch,2145,716,1,FALSE
nlgn4a,68,68,1,+,A,C,mismatch,2146,707,1,FALSE
nlgn4a,157,157,1,+,A,G,mismatch,2146,707,1,FALSE
nlgn4a,68,68,1,+,A,C,mismatch,2147,716,1,FALSE
nlgn4a,68,68,1,+,A,G,mismatch,2148,716,1,FALSE
nlgn4a,68,68,1,+,A,G,mismatch,2149,716,1,FALSE
nlgn4a,66,66,1,+,A,C,mismatch,2150,716,1,FALSE
nlgn4a,66,66,1,+,A,C,mismatch,2151,716,1,FALSE
nlgn4a,66,66,1,+,A,G,mismatch,2152,716,1,FALSE
nlgn4a,66,66,1,+,A,T,mismatch,2153,716,1,FALSE
nlgn4a,66,66,1,+,A,T,mismatch,2154,716,1,FALSE
nlgn4a,66,66,1,+,A,T,mismatch,2155,716,1,FALSE
nlgn4a,66,66,1,+,A,T,mismatch,2156,707,1,FALSE
nlgn4a,179,179,1,+,A,C,mismatch,2156,707,1,FALSE
nlgn4a,65,65,1,+,G,T,mismatch,2157,716,1,FALSE
nlgn4a,62,62,1,+,A,C,mismatch,2158,716,1,FALSE
nlgn4a,62,62,1,+,A,G,mismatch,2159,716,1,FALSE
nlgn4a,62,62,1,+,A,T,mismatch,2160,716,1,FALSE
nlgn4a,61,61,1,+,C,T,mismatch,2161,716,1,FALSE
nlgn4a,60,60,1,+,C,G,mismatch,2162,698,1,FALSE
nlgn4a,65,65,1,+,G,A,mismatch,2162,698,1,FALSE
nlgn4a,105,105,1,+,C,A,mismatch,2162,698,1,FALSE
nlgn4a,60,60,1,+,C,T,mismatch,2163,716,1,FALSE
nlgn4a,59,59,1,+,C,G,mismatch,2164,716,1,FALSE
nlgn4a,59,59,1,+,C,T,mismatch,2165,716,1,FALSE
nlgn4a,59,59,1,+,C,T,mismatch,2166,716,1,FALSE
nlgn4a,58,58,1,+,C,T,mismatch,2167,716,1,FALSE
nlgn4a,58,58,1,+,C,T,mismatch,2168,732,1,FALSE
nlgn4a,143,143,1,+,C,T,mismatch,2168,732,1,FALSE
nlgn4a,58,58,1,+,C,T,mismatch,2169,716,1,FALSE
nlgn4a,57,57,1,+,A,C,mismatch,2170,716,1,FALSE
nlgn4a,57,57,1,+,A,C,mismatch,2171,716,1,FALSE
nlgn4a,57,57,1,+,A,G,mismatch,2172,716,1,FALSE
nlgn4a,57,57,1,+,A,T,mismatch,2173,716,1,FALSE
nlgn4a,57,57,1,+,A,T,mismatch,2174,707,1,FALSE
nlgn4a,118,118,1,+,T,C,mismatch,2174,707,1,FALSE
nlgn4a,57,57,1,+,A,T,mismatch,2175,741,1,FALSE
nlgn4a,56,56,1,+,A,C,mismatch,2176,698,1,FALSE
nlgn4a,67,67,1,+,T,C,mismatch,2176,698,1,FALSE
nlgn4a,192,192,1,+,C,A,mismatch,2176,698,1,FALSE
nlgn4a,55,55,1,+,G,T,mismatch,2177,716,1,FALSE
nlgn4a,55,55,1,+,G,T,mismatch,2178,716,1,FALSE
nlgn4a,55,55,1,+,G,T,mismatch,2179,716,1,FALSE
nlgn4a,55,55,1,+,G,T,mismatch,2180,707,1,FALSE
nlgn4a,111,111,1,+,A,C,mismatch,2180,707,1,FALSE
nlgn4a,54,54,1,+,G,T,mismatch,2181,716,1,FALSE
nlgn4a,54,54,1,+,G,T,mismatch,2182,716,1,FALSE
nlgn4a,53,53,1,+,A,C,mismatch,2183,741,1,FALSE
nlgn4a,53,53,1,+,A,T,mismatch,2184,716,1,FALSE
nlgn4a,52,52,1,+,G,T,mismatch,2185,716,1,FALSE
nlgn4a,52,52,1,+,G,T,mismatch,2186,716,1,FALSE
nlgn4a,52,52,1,+,G,T,mismatch,2187,716,1,FALSE
nlgn4a,51,51,1,+,A,C,mismatch,2188,732,1,FALSE
nlgn4a,64,64,1,+,G,A,mismatch,2188,732,1,FALSE
nlgn4a,51,51,1,+,A,C,mismatch,2189,716,1,FALSE
nlgn4a,51,51,1,+,A,C,mismatch,2190,707,1,FALSE
nlgn4a,174,174,1,+,A,G,mismatch,2190,707,1,FALSE
nlgn4a,51,51,1,+,A,C,mismatch,2191,716,1,FALSE
nlgn4a,51,51,1,+,A,C,mismatch,2192,716,1,FALSE
nlgn4a,51,51,1,+,A,C,mismatch,2193,716,1,FALSE
nlgn4a,51,51,1,+,A,C,mismatch,2194,707,1,FALSE
nlgn4a,55,55,1,+,G,T,mismatch,2194,707,1,FALSE
nlgn4a,51,51,1,+,A,G,mismatch,2195,716,1,FALSE
nlgn4a,50,50,1,+,C,G,mismatch,2196,716,1,FALSE
nlgn4a,50,50,1,+,C,G,mismatch,2197,716,1,FALSE
nlgn4a,50,50,1,+,C,G,mismatch,2198,716,1,FALSE
nlgn4a,48,48,1,+,C,G,mismatch,2199,716,1,FALSE
nlgn4a,48,48,1,+,C,G,mismatch,2200,716,1,FALSE
nlgn4a,48,48,1,+,C,G,mismatch,2201,707,1,FALSE
nlgn4a,206,206,1,+,A,C,mismatch,2201,707,1,FALSE
nlgn4a,48,48,1,+,C,T,mismatch,2202,716,1,FALSE
nlgn4a,48,48,1,+,C,T,mismatch,2203,716,1,FALSE
nlgn4a,48,48,1,+,C,T,mismatch,2204,741,1,FALSE
nlgn4a,47,47,1,+,G,T,mismatch,2205,716,1,FALSE
nlgn4a,46,46,1,+,G,T,mismatch,2206,707,1,FALSE
nlgn4a,174,174,1,+,A,G,mismatch,2206,707,1,FALSE
nlgn4a,46,46,1,+,G,T,mismatch,2207,741,1,FALSE
nlgn4a,46,46,1,+,G,T,mismatch,2208,716,1,FALSE
nlgn4a,45,45,1,+,C,T,mismatch,2209,716,1,FALSE
nlgn4a,45,45,1,+,C,T,mismatch,2210,716,1,FALSE
nlgn4a,44,44,1,+,A,G,mismatch,2211,716,1,FALSE
nlgn4a,44,44,1,+,A,G,mismatch,2212,716,1,FALSE
nlgn4a,44,44,1,+,A,G,mismatch,2213,716,1,FALSE
nlgn4a,44,44,1,+,A,T,mismatch,2214,716,1,FALSE
nlgn4a,43,43,1,+,C,G,mismatch,2215,716,1,FALSE
nlgn4a,43,43,1,+,C,G,mismatch,2216,716,1,FALSE
nlgn4a,43,43,1,+,C,G,mismatch,2217,716,1,FALSE
nlgn4a,43,43,1,+,C,T,mismatch,2218,716,1,FALSE
nlgn4a,39,39,1,+,A,C,mismatch,2219,716,1,FALSE
nlgn4a,39,39,1,+,A,G,mismatch,2220,707,1,FALSE
nlgn4a,98,98,1,+,T,A,mismatch,2220,707,1,FALSE
nlgn4a,36,36,1,+,A,T,mismatch,2221,716,1,FALSE
nlgn4a,35,35,1,+,G,T,mismatch,2222,716,1,FALSE
nlgn4a,35,35,1,+,G,T,mismatch,2223,716,1,FALSE
nlgn4a,35,35,1,+,G,T,mismatch,2224,716,1,FALSE
nlgn4a,32,32,1,+,C,G,mismatch,2225,716,1,FALSE
nlgn4a,32,32,1,+,C,G,mismatch,2226,741,1,FALSE
nlgn4a,32,32,1,+,C,T,mismatch,2227,723,1,FALSE
nlgn4a,59,59,1,+,C,T,mismatch,2227,723,1,FALSE
nlgn4a,61,61,1,+,C,T,mismatch,2227,723,1,FALSE
nlgn4a,31,31,1,+,G,T,mismatch,2228,716,1,FALSE
nlgn4a,30,30,1,+,A,C,mismatch,2229,716,1,FALSE
nlgn4a,30,30,1,+,A,G,mismatch,2230,716,1,FALSE
nlgn4a,28,28,1,+,G,T,mismatch,2231,732,1,FALSE
nlgn4a,99,99,1,+,C,A,mismatch,2231,732,1,FALSE
nlgn4a,28,28,1,+,G,T,mismatch,2232,716,1,FALSE
nlgn4a,27,27,1,+,C,G,mismatch,2233,716,1,FALSE
nlgn4a,27,27,1,+,C,G,mismatch,2234,716,1,FALSE
nlgn4a,26,26,1,+,C,T,mismatch,2235,716,1,FALSE
nlgn4a,25,25,1,+,A,G,mismatch,2236,741,1,FALSE
nlgn4a,24,24,1,+,A,C,mismatch,2237,716,1,FALSE
nlgn4a,23,23,1,+,C,G,mismatch,2238,716,1,FALSE
nlgn4a,23,23,1,+,C,G,mismatch,2239,716,1,FALSE
nlgn4a,177,177,1,+,A,G,mismatch,2241,707,1,FALSE
nlgn4a,63,63,1,+,T,C,mismatch,2246,707,1,FALSE
nlgn4a,153,153,1,+,G,T,mismatch,2248,707,1,FALSE
nlgn4a,97,97,1,+,C,T,mismatch,2251,707,1,FALSE
nlgn4a,164,164,1,+,C,A,mismatch,2255,707,1,FALSE
nlgn4a,179,179,1,+,A,C,mismatch,2264,707,1,FALSE
nlgn4a,46,46,1,+,G,A,mismatch,2268,698,1,FALSE
nlgn4a,157,157,1,+,A,T,mismatch,2268,698,1,FALSE
nlgn4a,47,47,1,+,G,T,mismatch,2277,707,1,FALSE
nlgn4a,177,177,1,+,A,G,mismatch,2116,689,1,FALSE
nlgn4a,178,178,1,+,C,T,mismatch,2116,689,1,FALSE
nlgn4a,224,224,1,-,"",A,insertion,752,677,1,FALSE
nlgn4a,123,138,16,-,"","",deletion,1,725,78,FALSE
nlgn4a,84,131,48,-,"","",deletion,2,725,74,FALSE
nlgn4a,109,146,38,-,"","",deletion,4,725,66,FALSE
nlgn4a,119,183,65,-,"","",deletion,5,725,64,FALSE
nlgn4a,128,147,20,-,"","",deletion,6,725,64,FALSE
nlgn4a,79,139,61,-,"","",deletion,7,725,58,FALSE
nlgn4a,120,137,18,-,"","",deletion,8,725,55,FALSE
nlgn4a,111,150,40,-,"","",deletion,9,725,54,FALSE
nlgn4a,94,140,47,-,"","",deletion,10,725,47,FALSE
nlgn4a,100,137,38,-,"","",deletion,11,725,36,FALSE
nlgn4a,109,146,38,-,"","",deletion,12,716,3,FALSE
nlgn4a,109,146,38,-,"","",deletion,13,716,3,FALSE
nlgn4a,123,138,16,-,"","",deletion,14,716,3,FALSE
nlgn4a,84,131,48,-,"","",deletion,15,716,3,FALSE
nlgn4a,79,139,61,-,"","",deletion,16,716,2,FALSE
nlgn4a,79,139,61,-,"","",deletion,17,716,2,FALSE
nlgn4a,79,139,61,-,"","",deletion,18,716,2,FALSE
nlgn4a,79,139,61,-,"","",deletion,19,716,2,FALSE
nlgn4a,79,139,61,-,"","",deletion,20,716,2,FALSE
nlgn4a,79,139,61,-,"","",deletion,21,725,2,FALSE
nlgn4a,79,139,61,-,"","",deletion,22,725,2,FALSE
nlgn4a,100,137,38,-,"","",deletion,23,716,2,FALSE
nlgn4a,100,137,38,-,"","",deletion,24,716,2,FALSE
nlgn4a,100,137,38,-,"","",deletion,25,716,2,FALSE
nlgn4a,100,137,38,-,"","",deletion,26,716,2,FALSE
nlgn4a,109,146,38,-,"","",deletion,27,716,2,FALSE
nlgn4a,109,146,38,-,"","",deletion,28,716,2,FALSE
nlgn4a,109,146,38,-,"","",deletion,29,716,2,FALSE
nlgn4a,109,146,38,-,"","",deletion,30,716,2,FALSE
nlgn4a,109,146,38,-,"","",deletion,31,716,2,FALSE
nlgn4a,109,146,38,-,"","",deletion,32,716,2,FALSE
nlgn4a,119,183,65,-,"","",deletion,33,716,2,FALSE
nlgn4a,119,183,65,-,"","",deletion,34,716,2,FALSE
nlgn4a,119,183,65,-,"","",deletion,35,716,2,FALSE
nlgn4a,119,183,65,-,"","",deletion,36,716,2,FALSE
nlgn4a,120,137,18,-,"","",deletion,37,716,2,FALSE
nlgn4a,120,137,18,-,"","",deletion,38,716,2,FALSE
nlgn4a,128,147,20,-,"","",deletion,39,716,2,FALSE
nlgn4a,128,147,20,-,"","",deletion,40,716,2,FALSE
nlgn4a,128,147,20,-,"","",deletion,41,716,2,FALSE
nlgn4a,123,138,16,-,"","",deletion,50,716,2,FALSE
nlgn4a,123,138,16,-,"","",deletion,51,716,2,FALSE
nlgn4a,123,138,16,-,"","",deletion,52,716,2,FALSE
nlgn4a,123,138,16,-,"","",deletion,53,716,2,FALSE
nlgn4a,123,138,16,-,"","",deletion,54,716,2,FALSE
nlgn4a,123,138,16,-,"","",deletion,55,716,2,FALSE
nlgn4a,111,150,40,-,"","",deletion,56,716,2,FALSE
nlgn4a,111,150,40,-,"","",deletion,57,716,2,FALSE
nlgn4a,111,150,40,-,"","",deletion,58,716,2,FALSE
nlgn4a,111,150,40,-,"","",deletion,59,716,2,FALSE
nlgn4a,111,150,40,-,"","",deletion,60,716,2,FALSE
nlgn4a,111,150,40,-,"","",deletion,61,716,2,FALSE
nlgn4a,111,150,40,-,"","",deletion,62,716,2,FALSE
nlgn4a,94,140,47,-,"","",deletion,63,716,2,FALSE
nlgn4a,94,140,47,-,"","",deletion,64,716,2,FALSE
nlgn4a,128,147,20,-,"","",deletion,65,725,2,FALSE
nlgn4a,84,131,48,-,"","",deletion,66,716,2,FALSE
nlgn4a,84,131,48,-,"","",deletion,67,716,2,FALSE
nlgn4a,84,131,48,-,"","",deletion,68,716,2,FALSE
nlgn4a,84,131,48,-,"","",deletion,69,716,2,FALSE
nlgn4a,84,131,48,-,"","",deletion,70,716,2,FALSE
nlgn4a,84,131,48,-,"","",deletion,71,716,2,FALSE
nlgn4a,84,131,48,-,"","",deletion,72,716,2,FALSE
nlgn4a,84,131,48,-,"","",deletion,73,716,2,FALSE
nlgn4a,84,131,48,-,"","",deletion,74,716,2,FALSE
nlgn4a,84,131,48,-,"","",deletion,75,716,2,FALSE
nlgn4a,119,183,65,-,"","",deletion,76,725,2,FALSE
nlgn4a,100,137,38,-,"","",deletion,77,716,1,FALSE
nlgn4a,111,150,40,-,"","",deletion,78,707,1,FALSE
nlgn4a,94,140,47,-,"","",deletion,79,716,1,FALSE
nlgn4a,84,131,48,-,"","",deletion,80,707,1,FALSE
nlgn4a,94,140,47,-,"","",deletion,81,716,1,FALSE
nlgn4a,120,137,18,-,"","",deletion,82,716,1,FALSE
nlgn4a,109,146,38,-,"","",deletion,83,707,1,FALSE
nlgn4a,123,138,16,-,"","",deletion,84,716,1,FALSE
nlgn4a,94,140,47,-,"","",deletion,85,716,1,FALSE
nlgn4a,79,139,61,-,"","",deletion,86,716,1,FALSE
nlgn4a,109,146,38,-,"","",deletion,87,698,1,FALSE
nlgn4a,94,140,47,-,"","",deletion,88,716,1,FALSE
nlgn4a,120,137,18,-,"","",deletion,89,716,1,FALSE
nlgn4a,84,131,48,-,"","",deletion,90,689,1,FALSE
nlgn4a,119,183,65,-,"","",deletion,91,725,1,FALSE
nlgn4a,109,146,38,-,"","",deletion,92,698,1,FALSE
nlgn4a,94,140,47,-,"","",deletion,94,716,1,FALSE
nlgn4a,109,146,38,-,"","",deletion,95,716,1,FALSE
nlgn4a,79,139,61,-,"","",deletion,96,716,1,FALSE
nlgn4a,111,150,40,-,"","",deletion,97,680,1,FALSE
nlgn4a,109,146,38,-,"","",deletion,98,707,1,FALSE
nlgn4a,100,137,38,-,"","",deletion,99,716,1,FALSE
nlgn4a,120,137,18,-,"","",deletion,100,698,1,FALSE
nlgn4a,123,138,16,-,"","",deletion,101,707,1,FALSE
nlgn4a,84,131,48,-,"","",deletion,102,716,1,FALSE
nlgn4a,100,137,38,-,"","",deletion,104,689,1,FALSE
nlgn4a,111,150,40,-,"","",deletion,105,725,1,FALSE
nlgn4a,100,137,38,-,"","",deletion,106,707,1,FALSE
nlgn4a,109,146,38,-,"","",deletion,107,725,1,FALSE
nlgn4a,109,146,38,-,"","",deletion,108,689,1,FALSE
nlgn4a,123,138,16,-,"","",deletion,109,707,1,FALSE
nlgn4a,109,146,38,-,"","",deletion,110,707,1,FALSE
nlgn4a,123,138,16,-,"","",deletion,111,725,1,FALSE
nlgn4a,111,150,40,-,"","",deletion,112,707,1,FALSE
nlgn4a,128,147,20,-,"","",deletion,113,725,1,FALSE
nlgn4a,94,140,47,-,"","",deletion,114,716,1,FALSE
nlgn4a,128,147,20,-,"","",deletion,115,725,1,FALSE
nlgn4a,100,137,38,-,"","",deletion,116,716,1,FALSE
nlgn4a,120,137,18,-,"","",deletion,117,698,1,FALSE
nlgn4a,109,146,38,-,"","",deletion,118,716,1,FALSE
nlgn4a,109,146,38,-,"","",deletion,119,725,1,FALSE
nlgn4a,128,147,20,-,"","",deletion,121,707,1,FALSE
nlgn4a,119,183,65,-,"","",deletion,122,707,1,FALSE
nlgn4a,111,150,40,-,"","",deletion,123,716,1,FALSE
nlgn4a,100,137,38,-,"","",deletion,124,725,1,FALSE
nlgn4a,100,137,38,-,"","",deletion,126,725,1,FALSE
nlgn4a,79,139,61,-,"","",deletion,127,716,1,FALSE
nlgn4a,119,183,65,-,"","",deletion,128,716,1,FALSE
nlgn4a,94,140,47,-,"","",deletion,129,716,1,FALSE
nlgn4a,79,139,61,-,"","",deletion,130,707,1,FALSE
nlgn4a,79,139,61,-,"","",deletion,131,725,1,FALSE
nlgn4a,109,146,38,-,"","",deletion,132,725,1,FALSE
nlgn4a,128,147,20,-,"","",deletion,133,725,1,FALSE
nlgn4a,128,147,20,-,"","",deletion,134,725,1,FALSE
nlgn4a,123,138,16,-,"","",deletion,135,707,1,FALSE
nlgn4a,123,138,16,-,"","",deletion,136,707,1,FALSE
nlgn4a,84,131,48,-,"","",deletion,137,680,1,FALSE
nlgn4a,79,139,61,-,"","",deletion,138,716,1,FALSE
nlgn4a,109,146,38,-,"","",deletion,139,725,1,FALSE
nlgn4a,128,147,20,-,"","",deletion,140,707,1,FALSE
nlgn4a,100,137,38,-,"","",deletion,141,716,1,FALSE
nlgn4a,94,140,47,-,"","",deletion,142,689,1,FALSE
nlgn4a,119,183,65,-,"","",deletion,143,716,1,FALSE
nlgn4a,123,138,16,-,"","",deletion,146,716,1,FALSE
nlgn4a,123,138,16,-,"","",deletion,147,698,1,FALSE
nlgn4a,111,150,40,-,"","",deletion,148,725,1,FALSE
nlgn4a,119,183,65,-,"","",deletion,149,716,1,FALSE
nlgn4a,128,147,20,-,"","",deletion,150,698,1,FALSE
nlgn4a,120,137,18,-,"","",deletion,152,716,1,FALSE
nlgn4a,119,183,65,-,"","",deletion,153,689,1,FALSE
nlgn4a,79,139,61,-,"","",deletion,154,716,1,FALSE
nlgn4a,100,137,38,-,"","",deletion,155,716,1,FALSE
nlgn4a,128,147,20,-,"","",deletion,156,689,1,FALSE
nlgn4a,111,150,40,-,"","",deletion,157,689,1,FALSE
nlgn4a,84,131,48,-,"","",deletion,159,716,1,FALSE
nlgn4a,128,147,20,-,"","",deletion,160,698,1,FALSE
nlgn4a,123,138,16,-,"","",deletion,161,716,1,FALSE
nlgn4a,79,139,61,-,"","",deletion,162,725,1,FALSE
nlgn4a,119,183,65,-,"","",deletion,163,707,1,FALSE
nlgn4a,123,138,16,-,"","",deletion,164,689,1,FALSE
nlgn4a,79,139,61,-,"","",deletion,165,698,1,FALSE
nlgn4a,100,137,38,-,"","",deletion,166,725,1,FALSE
nlgn4a,123,138,16,-,"","",deletion,167,716,1,FALSE
nlgn4a,94,140,47,-,"","",deletion,168,698,1,FALSE
nlgn4a,119,183,65,-,"","",deletion,169,725,1,FALSE
nlgn4a,100,137,38,-,"","",deletion,170,725,1,FALSE
nlgn4a,120,137,18,-,"","",deletion,171,707,1,FALSE
nlgn4a,84,131,48,-,"","",deletion,172,725,1,FALSE
nlgn4a,119,183,65,-,"","",deletion,173,707,1,FALSE
nlgn4a,100,137,38,-,"","",deletion,174,725,1,FALSE
nlgn4a,109,146,38,-,"","",deletion,175,707,1,FALSE
nlgn4a,120,137,18,-,"","",deletion,176,716,1,FALSE
nlgn4a,119,183,65,-,"","",deletion,177,707,1,FALSE
nlgn4a,111,150,40,-,"","",deletion,178,698,1,FALSE
nlgn4a,128,147,20,-,"","",deletion,179,716,1,FALSE
nlgn4a,128,147,20,-,"","",deletion,180,707,1,FALSE
nlgn4a,84,131,48,-,"","",deletion,182,716,1,FALSE
nlgn4a,79,139,61,-,"","",deletion,183,707,1,FALSE
nlgn4a,84,131,48,-,"","",deletion,185,707,1,FALSE
nlgn4a,120,137,18,-,"","",deletion,186,716,1,FALSE
nlgn4a,128,147,20,-,"","",deletion,187,707,1,FALSE
nlgn4a,128,147,20,-,"","",deletion,188,707,1,FALSE
nlgn4a,109,146,38,-,"","",deletion,189,725,1,FALSE
nlgn4a,94,140,47,-,"","",deletion,190,716,1,FALSE
nlgn4a,120,137,18,-,"","",deletion,191,725,1,FALSE
nlgn4a,120,137,18,-,"","",deletion,192,716,1,FALSE
nlgn4a,111,150,40,-,"","",deletion,193,716,1,FALSE
nlgn4a,94,140,47,-,"","",deletion,194,725,1,FALSE
nlgn4a,123,138,16,-,"","",deletion,195,716,1,FALSE
nlgn4a,109,146,38,-,"","",deletion,196,716,1,FALSE
nlgn4a,123,138,16,-,"","",deletion,197,698,1,FALSE
nlgn4a,84,131,48,-,"","",deletion,198,707,1,FALSE
nlgn4a,81,141,61,-,"","",deletion,199,707,1,FALSE
nlgn4a,79,139,61,-,"","",deletion,200,716,1,FALSE
nlgn4a,100,137,38,-,"","",deletion,201,716,1,FALSE
nlgn4a,123,138,16,-,"","",deletion,202,725,1,FALSE
nlgn4a,123,138,16,-,"","",deletion,203,716,1,FALSE
nlgn4a,79,139,61,-,"","",deletion,204,707,1,FALSE
nlgn4a,109,146,38,-,"","",deletion,205,707,1,FALSE
nlgn4a,123,138,16,-,"","",deletion,206,716,1,FALSE
nlgn4a,79,139,61,-,"","",deletion,207,716,1,FALSE
nlgn4a,111,150,40,-,"","",deletion,208,716,1,FALSE
nlgn4a,79,139,61,-,"","",deletion,209,725,1,FALSE
nlgn4a,100,137,38,-,"","",deletion,210,725,1,FALSE
nlgn4a,79,139,61,-,"","",deletion,211,707,1,FALSE
nlgn4a,84,131,48,-,"","",deletion,212,725,1,FALSE
nlgn4a,109,146,38,-,"","",deletion,213,725,1,FALSE
nlgn4a,84,131,48,-,"","",deletion,214,725,1,FALSE
nlgn4a,128,147,20,-,"","",deletion,215,725,1,FALSE
nlgn4a,79,139,61,-,"","",deletion,216,725,1,FALSE
nlgn4a,79,139,61,-,"","",deletion,217,725,1,FALSE
nlgn4a,79,139,61,-,"","",deletion,218,725,1,FALSE
nlgn4a,79,139,61,-,"","",deletion,219,698,1,FALSE
nlgn4a,79,139,61,-,"","",deletion,220,725,1,FALSE
nlgn4a,79,139,61,-,"","",deletion,221,725,1,FALSE
nlgn4a,79,139,61,-,"","",deletion,222,716,1,FALSE
nlgn4a,79,139,61,-,"","",deletion,223,707,1,FALSE
nlgn4a,79,139,61,-,"","",deletion,224,716,1,FALSE
nlgn4a,79,139,61,-,"","",deletion,225,725,1,FALSE
nlgn4a,79,139,61,-,"","",deletion,226,725,1,FALSE
nlgn4a,79,139,61,-,"","",deletion,227,707,1,FALSE
nlgn4a,79,139,61,-,"","",deletion,228,707,1,FALSE
nlgn4a,79,139,61,-,"","",deletion,229,707,1,FALSE
nlgn4a,79,139,61,-,"","",deletion,230,716,1,FALSE
nlgn4a,79,139,61,-,"","",deletion,231,725,1,FALSE
nlgn4a,79,139,61,-,"","",deletion,232,725,1,FALSE
nlgn4a,79,139,61,-,"","",deletion,233,689,1,FALSE
nlgn4a,79,139,61,-,"","",deletion,234,689,1,FALSE
nlgn4a,79,139,61,-,"","",deletion,235,725,1,FALSE
nlgn4a,79,139,61,-,"","",deletion,236,716,1,FALSE
nlgn4a,79,139,61,-,"","",deletion,237,707,1,FALSE
nlgn4a,79,139,61,-,"","",deletion,238,716,1,FALSE
nlgn4a,79,139,61,-,"","",deletion,239,707,1,FALSE
nlgn4a,79,139,61,-,"","",deletion,240,716,1,FALSE
nlgn4a,79,139,61,-,"","",deletion,241,689,1,FALSE
nlgn4a,79,139,61,-,"","",deletion,242,707,1,FALSE
nlgn4a,79,139,61,-,"","",deletion,243,698,1,FALSE
nlgn4a,79,139,61,-,"","",deletion,244,707,1,FALSE
nlgn4a,79,139,61,-,"","",deletion,245,707,1,FALSE
nlgn4a,79,139,61,-,"","",deletion,246,698,1,FALSE
nlgn4a,79,139,61,-,"","",deletion,247,716,1,FALSE
nlgn4a,79,139,61,-,"","",deletion,248,689,1,FALSE
nlgn4a,79,139,61,-,"","",deletion,249,698,1,FALSE
nlgn4a,79,139,61,-,"","",deletion,250,707,1,FALSE
nlgn4a,79,139,61,-,"","",deletion,251,707,1,FALSE
nlgn4a,79,139,61,-,"","",deletion,252,716,1,FALSE
nlgn4a,79,139,61,-,"","",deletion,253,716,1,FALSE
nlgn4a,79,139,61,-,"","",deletion,254,698,1,FALSE
nlgn4a,79,139,61,-,"","",deletion,255,698,1,FALSE
nlgn4a,79,139,61,-,"","",deletion,256,716,1,FALSE
nlgn4a,79,139,61,-,"","",deletion,257,707,1,FALSE
nlgn4a,79,139,61,-,"","",deletion,258,698,1,FALSE
nlgn4a,79,139,61,-,"","",deletion,259,707,1,FALSE
nlgn4a,79,139,61,-,"","",deletion,260,707,1,FALSE
nlgn4a,79,139,61,-,"","",deletion,261,707,1,FALSE
nlgn4a,79,139,61,-,"","",deletion,262,716,1,FALSE
nlgn4a,79,139,61,-,"","",deletion,263,716,1,FALSE
nlgn4a,79,139,61,-,"","",deletion,264,698,1,FALSE
nlgn4a,81,141,61,-,"","",deletion,265,716,1,FALSE
nlgn4a,79,139,61,-,"","",deletion,266,698,1,FALSE
nlgn4a,79,139,61,-,"","",deletion,267,707,1,FALSE
nlgn4a,79,139,61,-,"","",deletion,268,707,1,FALSE
nlgn4a,79,139,61,-,"","",deletion,269,689,1,FALSE
nlgn4a,79,139,61,-,"","",deletion,270,716,1,FALSE
nlgn4a,79,139,61,-,"","",deletion,271,689,1,FALSE
nlgn4a,79,139,61,-,"","",deletion,272,689,1,FALSE
nlgn4a,79,139,61,-,"","",deletion,273,698,1,FALSE
nlgn4a,79,139,61,-,"","",deletion,274,689,1,FALSE
nlgn4a,79,139,61,-,"","",deletion,275,716,1,FALSE
nlgn4a,79,139,61,-,"","",deletion,276,716,1,FALSE
nlgn4a,79,139,61,-,"","",deletion,277,707,1,FALSE
nlgn4a,79,139,61,-,"","",deletion,278,707,1,FALSE
nlgn4a,79,139,61,-,"","",deletion,279,716,1,FALSE
nlgn4a,79,139,61,-,"","",deletion,280,707,1,FALSE
nlgn4a,79,139,61,-,"","",deletion,281,698,1,FALSE
nlgn4a,79,139,61,-,"","",deletion,282,698,1,FALSE
nlgn4a,79,139,61,-,"","",deletion,283,716,1,FALSE
nlgn4a,79,139,61,-,"","",deletion,284,716,1,FALSE
nlgn4a,79,139,61,-,"","",deletion,285,707,1,FALSE
nlgn4a,79,139,61,-,"","",deletion,286,707,1,FALSE
nlgn4a,79,139,61,-,"","",deletion,287,707,1,FALSE
nlgn4a,79,139,61,-,"","",deletion,288,698,1,FALSE
nlgn4a,79,139,61,-,"","",deletion,289,716,1,FALSE
nlgn4a,79,139,61,-,"","",deletion,290,707,1,FALSE
nlgn4a,79,139,61,-,"","",deletion,291,707,1,FALSE
nlgn4a,79,139,61,-,"","",deletion,292,698,1,FALSE
nlgn4a,79,139,61,-,"","",deletion,293,716,1,FALSE
nlgn4a,79,139,61,-,"","",deletion,294,707,1,FALSE
nlgn4a,79,139,61,-,"","",deletion,295,716,1,FALSE
nlgn4a,79,139,61,-,"","",deletion,296,707,1,FALSE
nlgn4a,79,139,61,-,"","",deletion,297,698,1,FALSE
nlgn4a,79,139,61,-,"","",deletion,298,707,1,FALSE
nlgn4a,79,139,61,-,"","",deletion,299,698,1,FALSE
nlgn4a,79,139,61,-,"","",deletion,300,716,1,FALSE
nlgn4a,79,139,61,-,"","",deletion,301,707,1,FALSE
nlgn4a,79,139,61,-,"","",deletion,302,707,1,FALSE
nlgn4a,79,139,61,-,"","",deletion,303,716,1,FALSE
nlgn4a,79,139,61,-,"","",deletion,304,707,1,FALSE
nlgn4a,79,139,61,-,"","",deletion,305,716,1,FALSE
nlgn4a,79,139,61,-,"","",deletion,306,716,1,FALSE
nlgn4a,81,141,61,-,"","",deletion,307,716,1,FALSE
nlgn4a,79,139,61,-,"","",deletion,308,716,1,FALSE
nlgn4a,81,141,61,-,"","",deletion,309,725,1,FALSE
nlgn4a,79,139,61,-,"","",deletion,310,716,1,FALSE
nlgn4a,79,139,61,-,"","",deletion,311,707,1,FALSE
nlgn4a,79,139,61,-,"","",deletion,312,707,1,FALSE
nlgn4a,79,139,61,-,"","",deletion,313,716,1,FALSE
nlgn4a,79,139,61,-,"","",deletion,314,707,1,FALSE
nlgn4a,79,139,61,-,"","",deletion,315,707,1,FALSE
nlgn4a,79,139,61,-,"","",deletion,316,716,1,FALSE
nlgn4a,79,139,61,-,"","",deletion,317,716,1,FALSE
nlgn4a,79,139,61,-,"","",deletion,318,716,1,FALSE
nlgn4a,79,139,61,-,"","",deletion,319,716,1,FALSE
nlgn4a,79,139,61,-,"","",deletion,320,716,1,FALSE
nlgn4a,79,139,61,-,"","",deletion,321,716,1,FALSE
nlgn4a,79,139,61,-,"","",deletion,322,716,1,FALSE
nlgn4a,79,139,61,-,"","",deletion,323,707,1,FALSE
nlgn4a,79,139,61,-,"","",deletion,324,716,1,FALSE
nlgn4a,79,139,61,-,"","",deletion,325,716,1,FALSE
nlgn4a,79,139,61,-,"","",deletion,326,716,1,FALSE
nlgn4a,79,139,61,-,"","",deletion,327,716,1,FALSE
nlgn4a,79,139,61,-,"","",deletion,328,716,1,FALSE
nlgn4a,79,139,61,-,"","",deletion,329,716,1,FALSE
nlgn4a,79,139,61,-,"","",deletion,330,716,1,FALSE
nlgn4a,79,139,61,-,"","",deletion,331,716,1,FALSE
nlgn4a,79,139,61,-,"","",deletion,332,707,1,FALSE
nlgn4a,79,139,61,-,"","",deletion,333,716,1,FALSE
nlgn4a,79,139,61,-,"","",deletion,334,716,1,FALSE
nlgn4a,79,139,61,-,"","",deletion,335,716,1,FALSE
nlgn4a,79,139,61,-,"","",deletion,336,716,1,FALSE
nlgn4a,79,139,61,-,"","",deletion,337,716,1,FALSE
nlgn4a,79,139,61,-,"","",deletion,338,716,1,FALSE
nlgn4a,79,139,61,-,"","",deletion,339,716,1,FALSE
nlgn4a,79,139,61,-,"","",deletion,340,698,1,FALSE
nlgn4a,79,139,61,-,"","",deletion,341,716,1,FALSE
nlgn4a,79,139,61,-,"","",deletion,342,716,1,FALSE
nlgn4a,81,141,61,-,"","",deletion,343,716,1,FALSE
nlgn4a,79,139,61,-,"","",deletion,344,689,1,FALSE
nlgn4a,79,139,61,-,"","",deletion,345,707,1,FALSE
nlgn4a,79,139,61,-,"","",deletion,346,698,1,FALSE
nlgn4a,79,139,61,-,"","",deletion,347,707,1,FALSE
nlgn4a,79,139,61,-,"","",deletion,348,707,1,FALSE
nlgn4a,79,139,61,-,"","",deletion,349,707,1,FALSE
nlgn4a,79,139,61,-,"","",deletion,350,716,1,FALSE
nlgn4a,79,139,61,-,"","",deletion,351,716,1,FALSE
nlgn4a,79,139,61,-,"","",deletion,352,716,1,FALSE
nlgn4a,79,139,61,-,"","",deletion,353,716,1,FALSE
nlgn4a,79,139,61,-,"","",deletion,354,716,1,FALSE
nlgn4a,79,139,61,-,"","",deletion,355,716,1,FALSE
nlgn4a,79,139,61,-,"","",deletion,356,707,1,FALSE
nlgn4a,79,139,61,-,"","",deletion,357,716,1,FALSE
nlgn4a,79,139,61,-,"","",deletion,358,707,1,FALSE
nlgn4a,79,139,61,-,"","",deletion,359,716,1,FALSE
nlgn4a,79,139,61,-,"","",deletion,360,707,1,FALSE
nlgn4a,79,139,61,-,"","",deletion,361,716,1,FALSE
nlgn4a,79,139,61,-,"","",deletion,362,698,1,FALSE
nlgn4a,79,139,61,-,"","",deletion,363,707,1,FALSE
nlgn4a,79,139,61,-,"","",deletion,364,707,1,FALSE
nlgn4a,79,139,61,-,"","",deletion,365,698,1,FALSE
nlgn4a,79,139,61,-,"","",deletion,366,716,1,FALSE
nlgn4a,79,139,61,-,"","",deletion,367,707,1,FALSE
nlgn4a,79,139,61,-,"","",deletion,368,716,1,FALSE
nlgn4a,79,139,61,-,"","",deletion,369,698,1,FALSE
nlgn4a,79,139,61,-,"","",deletion,370,707,1,FALSE
nlgn4a,79,139,61,-,"","",deletion,371,707,1,FALSE
nlgn4a,79,139,61,-,"","",deletion,372,716,1,FALSE
nlgn4a,79,139,61,-,"","",deletion,373,707,1,FALSE
nlgn4a,79,139,61,-,"","",deletion,374,707,1,FALSE
nlgn4a,79,139,61,-,"","",deletion,375,716,1,FALSE
nlgn4a,81,141,61,-,"","",deletion,376,698,1,FALSE
nlgn4a,79,139,61,-,"","",deletion,377,707,1,FALSE
nlgn4a,79,139,61,-,"","",deletion,378,716,1,FALSE
nlgn4a,79,139,61,-,"","",deletion,379,698,1,FALSE
nlgn4a,79,139,61,-,"","",deletion,380,698,1,FALSE
nlgn4a,79,139,61,-,"","",deletion,381,716,1,FALSE
nlgn4a,79,139,61,-,"","",deletion,382,707,1,FALSE
nlgn4a,79,139,61,-,"","",deletion,383,707,1,FALSE
nlgn4a,79,139,61,-,"","",deletion,384,698,1,FALSE
nlgn4a,79,139,61,-,"","",deletion,385,698,1,FALSE
nlgn4a,79,139,61,-,"","",deletion,386,716,1,FALSE
nlgn4a,79,139,61,-,"","",deletion,387,707,1,FALSE
nlgn4a,79,139,61,-,"","",deletion,388,725,1,FALSE
nlgn4a,79,139,61,-,"","",deletion,389,725,1,FALSE
nlgn4a,79,139,61,-,"","",deletion,390,707,1,FALSE
nlgn4a,79,139,61,-,"","",deletion,391,716,1,FALSE
nlgn4a,79,139,61,-,"","",deletion,392,707,1,FALSE
nlgn4a,79,139,61,-,"","",deletion,393,716,1,FALSE
nlgn4a,79,139,61,-,"","",deletion,394,725,1,FALSE
nlgn4a,79,139,61,-,"","",deletion,395,725,1,FALSE
nlgn4a,79,139,61,-,"","",deletion,396,689,1,FALSE
nlgn4a,79,139,61,-,"","",deletion,397,707,1,FALSE
nlgn4a,79,139,61,-,"","",deletion,398,725,1,FALSE
nlgn4a,79,139,61,-,"","",deletion,399,707,1,FALSE
nlgn4a,79,139,61,-,"","",deletion,400,716,1,FALSE
nlgn4a,79,139,61,-,"","",deletion,401,716,1,FALSE
nlgn4a,79,139,61,-,"","",deletion,402,707,1,FALSE
nlgn4a,79,139,61,-,"","",deletion,403,689,1,FALSE
nlgn4a,79,139,61,-,"","",deletion,404,716,1,FALSE
nlgn4a,79,139,61,-,"","",deletion,405,716,1,FALSE
nlgn4a,79,139,61,-,"","",deletion,406,725,1,FALSE
nlgn4a,79,139,61,-,"","",deletion,407,725,1,FALSE
nlgn4a,79,139,61,-,"","",deletion,408,725,1,FALSE
nlgn4a,79,139,61,-,"","",deletion,409,707,1,FALSE
nlgn4a,128,147,20,-,"","",deletion,410,716,1,FALSE
nlgn4a,111,150,40,-,"","",deletion,411,716,1,FALSE
nlgn4a,109,146,38,-,"","",deletion,413,698,1,FALSE
nlgn4a,120,137,18,-,"","",deletion,414,716,1,FALSE
nlgn4a,109,146,38,-,"","",deletion,416,716,1,FALSE
nlgn4a,123,138,16,-,"","",deletion,418,725,1,FALSE
nlgn4a,111,150,40,-,"","",deletion,419,716,1,FALSE
nlgn4a,120,137,18,-,"","",deletion,420,707,1,FALSE
nlgn4a,111,150,40,-,"","",deletion,422,725,1,FALSE
nlgn4a,84,131,48,-,"","",deletion,423,707,1,FALSE
nlgn4a,109,146,38,-,"","",deletion,424,707,1,FALSE
nlgn4a,128,147,20,-,"","",deletion,425,707,1,FALSE
nlgn4a,128,147,20,-,"","",deletion,426,725,1,FALSE
nlgn4a,119,183,65,-,"","",deletion,427,716,1,FALSE
nlgn4a,128,147,20,-,"","",deletion,429,707,1,FALSE
nlgn4a,119,183,65,-,"","",deletion,430,716,1,FALSE
nlgn4a,123,138,16,-,"","",deletion,431,725,1,FALSE
nlgn4a,109,146,38,-,"","",deletion,432,725,1,FALSE
nlgn4a,119,183,65,-,"","",deletion,433,689,1,FALSE
nlgn4a,123,138,16,-,"","",deletion,434,725,1,FALSE
nlgn4a,109,146,38,-,"","",deletion,435,716,1,FALSE
nlgn4a,119,183,65,-,"","",deletion,436,698,1,FALSE
nlgn4a,109,146,38,-,"","",deletion,438,698,1,FALSE
nlgn4a,128,147,20,-,"","",deletion,439,707,1,FALSE
nlgn4a,111,150,40,-,"","",deletion,440,725,1,FALSE
nlgn4a,109,146,38,-,"","",deletion,441,707,1,FALSE
nlgn4a,111,150,40,-,"","",deletion,442,725,1,FALSE
nlgn4a,109,146,38,-,"","",deletion,443,698,1,FALSE
nlgn4a,119,183,65,-,"","",deletion,444,707,1,FALSE
nlgn4a,128,147,20,-,"","",deletion,445,716,1,FALSE
nlgn4a,120,137,18,-,"","",deletion,446,707,1,FALSE
nlgn4a,94,140,47,-,"","",deletion,447,716,1,FALSE
nlgn4a,128,147,20,-,"","",deletion,448,725,1,FALSE
nlgn4a,123,138,16,-,"","",deletion,449,707,1,FALSE
nlgn4a,119,183,65,-,"","",deletion,450,716,1,FALSE
nlgn4a,128,147,20,-,"","",deletion,452,716,1,FALSE
nlgn4a,109,146,38,-,"","",deletion,453,716,1,FALSE
nlgn4a,100,137,38,-,"","",deletion,456,716,1,FALSE
nlgn4a,100,137,38,-,"","",deletion,457,725,1,FALSE
nlgn4a,100,137,38,-,"","",deletion,458,716,1,FALSE
nlgn4a,100,137,38,-,"","",deletion,459,698,1,FALSE
nlgn4a,100,137,38,-,"","",deletion,460,707,1,FALSE
nlgn4a,100,137,38,-,"","",deletion,461,698,1,FALSE
nlgn4a,100,137,38,-,"","",deletion,462,716,1,FALSE
nlgn4a,100,137,38,-,"","",deletion,463,707,1,FALSE
nlgn4a,100,137,38,-,"","",deletion,464,707,1,FALSE
nlgn4a,100,137,38,-,"","",deletion,465,716,1,FALSE
nlgn4a,100,137,38,-,"","",deletion,466,707,1,FALSE
nlgn4a,100,137,38,-,"","",deletion,467,725,1,FALSE
nlgn4a,100,137,38,-,"","",deletion,468,716,1,FALSE
nlgn4a,100,137,38,-,"","",deletion,469,698,1,FALSE
nlgn4a,100,137,38,-,"","",deletion,470,698,1,FALSE
nlgn4a,100,137,38,-,"","",deletion,471,707,1,FALSE
nlgn4a,100,137,38,-,"","",deletion,472,707,1,FALSE
nlgn4a,100,137,38,-,"","",deletion,473,707,1,FALSE
nlgn4a,100,137,38,-,"","",deletion,474,716,1,FALSE
nlgn4a,100,137,38,-,"","",deletion,475,716,1,FALSE
nlgn4a,100,137,38,-,"","",deletion,476,707,1,FALSE
nlgn4a,100,137,38,-,"","",deletion,477,707,1,FALSE
nlgn4a,100,137,38,-,"","",deletion,478,707,1,FALSE
nlgn4a,100,137,38,-,"","",deletion,479,689,1,FALSE
nlgn4a,100,137,38,-,"","",deletion,480,707,1,FALSE
nlgn4a,100,137,38,-,"","",deletion,481,707,1,FALSE
nlgn4a,100,137,38,-,"","",deletion,482,716,1,FALSE
nlgn4a,100,137,38,-,"","",deletion,483,698,1,FALSE
nlgn4a,100,137,38,-,"","",deletion,484,698,1,FALSE
nlgn4a,100,137,38,-,"","",deletion,485,707,1,FALSE
nlgn4a,100,137,38,-,"","",deletion,486,716,1,FALSE
nlgn4a,100,137,38,-,"","",deletion,487,707,1,FALSE
nlgn4a,100,137,38,-,"","",deletion,488,707,1,FALSE
nlgn4a,100,137,38,-,"","",deletion,489,698,1,FALSE
nlgn4a,100,137,38,-,"","",deletion,490,716,1,FALSE
nlgn4a,100,137,38,-,"","",deletion,491,716,1,FALSE
nlgn4a,100,137,38,-,"","",deletion,492,716,1,FALSE
nlgn4a,100,137,38,-,"","",deletion,493,707,1,FALSE
nlgn4a,100,137,38,-,"","",deletion,494,716,1,FALSE
nlgn4a,100,137,38,-,"","",deletion,495,716,1,FALSE
nlgn4a,100,137,38,-,"","",deletion,496,716,1,FALSE
nlgn4a,100,137,38,-,"","",deletion,497,698,1,FALSE
nlgn4a,100,137,38,-,"","",deletion,498,716,1,FALSE
nlgn4a,100,137,38,-,"","",deletion,499,716,1,FALSE
nlgn4a,100,137,38,-,"","",deletion,500,716,1,FALSE
nlgn4a,100,137,38,-,"","",deletion,501,707,1,FALSE
nlgn4a,100,137,38,-,"","",deletion,502,716,1,FALSE
nlgn4a,100,137,38,-,"","",deletion,503,716,1,FALSE
nlgn4a,100,137,38,-,"","",deletion,504,707,1,FALSE
nlgn4a,100,137,38,-,"","",deletion,505,716,1,FALSE
nlgn4a,100,137,38,-,"","",deletion,506,716,1,FALSE
nlgn4a,100,137,38,-,"","",deletion,507,707,1,FALSE
nlgn4a,100,137,38,-,"","",deletion,508,716,1,FALSE
nlgn4a,100,137,38,-,"","",deletion,509,716,1,FALSE
nlgn4a,100,137,38,-,"","",deletion,510,698,1,FALSE
nlgn4a,100,137,38,-,"","",deletion,511,707,1,FALSE
nlgn4a,100,137,38,-,"","",deletion,512,716,1,FALSE
nlgn4a,100,137,38,-,"","",deletion,513,716,1,FALSE
nlgn4a,100,137,38,-,"","",deletion,514,716,1,FALSE
nlgn4a,101,138,38,-,"","",deletion,515,725,1,FALSE
nlgn4a,99,136,38,-,"","",deletion,516,716,1,FALSE
nlgn4a,100,137,38,-,"","",deletion,517,716,1,FALSE
nlgn4a,100,137,38,-,"","",deletion,518,716,1,FALSE
nlgn4a,100,137,38,-,"","",deletion,519,698,1,FALSE
nlgn4a,100,137,38,-,"","",deletion,520,716,1,FALSE
nlgn4a,100,137,38,-,"","",deletion,521,716,1,FALSE
nlgn4a,100,137,38,-,"","",deletion,522,707,1,FALSE
nlgn4a,100,137,38,-,"","",deletion,523,716,1,FALSE
nlgn4a,100,137,38,-,"","",deletion,524,707,1,FALSE
nlgn4a,100,137,38,-,"","",deletion,525,716,1,FALSE
nlgn4a,100,137,38,-,"","",deletion,526,716,1,FALSE
nlgn4a,100,137,38,-,"","",deletion,527,716,1,FALSE
nlgn4a,100,137,38,-,"","",deletion,528,716,1,FALSE
nlgn4a,100,137,38,-,"","",deletion,529,716,1,FALSE
nlgn4a,100,137,38,-,"","",deletion,530,716,1,FALSE
nlgn4a,100,137,38,-,"","",deletion,531,698,1,FALSE
nlgn4a,100,137,38,-,"","",deletion,532,716,1,FALSE
nlgn4a,100,137,38,-,"","",deletion,533,716,1,FALSE
nlgn4a,100,137,38,-,"","",deletion,534,716,1,FALSE
nlgn4a,100,137,38,-,"","",deletion,535,707,1,FALSE
nlgn4a,100,137,38,-,"","",deletion,536,716,1,FALSE
nlgn4a,100,137,38,-,"","",deletion,537,680,1,FALSE
nlgn4a,100,137,38,-,"","",deletion,538,716,1,FALSE
nlgn4a,100,137,38,-,"","",deletion,539,707,1,FALSE
nlgn4a,100,137,38,-,"","",deletion,540,707,1,FALSE
nlgn4a,100,137,38,-,"","",deletion,541,707,1,FALSE
nlgn4a,100,137,38,-,"","",deletion,542,716,1,FALSE
nlgn4a,100,137,38,-,"","",deletion,543,707,1,FALSE
nlgn4a,100,137,38,-,"","",deletion,544,716,1,FALSE
nlgn4a,100,137,38,-,"","",deletion,545,716,1,FALSE
nlgn4a,100,137,38,-,"","",deletion,546,707,1,FALSE
nlgn4a,100,137,38,-,"","",deletion,547,716,1,FALSE
nlgn4a,100,137,38,-,"","",deletion,548,707,1,FALSE
nlgn4a,100,137,38,-,"","",deletion,549,698,1,FALSE
nlgn4a,100,137,38,-,"","",deletion,550,716,1,FALSE
nlgn4a,100,137,38,-,"","",deletion,551,707,1,FALSE
nlgn4a,100,137,38,-,"","",deletion,552,707,1,FALSE
nlgn4a,100,137,38,-,"","",deletion,553,707,1,FALSE
nlgn4a,100,137,38,-,"","",deletion,554,716,1,FALSE
nlgn4a,100,137,38,-,"","",deletion,555,698,1,FALSE
nlgn4a,100,137,38,-,"","",deletion,556,707,1,FALSE
nlgn4a,100,137,38,-,"","",deletion,557,716,1,FALSE
nlgn4a,100,137,38,-,"","",deletion,558,698,1,FALSE
nlgn4a,100,137,38,-,"","",deletion,559,707,1,FALSE
nlgn4a,100,137,38,-,"","",deletion,560,716,1,FALSE
nlgn4a,100,137,38,-,"","",deletion,561,707,1,FALSE
nlgn4a,100,137,38,-,"","",deletion,562,716,1,FALSE
nlgn4a,100,137,38,-,"","",deletion,563,698,1,FALSE
nlgn4a,100,137,38,-,"","",deletion,564,698,1,FALSE
nlgn4a,100,137,38,-,"","",deletion,565,716,1,FALSE
nlgn4a,100,137,38,-,"","",deletion,566,716,1,FALSE
nlgn4a,100,137,38,-,"","",deletion,567,698,1,FALSE
nlgn4a,100,137,38,-,"","",deletion,568,698,1,FALSE
nlgn4a,99,136,38,-,"","",deletion,569,698,1,FALSE
nlgn4a,100,137,38,-,"","",deletion,570,725,1,FALSE
nlgn4a,100,137,38,-,"","",deletion,571,716,1,FALSE
nlgn4a,100,137,38,-,"","",deletion,572,716,1,FALSE
nlgn4a,100,137,38,-,"","",deletion,573,725,1,FALSE
nlgn4a,100,137,38,-,"","",deletion,574,716,1,FALSE
nlgn4a,100,137,38,-,"","",deletion,575,725,1,FALSE
nlgn4a,100,137,38,-,"","",deletion,576,716,1,FALSE
nlgn4a,100,137,38,-,"","",deletion,577,716,1,FALSE
nlgn4a,100,137,38,-,"","",deletion,578,716,1,FALSE
nlgn4a,100,137,38,-,"","",deletion,579,725,1,FALSE
nlgn4a,100,137,38,-,"","",deletion,580,698,1,FALSE
nlgn4a,100,137,38,-,"","",deletion,581,725,1,FALSE
nlgn4a,100,137,38,-,"","",deletion,582,707,1,FALSE
nlgn4a,100,137,38,-,"","",deletion,583,698,1,FALSE
nlgn4a,100,137,38,-,"","",deletion,584,725,1,FALSE
nlgn4a,100,137,38,-,"","",deletion,585,707,1,FALSE
nlgn4a,100,137,38,-,"","",deletion,588,716,1,FALSE
nlgn4a,128,147,20,-,"","",deletion,589,707,1,FALSE
nlgn4a,128,147,20,-,"","",deletion,590,707,1,FALSE
nlgn4a,123,138,16,-,"","",deletion,591,698,1,FALSE
nlgn4a,123,138,16,-,"","",deletion,592,707,1,FALSE
nlgn4a,111,150,40,-,"","",deletion,593,725,1,FALSE
nlgn4a,109,146,38,-,"","",deletion,594,698,1,FALSE
nlgn4a,123,138,16,-,"","",deletion,595,707,1,FALSE
nlgn4a,109,146,38,-,"","",deletion,596,716,1,FALSE
nlgn4a,120,137,18,-,"","",deletion,597,725,1,FALSE
nlgn4a,123,138,16,-,"","",deletion,599,707,1,FALSE
nlgn4a,111,150,40,-,"","",deletion,600,707,1,FALSE
nlgn4a,128,147,20,-,"","",deletion,602,716,1,FALSE
nlgn4a,109,146,38,-,"","",deletion,604,716,1,FALSE
nlgn4a,120,137,18,-,"","",deletion,605,716,1,FALSE
nlgn4a,120,137,18,-,"","",deletion,606,725,1,FALSE
nlgn4a,119,183,65,-,"","",deletion,607,725,1,FALSE
nlgn4a,109,146,38,-,"","",deletion,608,725,1,FALSE
nlgn4a,109,146,38,-,"","",deletion,609,716,1,FALSE
nlgn4a,109,146,38,-,"","",deletion,610,698,1,FALSE
nlgn4a,109,146,38,-,"","",deletion,611,725,1,FALSE
nlgn4a,109,146,38,-,"","",deletion,612,716,1,FALSE
nlgn4a,109,146,38,-,"","",deletion,613,716,1,FALSE
nlgn4a,109,146,38,-,"","",deletion,614,707,1,FALSE
nlgn4a,109,146,38,-,"","",deletion,615,716,1,FALSE
nlgn4a,109,146,38,-,"","",deletion,616,725,1,FALSE
nlgn4a,109,146,38,-,"","",deletion,617,725,1,FALSE
nlgn4a,109,146,38,-,"","",deletion,618,698,1,FALSE
nlgn4a,109,146,38,-,"","",deletion,619,716,1,FALSE
nlgn4a,109,146,38,-,"","",deletion,620,716,1,FALSE
nlgn4a,109,146,38,-,"","",deletion,621,716,1,FALSE
nlgn4a,109,146,38,-,"","",deletion,622,716,1,FALSE
nlgn4a,109,146,38,-,"","",deletion,623,716,1,FALSE
nlgn4a,109,146,38,-,"","",deletion,624,698,1,FALSE
nlgn4a,109,146,38,-,"","",deletion,625,707,1,FALSE
nlgn4a,109,146,38,-,"","",deletion,626,698,1,FALSE
nlgn4a,109,146,38,-,"","",deletion,627,707,1,FALSE
nlgn4a,109,146,38,-,"","",deletion,628,707,1,FALSE
nlgn4a,109,146,38,-,"","",deletion,629,698,1,FALSE
nlgn4a,109,146,38,-,"","",deletion,630,716,1,FALSE
nlgn4a,109,146,38,-,"","",deletion,631,680,1,FALSE
nlgn4a,109,146,38,-,"","",deletion,632,698,1,FALSE
nlgn4a,109,146,38,-,"","",deletion,633,716,1,FALSE
nlgn4a,109,146,38,-,"","",deletion,634,716,1,FALSE
nlgn4a,109,146,38,-,"","",deletion,635,698,1,FALSE
nlgn4a,109,146,38,-,"","",deletion,636,698,1,FALSE
nlgn4a,109,146,38,-,"","",deletion,637,716,1,FALSE
nlgn4a,109,146,38,-,"","",deletion,638,716,1,FALSE
nlgn4a,109,146,38,-,"","",deletion,639,707,1,FALSE
nlgn4a,109,146,38,-,"","",deletion,640,707,1,FALSE
nlgn4a,109,146,38,-,"","",deletion,641,716,1,FALSE
nlgn4a,109,146,38,-,"","",deletion,642,707,1,FALSE
nlgn4a,109,146,38,-,"","",deletion,643,707,1,FALSE
nlgn4a,109,146,38,-,"","",deletion,644,707,1,FALSE
nlgn4a,109,146,38,-,"","",deletion,645,707,1,FALSE
nlgn4a,109,146,38,-,"","",deletion,646,698,1,FALSE
nlgn4a,109,146,38,-,"","",deletion,647,716,1,FALSE
nlgn4a,109,146,38,-,"","",deletion,648,707,1,FALSE
nlgn4a,109,146,38,-,"","",deletion,649,707,1,FALSE
nlgn4a,109,146,38,-,"","",deletion,650,707,1,FALSE
nlgn4a,109,146,38,-,"","",deletion,651,716,1,FALSE
nlgn4a,109,146,38,-,"","",deletion,652,716,1,FALSE
nlgn4a,109,146,38,-,"","",deletion,653,707,1,FALSE
nlgn4a,109,146,38,-,"","",deletion,654,698,1,FALSE
nlgn4a,109,146,38,-,"","",deletion,655,716,1,FALSE
nlgn4a,109,146,38,-,"","",deletion,656,716,1,FALSE
nlgn4a,109,146,38,-,"","",deletion,657,707,1,FALSE
nlgn4a,109,146,38,-,"","",deletion,658,716,1,FALSE
nlgn4a,109,146,38,-,"","",deletion,659,698,1,FALSE
nlgn4a,109,146,38,-,"","",deletion,660,716,1,FALSE
nlgn4a,109,146,38,-,"","",deletion,661,716,1,FALSE
nlgn4a,109,146,38,-,"","",deletion,662,707,1,FALSE
nlgn4a,109,146,38,-,"","",deletion,663,707,1,FALSE
nlgn4a,109,146,38,-,"","",deletion,664,707,1,FALSE
nlgn4a,110,147,38,-,"","",deletion,665,707,1,FALSE
nlgn4a,109,146,38,-,"","",deletion,666,707,1,FALSE
nlgn4a,109,146,38,-,"","",deletion,667,698,1,FALSE
nlgn4a,109,146,38,-,"","",deletion,668,707,1,FALSE
nlgn4a,109,146,38,-,"","",deletion,669,716,1,FALSE
nlgn4a,109,146,38,-,"","",deletion,670,689,1,FALSE
nlgn4a,109,146,38,-,"","",deletion,671,707,1,FALSE
nlgn4a,109,146,38,-,"","",deletion,672,716,1,FALSE
nlgn4a,109,146,38,-,"","",deletion,673,707,1,FALSE
nlgn4a,109,146,38,-,"","",deletion,674,716,1,FALSE
nlgn4a,109,146,38,-,"","",deletion,675,716,1,FALSE
nlgn4a,109,146,38,-,"","",deletion,676,689,1,FALSE
nlgn4a,109,146,38,-,"","",deletion,677,716,1,FALSE
nlgn4a,109,146,38,-,"","",deletion,678,716,1,FALSE
nlgn4a,109,146,38,-,"","",deletion,679,716,1,FALSE
nlgn4a,109,146,38,-,"","",deletion,680,707,1,FALSE
nlgn4a,109,146,38,-,"","",deletion,681,716,1,FALSE
nlgn4a,109,146,38,-,"","",deletion,682,716,1,FALSE
nlgn4a,109,146,38,-,"","",deletion,683,716,1,FALSE
nlgn4a,109,146,38,-,"","",deletion,684,716,1,FALSE
nlgn4a,109,146,38,-,"","",deletion,685,707,1,FALSE
nlgn4a,109,146,38,-,"","",deletion,686,698,1,FALSE
nlgn4a,109,146,38,-,"","",deletion,687,716,1,FALSE
nlgn4a,109,146,38,-,"","",deletion,688,707,1,FALSE
nlgn4a,109,146,38,-,"","",deletion,689,716,1,FALSE
nlgn4a,109,146,38,-,"","",deletion,690,707,1,FALSE
nlgn4a,109,146,38,-,"","",deletion,691,707,1,FALSE
nlgn4a,109,146,38,-,"","",deletion,692,716,1,FALSE
nlgn4a,109,146,38,-,"","",deletion,693,716,1,FALSE
nlgn4a,109,146,38,-,"","",deletion,694,716,1,FALSE
nlgn4a,109,146,38,-,"","",deletion,695,716,1,FALSE
nlgn4a,109,146,38,-,"","",deletion,696,716,1,FALSE
nlgn4a,109,146,38,-,"","",deletion,697,716,1,FALSE
nlgn4a,109,146,38,-,"","",deletion,698,716,1,FALSE
nlgn4a,109,146,38,-,"","",deletion,699,707,1,FALSE
nlgn4a,109,146,38,-,"","",deletion,700,716,1,FALSE
nlgn4a,109,146,38,-,"","",deletion,701,716,1,FALSE
nlgn4a,109,146,38,-,"","",deletion,702,716,1,FALSE
nlgn4a,109,146,38,-,"","",deletion,703,716,1,FALSE
nlgn4a,109,146,38,-,"","",deletion,704,707,1,FALSE
nlgn4a,109,146,38,-,"","",deletion,705,707,1,FALSE
nlgn4a,109,146,38,-,"","",deletion,706,698,1,FALSE
nlgn4a,109,146,38,-,"","",deletion,707,716,1,FALSE
nlgn4a,109,146,38,-,"","",deletion,708,707,1,FALSE
nlgn4a,109,146,38,-,"","",deletion,709,716,1,FALSE
nlgn4a,109,146,38,-,"","",deletion,710,716,1,FALSE
nlgn4a,109,146,38,-,"","",deletion,711,716,1,FALSE
nlgn4a,109,146,38,-,"","",deletion,712,716,1,FALSE
nlgn4a,109,146,38,-,"","",deletion,713,698,1,FALSE
nlgn4a,109,146,38,-,"","",deletion,714,716,1,FALSE
nlgn4a,109,146,38,-,"","",deletion,715,716,1,FALSE
nlgn4a,109,146,38,-,"","",deletion,716,716,1,FALSE
nlgn4a,109,146,38,-,"","",deletion,717,716,1,FALSE
nlgn4a,106,143,38,-,"","",deletion,718,725,1,FALSE
nlgn4a,109,146,38,-,"","",deletion,719,716,1,FALSE
nlgn4a,109,146,38,-,"","",deletion,720,698,1,FALSE
nlgn4a,109,146,38,-,"","",deletion,721,707,1,FALSE
nlgn4a,109,146,38,-,"","",deletion,722,716,1,FALSE
nlgn4a,110,147,38,-,"","",deletion,723,707,1,FALSE
nlgn4a,109,146,38,-,"","",deletion,724,716,1,FALSE
nlgn4a,109,146,38,-,"","",deletion,725,716,1,FALSE
nlgn4a,109,146,38,-,"","",deletion,726,707,1,FALSE
nlgn4a,109,146,38,-,"","",deletion,727,716,1,FALSE
nlgn4a,109,146,38,-,"","",deletion,728,707,1,FALSE
nlgn4a,109,146,38,-,"","",deletion,729,707,1,FALSE
nlgn4a,109,146,38,-,"","",deletion,730,716,1,FALSE
nlgn4a,109,146,38,-,"","",deletion,731,716,1,FALSE
nlgn4a,109,146,38,-,"","",deletion,732,707,1,FALSE
nlgn4a,109,146,38,-,"","",deletion,733,716,1,FALSE
nlgn4a,109,146,38,-,"","",deletion,734,716,1,FALSE
nlgn4a,109,146,38,-,"","",deletion,735,716,1,FALSE
nlgn4a,109,146,38,-,"","",deletion,736,689,1,FALSE
nlgn4a,109,146,38,-,"","",deletion,737,716,1,FALSE
nlgn4a,109,146,38,-,"","",deletion,738,707,1,FALSE
nlgn4a,109,146,38,-,"","",deletion,739,707,1,FALSE
nlgn4a,109,146,38,-,"","",deletion,740,707,1,FALSE
nlgn4a,109,146,38,-,"","",deletion,741,716,1,FALSE
nlgn4a,109,146,38,-,"","",deletion,742,707,1,FALSE
nlgn4a,109,146,38,-,"","",deletion,743,707,1,FALSE
nlgn4a,109,146,38,-,"","",deletion,744,716,1,FALSE
nlgn4a,109,146,38,-,"","",deletion,745,698,1,FALSE
nlgn4a,109,146,38,-,"","",deletion,746,716,1,FALSE
nlgn4a,109,146,38,-,"","",deletion,747,707,1,FALSE
nlgn4a,109,146,38,-,"","",deletion,748,716,1,FALSE
nlgn4a,109,146,38,-,"","",deletion,749,707,1,FALSE
nlgn4a,109,146,38,-,"","",deletion,750,707,1,FALSE
nlgn4a,109,146,38,-,"","",deletion,751,698,1,FALSE
nlgn4a,109,146,38,-,"","",deletion,752,677,1,FALSE
nlgn4a,109,146,38,-,"","",deletion,753,707,1,FALSE
nlgn4a,109,146,38,-,"","",deletion,754,707,1,FALSE
nlgn4a,109,146,38,-,"","",deletion,755,707,1,FALSE
nlgn4a,109,146,38,-,"","",deletion,756,707,1,FALSE
nlgn4a,109,146,38,-,"","",deletion,757,698,1,FALSE
nlgn4a,109,146,38,-,"","",deletion,758,707,1,FALSE
nlgn4a,109,146,38,-,"","",deletion,759,698,1,FALSE
nlgn4a,109,146,38,-,"","",deletion,760,707,1,FALSE
nlgn4a,109,146,38,-,"","",deletion,761,689,1,FALSE
nlgn4a,109,146,38,-,"","",deletion,762,698,1,FALSE
nlgn4a,109,146,38,-,"","",deletion,763,707,1,FALSE
nlgn4a,109,146,38,-,"","",deletion,764,698,1,FALSE
nlgn4a,110,147,38,-,"","",deletion,765,707,1,FALSE
nlgn4a,109,146,38,-,"","",deletion,766,716,1,FALSE
nlgn4a,109,146,38,-,"","",deletion,767,707,1,FALSE
nlgn4a,109,146,38,-,"","",deletion,768,707,1,FALSE
nlgn4a,109,146,38,-,"","",deletion,769,707,1,FALSE
nlgn4a,109,146,38,-,"","",deletion,770,707,1,FALSE
nlgn4a,109,146,38,-,"","",deletion,771,716,1,FALSE
nlgn4a,109,146,38,-,"","",deletion,772,707,1,FALSE
nlgn4a,109,146,38,-,"","",deletion,773,716,1,FALSE
nlgn4a,109,146,38,-,"","",deletion,774,716,1,FALSE
nlgn4a,109,146,38,-,"","",deletion,775,716,1,FALSE
nlgn4a,109,146,38,-,"","",deletion,776,725,1,FALSE
nlgn4a,109,146,38,-,"","",deletion,777,725,1,FALSE
nlgn4a,109,146,38,-,"","",deletion,778,716,1,FALSE
nlgn4a,109,146,38,-,"","",deletion,779,707,1,FALSE
nlgn4a,109,146,38,-,"","",deletion,780,707,1,FALSE
nlgn4a,109,146,38,-,"","",deletion,781,716,1,FALSE
nlgn4a,109,146,38,-,"","",deletion,782,698,1,FALSE
nlgn4a,109,146,38,-,"","",deletion,783,725,1,FALSE
nlgn4a,109,146,38,-,"","",deletion,784,725,1,FALSE
nlgn4a,109,146,38,-,"","",deletion,785,716,1,FALSE
nlgn4a,109,146,38,-,"","",deletion,786,707,1,FALSE
nlgn4a,106,143,38,-,"","",deletion,787,707,1,FALSE
nlgn4a,109,146,38,-,"","",deletion,788,716,1,FALSE
nlgn4a,128,147,20,-,"","",deletion,789,725,1,FALSE
nlgn4a,109,146,38,-,"","",deletion,790,725,1,FALSE
nlgn4a,128,147,20,-,"","",deletion,791,698,1,FALSE
nlgn4a,119,183,65,-,"","",deletion,794,716,1,FALSE
nlgn4a,123,138,16,-,"","",deletion,795,725,1,FALSE
nlgn4a,123,138,16,-,"","",deletion,798,707,1,FALSE
nlgn4a,123,138,16,-,"","",deletion,800,716,1,FALSE
nlgn4a,119,183,65,-,"","",deletion,801,716,1,FALSE
nlgn4a,119,183,65,-,"","",deletion,802,689,1,FALSE
nlgn4a,128,147,20,-,"","",deletion,803,707,1,FALSE
nlgn4a,119,183,65,-,"","",deletion,804,707,1,FALSE
nlgn4a,123,138,16,-,"","",deletion,805,716,1,FALSE
nlgn4a,123,138,16,-,"","",deletion,806,707,1,FALSE
nlgn4a,120,137,18,-,"","",deletion,807,716,1,FALSE
nlgn4a,123,138,16,-,"","",deletion,808,689,1,FALSE
nlgn4a,119,183,65,-,"","",deletion,809,716,1,FALSE
nlgn4a,119,183,65,-,"","",deletion,810,689,1,FALSE
nlgn4a,119,183,65,-,"","",deletion,811,716,1,FALSE
nlgn4a,119,183,65,-,"","",deletion,812,716,1,FALSE
nlgn4a,119,183,65,-,"","",deletion,813,725,1,FALSE
nlgn4a,119,183,65,-,"","",deletion,814,698,1,FALSE
nlgn4a,119,183,65,-,"","",deletion,815,716,1,FALSE
nlgn4a,119,183,65,-,"","",deletion,816,716,1,FALSE
nlgn4a,119,183,65,-,"","",deletion,817,707,1,FALSE
nlgn4a,119,183,65,-,"","",deletion,818,698,1,FALSE
nlgn4a,119,183,65,-,"","",deletion,819,689,1,FALSE
nlgn4a,119,183,65,-,"","",deletion,820,680,1,FALSE
nlgn4a,119,183,65,-,"","",deletion,821,698,1,FALSE
nlgn4a,119,183,65,-,"","",deletion,822,707,1,FALSE
nlgn4a,119,183,65,-,"","",deletion,823,707,1,FALSE
nlgn4a,119,183,65,-,"","",deletion,824,698,1,FALSE
nlgn4a,119,183,65,-,"","",deletion,825,707,1,FALSE
nlgn4a,119,183,65,-,"","",deletion,826,716,1,FALSE
nlgn4a,119,183,65,-,"","",deletion,827,707,1,FALSE
nlgn4a,119,183,65,-,"","",deletion,828,716,1,FALSE
nlgn4a,119,183,65,-,"","",deletion,829,716,1,FALSE
nlgn4a,119,183,65,-,"","",deletion,830,707,1,FALSE
nlgn4a,119,183,65,-,"","",deletion,831,716,1,FALSE
nlgn4a,119,183,65,-,"","",deletion,832,716,1,FALSE
nlgn4a,119,183,65,-,"","",deletion,833,698,1,FALSE
nlgn4a,119,183,65,-,"","",deletion,834,707,1,FALSE
nlgn4a,119,183,65,-,"","",deletion,835,716,1,FALSE
nlgn4a,119,183,65,-,"","",deletion,836,689,1,FALSE
nlgn4a,120,184,65,-,"","",deletion,837,698,1,FALSE
nlgn4a,119,183,65,-,"","",deletion,838,716,1,FALSE
nlgn4a,119,183,65,-,"","",deletion,839,707,1,FALSE
nlgn4a,119,183,65,-,"","",deletion,840,698,1,FALSE
nlgn4a,119,183,65,-,"","",deletion,841,707,1,FALSE
nlgn4a,119,183,65,-,"","",deletion,842,689,1,FALSE
nlgn4a,119,183,65,-,"","",deletion,843,716,1,FALSE
nlgn4a,119,183,65,-,"","",deletion,844,707,1,FALSE
nlgn4a,119,183,65,-,"","",deletion,845,707,1,FALSE
nlgn4a,119,183,65,-,"","",deletion,846,689,1,FALSE
nlgn4a,119,183,65,-,"","",deletion,847,698,1,FALSE
nlgn4a,119,183,65,-,"","",deletion,848,707,1,FALSE
nlgn4a,119,183,65,-,"","",deletion,849,707,1,FALSE
nlgn4a,119,183,65,-,"","",deletion,850,689,1,FALSE
nlgn4a,119,183,65,-,"","",deletion,851,698,1,FALSE
nlgn4a,119,183,65,-,"","",deletion,852,716,1,FALSE
nlgn4a,119,183,65,-,"","",deletion,853,707,1,FALSE
nlgn4a,119,183,65,-,"","",deletion,854,716,1,FALSE
nlgn4a,119,183,65,-,"","",deletion,855,716,1,FALSE
nlgn4a,119,183,65,-,"","",deletion,856,707,1,FALSE
nlgn4a,120,184,65,-,"","",deletion,857,716,1,FALSE
nlgn4a,120,184,65,-,"","",deletion,858,698,1,FALSE
nlgn4a,119,183,65,-,"","",deletion,859,707,1,FALSE
nlgn4a,119,183,65,-,"","",deletion,860,716,1,FALSE
nlgn4a,119,183,65,-,"","",deletion,861,716,1,FALSE
nlgn4a,119,183,65,-,"","",deletion,862,689,1,FALSE
nlgn4a,119,183,65,-,"","",deletion,863,707,1,FALSE
nlgn4a,119,183,65,-,"","",deletion,864,707,1,FALSE
nlgn4a,119,183,65,-,"","",deletion,865,716,1,FALSE
nlgn4a,119,183,65,-,"","",deletion,866,716,1,FALSE
nlgn4a,119,183,65,-,"","",deletion,867,716,1,FALSE
nlgn4a,119,183,65,-,"","",deletion,868,716,1,FALSE
nlgn4a,119,183,65,-,"","",deletion,869,707,1,FALSE
nlgn4a,119,183,65,-,"","",deletion,870,716,1,FALSE
nlgn4a,119,183,65,-,"","",deletion,871,716,1,FALSE
nlgn4a,119,183,65,-,"","",deletion,872,698,1,FALSE
nlgn4a,119,183,65,-,"","",deletion,873,707,1,FALSE
nlgn4a,119,183,65,-,"","",deletion,874,716,1,FALSE
nlgn4a,119,183,65,-,"","",deletion,875,716,1,FALSE
nlgn4a,119,183,65,-,"","",deletion,876,707,1,FALSE
nlgn4a,119,183,65,-,"","",deletion,877,707,1,FALSE
nlgn4a,119,183,65,-,"","",deletion,878,716,1,FALSE
nlgn4a,119,183,65,-,"","",deletion,879,707,1,FALSE
nlgn4a,119,183,65,-,"","",deletion,880,707,1,FALSE
nlgn4a,119,183,65,-,"","",deletion,881,716,1,FALSE
nlgn4a,119,183,65,-,"","",deletion,882,716,1,FALSE
nlgn4a,119,183,65,-,"","",deletion,883,716,1,FALSE
nlgn4a,119,183,65,-,"","",deletion,884,716,1,FALSE
nlgn4a,119,183,65,-,"","",deletion,885,716,1,FALSE
nlgn4a,119,183,65,-,"","",deletion,886,707,1,FALSE
nlgn4a,119,183,65,-,"","",deletion,887,716,1,FALSE
nlgn4a,119,183,65,-,"","",deletion,888,716,1,FALSE
nlgn4a,119,183,65,-,"","",deletion,889,716,1,FALSE
nlgn4a,119,183,65,-,"","",deletion,890,707,1,FALSE
nlgn4a,119,183,65,-,"","",deletion,891,716,1,FALSE
nlgn4a,119,183,65,-,"","",deletion,892,707,1,FALSE
nlgn4a,119,183,65,-,"","",deletion,893,716,1,FALSE
nlgn4a,119,183,65,-,"","",deletion,894,716,1,FALSE
nlgn4a,119,183,65,-,"","",deletion,895,716,1,FALSE
nlgn4a,119,183,65,-,"","",deletion,896,716,1,FALSE
nlgn4a,119,183,65,-,"","",deletion,897,716,1,FALSE
nlgn4a,119,183,65,-,"","",deletion,898,716,1,FALSE
nlgn4a,119,183,65,-,"","",deletion,899,716,1,FALSE
nlgn4a,119,183,65,-,"","",deletion,900,716,1,FALSE
nlgn4a,119,183,65,-,"","",deletion,901,716,1,FALSE
nlgn4a,119,183,65,-,"","",deletion,902,707,1,FALSE
nlgn4a,119,183,65,-,"","",deletion,903,716,1,FALSE
nlgn4a,119,183,65,-,"","",deletion,904,707,1,FALSE
nlgn4a,119,183,65,-,"","",deletion,905,716,1,FALSE
nlgn4a,119,183,65,-,"","",deletion,906,707,1,FALSE
nlgn4a,119,183,65,-,"","",deletion,907,707,1,FALSE
nlgn4a,119,183,65,-,"","",deletion,908,707,1,FALSE
nlgn4a,119,183,65,-,"","",deletion,909,716,1,FALSE
nlgn4a,119,183,65,-,"","",deletion,910,707,1,FALSE
nlgn4a,119,183,65,-,"","",deletion,911,716,1,FALSE
nlgn4a,119,183,65,-,"","",deletion,912,716,1,FALSE
nlgn4a,119,183,65,-,"","",deletion,913,716,1,FALSE
nlgn4a,119,183,65,-,"","",deletion,914,716,1,FALSE
nlgn4a,119,183,65,-,"","",deletion,915,707,1,FALSE
nlgn4a,119,183,65,-,"","",deletion,916,716,1,FALSE
nlgn4a,119,183,65,-,"","",deletion,917,716,1,FALSE
nlgn4a,119,183,65,-,"","",deletion,918,707,1,FALSE
nlgn4a,119,183,65,-,"","",deletion,919,707,1,FALSE
nlgn4a,119,183,65,-,"","",deletion,920,707,1,FALSE
nlgn4a,119,183,65,-,"","",deletion,921,707,1,FALSE
nlgn4a,119,183,65,-,"","",deletion,922,716,1,FALSE
nlgn4a,119,183,65,-,"","",deletion,923,707,1,FALSE
nlgn4a,119,183,65,-,"","",deletion,924,716,1,FALSE
nlgn4a,119,183,65,-,"","",deletion,925,698,1,FALSE
nlgn4a,119,183,65,-,"","",deletion,926,707,1,FALSE
nlgn4a,119,183,65,-,"","",deletion,927,716,1,FALSE
nlgn4a,119,183,65,-,"","",deletion,928,716,1,FALSE
nlgn4a,119,183,65,-,"","",deletion,929,698,1,FALSE
nlgn4a,119,183,65,-,"","",deletion,930,707,1,FALSE
nlgn4a,119,183,65,-,"","",deletion,931,716,1,FALSE
nlgn4a,119,183,65,-,"","",deletion,932,716,1,FALSE
nlgn4a,117,181,65,-,"","",deletion,933,689,1,FALSE
nlgn4a,119,183,65,-,"","",deletion,934,716,1,FALSE
nlgn4a,119,183,65,-,"","",deletion,935,716,1,FALSE
nlgn4a,119,183,65,-,"","",deletion,936,716,1,FALSE
nlgn4a,119,183,65,-,"","",deletion,937,707,1,FALSE
nlgn4a,119,183,65,-,"","",deletion,938,716,1,FALSE
nlgn4a,119,183,65,-,"","",deletion,939,698,1,FALSE
nlgn4a,119,183,65,-,"","",deletion,940,716,1,FALSE
nlgn4a,119,183,65,-,"","",deletion,941,680,1,FALSE
nlgn4a,119,183,65,-,"","",deletion,942,707,1,FALSE
nlgn4a,119,183,65,-,"","",deletion,943,716,1,FALSE
nlgn4a,119,183,65,-,"","",deletion,944,698,1,FALSE
nlgn4a,119,183,65,-,"","",deletion,945,716,1,FALSE
nlgn4a,119,183,65,-,"","",deletion,946,716,1,FALSE
nlgn4a,119,183,65,-,"","",deletion,947,707,1,FALSE
nlgn4a,119,183,65,-,"","",deletion,948,698,1,FALSE
nlgn4a,119,183,65,-,"","",deletion,949,716,1,FALSE
nlgn4a,119,183,65,-,"","",deletion,950,707,1,FALSE
nlgn4a,119,183,65,-,"","",deletion,951,716,1,FALSE
nlgn4a,119,183,65,-,"","",deletion,952,689,1,FALSE
nlgn4a,119,183,65,-,"","",deletion,953,707,1,FALSE
nlgn4a,119,183,65,-,"","",deletion,954,716,1,FALSE
nlgn4a,119,183,65,-,"","",deletion,955,707,1,FALSE
nlgn4a,119,183,65,-,"","",deletion,956,725,1,FALSE
nlgn4a,119,183,65,-,"","",deletion,957,698,1,FALSE
nlgn4a,119,183,65,-,"","",deletion,958,716,1,FALSE
nlgn4a,119,183,65,-,"","",deletion,959,707,1,FALSE
nlgn4a,119,183,65,-,"","",deletion,960,716,1,FALSE
nlgn4a,119,183,65,-,"","",deletion,961,716,1,FALSE
nlgn4a,119,183,65,-,"","",deletion,962,707,1,FALSE
nlgn4a,119,183,65,-,"","",deletion,963,725,1,FALSE
nlgn4a,119,183,65,-,"","",deletion,964,725,1,FALSE
nlgn4a,119,183,65,-,"","",deletion,965,725,1,FALSE
nlgn4a,128,147,20,-,"","",deletion,966,725,1,FALSE
nlgn4a,120,137,18,-,"","",deletion,968,707,1,FALSE
nlgn4a,120,137,18,-,"","",deletion,969,716,1,FALSE
nlgn4a,120,137,18,-,"","",deletion,970,716,1,FALSE
nlgn4a,120,137,18,-,"","",deletion,971,725,1,FALSE
nlgn4a,120,137,18,-,"","",deletion,972,707,1,FALSE
nlgn4a,120,137,18,-,"","",deletion,973,707,1,FALSE
nlgn4a,120,137,18,-,"","",deletion,974,716,1,FALSE
nlgn4a,120,137,18,-,"","",deletion,975,725,1,FALSE
nlgn4a,120,137,18,-,"","",deletion,976,689,1,FALSE
nlgn4a,120,137,18,-,"","",deletion,977,707,1,FALSE
nlgn4a,120,137,18,-,"","",deletion,978,707,1,FALSE
nlgn4a,120,137,18,-,"","",deletion,979,707,1,FALSE
nlgn4a,120,137,18,-,"","",deletion,980,707,1,FALSE
nlgn4a,120,137,18,-,"","",deletion,981,707,1,FALSE
nlgn4a,120,137,18,-,"","",deletion,982,707,1,FALSE
nlgn4a,120,137,18,-,"","",deletion,983,716,1,FALSE
nlgn4a,120,137,18,-,"","",deletion,984,707,1,FALSE
nlgn4a,120,137,18,-,"","",deletion,985,707,1,FALSE
nlgn4a,120,137,18,-,"","",deletion,986,707,1,FALSE
nlgn4a,120,137,18,-,"","",deletion,987,689,1,FALSE
nlgn4a,120,137,18,-,"","",deletion,988,716,1,FALSE
nlgn4a,120,137,18,-,"","",deletion,989,698,1,FALSE
nlgn4a,120,137,18,-,"","",deletion,990,698,1,FALSE
nlgn4a,120,137,18,-,"","",deletion,991,698,1,FALSE
nlgn4a,120,137,18,-,"","",deletion,992,707,1,FALSE
nlgn4a,120,137,18,-,"","",deletion,993,716,1,FALSE
nlgn4a,120,137,18,-,"","",deletion,994,716,1,FALSE
nlgn4a,120,137,18,-,"","",deletion,995,716,1,FALSE
nlgn4a,120,137,18,-,"","",deletion,996,707,1,FALSE
nlgn4a,120,137,18,-,"","",deletion,997,707,1,FALSE
nlgn4a,120,137,18,-,"","",deletion,998,716,1,FALSE
nlgn4a,120,137,18,-,"","",deletion,999,707,1,FALSE
nlgn4a,120,137,18,-,"","",deletion,1000,689,1,FALSE
nlgn4a,120,137,18,-,"","",deletion,1001,707,1,FALSE
nlgn4a,120,137,18,-,"","",deletion,1002,707,1,FALSE
nlgn4a,120,137,18,-,"","",deletion,1003,716,1,FALSE
nlgn4a,120,137,18,-,"","",deletion,1004,698,1,FALSE
nlgn4a,120,137,18,-,"","",deletion,1005,716,1,FALSE
nlgn4a,120,137,18,-,"","",deletion,1006,716,1,FALSE
nlgn4a,120,137,18,-,"","",deletion,1007,716,1,FALSE
nlgn4a,120,137,18,-,"","",deletion,1008,707,1,FALSE
nlgn4a,120,137,18,-,"","",deletion,1009,716,1,FALSE
nlgn4a,120,137,18,-,"","",deletion,1010,716,1,FALSE
nlgn4a,120,137,18,-,"","",deletion,1011,716,1,FALSE
nlgn4a,120,137,18,-,"","",deletion,1012,707,1,FALSE
nlgn4a,120,137,18,-,"","",deletion,1013,716,1,FALSE
nlgn4a,120,137,18,-,"","",deletion,1014,707,1,FALSE
nlgn4a,123,140,18,-,"","",deletion,1015,716,1,FALSE
nlgn4a,123,140,18,-,"","",deletion,1016,725,1,FALSE
nlgn4a,120,137,18,-,"","",deletion,1017,716,1,FALSE
nlgn4a,120,137,18,-,"","",deletion,1018,716,1,FALSE
nlgn4a,120,137,18,-,"","",deletion,1019,716,1,FALSE
nlgn4a,120,137,18,-,"","",deletion,1020,716,1,FALSE
nlgn4a,120,137,18,-,"","",deletion,1021,707,1,FALSE
nlgn4a,120,137,18,-,"","",deletion,1022,716,1,FALSE
nlgn4a,120,137,18,-,"","",deletion,1023,716,1,FALSE
nlgn4a,120,137,18,-,"","",deletion,1024,716,1,FALSE
nlgn4a,120,137,18,-,"","",deletion,1025,716,1,FALSE
nlgn4a,120,137,18,-,"","",deletion,1026,716,1,FALSE
nlgn4a,120,137,18,-,"","",deletion,1027,716,1,FALSE
nlgn4a,120,137,18,-,"","",deletion,1028,716,1,FALSE
nlgn4a,120,137,18,-,"","",deletion,1029,716,1,FALSE
nlgn4a,120,137,18,-,"","",deletion,1030,716,1,FALSE
nlgn4a,120,137,18,-,"","",deletion,1031,716,1,FALSE
nlgn4a,120,137,18,-,"","",deletion,1032,716,1,FALSE
nlgn4a,120,137,18,-,"","",deletion,1033,716,1,FALSE
nlgn4a,120,137,18,-,"","",deletion,1034,716,1,FALSE
nlgn4a,120,137,18,-,"","",deletion,1035,707,1,FALSE
nlgn4a,120,137,18,-,"","",deletion,1036,716,1,FALSE
nlgn4a,120,137,18,-,"","",deletion,1037,707,1,FALSE
nlgn4a,120,137,18,-,"","",deletion,1038,707,1,FALSE
nlgn4a,120,137,18,-,"","",deletion,1039,716,1,FALSE
nlgn4a,120,137,18,-,"","",deletion,1040,707,1,FALSE
nlgn4a,120,137,18,-,"","",deletion,1041,716,1,FALSE
nlgn4a,120,137,18,-,"","",deletion,1042,707,1,FALSE
nlgn4a,120,137,18,-,"","",deletion,1043,716,1,FALSE
nlgn4a,120,137,18,-,"","",deletion,1044,716,1,FALSE
nlgn4a,119,136,18,-,"","",deletion,1045,707,1,FALSE
nlgn4a,120,137,18,-,"","",deletion,1046,689,1,FALSE
nlgn4a,120,137,18,-,"","",deletion,1047,707,1,FALSE
nlgn4a,120,137,18,-,"","",deletion,1048,707,1,FALSE
nlgn4a,120,137,18,-,"","",deletion,1049,707,1,FALSE
nlgn4a,120,137,18,-,"","",deletion,1050,716,1,FALSE
nlgn4a,120,137,18,-,"","",deletion,1051,716,1,FALSE
nlgn4a,120,137,18,-,"","",deletion,1052,689,1,FALSE
nlgn4a,120,137,18,-,"","",deletion,1053,707,1,FALSE
nlgn4a,120,137,18,-,"","",deletion,1054,707,1,FALSE
nlgn4a,120,137,18,-,"","",deletion,1055,716,1,FALSE
nlgn4a,120,137,18,-,"","",deletion,1056,716,1,FALSE
nlgn4a,120,137,18,-,"","",deletion,1057,716,1,FALSE
nlgn4a,120,137,18,-,"","",deletion,1058,716,1,FALSE
nlgn4a,120,137,18,-,"","",deletion,1059,698,1,FALSE
nlgn4a,120,137,18,-,"","",deletion,1060,707,1,FALSE
nlgn4a,120,137,18,-,"","",deletion,1061,716,1,FALSE
nlgn4a,120,137,18,-,"","",deletion,1062,707,1,FALSE
nlgn4a,120,137,18,-,"","",deletion,1063,716,1,FALSE
nlgn4a,120,137,18,-,"","",deletion,1064,698,1,FALSE
nlgn4a,120,137,18,-,"","",deletion,1065,707,1,FALSE
nlgn4a,120,137,18,-,"","",deletion,1066,698,1,FALSE
nlgn4a,120,137,18,-,"","",deletion,1067,716,1,FALSE
nlgn4a,120,137,18,-,"","",deletion,1068,698,1,FALSE
nlgn4a,120,137,18,-,"","",deletion,1069,716,1,FALSE
nlgn4a,120,137,18,-,"","",deletion,1070,716,1,FALSE
nlgn4a,120,137,18,-,"","",deletion,1071,707,1,FALSE
nlgn4a,120,137,18,-,"","",deletion,1072,716,1,FALSE
nlgn4a,120,137,18,-,"","",deletion,1073,707,1,FALSE
nlgn4a,120,137,18,-,"","",deletion,1074,716,1,FALSE
nlgn4a,120,137,18,-,"","",deletion,1075,698,1,FALSE
nlgn4a,120,137,18,-,"","",deletion,1076,716,1,FALSE
nlgn4a,120,137,18,-,"","",deletion,1077,725,1,FALSE
nlgn4a,120,137,18,-,"","",deletion,1078,716,1,FALSE
nlgn4a,120,137,18,-,"","",deletion,1079,725,1,FALSE
nlgn4a,120,137,18,-,"","",deletion,1080,698,1,FALSE
nlgn4a,120,137,18,-,"","",deletion,1081,725,1,FALSE
nlgn4a,120,137,18,-,"","",deletion,1082,707,1,FALSE
nlgn4a,120,137,18,-,"","",deletion,1083,707,1,FALSE
nlgn4a,120,137,18,-,"","",deletion,1084,716,1,FALSE
nlgn4a,120,137,18,-,"","",deletion,1085,716,1,FALSE
nlgn4a,120,137,18,-,"","",deletion,1086,725,1,FALSE
nlgn4a,120,137,18,-,"","",deletion,1087,725,1,FALSE
nlgn4a,120,137,18,-,"","",deletion,1088,707,1,FALSE
nlgn4a,120,137,18,-,"","",deletion,1089,716,1,FALSE
nlgn4a,123,138,16,-,"","",deletion,1090,725,1,FALSE
nlgn4a,128,147,20,-,"","",deletion,1091,707,1,FALSE
nlgn4a,123,138,16,-,"","",deletion,1092,725,1,FALSE
nlgn4a,123,138,16,-,"","",deletion,1093,716,1,FALSE
nlgn4a,123,138,16,-,"","",deletion,1094,725,1,FALSE
nlgn4a,128,147,20,-,"","",deletion,1095,707,1,FALSE
nlgn4a,128,147,20,-,"","",deletion,1096,716,1,FALSE
nlgn4a,128,147,20,-,"","",deletion,1097,716,1,FALSE
nlgn4a,128,147,20,-,"","",deletion,1099,707,1,FALSE
nlgn4a,128,147,20,-,"","",deletion,1100,716,1,FALSE
nlgn4a,128,147,20,-,"","",deletion,1101,725,1,FALSE
nlgn4a,128,147,20,-,"","",deletion,1102,725,1,FALSE
nlgn4a,128,147,20,-,"","",deletion,1103,707,1,FALSE
nlgn4a,128,147,20,-,"","",deletion,1104,716,1,FALSE
nlgn4a,128,147,20,-,"","",deletion,1105,716,1,FALSE
nlgn4a,128,147,20,-,"","",deletion,1106,698,1,FALSE
nlgn4a,128,147,20,-,"","",deletion,1107,707,1,FALSE
nlgn4a,128,147,20,-,"","",deletion,1108,689,1,FALSE
nlgn4a,128,147,20,-,"","",deletion,1109,707,1,FALSE
nlgn4a,128,147,20,-,"","",deletion,1110,707,1,FALSE
nlgn4a,128,147,20,-,"","",deletion,1111,698,1,FALSE
nlgn4a,128,147,20,-,"","",deletion,1112,716,1,FALSE
nlgn4a,128,147,20,-,"","",deletion,1113,707,1,FALSE
nlgn4a,128,147,20,-,"","",deletion,1114,680,1,FALSE
nlgn4a,128,147,20,-,"","",deletion,1115,707,1,FALSE
nlgn4a,128,147,20,-,"","",deletion,1116,716,1,FALSE
nlgn4a,128,147,20,-,"","",deletion,1117,716,1,FALSE
nlgn4a,128,147,20,-,"","",deletion,1118,716,1,FALSE
nlgn4a,128,147,20,-,"","",deletion,1119,707,1,FALSE
nlgn4a,128,147,20,-,"","",deletion,1120,698,1,FALSE
nlgn4a,128,147,20,-,"","",deletion,1121,698,1,FALSE
nlgn4a,128,147,20,-,"","",deletion,1122,698,1,FALSE
nlgn4a,128,147,20,-,"","",deletion,1123,716,1,FALSE
nlgn4a,128,147,20,-,"","",deletion,1124,707,1,FALSE
nlgn4a,128,147,20,-,"","",deletion,1125,707,1,FALSE
nlgn4a,128,147,20,-,"","",deletion,1126,698,1,FALSE
nlgn4a,128,147,20,-,"","",deletion,1127,707,1,FALSE
nlgn4a,128,147,20,-,"","",deletion,1128,716,1,FALSE
nlgn4a,128,147,20,-,"","",deletion,1129,716,1,FALSE
nlgn4a,128,147,20,-,"","",deletion,1130,716,1,FALSE
nlgn4a,128,147,20,-,"","",deletion,1131,698,1,FALSE
nlgn4a,128,147,20,-,"","",deletion,1132,707,1,FALSE
nlgn4a,128,147,20,-,"","",deletion,1133,716,1,FALSE
nlgn4a,128,147,20,-,"","",deletion,1134,689,1,FALSE
nlgn4a,128,147,20,-,"","",deletion,1135,716,1,FALSE
nlgn4a,128,147,20,-,"","",deletion,1136,707,1,FALSE
nlgn4a,128,147,20,-,"","",deletion,1137,716,1,FALSE
nlgn4a,128,147,20,-,"","",deletion,1138,698,1,FALSE
nlgn4a,128,147,20,-,"","",deletion,1139,698,1,FALSE
nlgn4a,128,147,20,-,"","",deletion,1140,716,1,FALSE
nlgn4a,128,147,20,-,"","",deletion,1141,707,1,FALSE
nlgn4a,128,147,20,-,"","",deletion,1142,716,1,FALSE
nlgn4a,128,147,20,-,"","",deletion,1143,707,1,FALSE
nlgn4a,128,147,20,-,"","",deletion,1144,716,1,FALSE
nlgn4a,128,147,20,-,"","",deletion,1145,716,1,FALSE
nlgn4a,128,147,20,-,"","",deletion,1146,707,1,FALSE
nlgn4a,128,147,20,-,"","",deletion,1147,707,1,FALSE
nlgn4a,128,147,20,-,"","",deletion,1148,707,1,FALSE
nlgn4a,128,147,20,-,"","",deletion,1149,716,1,FALSE
nlgn4a,128,147,20,-,"","",deletion,1150,716,1,FALSE
nlgn4a,128,147,20,-,"","",deletion,1151,716,1,FALSE
nlgn4a,128,147,20,-,"","",deletion,1152,716,1,FALSE
nlgn4a,128,147,20,-,"","",deletion,1153,716,1,FALSE
nlgn4a,128,147,20,-,"","",deletion,1154,716,1,FALSE
nlgn4a,128,147,20,-,"","",deletion,1155,716,1,FALSE
nlgn4a,128,147,20,-,"","",deletion,1156,716,1,FALSE
nlgn4a,128,147,20,-,"","",deletion,1157,716,1,FALSE
nlgn4a,128,147,20,-,"","",deletion,1158,716,1,FALSE
nlgn4a,128,147,20,-,"","",deletion,1159,716,1,FALSE
nlgn4a,128,147,20,-,"","",deletion,1160,716,1,FALSE
nlgn4a,128,147,20,-,"","",deletion,1161,716,1,FALSE
nlgn4a,128,147,20,-,"","",deletion,1162,716,1,FALSE
nlgn4a,128,147,20,-,"","",deletion,1163,716,1,FALSE
nlgn4a,128,147,20,-,"","",deletion,1164,698,1,FALSE
nlgn4a,128,147,20,-,"","",deletion,1165,707,1,FALSE
nlgn4a,128,147,20,-,"","",deletion,1166,716,1,FALSE
nlgn4a,128,147,20,-,"","",deletion,1167,698,1,FALSE
nlgn4a,128,147,20,-,"","",deletion,1168,716,1,FALSE
nlgn4a,128,147,20,-,"","",deletion,1169,716,1,FALSE
nlgn4a,128,147,20,-,"","",deletion,1170,716,1,FALSE
nlgn4a,128,147,20,-,"","",deletion,1171,707,1,FALSE
nlgn4a,128,147,20,-,"","",deletion,1172,716,1,FALSE
nlgn4a,128,147,20,-,"","",deletion,1173,716,1,FALSE
nlgn4a,128,147,20,-,"","",deletion,1174,716,1,FALSE
nlgn4a,128,147,20,-,"","",deletion,1175,716,1,FALSE
nlgn4a,128,147,20,-,"","",deletion,1176,716,1,FALSE
nlgn4a,128,147,20,-,"","",deletion,1177,716,1,FALSE
nlgn4a,128,147,20,-,"","",deletion,1178,707,1,FALSE
nlgn4a,128,147,20,-,"","",deletion,1179,707,1,FALSE
nlgn4a,128,147,20,-,"","",deletion,1180,707,1,FALSE
nlgn4a,128,147,20,-,"","",deletion,1181,698,1,FALSE
nlgn4a,128,147,20,-,"","",deletion,1182,716,1,FALSE
nlgn4a,128,147,20,-,"","",deletion,1183,707,1,FALSE
nlgn4a,128,147,20,-,"","",deletion,1184,716,1,FALSE
nlgn4a,128,147,20,-,"","",deletion,1185,707,1,FALSE
nlgn4a,128,147,20,-,"","",deletion,1186,707,1,FALSE
nlgn4a,128,147,20,-,"","",deletion,1187,698,1,FALSE
nlgn4a,128,147,20,-,"","",deletion,1188,707,1,FALSE
nlgn4a,128,147,20,-,"","",deletion,1189,698,1,FALSE
nlgn4a,128,147,20,-,"","",deletion,1190,716,1,FALSE
nlgn4a,128,147,20,-,"","",deletion,1191,707,1,FALSE
nlgn4a,128,147,20,-,"","",deletion,1192,716,1,FALSE
nlgn4a,128,147,20,-,"","",deletion,1193,707,1,FALSE
nlgn4a,128,147,20,-,"","",deletion,1194,707,1,FALSE
nlgn4a,128,147,20,-,"","",deletion,1195,698,1,FALSE
nlgn4a,128,147,20,-,"","",deletion,1196,716,1,FALSE
nlgn4a,128,147,20,-,"","",deletion,1197,698,1,FALSE
nlgn4a,128,147,20,-,"","",deletion,1198,716,1,FALSE
nlgn4a,128,147,20,-,"","",deletion,1199,716,1,FALSE
nlgn4a,128,147,20,-,"","",deletion,1200,698,1,FALSE
nlgn4a,128,147,20,-,"","",deletion,1201,707,1,FALSE
nlgn4a,128,147,20,-,"","",deletion,1202,707,1,FALSE
nlgn4a,128,147,20,-,"","",deletion,1203,707,1,FALSE
nlgn4a,128,147,20,-,"","",deletion,1204,716,1,FALSE
nlgn4a,128,147,20,-,"","",deletion,1205,689,1,FALSE
nlgn4a,128,147,20,-,"","",deletion,1206,698,1,FALSE
nlgn4a,128,147,20,-,"","",deletion,1207,707,1,FALSE
nlgn4a,128,147,20,-,"","",deletion,1208,707,1,FALSE
nlgn4a,128,147,20,-,"","",deletion,1209,707,1,FALSE
nlgn4a,128,147,20,-,"","",deletion,1210,707,1,FALSE
nlgn4a,128,147,20,-,"","",deletion,1211,707,1,FALSE
nlgn4a,128,147,20,-,"","",deletion,1212,689,1,FALSE
nlgn4a,128,147,20,-,"","",deletion,1213,689,1,FALSE
nlgn4a,128,147,20,-,"","",deletion,1214,698,1,FALSE
nlgn4a,128,147,20,-,"","",deletion,1215,707,1,FALSE
nlgn4a,128,147,20,-,"","",deletion,1216,707,1,FALSE
nlgn4a,128,147,20,-,"","",deletion,1217,689,1,FALSE
nlgn4a,128,147,20,-,"","",deletion,1218,707,1,FALSE
nlgn4a,128,147,20,-,"","",deletion,1219,716,1,FALSE
nlgn4a,128,147,20,-,"","",deletion,1220,698,1,FALSE
nlgn4a,128,147,20,-,"","",deletion,1221,698,1,FALSE
nlgn4a,128,147,20,-,"","",deletion,1222,716,1,FALSE
nlgn4a,128,147,20,-,"","",deletion,1223,716,1,FALSE
nlgn4a,128,147,20,-,"","",deletion,1224,698,1,FALSE
nlgn4a,128,147,20,-,"","",deletion,1225,716,1,FALSE
nlgn4a,128,147,20,-,"","",deletion,1226,698,1,FALSE
nlgn4a,128,147,20,-,"","",deletion,1227,698,1,FALSE
nlgn4a,128,147,20,-,"","",deletion,1228,716,1,FALSE
nlgn4a,128,147,20,-,"","",deletion,1229,725,1,FALSE
nlgn4a,128,147,20,-,"","",deletion,1230,716,1,FALSE
nlgn4a,128,147,20,-,"","",deletion,1231,716,1,FALSE
nlgn4a,128,147,20,-,"","",deletion,1232,725,1,FALSE
nlgn4a,130,149,20,-,"","",deletion,1233,716,1,FALSE
nlgn4a,128,147,20,-,"","",deletion,1234,689,1,FALSE
nlgn4a,128,147,20,-,"","",deletion,1235,707,1,FALSE
nlgn4a,128,147,20,-,"","",deletion,1236,716,1,FALSE
nlgn4a,123,138,16,-,"","",deletion,1387,707,1,FALSE
nlgn4a,123,138,16,-,"","",deletion,1388,725,1,FALSE
nlgn4a,123,138,16,-,"","",deletion,1389,707,1,FALSE
nlgn4a,123,138,16,-,"","",deletion,1390,716,1,FALSE
nlgn4a,123,138,16,-,"","",deletion,1391,707,1,FALSE
nlgn4a,123,138,16,-,"","",deletion,1392,716,1,FALSE
nlgn4a,123,138,16,-,"","",deletion,1393,725,1,FALSE
nlgn4a,123,138,16,-,"","",deletion,1394,716,1,FALSE
nlgn4a,123,138,16,-,"","",deletion,1395,707,1,FALSE
nlgn4a,123,138,16,-,"","",deletion,1396,716,1,FALSE
nlgn4a,123,138,16,-,"","",deletion,1397,725,1,FALSE
nlgn4a,123,138,16,-,"","",deletion,1398,716,1,FALSE
nlgn4a,123,138,16,-,"","",deletion,1399,707,1,FALSE
nlgn4a,123,138,16,-,"","",deletion,1400,725,1,FALSE
nlgn4a,123,138,16,-,"","",deletion,1401,698,1,FALSE
nlgn4a,123,138,16,-,"","",deletion,1402,698,1,FALSE
nlgn4a,123,138,16,-,"","",deletion,1403,689,1,FALSE
nlgn4a,123,138,16,-,"","",deletion,1404,707,1,FALSE
nlgn4a,123,138,16,-,"","",deletion,1405,689,1,FALSE
nlgn4a,123,138,16,-,"","",deletion,1406,707,1,FALSE
nlgn4a,123,138,16,-,"","",deletion,1407,716,1,FALSE
nlgn4a,123,138,16,-,"","",deletion,1408,698,1,FALSE
nlgn4a,123,138,16,-,"","",deletion,1409,707,1,FALSE
nlgn4a,123,138,16,-,"","",deletion,1410,707,1,FALSE
nlgn4a,123,138,16,-,"","",deletion,1411,698,1,FALSE
nlgn4a,123,138,16,-,"","",deletion,1412,707,1,FALSE
nlgn4a,123,138,16,-,"","",deletion,1413,707,1,FALSE
nlgn4a,123,138,16,-,"","",deletion,1414,716,1,FALSE
nlgn4a,123,138,16,-,"","",deletion,1415,716,1,FALSE
nlgn4a,123,138,16,-,"","",deletion,1416,689,1,FALSE
nlgn4a,123,138,16,-,"","",deletion,1417,707,1,FALSE
nlgn4a,123,138,16,-,"","",deletion,1418,716,1,FALSE
nlgn4a,123,138,16,-,"","",deletion,1419,707,1,FALSE
nlgn4a,123,138,16,-,"","",deletion,1420,707,1,FALSE
nlgn4a,123,138,16,-,"","",deletion,1421,698,1,FALSE
nlgn4a,123,138,16,-,"","",deletion,1422,698,1,FALSE
nlgn4a,123,138,16,-,"","",deletion,1423,707,1,FALSE
nlgn4a,123,138,16,-,"","",deletion,1424,707,1,FALSE
nlgn4a,123,138,16,-,"","",deletion,1425,716,1,FALSE
nlgn4a,123,138,16,-,"","",deletion,1426,707,1,FALSE
nlgn4a,123,138,16,-,"","",deletion,1427,707,1,FALSE
nlgn4a,123,138,16,-,"","",deletion,1428,707,1,FALSE
nlgn4a,123,138,16,-,"","",deletion,1429,716,1,FALSE
nlgn4a,123,138,16,-,"","",deletion,1430,707,1,FALSE
nlgn4a,123,138,16,-,"","",deletion,1431,698,1,FALSE
nlgn4a,123,138,16,-,"","",deletion,1432,698,1,FALSE
nlgn4a,123,138,16,-,"","",deletion,1433,707,1,FALSE
nlgn4a,123,138,16,-,"","",deletion,1434,707,1,FALSE
nlgn4a,123,138,16,-,"","",deletion,1435,716,1,FALSE
nlgn4a,123,138,16,-,"","",deletion,1436,698,1,FALSE
nlgn4a,123,138,16,-,"","",deletion,1437,716,1,FALSE
nlgn4a,123,138,16,-,"","",deletion,1438,716,1,FALSE
nlgn4a,123,138,16,-,"","",deletion,1439,707,1,FALSE
nlgn4a,123,138,16,-,"","",deletion,1440,716,1,FALSE
nlgn4a,123,138,16,-,"","",deletion,1441,707,1,FALSE
nlgn4a,123,138,16,-,"","",deletion,1442,698,1,FALSE
nlgn4a,123,138,16,-,"","",deletion,1443,698,1,FALSE
nlgn4a,123,138,16,-,"","",deletion,1444,707,1,FALSE
nlgn4a,123,138,16,-,"","",deletion,1445,698,1,FALSE
nlgn4a,123,138,16,-,"","",deletion,1446,716,1,FALSE
nlgn4a,123,138,16,-,"","",deletion,1447,707,1,FALSE
nlgn4a,123,138,16,-,"","",deletion,1448,716,1,FALSE
nlgn4a,123,138,16,-,"","",deletion,1449,716,1,FALSE
nlgn4a,123,138,16,-,"","",deletion,1450,716,1,FALSE
nlgn4a,123,138,16,-,"","",deletion,1451,716,1,FALSE
nlgn4a,123,138,16,-,"","",deletion,1452,707,1,FALSE
nlgn4a,123,138,16,-,"","",deletion,1453,716,1,FALSE
nlgn4a,123,138,16,-,"","",deletion,1454,707,1,FALSE
nlgn4a,123,138,16,-,"","",deletion,1455,716,1,FALSE
nlgn4a,123,138,16,-,"","",deletion,1456,707,1,FALSE
nlgn4a,123,138,16,-,"","",deletion,1457,707,1,FALSE
nlgn4a,123,138,16,-,"","",deletion,1458,716,1,FALSE
nlgn4a,123,138,16,-,"","",deletion,1459,698,1,FALSE
nlgn4a,123,138,16,-,"","",deletion,1460,707,1,FALSE
nlgn4a,123,138,16,-,"","",deletion,1461,716,1,FALSE
nlgn4a,123,138,16,-,"","",deletion,1462,716,1,FALSE
nlgn4a,123,138,16,-,"","",deletion,1463,716,1,FALSE
nlgn4a,123,138,16,-,"","",deletion,1464,716,1,FALSE
nlgn4a,123,138,16,-,"","",deletion,1465,716,1,FALSE
nlgn4a,123,138,16,-,"","",deletion,1466,707,1,FALSE
nlgn4a,123,138,16,-,"","",deletion,1467,716,1,FALSE
nlgn4a,123,138,16,-,"","",deletion,1468,707,1,FALSE
nlgn4a,123,138,16,-,"","",deletion,1469,716,1,FALSE
nlgn4a,123,138,16,-,"","",deletion,1470,707,1,FALSE
nlgn4a,123,138,16,-,"","",deletion,1471,716,1,FALSE
nlgn4a,123,138,16,-,"","",deletion,1472,698,1,FALSE
nlgn4a,123,138,16,-,"","",deletion,1473,716,1,FALSE
nlgn4a,123,138,16,-,"","",deletion,1474,716,1,FALSE
nlgn4a,123,138,16,-,"","",deletion,1475,716,1,FALSE
nlgn4a,123,138,16,-,"","",deletion,1476,716,1,FALSE
nlgn4a,123,138,16,-,"","",deletion,1477,716,1,FALSE
nlgn4a,123,138,16,-,"","",deletion,1478,716,1,FALSE
nlgn4a,123,138,16,-,"","",deletion,1479,716,1,FALSE
nlgn4a,123,138,16,-,"","",deletion,1480,716,1,FALSE
nlgn4a,123,138,16,-,"","",deletion,1481,716,1,FALSE
nlgn4a,123,138,16,-,"","",deletion,1482,716,1,FALSE
nlgn4a,123,138,16,-,"","",deletion,1483,716,1,FALSE
nlgn4a,123,138,16,-,"","",deletion,1484,716,1,FALSE
nlgn4a,123,138,16,-,"","",deletion,1485,716,1,FALSE
nlgn4a,123,138,16,-,"","",deletion,1486,707,1,FALSE
nlgn4a,123,138,16,-,"","",deletion,1487,716,1,FALSE
nlgn4a,123,138,16,-,"","",deletion,1488,716,1,FALSE
nlgn4a,123,138,16,-,"","",deletion,1489,707,1,FALSE
nlgn4a,123,138,16,-,"","",deletion,1490,716,1,FALSE
nlgn4a,123,138,16,-,"","",deletion,1491,716,1,FALSE
nlgn4a,123,138,16,-,"","",deletion,1492,707,1,FALSE
nlgn4a,123,138,16,-,"","",deletion,1493,716,1,FALSE
nlgn4a,123,138,16,-,"","",deletion,1494,716,1,FALSE
nlgn4a,123,138,16,-,"","",deletion,1495,716,1,FALSE
nlgn4a,123,138,16,-,"","",deletion,1496,716,1,FALSE
nlgn4a,123,138,16,-,"","",deletion,1497,716,1,FALSE
nlgn4a,123,138,16,-,"","",deletion,1498,716,1,FALSE
nlgn4a,123,138,16,-,"","",deletion,1499,707,1,FALSE
nlgn4a,123,138,16,-,"","",deletion,1500,716,1,FALSE
nlgn4a,123,138,16,-,"","",deletion,1501,707,1,FALSE
nlgn4a,123,138,16,-,"","",deletion,1502,707,1,FALSE
nlgn4a,123,138,16,-,"","",deletion,1503,716,1,FALSE
nlgn4a,123,138,16,-,"","",deletion,1504,716,1,FALSE
nlgn4a,123,138,16,-,"","",deletion,1505,707,1,FALSE
nlgn4a,123,138,16,-,"","",deletion,1506,716,1,FALSE
nlgn4a,123,138,16,-,"","",deletion,1507,707,1,FALSE
nlgn4a,122,137,16,-,"","",deletion,1508,716,1,FALSE
nlgn4a,123,138,16,-,"","",deletion,1509,716,1,FALSE
nlgn4a,124,139,16,-,"","",deletion,1510,725,1,FALSE
nlgn4a,124,139,16,-,"","",deletion,1511,716,1,FALSE
nlgn4a,124,139,16,-,"","",deletion,1512,716,1,FALSE
nlgn4a,124,139,16,-,"","",deletion,1513,707,1,FALSE
nlgn4a,123,138,16,-,"","",deletion,1514,716,1,FALSE
nlgn4a,123,138,16,-,"","",deletion,1515,716,1,FALSE
nlgn4a,123,138,16,-,"","",deletion,1516,716,1,FALSE
nlgn4a,123,138,16,-,"","",deletion,1517,716,1,FALSE
nlgn4a,123,138,16,-,"","",deletion,1518,716,1,FALSE
nlgn4a,123,138,16,-,"","",deletion,1519,707,1,FALSE
nlgn4a,123,138,16,-,"","",deletion,1520,716,1,FALSE
nlgn4a,123,138,16,-,"","",deletion,1521,716,1,FALSE
nlgn4a,123,138,16,-,"","",deletion,1522,707,1,FALSE
nlgn4a,123,138,16,-,"","",deletion,1523,707,1,FALSE
nlgn4a,123,138,16,-,"","",deletion,1524,707,1,FALSE
nlgn4a,123,138,16,-,"","",deletion,1525,716,1,FALSE
nlgn4a,123,138,16,-,"","",deletion,1526,707,1,FALSE
nlgn4a,123,138,16,-,"","",deletion,1527,707,1,FALSE
nlgn4a,123,138,16,-,"","",deletion,1528,716,1,FALSE
nlgn4a,123,138,16,-,"","",deletion,1529,707,1,FALSE
nlgn4a,123,138,16,-,"","",deletion,1530,716,1,FALSE
nlgn4a,125,140,16,-,"","",deletion,1531,698,1,FALSE
nlgn4a,123,138,16,-,"","",deletion,1532,716,1,FALSE
nlgn4a,123,138,16,-,"","",deletion,1533,707,1,FALSE
nlgn4a,123,138,16,-,"","",deletion,1534,716,1,FALSE
nlgn4a,123,138,16,-,"","",deletion,1535,707,1,FALSE
nlgn4a,123,138,16,-,"","",deletion,1536,716,1,FALSE
nlgn4a,123,138,16,-,"","",deletion,1537,716,1,FALSE
nlgn4a,123,138,16,-,"","",deletion,1538,698,1,FALSE
nlgn4a,123,138,16,-,"","",deletion,1539,707,1,FALSE
nlgn4a,123,138,16,-,"","",deletion,1540,689,1,FALSE
nlgn4a,123,138,16,-,"","",deletion,1541,698,1,FALSE
nlgn4a,123,138,16,-,"","",deletion,1542,707,1,FALSE
nlgn4a,123,138,16,-,"","",deletion,1543,716,1,FALSE
nlgn4a,123,138,16,-,"","",deletion,1544,698,1,FALSE
nlgn4a,123,138,16,-,"","",deletion,1545,707,1,FALSE
nlgn4a,123,138,16,-,"","",deletion,1546,698,1,FALSE
nlgn4a,123,138,16,-,"","",deletion,1547,698,1,FALSE
nlgn4a,124,139,16,-,"","",deletion,1548,698,1,FALSE
nlgn4a,123,138,16,-,"","",deletion,1549,716,1,FALSE
nlgn4a,123,138,16,-,"","",deletion,1550,716,1,FALSE
nlgn4a,123,138,16,-,"","",deletion,1551,707,1,FALSE
nlgn4a,123,138,16,-,"","",deletion,1552,698,1,FALSE
nlgn4a,123,138,16,-,"","",deletion,1553,716,1,FALSE
nlgn4a,123,138,16,-,"","",deletion,1554,698,1,FALSE
nlgn4a,123,138,16,-,"","",deletion,1555,716,1,FALSE
nlgn4a,123,138,16,-,"","",deletion,1556,707,1,FALSE
nlgn4a,123,138,16,-,"","",deletion,1557,707,1,FALSE
nlgn4a,123,138,16,-,"","",deletion,1558,707,1,FALSE
nlgn4a,123,138,16,-,"","",deletion,1559,707,1,FALSE
nlgn4a,123,138,16,-,"","",deletion,1560,698,1,FALSE
nlgn4a,123,138,16,-,"","",deletion,1561,680,1,FALSE
nlgn4a,123,138,16,-,"","",deletion,1562,716,1,FALSE
nlgn4a,123,138,16,-,"","",deletion,1563,698,1,FALSE
nlgn4a,123,138,16,-,"","",deletion,1564,716,1,FALSE
nlgn4a,123,138,16,-,"","",deletion,1565,698,1,FALSE
nlgn4a,124,139,16,-,"","",deletion,1566,698,1,FALSE
nlgn4a,123,138,16,-,"","",deletion,1567,707,1,FALSE
nlgn4a,123,138,16,-,"","",deletion,1568,716,1,FALSE
nlgn4a,123,138,16,-,"","",deletion,1569,716,1,FALSE
nlgn4a,123,138,16,-,"","",deletion,1570,707,1,FALSE
nlgn4a,123,138,16,-,"","",deletion,1571,707,1,FALSE
nlgn4a,123,138,16,-,"","",deletion,1572,716,1,FALSE
nlgn4a,123,138,16,-,"","",deletion,1573,725,1,FALSE
nlgn4a,123,138,16,-,"","",deletion,1574,725,1,FALSE
nlgn4a,123,138,16,-,"","",deletion,1575,725,1,FALSE
nlgn4a,123,138,16,-,"","",deletion,1576,698,1,FALSE
nlgn4a,123,138,16,-,"","",deletion,1577,725,1,FALSE
nlgn4a,123,138,16,-,"","",deletion,1578,689,1,FALSE
nlgn4a,123,138,16,-,"","",deletion,1579,698,1,FALSE
nlgn4a,123,138,16,-,"","",deletion,1580,698,1,FALSE
nlgn4a,128,147,20,-,"","",deletion,1582,716,1,FALSE
nlgn4a,128,147,20,-,"","",deletion,1583,725,1,FALSE
nlgn4a,123,138,16,-,"","",deletion,1586,698,1,FALSE
nlgn4a,120,137,18,-,"","",deletion,1587,716,1,FALSE
nlgn4a,128,147,20,-,"","",deletion,1588,716,1,FALSE
nlgn4a,120,137,18,-,"","",deletion,1589,716,1,FALSE
nlgn4a,119,183,65,-,"","",deletion,1590,698,1,FALSE
nlgn4a,120,137,18,-,"","",deletion,1592,698,1,FALSE
nlgn4a,111,150,40,-,"","",deletion,1593,707,1,FALSE
nlgn4a,111,150,40,-,"","",deletion,1594,725,1,FALSE
nlgn4a,111,150,40,-,"","",deletion,1595,707,1,FALSE
nlgn4a,111,150,40,-,"","",deletion,1596,716,1,FALSE
nlgn4a,111,150,40,-,"","",deletion,1597,707,1,FALSE
nlgn4a,111,150,40,-,"","",deletion,1598,725,1,FALSE
nlgn4a,111,150,40,-,"","",deletion,1599,716,1,FALSE
nlgn4a,111,150,40,-,"","",deletion,1600,707,1,FALSE
nlgn4a,111,150,40,-,"","",deletion,1601,707,1,FALSE
nlgn4a,111,150,40,-,"","",deletion,1602,716,1,FALSE
nlgn4a,111,150,40,-,"","",deletion,1603,698,1,FALSE
nlgn4a,111,150,40,-,"","",deletion,1604,716,1,FALSE
nlgn4a,111,150,40,-,"","",deletion,1605,698,1,FALSE
nlgn4a,111,150,40,-,"","",deletion,1606,689,1,FALSE
nlgn4a,111,150,40,-,"","",deletion,1607,689,1,FALSE
nlgn4a,111,150,40,-,"","",deletion,1608,716,1,FALSE
nlgn4a,111,150,40,-,"","",deletion,1609,707,1,FALSE
nlgn4a,111,150,40,-,"","",deletion,1610,689,1,FALSE
nlgn4a,111,150,40,-,"","",deletion,1611,707,1,FALSE
nlgn4a,111,150,40,-,"","",deletion,1612,707,1,FALSE
nlgn4a,111,150,40,-,"","",deletion,1613,689,1,FALSE
nlgn4a,111,150,40,-,"","",deletion,1614,707,1,FALSE
nlgn4a,111,150,40,-,"","",deletion,1615,707,1,FALSE
nlgn4a,111,150,40,-,"","",deletion,1616,716,1,FALSE
nlgn4a,111,150,40,-,"","",deletion,1617,716,1,FALSE
nlgn4a,111,150,40,-,"","",deletion,1618,707,1,FALSE
nlgn4a,111,150,40,-,"","",deletion,1619,689,1,FALSE
nlgn4a,111,150,40,-,"","",deletion,1620,689,1,FALSE
nlgn4a,111,150,40,-,"","",deletion,1621,716,1,FALSE
nlgn4a,111,150,40,-,"","",deletion,1622,707,1,FALSE
nlgn4a,111,150,40,-,"","",deletion,1623,716,1,FALSE
nlgn4a,111,150,40,-,"","",deletion,1624,707,1,FALSE
nlgn4a,111,150,40,-,"","",deletion,1625,689,1,FALSE
nlgn4a,111,150,40,-,"","",deletion,1626,716,1,FALSE
nlgn4a,111,150,40,-,"","",deletion,1627,698,1,FALSE
nlgn4a,111,150,40,-,"","",deletion,1628,707,1,FALSE
nlgn4a,111,150,40,-,"","",deletion,1629,680,1,FALSE
nlgn4a,111,150,40,-,"","",deletion,1630,716,1,FALSE
nlgn4a,111,150,40,-,"","",deletion,1631,707,1,FALSE
nlgn4a,111,150,40,-,"","",deletion,1632,716,1,FALSE
nlgn4a,111,150,40,-,"","",deletion,1633,698,1,FALSE
nlgn4a,111,150,40,-,"","",deletion,1634,716,1,FALSE
nlgn4a,111,150,40,-,"","",deletion,1635,716,1,FALSE
nlgn4a,111,150,40,-,"","",deletion,1636,716,1,FALSE
nlgn4a,111,150,40,-,"","",deletion,1637,716,1,FALSE
nlgn4a,111,150,40,-,"","",deletion,1638,707,1,FALSE
nlgn4a,111,150,40,-,"","",deletion,1639,707,1,FALSE
nlgn4a,111,150,40,-,"","",deletion,1640,698,1,FALSE
nlgn4a,111,150,40,-,"","",deletion,1641,698,1,FALSE
nlgn4a,111,150,40,-,"","",deletion,1642,707,1,FALSE
nlgn4a,111,150,40,-,"","",deletion,1643,707,1,FALSE
nlgn4a,111,150,40,-,"","",deletion,1644,716,1,FALSE
nlgn4a,111,150,40,-,"","",deletion,1645,716,1,FALSE
nlgn4a,111,150,40,-,"","",deletion,1646,707,1,FALSE
nlgn4a,111,150,40,-,"","",deletion,1647,707,1,FALSE
nlgn4a,111,150,40,-,"","",deletion,1648,707,1,FALSE
nlgn4a,111,150,40,-,"","",deletion,1649,707,1,FALSE
nlgn4a,111,150,40,-,"","",deletion,1650,707,1,FALSE
nlgn4a,111,150,40,-,"","",deletion,1651,698,1,FALSE
nlgn4a,111,150,40,-,"","",deletion,1652,707,1,FALSE
nlgn4a,111,150,40,-,"","",deletion,1653,716,1,FALSE
nlgn4a,111,150,40,-,"","",deletion,1654,716,1,FALSE
nlgn4a,111,150,40,-,"","",deletion,1655,707,1,FALSE
nlgn4a,111,150,40,-,"","",deletion,1656,716,1,FALSE
nlgn4a,111,150,40,-,"","",deletion,1657,716,1,FALSE
nlgn4a,111,150,40,-,"","",deletion,1658,716,1,FALSE
nlgn4a,111,150,40,-,"","",deletion,1659,716,1,FALSE
nlgn4a,111,150,40,-,"","",deletion,1660,716,1,FALSE
nlgn4a,111,150,40,-,"","",deletion,1661,716,1,FALSE
nlgn4a,111,150,40,-,"","",deletion,1662,716,1,FALSE
nlgn4a,111,150,40,-,"","",deletion,1663,716,1,FALSE
nlgn4a,111,150,40,-,"","",deletion,1664,716,1,FALSE
nlgn4a,111,150,40,-,"","",deletion,1665,707,1,FALSE
nlgn4a,111,150,40,-,"","",deletion,1666,707,1,FALSE
nlgn4a,111,150,40,-,"","",deletion,1667,716,1,FALSE
nlgn4a,111,150,40,-,"","",deletion,1668,707,1,FALSE
nlgn4a,111,150,40,-,"","",deletion,1669,707,1,FALSE
nlgn4a,111,150,40,-,"","",deletion,1670,716,1,FALSE
nlgn4a,111,150,40,-,"","",deletion,1671,716,1,FALSE
nlgn4a,111,150,40,-,"","",deletion,1672,716,1,FALSE
nlgn4a,111,150,40,-,"","",deletion,1673,707,1,FALSE
nlgn4a,111,150,40,-,"","",deletion,1674,716,1,FALSE
nlgn4a,111,150,40,-,"","",deletion,1675,707,1,FALSE
nlgn4a,111,150,40,-,"","",deletion,1676,707,1,FALSE
nlgn4a,111,150,40,-,"","",deletion,1677,707,1,FALSE
nlgn4a,111,150,40,-,"","",deletion,1678,716,1,FALSE
nlgn4a,112,151,40,-,"","",deletion,1679,716,1,FALSE
nlgn4a,111,150,40,-,"","",deletion,1680,698,1,FALSE
nlgn4a,112,151,40,-,"","",deletion,1681,707,1,FALSE
nlgn4a,111,150,40,-,"","",deletion,1682,698,1,FALSE
nlgn4a,111,150,40,-,"","",deletion,1683,716,1,FALSE
nlgn4a,111,150,40,-,"","",deletion,1684,716,1,FALSE
nlgn4a,111,150,40,-,"","",deletion,1685,707,1,FALSE
nlgn4a,111,150,40,-,"","",deletion,1686,707,1,FALSE
nlgn4a,111,150,40,-,"","",deletion,1687,707,1,FALSE
nlgn4a,111,150,40,-,"","",deletion,1688,707,1,FALSE
nlgn4a,111,150,40,-,"","",deletion,1689,698,1,FALSE
nlgn4a,111,150,40,-,"","",deletion,1690,707,1,FALSE
nlgn4a,111,150,40,-,"","",deletion,1691,716,1,FALSE
nlgn4a,112,151,40,-,"","",deletion,1692,689,1,FALSE
nlgn4a,111,150,40,-,"","",deletion,1693,707,1,FALSE
nlgn4a,111,150,40,-,"","",deletion,1694,698,1,FALSE
nlgn4a,111,150,40,-,"","",deletion,1695,707,1,FALSE
nlgn4a,111,150,40,-,"","",deletion,1696,707,1,FALSE
nlgn4a,111,150,40,-,"","",deletion,1697,716,1,FALSE
nlgn4a,111,150,40,-,"","",deletion,1698,716,1,FALSE
nlgn4a,111,150,40,-,"","",deletion,1699,716,1,FALSE
nlgn4a,111,150,40,-,"","",deletion,1700,698,1,FALSE
nlgn4a,111,150,40,-,"","",deletion,1701,707,1,FALSE
nlgn4a,111,150,40,-,"","",deletion,1702,707,1,FALSE
nlgn4a,111,150,40,-,"","",deletion,1703,707,1,FALSE
nlgn4a,111,150,40,-,"","",deletion,1704,698,1,FALSE
nlgn4a,111,150,40,-,"","",deletion,1705,716,1,FALSE
nlgn4a,111,150,40,-,"","",deletion,1706,698,1,FALSE
nlgn4a,111,150,40,-,"","",deletion,1707,707,1,FALSE
nlgn4a,111,150,40,-,"","",deletion,1708,707,1,FALSE
nlgn4a,111,150,40,-,"","",deletion,1709,707,1,FALSE
nlgn4a,111,150,40,-,"","",deletion,1710,698,1,FALSE
nlgn4a,111,150,40,-,"","",deletion,1711,707,1,FALSE
nlgn4a,111,150,40,-,"","",deletion,1712,707,1,FALSE
nlgn4a,111,150,40,-,"","",deletion,1713,689,1,FALSE
nlgn4a,111,150,40,-,"","",deletion,1714,716,1,FALSE
nlgn4a,111,150,40,-,"","",deletion,1715,716,1,FALSE
nlgn4a,111,150,40,-,"","",deletion,1716,716,1,FALSE
nlgn4a,111,150,40,-,"","",deletion,1717,698,1,FALSE
nlgn4a,111,150,40,-,"","",deletion,1718,716,1,FALSE
nlgn4a,111,150,40,-,"","",deletion,1719,716,1,FALSE
nlgn4a,111,150,40,-,"","",deletion,1720,698,1,FALSE
nlgn4a,111,150,40,-,"","",deletion,1721,680,1,FALSE
nlgn4a,111,150,40,-,"","",deletion,1722,698,1,FALSE
nlgn4a,111,150,40,-,"","",deletion,1723,707,1,FALSE
nlgn4a,111,150,40,-,"","",deletion,1724,725,1,FALSE
nlgn4a,111,150,40,-,"","",deletion,1725,698,1,FALSE
nlgn4a,111,150,40,-,"","",deletion,1726,716,1,FALSE
nlgn4a,111,150,40,-,"","",deletion,1727,725,1,FALSE
nlgn4a,111,150,40,-,"","",deletion,1728,725,1,FALSE
nlgn4a,111,150,40,-,"","",deletion,1729,716,1,FALSE
nlgn4a,111,150,40,-,"","",deletion,1730,698,1,FALSE
nlgn4a,111,150,40,-,"","",deletion,1731,716,1,FALSE
nlgn4a,112,151,40,-,"","",deletion,1732,716,1,FALSE
nlgn4a,111,150,40,-,"","",deletion,1733,698,1,FALSE
nlgn4a,111,150,40,-,"","",deletion,1734,725,1,FALSE
nlgn4a,111,150,40,-,"","",deletion,1735,725,1,FALSE
nlgn4a,111,150,40,-,"","",deletion,1736,707,1,FALSE
nlgn4a,111,150,40,-,"","",deletion,1737,707,1,FALSE
nlgn4a,111,150,40,-,"","",deletion,1738,725,1,FALSE
nlgn4a,111,150,40,-,"","",deletion,1739,716,1,FALSE
nlgn4a,111,150,40,-,"","",deletion,1740,716,1,FALSE
nlgn4a,111,150,40,-,"","",deletion,1741,725,1,FALSE
nlgn4a,111,150,40,-,"","",deletion,1742,707,1,FALSE
nlgn4a,111,150,40,-,"","",deletion,1743,716,1,FALSE
nlgn4a,111,150,40,-,"","",deletion,1744,725,1,FALSE
nlgn4a,111,150,40,-,"","",deletion,1745,716,1,FALSE
nlgn4a,111,150,40,-,"","",deletion,1746,716,1,FALSE
nlgn4a,111,150,40,-,"","",deletion,1747,707,1,FALSE
nlgn4a,111,150,40,-,"","",deletion,1748,716,1,FALSE
nlgn4a,128,147,20,-,"","",deletion,1749,725,1,FALSE
nlgn4a,128,147,20,-,"","",deletion,1750,698,1,FALSE
nlgn4a,119,183,65,-,"","",deletion,1753,716,1,FALSE
nlgn4a,128,147,20,-,"","",deletion,1754,725,1,FALSE
nlgn4a,111,150,40,-,"","",deletion,1755,716,1,FALSE
nlgn4a,109,146,38,-,"","",deletion,1756,725,1,FALSE
nlgn4a,128,147,20,-,"","",deletion,1757,716,1,FALSE
nlgn4a,111,150,40,-,"","",deletion,1758,725,1,FALSE
nlgn4a,120,184,65,-,"","",deletion,1759,716,1,FALSE
nlgn4a,119,183,65,-,"","",deletion,1760,725,1,FALSE
nlgn4a,111,150,40,-,"","",deletion,1761,707,1,FALSE
nlgn4a,119,183,65,-,"","",deletion,1762,725,1,FALSE
nlgn4a,120,137,18,-,"","",deletion,1763,716,1,FALSE
nlgn4a,111,150,40,-,"","",deletion,1764,707,1,FALSE
nlgn4a,123,138,16,-,"","",deletion,1765,707,1,FALSE
nlgn4a,109,146,38,-,"","",deletion,1766,716,1,FALSE
nlgn4a,128,147,20,-,"","",deletion,1767,707,1,FALSE
nlgn4a,109,146,38,-,"","",deletion,1768,707,1,FALSE
nlgn4a,119,183,65,-,"","",deletion,1769,716,1,FALSE
nlgn4a,120,137,18,-,"","",deletion,1770,716,1,FALSE
nlgn4a,109,146,38,-,"","",deletion,1771,725,1,FALSE
nlgn4a,109,146,38,-,"","",deletion,1772,716,1,FALSE
nlgn4a,100,137,38,-,"","",deletion,1773,698,1,FALSE
nlgn4a,94,140,47,-,"","",deletion,1775,725,1,FALSE
nlgn4a,94,140,47,-,"","",deletion,1776,716,1,FALSE
nlgn4a,94,140,47,-,"","",deletion,1777,707,1,FALSE
nlgn4a,94,140,47,-,"","",deletion,1778,716,1,FALSE
nlgn4a,94,140,47,-,"","",deletion,1779,698,1,FALSE
nlgn4a,94,140,47,-,"","",deletion,1780,716,1,FALSE
nlgn4a,94,140,47,-,"","",deletion,1781,707,1,FALSE
nlgn4a,94,140,47,-,"","",deletion,1782,707,1,FALSE
nlgn4a,94,140,47,-,"","",deletion,1783,716,1,FALSE
nlgn4a,94,140,47,-,"","",deletion,1784,707,1,FALSE
nlgn4a,94,140,47,-,"","",deletion,1785,707,1,FALSE
nlgn4a,94,140,47,-,"","",deletion,1786,707,1,FALSE
nlgn4a,94,140,47,-,"","",deletion,1787,707,1,FALSE
nlgn4a,94,140,47,-,"","",deletion,1788,698,1,FALSE
nlgn4a,94,140,47,-,"","",deletion,1789,716,1,FALSE
nlgn4a,94,140,47,-,"","",deletion,1790,716,1,FALSE
nlgn4a,94,140,47,-,"","",deletion,1791,698,1,FALSE
nlgn4a,94,140,47,-,"","",deletion,1792,689,1,FALSE
nlgn4a,94,140,47,-,"","",deletion,1793,707,1,FALSE
nlgn4a,94,140,47,-,"","",deletion,1794,716,1,FALSE
nlgn4a,94,140,47,-,"","",deletion,1795,707,1,FALSE
nlgn4a,94,140,47,-,"","",deletion,1796,689,1,FALSE
nlgn4a,94,140,47,-,"","",deletion,1797,707,1,FALSE
nlgn4a,94,140,47,-,"","",deletion,1798,716,1,FALSE
nlgn4a,94,140,47,-,"","",deletion,1799,689,1,FALSE
nlgn4a,94,140,47,-,"","",deletion,1800,716,1,FALSE
nlgn4a,94,140,47,-,"","",deletion,1801,707,1,FALSE
nlgn4a,94,140,47,-,"","",deletion,1802,716,1,FALSE
nlgn4a,94,140,47,-,"","",deletion,1803,716,1,FALSE
nlgn4a,94,140,47,-,"","",deletion,1804,698,1,FALSE
nlgn4a,94,140,47,-,"","",deletion,1805,716,1,FALSE
nlgn4a,94,140,47,-,"","",deletion,1806,716,1,FALSE
nlgn4a,94,140,47,-,"","",deletion,1807,707,1,FALSE
nlgn4a,94,140,47,-,"","",deletion,1808,707,1,FALSE
nlgn4a,94,140,47,-,"","",deletion,1809,716,1,FALSE
nlgn4a,94,140,47,-,"","",deletion,1810,716,1,FALSE
nlgn4a,94,140,47,-,"","",deletion,1811,707,1,FALSE
nlgn4a,94,140,47,-,"","",deletion,1812,716,1,FALSE
nlgn4a,94,140,47,-,"","",deletion,1813,707,1,FALSE
nlgn4a,94,140,47,-,"","",deletion,1814,698,1,FALSE
nlgn4a,94,140,47,-,"","",deletion,1815,716,1,FALSE
nlgn4a,94,140,47,-,"","",deletion,1816,716,1,FALSE
nlgn4a,94,140,47,-,"","",deletion,1817,707,1,FALSE
nlgn4a,94,140,47,-,"","",deletion,1818,707,1,FALSE
nlgn4a,94,140,47,-,"","",deletion,1819,707,1,FALSE
nlgn4a,94,140,47,-,"","",deletion,1820,707,1,FALSE
nlgn4a,94,140,47,-,"","",deletion,1821,716,1,FALSE
nlgn4a,94,140,47,-,"","",deletion,1822,716,1,FALSE
nlgn4a,94,140,47,-,"","",deletion,1823,707,1,FALSE
nlgn4a,94,140,47,-,"","",deletion,1824,716,1,FALSE
nlgn4a,94,140,47,-,"","",deletion,1825,707,1,FALSE
nlgn4a,94,140,47,-,"","",deletion,1826,698,1,FALSE
nlgn4a,94,140,47,-,"","",deletion,1827,707,1,FALSE
nlgn4a,96,142,47,-,"","",deletion,1828,707,1,FALSE
nlgn4a,95,141,47,-,"","",deletion,1829,707,1,FALSE
nlgn4a,95,141,47,-,"","",deletion,1830,707,1,FALSE
nlgn4a,94,140,47,-,"","",deletion,1831,698,1,FALSE
nlgn4a,94,140,47,-,"","",deletion,1832,716,1,FALSE
nlgn4a,94,140,47,-,"","",deletion,1833,716,1,FALSE
nlgn4a,94,140,47,-,"","",deletion,1834,716,1,FALSE
nlgn4a,94,140,47,-,"","",deletion,1835,716,1,FALSE
nlgn4a,94,140,47,-,"","",deletion,1836,716,1,FALSE
nlgn4a,94,140,47,-,"","",deletion,1837,716,1,FALSE
nlgn4a,94,140,47,-,"","",deletion,1838,716,1,FALSE
nlgn4a,94,140,47,-,"","",deletion,1839,716,1,FALSE
nlgn4a,94,140,47,-,"","",deletion,1840,716,1,FALSE
nlgn4a,94,140,47,-,"","",deletion,1841,716,1,FALSE
nlgn4a,94,140,47,-,"","",deletion,1842,716,1,FALSE
nlgn4a,94,140,47,-,"","",deletion,1843,716,1,FALSE
nlgn4a,94,140,47,-,"","",deletion,1844,707,1,FALSE
nlgn4a,94,140,47,-,"","",deletion,1845,716,1,FALSE
nlgn4a,94,140,47,-,"","",deletion,1846,716,1,FALSE
nlgn4a,94,140,47,-,"","",deletion,1847,707,1,FALSE
nlgn4a,94,140,47,-,"","",deletion,1848,716,1,FALSE
nlgn4a,94,140,47,-,"","",deletion,1849,716,1,FALSE
nlgn4a,94,140,47,-,"","",deletion,1850,716,1,FALSE
nlgn4a,94,140,47,-,"","",deletion,1851,707,1,FALSE
nlgn4a,94,140,47,-,"","",deletion,1852,707,1,FALSE
nlgn4a,94,140,47,-,"","",deletion,1853,716,1,FALSE
nlgn4a,94,140,47,-,"","",deletion,1854,716,1,FALSE
nlgn4a,94,140,47,-,"","",deletion,1855,707,1,FALSE
nlgn4a,94,140,47,-,"","",deletion,1856,716,1,FALSE
nlgn4a,94,140,47,-,"","",deletion,1857,716,1,FALSE
nlgn4a,94,140,47,-,"","",deletion,1858,698,1,FALSE
nlgn4a,94,140,47,-,"","",deletion,1859,707,1,FALSE
nlgn4a,96,142,47,-,"","",deletion,1860,707,1,FALSE
nlgn4a,94,140,47,-,"","",deletion,1861,707,1,FALSE
nlgn4a,94,140,47,-,"","",deletion,1862,707,1,FALSE
nlgn4a,94,140,47,-,"","",deletion,1863,716,1,FALSE
nlgn4a,94,140,47,-,"","",deletion,1864,707,1,FALSE
nlgn4a,94,140,47,-,"","",deletion,1865,716,1,FALSE
nlgn4a,94,140,47,-,"","",deletion,1866,698,1,FALSE
nlgn4a,94,140,47,-,"","",deletion,1867,698,1,FALSE
nlgn4a,94,140,47,-,"","",deletion,1868,689,1,FALSE
nlgn4a,94,140,47,-,"","",deletion,1869,698,1,FALSE
nlgn4a,94,140,47,-,"","",deletion,1870,707,1,FALSE
nlgn4a,94,140,47,-,"","",deletion,1871,707,1,FALSE
nlgn4a,94,140,47,-,"","",deletion,1872,716,1,FALSE
nlgn4a,94,140,47,-,"","",deletion,1873,707,1,FALSE
nlgn4a,94,140,47,-,"","",deletion,1874,707,1,FALSE
nlgn4a,94,140,47,-,"","",deletion,1875,707,1,FALSE
nlgn4a,94,140,47,-,"","",deletion,1876,707,1,FALSE
nlgn4a,94,140,47,-,"","",deletion,1877,707,1,FALSE
nlgn4a,94,140,47,-,"","",deletion,1878,680,1,FALSE
nlgn4a,94,140,47,-,"","",deletion,1879,698,1,FALSE
nlgn4a,94,140,47,-,"","",deletion,1880,707,1,FALSE
nlgn4a,95,141,47,-,"","",deletion,1881,707,1,FALSE
nlgn4a,94,140,47,-,"","",deletion,1882,707,1,FALSE
nlgn4a,94,140,47,-,"","",deletion,1883,707,1,FALSE
nlgn4a,94,140,47,-,"","",deletion,1884,689,1,FALSE
nlgn4a,94,140,47,-,"","",deletion,1885,716,1,FALSE
nlgn4a,94,140,47,-,"","",deletion,1886,707,1,FALSE
nlgn4a,94,140,47,-,"","",deletion,1887,698,1,FALSE
nlgn4a,94,140,47,-,"","",deletion,1888,716,1,FALSE
nlgn4a,94,140,47,-,"","",deletion,1889,707,1,FALSE
nlgn4a,94,140,47,-,"","",deletion,1890,725,1,FALSE
nlgn4a,94,140,47,-,"","",deletion,1891,716,1,FALSE
nlgn4a,94,140,47,-,"","",deletion,1892,716,1,FALSE
nlgn4a,94,140,47,-,"","",deletion,1893,707,1,FALSE
nlgn4a,94,140,47,-,"","",deletion,1894,716,1,FALSE
nlgn4a,94,140,47,-,"","",deletion,1895,707,1,FALSE
nlgn4a,94,140,47,-,"","",deletion,1896,725,1,FALSE
nlgn4a,94,140,47,-,"","",deletion,1897,725,1,FALSE
nlgn4a,94,140,47,-,"","",deletion,1898,716,1,FALSE
nlgn4a,94,140,47,-,"","",deletion,1899,725,1,FALSE
nlgn4a,100,137,38,-,"","",deletion,1900,716,1,FALSE
nlgn4a,128,147,20,-,"","",deletion,1902,707,1,FALSE
nlgn4a,120,137,18,-,"","",deletion,1903,725,1,FALSE
nlgn4a,128,147,20,-,"","",deletion,1904,716,1,FALSE
nlgn4a,123,138,16,-,"","",deletion,1905,716,1,FALSE
nlgn4a,94,140,47,-,"","",deletion,1906,698,1,FALSE
nlgn4a,123,138,16,-,"","",deletion,1907,716,1,FALSE
nlgn4a,123,138,16,-,"","",deletion,1908,725,1,FALSE
nlgn4a,111,150,40,-,"","",deletion,1909,725,1,FALSE
nlgn4a,120,137,18,-,"","",deletion,1910,716,1,FALSE
nlgn4a,120,137,18,-,"","",deletion,1911,725,1,FALSE
nlgn4a,111,150,40,-,"","",deletion,1913,707,1,FALSE
nlgn4a,100,137,38,-,"","",deletion,1914,716,1,FALSE
nlgn4a,100,137,38,-,"","",deletion,1915,716,1,FALSE
nlgn4a,123,138,16,-,"","",deletion,1916,698,1,FALSE
nlgn4a,109,146,38,-,"","",deletion,1918,725,1,FALSE
nlgn4a,94,140,47,-,"","",deletion,1919,716,1,FALSE
nlgn4a,120,137,18,-,"","",deletion,1920,716,1,FALSE
nlgn4a,128,147,20,-,"","",deletion,1921,716,1,FALSE
nlgn4a,120,137,18,-,"","",deletion,1923,725,1,FALSE
nlgn4a,120,137,18,-,"","",deletion,1924,707,1,FALSE
nlgn4a,123,138,16,-,"","",deletion,1925,716,1,FALSE
nlgn4a,84,131,48,-,"","",deletion,1926,716,1,FALSE
nlgn4a,84,131,48,-,"","",deletion,1927,725,1,FALSE
nlgn4a,84,131,48,-,"","",deletion,1928,716,1,FALSE
nlgn4a,84,131,48,-,"","",deletion,1929,716,1,FALSE
nlgn4a,84,131,48,-,"","",deletion,1930,680,1,FALSE
nlgn4a,84,131,48,-,"","",deletion,1931,725,1,FALSE
nlgn4a,84,131,48,-,"","",deletion,1932,716,1,FALSE
nlgn4a,84,131,48,-,"","",deletion,1933,707,1,FALSE
nlgn4a,84,131,48,-,"","",deletion,1934,716,1,FALSE
nlgn4a,84,131,48,-,"","",deletion,1935,707,1,FALSE
nlgn4a,84,131,48,-,"","",deletion,1936,698,1,FALSE
nlgn4a,84,131,48,-,"","",deletion,1937,725,1,FALSE
nlgn4a,84,131,48,-,"","",deletion,1938,707,1,FALSE
nlgn4a,84,131,48,-,"","",deletion,1939,725,1,FALSE
nlgn4a,84,131,48,-,"","",deletion,1940,716,1,FALSE
nlgn4a,84,131,48,-,"","",deletion,1941,716,1,FALSE
nlgn4a,84,131,48,-,"","",deletion,1942,716,1,FALSE
nlgn4a,84,131,48,-,"","",deletion,1943,689,1,FALSE
nlgn4a,84,131,48,-,"","",deletion,1944,725,1,FALSE
nlgn4a,84,131,48,-,"","",deletion,1945,707,1,FALSE
nlgn4a,84,131,48,-,"","",deletion,1946,716,1,FALSE
nlgn4a,84,131,48,-,"","",deletion,1947,725,1,FALSE
nlgn4a,84,131,48,-,"","",deletion,1948,716,1,FALSE
nlgn4a,84,131,48,-,"","",deletion,1949,689,1,FALSE
nlgn4a,84,131,48,-,"","",deletion,1950,716,1,FALSE
nlgn4a,84,131,48,-,"","",deletion,1951,716,1,FALSE
nlgn4a,84,131,48,-,"","",deletion,1952,716,1,FALSE
nlgn4a,84,131,48,-,"","",deletion,1953,707,1,FALSE
nlgn4a,84,131,48,-,"","",deletion,1954,716,1,FALSE
nlgn4a,84,131,48,-,"","",deletion,1955,716,1,FALSE
nlgn4a,84,131,48,-,"","",deletion,1956,689,1,FALSE
nlgn4a,84,131,48,-,"","",deletion,1957,707,1,FALSE
nlgn4a,84,131,48,-,"","",deletion,1958,698,1,FALSE
nlgn4a,84,131,48,-,"","",deletion,1959,698,1,FALSE
nlgn4a,84,131,48,-,"","",deletion,1960,716,1,FALSE
nlgn4a,84,131,48,-,"","",deletion,1961,716,1,FALSE
nlgn4a,84,131,48,-,"","",deletion,1962,707,1,FALSE
nlgn4a,84,131,48,-,"","",deletion,1963,698,1,FALSE
nlgn4a,84,131,48,-,"","",deletion,1964,707,1,FALSE
nlgn4a,85,132,48,-,"","",deletion,1965,716,1,FALSE
nlgn4a,84,131,48,-,"","",deletion,1966,716,1,FALSE
nlgn4a,84,131,48,-,"","",deletion,1967,707,1,FALSE
nlgn4a,84,131,48,-,"","",deletion,1968,689,1,FALSE
nlgn4a,84,131,48,-,"","",deletion,1969,698,1,FALSE
nlgn4a,84,131,48,-,"","",deletion,1970,698,1,FALSE
nlgn4a,84,131,48,-,"","",deletion,1971,716,1,FALSE
nlgn4a,84,131,48,-,"","",deletion,1972,707,1,FALSE
nlgn4a,84,131,48,-,"","",deletion,1973,716,1,FALSE
nlgn4a,84,131,48,-,"","",deletion,1974,707,1,FALSE
nlgn4a,84,131,48,-,"","",deletion,1975,707,1,FALSE
nlgn4a,84,131,48,-,"","",deletion,1976,716,1,FALSE
nlgn4a,84,131,48,-,"","",deletion,1977,689,1,FALSE
nlgn4a,84,131,48,-,"","",deletion,1978,716,1,FALSE
nlgn4a,84,131,48,-,"","",deletion,1979,698,1,FALSE
nlgn4a,82,129,48,-,"","",deletion,1980,716,1,FALSE
nlgn4a,84,131,48,-,"","",deletion,1981,707,1,FALSE
nlgn4a,84,131,48,-,"","",deletion,1982,716,1,FALSE
nlgn4a,84,131,48,-,"","",deletion,1983,716,1,FALSE
nlgn4a,84,131,48,-,"","",deletion,1984,707,1,FALSE
nlgn4a,84,131,48,-,"","",deletion,1985,716,1,FALSE
nlgn4a,84,131,48,-,"","",deletion,1986,716,1,FALSE
nlgn4a,84,131,48,-,"","",deletion,1987,698,1,FALSE
nlgn4a,84,131,48,-,"","",deletion,1988,716,1,FALSE
nlgn4a,84,131,48,-,"","",deletion,1989,698,1,FALSE
nlgn4a,84,131,48,-,"","",deletion,1990,716,1,FALSE
nlgn4a,84,131,48,-,"","",deletion,1991,707,1,FALSE
nlgn4a,84,131,48,-,"","",deletion,1992,707,1,FALSE
nlgn4a,84,131,48,-,"","",deletion,1993,716,1,FALSE
nlgn4a,84,131,48,-,"","",deletion,1994,716,1,FALSE
nlgn4a,84,131,48,-,"","",deletion,1995,716,1,FALSE
nlgn4a,84,131,48,-,"","",deletion,1996,716,1,FALSE
nlgn4a,84,131,48,-,"","",deletion,1997,716,1,FALSE
nlgn4a,84,131,48,-,"","",deletion,1998,716,1,FALSE
nlgn4a,84,131,48,-,"","",deletion,1999,707,1,FALSE
nlgn4a,84,131,48,-,"","",deletion,2000,716,1,FALSE
nlgn4a,84,131,48,-,"","",deletion,2001,716,1,FALSE
nlgn4a,84,131,48,-,"","",deletion,2002,707,1,FALSE
nlgn4a,84,131,48,-,"","",deletion,2003,707,1,FALSE
nlgn4a,84,131,48,-,"","",deletion,2004,716,1,FALSE
nlgn4a,84,131,48,-,"","",deletion,2005,716,1,FALSE
nlgn4a,84,131,48,-,"","",deletion,2006,698,1,FALSE
nlgn4a,84,131,48,-,"","",deletion,2007,716,1,FALSE
nlgn4a,84,131,48,-,"","",deletion,2008,716,1,FALSE
nlgn4a,84,131,48,-,"","",deletion,2009,716,1,FALSE
nlgn4a,84,131,48,-,"","",deletion,2010,716,1,FALSE
nlgn4a,84,131,48,-,"","",deletion,2011,716,1,FALSE
nlgn4a,84,131,48,-,"","",deletion,2012,716,1,FALSE
nlgn4a,84,131,48,-,"","",deletion,2013,716,1,FALSE
nlgn4a,84,131,48,-,"","",deletion,2014,716,1,FALSE
nlgn4a,84,131,48,-,"","",deletion,2015,716,1,FALSE
nlgn4a,84,131,48,-,"","",deletion,2016,716,1,FALSE
nlgn4a,84,131,48,-,"","",deletion,2017,716,1,FALSE
nlgn4a,84,131,48,-,"","",deletion,2018,716,1,FALSE
nlgn4a,84,131,48,-,"","",deletion,2019,716,1,FALSE
nlgn4a,84,131,48,-,"","",deletion,2020,716,1,FALSE
nlgn4a,84,131,48,-,"","",deletion,2021,698,1,FALSE
nlgn4a,84,131,48,-,"","",deletion,2022,716,1,FALSE
nlgn4a,84,131,48,-,"","",deletion,2023,716,1,FALSE
nlgn4a,84,131,48,-,"","",deletion,2024,716,1,FALSE
nlgn4a,84,131,48,-,"","",deletion,2025,716,1,FALSE
nlgn4a,84,131,48,-,"","",deletion,2026,707,1,FALSE
nlgn4a,85,132,48,-,"","",deletion,2027,725,1,FALSE
nlgn4a,85,132,48,-,"","",deletion,2028,707,1,FALSE
nlgn4a,85,132,48,-,"","",deletion,2029,707,1,FALSE
nlgn4a,84,131,48,-,"","",deletion,2030,716,1,FALSE
nlgn4a,84,131,48,-,"","",deletion,2031,689,1,FALSE
nlgn4a,84,131,48,-,"","",deletion,2032,716,1,FALSE
nlgn4a,84,131,48,-,"","",deletion,2033,716,1,FALSE
nlgn4a,84,131,48,-,"","",deletion,2034,707,1,FALSE
nlgn4a,84,131,48,-,"","",deletion,2035,716,1,FALSE
nlgn4a,84,131,48,-,"","",deletion,2036,716,1,FALSE
nlgn4a,84,131,48,-,"","",deletion,2037,716,1,FALSE
nlgn4a,84,131,48,-,"","",deletion,2038,716,1,FALSE
nlgn4a,84,131,48,-,"","",deletion,2039,716,1,FALSE
nlgn4a,84,131,48,-,"","",deletion,2040,698,1,FALSE
nlgn4a,84,131,48,-,"","",deletion,2041,716,1,FALSE
nlgn4a,84,131,48,-,"","",deletion,2042,707,1,FALSE
nlgn4a,84,131,48,-,"","",deletion,2043,716,1,FALSE
nlgn4a,84,131,48,-,"","",deletion,2044,716,1,FALSE
nlgn4a,84,131,48,-,"","",deletion,2045,716,1,FALSE
nlgn4a,84,131,48,-,"","",deletion,2046,716,1,FALSE
nlgn4a,84,131,48,-,"","",deletion,2047,698,1,FALSE
nlgn4a,84,131,48,-,"","",deletion,2048,698,1,FALSE
nlgn4a,84,131,48,-,"","",deletion,2049,707,1,FALSE
nlgn4a,84,131,48,-,"","",deletion,2050,716,1,FALSE
nlgn4a,84,131,48,-,"","",deletion,2051,707,1,FALSE
nlgn4a,84,131,48,-,"","",deletion,2052,689,1,FALSE
nlgn4a,84,131,48,-,"","",deletion,2053,698,1,FALSE
nlgn4a,84,131,48,-,"","",deletion,2054,698,1,FALSE
nlgn4a,84,131,48,-,"","",deletion,2055,698,1,FALSE
nlgn4a,84,131,48,-,"","",deletion,2056,707,1,FALSE
nlgn4a,84,131,48,-,"","",deletion,2057,716,1,FALSE
nlgn4a,84,131,48,-,"","",deletion,2058,707,1,FALSE
nlgn4a,84,131,48,-,"","",deletion,2059,716,1,FALSE
nlgn4a,84,131,48,-,"","",deletion,2060,707,1,FALSE
nlgn4a,84,131,48,-,"","",deletion,2061,707,1,FALSE
nlgn4a,84,131,48,-,"","",deletion,2062,680,1,FALSE
nlgn4a,84,131,48,-,"","",deletion,2063,716,1,FALSE
nlgn4a,84,131,48,-,"","",deletion,2064,707,1,FALSE
nlgn4a,84,131,48,-,"","",deletion,2065,716,1,FALSE
nlgn4a,84,131,48,-,"","",deletion,2066,707,1,FALSE
nlgn4a,85,132,48,-,"","",deletion,2067,689,1,FALSE
nlgn4a,84,131,48,-,"","",deletion,2068,707,1,FALSE
nlgn4a,86,133,48,-,"","",deletion,2069,689,1,FALSE
nlgn4a,84,131,48,-,"","",deletion,2070,698,1,FALSE
nlgn4a,84,131,48,-,"","",deletion,2071,689,1,FALSE
nlgn4a,84,131,48,-,"","",deletion,2072,716,1,FALSE
nlgn4a,84,131,48,-,"","",deletion,2073,698,1,FALSE
nlgn4a,84,131,48,-,"","",deletion,2074,707,1,FALSE
nlgn4a,84,131,48,-,"","",deletion,2075,698,1,FALSE
nlgn4a,84,131,48,-,"","",deletion,2076,707,1,FALSE
nlgn4a,84,131,48,-,"","",deletion,2077,698,1,FALSE
nlgn4a,84,131,48,-,"","",deletion,2078,698,1,FALSE
nlgn4a,84,131,48,-,"","",deletion,2079,680,1,FALSE
nlgn4a,84,131,48,-,"","",deletion,2080,689,1,FALSE
nlgn4a,84,131,48,-,"","",deletion,2081,707,1,FALSE
nlgn4a,84,131,48,-,"","",deletion,2082,716,1,FALSE
nlgn4a,84,131,48,-,"","",deletion,2083,716,1,FALSE
nlgn4a,84,131,48,-,"","",deletion,2084,716,1,FALSE
nlgn4a,84,131,48,-,"","",deletion,2085,698,1,FALSE
nlgn4a,84,131,48,-,"","",deletion,2086,716,1,FALSE
nlgn4a,84,131,48,-,"","",deletion,2087,689,1,FALSE
nlgn4a,84,131,48,-,"","",deletion,2088,707,1,FALSE
nlgn4a,84,131,48,-,"","",deletion,2089,698,1,FALSE
nlgn4a,84,131,48,-,"","",deletion,2090,716,1,FALSE
nlgn4a,84,131,48,-,"","",deletion,2091,716,1,FALSE
nlgn4a,84,131,48,-,"","",deletion,2092,716,1,FALSE
nlgn4a,84,131,48,-,"","",deletion,2093,698,1,FALSE
nlgn4a,84,131,48,-,"","",deletion,2094,725,1,FALSE
nlgn4a,84,131,48,-,"","",deletion,2095,725,1,FALSE
nlgn4a,84,131,48,-,"","",deletion,2096,707,1,FALSE
nlgn4a,84,131,48,-,"","",deletion,2097,725,1,FALSE
nlgn4a,84,131,48,-,"","",deletion,2098,707,1,FALSE
nlgn4a,84,131,48,-,"","",deletion,2099,716,1,FALSE
nlgn4a,84,131,48,-,"","",deletion,2100,707,1,FALSE
nlgn4a,84,131,48,-,"","",deletion,2101,689,1,FALSE
nlgn4a,84,131,48,-,"","",deletion,2102,725,1,FALSE
nlgn4a,84,131,48,-,"","",deletion,2103,725,1,FALSE
nlgn4a,84,131,48,-,"","",deletion,2104,716,1,FALSE
nlgn4a,84,131,48,-,"","",deletion,2105,716,1,FALSE
nlgn4a,84,131,48,-,"","",deletion,2106,707,1,FALSE
nlgn4a,84,131,48,-,"","",deletion,2107,716,1,FALSE
nlgn4a,84,131,48,-,"","",deletion,2108,716,1,FALSE
nlgn4a,84,131,48,-,"","",deletion,2109,716,1,FALSE
nlgn4a,84,131,48,-,"","",deletion,2110,725,1,FALSE
nlgn4a,128,147,20,-,"","",deletion,2111,716,1,FALSE
nlgn4a,84,131,48,-,"","",deletion,2112,707,1,FALSE
nlgn4a,109,146,38,-,"","",deletion,2114,689,1,FALSE
nlgn4a,119,183,65,-,"","",deletion,2115,716,1,FALSE
nlgn4a,109,146,38,-,"","",deletion,2116,716,1,FALSE
nlgn4a,128,147,20,-,"","",deletion,2119,725,1,FALSE
nlgn4a,84,131,48,-,"","",deletion,2120,725,1,FALSE
nlgn4a,119,183,65,-,"","",deletion,2121,707,1,FALSE
nlgn4a,111,150,40,-,"","",deletion,2124,707,1,FALSE
nlgn4a,109,146,38,-,"","",deletion,2125,716,1,FALSE
nlgn4a,119,183,65,-,"","",deletion,2126,725,1,FALSE
nlgn4a,123,138,16,-,"","",deletion,2128,698,1,FALSE
nlgn4a,128,147,20,-,"","",deletion,2129,707,1,FALSE
nlgn4a,111,150,40,-,"","",deletion,2130,716,1,FALSE
nlgn4a,111,150,40,-,"","",deletion,2131,698,1,FALSE
nlgn4a,79,139,61,-,"","",deletion,2133,698,1,FALSE
nlgn4a,119,183,65,-,"","",deletion,2135,707,1,FALSE
nlgn4a,119,183,65,-,"","",deletion,2136,716,1,FALSE
nlgn4a,109,146,38,-,"","",deletion,2138,716,1,FALSE
nlgn4a,123,138,16,-,"","",deletion,2140,716,1,FALSE
nlgn4a,111,150,40,-,"","",deletion,2141,707,1,FALSE
nlgn4a,109,146,38,-,"","",deletion,2143,707,1,FALSE
nlgn4a,119,183,65,-,"","",deletion,2144,725,1,FALSE
nlgn4a,120,137,18,-,"","",deletion,2145,698,1,FALSE
nlgn4a,109,146,38,-,"","",deletion,2146,698,1,FALSE
nlgn4a,120,137,18,-,"","",deletion,2147,725,1,FALSE
nlgn4a,123,138,16,-,"","",deletion,2148,716,1,FALSE
nlgn4a,84,131,48,-,"","",deletion,2149,725,1,FALSE
nlgn4a,79,139,61,-,"","",deletion,2150,716,1,FALSE
nlgn4a,119,183,65,-,"","",deletion,2151,707,1,FALSE
nlgn4a,123,138,16,-,"","",deletion,2152,716,1,FALSE
nlgn4a,100,137,38,-,"","",deletion,2153,716,1,FALSE
nlgn4a,109,146,38,-,"","",deletion,2154,725,1,FALSE
nlgn4a,119,183,65,-,"","",deletion,2155,680,1,FALSE
nlgn4a,94,140,47,-,"","",deletion,2156,725,1,FALSE
nlgn4a,79,139,61,-,"","",deletion,2157,707,1,FALSE
nlgn4a,128,147,20,-,"","",deletion,2158,716,1,FALSE
nlgn4a,94,140,47,-,"","",deletion,2159,716,1,FALSE
nlgn4a,111,150,40,-,"","",deletion,2160,707,1,FALSE
nlgn4a,109,146,38,-,"","",deletion,2161,716,1,FALSE
nlgn4a,111,150,40,-,"","",deletion,2162,716,1,FALSE
nlgn4a,120,137,18,-,"","",deletion,2163,725,1,FALSE
nlgn4a,119,183,65,-,"","",deletion,2164,716,1,FALSE
nlgn4a,109,146,38,-,"","",deletion,2165,707,1,FALSE
nlgn4a,84,131,48,-,"","",deletion,2166,725,1,FALSE
nlgn4a,128,147,20,-,"","",deletion,2167,716,1,FALSE
nlgn4a,111,150,40,-,"","",deletion,2169,698,1,FALSE
nlgn4a,79,139,61,-,"","",deletion,2170,725,1,FALSE
nlgn4a,111,150,40,-,"","",deletion,2171,707,1,FALSE
nlgn4a,111,150,40,-,"","",deletion,2172,716,1,FALSE
nlgn4a,79,139,61,-,"","",deletion,2173,698,1,FALSE
nlgn4a,123,138,16,-,"","",deletion,2174,725,1,FALSE
nlgn4a,79,139,61,-,"","",deletion,2176,707,1,FALSE
nlgn4a,109,146,38,-,"","",deletion,2177,716,1,FALSE
nlgn4a,128,147,20,-,"","",deletion,2178,707,1,FALSE
nlgn4a,123,138,16,-,"","",deletion,2179,716,1,FALSE
nlgn4a,123,138,16,-,"","",deletion,2180,725,1,FALSE
nlgn4a,109,146,38,-,"","",deletion,2181,707,1,FALSE
nlgn4a,94,140,47,-,"","",deletion,2182,707,1,FALSE
nlgn4a,100,137,38,-,"","",deletion,2184,707,1,FALSE
nlgn4a,79,139,61,-,"","",deletion,2185,725,1,FALSE
nlgn4a,100,137,38,-,"","",deletion,2186,716,1,FALSE
nlgn4a,120,137,18,-,"","",deletion,2187,716,1,FALSE
nlgn4a,79,139,61,-,"","",deletion,2189,716,1,FALSE
nlgn4a,100,137,38,-,"","",deletion,2190,716,1,FALSE
nlgn4a,128,147,20,-,"","",deletion,2191,716,1,FALSE
nlgn4a,111,150,40,-,"","",deletion,2192,716,1,FALSE
nlgn4a,94,140,47,-,"","",deletion,2193,716,1,FALSE
nlgn4a,128,147,20,-,"","",deletion,2194,725,1,FALSE
nlgn4a,109,146,38,-,"","",deletion,2195,725,1,FALSE
nlgn4a,79,139,61,-,"","",deletion,2196,725,1,FALSE
nlgn4a,109,146,38,-,"","",deletion,2197,716,1,FALSE
nlgn4a,123,138,16,-,"","",deletion,2198,716,1,FALSE
nlgn4a,109,146,38,-,"","",deletion,2199,725,1,FALSE
nlgn4a,119,183,65,-,"","",deletion,2200,707,1,FALSE
nlgn4a,119,183,65,-,"","",deletion,2201,725,1,FALSE
nlgn4a,119,183,65,-,"","",deletion,2202,716,1,FALSE
nlgn4a,120,137,18,-,"","",deletion,2203,716,1,FALSE
nlgn4a,128,147,20,-,"","",deletion,2205,716,1,FALSE
nlgn4a,79,139,61,-,"","",deletion,2206,725,1,FALSE
nlgn4a,94,140,47,-,"","",deletion,2208,725,1,FALSE
nlgn4a,79,139,61,-,"","",deletion,2209,725,1,FALSE
nlgn4a,123,138,16,-,"","",deletion,2210,725,1,FALSE
nlgn4a,100,137,38,-,"","",deletion,2211,716,1,FALSE
nlgn4a,100,137,38,-,"","",deletion,2212,716,1,FALSE
nlgn4a,128,147,20,-,"","",deletion,2213,716,1,FALSE
nlgn4a,100,137,38,-,"","",deletion,2214,716,1,FALSE
nlgn4a,100,137,38,-,"","",deletion,2215,716,1,FALSE
nlgn4a,109,146,38,-,"","",deletion,2216,707,1,FALSE
nlgn4a,120,137,18,-,"","",deletion,2217,707,1,FALSE
nlgn4a,119,183,65,-,"","",deletion,2218,716,1,FALSE
nlgn4a,119,183,65,-,"","",deletion,2219,707,1,FALSE
nlgn4a,100,137,38,-,"","",deletion,2220,707,1,FALSE
nlgn4a,120,184,65,-,"","",deletion,2221,716,1,FALSE
nlgn4a,79,139,61,-,"","",deletion,2222,725,1,FALSE
nlgn4a,128,147,20,-,"","",deletion,2223,716,1,FALSE
nlgn4a,94,140,47,-,"","",deletion,2224,716,1,FALSE
nlgn4a,79,139,61,-,"","",deletion,2225,725,1,FALSE
nlgn4a,119,183,65,-,"","",deletion,2228,707,1,FALSE
nlgn4a,94,140,47,-,"","",deletion,2229,707,1,FALSE
nlgn4a,109,146,38,-,"","",deletion,2230,716,1,FALSE
nlgn4a,100,137,38,-,"","",deletion,2232,725,1,FALSE
nlgn4a,79,139,61,-,"","",deletion,2233,716,1,FALSE
nlgn4a,120,137,18,-,"","",deletion,2234,716,1,FALSE
nlgn4a,120,137,18,-,"","",deletion,2235,725,1,FALSE
nlgn4a,123,138,16,-,"","",deletion,2237,707,1,FALSE
nlgn4a,100,137,38,-,"","",deletion,2238,716,1,FALSE
nlgn4a,119,183,65,-,"","",deletion,2239,725,1,FALSE
nlgn4a,119,183,65,-,"","",deletion,2240,716,1,FALSE
nlgn4a,111,150,40,-,"","",deletion,2241,725,1,FALSE
nlgn4a,123,138,16,-,"","",deletion,2242,716,1,FALSE
nlgn4a,100,137,38,-,"","",deletion,2243,716,1,FALSE
nlgn4a,109,146,38,-,"","",deletion,2244,716,1,FALSE
nlgn4a,119,183,65,-,"","",deletion,2245,725,1,FALSE
nlgn4a,94,140,47,-,"","",deletion,2246,716,1,FALSE
nlgn4a,79,139,61,-,"","",deletion,2247,725,1,FALSE
nlgn4a,100,137,38,-,"","",deletion,2248,716,1,FALSE
nlgn4a,128,147,20,-,"","",deletion,2249,716,1,FALSE
nlgn4a,128,147,20,-,"","",deletion,2250,725,1,FALSE
nlgn4a,120,137,18,-,"","",deletion,2251,716,1,FALSE
nlgn4a,109,146,38,-,"","",deletion,2252,689,1,FALSE
nlgn4a,94,140,47,-,"","",deletion,2253,689,1,FALSE
nlgn4a,128,147,20,-,"","",deletion,2254,707,1,FALSE
nlgn4a,109,146,38,-,"","",deletion,2255,725,1,FALSE
nlgn4a,119,183,65,-,"","",deletion,2256,716,1,FALSE
nlgn4a,79,139,61,-,"","",deletion,2257,716,1,FALSE
nlgn4a,100,137,38,-,"","",deletion,2258,725,1,FALSE
nlgn4a,119,183,65,-,"","",deletion,2259,716,1,FALSE
nlgn4a,94,140,47,-,"","",deletion,2260,707,1,FALSE
nlgn4a,100,137,38,-,"","",deletion,2261,716,1,FALSE
nlgn4a,123,138,16,-,"","",deletion,2263,716,1,FALSE
nlgn4a,111,150,40,-,"","",deletion,2264,716,1,FALSE
nlgn4a,100,137,38,-,"","",deletion,2265,725,1,FALSE
nlgn4a,119,183,65,-,"","",deletion,2266,716,1,FALSE
nlgn4a,128,147,20,-,"","",deletion,2267,725,1,FALSE
nlgn4a,84,131,48,-,"","",deletion,2268,716,1,FALSE
nlgn4a,79,139,61,-,"","",deletion,2269,707,1,FALSE
nlgn4a,79,139,61,-,"","",deletion,2270,698,1,FALSE
nlgn4a,100,137,38,-,"","",deletion,2271,725,1,FALSE
nlgn4a,120,137,18,-,"","",deletion,2272,725,1,FALSE
nlgn4a,111,150,40,-,"","",deletion,2273,725,1,FALSE
nlgn4a,84,131,48,-,"","",deletion,2274,716,1,FALSE
nlgn4a,128,147,20,-,"","",deletion,2275,725,1,FALSE
nlgn4a,120,137,18,-,"","",deletion,2277,707,1,FALSE
nlgn4a,68,68,1,-,A,G,mismatch,12,716,3,FALSE
nlgn4a,81,81,1,-,G,C,mismatch,13,716,3,FALSE
nlgn4a,92,92,1,-,G,T,mismatch,14,716,3,FALSE
nlgn4a,69,69,1,-,C,G,mismatch,15,716,3,FALSE
nlgn4a,165,165,1,-,C,T,mismatch,16,716,2,FALSE
nlgn4a,69,69,1,-,C,G,mismatch,17,716,2,FALSE
nlgn4a,64,64,1,-,G,T,mismatch,18,716,2,FALSE
nlgn4a,44,44,1,-,A,C,mismatch,19,716,2,FALSE
nlgn4a,50,50,1,-,C,A,mismatch,20,716,2,FALSE
nlgn4a,79,79,1,-,T,G,mismatch,23,716,2,FALSE
nlgn4a,79,79,1,-,T,C,mismatch,24,716,2,FALSE
nlgn4a,183,183,1,-,T,A,mismatch,25,716,2,FALSE
nlgn4a,210,210,1,-,C,G,mismatch,27,716,2,FALSE
nlgn4a,101,101,1,-,A,C,mismatch,28,716,2,FALSE
nlgn4a,87,87,1,-,C,G,mismatch,29,716,2,FALSE
nlgn4a,75,75,1,-,A,C,mismatch,30,716,2,FALSE
nlgn4a,67,67,1,-,T,C,mismatch,31,716,2,FALSE
nlgn4a,164,164,1,-,C,A,mismatch,32,716,2,FALSE
nlgn4a,48,48,1,-,C,T,mismatch,33,716,2,FALSE
nlgn4a,45,45,1,-,C,T,mismatch,34,716,2,FALSE
nlgn4a,60,60,1,-,C,A,mismatch,35,716,2,FALSE
nlgn4a,226,226,1,-,T,C,mismatch,36,716,2,FALSE
nlgn4a,99,99,1,-,C,T,mismatch,37,716,2,FALSE
nlgn4a,109,109,1,-,T,C,mismatch,38,716,2,FALSE
nlgn4a,93,93,1,-,G,T,mismatch,39,716,2,FALSE
nlgn4a,100,100,1,-,T,C,mismatch,40,716,2,FALSE
nlgn4a,142,142,1,-,C,G,mismatch,43,741,2,FALSE
nlgn4a,115,115,1,-,G,T,mismatch,44,741,2,FALSE
nlgn4a,104,104,1,-,C,T,mismatch,45,741,2,FALSE
nlgn4a,105,105,1,-,C,A,mismatch,46,741,2,FALSE
nlgn4a,109,109,1,-,T,A,mismatch,47,741,2,FALSE
nlgn4a,152,152,1,-,G,C,mismatch,48,741,2,FALSE
nlgn4a,191,191,1,-,G,T,mismatch,50,716,2,FALSE
nlgn4a,105,105,1,-,C,T,mismatch,51,716,2,FALSE
nlgn4a,96,96,1,-,A,G,mismatch,52,716,2,FALSE
nlgn4a,93,93,1,-,G,T,mismatch,53,716,2,FALSE
nlgn4a,87,87,1,-,C,T,mismatch,54,716,2,FALSE
nlgn4a,119,119,1,-,T,C,mismatch,55,716,2,FALSE
nlgn4a,63,63,1,-,T,A,mismatch,56,716,2,FALSE
nlgn4a,73,73,1,-,T,G,mismatch,57,716,2,FALSE
nlgn4a,81,81,1,-,G,A,mismatch,58,716,2,FALSE
nlgn4a,86,86,1,-,T,C,mismatch,59,716,2,FALSE
nlgn4a,87,87,1,-,C,A,mismatch,60,716,2,FALSE
nlgn4a,91,91,1,-,T,G,mismatch,61,716,2,FALSE
nlgn4a,194,194,1,-,A,C,mismatch,63,716,2,FALSE
nlgn4a,65,65,1,-,G,C,mismatch,64,716,2,FALSE
nlgn4a,206,206,1,-,A,C,mismatch,66,716,2,FALSE
nlgn4a,71,71,1,-,A,C,mismatch,67,716,2,FALSE
nlgn4a,62,62,1,-,A,T,mismatch,68,716,2,FALSE
nlgn4a,55,55,1,-,G,A,mismatch,69,716,2,FALSE
nlgn4a,64,64,1,-,G,C,mismatch,70,716,2,FALSE
nlgn4a,79,79,1,-,T,C,mismatch,71,716,2,FALSE
nlgn4a,83,83,1,-,T,G,mismatch,72,716,2,FALSE
nlgn4a,186,186,1,-,G,C,mismatch,73,716,2,FALSE
nlgn4a,186,186,1,-,G,A,mismatch,74,716,2,FALSE
nlgn4a,188,188,1,-,C,A,mismatch,75,716,2,FALSE
nlgn4a,170,170,1,-,T,G,mismatch,77,716,1,FALSE
nlgn4a,180,180,1,-,A,C,mismatch,78,707,1,FALSE
nlgn4a,170,170,1,-,T,G,mismatch,79,716,1,FALSE
nlgn4a,74,74,1,-,T,G,mismatch,80,707,1,FALSE
nlgn4a,173,173,1,-,T,C,mismatch,82,716,1,FALSE
nlgn4a,196,196,1,-,G,A,mismatch,83,707,1,FALSE
nlgn4a,143,143,1,-,C,A,mismatch,84,716,1,FALSE
nlgn4a,69,69,1,-,C,T,mismatch,85,716,1,FALSE
nlgn4a,146,146,1,-,T,A,mismatch,86,716,1,FALSE
nlgn4a,73,73,1,-,T,C,mismatch,87,698,1,FALSE
nlgn4a,187,187,1,-,G,A,mismatch,87,698,1,FALSE
nlgn4a,167,167,1,-,T,C,mismatch,88,716,1,FALSE
nlgn4a,143,143,1,-,C,T,mismatch,89,716,1,FALSE
nlgn4a,156,156,1,-,C,T,mismatch,90,689,1,FALSE
nlgn4a,173,173,1,-,T,G,mismatch,90,689,1,FALSE
nlgn4a,108,108,1,-,T,C,mismatch,92,698,1,FALSE
nlgn4a,183,183,1,-,T,C,mismatch,92,698,1,FALSE
nlgn4a,224,224,1,-,G,T,mismatch,92,698,1,FALSE
nlgn4a,157,157,1,-,A,G,mismatch,93,732,1,FALSE
nlgn4a,222,222,1,-,G,T,mismatch,93,732,1,FALSE
nlgn4a,61,61,1,-,C,G,mismatch,94,716,1,FALSE
nlgn4a,84,84,1,-,C,G,mismatch,95,716,1,FALSE
nlgn4a,152,152,1,-,G,A,mismatch,96,716,1,FALSE
nlgn4a,74,74,1,-,T,C,mismatch,97,680,1,FALSE
nlgn4a,77,77,1,-,C,A,mismatch,97,680,1,FALSE
nlgn4a,84,84,1,-,C,G,mismatch,97,680,1,FALSE
nlgn4a,104,104,1,-,C,T,mismatch,97,680,1,FALSE
nlgn4a,164,164,1,-,C,T,mismatch,97,680,1,FALSE
nlgn4a,88,88,1,-,C,T,mismatch,98,707,1,FALSE
nlgn4a,156,156,1,-,C,G,mismatch,98,707,1,FALSE
nlgn4a,207,207,1,-,A,T,mismatch,99,716,1,FALSE
nlgn4a,99,99,1,-,C,G,mismatch,100,698,1,FALSE
nlgn4a,109,109,1,-,T,A,mismatch,100,698,1,FALSE
nlgn4a,116,116,1,-,G,A,mismatch,100,698,1,FALSE
nlgn4a,203,203,1,-,G,A,mismatch,101,707,1,FALSE
nlgn4a,215,215,1,-,G,T,mismatch,101,707,1,FALSE
nlgn4a,158,158,1,-,G,C,mismatch,102,716,1,FALSE
nlgn4a,94,94,1,-,C,G,mismatch,104,689,1,FALSE
nlgn4a,141,141,1,-,G,A,mismatch,104,689,1,FALSE
nlgn4a,206,206,1,-,A,G,mismatch,104,689,1,FALSE
nlgn4a,85,85,1,-,A,C,mismatch,106,707,1,FALSE
nlgn4a,217,217,1,-,C,A,mismatch,106,707,1,FALSE
nlgn4a,69,69,1,-,C,A,mismatch,108,689,1,FALSE
nlgn4a,156,156,1,-,C,G,mismatch,108,689,1,FALSE
nlgn4a,106,106,1,-,T,A,mismatch,109,707,1,FALSE
nlgn4a,87,87,1,-,C,T,mismatch,110,707,1,FALSE
nlgn4a,154,154,1,-,C,A,mismatch,110,707,1,FALSE
nlgn4a,69,69,1,-,C,A,mismatch,112,707,1,FALSE
nlgn4a,79,79,1,-,T,G,mismatch,112,707,1,FALSE
nlgn4a,183,183,1,-,T,C,mismatch,114,716,1,FALSE
nlgn4a,88,88,1,-,C,A,mismatch,117,698,1,FALSE
nlgn4a,92,92,1,-,G,T,mismatch,117,698,1,FALSE
nlgn4a,153,153,1,-,G,C,mismatch,117,698,1,FALSE
nlgn4a,78,78,1,-,A,C,mismatch,118,716,1,FALSE
nlgn4a,136,136,1,-,G,A,mismatch,120,741,1,FALSE
nlgn4a,107,107,1,-,T,A,mismatch,121,707,1,FALSE
nlgn4a,201,201,1,-,T,C,mismatch,121,707,1,FALSE
nlgn4a,42,42,1,-,T,G,mismatch,122,707,1,FALSE
nlgn4a,61,61,1,-,C,A,mismatch,122,707,1,FALSE
nlgn4a,153,153,1,-,G,T,mismatch,123,716,1,FALSE
nlgn4a,150,150,1,-,T,G,mismatch,125,732,1,FALSE
nlgn4a,209,209,1,-,A,G,mismatch,125,732,1,FALSE
nlgn4a,148,148,1,-,C,T,mismatch,127,716,1,FALSE
nlgn4a,55,55,1,-,G,T,mismatch,128,716,1,FALSE
nlgn4a,188,188,1,-,C,T,mismatch,129,716,1,FALSE
nlgn4a,56,56,1,-,A,C,mismatch,130,707,1,FALSE
nlgn4a,177,177,1,-,A,C,mismatch,130,707,1,FALSE
nlgn4a,148,148,1,-,C,T,mismatch,135,707,1,FALSE
nlgn4a,158,158,1,-,G,C,mismatch,135,707,1,FALSE
nlgn4a,117,117,1,-,A,C,mismatch,136,707,1,FALSE
nlgn4a,168,168,1,-,A,G,mismatch,136,707,1,FALSE
nlgn4a,55,55,1,-,G,A,mismatch,137,680,1,FALSE
nlgn4a,147,147,1,-,A,G,mismatch,137,680,1,FALSE
nlgn4a,149,149,1,-,A,G,mismatch,137,680,1,FALSE
nlgn4a,166,166,1,-,C,G,mismatch,137,680,1,FALSE
nlgn4a,178,178,1,-,C,A,mismatch,137,680,1,FALSE
nlgn4a,54,54,1,-,G,T,mismatch,138,716,1,FALSE
nlgn4a,84,84,1,-,C,A,mismatch,140,707,1,FALSE
nlgn4a,181,181,1,-,A,G,mismatch,140,707,1,FALSE
nlgn4a,212,212,1,-,T,A,mismatch,141,716,1,FALSE
nlgn4a,56,56,1,-,A,T,mismatch,142,689,1,FALSE
nlgn4a,70,70,1,-,C,G,mismatch,142,689,1,FALSE
nlgn4a,161,161,1,-,G,C,mismatch,142,689,1,FALSE
nlgn4a,168,168,1,-,A,T,mismatch,142,689,1,FALSE
nlgn4a,87,87,1,-,C,T,mismatch,143,716,1,FALSE
nlgn4a,107,107,1,-,T,C,mismatch,145,741,1,FALSE
nlgn4a,114,114,1,-,T,C,mismatch,147,698,1,FALSE
nlgn4a,141,141,1,-,G,T,mismatch,147,698,1,FALSE
nlgn4a,229,229,1,-,T,C,mismatch,147,698,1,FALSE
nlgn4a,49,49,1,-,T,C,mismatch,149,716,1,FALSE
nlgn4a,85,85,1,-,A,T,mismatch,150,698,1,FALSE
nlgn4a,98,98,1,-,T,C,mismatch,150,698,1,FALSE
nlgn4a,219,219,1,-,A,C,mismatch,150,698,1,FALSE
nlgn4a,127,127,1,-,C,T,mismatch,151,723,1,FALSE
nlgn4a,141,141,1,-,G,C,mismatch,151,723,1,FALSE
nlgn4a,188,188,1,-,C,T,mismatch,151,723,1,FALSE
nlgn4a,86,86,1,-,T,G,mismatch,152,716,1,FALSE
nlgn4a,64,64,1,-,G,A,mismatch,153,689,1,FALSE
nlgn4a,106,106,1,-,T,G,mismatch,153,689,1,FALSE
nlgn4a,116,116,1,-,G,C,mismatch,153,689,1,FALSE
nlgn4a,188,188,1,-,C,A,mismatch,153,689,1,FALSE
nlgn4a,185,185,1,-,T,A,mismatch,154,716,1,FALSE
nlgn4a,87,87,1,-,C,T,mismatch,155,716,1,FALSE
nlgn4a,85,85,1,-,A,C,mismatch,156,689,1,FALSE
nlgn4a,88,88,1,-,C,A,mismatch,156,689,1,FALSE
nlgn4a,99,99,1,-,C,T,mismatch,156,689,1,FALSE
nlgn4a,180,180,1,-,A,T,mismatch,156,689,1,FALSE
nlgn4a,89,89,1,-,G,T,mismatch,157,689,1,FALSE
nlgn4a,100,100,1,-,T,G,mismatch,157,689,1,FALSE
nlgn4a,189,189,1,-,A,T,mismatch,159,716,1,FALSE
nlgn4a,121,121,1,-,T,A,mismatch,160,698,1,FALSE
nlgn4a,124,124,1,-,T,A,mismatch,160,698,1,FALSE
nlgn4a,160,160,1,-,A,G,mismatch,160,698,1,FALSE
nlgn4a,107,107,1,-,T,C,mismatch,161,716,1,FALSE
nlgn4a,51,51,1,-,A,C,mismatch,163,707,1,FALSE
nlgn4a,215,215,1,-,G,C,mismatch,163,707,1,FALSE
nlgn4a,106,106,1,-,T,C,mismatch,164,689,1,FALSE
nlgn4a,143,143,1,-,C,G,mismatch,164,689,1,FALSE
nlgn4a,225,225,1,-,A,T,mismatch,164,689,1,FALSE
nlgn4a,71,71,1,-,A,T,mismatch,165,698,1,FALSE
nlgn4a,159,159,1,-,C,A,mismatch,165,698,1,FALSE
nlgn4a,176,176,1,-,G,A,mismatch,165,698,1,FALSE
nlgn4a,103,103,1,-,G,T,mismatch,167,716,1,FALSE
nlgn4a,56,56,1,-,A,T,mismatch,168,698,1,FALSE
nlgn4a,69,69,1,-,C,A,mismatch,168,698,1,FALSE
nlgn4a,149,149,1,-,A,G,mismatch,168,698,1,FALSE
nlgn4a,166,166,1,-,C,G,mismatch,171,707,1,FALSE
nlgn4a,184,184,1,-,A,G,mismatch,171,707,1,FALSE
nlgn4a,65,65,1,-,G,A,mismatch,173,707,1,FALSE
nlgn4a,118,118,1,-,T,G,mismatch,173,707,1,FALSE
nlgn4a,204,204,1,-,A,C,mismatch,175,707,1,FALSE
nlgn4a,176,176,1,-,G,T,mismatch,176,716,1,FALSE
nlgn4a,185,185,1,-,T,C,mismatch,177,707,1,FALSE
nlgn4a,204,204,1,-,A,T,mismatch,177,707,1,FALSE
nlgn4a,67,67,1,-,T,A,mismatch,178,698,1,FALSE
nlgn4a,102,102,1,-,C,G,mismatch,178,698,1,FALSE
nlgn4a,185,185,1,-,T,A,mismatch,178,698,1,FALSE
nlgn4a,111,111,1,-,A,T,mismatch,179,716,1,FALSE
nlgn4a,87,87,1,-,C,A,mismatch,180,707,1,FALSE
nlgn4a,229,229,1,-,T,G,mismatch,180,707,1,FALSE
nlgn4a,58,58,1,-,C,A,mismatch,182,716,1,FALSE
nlgn4a,188,188,1,-,C,T,mismatch,183,707,1,FALSE
nlgn4a,125,125,1,-,T,A,mismatch,184,723,1,FALSE
nlgn4a,140,140,1,-,G,T,mismatch,184,723,1,FALSE
nlgn4a,161,161,1,-,G,T,mismatch,184,723,1,FALSE
nlgn4a,66,66,1,-,A,C,mismatch,185,707,1,FALSE
nlgn4a,146,146,1,-,T,G,mismatch,185,707,1,FALSE
nlgn4a,149,149,1,-,A,T,mismatch,186,716,1,FALSE
nlgn4a,110,110,1,-,T,C,mismatch,187,707,1,FALSE
nlgn4a,181,181,1,-,A,G,mismatch,187,707,1,FALSE
nlgn4a,185,185,1,-,T,G,mismatch,188,707,1,FALSE
nlgn4a,215,215,1,-,G,C,mismatch,188,707,1,FALSE
nlgn4a,194,194,1,-,A,G,mismatch,192,716,1,FALSE
nlgn4a,203,203,1,-,G,C,mismatch,193,716,1,FALSE
nlgn4a,114,114,1,-,T,C,mismatch,195,716,1,FALSE
nlgn4a,213,213,1,-,C,A,mismatch,196,716,1,FALSE
nlgn4a,102,102,1,-,C,T,mismatch,197,698,1,FALSE
nlgn4a,147,147,1,-,A,G,mismatch,197,698,1,FALSE
nlgn4a,173,173,1,-,T,A,mismatch,197,698,1,FALSE
nlgn4a,166,166,1,-,C,A,mismatch,198,707,1,FALSE
nlgn4a,207,207,1,-,A,G,mismatch,198,707,1,FALSE
nlgn4a,79,79,1,-,T,C,mismatch,199,707,1,FALSE
nlgn4a,176,176,1,-,G,C,mismatch,199,707,1,FALSE
nlgn4a,199,199,1,-,G,A,mismatch,200,716,1,FALSE
nlgn4a,99,99,1,-,C,G,mismatch,203,716,1,FALSE
nlgn4a,103,103,1,-,G,T,mismatch,205,707,1,FALSE
nlgn4a,105,105,1,-,C,T,mismatch,205,707,1,FALSE
nlgn4a,212,212,1,-,T,C,mismatch,206,716,1,FALSE
nlgn4a,185,185,1,-,T,C,mismatch,207,716,1,FALSE
nlgn4a,97,97,1,-,C,G,mismatch,208,716,1,FALSE
nlgn4a,166,166,1,-,C,T,mismatch,211,707,1,FALSE
nlgn4a,226,226,1,-,T,A,mismatch,211,707,1,FALSE
nlgn4a,55,55,1,-,G,C,mismatch,219,698,1,FALSE
nlgn4a,69,69,1,-,C,A,mismatch,219,698,1,FALSE
nlgn4a,177,177,1,-,A,C,mismatch,219,698,1,FALSE
nlgn4a,57,57,1,-,A,G,mismatch,222,716,1,FALSE
nlgn4a,42,42,1,-,T,A,mismatch,223,707,1,FALSE
nlgn4a,171,171,1,-,G,A,mismatch,223,707,1,FALSE
nlgn4a,214,214,1,-,T,G,mismatch,224,716,1,FALSE
nlgn4a,48,48,1,-,C,G,mismatch,227,707,1,FALSE
nlgn4a,144,144,1,-,A,C,mismatch,227,707,1,FALSE
nlgn4a,54,54,1,-,G,T,mismatch,228,707,1,FALSE
nlgn4a,143,143,1,-,C,G,mismatch,228,707,1,FALSE
nlgn4a,73,73,1,-,T,A,mismatch,229,707,1,FALSE
nlgn4a,171,171,1,-,G,T,mismatch,229,707,1,FALSE
nlgn4a,68,68,1,-,A,G,mismatch,230,716,1,FALSE
nlgn4a,162,162,1,-,C,T,mismatch,233,689,1,FALSE
nlgn4a,193,193,1,-,T,A,mismatch,233,689,1,FALSE
nlgn4a,75,75,1,-,A,C,mismatch,234,689,1,FALSE
nlgn4a,185,185,1,-,T,G,mismatch,234,689,1,FALSE
nlgn4a,216,216,1,-,C,T,mismatch,234,689,1,FALSE
nlgn4a,66,66,1,-,A,G,mismatch,236,716,1,FALSE
nlgn4a,47,47,1,-,G,T,mismatch,237,707,1,FALSE
nlgn4a,233,233,1,-,G,T,mismatch,237,707,1,FALSE
nlgn4a,182,182,1,-,C,G,mismatch,238,716,1,FALSE
nlgn4a,152,152,1,-,G,C,mismatch,239,707,1,FALSE
nlgn4a,175,175,1,-,C,G,mismatch,239,707,1,FALSE
nlgn4a,177,177,1,-,A,C,mismatch,240,716,1,FALSE
nlgn4a,47,47,1,-,G,A,mismatch,241,689,1,FALSE
nlgn4a,172,172,1,-,T,G,mismatch,241,689,1,FALSE
nlgn4a,232,232,1,-,G,T,mismatch,241,689,1,FALSE
nlgn4a,54,54,1,-,G,C,mismatch,242,707,1,FALSE
nlgn4a,205,205,1,-,A,T,mismatch,243,698,1,FALSE
nlgn4a,226,226,1,-,T,G,mismatch,243,698,1,FALSE
nlgn4a,182,182,1,-,C,G,mismatch,244,707,1,FALSE
nlgn4a,201,201,1,-,T,G,mismatch,245,707,1,FALSE
nlgn4a,57,57,1,-,A,G,mismatch,246,698,1,FALSE
nlgn4a,214,214,1,-,T,G,mismatch,246,698,1,FALSE
nlgn4a,162,162,1,-,C,T,mismatch,248,689,1,FALSE
nlgn4a,65,65,1,-,G,A,mismatch,249,698,1,FALSE
nlgn4a,67,67,1,-,T,C,mismatch,249,698,1,FALSE
nlgn4a,169,169,1,-,T,C,mismatch,250,707,1,FALSE
nlgn4a,229,229,1,-,T,G,mismatch,251,707,1,FALSE
nlgn4a,233,233,1,-,G,T,mismatch,252,716,1,FALSE
nlgn4a,230,230,1,-,A,G,mismatch,253,716,1,FALSE
nlgn4a,64,64,1,-,G,T,mismatch,254,698,1,FALSE
nlgn4a,66,66,1,-,A,G,mismatch,254,698,1,FALSE
nlgn4a,228,228,1,-,C,T,mismatch,254,698,1,FALSE
nlgn4a,48,48,1,-,C,A,mismatch,255,698,1,FALSE
nlgn4a,198,198,1,-,G,A,mismatch,255,698,1,FALSE
nlgn4a,228,228,1,-,C,T,mismatch,255,698,1,FALSE
nlgn4a,223,223,1,-,A,G,mismatch,256,716,1,FALSE
nlgn4a,141,141,1,-,G,A,mismatch,257,707,1,FALSE
nlgn4a,220,220,1,-,A,T,mismatch,257,707,1,FALSE
nlgn4a,47,47,1,-,G,C,mismatch,258,698,1,FALSE
nlgn4a,56,56,1,-,A,G,mismatch,258,698,1,FALSE
nlgn4a,220,220,1,-,A,G,mismatch,258,698,1,FALSE
nlgn4a,190,190,1,-,A,C,mismatch,259,707,1,FALSE
nlgn4a,219,219,1,-,A,C,mismatch,259,707,1,FALSE
nlgn4a,149,149,1,-,A,G,mismatch,260,707,1,FALSE
nlgn4a,219,219,1,-,A,C,mismatch,260,707,1,FALSE
nlgn4a,153,153,1,-,G,A,mismatch,261,707,1,FALSE
nlgn4a,217,217,1,-,C,T,mismatch,261,707,1,FALSE
nlgn4a,216,216,1,-,C,T,mismatch,262,716,1,FALSE
nlgn4a,211,211,1,-,C,G,mismatch,263,716,1,FALSE
nlgn4a,153,153,1,-,G,A,mismatch,264,698,1,FALSE
nlgn4a,159,159,1,-,C,G,mismatch,264,698,1,FALSE
nlgn4a,209,209,1,-,A,T,mismatch,264,698,1,FALSE
nlgn4a,208,208,1,-,C,G,mismatch,265,716,1,FALSE
nlgn4a,68,68,1,-,A,T,mismatch,266,698,1,FALSE
nlgn4a,192,192,1,-,C,T,mismatch,266,698,1,FALSE
nlgn4a,205,205,1,-,A,T,mismatch,266,698,1,FALSE
nlgn4a,63,63,1,-,T,A,mismatch,267,707,1,FALSE
nlgn4a,205,205,1,-,A,T,mismatch,267,707,1,FALSE
nlgn4a,69,69,1,-,C,A,mismatch,268,707,1,FALSE
nlgn4a,205,205,1,-,A,T,mismatch,268,707,1,FALSE
nlgn4a,65,65,1,-,G,C,mismatch,269,689,1,FALSE
nlgn4a,72,72,1,-,C,T,mismatch,269,689,1,FALSE
nlgn4a,165,165,1,-,C,A,mismatch,269,689,1,FALSE
nlgn4a,205,205,1,-,A,T,mismatch,269,689,1,FALSE
nlgn4a,205,205,1,-,A,G,mismatch,270,716,1,FALSE
nlgn4a,58,58,1,-,C,G,mismatch,271,689,1,FALSE
nlgn4a,77,77,1,-,C,A,mismatch,271,689,1,FALSE
nlgn4a,193,193,1,-,T,G,mismatch,271,689,1,FALSE
nlgn4a,205,205,1,-,A,G,mismatch,271,689,1,FALSE
nlgn4a,71,71,1,-,A,G,mismatch,272,689,1,FALSE
nlgn4a,149,149,1,-,A,G,mismatch,272,689,1,FALSE
nlgn4a,196,196,1,-,G,C,mismatch,272,689,1,FALSE
nlgn4a,200,200,1,-,C,T,mismatch,272,689,1,FALSE
nlgn4a,160,160,1,-,A,C,mismatch,273,698,1,FALSE
nlgn4a,167,167,1,-,T,G,mismatch,273,698,1,FALSE
nlgn4a,199,199,1,-,G,T,mismatch,273,698,1,FALSE
nlgn4a,44,44,1,-,A,C,mismatch,274,689,1,FALSE
nlgn4a,58,58,1,-,C,T,mismatch,274,689,1,FALSE
nlgn4a,188,188,1,-,C,G,mismatch,274,689,1,FALSE
nlgn4a,198,198,1,-,G,T,mismatch,274,689,1,FALSE
nlgn4a,197,197,1,-,A,G,mismatch,275,716,1,FALSE
nlgn4a,196,196,1,-,G,T,mismatch,276,716,1,FALSE
nlgn4a,181,181,1,-,A,C,mismatch,277,707,1,FALSE
nlgn4a,194,194,1,-,A,T,mismatch,277,707,1,FALSE
nlgn4a,64,64,1,-,G,T,mismatch,278,707,1,FALSE
nlgn4a,192,192,1,-,C,T,mismatch,278,707,1,FALSE
nlgn4a,190,190,1,-,A,C,mismatch,279,716,1,FALSE
nlgn4a,49,49,1,-,T,C,mismatch,280,707,1,FALSE
nlgn4a,189,189,1,-,A,G,mismatch,280,707,1,FALSE
nlgn4a,148,148,1,-,C,G,mismatch,281,698,1,FALSE
nlgn4a,184,184,1,-,A,G,mismatch,281,698,1,FALSE
nlgn4a,189,189,1,-,A,C,mismatch,281,698,1,FALSE
nlgn4a,60,60,1,-,C,T,mismatch,282,698,1,FALSE
nlgn4a,71,71,1,-,A,T,mismatch,282,698,1,FALSE
nlgn4a,189,189,1,-,A,C,mismatch,282,698,1,FALSE
nlgn4a,188,188,1,-,C,T,mismatch,283,716,1,FALSE
nlgn4a,184,184,1,-,A,T,mismatch,284,716,1,FALSE
nlgn4a,67,67,1,-,T,G,mismatch,285,707,1,FALSE
nlgn4a,181,181,1,-,A,C,mismatch,285,707,1,FALSE
nlgn4a,65,65,1,-,G,A,mismatch,286,707,1,FALSE
nlgn4a,179,179,1,-,A,T,mismatch,286,707,1,FALSE
nlgn4a,155,155,1,-,T,A,mismatch,287,707,1,FALSE
nlgn4a,179,179,1,-,A,G,mismatch,287,707,1,FALSE
nlgn4a,73,73,1,-,T,G,mismatch,288,698,1,FALSE
nlgn4a,155,155,1,-,T,G,mismatch,288,698,1,FALSE
nlgn4a,179,179,1,-,A,C,mismatch,288,698,1,FALSE
nlgn4a,176,176,1,-,G,T,mismatch,289,716,1,FALSE
nlgn4a,45,45,1,-,C,G,mismatch,290,707,1,FALSE
nlgn4a,174,174,1,-,A,C,mismatch,290,707,1,FALSE
nlgn4a,50,50,1,-,C,T,mismatch,291,707,1,FALSE
nlgn4a,171,171,1,-,G,T,mismatch,291,707,1,FALSE
nlgn4a,45,45,1,-,C,G,mismatch,292,698,1,FALSE
nlgn4a,53,53,1,-,A,G,mismatch,292,698,1,FALSE
nlgn4a,168,168,1,-,A,T,mismatch,292,698,1,FALSE
nlgn4a,165,165,1,-,C,G,mismatch,293,716,1,FALSE
nlgn4a,62,62,1,-,A,G,mismatch,294,707,1,FALSE
nlgn4a,163,163,1,-,A,T,mismatch,294,707,1,FALSE
nlgn4a,163,163,1,-,A,T,mismatch,295,716,1,FALSE
nlgn4a,56,56,1,-,A,G,mismatch,296,707,1,FALSE
nlgn4a,162,162,1,-,C,G,mismatch,296,707,1,FALSE
nlgn4a,47,47,1,-,G,A,mismatch,297,698,1,FALSE
nlgn4a,61,61,1,-,C,A,mismatch,297,698,1,FALSE
nlgn4a,162,162,1,-,C,G,mismatch,297,698,1,FALSE
nlgn4a,60,60,1,-,C,T,mismatch,298,707,1,FALSE
nlgn4a,160,160,1,-,A,C,mismatch,298,707,1,FALSE
nlgn4a,53,53,1,-,A,C,mismatch,299,698,1,FALSE
nlgn4a,149,149,1,-,A,G,mismatch,299,698,1,FALSE
nlgn4a,159,159,1,-,C,G,mismatch,299,698,1,FALSE
nlgn4a,157,157,1,-,A,C,mismatch,300,716,1,FALSE
nlgn4a,63,63,1,-,T,C,mismatch,301,707,1,FALSE
nlgn4a,156,156,1,-,C,G,mismatch,301,707,1,FALSE
nlgn4a,147,147,1,-,A,C,mismatch,302,707,1,FALSE
nlgn4a,154,154,1,-,C,G,mismatch,302,707,1,FALSE
nlgn4a,154,154,1,-,C,G,mismatch,303,716,1,FALSE
nlgn4a,44,44,1,-,A,G,mismatch,304,707,1,FALSE
nlgn4a,153,153,1,-,G,T,mismatch,304,707,1,FALSE
nlgn4a,149,149,1,-,A,T,mismatch,305,716,1,FALSE
nlgn4a,147,147,1,-,A,G,mismatch,306,716,1,FALSE
nlgn4a,147,147,1,-,A,C,mismatch,307,716,1,FALSE
nlgn4a,141,141,1,-,G,T,mismatch,308,716,1,FALSE
nlgn4a,77,77,1,-,C,T,mismatch,310,716,1,FALSE
nlgn4a,63,63,1,-,T,C,mismatch,311,707,1,FALSE
nlgn4a,77,77,1,-,C,T,mismatch,311,707,1,FALSE
nlgn4a,47,47,1,-,G,T,mismatch,312,707,1,FALSE
nlgn4a,76,76,1,-,C,G,mismatch,312,707,1,FALSE
nlgn4a,76,76,1,-,C,G,mismatch,313,716,1,FALSE
nlgn4a,64,64,1,-,G,T,mismatch,314,707,1,FALSE
nlgn4a,72,72,1,-,C,G,mismatch,314,707,1,FALSE
nlgn4a,45,45,1,-,C,A,mismatch,315,707,1,FALSE
nlgn4a,69,69,1,-,C,G,mismatch,315,707,1,FALSE
nlgn4a,68,68,1,-,A,T,mismatch,316,716,1,FALSE
nlgn4a,65,65,1,-,G,T,mismatch,317,716,1,FALSE
nlgn4a,62,62,1,-,A,G,mismatch,318,716,1,FALSE
nlgn4a,59,59,1,-,C,G,mismatch,319,716,1,FALSE
nlgn4a,56,56,1,-,A,G,mismatch,320,716,1,FALSE
nlgn4a,55,55,1,-,G,T,mismatch,321,716,1,FALSE
nlgn4a,53,53,1,-,A,G,mismatch,322,716,1,FALSE
nlgn4a,48,48,1,-,C,G,mismatch,323,707,1,FALSE
nlgn4a,53,53,1,-,A,C,mismatch,323,707,1,FALSE
nlgn4a,51,51,1,-,A,C,mismatch,324,716,1,FALSE
nlgn4a,50,50,1,-,C,T,mismatch,325,716,1,FALSE
nlgn4a,46,46,1,-,G,T,mismatch,326,716,1,FALSE
nlgn4a,45,45,1,-,C,G,mismatch,327,716,1,FALSE
nlgn4a,42,42,1,-,T,G,mismatch,328,716,1,FALSE
nlgn4a,46,46,1,-,G,C,mismatch,329,716,1,FALSE
nlgn4a,48,48,1,-,C,A,mismatch,330,716,1,FALSE
nlgn4a,49,49,1,-,T,A,mismatch,331,716,1,FALSE
nlgn4a,51,51,1,-,A,C,mismatch,332,707,1,FALSE
nlgn4a,59,59,1,-,C,A,mismatch,332,707,1,FALSE
nlgn4a,59,59,1,-,C,A,mismatch,333,716,1,FALSE
nlgn4a,61,61,1,-,C,A,mismatch,334,716,1,FALSE
nlgn4a,63,63,1,-,T,A,mismatch,335,716,1,FALSE
nlgn4a,64,64,1,-,G,C,mismatch,336,716,1,FALSE
nlgn4a,64,64,1,-,G,A,mismatch,337,716,1,FALSE
nlgn4a,65,65,1,-,G,C,mismatch,338,716,1,FALSE
nlgn4a,67,67,1,-,T,G,mismatch,339,716,1,FALSE
nlgn4a,44,44,1,-,A,T,mismatch,340,698,1,FALSE
nlgn4a,58,58,1,-,C,A,mismatch,340,698,1,FALSE
nlgn4a,67,67,1,-,T,C,mismatch,340,698,1,FALSE
nlgn4a,70,70,1,-,C,A,mismatch,341,716,1,FALSE
nlgn4a,73,73,1,-,T,A,mismatch,342,716,1,FALSE
nlgn4a,79,79,1,-,T,A,mismatch,343,716,1,FALSE
nlgn4a,43,43,1,-,C,T,mismatch,344,689,1,FALSE
nlgn4a,50,50,1,-,C,A,mismatch,344,689,1,FALSE
nlgn4a,62,62,1,-,A,T,mismatch,344,689,1,FALSE
nlgn4a,141,141,1,-,G,C,mismatch,344,689,1,FALSE
nlgn4a,76,76,1,-,C,A,mismatch,345,707,1,FALSE
nlgn4a,141,141,1,-,G,C,mismatch,345,707,1,FALSE
nlgn4a,42,42,1,-,T,G,mismatch,346,698,1,FALSE
nlgn4a,77,77,1,-,C,A,mismatch,346,698,1,FALSE
nlgn4a,148,148,1,-,C,A,mismatch,346,698,1,FALSE
nlgn4a,61,61,1,-,C,G,mismatch,347,707,1,FALSE
nlgn4a,150,150,1,-,T,A,mismatch,347,707,1,FALSE
nlgn4a,63,63,1,-,T,G,mismatch,348,707,1,FALSE
nlgn4a,150,150,1,-,T,A,mismatch,348,707,1,FALSE
nlgn4a,60,60,1,-,C,G,mismatch,349,707,1,FALSE
nlgn4a,155,155,1,-,T,G,mismatch,349,707,1,FALSE
nlgn4a,155,155,1,-,T,A,mismatch,350,716,1,FALSE
nlgn4a,156,156,1,-,C,A,mismatch,351,716,1,FALSE
nlgn4a,159,159,1,-,C,A,mismatch,352,716,1,FALSE
nlgn4a,161,161,1,-,G,C,mismatch,353,716,1,FALSE
nlgn4a,161,161,1,-,G,A,mismatch,354,716,1,FALSE
nlgn4a,169,169,1,-,T,A,mismatch,355,716,1,FALSE
nlgn4a,56,56,1,-,A,C,mismatch,356,707,1,FALSE
nlgn4a,171,171,1,-,G,C,mismatch,356,707,1,FALSE
nlgn4a,172,172,1,-,T,C,mismatch,357,716,1,FALSE
nlgn4a,70,70,1,-,C,T,mismatch,358,707,1,FALSE
nlgn4a,172,172,1,-,T,A,mismatch,358,707,1,FALSE
nlgn4a,175,175,1,-,C,A,mismatch,359,716,1,FALSE
nlgn4a,61,61,1,-,C,T,mismatch,360,707,1,FALSE
nlgn4a,176,176,1,-,G,C,mismatch,360,707,1,FALSE
nlgn4a,176,176,1,-,G,C,mismatch,361,716,1,FALSE
nlgn4a,52,52,1,-,G,A,mismatch,362,698,1,FALSE
nlgn4a,67,67,1,-,T,C,mismatch,362,698,1,FALSE
nlgn4a,182,182,1,-,C,A,mismatch,362,698,1,FALSE
nlgn4a,144,144,1,-,A,G,mismatch,363,707,1,FALSE
nlgn4a,183,183,1,-,T,C,mismatch,363,707,1,FALSE
nlgn4a,49,49,1,-,T,C,mismatch,364,707,1,FALSE
nlgn4a,183,183,1,-,T,A,mismatch,364,707,1,FALSE
nlgn4a,44,44,1,-,A,C,mismatch,365,698,1,FALSE
nlgn4a,164,164,1,-,C,G,mismatch,365,698,1,FALSE
nlgn4a,186,186,1,-,G,A,mismatch,365,698,1,FALSE
nlgn4a,187,187,1,-,G,A,mismatch,366,716,1,FALSE
nlgn4a,146,146,1,-,T,A,mismatch,367,707,1,FALSE
nlgn4a,192,192,1,-,C,A,mismatch,367,707,1,FALSE
nlgn4a,193,193,1,-,T,G,mismatch,368,716,1,FALSE
nlgn4a,168,168,1,-,A,G,mismatch,369,698,1,FALSE
nlgn4a,183,183,1,-,T,G,mismatch,369,698,1,FALSE
nlgn4a,193,193,1,-,T,G,mismatch,369,698,1,FALSE
nlgn4a,61,61,1,-,C,G,mismatch,370,707,1,FALSE
nlgn4a,193,193,1,-,T,A,mismatch,370,707,1,FALSE
nlgn4a,144,144,1,-,A,T,mismatch,371,707,1,FALSE
nlgn4a,196,196,1,-,G,A,mismatch,371,707,1,FALSE
nlgn4a,199,199,1,-,G,A,mismatch,372,716,1,FALSE
nlgn4a,197,197,1,-,A,T,mismatch,373,707,1,FALSE
nlgn4a,201,201,1,-,T,G,mismatch,373,707,1,FALSE
nlgn4a,75,75,1,-,A,G,mismatch,374,707,1,FALSE
nlgn4a,201,201,1,-,T,C,mismatch,374,707,1,FALSE
nlgn4a,203,203,1,-,G,A,mismatch,375,716,1,FALSE
nlgn4a,208,208,1,-,C,A,mismatch,376,698,1,FALSE
nlgn4a,77,77,1,-,C,G,mismatch,377,707,1,FALSE
nlgn4a,213,213,1,-,C,A,mismatch,377,707,1,FALSE
nlgn4a,213,213,1,-,C,A,mismatch,378,716,1,FALSE
nlgn4a,163,163,1,-,A,C,mismatch,379,698,1,FALSE
nlgn4a,181,181,1,-,A,G,mismatch,379,698,1,FALSE
nlgn4a,229,229,1,-,T,G,mismatch,379,698,1,FALSE
nlgn4a,45,45,1,-,C,T,mismatch,380,698,1,FALSE
nlgn4a,143,143,1,-,C,A,mismatch,380,698,1,FALSE
nlgn4a,232,232,1,-,G,C,mismatch,380,698,1,FALSE
nlgn4a,233,233,1,-,G,C,mismatch,381,716,1,FALSE
nlgn4a,147,147,1,-,A,C,mismatch,382,707,1,FALSE
nlgn4a,169,169,1,-,T,G,mismatch,383,707,1,FALSE
nlgn4a,46,46,1,-,G,C,mismatch,384,698,1,FALSE
nlgn4a,66,66,1,-,A,C,mismatch,384,698,1,FALSE
nlgn4a,45,45,1,-,C,T,mismatch,385,698,1,FALSE
nlgn4a,47,47,1,-,G,C,mismatch,385,698,1,FALSE
nlgn4a,227,227,1,-,T,C,mismatch,385,698,1,FALSE
nlgn4a,56,56,1,-,A,C,mismatch,386,716,1,FALSE
nlgn4a,58,58,1,-,C,T,mismatch,387,707,1,FALSE
nlgn4a,145,145,1,-,T,C,mismatch,387,707,1,FALSE
nlgn4a,199,199,1,-,G,C,mismatch,390,707,1,FALSE
nlgn4a,215,215,1,-,G,A,mismatch,390,707,1,FALSE
nlgn4a,191,191,1,-,G,T,mismatch,391,716,1,FALSE
nlgn4a,47,47,1,-,G,A,mismatch,392,707,1,FALSE
nlgn4a,215,215,1,-,G,A,mismatch,392,707,1,FALSE
nlgn4a,68,68,1,-,A,C,mismatch,396,689,1,FALSE
nlgn4a,141,141,1,-,G,A,mismatch,396,689,1,FALSE
nlgn4a,198,198,1,-,G,A,mismatch,396,689,1,FALSE
nlgn4a,201,201,1,-,T,A,mismatch,396,689,1,FALSE
nlgn4a,57,57,1,-,A,G,mismatch,397,707,1,FALSE
nlgn4a,61,61,1,-,C,T,mismatch,397,707,1,FALSE
nlgn4a,67,67,1,-,T,C,mismatch,399,707,1,FALSE
nlgn4a,144,144,1,-,A,C,mismatch,399,707,1,FALSE
nlgn4a,155,155,1,-,T,A,mismatch,400,716,1,FALSE
nlgn4a,62,62,1,-,A,G,mismatch,401,716,1,FALSE
nlgn4a,202,202,1,-,T,G,mismatch,402,707,1,FALSE
nlgn4a,46,46,1,-,G,C,mismatch,403,689,1,FALSE
nlgn4a,51,51,1,-,A,T,mismatch,403,689,1,FALSE
nlgn4a,194,194,1,-,A,C,mismatch,403,689,1,FALSE
nlgn4a,229,229,1,-,T,C,mismatch,403,689,1,FALSE
nlgn4a,48,48,1,-,C,G,mismatch,404,716,1,FALSE
nlgn4a,46,46,1,-,G,C,mismatch,405,716,1,FALSE
nlgn4a,159,159,1,-,C,G,mismatch,409,707,1,FALSE
nlgn4a,212,212,1,-,T,C,mismatch,409,707,1,FALSE
nlgn4a,126,126,1,-,G,C,mismatch,410,716,1,FALSE
nlgn4a,224,224,1,-,G,A,mismatch,411,716,1,FALSE
nlgn4a,93,93,1,-,G,C,mismatch,413,698,1,FALSE
nlgn4a,100,100,1,-,T,A,mismatch,413,698,1,FALSE
nlgn4a,153,153,1,-,G,A,mismatch,413,698,1,FALSE
nlgn4a,141,141,1,-,G,T,mismatch,414,716,1,FALSE
nlgn4a,110,110,1,-,T,A,mismatch,415,732,1,FALSE
nlgn4a,165,165,1,-,C,A,mismatch,415,732,1,FALSE
nlgn4a,67,67,1,-,T,A,mismatch,416,716,1,FALSE
nlgn4a,194,194,1,-,A,T,mismatch,417,741,1,FALSE
nlgn4a,69,69,1,-,C,A,mismatch,419,716,1,FALSE
nlgn4a,89,89,1,-,G,C,mismatch,420,707,1,FALSE
nlgn4a,179,179,1,-,A,G,mismatch,420,707,1,FALSE
nlgn4a,139,139,1,-,T,G,mismatch,423,707,1,FALSE
nlgn4a,202,202,1,-,T,C,mismatch,423,707,1,FALSE
nlgn4a,69,69,1,-,C,G,mismatch,424,707,1,FALSE
nlgn4a,193,193,1,-,T,C,mismatch,424,707,1,FALSE
nlgn4a,183,183,1,-,T,G,mismatch,425,707,1,FALSE
nlgn4a,194,194,1,-,A,C,mismatch,425,707,1,FALSE
nlgn4a,115,115,1,-,G,A,mismatch,427,716,1,FALSE
nlgn4a,155,155,1,-,T,G,mismatch,428,741,1,FALSE
nlgn4a,112,112,1,-,C,A,mismatch,429,707,1,FALSE
nlgn4a,199,199,1,-,G,C,mismatch,429,707,1,FALSE
nlgn4a,118,118,1,-,T,A,mismatch,430,716,1,FALSE
nlgn4a,38,38,1,-,C,A,mismatch,433,689,1,FALSE
nlgn4a,65,65,1,-,G,A,mismatch,433,689,1,FALSE
nlgn4a,76,76,1,-,C,G,mismatch,433,689,1,FALSE
nlgn4a,112,112,1,-,C,T,mismatch,433,689,1,FALSE
nlgn4a,186,186,1,-,G,C,mismatch,435,716,1,FALSE
nlgn4a,40,40,1,-,T,C,mismatch,436,698,1,FALSE
nlgn4a,185,185,1,-,T,A,mismatch,436,698,1,FALSE
nlgn4a,125,125,1,-,T,G,mismatch,437,741,1,FALSE
nlgn4a,150,150,1,-,T,A,mismatch,438,698,1,FALSE
nlgn4a,157,157,1,-,A,T,mismatch,438,698,1,FALSE
nlgn4a,186,186,1,-,G,T,mismatch,438,698,1,FALSE
nlgn4a,90,90,1,-,C,A,mismatch,439,707,1,FALSE
nlgn4a,176,176,1,-,G,T,mismatch,439,707,1,FALSE
nlgn4a,89,89,1,-,G,T,mismatch,441,707,1,FALSE
nlgn4a,94,94,1,-,C,G,mismatch,441,707,1,FALSE
nlgn4a,81,81,1,-,G,T,mismatch,443,698,1,FALSE
nlgn4a,102,102,1,-,C,A,mismatch,443,698,1,FALSE
nlgn4a,228,228,1,-,C,T,mismatch,443,698,1,FALSE
nlgn4a,185,185,1,-,T,A,mismatch,444,707,1,FALSE
nlgn4a,191,191,1,-,G,A,mismatch,444,707,1,FALSE
nlgn4a,93,93,1,-,G,A,mismatch,445,716,1,FALSE
nlgn4a,97,97,1,-,C,G,mismatch,446,707,1,FALSE
nlgn4a,146,146,1,-,T,G,mismatch,446,707,1,FALSE
nlgn4a,143,143,1,-,C,G,mismatch,447,716,1,FALSE
nlgn4a,102,102,1,-,C,A,mismatch,449,707,1,FALSE
nlgn4a,108,108,1,-,T,A,mismatch,449,707,1,FALSE
nlgn4a,83,83,1,-,T,C,mismatch,450,716,1,FALSE
nlgn4a,120,120,1,-,G,C,mismatch,451,732,1,FALSE
nlgn4a,150,150,1,-,T,A,mismatch,451,732,1,FALSE
nlgn4a,115,115,1,-,G,T,mismatch,452,716,1,FALSE
nlgn4a,196,196,1,-,G,A,mismatch,453,716,1,FALSE
nlgn4a,160,160,1,-,A,G,mismatch,455,723,1,FALSE
nlgn4a,168,168,1,-,A,T,mismatch,455,723,1,FALSE
nlgn4a,214,214,1,-,T,G,mismatch,455,723,1,FALSE
nlgn4a,181,181,1,-,A,T,mismatch,456,716,1,FALSE
nlgn4a,86,86,1,-,T,G,mismatch,458,716,1,FALSE
nlgn4a,180,180,1,-,A,G,mismatch,459,698,1,FALSE
nlgn4a,214,214,1,-,T,A,mismatch,459,698,1,FALSE
nlgn4a,231,231,1,-,G,C,mismatch,459,698,1,FALSE
nlgn4a,179,179,1,-,A,G,mismatch,460,707,1,FALSE
nlgn4a,88,88,1,-,C,A,mismatch,461,698,1,FALSE
nlgn4a,160,160,1,-,A,G,mismatch,461,698,1,FALSE
nlgn4a,185,185,1,-,T,A,mismatch,461,698,1,FALSE
nlgn4a,77,77,1,-,C,T,mismatch,462,716,1,FALSE
nlgn4a,158,158,1,-,G,C,mismatch,463,707,1,FALSE
nlgn4a,177,177,1,-,A,C,mismatch,463,707,1,FALSE
nlgn4a,142,142,1,-,C,G,mismatch,464,707,1,FALSE
nlgn4a,188,188,1,-,C,G,mismatch,464,707,1,FALSE
nlgn4a,231,231,1,-,G,A,mismatch,465,716,1,FALSE
nlgn4a,95,95,1,-,T,A,mismatch,466,707,1,FALSE
nlgn4a,97,97,1,-,C,A,mismatch,466,707,1,FALSE
nlgn4a,201,201,1,-,T,C,mismatch,469,698,1,FALSE
nlgn4a,84,84,1,-,C,T,mismatch,470,698,1,FALSE
nlgn4a,72,72,1,-,C,T,mismatch,471,707,1,FALSE
nlgn4a,146,146,1,-,T,C,mismatch,472,707,1,FALSE
nlgn4a,211,211,1,-,C,G,mismatch,473,707,1,FALSE
nlgn4a,230,230,1,-,A,T,mismatch,473,707,1,FALSE
nlgn4a,225,225,1,-,A,T,mismatch,474,716,1,FALSE
nlgn4a,224,224,1,-,G,T,mismatch,475,716,1,FALSE
nlgn4a,158,158,1,-,G,A,mismatch,476,707,1,FALSE
nlgn4a,220,220,1,-,A,C,mismatch,476,707,1,FALSE
nlgn4a,167,167,1,-,T,A,mismatch,477,707,1,FALSE
nlgn4a,219,219,1,-,A,G,mismatch,477,707,1,FALSE
nlgn4a,190,190,1,-,A,C,mismatch,478,707,1,FALSE
nlgn4a,218,218,1,-,C,T,mismatch,478,707,1,FALSE
nlgn4a,88,88,1,-,C,A,mismatch,479,689,1,FALSE
nlgn4a,147,147,1,-,A,T,mismatch,479,689,1,FALSE
nlgn4a,181,181,1,-,A,T,mismatch,479,689,1,FALSE
nlgn4a,216,216,1,-,C,G,mismatch,479,689,1,FALSE
nlgn4a,70,70,1,-,C,G,mismatch,480,707,1,FALSE
nlgn4a,210,210,1,-,C,T,mismatch,480,707,1,FALSE
nlgn4a,192,192,1,-,C,A,mismatch,481,707,1,FALSE
nlgn4a,206,206,1,-,A,T,mismatch,481,707,1,FALSE
nlgn4a,206,206,1,-,A,G,mismatch,482,716,1,FALSE
nlgn4a,172,172,1,-,T,A,mismatch,483,698,1,FALSE
nlgn4a,174,174,1,-,A,T,mismatch,483,698,1,FALSE
nlgn4a,205,205,1,-,A,C,mismatch,483,698,1,FALSE
nlgn4a,75,75,1,-,A,C,mismatch,484,698,1,FALSE
nlgn4a,91,91,1,-,T,G,mismatch,484,698,1,FALSE
nlgn4a,204,204,1,-,A,T,mismatch,484,698,1,FALSE
nlgn4a,72,72,1,-,C,T,mismatch,485,707,1,FALSE
nlgn4a,204,204,1,-,A,G,mismatch,485,707,1,FALSE
nlgn4a,204,204,1,-,A,C,mismatch,486,716,1,FALSE
nlgn4a,142,142,1,-,C,G,mismatch,487,707,1,FALSE
nlgn4a,198,198,1,-,G,T,mismatch,487,707,1,FALSE
nlgn4a,192,192,1,-,C,T,mismatch,488,707,1,FALSE
nlgn4a,195,195,1,-,A,T,mismatch,488,707,1,FALSE
nlgn4a,74,74,1,-,T,C,mismatch,489,698,1,FALSE
nlgn4a,93,93,1,-,G,C,mismatch,489,698,1,FALSE
nlgn4a,192,192,1,-,C,G,mismatch,489,698,1,FALSE
nlgn4a,188,188,1,-,C,G,mismatch,490,716,1,FALSE
nlgn4a,184,184,1,-,A,C,mismatch,491,716,1,FALSE
nlgn4a,182,182,1,-,C,G,mismatch,492,716,1,FALSE
nlgn4a,90,90,1,-,C,G,mismatch,493,707,1,FALSE
nlgn4a,179,179,1,-,A,G,mismatch,493,707,1,FALSE
nlgn4a,176,176,1,-,G,T,mismatch,494,716,1,FALSE
nlgn4a,174,174,1,-,A,T,mismatch,495,716,1,FALSE
nlgn4a,174,174,1,-,A,C,mismatch,496,716,1,FALSE
nlgn4a,72,72,1,-,C,T,mismatch,497,698,1,FALSE
nlgn4a,140,140,1,-,G,T,mismatch,497,698,1,FALSE
nlgn4a,166,166,1,-,C,G,mismatch,497,698,1,FALSE
nlgn4a,165,165,1,-,C,G,mismatch,498,716,1,FALSE
nlgn4a,162,162,1,-,C,T,mismatch,499,716,1,FALSE
nlgn4a,160,160,1,-,A,G,mismatch,500,716,1,FALSE
nlgn4a,151,151,1,-,G,A,mismatch,501,707,1,FALSE
nlgn4a,160,160,1,-,A,G,mismatch,501,707,1,FALSE
nlgn4a,160,160,1,-,A,C,mismatch,502,716,1,FALSE
nlgn4a,159,159,1,-,C,T,mismatch,503,716,1,FALSE
nlgn4a,149,149,1,-,A,G,mismatch,504,707,1,FALSE
nlgn4a,158,158,1,-,G,T,mismatch,504,707,1,FALSE
nlgn4a,157,157,1,-,A,G,mismatch,505,716,1,FALSE
nlgn4a,157,157,1,-,A,C,mismatch,506,716,1,FALSE
nlgn4a,90,90,1,-,C,G,mismatch,507,707,1,FALSE
nlgn4a,151,151,1,-,G,T,mismatch,507,707,1,FALSE
nlgn4a,149,149,1,-,A,C,mismatch,508,716,1,FALSE
nlgn4a,147,147,1,-,A,T,mismatch,509,716,1,FALSE
nlgn4a,78,78,1,-,A,C,mismatch,510,698,1,FALSE
nlgn4a,81,81,1,-,G,A,mismatch,510,698,1,FALSE
nlgn4a,147,147,1,-,A,G,mismatch,510,698,1,FALSE
nlgn4a,99,99,1,-,C,A,mismatch,511,707,1,FALSE
nlgn4a,147,147,1,-,A,G,mismatch,511,707,1,FALSE
nlgn4a,144,144,1,-,A,G,mismatch,512,716,1,FALSE
nlgn4a,144,144,1,-,A,C,mismatch,513,716,1,FALSE
nlgn4a,143,143,1,-,C,T,mismatch,514,716,1,FALSE
nlgn4a,88,88,1,-,C,A,mismatch,516,716,1,FALSE
nlgn4a,96,96,1,-,A,T,mismatch,517,716,1,FALSE
nlgn4a,92,92,1,-,G,T,mismatch,518,716,1,FALSE
nlgn4a,86,86,1,-,T,C,mismatch,519,698,1,FALSE
nlgn4a,90,90,1,-,C,A,mismatch,519,698,1,FALSE
nlgn4a,92,92,1,-,G,T,mismatch,519,698,1,FALSE
nlgn4a,90,90,1,-,C,T,mismatch,520,716,1,FALSE
nlgn4a,88,88,1,-,C,G,mismatch,521,716,1,FALSE
nlgn4a,82,82,1,-,T,A,mismatch,522,707,1,FALSE
nlgn4a,88,88,1,-,C,G,mismatch,522,707,1,FALSE
nlgn4a,76,76,1,-,C,G,mismatch,523,716,1,FALSE
nlgn4a,69,69,1,-,C,T,mismatch,524,707,1,FALSE
nlgn4a,71,71,1,-,A,C,mismatch,524,707,1,FALSE
nlgn4a,66,66,1,-,A,T,mismatch,525,716,1,FALSE
nlgn4a,80,80,1,-,G,C,mismatch,526,716,1,FALSE
nlgn4a,81,81,1,-,G,A,mismatch,527,716,1,FALSE
nlgn4a,83,83,1,-,T,C,mismatch,528,716,1,FALSE
nlgn4a,83,83,1,-,T,A,mismatch,529,716,1,FALSE
nlgn4a,86,86,1,-,T,G,mismatch,530,716,1,FALSE
nlgn4a,69,69,1,-,C,A,mismatch,531,698,1,FALSE
nlgn4a,76,76,1,-,C,T,mismatch,531,698,1,FALSE
nlgn4a,87,87,1,-,C,A,mismatch,531,698,1,FALSE
nlgn4a,90,90,1,-,C,A,mismatch,532,716,1,FALSE
nlgn4a,94,94,1,-,C,A,mismatch,533,716,1,FALSE
nlgn4a,97,97,1,-,C,A,mismatch,534,716,1,FALSE
nlgn4a,71,71,1,-,A,G,mismatch,535,707,1,FALSE
nlgn4a,99,99,1,-,C,A,mismatch,535,707,1,FALSE
nlgn4a,140,140,1,-,G,A,mismatch,536,716,1,FALSE
nlgn4a,65,65,1,-,G,A,mismatch,537,680,1,FALSE
nlgn4a,78,78,1,-,A,T,mismatch,537,680,1,FALSE
nlgn4a,142,142,1,-,C,A,mismatch,537,680,1,FALSE
nlgn4a,145,145,1,-,T,C,mismatch,538,716,1,FALSE
nlgn4a,68,68,1,-,A,C,mismatch,539,707,1,FALSE
nlgn4a,148,148,1,-,C,A,mismatch,539,707,1,FALSE
nlgn4a,71,71,1,-,A,T,mismatch,540,707,1,FALSE
nlgn4a,152,152,1,-,G,C,mismatch,540,707,1,FALSE
nlgn4a,68,68,1,-,A,G,mismatch,541,707,1,FALSE
nlgn4a,153,153,1,-,G,C,mismatch,541,707,1,FALSE
nlgn4a,155,155,1,-,T,G,mismatch,542,716,1,FALSE
nlgn4a,148,148,1,-,C,T,mismatch,543,707,1,FALSE
nlgn4a,161,161,1,-,G,C,mismatch,543,707,1,FALSE
nlgn4a,162,162,1,-,C,A,mismatch,544,716,1,FALSE
nlgn4a,169,169,1,-,T,G,mismatch,545,716,1,FALSE
nlgn4a,81,81,1,-,G,C,mismatch,546,707,1,FALSE
nlgn4a,170,170,1,-,T,A,mismatch,546,707,1,FALSE
nlgn4a,171,171,1,-,G,A,mismatch,547,716,1,FALSE
nlgn4a,68,68,1,-,A,T,mismatch,548,707,1,FALSE
nlgn4a,172,172,1,-,T,A,mismatch,548,707,1,FALSE
nlgn4a,81,81,1,-,G,A,mismatch,549,698,1,FALSE
nlgn4a,148,148,1,-,C,G,mismatch,549,698,1,FALSE
nlgn4a,173,173,1,-,T,A,mismatch,549,698,1,FALSE
nlgn4a,173,173,1,-,T,A,mismatch,550,716,1,FALSE
nlgn4a,82,82,1,-,T,A,mismatch,551,707,1,FALSE
nlgn4a,176,176,1,-,G,C,mismatch,551,707,1,FALSE
nlgn4a,168,168,1,-,A,T,mismatch,552,707,1,FALSE
nlgn4a,176,176,1,-,G,A,mismatch,552,707,1,FALSE
nlgn4a,82,82,1,-,T,C,mismatch,553,707,1,FALSE
nlgn4a,191,191,1,-,G,C,mismatch,553,707,1,FALSE
nlgn4a,191,191,1,-,G,A,mismatch,554,716,1,FALSE
nlgn4a,156,156,1,-,C,A,mismatch,555,698,1,FALSE
nlgn4a,169,169,1,-,T,A,mismatch,555,698,1,FALSE
nlgn4a,199,199,1,-,G,C,mismatch,555,698,1,FALSE
nlgn4a,65,65,1,-,G,T,mismatch,556,707,1,FALSE
nlgn4a,202,202,1,-,T,G,mismatch,556,707,1,FALSE
nlgn4a,202,202,1,-,T,G,mismatch,557,716,1,FALSE
nlgn4a,69,69,1,-,C,T,mismatch,558,698,1,FALSE
nlgn4a,139,139,1,-,T,C,mismatch,558,698,1,FALSE
nlgn4a,211,211,1,-,C,A,mismatch,558,698,1,FALSE
nlgn4a,74,74,1,-,T,C,mismatch,559,707,1,FALSE
nlgn4a,212,212,1,-,T,A,mismatch,559,707,1,FALSE
nlgn4a,217,217,1,-,C,A,mismatch,560,716,1,FALSE
nlgn4a,166,166,1,-,C,T,mismatch,561,707,1,FALSE
nlgn4a,221,221,1,-,T,G,mismatch,561,707,1,FALSE
nlgn4a,222,222,1,-,G,C,mismatch,562,716,1,FALSE
nlgn4a,145,145,1,-,T,C,mismatch,563,698,1,FALSE
nlgn4a,179,179,1,-,A,T,mismatch,563,698,1,FALSE
nlgn4a,231,231,1,-,G,A,mismatch,563,698,1,FALSE
nlgn4a,75,75,1,-,A,T,mismatch,564,698,1,FALSE
nlgn4a,206,206,1,-,A,C,mismatch,564,698,1,FALSE
nlgn4a,232,232,1,-,G,C,mismatch,564,698,1,FALSE
nlgn4a,154,154,1,-,C,A,mismatch,567,698,1,FALSE
nlgn4a,196,196,1,-,G,A,mismatch,567,698,1,FALSE
nlgn4a,70,70,1,-,C,T,mismatch,568,698,1,FALSE
nlgn4a,140,140,1,-,G,C,mismatch,568,698,1,FALSE
nlgn4a,228,228,1,-,C,G,mismatch,568,698,1,FALSE
nlgn4a,98,98,1,-,T,C,mismatch,569,698,1,FALSE
nlgn4a,148,148,1,-,C,G,mismatch,569,698,1,FALSE
nlgn4a,217,217,1,-,C,G,mismatch,569,698,1,FALSE
nlgn4a,95,95,1,-,T,C,mismatch,571,716,1,FALSE
nlgn4a,160,160,1,-,A,T,mismatch,572,716,1,FALSE
nlgn4a,180,180,1,-,A,G,mismatch,574,716,1,FALSE
nlgn4a,159,159,1,-,C,G,mismatch,577,716,1,FALSE
nlgn4a,65,65,1,-,G,A,mismatch,578,716,1,FALSE
nlgn4a,86,86,1,-,T,G,mismatch,580,698,1,FALSE
nlgn4a,142,142,1,-,C,A,mismatch,580,698,1,FALSE
nlgn4a,154,154,1,-,C,G,mismatch,580,698,1,FALSE
nlgn4a,224,224,1,-,G,A,mismatch,582,707,1,FALSE
nlgn4a,69,69,1,-,C,G,mismatch,583,698,1,FALSE
nlgn4a,86,86,1,-,T,A,mismatch,583,698,1,FALSE
nlgn4a,177,177,1,-,A,C,mismatch,583,698,1,FALSE
nlgn4a,89,89,1,-,G,C,mismatch,585,707,1,FALSE
nlgn4a,208,208,1,-,C,A,mismatch,585,707,1,FALSE
nlgn4a,104,104,1,-,C,A,mismatch,586,741,1,FALSE
nlgn4a,139,139,1,-,T,A,mismatch,587,741,1,FALSE
nlgn4a,98,98,1,-,T,C,mismatch,588,716,1,FALSE
nlgn4a,89,89,1,-,G,T,mismatch,589,707,1,FALSE
nlgn4a,88,88,1,-,C,G,mismatch,590,707,1,FALSE
nlgn4a,99,99,1,-,C,A,mismatch,590,707,1,FALSE
nlgn4a,98,98,1,-,T,A,mismatch,591,698,1,FALSE
nlgn4a,113,113,1,-,C,A,mismatch,591,698,1,FALSE
nlgn4a,164,164,1,-,C,A,mismatch,591,698,1,FALSE
nlgn4a,100,100,1,-,T,G,mismatch,592,707,1,FALSE
nlgn4a,119,119,1,-,T,A,mismatch,592,707,1,FALSE
nlgn4a,84,84,1,-,C,G,mismatch,594,698,1,FALSE
nlgn4a,91,91,1,-,T,C,mismatch,594,698,1,FALSE
nlgn4a,168,168,1,-,A,C,mismatch,594,698,1,FALSE
nlgn4a,96,96,1,-,A,G,mismatch,595,707,1,FALSE
nlgn4a,224,224,1,-,G,C,mismatch,596,716,1,FALSE
nlgn4a,159,159,1,-,C,T,mismatch,599,707,1,FALSE
nlgn4a,180,180,1,-,A,C,mismatch,600,707,1,FALSE
nlgn4a,128,128,1,-,G,T,mismatch,601,741,1,FALSE
nlgn4a,112,112,1,-,C,T,mismatch,602,716,1,FALSE
nlgn4a,137,137,1,-,G,A,mismatch,603,741,1,FALSE
nlgn4a,103,103,1,-,G,T,mismatch,604,716,1,FALSE
nlgn4a,146,146,1,-,T,A,mismatch,605,716,1,FALSE
nlgn4a,207,207,1,-,A,T,mismatch,609,716,1,FALSE
nlgn4a,65,65,1,-,G,A,mismatch,610,698,1,FALSE
nlgn4a,94,94,1,-,C,T,mismatch,610,698,1,FALSE
nlgn4a,157,157,1,-,A,C,mismatch,610,698,1,FALSE
nlgn4a,158,158,1,-,G,A,mismatch,612,716,1,FALSE
nlgn4a,78,78,1,-,A,C,mismatch,613,716,1,FALSE
nlgn4a,158,158,1,-,G,C,mismatch,614,707,1,FALSE
nlgn4a,193,193,1,-,T,A,mismatch,614,707,1,FALSE
nlgn4a,77,77,1,-,C,T,mismatch,618,698,1,FALSE
nlgn4a,184,184,1,-,A,T,mismatch,618,698,1,FALSE
nlgn4a,195,195,1,-,A,T,mismatch,618,698,1,FALSE
nlgn4a,73,73,1,-,T,C,mismatch,619,716,1,FALSE
nlgn4a,196,196,1,-,G,A,mismatch,620,716,1,FALSE
nlgn4a,65,65,1,-,G,C,mismatch,624,698,1,FALSE
nlgn4a,165,165,1,-,C,A,mismatch,625,707,1,FALSE
nlgn4a,76,76,1,-,C,A,mismatch,626,698,1,FALSE
nlgn4a,89,89,1,-,G,A,mismatch,626,698,1,FALSE
nlgn4a,74,74,1,-,T,G,mismatch,627,707,1,FALSE
nlgn4a,82,82,1,-,T,G,mismatch,628,707,1,FALSE
nlgn4a,155,155,1,-,T,G,mismatch,629,698,1,FALSE
nlgn4a,188,188,1,-,C,G,mismatch,629,698,1,FALSE
nlgn4a,70,70,1,-,C,G,mismatch,631,680,1,FALSE
nlgn4a,96,96,1,-,A,C,mismatch,631,680,1,FALSE
nlgn4a,154,154,1,-,C,A,mismatch,631,680,1,FALSE
nlgn4a,156,156,1,-,C,A,mismatch,631,680,1,FALSE
nlgn4a,104,104,1,-,C,A,mismatch,632,698,1,FALSE
nlgn4a,174,174,1,-,A,C,mismatch,632,698,1,FALSE
nlgn4a,230,230,1,-,A,T,mismatch,632,698,1,FALSE
nlgn4a,228,228,1,-,C,T,mismatch,633,716,1,FALSE
nlgn4a,222,222,1,-,G,T,mismatch,634,716,1,FALSE
nlgn4a,67,67,1,-,T,G,mismatch,635,698,1,FALSE
nlgn4a,101,101,1,-,A,G,mismatch,635,698,1,FALSE
nlgn4a,220,220,1,-,A,G,mismatch,635,698,1,FALSE
nlgn4a,87,87,1,-,C,G,mismatch,636,698,1,FALSE
nlgn4a,90,90,1,-,C,T,mismatch,636,698,1,FALSE
nlgn4a,219,219,1,-,A,C,mismatch,636,698,1,FALSE
nlgn4a,218,218,1,-,C,T,mismatch,637,716,1,FALSE
nlgn4a,217,217,1,-,C,G,mismatch,638,716,1,FALSE
nlgn4a,67,67,1,-,T,A,mismatch,639,707,1,FALSE
nlgn4a,216,216,1,-,C,G,mismatch,639,707,1,FALSE
nlgn4a,165,165,1,-,C,T,mismatch,640,707,1,FALSE
nlgn4a,213,213,1,-,C,T,mismatch,640,707,1,FALSE
nlgn4a,211,211,1,-,C,G,mismatch,641,716,1,FALSE
nlgn4a,70,70,1,-,C,G,mismatch,642,707,1,FALSE
nlgn4a,209,209,1,-,A,T,mismatch,642,707,1,FALSE
nlgn4a,86,86,1,-,T,C,mismatch,643,707,1,FALSE
nlgn4a,209,209,1,-,A,G,mismatch,643,707,1,FALSE
nlgn4a,188,188,1,-,C,G,mismatch,645,707,1,FALSE
nlgn4a,207,207,1,-,A,C,mismatch,645,707,1,FALSE
nlgn4a,66,66,1,-,A,C,mismatch,646,698,1,FALSE
nlgn4a,89,89,1,-,G,A,mismatch,646,698,1,FALSE
nlgn4a,199,199,1,-,G,T,mismatch,646,698,1,FALSE
nlgn4a,198,198,1,-,G,T,mismatch,647,716,1,FALSE
nlgn4a,93,93,1,-,G,C,mismatch,648,707,1,FALSE
nlgn4a,198,198,1,-,G,T,mismatch,648,707,1,FALSE
nlgn4a,74,74,1,-,T,C,mismatch,649,707,1,FALSE
nlgn4a,197,197,1,-,A,C,mismatch,649,707,1,FALSE
nlgn4a,150,150,1,-,T,A,mismatch,650,707,1,FALSE
nlgn4a,194,194,1,-,A,T,mismatch,650,707,1,FALSE
nlgn4a,194,194,1,-,A,C,mismatch,651,716,1,FALSE
nlgn4a,189,189,1,-,A,C,mismatch,652,716,1,FALSE
nlgn4a,159,159,1,-,C,A,mismatch,653,707,1,FALSE
nlgn4a,189,189,1,-,A,C,mismatch,653,707,1,FALSE
nlgn4a,65,65,1,-,G,C,mismatch,654,698,1,FALSE
nlgn4a,156,156,1,-,C,T,mismatch,654,698,1,FALSE
nlgn4a,184,184,1,-,A,C,mismatch,654,698,1,FALSE
nlgn4a,181,181,1,-,A,T,mismatch,655,716,1,FALSE
nlgn4a,181,181,1,-,A,C,mismatch,656,716,1,FALSE
nlgn4a,165,165,1,-,C,T,mismatch,657,707,1,FALSE
nlgn4a,178,178,1,-,C,T,mismatch,657,707,1,FALSE
nlgn4a,178,178,1,-,C,T,mismatch,658,716,1,FALSE
nlgn4a,90,90,1,-,C,T,mismatch,659,698,1,FALSE
nlgn4a,153,153,1,-,G,C,mismatch,659,698,1,FALSE
nlgn4a,178,178,1,-,C,T,mismatch,659,698,1,FALSE
nlgn4a,175,175,1,-,C,T,mismatch,660,716,1,FALSE
nlgn4a,174,174,1,-,A,G,mismatch,661,716,1,FALSE
nlgn4a,69,69,1,-,C,T,mismatch,662,707,1,FALSE
nlgn4a,168,168,1,-,A,T,mismatch,662,707,1,FALSE
nlgn4a,95,95,1,-,T,G,mismatch,663,707,1,FALSE
nlgn4a,168,168,1,-,A,G,mismatch,663,707,1,FALSE
nlgn4a,153,153,1,-,G,C,mismatch,664,707,1,FALSE
nlgn4a,168,168,1,-,A,G,mismatch,664,707,1,FALSE
nlgn4a,156,156,1,-,C,T,mismatch,665,707,1,FALSE
nlgn4a,168,168,1,-,A,C,mismatch,665,707,1,FALSE
nlgn4a,97,97,1,-,C,T,mismatch,666,707,1,FALSE
nlgn4a,166,166,1,-,C,T,mismatch,666,707,1,FALSE
nlgn4a,65,65,1,-,G,A,mismatch,667,698,1,FALSE
nlgn4a,95,95,1,-,T,A,mismatch,667,698,1,FALSE
nlgn4a,166,166,1,-,C,G,mismatch,667,698,1,FALSE
nlgn4a,85,85,1,-,A,C,mismatch,668,707,1,FALSE
nlgn4a,165,165,1,-,C,T,mismatch,668,707,1,FALSE
nlgn4a,165,165,1,-,C,T,mismatch,669,716,1,FALSE
nlgn4a,78,78,1,-,A,G,mismatch,670,689,1,FALSE
nlgn4a,86,86,1,-,T,G,mismatch,670,689,1,FALSE
nlgn4a,154,154,1,-,C,A,mismatch,670,689,1,FALSE
nlgn4a,165,165,1,-,C,G,mismatch,670,689,1,FALSE
nlgn4a,87,87,1,-,C,T,mismatch,671,707,1,FALSE
nlgn4a,161,161,1,-,G,T,mismatch,671,707,1,FALSE
nlgn4a,161,161,1,-,G,T,mismatch,672,716,1,FALSE
nlgn4a,102,102,1,-,C,T,mismatch,673,707,1,FALSE
nlgn4a,160,160,1,-,A,T,mismatch,673,707,1,FALSE
nlgn4a,160,160,1,-,A,C,mismatch,674,716,1,FALSE
nlgn4a,156,156,1,-,C,T,mismatch,675,716,1,FALSE
nlgn4a,68,68,1,-,A,G,mismatch,676,689,1,FALSE
nlgn4a,78,78,1,-,A,C,mismatch,676,689,1,FALSE
nlgn4a,149,149,1,-,A,T,mismatch,676,689,1,FALSE
nlgn4a,156,156,1,-,C,G,mismatch,676,689,1,FALSE
nlgn4a,149,149,1,-,A,T,mismatch,677,716,1,FALSE
nlgn4a,104,104,1,-,C,T,mismatch,678,716,1,FALSE
nlgn4a,104,104,1,-,C,G,mismatch,679,716,1,FALSE
nlgn4a,90,90,1,-,C,T,mismatch,680,707,1,FALSE
nlgn4a,102,102,1,-,C,T,mismatch,680,707,1,FALSE
nlgn4a,102,102,1,-,C,G,mismatch,681,716,1,FALSE
nlgn4a,97,97,1,-,C,G,mismatch,682,716,1,FALSE
nlgn4a,96,96,1,-,A,C,mismatch,683,716,1,FALSE
nlgn4a,92,92,1,-,G,T,mismatch,684,716,1,FALSE
nlgn4a,70,70,1,-,C,T,mismatch,685,707,1,FALSE
nlgn4a,88,88,1,-,C,T,mismatch,685,707,1,FALSE
nlgn4a,67,67,1,-,T,A,mismatch,686,698,1,FALSE
nlgn4a,80,80,1,-,G,A,mismatch,686,698,1,FALSE
nlgn4a,85,85,1,-,A,G,mismatch,686,698,1,FALSE
nlgn4a,81,81,1,-,G,T,mismatch,687,716,1,FALSE
nlgn4a,70,70,1,-,C,A,mismatch,688,707,1,FALSE
nlgn4a,75,75,1,-,A,T,mismatch,688,707,1,FALSE
nlgn4a,75,75,1,-,A,G,mismatch,689,716,1,FALSE
nlgn4a,70,70,1,-,C,A,mismatch,690,707,1,FALSE
nlgn4a,72,72,1,-,C,T,mismatch,690,707,1,FALSE
nlgn4a,68,68,1,-,A,C,mismatch,691,707,1,FALSE
nlgn4a,70,70,1,-,C,T,mismatch,691,707,1,FALSE
nlgn4a,70,70,1,-,C,G,mismatch,692,716,1,FALSE
nlgn4a,69,69,1,-,C,T,mismatch,693,716,1,FALSE
nlgn4a,69,69,1,-,C,G,mismatch,694,716,1,FALSE
nlgn4a,67,67,1,-,T,G,mismatch,695,716,1,FALSE
nlgn4a,69,69,1,-,C,A,mismatch,696,716,1,FALSE
nlgn4a,72,72,1,-,C,A,mismatch,697,716,1,FALSE
nlgn4a,73,73,1,-,T,A,mismatch,698,716,1,FALSE
nlgn4a,67,67,1,-,T,C,mismatch,699,707,1,FALSE
nlgn4a,74,74,1,-,T,A,mismatch,699,707,1,FALSE
nlgn4a,77,77,1,-,C,A,mismatch,700,716,1,FALSE
nlgn4a,80,80,1,-,G,A,mismatch,701,716,1,FALSE
nlgn4a,81,81,1,-,G,A,mismatch,702,716,1,FALSE
nlgn4a,82,82,1,-,T,A,mismatch,703,716,1,FALSE
nlgn4a,74,74,1,-,T,G,mismatch,704,707,1,FALSE
nlgn4a,83,83,1,-,T,C,mismatch,704,707,1,FALSE
nlgn4a,74,74,1,-,T,A,mismatch,705,707,1,FALSE
nlgn4a,87,87,1,-,C,A,mismatch,705,707,1,FALSE
nlgn4a,65,65,1,-,G,A,mismatch,706,698,1,FALSE
nlgn4a,80,80,1,-,G,C,mismatch,706,698,1,FALSE
nlgn4a,87,87,1,-,C,A,mismatch,706,698,1,FALSE
nlgn4a,91,91,1,-,T,C,mismatch,707,716,1,FALSE
nlgn4a,88,88,1,-,C,G,mismatch,708,707,1,FALSE
nlgn4a,93,93,1,-,G,A,mismatch,708,707,1,FALSE
nlgn4a,95,95,1,-,T,G,mismatch,709,716,1,FALSE
nlgn4a,95,95,1,-,T,C,mismatch,710,716,1,FALSE
nlgn4a,95,95,1,-,T,A,mismatch,711,716,1,FALSE
nlgn4a,98,98,1,-,T,G,mismatch,712,716,1,FALSE
nlgn4a,70,70,1,-,C,G,mismatch,713,698,1,FALSE
nlgn4a,83,83,1,-,T,G,mismatch,713,698,1,FALSE
nlgn4a,98,98,1,-,T,G,mismatch,713,698,1,FALSE
nlgn4a,100,100,1,-,T,G,mismatch,714,716,1,FALSE
nlgn4a,103,103,1,-,G,C,mismatch,715,716,1,FALSE
nlgn4a,104,104,1,-,C,A,mismatch,716,716,1,FALSE
nlgn4a,106,106,1,-,T,G,mismatch,717,716,1,FALSE
nlgn4a,108,108,1,-,T,A,mismatch,719,716,1,FALSE
nlgn4a,81,81,1,-,G,T,mismatch,720,698,1,FALSE
nlgn4a,105,105,1,-,C,A,mismatch,720,698,1,FALSE
nlgn4a,150,150,1,-,T,C,mismatch,720,698,1,FALSE
nlgn4a,104,104,1,-,C,T,mismatch,721,707,1,FALSE
nlgn4a,151,151,1,-,G,C,mismatch,721,707,1,FALSE
nlgn4a,152,152,1,-,G,C,mismatch,722,716,1,FALSE
nlgn4a,109,109,1,-,T,G,mismatch,723,707,1,FALSE
nlgn4a,153,153,1,-,G,A,mismatch,723,707,1,FALSE
nlgn4a,154,154,1,-,C,A,mismatch,724,716,1,FALSE
nlgn4a,158,158,1,-,G,A,mismatch,725,716,1,FALSE
nlgn4a,78,78,1,-,A,G,mismatch,726,707,1,FALSE
nlgn4a,161,161,1,-,G,C,mismatch,726,707,1,FALSE
nlgn4a,165,165,1,-,C,A,mismatch,727,716,1,FALSE
nlgn4a,66,66,1,-,A,G,mismatch,728,707,1,FALSE
nlgn4a,167,167,1,-,T,C,mismatch,728,707,1,FALSE
nlgn4a,150,150,1,-,T,A,mismatch,729,707,1,FALSE
nlgn4a,170,170,1,-,T,A,mismatch,729,707,1,FALSE
nlgn4a,172,172,1,-,T,A,mismatch,730,716,1,FALSE
nlgn4a,173,173,1,-,T,G,mismatch,731,716,1,FALSE
nlgn4a,92,92,1,-,G,A,mismatch,732,707,1,FALSE
nlgn4a,175,175,1,-,C,A,mismatch,732,707,1,FALSE
nlgn4a,183,183,1,-,T,C,mismatch,733,716,1,FALSE
nlgn4a,185,185,1,-,T,G,mismatch,734,716,1,FALSE
nlgn4a,187,187,1,-,G,C,mismatch,735,716,1,FALSE
nlgn4a,78,78,1,-,A,G,mismatch,736,689,1,FALSE
nlgn4a,102,102,1,-,C,T,mismatch,736,689,1,FALSE
nlgn4a,189,189,1,-,A,T,mismatch,736,689,1,FALSE
nlgn4a,192,192,1,-,C,A,mismatch,736,689,1,FALSE
nlgn4a,192,192,1,-,C,A,mismatch,737,716,1,FALSE
nlgn4a,70,70,1,-,C,T,mismatch,738,707,1,FALSE
nlgn4a,196,196,1,-,G,A,mismatch,738,707,1,FALSE
nlgn4a,155,155,1,-,T,G,mismatch,739,707,1,FALSE
nlgn4a,196,196,1,-,G,A,mismatch,739,707,1,FALSE
nlgn4a,164,164,1,-,C,A,mismatch,740,707,1,FALSE
nlgn4a,199,199,1,-,G,A,mismatch,740,707,1,FALSE
nlgn4a,200,200,1,-,C,A,mismatch,741,716,1,FALSE
nlgn4a,84,84,1,-,C,G,mismatch,742,707,1,FALSE
nlgn4a,201,201,1,-,T,G,mismatch,742,707,1,FALSE
nlgn4a,162,162,1,-,C,A,mismatch,743,707,1,FALSE
nlgn4a,201,201,1,-,T,G,mismatch,743,707,1,FALSE
nlgn4a,202,202,1,-,T,G,mismatch,744,716,1,FALSE
nlgn4a,68,68,1,-,A,C,mismatch,745,698,1,FALSE
nlgn4a,201,201,1,-,T,G,mismatch,745,698,1,FALSE
nlgn4a,210,210,1,-,C,A,mismatch,745,698,1,FALSE
nlgn4a,212,212,1,-,T,G,mismatch,746,716,1,FALSE
nlgn4a,149,149,1,-,A,C,mismatch,747,707,1,FALSE
nlgn4a,212,212,1,-,T,C,mismatch,747,707,1,FALSE
nlgn4a,213,213,1,-,C,A,mismatch,748,716,1,FALSE
nlgn4a,75,75,1,-,A,C,mismatch,749,707,1,FALSE
nlgn4a,216,216,1,-,C,A,mismatch,749,707,1,FALSE
nlgn4a,204,204,1,-,A,C,mismatch,750,707,1,FALSE
nlgn4a,221,221,1,-,T,C,mismatch,750,707,1,FALSE
nlgn4a,68,68,1,-,A,C,mismatch,751,698,1,FALSE
nlgn4a,72,72,1,-,C,A,mismatch,751,698,1,FALSE
nlgn4a,221,221,1,-,T,A,mismatch,751,698,1,FALSE
nlgn4a,68,68,1,-,A,C,mismatch,752,677,1,FALSE
nlgn4a,189,189,1,-,A,T,mismatch,752,677,1,FALSE
nlgn4a,168,168,1,-,A,T,mismatch,753,707,1,FALSE
nlgn4a,226,226,1,-,T,G,mismatch,753,707,1,FALSE
nlgn4a,74,74,1,-,T,G,mismatch,754,707,1,FALSE
nlgn4a,227,227,1,-,T,A,mismatch,754,707,1,FALSE
nlgn4a,68,68,1,-,A,C,mismatch,755,707,1,FALSE
nlgn4a,228,228,1,-,C,A,mismatch,755,707,1,FALSE
nlgn4a,101,101,1,-,A,C,mismatch,756,707,1,FALSE
nlgn4a,231,231,1,-,G,C,mismatch,756,707,1,FALSE
nlgn4a,93,93,1,-,G,C,mismatch,757,698,1,FALSE
nlgn4a,207,207,1,-,A,G,mismatch,757,698,1,FALSE
nlgn4a,233,233,1,-,G,C,mismatch,757,698,1,FALSE
nlgn4a,205,205,1,-,A,C,mismatch,758,707,1,FALSE
nlgn4a,89,89,1,-,G,A,mismatch,759,698,1,FALSE
nlgn4a,150,150,1,-,T,G,mismatch,759,698,1,FALSE
nlgn4a,150,150,1,-,T,C,mismatch,760,707,1,FALSE
nlgn4a,70,70,1,-,C,T,mismatch,761,689,1,FALSE
nlgn4a,83,83,1,-,T,A,mismatch,761,689,1,FALSE
nlgn4a,68,68,1,-,A,T,mismatch,762,698,1,FALSE
nlgn4a,177,177,1,-,A,T,mismatch,762,698,1,FALSE
nlgn4a,67,67,1,-,T,A,mismatch,763,707,1,FALSE
nlgn4a,72,72,1,-,C,G,mismatch,764,698,1,FALSE
nlgn4a,203,203,1,-,G,A,mismatch,764,698,1,FALSE
nlgn4a,72,72,1,-,C,A,mismatch,765,707,1,FALSE
nlgn4a,66,66,1,-,A,C,mismatch,767,707,1,FALSE
nlgn4a,77,77,1,-,C,A,mismatch,768,707,1,FALSE
nlgn4a,224,224,1,-,G,A,mismatch,769,707,1,FALSE
nlgn4a,79,79,1,-,T,C,mismatch,770,707,1,FALSE
nlgn4a,101,101,1,-,A,T,mismatch,770,707,1,FALSE
nlgn4a,225,225,1,-,A,G,mismatch,771,716,1,FALSE
nlgn4a,88,88,1,-,C,A,mismatch,772,707,1,FALSE
nlgn4a,209,209,1,-,A,G,mismatch,772,707,1,FALSE
nlgn4a,191,191,1,-,G,A,mismatch,773,716,1,FALSE
nlgn4a,70,70,1,-,C,T,mismatch,774,716,1,FALSE
nlgn4a,104,104,1,-,C,T,mismatch,775,716,1,FALSE
nlgn4a,100,100,1,-,T,G,mismatch,778,716,1,FALSE
nlgn4a,168,168,1,-,A,T,mismatch,779,707,1,FALSE
nlgn4a,171,171,1,-,G,T,mismatch,779,707,1,FALSE
nlgn4a,219,219,1,-,A,T,mismatch,780,707,1,FALSE
nlgn4a,77,77,1,-,C,A,mismatch,781,716,1,FALSE
nlgn4a,157,157,1,-,A,G,mismatch,782,698,1,FALSE
nlgn4a,221,221,1,-,T,C,mismatch,782,698,1,FALSE
nlgn4a,90,90,1,-,C,T,mismatch,785,716,1,FALSE
nlgn4a,81,81,1,-,G,A,mismatch,786,707,1,FALSE
nlgn4a,98,98,1,-,T,A,mismatch,786,707,1,FALSE
nlgn4a,85,85,1,-,A,C,mismatch,787,707,1,FALSE
nlgn4a,88,88,1,-,C,G,mismatch,787,707,1,FALSE
nlgn4a,153,153,1,-,G,T,mismatch,788,716,1,FALSE
nlgn4a,113,113,1,-,C,T,mismatch,791,698,1,FALSE
nlgn4a,152,152,1,-,G,C,mismatch,791,698,1,FALSE
nlgn4a,104,104,1,-,C,G,mismatch,792,741,1,FALSE
nlgn4a,130,130,1,-,C,G,mismatch,793,741,1,FALSE
nlgn4a,86,86,1,-,T,C,mismatch,794,716,1,FALSE
nlgn4a,139,139,1,-,T,C,mismatch,796,714,1,FALSE
nlgn4a,169,169,1,-,T,A,mismatch,796,714,1,FALSE
nlgn4a,177,177,1,-,A,C,mismatch,796,714,1,FALSE
nlgn4a,199,199,1,-,G,T,mismatch,796,714,1,FALSE
nlgn4a,122,122,1,-,G,A,mismatch,797,741,1,FALSE
nlgn4a,146,146,1,-,T,A,mismatch,798,707,1,FALSE
nlgn4a,168,168,1,-,A,C,mismatch,798,707,1,FALSE
nlgn4a,172,172,1,-,T,C,mismatch,799,723,1,FALSE
nlgn4a,182,182,1,-,C,G,mismatch,799,723,1,FALSE
nlgn4a,187,187,1,-,G,T,mismatch,799,723,1,FALSE
nlgn4a,202,202,1,-,T,G,mismatch,800,716,1,FALSE
nlgn4a,76,76,1,-,C,A,mismatch,801,716,1,FALSE
nlgn4a,56,56,1,-,A,C,mismatch,802,689,1,FALSE
nlgn4a,76,76,1,-,C,A,mismatch,802,689,1,FALSE
nlgn4a,98,98,1,-,T,C,mismatch,802,689,1,FALSE
nlgn4a,114,114,1,-,T,G,mismatch,802,689,1,FALSE
nlgn4a,156,156,1,-,C,G,mismatch,803,707,1,FALSE
nlgn4a,159,159,1,-,C,A,mismatch,803,707,1,FALSE
nlgn4a,191,191,1,-,G,A,mismatch,804,707,1,FALSE
nlgn4a,186,186,1,-,G,A,mismatch,805,716,1,FALSE
nlgn4a,91,91,1,-,T,C,mismatch,806,707,1,FALSE
nlgn4a,102,102,1,-,C,A,mismatch,806,707,1,FALSE
nlgn4a,98,98,1,-,T,G,mismatch,807,716,1,FALSE
nlgn4a,100,100,1,-,T,C,mismatch,808,689,1,FALSE
nlgn4a,107,107,1,-,T,A,mismatch,808,689,1,FALSE
nlgn4a,195,195,1,-,A,C,mismatch,808,689,1,FALSE
nlgn4a,202,202,1,-,T,G,mismatch,808,689,1,FALSE
nlgn4a,220,220,1,-,A,C,mismatch,809,716,1,FALSE
nlgn4a,77,77,1,-,C,T,mismatch,810,689,1,FALSE
nlgn4a,117,117,1,-,A,G,mismatch,810,689,1,FALSE
nlgn4a,186,186,1,-,G,C,mismatch,810,689,1,FALSE
nlgn4a,195,195,1,-,A,G,mismatch,810,689,1,FALSE
nlgn4a,97,97,1,-,C,G,mismatch,811,716,1,FALSE
nlgn4a,77,77,1,-,C,G,mismatch,812,716,1,FALSE
nlgn4a,43,43,1,-,C,G,mismatch,814,698,1,FALSE
nlgn4a,45,45,1,-,C,T,mismatch,814,698,1,FALSE
nlgn4a,54,54,1,-,G,A,mismatch,814,698,1,FALSE
nlgn4a,49,49,1,-,T,A,mismatch,815,716,1,FALSE
nlgn4a,231,231,1,-,G,C,mismatch,816,716,1,FALSE
nlgn4a,188,188,1,-,C,T,mismatch,817,707,1,FALSE
nlgn4a,38,38,1,-,C,G,mismatch,818,698,1,FALSE
nlgn4a,96,96,1,-,A,T,mismatch,818,698,1,FALSE
nlgn4a,50,50,1,-,C,G,mismatch,819,689,1,FALSE
nlgn4a,63,63,1,-,T,C,mismatch,819,689,1,FALSE
nlgn4a,191,191,1,-,G,T,mismatch,819,689,1,FALSE
nlgn4a,80,80,1,-,G,C,mismatch,820,680,1,FALSE
nlgn4a,86,86,1,-,T,A,mismatch,820,680,1,FALSE
nlgn4a,88,88,1,-,C,T,mismatch,820,680,1,FALSE
nlgn4a,105,105,1,-,C,A,mismatch,820,680,1,FALSE
nlgn4a,86,86,1,-,T,A,mismatch,821,698,1,FALSE
nlgn4a,229,229,1,-,T,G,mismatch,821,698,1,FALSE
nlgn4a,218,218,1,-,C,A,mismatch,822,707,1,FALSE
nlgn4a,38,38,1,-,C,A,mismatch,823,707,1,FALSE
nlgn4a,53,53,1,-,A,C,mismatch,824,698,1,FALSE
nlgn4a,196,196,1,-,G,T,mismatch,824,698,1,FALSE
nlgn4a,95,95,1,-,T,A,mismatch,825,707,1,FALSE
nlgn4a,43,43,1,-,C,A,mismatch,827,707,1,FALSE
nlgn4a,233,233,1,-,G,T,mismatch,829,716,1,FALSE
nlgn4a,185,185,1,-,T,C,mismatch,830,707,1,FALSE
nlgn4a,233,233,1,-,G,T,mismatch,830,707,1,FALSE
nlgn4a,232,232,1,-,G,T,mismatch,831,716,1,FALSE
nlgn4a,230,230,1,-,A,T,mismatch,832,716,1,FALSE
nlgn4a,40,40,1,-,T,A,mismatch,833,698,1,FALSE
nlgn4a,44,44,1,-,A,C,mismatch,833,698,1,FALSE
nlgn4a,230,230,1,-,A,C,mismatch,833,698,1,FALSE
nlgn4a,94,94,1,-,C,T,mismatch,834,707,1,FALSE
nlgn4a,223,223,1,-,A,T,mismatch,834,707,1,FALSE
nlgn4a,223,223,1,-,A,T,mismatch,835,716,1,FALSE
nlgn4a,47,47,1,-,G,A,mismatch,836,689,1,FALSE
nlgn4a,73,73,1,-,T,G,mismatch,836,689,1,FALSE
nlgn4a,75,75,1,-,A,G,mismatch,836,689,1,FALSE
nlgn4a,223,223,1,-,A,G,mismatch,836,689,1,FALSE
nlgn4a,111,111,1,-,A,T,mismatch,837,698,1,FALSE
nlgn4a,119,119,1,-,T,C,mismatch,837,698,1,FALSE
nlgn4a,222,222,1,-,G,T,mismatch,837,698,1,FALSE
nlgn4a,220,220,1,-,A,T,mismatch,838,716,1,FALSE
nlgn4a,218,218,1,-,C,A,mismatch,839,707,1,FALSE
nlgn4a,220,220,1,-,A,T,mismatch,839,707,1,FALSE
nlgn4a,75,75,1,-,A,T,mismatch,840,698,1,FALSE
nlgn4a,77,77,1,-,C,G,mismatch,840,698,1,FALSE
nlgn4a,220,220,1,-,A,G,mismatch,840,698,1,FALSE
nlgn4a,187,187,1,-,G,A,mismatch,841,707,1,FALSE
nlgn4a,219,219,1,-,A,G,mismatch,841,707,1,FALSE
nlgn4a,55,55,1,-,G,T,mismatch,842,689,1,FALSE
nlgn4a,62,62,1,-,A,T,mismatch,842,689,1,FALSE
nlgn4a,67,67,1,-,T,A,mismatch,842,689,1,FALSE
nlgn4a,209,209,1,-,A,T,mismatch,842,689,1,FALSE
nlgn4a,209,209,1,-,A,G,mismatch,843,716,1,FALSE
nlgn4a,84,84,1,-,C,T,mismatch,844,707,1,FALSE
nlgn4a,209,209,1,-,A,C,mismatch,844,707,1,FALSE
nlgn4a,202,202,1,-,T,A,mismatch,845,707,1,FALSE
nlgn4a,208,208,1,-,C,G,mismatch,845,707,1,FALSE
nlgn4a,41,41,1,-,G,C,mismatch,846,689,1,FALSE
nlgn4a,48,48,1,-,C,G,mismatch,846,689,1,FALSE
nlgn4a,192,192,1,-,C,A,mismatch,846,689,1,FALSE
nlgn4a,207,207,1,-,A,G,mismatch,846,689,1,FALSE
nlgn4a,206,206,1,-,A,C,mismatch,847,698,1,FALSE
nlgn4a,112,112,1,-,C,A,mismatch,848,707,1,FALSE
nlgn4a,204,204,1,-,A,T,mismatch,848,707,1,FALSE
nlgn4a,106,106,1,-,T,C,mismatch,849,707,1,FALSE
nlgn4a,197,197,1,-,A,C,mismatch,849,707,1,FALSE
nlgn4a,55,55,1,-,G,C,mismatch,850,689,1,FALSE
nlgn4a,70,70,1,-,C,T,mismatch,850,689,1,FALSE
nlgn4a,95,95,1,-,T,C,mismatch,850,689,1,FALSE
nlgn4a,195,195,1,-,A,T,mismatch,850,689,1,FALSE
nlgn4a,38,38,1,-,C,G,mismatch,851,698,1,FALSE
nlgn4a,76,76,1,-,C,A,mismatch,851,698,1,FALSE
nlgn4a,194,194,1,-,A,G,mismatch,851,698,1,FALSE
nlgn4a,190,190,1,-,A,G,mismatch,852,716,1,FALSE
nlgn4a,106,106,1,-,T,G,mismatch,853,707,1,FALSE
nlgn4a,190,190,1,-,A,G,mismatch,853,707,1,FALSE
nlgn4a,189,189,1,-,A,T,mismatch,854,716,1,FALSE
nlgn4a,189,189,1,-,A,G,mismatch,855,716,1,FALSE
nlgn4a,39,39,1,-,A,T,mismatch,856,707,1,FALSE
nlgn4a,189,189,1,-,A,C,mismatch,856,707,1,FALSE
nlgn4a,60,60,1,-,C,T,mismatch,857,716,1,FALSE
nlgn4a,45,45,1,-,C,A,mismatch,858,698,1,FALSE
nlgn4a,81,81,1,-,G,T,mismatch,858,698,1,FALSE
nlgn4a,119,119,1,-,T,C,mismatch,858,698,1,FALSE
nlgn4a,44,44,1,-,A,T,mismatch,859,707,1,FALSE
nlgn4a,117,117,1,-,A,G,mismatch,859,707,1,FALSE
nlgn4a,117,117,1,-,A,G,mismatch,860,716,1,FALSE
nlgn4a,115,115,1,-,G,T,mismatch,861,716,1,FALSE
nlgn4a,39,39,1,-,A,C,mismatch,862,689,1,FALSE
nlgn4a,45,45,1,-,C,A,mismatch,862,689,1,FALSE
nlgn4a,55,55,1,-,G,T,mismatch,862,689,1,FALSE
nlgn4a,111,111,1,-,A,C,mismatch,862,689,1,FALSE
nlgn4a,42,42,1,-,T,A,mismatch,863,707,1,FALSE
nlgn4a,105,105,1,-,C,T,mismatch,863,707,1,FALSE
nlgn4a,58,58,1,-,C,A,mismatch,864,707,1,FALSE
nlgn4a,105,105,1,-,C,T,mismatch,864,707,1,FALSE
nlgn4a,104,104,1,-,C,T,mismatch,865,716,1,FALSE
nlgn4a,103,103,1,-,G,T,mismatch,866,716,1,FALSE
nlgn4a,102,102,1,-,C,T,mismatch,867,716,1,FALSE
nlgn4a,101,101,1,-,A,T,mismatch,868,716,1,FALSE
nlgn4a,92,92,1,-,G,A,mismatch,869,707,1,FALSE
nlgn4a,101,101,1,-,A,G,mismatch,869,707,1,FALSE
nlgn4a,99,99,1,-,C,G,mismatch,870,716,1,FALSE
nlgn4a,93,93,1,-,G,T,mismatch,871,716,1,FALSE
nlgn4a,38,38,1,-,C,A,mismatch,872,698,1,FALSE
nlgn4a,84,84,1,-,C,T,mismatch,872,698,1,FALSE
nlgn4a,90,90,1,-,C,T,mismatch,872,698,1,FALSE
nlgn4a,38,38,1,-,C,T,mismatch,873,707,1,FALSE
nlgn4a,84,84,1,-,C,G,mismatch,873,707,1,FALSE
nlgn4a,80,80,1,-,G,T,mismatch,874,716,1,FALSE
nlgn4a,78,78,1,-,A,T,mismatch,875,716,1,FALSE
nlgn4a,74,74,1,-,T,A,mismatch,876,707,1,FALSE
nlgn4a,78,78,1,-,A,T,mismatch,876,707,1,FALSE
nlgn4a,42,42,1,-,T,A,mismatch,877,707,1,FALSE
nlgn4a,77,77,1,-,C,T,mismatch,877,707,1,FALSE
nlgn4a,76,76,1,-,C,T,mismatch,878,716,1,FALSE
nlgn4a,70,70,1,-,C,A,mismatch,879,707,1,FALSE
nlgn4a,75,75,1,-,A,G,mismatch,879,707,1,FALSE
nlgn4a,44,44,1,-,A,T,mismatch,880,707,1,FALSE
nlgn4a,71,71,1,-,A,G,mismatch,880,707,1,FALSE
nlgn4a,70,70,1,-,C,T,mismatch,881,716,1,FALSE
nlgn4a,69,69,1,-,C,G,mismatch,882,716,1,FALSE
nlgn4a,64,64,1,-,G,T,mismatch,883,716,1,FALSE
nlgn4a,62,62,1,-,A,G,mismatch,884,716,1,FALSE
nlgn4a,62,62,1,-,A,C,mismatch,885,716,1,FALSE
nlgn4a,42,42,1,-,T,G,mismatch,886,707,1,FALSE
nlgn4a,57,57,1,-,A,T,mismatch,886,707,1,FALSE
nlgn4a,57,57,1,-,A,G,mismatch,887,716,1,FALSE
nlgn4a,57,57,1,-,A,C,mismatch,888,716,1,FALSE
nlgn4a,56,56,1,-,A,G,mismatch,889,716,1,FALSE
nlgn4a,39,39,1,-,A,G,mismatch,890,707,1,FALSE
nlgn4a,56,56,1,-,A,C,mismatch,890,707,1,FALSE
nlgn4a,53,53,1,-,A,G,mismatch,891,716,1,FALSE
nlgn4a,48,48,1,-,C,T,mismatch,892,707,1,FALSE
nlgn4a,51,51,1,-,A,G,mismatch,892,707,1,FALSE
nlgn4a,48,48,1,-,C,G,mismatch,893,716,1,FALSE
nlgn4a,44,44,1,-,A,G,mismatch,894,716,1,FALSE
nlgn4a,39,39,1,-,A,T,mismatch,895,716,1,FALSE
nlgn4a,39,39,1,-,A,G,mismatch,896,716,1,FALSE
nlgn4a,38,38,1,-,C,G,mismatch,897,716,1,FALSE
nlgn4a,40,40,1,-,T,C,mismatch,898,716,1,FALSE
nlgn4a,41,41,1,-,G,A,mismatch,899,716,1,FALSE
nlgn4a,49,49,1,-,T,G,mismatch,900,716,1,FALSE
nlgn4a,49,49,1,-,T,A,mismatch,901,716,1,FALSE
nlgn4a,43,43,1,-,C,A,mismatch,902,707,1,FALSE
nlgn4a,52,52,1,-,G,A,mismatch,902,707,1,FALSE
nlgn4a,55,55,1,-,G,A,mismatch,903,716,1,FALSE
nlgn4a,45,45,1,-,C,A,mismatch,904,707,1,FALSE
nlgn4a,60,60,1,-,C,A,mismatch,904,707,1,FALSE
nlgn4a,63,63,1,-,T,A,mismatch,905,716,1,FALSE
nlgn4a,54,54,1,-,G,A,mismatch,906,707,1,FALSE
nlgn4a,64,64,1,-,G,C,mismatch,906,707,1,FALSE
nlgn4a,42,42,1,-,T,C,mismatch,907,707,1,FALSE
nlgn4a,70,70,1,-,C,A,mismatch,907,707,1,FALSE
nlgn4a,58,58,1,-,C,A,mismatch,908,707,1,FALSE
nlgn4a,76,76,1,-,C,A,mismatch,908,707,1,FALSE
nlgn4a,77,77,1,-,C,A,mismatch,909,716,1,FALSE
nlgn4a,48,48,1,-,C,A,mismatch,910,707,1,FALSE
nlgn4a,77,77,1,-,C,A,mismatch,910,707,1,FALSE
nlgn4a,79,79,1,-,T,A,mismatch,911,716,1,FALSE
nlgn4a,80,80,1,-,G,A,mismatch,912,716,1,FALSE
nlgn4a,81,81,1,-,G,A,mismatch,913,716,1,FALSE
nlgn4a,82,82,1,-,T,C,mismatch,914,716,1,FALSE
nlgn4a,44,44,1,-,A,T,mismatch,915,707,1,FALSE
nlgn4a,86,86,1,-,T,G,mismatch,915,707,1,FALSE
nlgn4a,88,88,1,-,C,A,mismatch,916,716,1,FALSE
nlgn4a,92,92,1,-,G,A,mismatch,917,716,1,FALSE
nlgn4a,75,75,1,-,A,C,mismatch,918,707,1,FALSE
nlgn4a,95,95,1,-,T,C,mismatch,918,707,1,FALSE
nlgn4a,57,57,1,-,A,G,mismatch,919,707,1,FALSE
nlgn4a,100,100,1,-,T,G,mismatch,919,707,1,FALSE
nlgn4a,43,43,1,-,C,T,mismatch,920,707,1,FALSE
nlgn4a,100,100,1,-,T,G,mismatch,920,707,1,FALSE
nlgn4a,63,63,1,-,T,C,mismatch,921,707,1,FALSE
nlgn4a,105,105,1,-,C,A,mismatch,921,707,1,FALSE
nlgn4a,108,108,1,-,T,A,mismatch,922,716,1,FALSE
nlgn4a,100,100,1,-,T,G,mismatch,923,707,1,FALSE
nlgn4a,109,109,1,-,T,A,mismatch,923,707,1,FALSE
nlgn4a,112,112,1,-,C,A,mismatch,924,716,1,FALSE
nlgn4a,86,86,1,-,T,C,mismatch,925,698,1,FALSE
nlgn4a,98,98,1,-,T,C,mismatch,925,698,1,FALSE
nlgn4a,112,112,1,-,C,A,mismatch,925,698,1,FALSE
nlgn4a,91,91,1,-,T,A,mismatch,926,707,1,FALSE
nlgn4a,113,113,1,-,C,A,mismatch,926,707,1,FALSE
nlgn4a,115,115,1,-,G,C,mismatch,927,716,1,FALSE
nlgn4a,118,118,1,-,T,C,mismatch,928,716,1,FALSE
nlgn4a,38,38,1,-,C,G,mismatch,929,698,1,FALSE
nlgn4a,77,77,1,-,C,G,mismatch,929,698,1,FALSE
nlgn4a,118,118,1,-,T,A,mismatch,929,698,1,FALSE
nlgn4a,61,61,1,-,C,A,mismatch,930,707,1,FALSE
nlgn4a,185,185,1,-,T,C,mismatch,930,707,1,FALSE
nlgn4a,187,187,1,-,G,C,mismatch,931,716,1,FALSE
nlgn4a,187,187,1,-,G,A,mismatch,932,716,1,FALSE
nlgn4a,60,60,1,-,C,G,mismatch,933,689,1,FALSE
nlgn4a,70,70,1,-,C,T,mismatch,933,689,1,FALSE
nlgn4a,188,188,1,-,C,A,mismatch,933,689,1,FALSE
nlgn4a,191,191,1,-,G,A,mismatch,933,689,1,FALSE
nlgn4a,193,193,1,-,T,G,mismatch,934,716,1,FALSE
nlgn4a,198,198,1,-,G,A,mismatch,935,716,1,FALSE
nlgn4a,210,210,1,-,C,A,mismatch,936,716,1,FALSE
nlgn4a,185,185,1,-,T,C,mismatch,937,707,1,FALSE
nlgn4a,210,210,1,-,C,A,mismatch,937,707,1,FALSE
nlgn4a,217,217,1,-,C,A,mismatch,938,716,1,FALSE
nlgn4a,88,88,1,-,C,T,mismatch,939,698,1,FALSE
nlgn4a,207,207,1,-,A,C,mismatch,939,698,1,FALSE
nlgn4a,221,221,1,-,T,G,mismatch,939,698,1,FALSE
nlgn4a,221,221,1,-,T,C,mismatch,940,716,1,FALSE
nlgn4a,42,42,1,-,T,G,mismatch,941,680,1,FALSE
nlgn4a,58,58,1,-,C,A,mismatch,941,680,1,FALSE
nlgn4a,81,81,1,-,G,A,mismatch,941,680,1,FALSE
nlgn4a,103,103,1,-,G,T,mismatch,941,680,1,FALSE
nlgn4a,227,227,1,-,T,C,mismatch,941,680,1,FALSE
nlgn4a,75,75,1,-,A,T,mismatch,942,707,1,FALSE
nlgn4a,227,227,1,-,T,A,mismatch,942,707,1,FALSE
nlgn4a,232,232,1,-,G,A,mismatch,943,716,1,FALSE
nlgn4a,52,52,1,-,G,A,mismatch,944,698,1,FALSE
nlgn4a,58,58,1,-,C,G,mismatch,944,698,1,FALSE
nlgn4a,233,233,1,-,G,C,mismatch,944,698,1,FALSE
nlgn4a,111,111,1,-,A,G,mismatch,947,707,1,FALSE
nlgn4a,192,192,1,-,C,T,mismatch,948,698,1,FALSE
nlgn4a,203,203,1,-,G,C,mismatch,948,698,1,FALSE
nlgn4a,46,46,1,-,G,T,mismatch,950,707,1,FALSE
nlgn4a,58,58,1,-,C,T,mismatch,952,689,1,FALSE
nlgn4a,65,65,1,-,G,A,mismatch,952,689,1,FALSE
nlgn4a,215,215,1,-,G,A,mismatch,953,707,1,FALSE
nlgn4a,49,49,1,-,T,C,mismatch,955,707,1,FALSE
nlgn4a,78,78,1,-,A,C,mismatch,957,698,1,FALSE
nlgn4a,198,198,1,-,G,A,mismatch,957,698,1,FALSE
nlgn4a,202,202,1,-,T,C,mismatch,958,716,1,FALSE
nlgn4a,202,202,1,-,T,G,mismatch,959,707,1,FALSE
nlgn4a,79,79,1,-,T,C,mismatch,960,716,1,FALSE
nlgn4a,90,90,1,-,C,A,mismatch,962,707,1,FALSE
nlgn4a,208,208,1,-,C,T,mismatch,962,707,1,FALSE
nlgn4a,111,111,1,-,A,C,mismatch,967,741,1,FALSE
nlgn4a,166,166,1,-,C,T,mismatch,968,707,1,FALSE
nlgn4a,198,198,1,-,G,A,mismatch,968,707,1,FALSE
nlgn4a,154,154,1,-,C,G,mismatch,969,716,1,FALSE
nlgn4a,195,195,1,-,A,C,mismatch,970,716,1,FALSE
nlgn4a,99,99,1,-,C,T,mismatch,972,707,1,FALSE
nlgn4a,116,116,1,-,G,T,mismatch,972,707,1,FALSE
nlgn4a,199,199,1,-,G,A,mismatch,973,707,1,FALSE
nlgn4a,205,205,1,-,A,T,mismatch,973,707,1,FALSE
nlgn4a,140,140,1,-,G,T,mismatch,974,716,1,FALSE
nlgn4a,102,102,1,-,C,G,mismatch,976,689,1,FALSE
nlgn4a,111,111,1,-,A,T,mismatch,976,689,1,FALSE
nlgn4a,174,174,1,-,A,C,mismatch,976,689,1,FALSE
nlgn4a,116,116,1,-,G,A,mismatch,977,707,1,FALSE
nlgn4a,119,119,1,-,T,A,mismatch,978,707,1,FALSE
nlgn4a,226,226,1,-,T,A,mismatch,979,707,1,FALSE
nlgn4a,165,165,1,-,C,G,mismatch,980,707,1,FALSE
nlgn4a,93,93,1,-,G,A,mismatch,981,707,1,FALSE
nlgn4a,223,223,1,-,A,G,mismatch,981,707,1,FALSE
nlgn4a,110,110,1,-,T,A,mismatch,982,707,1,FALSE
nlgn4a,220,220,1,-,A,T,mismatch,982,707,1,FALSE
nlgn4a,218,218,1,-,C,T,mismatch,983,716,1,FALSE
nlgn4a,112,112,1,-,C,A,mismatch,984,707,1,FALSE
nlgn4a,217,217,1,-,C,T,mismatch,984,707,1,FALSE
nlgn4a,181,181,1,-,A,T,mismatch,985,707,1,FALSE
nlgn4a,216,216,1,-,C,T,mismatch,985,707,1,FALSE
nlgn4a,212,212,1,-,T,A,mismatch,986,707,1,FALSE
nlgn4a,216,216,1,-,C,T,mismatch,986,707,1,FALSE
nlgn4a,91,91,1,-,T,C,mismatch,987,689,1,FALSE
nlgn4a,104,104,1,-,C,T,mismatch,987,689,1,FALSE
nlgn4a,108,108,1,-,T,A,mismatch,987,689,1,FALSE
nlgn4a,209,209,1,-,A,G,mismatch,987,689,1,FALSE
nlgn4a,200,200,1,-,C,G,mismatch,988,716,1,FALSE
nlgn4a,113,113,1,-,C,G,mismatch,989,698,1,FALSE
nlgn4a,143,143,1,-,C,G,mismatch,989,698,1,FALSE
nlgn4a,197,197,1,-,A,C,mismatch,989,698,1,FALSE
nlgn4a,96,96,1,-,A,C,mismatch,990,698,1,FALSE
nlgn4a,101,101,1,-,A,T,mismatch,990,698,1,FALSE
nlgn4a,194,194,1,-,A,C,mismatch,990,698,1,FALSE
nlgn4a,100,100,1,-,T,A,mismatch,991,698,1,FALSE
nlgn4a,139,139,1,-,T,G,mismatch,991,698,1,FALSE
nlgn4a,188,188,1,-,C,T,mismatch,991,698,1,FALSE
nlgn4a,111,111,1,-,A,T,mismatch,992,707,1,FALSE
nlgn4a,186,186,1,-,G,T,mismatch,992,707,1,FALSE
nlgn4a,181,181,1,-,A,G,mismatch,993,716,1,FALSE
nlgn4a,178,178,1,-,C,G,mismatch,994,716,1,FALSE
nlgn4a,177,177,1,-,A,G,mismatch,995,716,1,FALSE
nlgn4a,161,161,1,-,G,T,mismatch,996,707,1,FALSE
nlgn4a,171,171,1,-,G,T,mismatch,996,707,1,FALSE
nlgn4a,106,106,1,-,T,G,mismatch,997,707,1,FALSE
nlgn4a,168,168,1,-,A,T,mismatch,997,707,1,FALSE
nlgn4a,166,166,1,-,C,T,mismatch,998,716,1,FALSE
nlgn4a,89,89,1,-,G,C,mismatch,999,707,1,FALSE
nlgn4a,166,166,1,-,C,G,mismatch,999,707,1,FALSE
nlgn4a,97,97,1,-,C,A,mismatch,1000,689,1,FALSE
nlgn4a,110,110,1,-,T,C,mismatch,1000,689,1,FALSE
nlgn4a,142,142,1,-,C,G,mismatch,1000,689,1,FALSE
nlgn4a,161,161,1,-,G,T,mismatch,1000,689,1,FALSE
nlgn4a,118,118,1,-,T,A,mismatch,1001,707,1,FALSE
nlgn4a,161,161,1,-,G,T,mismatch,1001,707,1,FALSE
nlgn4a,118,118,1,-,T,G,mismatch,1002,707,1,FALSE
nlgn4a,159,159,1,-,C,G,mismatch,1002,707,1,FALSE
nlgn4a,157,157,1,-,A,T,mismatch,1003,716,1,FALSE
nlgn4a,96,96,1,-,A,C,mismatch,1004,698,1,FALSE
nlgn4a,100,100,1,-,T,G,mismatch,1004,698,1,FALSE
nlgn4a,157,157,1,-,A,T,mismatch,1004,698,1,FALSE
nlgn4a,157,157,1,-,A,G,mismatch,1005,716,1,FALSE
nlgn4a,156,156,1,-,C,G,mismatch,1006,716,1,FALSE
nlgn4a,154,154,1,-,C,G,mismatch,1007,716,1,FALSE
nlgn4a,94,94,1,-,C,T,mismatch,1008,707,1,FALSE
nlgn4a,153,153,1,-,G,T,mismatch,1008,707,1,FALSE
nlgn4a,149,149,1,-,A,T,mismatch,1009,716,1,FALSE
nlgn4a,148,148,1,-,C,T,mismatch,1010,716,1,FALSE
nlgn4a,148,148,1,-,C,G,mismatch,1011,716,1,FALSE
nlgn4a,114,114,1,-,T,A,mismatch,1012,707,1,FALSE
nlgn4a,144,144,1,-,A,C,mismatch,1012,707,1,FALSE
nlgn4a,143,143,1,-,C,T,mismatch,1013,716,1,FALSE
nlgn4a,106,106,1,-,T,G,mismatch,1014,707,1,FALSE
nlgn4a,142,142,1,-,C,T,mismatch,1014,707,1,FALSE
nlgn4a,120,120,1,-,G,T,mismatch,1015,716,1,FALSE
nlgn4a,117,117,1,-,A,C,mismatch,1017,716,1,FALSE
nlgn4a,115,115,1,-,G,T,mismatch,1018,716,1,FALSE
nlgn4a,111,111,1,-,A,T,mismatch,1019,716,1,FALSE
nlgn4a,111,111,1,-,A,G,mismatch,1020,716,1,FALSE
nlgn4a,94,94,1,-,C,G,mismatch,1021,707,1,FALSE
nlgn4a,105,105,1,-,C,G,mismatch,1021,707,1,FALSE
nlgn4a,103,103,1,-,G,T,mismatch,1022,716,1,FALSE
nlgn4a,101,101,1,-,A,T,mismatch,1023,716,1,FALSE
nlgn4a,101,101,1,-,A,C,mismatch,1024,716,1,FALSE
nlgn4a,97,97,1,-,C,G,mismatch,1025,716,1,FALSE
nlgn4a,96,96,1,-,A,T,mismatch,1026,716,1,FALSE
nlgn4a,96,96,1,-,A,C,mismatch,1027,716,1,FALSE
nlgn4a,89,89,1,-,G,T,mismatch,1028,716,1,FALSE
nlgn4a,85,85,1,-,A,T,mismatch,1029,716,1,FALSE
nlgn4a,90,90,1,-,C,A,mismatch,1030,716,1,FALSE
nlgn4a,91,91,1,-,T,A,mismatch,1031,716,1,FALSE
nlgn4a,93,93,1,-,G,C,mismatch,1032,716,1,FALSE
nlgn4a,95,95,1,-,T,C,mismatch,1033,716,1,FALSE
nlgn4a,106,106,1,-,T,C,mismatch,1034,716,1,FALSE
nlgn4a,100,100,1,-,T,A,mismatch,1035,707,1,FALSE
nlgn4a,107,107,1,-,T,A,mismatch,1035,707,1,FALSE
nlgn4a,109,109,1,-,T,A,mismatch,1036,716,1,FALSE
nlgn4a,93,93,1,-,G,T,mismatch,1037,707,1,FALSE
nlgn4a,110,110,1,-,T,G,mismatch,1037,707,1,FALSE
nlgn4a,92,92,1,-,G,C,mismatch,1038,707,1,FALSE
nlgn4a,114,114,1,-,T,G,mismatch,1038,707,1,FALSE
nlgn4a,116,116,1,-,G,C,mismatch,1039,716,1,FALSE
nlgn4a,97,97,1,-,C,G,mismatch,1040,707,1,FALSE
nlgn4a,118,118,1,-,T,C,mismatch,1040,707,1,FALSE
nlgn4a,141,141,1,-,G,A,mismatch,1041,716,1,FALSE
nlgn4a,115,115,1,-,G,C,mismatch,1042,707,1,FALSE
nlgn4a,145,145,1,-,T,G,mismatch,1042,707,1,FALSE
nlgn4a,145,145,1,-,T,C,mismatch,1043,716,1,FALSE
nlgn4a,145,145,1,-,T,A,mismatch,1044,716,1,FALSE
nlgn4a,141,141,1,-,G,C,mismatch,1045,707,1,FALSE
nlgn4a,146,146,1,-,T,C,mismatch,1045,707,1,FALSE
nlgn4a,102,102,1,-,C,A,mismatch,1046,689,1,FALSE
nlgn4a,114,114,1,-,T,G,mismatch,1046,689,1,FALSE
nlgn4a,142,142,1,-,C,T,mismatch,1046,689,1,FALSE
nlgn4a,150,150,1,-,T,C,mismatch,1046,689,1,FALSE
nlgn4a,100,100,1,-,T,A,mismatch,1047,707,1,FALSE
nlgn4a,150,150,1,-,T,A,mismatch,1047,707,1,FALSE
nlgn4a,86,86,1,-,T,C,mismatch,1048,707,1,FALSE
nlgn4a,152,152,1,-,G,A,mismatch,1048,707,1,FALSE
nlgn4a,118,118,1,-,T,C,mismatch,1049,707,1,FALSE
nlgn4a,153,153,1,-,G,A,mismatch,1049,707,1,FALSE
nlgn4a,158,158,1,-,G,C,mismatch,1050,716,1,FALSE
nlgn4a,158,158,1,-,G,A,mismatch,1051,716,1,FALSE
nlgn4a,91,91,1,-,T,A,mismatch,1052,689,1,FALSE
nlgn4a,95,95,1,-,T,A,mismatch,1052,689,1,FALSE
nlgn4a,149,149,1,-,A,G,mismatch,1052,689,1,FALSE
nlgn4a,161,161,1,-,G,C,mismatch,1052,689,1,FALSE
nlgn4a,141,141,1,-,G,T,mismatch,1053,707,1,FALSE
nlgn4a,162,162,1,-,C,A,mismatch,1053,707,1,FALSE
nlgn4a,113,113,1,-,C,G,mismatch,1054,707,1,FALSE
nlgn4a,169,169,1,-,T,C,mismatch,1054,707,1,FALSE
nlgn4a,172,172,1,-,T,G,mismatch,1055,716,1,FALSE
nlgn4a,172,172,1,-,T,A,mismatch,1056,716,1,FALSE
nlgn4a,176,176,1,-,G,C,mismatch,1057,716,1,FALSE
nlgn4a,178,178,1,-,C,A,mismatch,1058,716,1,FALSE
nlgn4a,90,90,1,-,C,T,mismatch,1059,698,1,FALSE
nlgn4a,156,156,1,-,C,G,mismatch,1059,698,1,FALSE
nlgn4a,182,182,1,-,C,A,mismatch,1059,698,1,FALSE
nlgn4a,149,149,1,-,A,C,mismatch,1060,707,1,FALSE
nlgn4a,183,183,1,-,T,G,mismatch,1060,707,1,FALSE
nlgn4a,185,185,1,-,T,A,mismatch,1061,716,1,FALSE
nlgn4a,105,105,1,-,C,A,mismatch,1062,707,1,FALSE
nlgn4a,187,187,1,-,G,C,mismatch,1062,707,1,FALSE
nlgn4a,196,196,1,-,G,C,mismatch,1063,716,1,FALSE
nlgn4a,141,141,1,-,G,A,mismatch,1064,698,1,FALSE
nlgn4a,145,145,1,-,T,C,mismatch,1064,698,1,FALSE
nlgn4a,199,199,1,-,G,C,mismatch,1064,698,1,FALSE
nlgn4a,100,100,1,-,T,C,mismatch,1065,707,1,FALSE
nlgn4a,201,201,1,-,T,A,mismatch,1065,707,1,FALSE
nlgn4a,98,98,1,-,T,G,mismatch,1066,698,1,FALSE
nlgn4a,105,105,1,-,C,G,mismatch,1066,698,1,FALSE
nlgn4a,202,202,1,-,T,G,mismatch,1066,698,1,FALSE
nlgn4a,202,202,1,-,T,G,mismatch,1067,716,1,FALSE
nlgn4a,148,148,1,-,C,A,mismatch,1068,698,1,FALSE
nlgn4a,187,187,1,-,G,C,mismatch,1068,698,1,FALSE
nlgn4a,202,202,1,-,T,C,mismatch,1068,698,1,FALSE
nlgn4a,214,214,1,-,T,G,mismatch,1069,716,1,FALSE
nlgn4a,214,214,1,-,T,C,mismatch,1070,716,1,FALSE
nlgn4a,215,215,1,-,G,A,mismatch,1071,707,1,FALSE
nlgn4a,88,88,1,-,C,T,mismatch,1073,707,1,FALSE
nlgn4a,175,175,1,-,C,A,mismatch,1075,698,1,FALSE
nlgn4a,188,188,1,-,C,A,mismatch,1075,698,1,FALSE
nlgn4a,101,101,1,-,A,G,mismatch,1078,716,1,FALSE
nlgn4a,117,117,1,-,A,T,mismatch,1080,698,1,FALSE
nlgn4a,144,144,1,-,A,G,mismatch,1080,698,1,FALSE
nlgn4a,141,141,1,-,G,A,mismatch,1082,707,1,FALSE
nlgn4a,221,221,1,-,T,G,mismatch,1082,707,1,FALSE
nlgn4a,171,171,1,-,G,T,mismatch,1083,707,1,FALSE
nlgn4a,218,218,1,-,C,T,mismatch,1083,707,1,FALSE
nlgn4a,180,180,1,-,A,G,mismatch,1084,716,1,FALSE
nlgn4a,93,93,1,-,G,C,mismatch,1085,716,1,FALSE
nlgn4a,104,104,1,-,C,A,mismatch,1088,707,1,FALSE
nlgn4a,232,232,1,-,G,C,mismatch,1088,707,1,FALSE
nlgn4a,87,87,1,-,C,G,mismatch,1089,716,1,FALSE
nlgn4a,153,153,1,-,G,C,mismatch,1091,707,1,FALSE
nlgn4a,158,158,1,-,G,C,mismatch,1091,707,1,FALSE
nlgn4a,106,106,1,-,T,C,mismatch,1093,716,1,FALSE
nlgn4a,149,149,1,-,A,C,mismatch,1095,707,1,FALSE
nlgn4a,197,197,1,-,A,T,mismatch,1095,707,1,FALSE
nlgn4a,225,225,1,-,A,C,mismatch,1097,716,1,FALSE
nlgn4a,104,104,1,-,C,A,mismatch,1099,707,1,FALSE
nlgn4a,217,217,1,-,C,A,mismatch,1099,707,1,FALSE
nlgn4a,170,170,1,-,T,A,mismatch,1100,716,1,FALSE
nlgn4a,111,111,1,-,A,G,mismatch,1103,707,1,FALSE
nlgn4a,115,115,1,-,G,T,mismatch,1106,698,1,FALSE
nlgn4a,121,121,1,-,T,A,mismatch,1106,698,1,FALSE
nlgn4a,208,208,1,-,C,G,mismatch,1106,698,1,FALSE
nlgn4a,122,122,1,-,G,A,mismatch,1107,707,1,FALSE
nlgn4a,89,89,1,-,G,C,mismatch,1108,689,1,FALSE
nlgn4a,166,166,1,-,C,T,mismatch,1108,689,1,FALSE
nlgn4a,169,169,1,-,T,A,mismatch,1108,689,1,FALSE
nlgn4a,94,94,1,-,C,G,mismatch,1109,707,1,FALSE
nlgn4a,92,92,1,-,G,C,mismatch,1110,707,1,FALSE
nlgn4a,91,91,1,-,T,G,mismatch,1111,698,1,FALSE
nlgn4a,170,170,1,-,T,G,mismatch,1111,698,1,FALSE
nlgn4a,183,183,1,-,T,G,mismatch,1113,707,1,FALSE
nlgn4a,93,93,1,-,G,A,mismatch,1114,680,1,FALSE
nlgn4a,96,96,1,-,A,T,mismatch,1114,680,1,FALSE
nlgn4a,124,124,1,-,T,C,mismatch,1114,680,1,FALSE
nlgn4a,182,182,1,-,C,G,mismatch,1114,680,1,FALSE
nlgn4a,232,232,1,-,G,T,mismatch,1114,680,1,FALSE
nlgn4a,88,88,1,-,C,T,mismatch,1115,707,1,FALSE
nlgn4a,225,225,1,-,A,G,mismatch,1115,707,1,FALSE
nlgn4a,220,220,1,-,A,T,mismatch,1116,716,1,FALSE
nlgn4a,219,219,1,-,A,T,mismatch,1117,716,1,FALSE
nlgn4a,217,217,1,-,C,T,mismatch,1118,716,1,FALSE
nlgn4a,171,171,1,-,G,C,mismatch,1119,707,1,FALSE
nlgn4a,208,208,1,-,C,G,mismatch,1119,707,1,FALSE
nlgn4a,93,93,1,-,G,C,mismatch,1120,698,1,FALSE
nlgn4a,156,156,1,-,C,G,mismatch,1120,698,1,FALSE
nlgn4a,206,206,1,-,A,G,mismatch,1120,698,1,FALSE
nlgn4a,116,116,1,-,G,A,mismatch,1121,698,1,FALSE
nlgn4a,171,171,1,-,G,C,mismatch,1121,698,1,FALSE
nlgn4a,194,194,1,-,A,C,mismatch,1121,698,1,FALSE
nlgn4a,83,83,1,-,T,C,mismatch,1122,698,1,FALSE
nlgn4a,162,162,1,-,C,G,mismatch,1122,698,1,FALSE
nlgn4a,191,191,1,-,G,T,mismatch,1122,698,1,FALSE
nlgn4a,190,190,1,-,A,T,mismatch,1123,716,1,FALSE
nlgn4a,181,181,1,-,A,C,mismatch,1124,707,1,FALSE
nlgn4a,189,189,1,-,A,C,mismatch,1124,707,1,FALSE
nlgn4a,87,87,1,-,C,A,mismatch,1125,707,1,FALSE
nlgn4a,189,189,1,-,A,C,mismatch,1125,707,1,FALSE
nlgn4a,86,86,1,-,T,G,mismatch,1126,698,1,FALSE
nlgn4a,99,99,1,-,C,T,mismatch,1126,698,1,FALSE
nlgn4a,187,187,1,-,G,T,mismatch,1126,698,1,FALSE
nlgn4a,89,89,1,-,G,A,mismatch,1127,707,1,FALSE
nlgn4a,186,186,1,-,G,T,mismatch,1127,707,1,FALSE
nlgn4a,184,184,1,-,A,T,mismatch,1128,716,1,FALSE
nlgn4a,180,180,1,-,A,G,mismatch,1129,716,1,FALSE
nlgn4a,178,178,1,-,C,T,mismatch,1130,716,1,FALSE
nlgn4a,98,98,1,-,T,A,mismatch,1131,698,1,FALSE
nlgn4a,103,103,1,-,G,A,mismatch,1131,698,1,FALSE
nlgn4a,177,177,1,-,A,T,mismatch,1131,698,1,FALSE
nlgn4a,96,96,1,-,A,C,mismatch,1132,707,1,FALSE
nlgn4a,177,177,1,-,A,G,mismatch,1132,707,1,FALSE
nlgn4a,177,177,1,-,A,G,mismatch,1133,716,1,FALSE
nlgn4a,85,85,1,-,A,T,mismatch,1134,689,1,FALSE
nlgn4a,107,107,1,-,T,C,mismatch,1134,689,1,FALSE
nlgn4a,116,116,1,-,G,A,mismatch,1134,689,1,FALSE
nlgn4a,175,175,1,-,C,G,mismatch,1134,689,1,FALSE
nlgn4a,174,174,1,-,A,G,mismatch,1135,716,1,FALSE
nlgn4a,97,97,1,-,C,A,mismatch,1136,707,1,FALSE
nlgn4a,166,166,1,-,C,G,mismatch,1136,707,1,FALSE
nlgn4a,164,164,1,-,C,T,mismatch,1137,716,1,FALSE
nlgn4a,121,121,1,-,T,A,mismatch,1138,698,1,FALSE
nlgn4a,150,150,1,-,T,G,mismatch,1138,698,1,FALSE
nlgn4a,164,164,1,-,C,T,mismatch,1138,698,1,FALSE
nlgn4a,103,103,1,-,G,T,mismatch,1139,698,1,FALSE
nlgn4a,117,117,1,-,A,C,mismatch,1139,698,1,FALSE
nlgn4a,158,158,1,-,G,T,mismatch,1139,698,1,FALSE
nlgn4a,157,157,1,-,A,C,mismatch,1140,716,1,FALSE
nlgn4a,91,91,1,-,T,A,mismatch,1141,707,1,FALSE
nlgn4a,156,156,1,-,C,T,mismatch,1141,707,1,FALSE
nlgn4a,117,117,1,-,A,T,mismatch,1142,716,1,FALSE
nlgn4a,100,100,1,-,T,G,mismatch,1143,707,1,FALSE
nlgn4a,117,117,1,-,A,G,mismatch,1143,707,1,FALSE
nlgn4a,115,115,1,-,G,T,mismatch,1144,716,1,FALSE
nlgn4a,113,113,1,-,C,G,mismatch,1145,716,1,FALSE
nlgn4a,89,89,1,-,G,T,mismatch,1146,707,1,FALSE
nlgn4a,105,105,1,-,C,T,mismatch,1146,707,1,FALSE
nlgn4a,97,97,1,-,C,A,mismatch,1147,707,1,FALSE
nlgn4a,105,105,1,-,C,T,mismatch,1147,707,1,FALSE
nlgn4a,86,86,1,-,T,C,mismatch,1148,707,1,FALSE
nlgn4a,104,104,1,-,C,G,mismatch,1148,707,1,FALSE
nlgn4a,102,102,1,-,C,G,mismatch,1149,716,1,FALSE
nlgn4a,101,101,1,-,A,T,mismatch,1150,716,1,FALSE
nlgn4a,94,94,1,-,C,T,mismatch,1151,716,1,FALSE
nlgn4a,90,90,1,-,C,T,mismatch,1152,716,1,FALSE
nlgn4a,87,87,1,-,C,T,mismatch,1153,716,1,FALSE
nlgn4a,84,84,1,-,C,G,mismatch,1154,716,1,FALSE
nlgn4a,90,90,1,-,C,A,mismatch,1155,716,1,FALSE
nlgn4a,91,91,1,-,T,G,mismatch,1156,716,1,FALSE
nlgn4a,92,92,1,-,G,C,mismatch,1157,716,1,FALSE
nlgn4a,93,93,1,-,G,A,mismatch,1158,716,1,FALSE
nlgn4a,94,94,1,-,C,A,mismatch,1159,716,1,FALSE
nlgn4a,95,95,1,-,T,C,mismatch,1160,716,1,FALSE
nlgn4a,98,98,1,-,T,A,mismatch,1161,716,1,FALSE
nlgn4a,100,100,1,-,T,G,mismatch,1162,716,1,FALSE
nlgn4a,102,102,1,-,C,A,mismatch,1163,716,1,FALSE
nlgn4a,88,88,1,-,C,G,mismatch,1164,698,1,FALSE
nlgn4a,98,98,1,-,T,C,mismatch,1164,698,1,FALSE
nlgn4a,103,103,1,-,G,A,mismatch,1164,698,1,FALSE
nlgn4a,93,93,1,-,G,C,mismatch,1165,707,1,FALSE
nlgn4a,104,104,1,-,C,A,mismatch,1165,707,1,FALSE
nlgn4a,105,105,1,-,C,A,mismatch,1166,716,1,FALSE
nlgn4a,90,90,1,-,C,T,mismatch,1167,698,1,FALSE
nlgn4a,102,102,1,-,C,T,mismatch,1167,698,1,FALSE
nlgn4a,107,107,1,-,T,G,mismatch,1167,698,1,FALSE
nlgn4a,107,107,1,-,T,C,mismatch,1168,716,1,FALSE
nlgn4a,108,108,1,-,T,G,mismatch,1169,716,1,FALSE
nlgn4a,108,108,1,-,T,A,mismatch,1170,716,1,FALSE
nlgn4a,91,91,1,-,T,C,mismatch,1171,707,1,FALSE
nlgn4a,108,108,1,-,T,A,mismatch,1171,707,1,FALSE
nlgn4a,109,109,1,-,T,C,mismatch,1172,716,1,FALSE
nlgn4a,113,113,1,-,C,A,mismatch,1173,716,1,FALSE
nlgn4a,114,114,1,-,T,C,mismatch,1174,716,1,FALSE
nlgn4a,118,118,1,-,T,A,mismatch,1175,716,1,FALSE
nlgn4a,119,119,1,-,T,G,mismatch,1176,716,1,FALSE
nlgn4a,123,123,1,-,C,A,mismatch,1177,716,1,FALSE
nlgn4a,93,93,1,-,G,T,mismatch,1178,707,1,FALSE
nlgn4a,124,124,1,-,T,G,mismatch,1178,707,1,FALSE
nlgn4a,105,105,1,-,C,A,mismatch,1179,707,1,FALSE
nlgn4a,125,125,1,-,T,A,mismatch,1179,707,1,FALSE
nlgn4a,102,102,1,-,C,G,mismatch,1180,707,1,FALSE
nlgn4a,126,126,1,-,G,C,mismatch,1180,707,1,FALSE
nlgn4a,83,83,1,-,T,A,mismatch,1181,698,1,FALSE
nlgn4a,99,99,1,-,C,G,mismatch,1181,698,1,FALSE
nlgn4a,126,126,1,-,G,A,mismatch,1181,698,1,FALSE
nlgn4a,150,150,1,-,T,G,mismatch,1182,716,1,FALSE
nlgn4a,100,100,1,-,T,A,mismatch,1183,707,1,FALSE
nlgn4a,150,150,1,-,T,G,mismatch,1183,707,1,FALSE
nlgn4a,151,151,1,-,G,C,mismatch,1184,716,1,FALSE
nlgn4a,87,87,1,-,C,A,mismatch,1185,707,1,FALSE
nlgn4a,154,154,1,-,C,A,mismatch,1185,707,1,FALSE
nlgn4a,86,86,1,-,T,C,mismatch,1186,707,1,FALSE
nlgn4a,155,155,1,-,T,C,mismatch,1186,707,1,FALSE
nlgn4a,87,87,1,-,C,T,mismatch,1187,698,1,FALSE
nlgn4a,149,149,1,-,A,T,mismatch,1187,698,1,FALSE
nlgn4a,156,156,1,-,C,A,mismatch,1187,698,1,FALSE
nlgn4a,121,121,1,-,T,G,mismatch,1188,707,1,FALSE
nlgn4a,156,156,1,-,C,A,mismatch,1188,707,1,FALSE
nlgn4a,115,115,1,-,G,A,mismatch,1189,698,1,FALSE
nlgn4a,126,126,1,-,G,C,mismatch,1189,698,1,FALSE
nlgn4a,166,166,1,-,C,A,mismatch,1189,698,1,FALSE
nlgn4a,172,172,1,-,T,C,mismatch,1190,716,1,FALSE
nlgn4a,88,88,1,-,C,T,mismatch,1191,707,1,FALSE
nlgn4a,173,173,1,-,T,G,mismatch,1191,707,1,FALSE
nlgn4a,178,178,1,-,C,A,mismatch,1192,716,1,FALSE
nlgn4a,119,119,1,-,T,C,mismatch,1193,707,1,FALSE
nlgn4a,182,182,1,-,C,A,mismatch,1193,707,1,FALSE
nlgn4a,93,93,1,-,G,A,mismatch,1194,707,1,FALSE
nlgn4a,183,183,1,-,T,G,mismatch,1194,707,1,FALSE
nlgn4a,89,89,1,-,G,A,mismatch,1195,698,1,FALSE
nlgn4a,101,101,1,-,A,G,mismatch,1195,698,1,FALSE
nlgn4a,183,183,1,-,T,C,mismatch,1195,698,1,FALSE
nlgn4a,183,183,1,-,T,C,mismatch,1196,716,1,FALSE
nlgn4a,102,102,1,-,C,A,mismatch,1197,698,1,FALSE
nlgn4a,159,159,1,-,C,G,mismatch,1197,698,1,FALSE
nlgn4a,186,186,1,-,G,A,mismatch,1197,698,1,FALSE
nlgn4a,186,186,1,-,G,A,mismatch,1198,716,1,FALSE
nlgn4a,187,187,1,-,G,A,mismatch,1199,716,1,FALSE
nlgn4a,121,121,1,-,T,G,mismatch,1200,698,1,FALSE
nlgn4a,168,168,1,-,A,C,mismatch,1200,698,1,FALSE
nlgn4a,192,192,1,-,C,A,mismatch,1200,698,1,FALSE
nlgn4a,89,89,1,-,G,A,mismatch,1201,707,1,FALSE
nlgn4a,193,193,1,-,T,G,mismatch,1201,707,1,FALSE
nlgn4a,168,168,1,-,A,G,mismatch,1202,707,1,FALSE
nlgn4a,198,198,1,-,G,C,mismatch,1202,707,1,FALSE
nlgn4a,178,178,1,-,C,A,mismatch,1203,707,1,FALSE
nlgn4a,200,200,1,-,C,A,mismatch,1203,707,1,FALSE
nlgn4a,201,201,1,-,T,A,mismatch,1204,716,1,FALSE
nlgn4a,89,89,1,-,G,C,mismatch,1205,689,1,FALSE
nlgn4a,171,171,1,-,G,T,mismatch,1205,689,1,FALSE
nlgn4a,184,184,1,-,A,C,mismatch,1205,689,1,FALSE
nlgn4a,203,203,1,-,G,C,mismatch,1205,689,1,FALSE
nlgn4a,114,114,1,-,T,A,mismatch,1206,698,1,FALSE
nlgn4a,124,124,1,-,T,G,mismatch,1206,698,1,FALSE
nlgn4a,214,214,1,-,T,C,mismatch,1206,698,1,FALSE
nlgn4a,161,161,1,-,G,T,mismatch,1207,707,1,FALSE
nlgn4a,215,215,1,-,G,A,mismatch,1207,707,1,FALSE
nlgn4a,127,127,1,-,C,G,mismatch,1208,707,1,FALSE
nlgn4a,216,216,1,-,C,A,mismatch,1208,707,1,FALSE
nlgn4a,118,118,1,-,T,C,mismatch,1209,707,1,FALSE
nlgn4a,216,216,1,-,C,A,mismatch,1209,707,1,FALSE
nlgn4a,150,150,1,-,T,C,mismatch,1210,707,1,FALSE
nlgn4a,222,222,1,-,G,A,mismatch,1210,707,1,FALSE
nlgn4a,113,113,1,-,C,A,mismatch,1211,707,1,FALSE
nlgn4a,226,226,1,-,T,A,mismatch,1211,707,1,FALSE
nlgn4a,111,111,1,-,A,C,mismatch,1212,689,1,FALSE
nlgn4a,190,190,1,-,A,T,mismatch,1212,689,1,FALSE
nlgn4a,202,202,1,-,T,C,mismatch,1212,689,1,FALSE
nlgn4a,226,226,1,-,T,A,mismatch,1212,689,1,FALSE
nlgn4a,87,87,1,-,C,G,mismatch,1213,689,1,FALSE
nlgn4a,108,108,1,-,T,A,mismatch,1213,689,1,FALSE
nlgn4a,122,122,1,-,G,A,mismatch,1213,689,1,FALSE
nlgn4a,227,227,1,-,T,G,mismatch,1213,689,1,FALSE
nlgn4a,97,97,1,-,C,G,mismatch,1214,698,1,FALSE
nlgn4a,120,120,1,-,G,A,mismatch,1214,698,1,FALSE
nlgn4a,231,231,1,-,G,C,mismatch,1214,698,1,FALSE
nlgn4a,155,155,1,-,T,G,mismatch,1215,707,1,FALSE
nlgn4a,231,231,1,-,G,C,mismatch,1215,707,1,FALSE
nlgn4a,98,98,1,-,T,C,mismatch,1216,707,1,FALSE
nlgn4a,84,84,1,-,C,T,mismatch,1217,689,1,FALSE
nlgn4a,116,116,1,-,G,A,mismatch,1217,689,1,FALSE
nlgn4a,154,154,1,-,C,G,mismatch,1217,689,1,FALSE
nlgn4a,229,229,1,-,T,G,mismatch,1218,707,1,FALSE
nlgn4a,83,83,1,-,T,C,mismatch,1220,698,1,FALSE
nlgn4a,153,153,1,-,G,C,mismatch,1220,698,1,FALSE
nlgn4a,166,166,1,-,C,T,mismatch,1221,698,1,FALSE
nlgn4a,168,168,1,-,A,C,mismatch,1221,698,1,FALSE
nlgn4a,89,89,1,-,G,T,mismatch,1224,698,1,FALSE
nlgn4a,110,110,1,-,T,G,mismatch,1224,698,1,FALSE
nlgn4a,192,192,1,-,C,T,mismatch,1226,698,1,FALSE
nlgn4a,197,197,1,-,A,G,mismatch,1226,698,1,FALSE
nlgn4a,159,159,1,-,C,G,mismatch,1227,698,1,FALSE
nlgn4a,175,175,1,-,C,G,mismatch,1230,716,1,FALSE
nlgn4a,230,230,1,-,A,G,mismatch,1231,716,1,FALSE
nlgn4a,128,128,1,-,G,C,mismatch,1233,716,1,FALSE
nlgn4a,84,84,1,-,C,G,mismatch,1234,689,1,FALSE
nlgn4a,95,95,1,-,T,A,mismatch,1234,689,1,FALSE
nlgn4a,182,182,1,-,C,A,mismatch,1234,689,1,FALSE
nlgn4a,184,184,1,-,A,T,mismatch,1234,689,1,FALSE
nlgn4a,87,87,1,-,C,T,mismatch,1235,707,1,FALSE
nlgn4a,213,213,1,-,C,G,mismatch,1235,707,1,FALSE
nlgn4a,181,181,1,-,A,G,mismatch,1236,716,1,FALSE
nlgn4a,126,126,1,-,G,C,mismatch,1237,732,1,FALSE
nlgn4a,168,168,1,-,A,T,mismatch,1237,732,1,FALSE
nlgn4a,114,114,1,-,T,A,mismatch,1238,741,1,FALSE
nlgn4a,123,123,1,-,C,T,mismatch,1240,732,1,FALSE
nlgn4a,154,154,1,-,C,G,mismatch,1241,732,1,FALSE
nlgn4a,164,164,1,-,C,G,mismatch,1241,732,1,FALSE
nlgn4a,126,126,1,-,G,C,mismatch,1242,741,1,FALSE
nlgn4a,225,225,1,-,A,C,mismatch,1244,741,1,FALSE
nlgn4a,202,202,1,-,T,G,mismatch,1246,741,1,FALSE
nlgn4a,159,159,1,-,C,T,mismatch,1248,732,1,FALSE
nlgn4a,169,169,1,-,T,G,mismatch,1250,732,1,FALSE
nlgn4a,144,144,1,-,A,T,mismatch,1251,723,1,FALSE
nlgn4a,229,229,1,-,T,A,mismatch,1251,723,1,FALSE
nlgn4a,209,209,1,-,A,C,mismatch,1252,732,1,FALSE
nlgn4a,112,112,1,-,C,T,mismatch,1253,723,1,FALSE
nlgn4a,171,171,1,-,G,C,mismatch,1253,723,1,FALSE
nlgn4a,114,114,1,-,T,A,mismatch,1255,732,1,FALSE
nlgn4a,233,233,1,-,G,T,mismatch,1256,741,1,FALSE
nlgn4a,151,151,1,-,G,T,mismatch,1257,732,1,FALSE
nlgn4a,228,228,1,-,C,T,mismatch,1257,732,1,FALSE
nlgn4a,222,222,1,-,G,T,mismatch,1258,741,1,FALSE
nlgn4a,219,219,1,-,A,C,mismatch,1259,741,1,FALSE
nlgn4a,112,112,1,-,C,T,mismatch,1260,714,1,FALSE
nlgn4a,120,120,1,-,G,T,mismatch,1260,714,1,FALSE
nlgn4a,126,126,1,-,G,A,mismatch,1260,714,1,FALSE
nlgn4a,213,213,1,-,C,G,mismatch,1260,714,1,FALSE
nlgn4a,151,151,1,-,G,A,mismatch,1261,723,1,FALSE
nlgn4a,176,176,1,-,G,C,mismatch,1261,723,1,FALSE
nlgn4a,213,213,1,-,C,G,mismatch,1261,723,1,FALSE
nlgn4a,104,104,1,-,C,A,mismatch,1262,732,1,FALSE
nlgn4a,210,210,1,-,C,T,mismatch,1262,732,1,FALSE
nlgn4a,135,135,1,-,T,A,mismatch,1263,723,1,FALSE
nlgn4a,144,144,1,-,A,T,mismatch,1263,723,1,FALSE
nlgn4a,209,209,1,-,A,T,mismatch,1263,723,1,FALSE
nlgn4a,164,164,1,-,C,G,mismatch,1264,732,1,FALSE
nlgn4a,208,208,1,-,C,T,mismatch,1264,732,1,FALSE
nlgn4a,111,111,1,-,A,T,mismatch,1265,732,1,FALSE
nlgn4a,207,207,1,-,A,G,mismatch,1265,732,1,FALSE
nlgn4a,204,204,1,-,A,G,mismatch,1266,741,1,FALSE
nlgn4a,123,123,1,-,C,G,mismatch,1267,732,1,FALSE
nlgn4a,195,195,1,-,A,C,mismatch,1267,732,1,FALSE
nlgn4a,194,194,1,-,A,G,mismatch,1268,741,1,FALSE
nlgn4a,146,146,1,-,T,A,mismatch,1269,714,1,FALSE
nlgn4a,168,168,1,-,A,G,mismatch,1269,714,1,FALSE
nlgn4a,182,182,1,-,C,G,mismatch,1269,714,1,FALSE
nlgn4a,190,190,1,-,A,C,mismatch,1269,714,1,FALSE
nlgn4a,122,122,1,-,G,T,mismatch,1270,732,1,FALSE
nlgn4a,189,189,1,-,A,C,mismatch,1270,732,1,FALSE
nlgn4a,188,188,1,-,C,G,mismatch,1271,741,1,FALSE
nlgn4a,184,184,1,-,A,G,mismatch,1272,741,1,FALSE
nlgn4a,140,140,1,-,G,T,mismatch,1273,723,1,FALSE
nlgn4a,162,162,1,-,C,G,mismatch,1273,723,1,FALSE
nlgn4a,184,184,1,-,A,C,mismatch,1273,723,1,FALSE
nlgn4a,180,180,1,-,A,T,mismatch,1274,741,1,FALSE
nlgn4a,125,125,1,-,T,C,mismatch,1275,723,1,FALSE
nlgn4a,132,132,1,-,G,C,mismatch,1275,723,1,FALSE
nlgn4a,180,180,1,-,A,T,mismatch,1275,723,1,FALSE
nlgn4a,179,179,1,-,A,C,mismatch,1276,741,1,FALSE
nlgn4a,176,176,1,-,G,T,mismatch,1277,741,1,FALSE
nlgn4a,118,118,1,-,T,G,mismatch,1278,732,1,FALSE
nlgn4a,176,176,1,-,G,T,mismatch,1278,732,1,FALSE
nlgn4a,147,147,1,-,A,C,mismatch,1279,732,1,FALSE
nlgn4a,175,175,1,-,C,T,mismatch,1279,732,1,FALSE
nlgn4a,107,107,1,-,T,C,mismatch,1280,723,1,FALSE
nlgn4a,120,120,1,-,G,T,mismatch,1280,723,1,FALSE
nlgn4a,174,174,1,-,A,T,mismatch,1280,723,1,FALSE
nlgn4a,107,107,1,-,T,C,mismatch,1281,732,1,FALSE
nlgn4a,174,174,1,-,A,T,mismatch,1281,732,1,FALSE
nlgn4a,174,174,1,-,A,G,mismatch,1282,741,1,FALSE
nlgn4a,105,105,1,-,C,T,mismatch,1283,732,1,FALSE
nlgn4a,165,165,1,-,C,T,mismatch,1283,732,1,FALSE
nlgn4a,112,112,1,-,C,A,mismatch,1284,732,1,FALSE
nlgn4a,162,162,1,-,C,T,mismatch,1284,732,1,FALSE
nlgn4a,128,128,1,-,G,C,mismatch,1285,732,1,FALSE
nlgn4a,162,162,1,-,C,G,mismatch,1285,732,1,FALSE
nlgn4a,153,153,1,-,G,C,mismatch,1286,732,1,FALSE
nlgn4a,160,160,1,-,A,T,mismatch,1286,732,1,FALSE
nlgn4a,131,131,1,-,T,A,mismatch,1287,732,1,FALSE
nlgn4a,160,160,1,-,A,G,mismatch,1287,732,1,FALSE
nlgn4a,127,127,1,-,C,G,mismatch,1288,732,1,FALSE
nlgn4a,159,159,1,-,C,T,mismatch,1288,732,1,FALSE
nlgn4a,159,159,1,-,C,T,mismatch,1289,741,1,FALSE
nlgn4a,158,158,1,-,G,T,mismatch,1290,741,1,FALSE
nlgn4a,157,157,1,-,A,C,mismatch,1291,741,1,FALSE
nlgn4a,121,121,1,-,T,A,mismatch,1292,732,1,FALSE
nlgn4a,156,156,1,-,C,T,mismatch,1292,732,1,FALSE
nlgn4a,137,137,1,-,G,T,mismatch,1293,732,1,FALSE
nlgn4a,153,153,1,-,G,T,mismatch,1293,732,1,FALSE
nlgn4a,110,110,1,-,T,G,mismatch,1294,723,1,FALSE
nlgn4a,124,124,1,-,T,G,mismatch,1294,723,1,FALSE
nlgn4a,153,153,1,-,G,T,mismatch,1294,723,1,FALSE
nlgn4a,149,149,1,-,A,C,mismatch,1295,741,1,FALSE
nlgn4a,132,132,1,-,G,A,mismatch,1296,732,1,FALSE
nlgn4a,149,149,1,-,A,C,mismatch,1296,732,1,FALSE
nlgn4a,147,147,1,-,A,G,mismatch,1297,741,1,FALSE
nlgn4a,143,143,1,-,C,T,mismatch,1298,741,1,FALSE
nlgn4a,116,116,1,-,G,T,mismatch,1299,732,1,FALSE
nlgn4a,142,142,1,-,C,T,mismatch,1299,732,1,FALSE
nlgn4a,142,142,1,-,C,T,mismatch,1300,741,1,FALSE
nlgn4a,134,134,1,-,G,T,mismatch,1301,741,1,FALSE
nlgn4a,133,133,1,-,C,G,mismatch,1302,741,1,FALSE
nlgn4a,132,132,1,-,G,T,mismatch,1303,741,1,FALSE
nlgn4a,114,114,1,-,T,G,mismatch,1304,732,1,FALSE
nlgn4a,117,117,1,-,A,T,mismatch,1304,732,1,FALSE
nlgn4a,105,105,1,-,C,G,mismatch,1305,741,1,FALSE
nlgn4a,107,107,1,-,T,C,mismatch,1306,741,1,FALSE
nlgn4a,108,108,1,-,T,A,mismatch,1307,741,1,FALSE
nlgn4a,109,109,1,-,T,C,mismatch,1308,741,1,FALSE
nlgn4a,110,110,1,-,T,G,mismatch,1309,741,1,FALSE
nlgn4a,115,115,1,-,G,C,mismatch,1310,741,1,FALSE
nlgn4a,116,116,1,-,G,A,mismatch,1311,741,1,FALSE
nlgn4a,120,120,1,-,G,A,mismatch,1312,741,1,FALSE
nlgn4a,125,125,1,-,T,G,mismatch,1313,741,1,FALSE
nlgn4a,125,125,1,-,T,C,mismatch,1314,741,1,FALSE
nlgn4a,126,126,1,-,G,A,mismatch,1315,741,1,FALSE
nlgn4a,128,128,1,-,G,C,mismatch,1316,741,1,FALSE
nlgn4a,129,129,1,-,G,C,mismatch,1317,741,1,FALSE
nlgn4a,129,129,1,-,G,A,mismatch,1318,741,1,FALSE
nlgn4a,108,108,1,-,T,G,mismatch,1319,723,1,FALSE
nlgn4a,126,126,1,-,G,C,mismatch,1319,723,1,FALSE
nlgn4a,129,129,1,-,G,A,mismatch,1319,723,1,FALSE
nlgn4a,135,135,1,-,T,C,mismatch,1321,741,1,FALSE
nlgn4a,135,135,1,-,T,A,mismatch,1322,741,1,FALSE
nlgn4a,138,138,1,-,C,A,mismatch,1323,741,1,FALSE
nlgn4a,139,139,1,-,T,G,mismatch,1324,741,1,FALSE
nlgn4a,139,139,1,-,T,A,mismatch,1325,741,1,FALSE
nlgn4a,143,143,1,-,C,A,mismatch,1326,741,1,FALSE
nlgn4a,133,133,1,-,C,A,mismatch,1327,723,1,FALSE
nlgn4a,140,140,1,-,G,T,mismatch,1327,723,1,FALSE
nlgn4a,145,145,1,-,T,A,mismatch,1327,723,1,FALSE
nlgn4a,150,150,1,-,T,C,mismatch,1328,741,1,FALSE
nlgn4a,151,151,1,-,G,A,mismatch,1329,741,1,FALSE
nlgn4a,153,153,1,-,G,A,mismatch,1330,741,1,FALSE
nlgn4a,159,159,1,-,C,A,mismatch,1331,741,1,FALSE
nlgn4a,167,167,1,-,T,C,mismatch,1332,741,1,FALSE
nlgn4a,123,123,1,-,C,T,mismatch,1333,732,1,FALSE
nlgn4a,167,167,1,-,T,A,mismatch,1333,732,1,FALSE
nlgn4a,169,169,1,-,T,C,mismatch,1334,741,1,FALSE
nlgn4a,131,131,1,-,T,A,mismatch,1335,732,1,FALSE
nlgn4a,170,170,1,-,T,C,mismatch,1335,732,1,FALSE
nlgn4a,156,156,1,-,C,G,mismatch,1336,732,1,FALSE
nlgn4a,173,173,1,-,T,A,mismatch,1336,732,1,FALSE
nlgn4a,173,173,1,-,T,A,mismatch,1337,741,1,FALSE
nlgn4a,120,120,1,-,G,A,mismatch,1338,723,1,FALSE
nlgn4a,141,141,1,-,G,A,mismatch,1338,723,1,FALSE
nlgn4a,183,183,1,-,T,G,mismatch,1338,723,1,FALSE
nlgn4a,108,108,1,-,T,C,mismatch,1339,732,1,FALSE
nlgn4a,183,183,1,-,T,C,mismatch,1339,732,1,FALSE
nlgn4a,120,120,1,-,G,C,mismatch,1340,732,1,FALSE
nlgn4a,183,183,1,-,T,A,mismatch,1340,732,1,FALSE
nlgn4a,186,186,1,-,G,A,mismatch,1341,741,1,FALSE
nlgn4a,110,110,1,-,T,G,mismatch,1342,732,1,FALSE
nlgn4a,187,187,1,-,G,C,mismatch,1342,732,1,FALSE
nlgn4a,152,152,1,-,G,A,mismatch,1343,732,1,FALSE
nlgn4a,187,187,1,-,G,C,mismatch,1343,732,1,FALSE
nlgn4a,145,145,1,-,T,C,mismatch,1344,732,1,FALSE
nlgn4a,191,191,1,-,G,A,mismatch,1344,732,1,FALSE
nlgn4a,192,192,1,-,C,A,mismatch,1345,741,1,FALSE
nlgn4a,183,183,1,-,T,A,mismatch,1346,732,1,FALSE
nlgn4a,193,193,1,-,T,G,mismatch,1346,732,1,FALSE
nlgn4a,173,173,1,-,T,G,mismatch,1347,732,1,FALSE
nlgn4a,193,193,1,-,T,C,mismatch,1347,732,1,FALSE
nlgn4a,119,119,1,-,T,A,mismatch,1348,723,1,FALSE
nlgn4a,128,128,1,-,G,T,mismatch,1348,723,1,FALSE
nlgn4a,193,193,1,-,T,A,mismatch,1348,723,1,FALSE
nlgn4a,103,103,1,-,G,T,mismatch,1349,687,1,FALSE
nlgn4a,113,113,1,-,C,A,mismatch,1349,687,1,FALSE
nlgn4a,116,116,1,-,G,T,mismatch,1349,687,1,FALSE
nlgn4a,130,130,1,-,C,G,mismatch,1349,687,1,FALSE
nlgn4a,166,166,1,-,C,A,mismatch,1349,687,1,FALSE
nlgn4a,192,192,1,-,C,A,mismatch,1349,687,1,FALSE
nlgn4a,198,198,1,-,G,C,mismatch,1349,687,1,FALSE
nlgn4a,198,198,1,-,G,A,mismatch,1350,741,1,FALSE
nlgn4a,139,139,1,-,T,G,mismatch,1351,732,1,FALSE
nlgn4a,198,198,1,-,G,A,mismatch,1351,732,1,FALSE
nlgn4a,201,201,1,-,T,G,mismatch,1352,723,1,FALSE
nlgn4a,171,171,1,-,G,C,mismatch,1353,732,1,FALSE
nlgn4a,202,202,1,-,T,A,mismatch,1353,732,1,FALSE
nlgn4a,184,184,1,-,A,T,mismatch,1354,732,1,FALSE
nlgn4a,210,210,1,-,C,A,mismatch,1354,732,1,FALSE
nlgn4a,164,164,1,-,C,T,mismatch,1355,723,1,FALSE
nlgn4a,173,173,1,-,T,A,mismatch,1355,723,1,FALSE
nlgn4a,210,210,1,-,C,A,mismatch,1355,723,1,FALSE
nlgn4a,152,152,1,-,G,T,mismatch,1356,732,1,FALSE
nlgn4a,212,212,1,-,T,A,mismatch,1356,732,1,FALSE
nlgn4a,126,126,1,-,G,A,mismatch,1357,723,1,FALSE
nlgn4a,159,159,1,-,C,A,mismatch,1357,723,1,FALSE
nlgn4a,212,212,1,-,T,A,mismatch,1357,723,1,FALSE
nlgn4a,134,134,1,-,G,A,mismatch,1358,723,1,FALSE
nlgn4a,171,171,1,-,G,A,mismatch,1358,723,1,FALSE
nlgn4a,214,214,1,-,T,G,mismatch,1358,723,1,FALSE
nlgn4a,212,212,1,-,T,A,mismatch,1359,732,1,FALSE
nlgn4a,216,216,1,-,C,A,mismatch,1359,732,1,FALSE
nlgn4a,128,128,1,-,G,C,mismatch,1360,723,1,FALSE
nlgn4a,167,167,1,-,T,G,mismatch,1360,723,1,FALSE
nlgn4a,221,221,1,-,T,C,mismatch,1360,723,1,FALSE
nlgn4a,137,137,1,-,G,C,mismatch,1361,732,1,FALSE
nlgn4a,221,221,1,-,T,A,mismatch,1361,732,1,FALSE
nlgn4a,168,168,1,-,A,G,mismatch,1362,732,1,FALSE
nlgn4a,222,222,1,-,G,A,mismatch,1362,732,1,FALSE
nlgn4a,222,222,1,-,G,A,mismatch,1363,741,1,FALSE
nlgn4a,140,140,1,-,G,A,mismatch,1364,732,1,FALSE
nlgn4a,222,222,1,-,G,A,mismatch,1364,732,1,FALSE
nlgn4a,122,122,1,-,G,T,mismatch,1365,714,1,FALSE
nlgn4a,128,128,1,-,G,T,mismatch,1365,714,1,FALSE
nlgn4a,183,183,1,-,T,A,mismatch,1365,714,1,FALSE
nlgn4a,224,224,1,-,G,A,mismatch,1365,714,1,FALSE
nlgn4a,132,132,1,-,G,A,mismatch,1366,732,1,FALSE
nlgn4a,227,227,1,-,T,C,mismatch,1366,732,1,FALSE
nlgn4a,110,110,1,-,T,G,mismatch,1367,723,1,FALSE
nlgn4a,159,159,1,-,C,G,mismatch,1367,723,1,FALSE
nlgn4a,231,231,1,-,G,A,mismatch,1367,723,1,FALSE
nlgn4a,164,164,1,-,C,G,mismatch,1368,732,1,FALSE
nlgn4a,232,232,1,-,G,A,mismatch,1368,732,1,FALSE
nlgn4a,107,107,1,-,T,C,mismatch,1372,732,1,FALSE
nlgn4a,158,158,1,-,G,C,mismatch,1373,723,1,FALSE
nlgn4a,228,228,1,-,C,A,mismatch,1373,723,1,FALSE
nlgn4a,110,110,1,-,T,G,mismatch,1374,714,1,FALSE
nlgn4a,115,115,1,-,G,T,mismatch,1374,714,1,FALSE
nlgn4a,151,151,1,-,G,T,mismatch,1374,714,1,FALSE
nlgn4a,138,138,1,-,C,G,mismatch,1377,732,1,FALSE
nlgn4a,165,165,1,-,C,G,mismatch,1377,732,1,FALSE
nlgn4a,142,142,1,-,C,T,mismatch,1378,732,1,FALSE
nlgn4a,185,185,1,-,T,A,mismatch,1378,732,1,FALSE
nlgn4a,117,117,1,-,A,C,mismatch,1379,732,1,FALSE
nlgn4a,150,150,1,-,T,C,mismatch,1379,732,1,FALSE
nlgn4a,119,119,1,-,T,C,mismatch,1380,732,1,FALSE
nlgn4a,178,178,1,-,C,A,mismatch,1381,714,1,FALSE
nlgn4a,185,185,1,-,T,A,mismatch,1381,714,1,FALSE
nlgn4a,115,115,1,-,G,C,mismatch,1382,741,1,FALSE
nlgn4a,156,156,1,-,C,T,mismatch,1385,741,1,FALSE
nlgn4a,109,109,1,-,T,C,mismatch,1386,723,1,FALSE
nlgn4a,120,120,1,-,G,A,mismatch,1386,723,1,FALSE
nlgn4a,172,172,1,-,T,A,mismatch,1387,707,1,FALSE
nlgn4a,148,148,1,-,C,A,mismatch,1389,707,1,FALSE
nlgn4a,179,179,1,-,A,C,mismatch,1389,707,1,FALSE
nlgn4a,218,218,1,-,C,G,mismatch,1391,707,1,FALSE
nlgn4a,225,225,1,-,A,T,mismatch,1391,707,1,FALSE
nlgn4a,88,88,1,-,C,T,mismatch,1394,716,1,FALSE
nlgn4a,174,174,1,-,A,C,mismatch,1395,707,1,FALSE
nlgn4a,191,191,1,-,G,T,mismatch,1395,707,1,FALSE
nlgn4a,143,143,1,-,C,G,mismatch,1396,716,1,FALSE
nlgn4a,93,93,1,-,G,C,mismatch,1398,716,1,FALSE
nlgn4a,94,94,1,-,C,G,mismatch,1399,707,1,FALSE
nlgn4a,108,108,1,-,T,C,mismatch,1401,698,1,FALSE
nlgn4a,166,166,1,-,C,G,mismatch,1401,698,1,FALSE
nlgn4a,141,141,1,-,G,A,mismatch,1402,698,1,FALSE
nlgn4a,207,207,1,-,A,G,mismatch,1402,698,1,FALSE
nlgn4a,149,149,1,-,A,G,mismatch,1403,689,1,FALSE
nlgn4a,168,168,1,-,A,T,mismatch,1403,689,1,FALSE
nlgn4a,186,186,1,-,G,T,mismatch,1403,689,1,FALSE
nlgn4a,93,93,1,-,G,A,mismatch,1404,707,1,FALSE
nlgn4a,89,89,1,-,G,T,mismatch,1405,689,1,FALSE
nlgn4a,118,118,1,-,T,C,mismatch,1405,689,1,FALSE
nlgn4a,189,189,1,-,A,G,mismatch,1405,689,1,FALSE
nlgn4a,107,107,1,-,T,C,mismatch,1406,707,1,FALSE
nlgn4a,121,121,1,-,T,A,mismatch,1408,698,1,FALSE
nlgn4a,95,95,1,-,T,G,mismatch,1409,707,1,FALSE
nlgn4a,225,225,1,-,A,T,mismatch,1409,707,1,FALSE
nlgn4a,148,148,1,-,C,T,mismatch,1410,707,1,FALSE
nlgn4a,225,225,1,-,A,C,mismatch,1410,707,1,FALSE
nlgn4a,91,91,1,-,T,C,mismatch,1411,698,1,FALSE
nlgn4a,95,95,1,-,T,A,mismatch,1411,698,1,FALSE
nlgn4a,223,223,1,-,A,T,mismatch,1411,698,1,FALSE
nlgn4a,104,104,1,-,C,T,mismatch,1412,707,1,FALSE
nlgn4a,223,223,1,-,A,G,mismatch,1412,707,1,FALSE
nlgn4a,92,92,1,-,G,A,mismatch,1413,707,1,FALSE
nlgn4a,219,219,1,-,A,C,mismatch,1413,707,1,FALSE
nlgn4a,217,217,1,-,C,T,mismatch,1414,716,1,FALSE
nlgn4a,216,216,1,-,C,T,mismatch,1415,716,1,FALSE
nlgn4a,98,98,1,-,T,C,mismatch,1416,689,1,FALSE
nlgn4a,146,146,1,-,T,C,mismatch,1416,689,1,FALSE
nlgn4a,153,153,1,-,G,C,mismatch,1416,689,1,FALSE
nlgn4a,216,216,1,-,C,T,mismatch,1416,689,1,FALSE
nlgn4a,200,200,1,-,C,A,mismatch,1417,707,1,FALSE
nlgn4a,216,216,1,-,C,G,mismatch,1417,707,1,FALSE
nlgn4a,211,211,1,-,C,G,mismatch,1418,716,1,FALSE
nlgn4a,163,163,1,-,A,T,mismatch,1419,707,1,FALSE
nlgn4a,207,207,1,-,A,T,mismatch,1419,707,1,FALSE
nlgn4a,155,155,1,-,T,A,mismatch,1420,707,1,FALSE
nlgn4a,207,207,1,-,A,G,mismatch,1420,707,1,FALSE
nlgn4a,91,91,1,-,T,A,mismatch,1421,698,1,FALSE
nlgn4a,172,172,1,-,T,A,mismatch,1421,698,1,FALSE
nlgn4a,207,207,1,-,A,G,mismatch,1421,698,1,FALSE
nlgn4a,89,89,1,-,G,C,mismatch,1422,698,1,FALSE
nlgn4a,168,168,1,-,A,C,mismatch,1422,698,1,FALSE
nlgn4a,204,204,1,-,A,C,mismatch,1422,698,1,FALSE
nlgn4a,99,99,1,-,C,A,mismatch,1423,707,1,FALSE
nlgn4a,204,204,1,-,A,C,mismatch,1423,707,1,FALSE
nlgn4a,104,104,1,-,C,G,mismatch,1424,707,1,FALSE
nlgn4a,199,199,1,-,G,T,mismatch,1424,707,1,FALSE
nlgn4a,197,197,1,-,A,G,mismatch,1425,716,1,FALSE
nlgn4a,120,120,1,-,G,C,mismatch,1426,707,1,FALSE
nlgn4a,197,197,1,-,A,C,mismatch,1426,707,1,FALSE
nlgn4a,144,144,1,-,A,G,mismatch,1427,707,1,FALSE
nlgn4a,195,195,1,-,A,T,mismatch,1427,707,1,FALSE
nlgn4a,121,121,1,-,T,G,mismatch,1428,707,1,FALSE
nlgn4a,194,194,1,-,A,T,mismatch,1428,707,1,FALSE
nlgn4a,194,194,1,-,A,C,mismatch,1429,716,1,FALSE
nlgn4a,177,177,1,-,A,C,mismatch,1430,707,1,FALSE
nlgn4a,192,192,1,-,C,G,mismatch,1430,707,1,FALSE
nlgn4a,116,116,1,-,G,T,mismatch,1431,698,1,FALSE
nlgn4a,169,169,1,-,T,A,mismatch,1431,698,1,FALSE
nlgn4a,189,189,1,-,A,T,mismatch,1431,698,1,FALSE
nlgn4a,112,112,1,-,C,G,mismatch,1432,698,1,FALSE
nlgn4a,162,162,1,-,C,G,mismatch,1432,698,1,FALSE
nlgn4a,189,189,1,-,A,G,mismatch,1432,698,1,FALSE
nlgn4a,109,109,1,-,T,G,mismatch,1433,707,1,FALSE
nlgn4a,189,189,1,-,A,G,mismatch,1433,707,1,FALSE
nlgn4a,93,93,1,-,G,C,mismatch,1434,707,1,FALSE
nlgn4a,189,189,1,-,A,C,mismatch,1434,707,1,FALSE
nlgn4a,188,188,1,-,C,T,mismatch,1435,716,1,FALSE
nlgn4a,93,93,1,-,G,C,mismatch,1436,698,1,FALSE
nlgn4a,102,102,1,-,C,A,mismatch,1436,698,1,FALSE
nlgn4a,188,188,1,-,C,G,mismatch,1436,698,1,FALSE
nlgn4a,187,187,1,-,G,T,mismatch,1437,716,1,FALSE
nlgn4a,186,186,1,-,G,T,mismatch,1438,716,1,FALSE
nlgn4a,143,143,1,-,C,A,mismatch,1439,707,1,FALSE
nlgn4a,186,186,1,-,G,T,mismatch,1439,707,1,FALSE
nlgn4a,184,184,1,-,A,T,mismatch,1440,716,1,FALSE
nlgn4a,141,141,1,-,G,C,mismatch,1441,707,1,FALSE
nlgn4a,184,184,1,-,A,T,mismatch,1441,707,1,FALSE
nlgn4a,184,184,1,-,A,C,mismatch,1442,698,1,FALSE
nlgn4a,106,106,1,-,T,G,mismatch,1443,698,1,FALSE
nlgn4a,144,144,1,-,A,G,mismatch,1443,698,1,FALSE
nlgn4a,182,182,1,-,C,T,mismatch,1443,698,1,FALSE
nlgn4a,120,120,1,-,G,C,mismatch,1444,707,1,FALSE
nlgn4a,181,181,1,-,A,C,mismatch,1444,707,1,FALSE
nlgn4a,98,98,1,-,T,G,mismatch,1445,698,1,FALSE
nlgn4a,174,174,1,-,A,T,mismatch,1445,698,1,FALSE
nlgn4a,180,180,1,-,A,G,mismatch,1445,698,1,FALSE
nlgn4a,179,179,1,-,A,G,mismatch,1446,716,1,FALSE
nlgn4a,98,98,1,-,T,A,mismatch,1447,707,1,FALSE
nlgn4a,179,179,1,-,A,C,mismatch,1447,707,1,FALSE
nlgn4a,178,178,1,-,C,T,mismatch,1448,716,1,FALSE
nlgn4a,177,177,1,-,A,T,mismatch,1449,716,1,FALSE
nlgn4a,177,177,1,-,A,G,mismatch,1450,716,1,FALSE
nlgn4a,176,176,1,-,G,T,mismatch,1451,716,1,FALSE
nlgn4a,165,165,1,-,C,A,mismatch,1452,707,1,FALSE
nlgn4a,175,175,1,-,C,G,mismatch,1452,707,1,FALSE
nlgn4a,174,174,1,-,A,C,mismatch,1453,716,1,FALSE
nlgn4a,96,96,1,-,A,C,mismatch,1454,707,1,FALSE
nlgn4a,168,168,1,-,A,C,mismatch,1454,707,1,FALSE
nlgn4a,168,168,1,-,A,C,mismatch,1455,716,1,FALSE
nlgn4a,117,117,1,-,A,C,mismatch,1456,707,1,FALSE
nlgn4a,165,165,1,-,C,G,mismatch,1456,707,1,FALSE
nlgn4a,144,144,1,-,A,T,mismatch,1457,707,1,FALSE
nlgn4a,162,162,1,-,C,G,mismatch,1457,707,1,FALSE
nlgn4a,162,162,1,-,C,G,mismatch,1458,716,1,FALSE
nlgn4a,100,100,1,-,T,C,mismatch,1459,698,1,FALSE
nlgn4a,104,104,1,-,C,A,mismatch,1459,698,1,FALSE
nlgn4a,159,159,1,-,C,T,mismatch,1459,698,1,FALSE
nlgn4a,151,151,1,-,G,C,mismatch,1460,707,1,FALSE
nlgn4a,158,158,1,-,G,T,mismatch,1460,707,1,FALSE
nlgn4a,157,157,1,-,A,T,mismatch,1461,716,1,FALSE
nlgn4a,156,156,1,-,C,G,mismatch,1462,716,1,FALSE
nlgn4a,154,154,1,-,C,T,mismatch,1463,716,1,FALSE
nlgn4a,149,149,1,-,A,G,mismatch,1464,716,1,FALSE
nlgn4a,148,148,1,-,C,T,mismatch,1465,716,1,FALSE
nlgn4a,101,101,1,-,A,C,mismatch,1466,707,1,FALSE
nlgn4a,144,144,1,-,A,G,mismatch,1466,707,1,FALSE
nlgn4a,144,144,1,-,A,C,mismatch,1467,716,1,FALSE
nlgn4a,115,115,1,-,G,T,mismatch,1468,707,1,FALSE
nlgn4a,143,143,1,-,C,G,mismatch,1468,707,1,FALSE
nlgn4a,142,142,1,-,C,T,mismatch,1469,716,1,FALSE
nlgn4a,118,118,1,-,T,G,mismatch,1470,707,1,FALSE
nlgn4a,142,142,1,-,C,G,mismatch,1470,707,1,FALSE
nlgn4a,116,116,1,-,G,T,mismatch,1471,716,1,FALSE
nlgn4a,90,90,1,-,C,A,mismatch,1472,698,1,FALSE
nlgn4a,99,99,1,-,C,T,mismatch,1472,698,1,FALSE
nlgn4a,112,112,1,-,C,G,mismatch,1472,698,1,FALSE
nlgn4a,111,111,1,-,A,G,mismatch,1473,716,1,FALSE
nlgn4a,105,105,1,-,C,G,mismatch,1474,716,1,FALSE
nlgn4a,104,104,1,-,C,G,mismatch,1475,716,1,FALSE
nlgn4a,102,102,1,-,C,G,mismatch,1476,716,1,FALSE
nlgn4a,101,101,1,-,A,T,mismatch,1477,716,1,FALSE
nlgn4a,99,99,1,-,C,G,mismatch,1478,716,1,FALSE
nlgn4a,96,96,1,-,A,C,mismatch,1479,716,1,FALSE
nlgn4a,89,89,1,-,G,C,mismatch,1480,716,1,FALSE
nlgn4a,91,91,1,-,T,G,mismatch,1481,716,1,FALSE
nlgn4a,91,91,1,-,T,A,mismatch,1482,716,1,FALSE
nlgn4a,92,92,1,-,G,C,mismatch,1483,716,1,FALSE
nlgn4a,93,93,1,-,G,A,mismatch,1484,716,1,FALSE
nlgn4a,94,94,1,-,C,A,mismatch,1485,716,1,FALSE
nlgn4a,95,95,1,-,T,A,mismatch,1487,716,1,FALSE
nlgn4a,98,98,1,-,T,C,mismatch,1488,716,1,FALSE
nlgn4a,93,93,1,-,G,C,mismatch,1489,707,1,FALSE
nlgn4a,98,98,1,-,T,C,mismatch,1489,707,1,FALSE
nlgn4a,98,98,1,-,T,A,mismatch,1490,716,1,FALSE
nlgn4a,100,100,1,-,T,A,mismatch,1491,716,1,FALSE
nlgn4a,100,100,1,-,T,G,mismatch,1492,707,1,FALSE
nlgn4a,102,102,1,-,C,A,mismatch,1492,707,1,FALSE
nlgn4a,103,103,1,-,G,C,mismatch,1493,716,1,FALSE
nlgn4a,106,106,1,-,T,C,mismatch,1494,716,1,FALSE
nlgn4a,106,106,1,-,T,A,mismatch,1495,716,1,FALSE
nlgn4a,108,108,1,-,T,C,mismatch,1496,716,1,FALSE
nlgn4a,113,113,1,-,C,A,mismatch,1497,716,1,FALSE
nlgn4a,114,114,1,-,T,A,mismatch,1498,716,1,FALSE
nlgn4a,103,103,1,-,G,C,mismatch,1499,707,1,FALSE
nlgn4a,115,115,1,-,G,C,mismatch,1499,707,1,FALSE
nlgn4a,115,115,1,-,G,A,mismatch,1500,716,1,FALSE
nlgn4a,100,100,1,-,T,A,mismatch,1501,707,1,FALSE
nlgn4a,115,115,1,-,G,A,mismatch,1501,707,1,FALSE
nlgn4a,90,90,1,-,C,A,mismatch,1502,707,1,FALSE
nlgn4a,116,116,1,-,G,C,mismatch,1502,707,1,FALSE
nlgn4a,118,118,1,-,T,G,mismatch,1503,716,1,FALSE
nlgn4a,119,119,1,-,T,G,mismatch,1504,716,1,FALSE
nlgn4a,96,96,1,-,A,T,mismatch,1505,707,1,FALSE
nlgn4a,120,120,1,-,G,C,mismatch,1505,707,1,FALSE
nlgn4a,120,120,1,-,G,A,mismatch,1506,716,1,FALSE
nlgn4a,89,89,1,-,G,A,mismatch,1507,707,1,FALSE
nlgn4a,121,121,1,-,T,A,mismatch,1507,707,1,FALSE
nlgn4a,96,96,1,-,A,G,mismatch,1508,716,1,FALSE
nlgn4a,122,122,1,-,G,A,mismatch,1509,716,1,FALSE
nlgn4a,110,110,1,-,T,G,mismatch,1511,716,1,FALSE
nlgn4a,110,110,1,-,T,C,mismatch,1512,716,1,FALSE
nlgn4a,117,117,1,-,A,C,mismatch,1513,707,1,FALSE
nlgn4a,123,123,1,-,C,A,mismatch,1513,707,1,FALSE
nlgn4a,140,140,1,-,G,A,mismatch,1514,716,1,FALSE
nlgn4a,141,141,1,-,G,C,mismatch,1515,716,1,FALSE
nlgn4a,141,141,1,-,G,A,mismatch,1516,716,1,FALSE
nlgn4a,145,145,1,-,T,G,mismatch,1517,716,1,FALSE
nlgn4a,146,146,1,-,T,C,mismatch,1518,716,1,FALSE
nlgn4a,87,87,1,-,C,G,mismatch,1519,707,1,FALSE
nlgn4a,150,150,1,-,T,C,mismatch,1519,707,1,FALSE
nlgn4a,152,152,1,-,G,A,mismatch,1520,716,1,FALSE
nlgn4a,153,153,1,-,G,C,mismatch,1521,716,1,FALSE
nlgn4a,89,89,1,-,G,A,mismatch,1522,707,1,FALSE
nlgn4a,153,153,1,-,G,C,mismatch,1522,707,1,FALSE
nlgn4a,145,145,1,-,T,A,mismatch,1523,707,1,FALSE
nlgn4a,153,153,1,-,G,C,mismatch,1523,707,1,FALSE
nlgn4a,89,89,1,-,G,C,mismatch,1524,707,1,FALSE
nlgn4a,155,155,1,-,T,C,mismatch,1524,707,1,FALSE
nlgn4a,155,155,1,-,T,A,mismatch,1525,716,1,FALSE
nlgn4a,109,109,1,-,T,G,mismatch,1526,707,1,FALSE
nlgn4a,158,158,1,-,G,C,mismatch,1526,707,1,FALSE
nlgn4a,117,117,1,-,A,T,mismatch,1527,707,1,FALSE
nlgn4a,158,158,1,-,G,A,mismatch,1527,707,1,FALSE
nlgn4a,158,158,1,-,G,A,mismatch,1528,716,1,FALSE
nlgn4a,92,92,1,-,G,A,mismatch,1529,707,1,FALSE
nlgn4a,159,159,1,-,C,A,mismatch,1529,707,1,FALSE
nlgn4a,161,161,1,-,G,C,mismatch,1530,716,1,FALSE
nlgn4a,105,105,1,-,C,T,mismatch,1531,698,1,FALSE
nlgn4a,123,123,1,-,C,T,mismatch,1531,698,1,FALSE
nlgn4a,162,162,1,-,C,A,mismatch,1531,698,1,FALSE
nlgn4a,167,167,1,-,T,A,mismatch,1532,716,1,FALSE
nlgn4a,97,97,1,-,C,A,mismatch,1533,707,1,FALSE
nlgn4a,169,169,1,-,T,C,mismatch,1533,707,1,FALSE
nlgn4a,170,170,1,-,T,A,mismatch,1534,716,1,FALSE
nlgn4a,145,145,1,-,T,A,mismatch,1535,707,1,FALSE
nlgn4a,172,172,1,-,T,C,mismatch,1535,707,1,FALSE
nlgn4a,178,178,1,-,C,A,mismatch,1536,716,1,FALSE
nlgn4a,183,183,1,-,T,C,mismatch,1537,716,1,FALSE
nlgn4a,107,107,1,-,T,A,mismatch,1538,698,1,FALSE
nlgn4a,116,116,1,-,G,C,mismatch,1538,698,1,FALSE
nlgn4a,183,183,1,-,T,A,mismatch,1538,698,1,FALSE
nlgn4a,164,164,1,-,C,G,mismatch,1539,707,1,FALSE
nlgn4a,188,188,1,-,C,A,mismatch,1539,707,1,FALSE
nlgn4a,143,143,1,-,C,A,mismatch,1540,689,1,FALSE
nlgn4a,191,191,1,-,G,A,mismatch,1540,689,1,FALSE
nlgn4a,96,96,1,-,A,T,mismatch,1541,698,1,FALSE
nlgn4a,103,103,1,-,G,A,mismatch,1541,698,1,FALSE
nlgn4a,193,193,1,-,T,G,mismatch,1541,698,1,FALSE
nlgn4a,108,108,1,-,T,C,mismatch,1542,707,1,FALSE
nlgn4a,193,193,1,-,T,A,mismatch,1542,707,1,FALSE
nlgn4a,196,196,1,-,G,C,mismatch,1543,716,1,FALSE
nlgn4a,100,100,1,-,T,G,mismatch,1544,698,1,FALSE
nlgn4a,157,157,1,-,A,G,mismatch,1544,698,1,FALSE
nlgn4a,198,198,1,-,G,C,mismatch,1544,698,1,FALSE
nlgn4a,89,89,1,-,G,C,mismatch,1545,707,1,FALSE
nlgn4a,202,202,1,-,T,C,mismatch,1545,707,1,FALSE
nlgn4a,91,91,1,-,T,G,mismatch,1546,698,1,FALSE
nlgn4a,115,115,1,-,G,A,mismatch,1546,698,1,FALSE
nlgn4a,212,212,1,-,T,C,mismatch,1546,698,1,FALSE
nlgn4a,155,155,1,-,T,A,mismatch,1547,698,1,FALSE
nlgn4a,194,194,1,-,A,T,mismatch,1547,698,1,FALSE
nlgn4a,214,214,1,-,T,C,mismatch,1547,698,1,FALSE
nlgn4a,123,123,1,-,C,G,mismatch,1548,698,1,FALSE
nlgn4a,148,148,1,-,C,T,mismatch,1548,698,1,FALSE
nlgn4a,214,214,1,-,T,C,mismatch,1548,698,1,FALSE
nlgn4a,221,221,1,-,T,C,mismatch,1549,716,1,FALSE
nlgn4a,222,222,1,-,G,C,mismatch,1550,716,1,FALSE
nlgn4a,198,198,1,-,G,T,mismatch,1551,707,1,FALSE
nlgn4a,229,229,1,-,T,C,mismatch,1551,707,1,FALSE
nlgn4a,91,91,1,-,T,A,mismatch,1552,698,1,FALSE
nlgn4a,122,122,1,-,G,A,mismatch,1552,698,1,FALSE
nlgn4a,229,229,1,-,T,A,mismatch,1552,698,1,FALSE
nlgn4a,231,231,1,-,G,A,mismatch,1553,716,1,FALSE
nlgn4a,163,163,1,-,A,G,mismatch,1554,698,1,FALSE
nlgn4a,216,216,1,-,C,T,mismatch,1554,698,1,FALSE
nlgn4a,98,98,1,-,T,C,mismatch,1556,707,1,FALSE
nlgn4a,88,88,1,-,C,A,mismatch,1557,707,1,FALSE
nlgn4a,87,87,1,-,C,T,mismatch,1558,707,1,FALSE
nlgn4a,201,201,1,-,T,A,mismatch,1559,707,1,FALSE
nlgn4a,87,87,1,-,C,A,mismatch,1560,698,1,FALSE
nlgn4a,221,221,1,-,T,G,mismatch,1560,698,1,FALSE
nlgn4a,161,161,1,-,G,T,mismatch,1561,680,1,FALSE
nlgn4a,192,192,1,-,C,G,mismatch,1561,680,1,FALSE
nlgn4a,199,199,1,-,G,A,mismatch,1561,680,1,FALSE
nlgn4a,215,215,1,-,G,T,mismatch,1561,680,1,FALSE
nlgn4a,112,112,1,-,C,A,mismatch,1563,698,1,FALSE
nlgn4a,160,160,1,-,A,C,mismatch,1563,698,1,FALSE
nlgn4a,102,102,1,-,C,A,mismatch,1565,698,1,FALSE
nlgn4a,145,145,1,-,T,C,mismatch,1565,698,1,FALSE
nlgn4a,95,95,1,-,T,G,mismatch,1566,698,1,FALSE
nlgn4a,123,123,1,-,C,G,mismatch,1566,698,1,FALSE
nlgn4a,199,199,1,-,G,C,mismatch,1567,707,1,FALSE
nlgn4a,207,207,1,-,A,T,mismatch,1569,716,1,FALSE
nlgn4a,96,96,1,-,A,T,mismatch,1570,707,1,FALSE
nlgn4a,213,213,1,-,C,A,mismatch,1570,707,1,FALSE
nlgn4a,163,163,1,-,A,G,mismatch,1571,707,1,FALSE
nlgn4a,189,189,1,-,A,C,mismatch,1572,716,1,FALSE
nlgn4a,94,94,1,-,C,G,mismatch,1576,698,1,FALSE
nlgn4a,110,110,1,-,T,C,mismatch,1576,698,1,FALSE
nlgn4a,188,188,1,-,C,A,mismatch,1576,698,1,FALSE
nlgn4a,88,88,1,-,C,G,mismatch,1578,689,1,FALSE
nlgn4a,108,108,1,-,T,A,mismatch,1578,689,1,FALSE
nlgn4a,164,164,1,-,C,A,mismatch,1578,689,1,FALSE
nlgn4a,191,191,1,-,G,C,mismatch,1578,689,1,FALSE
nlgn4a,104,104,1,-,C,G,mismatch,1579,698,1,FALSE
nlgn4a,108,108,1,-,T,G,mismatch,1579,698,1,FALSE
nlgn4a,183,183,1,-,T,A,mismatch,1579,698,1,FALSE
nlgn4a,108,108,1,-,T,G,mismatch,1580,698,1,FALSE
nlgn4a,110,110,1,-,T,C,mismatch,1580,698,1,FALSE
nlgn4a,208,208,1,-,C,A,mismatch,1580,698,1,FALSE
nlgn4a,118,118,1,-,T,A,mismatch,1582,716,1,FALSE
nlgn4a,124,124,1,-,T,C,mismatch,1584,741,1,FALSE
nlgn4a,107,107,1,-,T,C,mismatch,1585,732,1,FALSE
nlgn4a,226,226,1,-,T,C,mismatch,1585,732,1,FALSE
nlgn4a,92,92,1,-,G,A,mismatch,1586,698,1,FALSE
nlgn4a,97,97,1,-,C,G,mismatch,1586,698,1,FALSE
nlgn4a,110,110,1,-,T,A,mismatch,1587,716,1,FALSE
nlgn4a,121,121,1,-,T,G,mismatch,1588,716,1,FALSE
nlgn4a,168,168,1,-,A,T,mismatch,1589,716,1,FALSE
nlgn4a,44,44,1,-,A,G,mismatch,1590,698,1,FALSE
nlgn4a,74,74,1,-,T,G,mismatch,1590,698,1,FALSE
nlgn4a,116,116,1,-,G,C,mismatch,1590,698,1,FALSE
nlgn4a,205,205,1,-,A,G,mismatch,1591,741,1,FALSE
nlgn4a,114,114,1,-,T,G,mismatch,1592,698,1,FALSE
nlgn4a,185,185,1,-,T,C,mismatch,1592,698,1,FALSE
nlgn4a,219,219,1,-,A,C,mismatch,1592,698,1,FALSE
nlgn4a,94,94,1,-,C,T,mismatch,1593,707,1,FALSE
nlgn4a,101,101,1,-,A,C,mismatch,1593,707,1,FALSE
nlgn4a,67,67,1,-,T,C,mismatch,1595,707,1,FALSE
nlgn4a,159,159,1,-,C,G,mismatch,1596,716,1,FALSE
nlgn4a,90,90,1,-,C,G,mismatch,1597,707,1,FALSE
nlgn4a,156,156,1,-,C,G,mismatch,1597,707,1,FALSE
nlgn4a,92,92,1,-,G,C,mismatch,1599,716,1,FALSE
nlgn4a,94,94,1,-,C,G,mismatch,1600,707,1,FALSE
nlgn4a,72,72,1,-,C,A,mismatch,1601,707,1,FALSE
nlgn4a,173,173,1,-,T,G,mismatch,1602,716,1,FALSE
nlgn4a,66,66,1,-,A,C,mismatch,1605,698,1,FALSE
nlgn4a,159,159,1,-,C,G,mismatch,1605,698,1,FALSE
nlgn4a,76,76,1,-,C,G,mismatch,1606,689,1,FALSE
nlgn4a,78,78,1,-,A,T,mismatch,1606,689,1,FALSE
nlgn4a,97,97,1,-,C,T,mismatch,1606,689,1,FALSE
nlgn4a,100,100,1,-,T,C,mismatch,1607,689,1,FALSE
nlgn4a,102,102,1,-,C,A,mismatch,1607,689,1,FALSE
nlgn4a,159,159,1,-,C,T,mismatch,1607,689,1,FALSE
nlgn4a,208,208,1,-,C,T,mismatch,1609,707,1,FALSE
nlgn4a,65,65,1,-,G,T,mismatch,1610,689,1,FALSE
nlgn4a,74,74,1,-,T,G,mismatch,1610,689,1,FALSE
nlgn4a,76,76,1,-,C,G,mismatch,1610,689,1,FALSE
nlgn4a,93,93,1,-,G,T,mismatch,1611,707,1,FALSE
nlgn4a,107,107,1,-,T,C,mismatch,1612,707,1,FALSE
nlgn4a,82,82,1,-,T,C,mismatch,1613,689,1,FALSE
nlgn4a,95,95,1,-,T,G,mismatch,1613,689,1,FALSE
nlgn4a,162,162,1,-,C,A,mismatch,1613,689,1,FALSE
nlgn4a,65,65,1,-,G,T,mismatch,1614,707,1,FALSE
nlgn4a,189,189,1,-,A,G,mismatch,1615,707,1,FALSE
nlgn4a,228,228,1,-,C,T,mismatch,1615,707,1,FALSE
nlgn4a,225,225,1,-,A,G,mismatch,1616,716,1,FALSE
nlgn4a,222,222,1,-,G,T,mismatch,1617,716,1,FALSE
nlgn4a,94,94,1,-,C,T,mismatch,1618,707,1,FALSE
nlgn4a,217,217,1,-,C,T,mismatch,1618,707,1,FALSE
nlgn4a,79,79,1,-,T,C,mismatch,1619,689,1,FALSE
nlgn4a,110,110,1,-,T,A,mismatch,1619,689,1,FALSE
nlgn4a,182,182,1,-,C,A,mismatch,1619,689,1,FALSE
nlgn4a,215,215,1,-,G,T,mismatch,1619,689,1,FALSE
nlgn4a,80,80,1,-,G,C,mismatch,1620,689,1,FALSE
nlgn4a,162,162,1,-,C,A,mismatch,1620,689,1,FALSE
nlgn4a,166,166,1,-,C,A,mismatch,1620,689,1,FALSE
nlgn4a,208,208,1,-,C,T,mismatch,1620,689,1,FALSE
nlgn4a,207,207,1,-,A,G,mismatch,1621,716,1,FALSE
nlgn4a,181,181,1,-,A,C,mismatch,1622,707,1,FALSE
nlgn4a,206,206,1,-,A,T,mismatch,1622,707,1,FALSE
nlgn4a,197,197,1,-,A,T,mismatch,1623,716,1,FALSE
nlgn4a,73,73,1,-,T,C,mismatch,1624,707,1,FALSE
nlgn4a,197,197,1,-,A,G,mismatch,1624,707,1,FALSE
nlgn4a,68,68,1,-,A,C,mismatch,1625,689,1,FALSE
nlgn4a,86,86,1,-,T,C,mismatch,1625,689,1,FALSE
nlgn4a,110,110,1,-,T,G,mismatch,1625,689,1,FALSE
nlgn4a,194,194,1,-,A,T,mismatch,1625,689,1,FALSE
nlgn4a,189,189,1,-,A,C,mismatch,1626,716,1,FALSE
nlgn4a,67,67,1,-,T,C,mismatch,1627,698,1,FALSE
nlgn4a,75,75,1,-,A,C,mismatch,1627,698,1,FALSE
nlgn4a,187,187,1,-,G,T,mismatch,1627,698,1,FALSE
nlgn4a,98,98,1,-,T,C,mismatch,1628,707,1,FALSE
nlgn4a,184,184,1,-,A,G,mismatch,1628,707,1,FALSE
nlgn4a,72,72,1,-,C,A,mismatch,1629,680,1,FALSE
nlgn4a,78,78,1,-,A,C,mismatch,1629,680,1,FALSE
nlgn4a,98,98,1,-,T,C,mismatch,1629,680,1,FALSE
nlgn4a,161,161,1,-,G,A,mismatch,1629,680,1,FALSE
nlgn4a,184,184,1,-,A,C,mismatch,1629,680,1,FALSE
nlgn4a,180,180,1,-,A,G,mismatch,1630,716,1,FALSE
nlgn4a,173,173,1,-,T,G,mismatch,1631,707,1,FALSE
nlgn4a,180,180,1,-,A,C,mismatch,1631,707,1,FALSE
nlgn4a,178,178,1,-,C,G,mismatch,1632,716,1,FALSE
nlgn4a,173,173,1,-,T,C,mismatch,1633,698,1,FALSE
nlgn4a,175,175,1,-,C,A,mismatch,1633,698,1,FALSE
nlgn4a,177,177,1,-,A,C,mismatch,1633,698,1,FALSE
nlgn4a,175,175,1,-,C,T,mismatch,1634,716,1,FALSE
nlgn4a,168,168,1,-,A,T,mismatch,1635,716,1,FALSE
nlgn4a,168,168,1,-,A,C,mismatch,1636,716,1,FALSE
nlgn4a,163,163,1,-,A,T,mismatch,1637,716,1,FALSE
nlgn4a,98,98,1,-,T,A,mismatch,1638,707,1,FALSE
nlgn4a,163,163,1,-,A,C,mismatch,1638,707,1,FALSE
nlgn4a,72,72,1,-,C,G,mismatch,1639,707,1,FALSE
nlgn4a,162,162,1,-,C,T,mismatch,1639,707,1,FALSE
nlgn4a,81,81,1,-,G,T,mismatch,1640,698,1,FALSE
nlgn4a,91,91,1,-,T,C,mismatch,1640,698,1,FALSE
nlgn4a,162,162,1,-,C,T,mismatch,1640,698,1,FALSE
nlgn4a,68,68,1,-,A,G,mismatch,1641,698,1,FALSE
nlgn4a,108,108,1,-,T,G,mismatch,1641,698,1,FALSE
nlgn4a,159,159,1,-,C,T,mismatch,1641,698,1,FALSE
nlgn4a,107,107,1,-,T,A,mismatch,1642,707,1,FALSE
nlgn4a,157,157,1,-,A,T,mismatch,1642,707,1,FALSE
nlgn4a,88,88,1,-,C,G,mismatch,1643,707,1,FALSE
nlgn4a,156,156,1,-,C,T,mismatch,1643,707,1,FALSE
nlgn4a,156,156,1,-,C,T,mismatch,1644,716,1,FALSE
nlgn4a,154,154,1,-,C,G,mismatch,1645,716,1,FALSE
nlgn4a,94,94,1,-,C,T,mismatch,1646,707,1,FALSE
nlgn4a,105,105,1,-,C,G,mismatch,1646,707,1,FALSE
nlgn4a,75,75,1,-,A,T,mismatch,1648,707,1,FALSE
nlgn4a,101,101,1,-,A,G,mismatch,1648,707,1,FALSE
nlgn4a,80,80,1,-,G,A,mismatch,1649,707,1,FALSE
nlgn4a,101,101,1,-,A,G,mismatch,1649,707,1,FALSE
nlgn4a,70,70,1,-,C,G,mismatch,1651,698,1,FALSE
nlgn4a,80,80,1,-,G,A,mismatch,1651,698,1,FALSE
nlgn4a,93,93,1,-,G,T,mismatch,1651,698,1,FALSE
nlgn4a,85,85,1,-,A,G,mismatch,1652,707,1,FALSE
nlgn4a,89,89,1,-,G,T,mismatch,1652,707,1,FALSE
nlgn4a,89,89,1,-,G,T,mismatch,1653,716,1,FALSE
nlgn4a,78,78,1,-,A,G,mismatch,1654,716,1,FALSE
nlgn4a,74,74,1,-,T,A,mismatch,1655,707,1,FALSE
nlgn4a,78,78,1,-,A,C,mismatch,1655,707,1,FALSE
nlgn4a,77,77,1,-,C,G,mismatch,1656,716,1,FALSE
nlgn4a,75,75,1,-,A,G,mismatch,1657,716,1,FALSE
nlgn4a,71,71,1,-,A,G,mismatch,1658,716,1,FALSE
nlgn4a,68,68,1,-,A,T,mismatch,1659,716,1,FALSE
nlgn4a,66,66,1,-,A,G,mismatch,1660,716,1,FALSE
nlgn4a,64,64,1,-,G,T,mismatch,1661,716,1,FALSE
nlgn4a,65,65,1,-,G,C,mismatch,1662,716,1,FALSE
nlgn4a,70,70,1,-,C,A,mismatch,1663,716,1,FALSE
nlgn4a,74,74,1,-,T,C,mismatch,1664,716,1,FALSE
nlgn4a,67,67,1,-,T,A,mismatch,1665,707,1,FALSE
nlgn4a,79,79,1,-,T,A,mismatch,1665,707,1,FALSE
nlgn4a,78,78,1,-,A,C,mismatch,1666,707,1,FALSE
nlgn4a,83,83,1,-,T,G,mismatch,1666,707,1,FALSE
nlgn4a,88,88,1,-,C,A,mismatch,1667,716,1,FALSE
nlgn4a,89,89,1,-,G,C,mismatch,1668,707,1,FALSE
nlgn4a,91,91,1,-,T,G,mismatch,1668,707,1,FALSE
nlgn4a,74,74,1,-,T,A,mismatch,1669,707,1,FALSE
nlgn4a,91,91,1,-,T,A,mismatch,1669,707,1,FALSE
nlgn4a,95,95,1,-,T,G,mismatch,1670,716,1,FALSE
nlgn4a,97,97,1,-,C,A,mismatch,1671,716,1,FALSE
nlgn4a,103,103,1,-,G,A,mismatch,1672,716,1,FALSE
nlgn4a,88,88,1,-,C,A,mismatch,1673,707,1,FALSE
nlgn4a,105,105,1,-,C,A,mismatch,1673,707,1,FALSE
nlgn4a,106,106,1,-,T,A,mismatch,1674,716,1,FALSE
nlgn4a,92,92,1,-,G,C,mismatch,1675,707,1,FALSE
nlgn4a,106,106,1,-,T,A,mismatch,1675,707,1,FALSE
nlgn4a,91,91,1,-,T,A,mismatch,1676,707,1,FALSE
nlgn4a,107,107,1,-,T,G,mismatch,1676,707,1,FALSE
nlgn4a,65,65,1,-,G,C,mismatch,1677,707,1,FALSE
nlgn4a,107,107,1,-,T,C,mismatch,1677,707,1,FALSE
nlgn4a,110,110,1,-,T,G,mismatch,1678,716,1,FALSE
nlgn4a,111,111,1,-,A,C,mismatch,1679,716,1,FALSE
nlgn4a,64,64,1,-,G,A,mismatch,1680,698,1,FALSE
nlgn4a,69,69,1,-,C,A,mismatch,1680,698,1,FALSE
nlgn4a,153,153,1,-,G,A,mismatch,1680,698,1,FALSE
nlgn4a,105,105,1,-,C,A,mismatch,1681,707,1,FALSE
nlgn4a,155,155,1,-,T,G,mismatch,1681,707,1,FALSE
nlgn4a,67,67,1,-,T,C,mismatch,1682,698,1,FALSE
nlgn4a,167,167,1,-,T,A,mismatch,1683,716,1,FALSE
nlgn4a,170,170,1,-,T,G,mismatch,1684,716,1,FALSE
nlgn4a,90,90,1,-,C,T,mismatch,1685,707,1,FALSE
nlgn4a,170,170,1,-,T,A,mismatch,1685,707,1,FALSE
nlgn4a,69,69,1,-,C,G,mismatch,1686,707,1,FALSE
nlgn4a,172,172,1,-,T,A,mismatch,1686,707,1,FALSE
nlgn4a,161,161,1,-,G,A,mismatch,1687,707,1,FALSE
nlgn4a,172,172,1,-,T,A,mismatch,1687,707,1,FALSE
nlgn4a,163,163,1,-,A,C,mismatch,1688,707,1,FALSE
nlgn4a,175,175,1,-,C,A,mismatch,1688,707,1,FALSE
nlgn4a,81,81,1,-,G,C,mismatch,1689,698,1,FALSE
nlgn4a,160,160,1,-,A,C,mismatch,1689,698,1,FALSE
nlgn4a,186,186,1,-,G,C,mismatch,1689,698,1,FALSE
nlgn4a,105,105,1,-,C,G,mismatch,1690,707,1,FALSE
nlgn4a,187,187,1,-,G,A,mismatch,1690,707,1,FALSE
nlgn4a,187,187,1,-,G,A,mismatch,1691,716,1,FALSE
nlgn4a,96,96,1,-,A,T,mismatch,1692,689,1,FALSE
nlgn4a,111,111,1,-,A,C,mismatch,1692,689,1,FALSE
nlgn4a,174,174,1,-,A,G,mismatch,1692,689,1,FALSE
nlgn4a,196,196,1,-,G,A,mismatch,1692,689,1,FALSE
nlgn4a,101,101,1,-,A,C,mismatch,1693,707,1,FALSE
nlgn4a,196,196,1,-,G,A,mismatch,1693,707,1,FALSE
nlgn4a,93,93,1,-,G,A,mismatch,1694,698,1,FALSE
nlgn4a,105,105,1,-,C,T,mismatch,1694,698,1,FALSE
nlgn4a,198,198,1,-,G,C,mismatch,1694,698,1,FALSE
nlgn4a,171,171,1,-,G,T,mismatch,1695,707,1,FALSE
nlgn4a,199,199,1,-,G,C,mismatch,1695,707,1,FALSE
nlgn4a,156,156,1,-,C,T,mismatch,1696,707,1,FALSE
nlgn4a,199,199,1,-,G,C,mismatch,1696,707,1,FALSE
nlgn4a,199,199,1,-,G,C,mismatch,1697,716,1,FALSE
nlgn4a,199,199,1,-,G,A,mismatch,1698,716,1,FALSE
nlgn4a,201,201,1,-,T,G,mismatch,1699,716,1,FALSE
nlgn4a,183,183,1,-,T,C,mismatch,1700,698,1,FALSE
nlgn4a,185,185,1,-,T,C,mismatch,1700,698,1,FALSE
nlgn4a,201,201,1,-,T,C,mismatch,1700,698,1,FALSE
nlgn4a,92,92,1,-,G,C,mismatch,1701,707,1,FALSE
nlgn4a,203,203,1,-,G,C,mismatch,1701,707,1,FALSE
nlgn4a,173,173,1,-,T,C,mismatch,1702,707,1,FALSE
nlgn4a,203,203,1,-,G,C,mismatch,1702,707,1,FALSE
nlgn4a,94,94,1,-,C,T,mismatch,1703,707,1,FALSE
nlgn4a,203,203,1,-,G,A,mismatch,1703,707,1,FALSE
nlgn4a,98,98,1,-,T,G,mismatch,1704,698,1,FALSE
nlgn4a,176,176,1,-,G,T,mismatch,1704,698,1,FALSE
nlgn4a,208,208,1,-,C,A,mismatch,1704,698,1,FALSE
nlgn4a,213,213,1,-,C,A,mismatch,1705,716,1,FALSE
nlgn4a,104,104,1,-,C,T,mismatch,1706,698,1,FALSE
nlgn4a,166,166,1,-,C,G,mismatch,1706,698,1,FALSE
nlgn4a,221,221,1,-,T,C,mismatch,1706,698,1,FALSE
nlgn4a,214,214,1,-,T,A,mismatch,1707,707,1,FALSE
nlgn4a,222,222,1,-,G,A,mismatch,1707,707,1,FALSE
nlgn4a,168,168,1,-,A,G,mismatch,1708,707,1,FALSE
nlgn4a,226,226,1,-,T,G,mismatch,1708,707,1,FALSE
nlgn4a,87,87,1,-,C,T,mismatch,1709,707,1,FALSE
nlgn4a,226,226,1,-,T,A,mismatch,1709,707,1,FALSE
nlgn4a,82,82,1,-,T,G,mismatch,1710,698,1,FALSE
nlgn4a,153,153,1,-,G,C,mismatch,1710,698,1,FALSE
nlgn4a,227,227,1,-,T,A,mismatch,1710,698,1,FALSE
nlgn4a,85,85,1,-,A,G,mismatch,1711,707,1,FALSE
nlgn4a,229,229,1,-,T,G,mismatch,1711,707,1,FALSE
nlgn4a,69,69,1,-,C,A,mismatch,1712,707,1,FALSE
nlgn4a,231,231,1,-,G,C,mismatch,1712,707,1,FALSE
nlgn4a,102,102,1,-,C,A,mismatch,1713,689,1,FALSE
nlgn4a,159,159,1,-,C,G,mismatch,1713,689,1,FALSE
nlgn4a,203,203,1,-,G,C,mismatch,1713,689,1,FALSE
nlgn4a,232,232,1,-,G,A,mismatch,1713,689,1,FALSE
nlgn4a,65,65,1,-,G,C,mismatch,1717,698,1,FALSE
nlgn4a,103,103,1,-,G,T,mismatch,1717,698,1,FALSE
nlgn4a,74,74,1,-,T,G,mismatch,1720,698,1,FALSE
nlgn4a,212,212,1,-,T,A,mismatch,1720,698,1,FALSE
nlgn4a,96,96,1,-,A,C,mismatch,1721,680,1,FALSE
nlgn4a,188,188,1,-,C,G,mismatch,1721,680,1,FALSE
nlgn4a,157,157,1,-,A,G,mismatch,1722,698,1,FALSE
nlgn4a,211,211,1,-,C,G,mismatch,1722,698,1,FALSE
nlgn4a,71,71,1,-,A,G,mismatch,1723,707,1,FALSE
nlgn4a,95,95,1,-,T,C,mismatch,1725,698,1,FALSE
nlgn4a,174,174,1,-,A,G,mismatch,1725,698,1,FALSE
nlgn4a,191,191,1,-,G,T,mismatch,1725,698,1,FALSE
nlgn4a,186,186,1,-,G,C,mismatch,1726,716,1,FALSE
nlgn4a,79,79,1,-,T,G,mismatch,1729,716,1,FALSE
nlgn4a,75,75,1,-,A,T,mismatch,1730,698,1,FALSE
nlgn4a,88,88,1,-,C,T,mismatch,1730,698,1,FALSE
nlgn4a,167,167,1,-,T,C,mismatch,1730,698,1,FALSE
nlgn4a,162,162,1,-,C,T,mismatch,1731,716,1,FALSE
nlgn4a,111,111,1,-,A,T,mismatch,1732,716,1,FALSE
nlgn4a,91,91,1,-,T,A,mismatch,1733,698,1,FALSE
nlgn4a,102,102,1,-,C,T,mismatch,1733,698,1,FALSE
nlgn4a,205,205,1,-,A,G,mismatch,1733,698,1,FALSE
nlgn4a,83,83,1,-,T,C,mismatch,1736,707,1,FALSE
nlgn4a,157,157,1,-,A,G,mismatch,1736,707,1,FALSE
nlgn4a,65,65,1,-,G,T,mismatch,1737,707,1,FALSE
nlgn4a,70,70,1,-,C,T,mismatch,1737,707,1,FALSE
nlgn4a,64,64,1,-,G,C,mismatch,1739,716,1,FALSE
nlgn4a,63,63,1,-,T,G,mismatch,1740,716,1,FALSE
nlgn4a,75,75,1,-,A,G,mismatch,1742,707,1,FALSE
nlgn4a,169,169,1,-,T,G,mismatch,1742,707,1,FALSE
nlgn4a,160,160,1,-,A,C,mismatch,1743,716,1,FALSE
nlgn4a,84,84,1,-,C,G,mismatch,1745,716,1,FALSE
nlgn4a,75,75,1,-,A,G,mismatch,1746,716,1,FALSE
nlgn4a,91,91,1,-,T,C,mismatch,1747,707,1,FALSE
nlgn4a,175,175,1,-,C,G,mismatch,1747,707,1,FALSE
nlgn4a,102,102,1,-,C,A,mismatch,1750,698,1,FALSE
nlgn4a,117,117,1,-,A,G,mismatch,1750,698,1,FALSE
nlgn4a,175,175,1,-,C,A,mismatch,1750,698,1,FALSE
nlgn4a,117,117,1,-,A,C,mismatch,1751,732,1,FALSE
nlgn4a,127,127,1,-,C,A,mismatch,1751,732,1,FALSE
nlgn4a,65,65,1,-,G,C,mismatch,1753,716,1,FALSE
nlgn4a,79,79,1,-,T,C,mismatch,1755,716,1,FALSE
nlgn4a,110,110,1,-,T,C,mismatch,1759,716,1,FALSE
nlgn4a,71,71,1,-,A,C,mismatch,1761,707,1,FALSE
nlgn4a,195,195,1,-,A,G,mismatch,1761,707,1,FALSE
nlgn4a,93,93,1,-,G,T,mismatch,1763,716,1,FALSE
nlgn4a,68,68,1,-,A,T,mismatch,1764,707,1,FALSE
nlgn4a,83,83,1,-,T,G,mismatch,1764,707,1,FALSE
nlgn4a,209,209,1,-,A,C,mismatch,1765,707,1,FALSE
nlgn4a,232,232,1,-,G,C,mismatch,1765,707,1,FALSE
nlgn4a,103,103,1,-,G,T,mismatch,1766,716,1,FALSE
nlgn4a,86,86,1,-,T,A,mismatch,1767,707,1,FALSE
nlgn4a,107,107,1,-,T,C,mismatch,1767,707,1,FALSE
nlgn4a,72,72,1,-,C,G,mismatch,1768,707,1,FALSE
nlgn4a,153,153,1,-,G,C,mismatch,1768,707,1,FALSE
nlgn4a,63,63,1,-,T,C,mismatch,1769,716,1,FALSE
nlgn4a,155,155,1,-,T,C,mismatch,1770,716,1,FALSE
nlgn4a,86,86,1,-,T,A,mismatch,1772,716,1,FALSE
nlgn4a,65,65,1,-,G,T,mismatch,1773,698,1,FALSE
nlgn4a,68,68,1,-,A,T,mismatch,1773,698,1,FALSE
nlgn4a,233,233,1,-,G,C,mismatch,1773,698,1,FALSE
nlgn4a,103,103,1,-,G,T,mismatch,1774,723,1,FALSE
nlgn4a,112,112,1,-,C,T,mismatch,1774,723,1,FALSE
nlgn4a,72,72,1,-,C,G,mismatch,1776,716,1,FALSE
nlgn4a,83,83,1,-,T,G,mismatch,1777,707,1,FALSE
nlgn4a,167,167,1,-,T,C,mismatch,1777,707,1,FALSE
nlgn4a,167,167,1,-,T,A,mismatch,1778,716,1,FALSE
nlgn4a,63,63,1,-,T,C,mismatch,1779,698,1,FALSE
nlgn4a,66,66,1,-,A,G,mismatch,1779,698,1,FALSE
nlgn4a,68,68,1,-,A,C,mismatch,1779,698,1,FALSE
nlgn4a,163,163,1,-,A,T,mismatch,1780,716,1,FALSE
nlgn4a,87,87,1,-,C,G,mismatch,1781,707,1,FALSE
nlgn4a,191,191,1,-,G,C,mismatch,1781,707,1,FALSE
nlgn4a,56,56,1,-,A,G,mismatch,1782,707,1,FALSE
nlgn4a,59,59,1,-,C,T,mismatch,1782,707,1,FALSE
nlgn4a,210,210,1,-,C,T,mismatch,1784,707,1,FALSE
nlgn4a,209,209,1,-,A,G,mismatch,1785,707,1,FALSE
nlgn4a,70,70,1,-,C,G,mismatch,1786,707,1,FALSE
nlgn4a,220,220,1,-,A,C,mismatch,1786,707,1,FALSE
nlgn4a,142,142,1,-,C,A,mismatch,1787,707,1,FALSE
nlgn4a,219,219,1,-,A,G,mismatch,1787,707,1,FALSE
nlgn4a,60,60,1,-,C,T,mismatch,1788,698,1,FALSE
nlgn4a,155,155,1,-,T,A,mismatch,1788,698,1,FALSE
nlgn4a,218,218,1,-,C,T,mismatch,1788,698,1,FALSE
nlgn4a,218,218,1,-,C,G,mismatch,1789,716,1,FALSE
nlgn4a,217,217,1,-,C,G,mismatch,1790,716,1,FALSE
nlgn4a,56,56,1,-,A,C,mismatch,1791,698,1,FALSE
nlgn4a,192,192,1,-,C,T,mismatch,1791,698,1,FALSE
nlgn4a,216,216,1,-,C,G,mismatch,1791,698,1,FALSE
nlgn4a,57,57,1,-,A,C,mismatch,1792,689,1,FALSE
nlgn4a,70,70,1,-,C,A,mismatch,1792,689,1,FALSE
nlgn4a,146,146,1,-,T,G,mismatch,1792,689,1,FALSE
nlgn4a,215,215,1,-,G,T,mismatch,1792,689,1,FALSE
nlgn4a,69,69,1,-,C,A,mismatch,1793,707,1,FALSE
nlgn4a,213,213,1,-,C,T,mismatch,1793,707,1,FALSE
nlgn4a,211,211,1,-,C,T,mismatch,1794,716,1,FALSE
nlgn4a,72,72,1,-,C,A,mismatch,1795,707,1,FALSE
nlgn4a,210,210,1,-,C,T,mismatch,1795,707,1,FALSE
nlgn4a,69,69,1,-,C,T,mismatch,1796,689,1,FALSE
nlgn4a,86,86,1,-,T,C,mismatch,1796,689,1,FALSE
nlgn4a,143,143,1,-,C,A,mismatch,1796,689,1,FALSE
nlgn4a,210,210,1,-,C,T,mismatch,1796,689,1,FALSE
nlgn4a,145,145,1,-,T,C,mismatch,1797,707,1,FALSE
nlgn4a,210,210,1,-,C,T,mismatch,1797,707,1,FALSE
nlgn4a,210,210,1,-,C,G,mismatch,1798,716,1,FALSE
nlgn4a,78,78,1,-,A,G,mismatch,1799,689,1,FALSE
nlgn4a,90,90,1,-,C,G,mismatch,1799,689,1,FALSE
nlgn4a,183,183,1,-,T,G,mismatch,1799,689,1,FALSE
nlgn4a,208,208,1,-,C,G,mismatch,1799,689,1,FALSE
nlgn4a,207,207,1,-,A,G,mismatch,1800,716,1,FALSE
nlgn4a,143,143,1,-,C,G,mismatch,1801,707,1,FALSE
nlgn4a,207,207,1,-,A,C,mismatch,1801,707,1,FALSE
nlgn4a,206,206,1,-,A,G,mismatch,1802,716,1,FALSE
nlgn4a,206,206,1,-,A,C,mismatch,1803,716,1,FALSE
nlgn4a,77,77,1,-,C,G,mismatch,1804,698,1,FALSE
nlgn4a,171,171,1,-,G,A,mismatch,1804,698,1,FALSE
nlgn4a,205,205,1,-,A,T,mismatch,1804,698,1,FALSE
nlgn4a,205,205,1,-,A,C,mismatch,1805,716,1,FALSE
nlgn4a,191,191,1,-,G,T,mismatch,1806,716,1,FALSE
nlgn4a,67,67,1,-,T,A,mismatch,1807,707,1,FALSE
nlgn4a,186,186,1,-,G,T,mismatch,1807,707,1,FALSE
nlgn4a,164,164,1,-,C,A,mismatch,1808,707,1,FALSE
nlgn4a,184,184,1,-,A,C,mismatch,1808,707,1,FALSE
nlgn4a,182,182,1,-,C,T,mismatch,1809,716,1,FALSE
nlgn4a,182,182,1,-,C,G,mismatch,1810,716,1,FALSE
nlgn4a,144,144,1,-,A,G,mismatch,1811,707,1,FALSE
nlgn4a,180,180,1,-,A,G,mismatch,1811,707,1,FALSE
nlgn4a,180,180,1,-,A,G,mismatch,1812,716,1,FALSE
nlgn4a,146,146,1,-,T,C,mismatch,1813,707,1,FALSE
nlgn4a,180,180,1,-,A,G,mismatch,1813,707,1,FALSE
nlgn4a,56,56,1,-,A,C,mismatch,1814,698,1,FALSE
nlgn4a,86,86,1,-,T,A,mismatch,1814,698,1,FALSE
nlgn4a,179,179,1,-,A,C,mismatch,1814,698,1,FALSE
nlgn4a,178,178,1,-,C,T,mismatch,1815,716,1,FALSE
nlgn4a,177,177,1,-,A,T,mismatch,1816,716,1,FALSE
nlgn4a,82,82,1,-,T,G,mismatch,1817,707,1,FALSE
nlgn4a,174,174,1,-,A,G,mismatch,1817,707,1,FALSE
nlgn4a,75,75,1,-,A,T,mismatch,1818,707,1,FALSE
nlgn4a,171,171,1,-,G,T,mismatch,1818,707,1,FALSE
nlgn4a,151,151,1,-,G,A,mismatch,1819,707,1,FALSE
nlgn4a,168,168,1,-,A,G,mismatch,1819,707,1,FALSE
nlgn4a,87,87,1,-,C,A,mismatch,1820,707,1,FALSE
nlgn4a,166,166,1,-,C,G,mismatch,1820,707,1,FALSE
nlgn4a,164,164,1,-,C,G,mismatch,1821,716,1,FALSE
nlgn4a,156,156,1,-,C,T,mismatch,1822,716,1,FALSE
nlgn4a,145,145,1,-,T,G,mismatch,1823,707,1,FALSE
nlgn4a,154,154,1,-,C,G,mismatch,1823,707,1,FALSE
nlgn4a,153,153,1,-,G,T,mismatch,1824,716,1,FALSE
nlgn4a,74,74,1,-,T,A,mismatch,1825,707,1,FALSE
nlgn4a,149,149,1,-,A,G,mismatch,1825,707,1,FALSE
nlgn4a,68,68,1,-,A,T,mismatch,1826,698,1,FALSE
nlgn4a,144,144,1,-,A,T,mismatch,1826,698,1,FALSE
nlgn4a,148,148,1,-,C,T,mismatch,1826,698,1,FALSE
nlgn4a,62,62,1,-,A,G,mismatch,1827,707,1,FALSE
nlgn4a,144,144,1,-,A,T,mismatch,1827,707,1,FALSE
nlgn4a,69,69,1,-,C,T,mismatch,1828,707,1,FALSE
nlgn4a,94,94,1,-,C,G,mismatch,1828,707,1,FALSE
nlgn4a,72,72,1,-,C,G,mismatch,1829,707,1,FALSE
nlgn4a,94,94,1,-,C,T,mismatch,1829,707,1,FALSE
nlgn4a,82,82,1,-,T,C,mismatch,1830,707,1,FALSE
nlgn4a,94,94,1,-,C,T,mismatch,1830,707,1,FALSE
nlgn4a,62,62,1,-,A,G,mismatch,1831,698,1,FALSE
nlgn4a,78,78,1,-,A,G,mismatch,1831,698,1,FALSE
nlgn4a,84,84,1,-,C,G,mismatch,1831,698,1,FALSE
nlgn4a,78,78,1,-,A,T,mismatch,1832,716,1,FALSE
nlgn4a,76,76,1,-,C,T,mismatch,1833,716,1,FALSE
nlgn4a,75,75,1,-,A,T,mismatch,1834,716,1,FALSE
nlgn4a,66,66,1,-,A,T,mismatch,1835,716,1,FALSE
nlgn4a,66,66,1,-,A,C,mismatch,1836,716,1,FALSE
nlgn4a,56,56,1,-,A,G,mismatch,1837,716,1,FALSE
nlgn4a,56,56,1,-,A,C,mismatch,1838,716,1,FALSE
nlgn4a,63,63,1,-,T,A,mismatch,1839,716,1,FALSE
nlgn4a,64,64,1,-,G,C,mismatch,1840,716,1,FALSE
nlgn4a,73,73,1,-,T,G,mismatch,1841,716,1,FALSE
nlgn4a,74,74,1,-,T,C,mismatch,1842,716,1,FALSE
nlgn4a,77,77,1,-,C,A,mismatch,1843,716,1,FALSE
nlgn4a,62,62,1,-,A,G,mismatch,1844,707,1,FALSE
nlgn4a,80,80,1,-,G,C,mismatch,1844,707,1,FALSE
nlgn4a,81,81,1,-,G,A,mismatch,1845,716,1,FALSE
nlgn4a,82,82,1,-,T,C,mismatch,1846,716,1,FALSE
nlgn4a,66,66,1,-,A,G,mismatch,1847,707,1,FALSE
nlgn4a,83,83,1,-,T,G,mismatch,1847,707,1,FALSE
nlgn4a,83,83,1,-,T,A,mismatch,1848,716,1,FALSE
nlgn4a,90,90,1,-,C,A,mismatch,1849,716,1,FALSE
nlgn4a,91,91,1,-,T,C,mismatch,1850,716,1,FALSE
nlgn4a,87,87,1,-,C,G,mismatch,1851,707,1,FALSE
nlgn4a,92,92,1,-,G,A,mismatch,1851,707,1,FALSE
nlgn4a,59,59,1,-,C,T,mismatch,1852,707,1,FALSE
nlgn4a,93,93,1,-,G,A,mismatch,1852,707,1,FALSE
nlgn4a,93,93,1,-,G,A,mismatch,1853,716,1,FALSE
nlgn4a,142,142,1,-,C,A,mismatch,1854,716,1,FALSE
nlgn4a,86,86,1,-,T,A,mismatch,1855,707,1,FALSE
nlgn4a,151,151,1,-,G,A,mismatch,1855,707,1,FALSE
nlgn4a,153,153,1,-,G,C,mismatch,1856,716,1,FALSE
nlgn4a,158,158,1,-,G,C,mismatch,1857,716,1,FALSE
nlgn4a,83,83,1,-,T,G,mismatch,1858,698,1,FALSE
nlgn4a,85,85,1,-,A,G,mismatch,1858,698,1,FALSE
nlgn4a,159,159,1,-,C,A,mismatch,1858,698,1,FALSE
nlgn4a,149,149,1,-,A,G,mismatch,1859,707,1,FALSE
nlgn4a,164,164,1,-,C,A,mismatch,1859,707,1,FALSE
nlgn4a,94,94,1,-,C,G,mismatch,1860,707,1,FALSE
nlgn4a,165,165,1,-,C,A,mismatch,1860,707,1,FALSE
nlgn4a,168,168,1,-,A,C,mismatch,1861,707,1,FALSE
nlgn4a,170,170,1,-,T,G,mismatch,1861,707,1,FALSE
nlgn4a,149,149,1,-,A,C,mismatch,1862,707,1,FALSE
nlgn4a,173,173,1,-,T,A,mismatch,1862,707,1,FALSE
nlgn4a,175,175,1,-,C,A,mismatch,1863,716,1,FALSE
nlgn4a,86,86,1,-,T,G,mismatch,1864,707,1,FALSE
nlgn4a,176,176,1,-,G,C,mismatch,1864,707,1,FALSE
nlgn4a,185,185,1,-,T,C,mismatch,1865,716,1,FALSE
nlgn4a,57,57,1,-,A,T,mismatch,1866,698,1,FALSE
nlgn4a,164,164,1,-,C,A,mismatch,1866,698,1,FALSE
nlgn4a,187,187,1,-,G,C,mismatch,1866,698,1,FALSE
nlgn4a,57,57,1,-,A,G,mismatch,1867,698,1,FALSE
nlgn4a,169,169,1,-,T,G,mismatch,1867,698,1,FALSE
nlgn4a,193,193,1,-,T,A,mismatch,1867,698,1,FALSE
nlgn4a,75,75,1,-,A,C,mismatch,1868,689,1,FALSE
nlgn4a,145,145,1,-,T,A,mismatch,1868,689,1,FALSE
nlgn4a,150,150,1,-,T,A,mismatch,1868,689,1,FALSE
nlgn4a,200,200,1,-,C,A,mismatch,1868,689,1,FALSE
nlgn4a,71,71,1,-,A,C,mismatch,1869,698,1,FALSE
nlgn4a,159,159,1,-,C,A,mismatch,1869,698,1,FALSE
nlgn4a,201,201,1,-,T,C,mismatch,1869,698,1,FALSE
nlgn4a,188,188,1,-,C,G,mismatch,1870,707,1,FALSE
nlgn4a,201,201,1,-,T,A,mismatch,1870,707,1,FALSE
nlgn4a,154,154,1,-,C,G,mismatch,1871,707,1,FALSE
nlgn4a,202,202,1,-,T,C,mismatch,1871,707,1,FALSE
nlgn4a,203,203,1,-,G,C,mismatch,1872,716,1,FALSE
nlgn4a,74,74,1,-,T,G,mismatch,1873,707,1,FALSE
nlgn4a,208,208,1,-,C,A,mismatch,1873,707,1,FALSE
nlgn4a,85,85,1,-,A,G,mismatch,1874,707,1,FALSE
nlgn4a,212,212,1,-,T,C,mismatch,1874,707,1,FALSE
nlgn4a,73,73,1,-,T,C,mismatch,1875,707,1,FALSE
nlgn4a,214,214,1,-,T,A,mismatch,1875,707,1,FALSE
nlgn4a,63,63,1,-,T,A,mismatch,1876,707,1,FALSE
nlgn4a,215,215,1,-,G,C,mismatch,1876,707,1,FALSE
nlgn4a,150,150,1,-,T,C,mismatch,1877,707,1,FALSE
nlgn4a,221,221,1,-,T,C,mismatch,1877,707,1,FALSE
nlgn4a,70,70,1,-,C,T,mismatch,1878,680,1,FALSE
nlgn4a,79,79,1,-,T,A,mismatch,1878,680,1,FALSE
nlgn4a,90,90,1,-,C,G,mismatch,1878,680,1,FALSE
nlgn4a,145,145,1,-,T,G,mismatch,1878,680,1,FALSE
nlgn4a,224,224,1,-,G,C,mismatch,1878,680,1,FALSE
nlgn4a,62,62,1,-,A,G,mismatch,1879,698,1,FALSE
nlgn4a,153,153,1,-,G,A,mismatch,1879,698,1,FALSE
nlgn4a,226,226,1,-,T,C,mismatch,1879,698,1,FALSE
nlgn4a,182,182,1,-,C,G,mismatch,1880,707,1,FALSE
nlgn4a,226,226,1,-,T,A,mismatch,1880,707,1,FALSE
nlgn4a,94,94,1,-,C,T,mismatch,1881,707,1,FALSE
nlgn4a,226,226,1,-,T,A,mismatch,1881,707,1,FALSE
nlgn4a,185,185,1,-,T,G,mismatch,1882,707,1,FALSE
nlgn4a,226,226,1,-,T,A,mismatch,1882,707,1,FALSE
nlgn4a,176,176,1,-,G,C,mismatch,1883,707,1,FALSE
nlgn4a,227,227,1,-,T,A,mismatch,1883,707,1,FALSE
nlgn4a,149,149,1,-,A,T,mismatch,1884,689,1,FALSE
nlgn4a,163,163,1,-,A,T,mismatch,1884,689,1,FALSE
nlgn4a,217,217,1,-,C,G,mismatch,1884,689,1,FALSE
nlgn4a,229,229,1,-,T,G,mismatch,1884,689,1,FALSE
nlgn4a,155,155,1,-,T,G,mismatch,1886,707,1,FALSE
nlgn4a,61,61,1,-,C,G,mismatch,1887,698,1,FALSE
nlgn4a,196,196,1,-,G,T,mismatch,1887,698,1,FALSE
nlgn4a,78,78,1,-,A,G,mismatch,1888,716,1,FALSE
nlgn4a,78,78,1,-,A,G,mismatch,1889,707,1,FALSE
nlgn4a,213,213,1,-,C,A,mismatch,1889,707,1,FALSE
nlgn4a,56,56,1,-,A,C,mismatch,1891,716,1,FALSE
nlgn4a,88,88,1,-,C,A,mismatch,1892,716,1,FALSE
nlgn4a,60,60,1,-,C,A,mismatch,1893,707,1,FALSE
nlgn4a,65,65,1,-,G,C,mismatch,1893,707,1,FALSE
nlgn4a,85,85,1,-,A,T,mismatch,1894,716,1,FALSE
nlgn4a,209,209,1,-,A,T,mismatch,1895,707,1,FALSE
nlgn4a,226,226,1,-,T,A,mismatch,1895,707,1,FALSE
nlgn4a,87,87,1,-,C,T,mismatch,1900,716,1,FALSE
nlgn4a,153,153,1,-,G,A,mismatch,1901,741,1,FALSE
nlgn4a,104,104,1,-,C,T,mismatch,1904,716,1,FALSE
nlgn4a,112,112,1,-,C,A,mismatch,1905,716,1,FALSE
nlgn4a,58,58,1,-,C,A,mismatch,1906,698,1,FALSE
nlgn4a,60,60,1,-,C,A,mismatch,1906,698,1,FALSE
nlgn4a,149,149,1,-,A,C,mismatch,1906,698,1,FALSE
nlgn4a,176,176,1,-,G,T,mismatch,1907,716,1,FALSE
nlgn4a,207,207,1,-,A,T,mismatch,1910,716,1,FALSE
nlgn4a,157,157,1,-,A,C,mismatch,1912,741,1,FALSE
nlgn4a,165,165,1,-,C,T,mismatch,1913,707,1,FALSE
nlgn4a,190,190,1,-,A,C,mismatch,1914,716,1,FALSE
nlgn4a,91,91,1,-,T,C,mismatch,1915,716,1,FALSE
nlgn4a,216,216,1,-,C,T,mismatch,1916,698,1,FALSE
nlgn4a,228,228,1,-,C,T,mismatch,1916,698,1,FALSE
nlgn4a,71,71,1,-,A,C,mismatch,1919,716,1,FALSE
nlgn4a,157,157,1,-,A,C,mismatch,1920,716,1,FALSE
nlgn4a,95,95,1,-,T,G,mismatch,1921,716,1,FALSE
nlgn4a,91,91,1,-,T,A,mismatch,1924,707,1,FALSE
nlgn4a,204,204,1,-,A,C,mismatch,1924,707,1,FALSE
nlgn4a,169,169,1,-,T,G,mismatch,1925,716,1,FALSE
nlgn4a,139,139,1,-,T,G,mismatch,1928,716,1,FALSE
nlgn4a,200,200,1,-,C,G,mismatch,1929,716,1,FALSE
nlgn4a,62,62,1,-,A,C,mismatch,1930,680,1,FALSE
nlgn4a,136,136,1,-,G,A,mismatch,1930,680,1,FALSE
nlgn4a,179,179,1,-,A,T,mismatch,1930,680,1,FALSE
nlgn4a,187,187,1,-,G,A,mismatch,1930,680,1,FALSE
nlgn4a,197,197,1,-,A,C,mismatch,1930,680,1,FALSE
nlgn4a,58,58,1,-,C,T,mismatch,1932,716,1,FALSE
nlgn4a,151,151,1,-,G,A,mismatch,1933,707,1,FALSE
nlgn4a,167,167,1,-,T,G,mismatch,1933,707,1,FALSE
nlgn4a,161,161,1,-,G,A,mismatch,1934,716,1,FALSE
nlgn4a,64,64,1,-,G,A,mismatch,1935,707,1,FALSE
nlgn4a,228,228,1,-,C,G,mismatch,1935,707,1,FALSE
nlgn4a,78,78,1,-,A,C,mismatch,1936,698,1,FALSE
nlgn4a,175,175,1,-,C,G,mismatch,1936,698,1,FALSE
nlgn4a,57,57,1,-,A,T,mismatch,1938,707,1,FALSE
nlgn4a,185,185,1,-,T,G,mismatch,1938,707,1,FALSE
nlgn4a,70,70,1,-,C,A,mismatch,1940,716,1,FALSE
nlgn4a,157,157,1,-,A,C,mismatch,1941,716,1,FALSE
nlgn4a,80,80,1,-,G,T,mismatch,1942,716,1,FALSE
nlgn4a,162,162,1,-,C,A,mismatch,1943,689,1,FALSE
nlgn4a,176,176,1,-,G,T,mismatch,1943,689,1,FALSE
nlgn4a,185,185,1,-,T,G,mismatch,1943,689,1,FALSE
nlgn4a,227,227,1,-,T,C,mismatch,1943,689,1,FALSE
nlgn4a,141,141,1,-,G,T,mismatch,1945,707,1,FALSE
nlgn4a,160,160,1,-,A,G,mismatch,1945,707,1,FALSE
nlgn4a,168,168,1,-,A,C,mismatch,1946,716,1,FALSE
nlgn4a,154,154,1,-,C,T,mismatch,1949,689,1,FALSE
nlgn4a,183,183,1,-,T,A,mismatch,1949,689,1,FALSE
nlgn4a,209,209,1,-,A,C,mismatch,1949,689,1,FALSE
nlgn4a,62,62,1,-,A,G,mismatch,1953,707,1,FALSE
nlgn4a,230,230,1,-,A,C,mismatch,1953,707,1,FALSE
nlgn4a,225,225,1,-,A,G,mismatch,1954,716,1,FALSE
nlgn4a,225,225,1,-,A,C,mismatch,1955,716,1,FALSE
nlgn4a,62,62,1,-,A,C,mismatch,1956,689,1,FALSE
nlgn4a,139,139,1,-,T,G,mismatch,1956,689,1,FALSE
nlgn4a,174,174,1,-,A,G,mismatch,1956,689,1,FALSE
nlgn4a,223,223,1,-,A,T,mismatch,1956,689,1,FALSE
nlgn4a,66,66,1,-,A,C,mismatch,1957,707,1,FALSE
nlgn4a,223,223,1,-,A,T,mismatch,1957,707,1,FALSE
nlgn4a,56,56,1,-,A,T,mismatch,1958,698,1,FALSE
nlgn4a,207,207,1,-,A,T,mismatch,1958,698,1,FALSE
nlgn4a,223,223,1,-,A,G,mismatch,1958,698,1,FALSE
nlgn4a,134,134,1,-,G,C,mismatch,1959,698,1,FALSE
nlgn4a,162,162,1,-,C,G,mismatch,1959,698,1,FALSE
nlgn4a,213,213,1,-,C,G,mismatch,1959,698,1,FALSE
nlgn4a,208,208,1,-,C,G,mismatch,1960,716,1,FALSE
nlgn4a,206,206,1,-,A,G,mismatch,1961,716,1,FALSE
nlgn4a,157,157,1,-,A,C,mismatch,1962,707,1,FALSE
nlgn4a,204,204,1,-,A,G,mismatch,1962,707,1,FALSE
nlgn4a,145,145,1,-,T,G,mismatch,1963,698,1,FALSE
nlgn4a,180,180,1,-,A,G,mismatch,1963,698,1,FALSE
nlgn4a,204,204,1,-,A,C,mismatch,1963,698,1,FALSE
nlgn4a,162,162,1,-,C,G,mismatch,1964,707,1,FALSE
nlgn4a,204,204,1,-,A,C,mismatch,1964,707,1,FALSE
nlgn4a,204,204,1,-,A,C,mismatch,1965,716,1,FALSE
nlgn4a,197,197,1,-,A,T,mismatch,1966,716,1,FALSE
nlgn4a,168,168,1,-,A,G,mismatch,1967,707,1,FALSE
nlgn4a,196,196,1,-,G,T,mismatch,1967,707,1,FALSE
nlgn4a,70,70,1,-,C,T,mismatch,1968,689,1,FALSE
nlgn4a,80,80,1,-,G,C,mismatch,1968,689,1,FALSE
nlgn4a,185,185,1,-,T,C,mismatch,1968,689,1,FALSE
nlgn4a,195,195,1,-,A,G,mismatch,1968,689,1,FALSE
nlgn4a,149,149,1,-,A,C,mismatch,1969,698,1,FALSE
nlgn4a,152,152,1,-,G,T,mismatch,1969,698,1,FALSE
nlgn4a,194,194,1,-,A,C,mismatch,1969,698,1,FALSE
nlgn4a,134,134,1,-,G,C,mismatch,1970,698,1,FALSE
nlgn4a,144,144,1,-,A,T,mismatch,1970,698,1,FALSE
nlgn4a,194,194,1,-,A,C,mismatch,1970,698,1,FALSE
nlgn4a,194,194,1,-,A,C,mismatch,1971,716,1,FALSE
nlgn4a,147,147,1,-,A,T,mismatch,1972,707,1,FALSE
nlgn4a,190,190,1,-,A,T,mismatch,1972,707,1,FALSE
nlgn4a,189,189,1,-,A,C,mismatch,1973,716,1,FALSE
nlgn4a,55,55,1,-,G,C,mismatch,1974,707,1,FALSE
nlgn4a,189,189,1,-,A,C,mismatch,1974,707,1,FALSE
nlgn4a,171,171,1,-,G,A,mismatch,1975,707,1,FALSE
nlgn4a,189,189,1,-,A,C,mismatch,1975,707,1,FALSE
nlgn4a,184,184,1,-,A,T,mismatch,1976,716,1,FALSE
nlgn4a,59,59,1,-,C,A,mismatch,1977,689,1,FALSE
nlgn4a,145,145,1,-,T,C,mismatch,1977,689,1,FALSE
nlgn4a,178,178,1,-,C,T,mismatch,1977,689,1,FALSE
nlgn4a,181,181,1,-,A,T,mismatch,1977,689,1,FALSE
nlgn4a,181,181,1,-,A,T,mismatch,1978,716,1,FALSE
nlgn4a,73,73,1,-,T,A,mismatch,1979,698,1,FALSE
nlgn4a,138,138,1,-,C,T,mismatch,1979,698,1,FALSE
nlgn4a,181,181,1,-,A,G,mismatch,1979,698,1,FALSE
nlgn4a,181,181,1,-,A,G,mismatch,1980,716,1,FALSE
nlgn4a,177,177,1,-,A,C,mismatch,1982,716,1,FALSE
nlgn4a,175,175,1,-,C,T,mismatch,1983,716,1,FALSE
nlgn4a,83,83,1,-,T,G,mismatch,1984,707,1,FALSE
nlgn4a,168,168,1,-,A,C,mismatch,1984,707,1,FALSE
nlgn4a,165,165,1,-,C,T,mismatch,1985,716,1,FALSE
nlgn4a,165,165,1,-,C,G,mismatch,1986,716,1,FALSE
nlgn4a,55,55,1,-,G,A,mismatch,1987,698,1,FALSE
nlgn4a,162,162,1,-,C,G,mismatch,1988,716,1,FALSE
nlgn4a,72,72,1,-,C,G,mismatch,1989,698,1,FALSE
nlgn4a,156,156,1,-,C,G,mismatch,1989,698,1,FALSE
nlgn4a,160,160,1,-,A,C,mismatch,1989,698,1,FALSE
nlgn4a,159,159,1,-,C,G,mismatch,1990,716,1,FALSE
nlgn4a,81,81,1,-,G,A,mismatch,1991,707,1,FALSE
nlgn4a,158,158,1,-,G,T,mismatch,1991,707,1,FALSE
nlgn4a,140,140,1,-,G,A,mismatch,1992,707,1,FALSE
nlgn4a,157,157,1,-,A,T,mismatch,1992,707,1,FALSE
nlgn4a,157,157,1,-,A,C,mismatch,1993,716,1,FALSE
nlgn4a,149,149,1,-,A,G,mismatch,1994,716,1,FALSE
nlgn4a,149,149,1,-,A,C,mismatch,1995,716,1,FALSE
nlgn4a,148,148,1,-,C,G,mismatch,1996,716,1,FALSE
nlgn4a,144,144,1,-,A,T,mismatch,1997,716,1,FALSE
nlgn4a,144,144,1,-,A,G,mismatch,1998,716,1,FALSE
nlgn4a,137,137,1,-,G,T,mismatch,2000,716,1,FALSE
nlgn4a,136,136,1,-,G,T,mismatch,2001,716,1,FALSE
nlgn4a,79,79,1,-,T,C,mismatch,2002,707,1,FALSE
nlgn4a,136,136,1,-,G,T,mismatch,2002,707,1,FALSE
nlgn4a,68,68,1,-,A,G,mismatch,2003,707,1,FALSE
nlgn4a,133,133,1,-,C,T,mismatch,2003,707,1,FALSE
nlgn4a,133,133,1,-,C,T,mismatch,2004,716,1,FALSE
nlgn4a,80,80,1,-,G,T,mismatch,2005,716,1,FALSE
nlgn4a,61,61,1,-,C,A,mismatch,2006,698,1,FALSE
nlgn4a,69,69,1,-,C,G,mismatch,2006,698,1,FALSE
nlgn4a,77,77,1,-,C,T,mismatch,2006,698,1,FALSE
nlgn4a,77,77,1,-,C,G,mismatch,2007,716,1,FALSE
nlgn4a,76,76,1,-,C,T,mismatch,2008,716,1,FALSE
nlgn4a,75,75,1,-,A,T,mismatch,2009,716,1,FALSE
nlgn4a,75,75,1,-,A,G,mismatch,2010,716,1,FALSE
nlgn4a,72,72,1,-,C,T,mismatch,2011,716,1,FALSE
nlgn4a,72,72,1,-,C,G,mismatch,2012,716,1,FALSE
nlgn4a,66,66,1,-,A,C,mismatch,2013,716,1,FALSE
nlgn4a,62,62,1,-,A,G,mismatch,2014,716,1,FALSE
nlgn4a,61,61,1,-,C,G,mismatch,2015,716,1,FALSE
nlgn4a,58,58,1,-,C,T,mismatch,2016,716,1,FALSE
nlgn4a,60,60,1,-,C,A,mismatch,2017,716,1,FALSE
nlgn4a,63,63,1,-,T,A,mismatch,2018,716,1,FALSE
nlgn4a,74,74,1,-,T,G,mismatch,2019,716,1,FALSE
nlgn4a,74,74,1,-,T,C,mismatch,2020,716,1,FALSE
nlgn4a,68,68,1,-,A,C,mismatch,2021,698,1,FALSE
nlgn4a,72,72,1,-,C,T,mismatch,2021,698,1,FALSE
nlgn4a,77,77,1,-,C,A,mismatch,2021,698,1,FALSE
nlgn4a,77,77,1,-,C,A,mismatch,2022,716,1,FALSE
nlgn4a,80,80,1,-,G,C,mismatch,2023,716,1,FALSE
nlgn4a,81,81,1,-,G,C,mismatch,2024,716,1,FALSE
nlgn4a,81,81,1,-,G,A,mismatch,2025,716,1,FALSE
nlgn4a,66,66,1,-,A,G,mismatch,2026,707,1,FALSE
nlgn4a,83,83,1,-,T,C,mismatch,2026,707,1,FALSE
nlgn4a,75,75,1,-,A,C,mismatch,2028,707,1,FALSE
nlgn4a,84,84,1,-,C,A,mismatch,2028,707,1,FALSE
nlgn4a,57,57,1,-,A,C,mismatch,2029,707,1,FALSE
nlgn4a,84,84,1,-,C,A,mismatch,2029,707,1,FALSE
nlgn4a,135,135,1,-,T,C,mismatch,2030,716,1,FALSE
nlgn4a,63,63,1,-,T,G,mismatch,2031,689,1,FALSE
nlgn4a,135,135,1,-,T,C,mismatch,2031,689,1,FALSE
nlgn4a,135,135,1,-,T,A,mismatch,2032,716,1,FALSE
nlgn4a,136,136,1,-,G,C,mismatch,2033,716,1,FALSE
nlgn4a,81,81,1,-,G,C,mismatch,2034,707,1,FALSE
nlgn4a,137,137,1,-,G,A,mismatch,2034,707,1,FALSE
nlgn4a,139,139,1,-,T,A,mismatch,2035,716,1,FALSE
nlgn4a,140,140,1,-,G,C,mismatch,2036,716,1,FALSE
nlgn4a,140,140,1,-,G,A,mismatch,2037,716,1,FALSE
nlgn4a,141,141,1,-,G,A,mismatch,2038,716,1,FALSE
nlgn4a,146,146,1,-,T,C,mismatch,2039,716,1,FALSE
nlgn4a,80,80,1,-,G,A,mismatch,2040,698,1,FALSE
nlgn4a,135,135,1,-,T,C,mismatch,2040,698,1,FALSE
nlgn4a,150,150,1,-,T,G,mismatch,2040,698,1,FALSE
nlgn4a,150,150,1,-,T,C,mismatch,2041,716,1,FALSE
nlgn4a,146,146,1,-,T,G,mismatch,2042,707,1,FALSE
nlgn4a,151,151,1,-,G,C,mismatch,2042,707,1,FALSE
nlgn4a,152,152,1,-,G,C,mismatch,2043,716,1,FALSE
nlgn4a,154,154,1,-,C,A,mismatch,2044,716,1,FALSE
nlgn4a,155,155,1,-,T,C,mismatch,2045,716,1,FALSE
nlgn4a,155,155,1,-,T,A,mismatch,2046,716,1,FALSE
nlgn4a,57,57,1,-,A,T,mismatch,2047,698,1,FALSE
nlgn4a,66,66,1,-,A,C,mismatch,2047,698,1,FALSE
nlgn4a,164,164,1,-,C,A,mismatch,2047,698,1,FALSE
nlgn4a,68,68,1,-,A,T,mismatch,2048,698,1,FALSE
nlgn4a,83,83,1,-,T,C,mismatch,2048,698,1,FALSE
nlgn4a,166,166,1,-,C,A,mismatch,2048,698,1,FALSE
nlgn4a,56,56,1,-,A,G,mismatch,2049,707,1,FALSE
nlgn4a,167,167,1,-,T,G,mismatch,2049,707,1,FALSE
nlgn4a,167,167,1,-,T,C,mismatch,2050,716,1,FALSE
nlgn4a,159,159,1,-,C,G,mismatch,2051,707,1,FALSE
nlgn4a,169,169,1,-,T,A,mismatch,2051,707,1,FALSE
nlgn4a,56,56,1,-,A,T,mismatch,2052,689,1,FALSE
nlgn4a,170,170,1,-,T,C,mismatch,2052,689,1,FALSE
nlgn4a,55,55,1,-,G,T,mismatch,2053,698,1,FALSE
nlgn4a,141,141,1,-,G,C,mismatch,2053,698,1,FALSE
nlgn4a,170,170,1,-,T,C,mismatch,2053,698,1,FALSE
nlgn4a,82,82,1,-,T,G,mismatch,2054,698,1,FALSE
nlgn4a,154,154,1,-,C,G,mismatch,2054,698,1,FALSE
nlgn4a,171,171,1,-,G,C,mismatch,2054,698,1,FALSE
nlgn4a,64,64,1,-,G,A,mismatch,2055,698,1,FALSE
nlgn4a,67,67,1,-,T,C,mismatch,2055,698,1,FALSE
nlgn4a,171,171,1,-,G,C,mismatch,2055,698,1,FALSE
nlgn4a,168,168,1,-,A,T,mismatch,2056,707,1,FALSE
nlgn4a,172,172,1,-,T,G,mismatch,2056,707,1,FALSE
nlgn4a,172,172,1,-,T,G,mismatch,2057,716,1,FALSE
nlgn4a,67,67,1,-,T,A,mismatch,2058,707,1,FALSE
nlgn4a,173,173,1,-,T,C,mismatch,2058,707,1,FALSE
nlgn4a,183,183,1,-,T,C,mismatch,2059,716,1,FALSE
nlgn4a,74,74,1,-,T,G,mismatch,2060,707,1,FALSE
nlgn4a,185,185,1,-,T,A,mismatch,2060,707,1,FALSE
nlgn4a,65,65,1,-,G,C,mismatch,2061,707,1,FALSE
nlgn4a,188,188,1,-,C,A,mismatch,2061,707,1,FALSE
nlgn4a,80,80,1,-,G,A,mismatch,2062,680,1,FALSE
nlgn4a,149,149,1,-,A,G,mismatch,2062,680,1,FALSE
nlgn4a,182,182,1,-,C,A,mismatch,2062,680,1,FALSE
nlgn4a,184,184,1,-,A,C,mismatch,2062,680,1,FALSE
nlgn4a,193,193,1,-,T,C,mismatch,2062,680,1,FALSE
nlgn4a,196,196,1,-,G,A,mismatch,2063,716,1,FALSE
nlgn4a,58,58,1,-,C,T,mismatch,2064,707,1,FALSE
nlgn4a,198,198,1,-,G,A,mismatch,2064,707,1,FALSE
nlgn4a,198,198,1,-,G,A,mismatch,2065,716,1,FALSE
nlgn4a,55,55,1,-,G,C,mismatch,2066,707,1,FALSE
nlgn4a,199,199,1,-,G,A,mismatch,2066,707,1,FALSE
nlgn4a,57,57,1,-,A,C,mismatch,2067,689,1,FALSE
nlgn4a,61,61,1,-,C,A,mismatch,2067,689,1,FALSE
nlgn4a,66,66,1,-,A,C,mismatch,2067,689,1,FALSE
nlgn4a,201,201,1,-,T,A,mismatch,2067,689,1,FALSE
nlgn4a,171,171,1,-,G,C,mismatch,2068,707,1,FALSE
nlgn4a,202,202,1,-,T,G,mismatch,2068,707,1,FALSE
nlgn4a,84,84,1,-,C,G,mismatch,2069,689,1,FALSE
nlgn4a,147,147,1,-,A,G,mismatch,2069,689,1,FALSE
nlgn4a,161,161,1,-,G,T,mismatch,2069,689,1,FALSE
nlgn4a,208,208,1,-,C,A,mismatch,2069,689,1,FALSE
nlgn4a,141,141,1,-,G,T,mismatch,2070,698,1,FALSE
nlgn4a,150,150,1,-,T,A,mismatch,2070,698,1,FALSE
nlgn4a,211,211,1,-,C,A,mismatch,2070,698,1,FALSE
nlgn4a,59,59,1,-,C,T,mismatch,2071,689,1,FALSE
nlgn4a,75,75,1,-,A,T,mismatch,2071,689,1,FALSE
nlgn4a,186,186,1,-,G,T,mismatch,2071,689,1,FALSE
nlgn4a,213,213,1,-,C,A,mismatch,2071,689,1,FALSE
nlgn4a,222,222,1,-,G,C,mismatch,2072,716,1,FALSE
nlgn4a,140,140,1,-,G,A,mismatch,2073,698,1,FALSE
nlgn4a,207,207,1,-,A,G,mismatch,2073,698,1,FALSE
nlgn4a,224,224,1,-,G,C,mismatch,2073,698,1,FALSE
nlgn4a,204,204,1,-,A,T,mismatch,2074,707,1,FALSE
nlgn4a,224,224,1,-,G,C,mismatch,2074,707,1,FALSE
nlgn4a,74,74,1,-,T,C,mismatch,2075,698,1,FALSE
nlgn4a,192,192,1,-,C,A,mismatch,2075,698,1,FALSE
nlgn4a,224,224,1,-,G,A,mismatch,2075,698,1,FALSE
nlgn4a,68,68,1,-,A,G,mismatch,2076,707,1,FALSE
nlgn4a,226,226,1,-,T,A,mismatch,2076,707,1,FALSE
nlgn4a,57,57,1,-,A,C,mismatch,2077,698,1,FALSE
nlgn4a,73,73,1,-,T,C,mismatch,2077,698,1,FALSE
nlgn4a,227,227,1,-,T,C,mismatch,2077,698,1,FALSE
nlgn4a,199,199,1,-,G,A,mismatch,2078,698,1,FALSE
nlgn4a,224,224,1,-,G,A,mismatch,2078,698,1,FALSE
nlgn4a,227,227,1,-,T,A,mismatch,2078,698,1,FALSE
nlgn4a,76,76,1,-,C,T,mismatch,2079,680,1,FALSE
nlgn4a,135,135,1,-,T,G,mismatch,2079,680,1,FALSE
nlgn4a,192,192,1,-,C,T,mismatch,2079,680,1,FALSE
nlgn4a,225,225,1,-,A,C,mismatch,2079,680,1,FALSE
nlgn4a,228,228,1,-,C,A,mismatch,2079,680,1,FALSE
nlgn4a,139,139,1,-,T,A,mismatch,2080,689,1,FALSE
nlgn4a,149,149,1,-,A,T,mismatch,2080,689,1,FALSE
nlgn4a,171,171,1,-,G,T,mismatch,2080,689,1,FALSE
nlgn4a,231,231,1,-,G,A,mismatch,2080,689,1,FALSE
nlgn4a,73,73,1,-,T,C,mismatch,2081,707,1,FALSE
nlgn4a,232,232,1,-,G,C,mismatch,2081,707,1,FALSE
nlgn4a,233,233,1,-,G,A,mismatch,2082,716,1,FALSE
nlgn4a,159,159,1,-,C,A,mismatch,2085,698,1,FALSE
nlgn4a,199,199,1,-,G,C,mismatch,2085,698,1,FALSE
nlgn4a,163,163,1,-,A,G,mismatch,2087,689,1,FALSE
nlgn4a,171,171,1,-,G,A,mismatch,2087,689,1,FALSE
nlgn4a,198,198,1,-,G,A,mismatch,2087,689,1,FALSE
nlgn4a,230,230,1,-,A,G,mismatch,2088,707,1,FALSE
nlgn4a,79,79,1,-,T,A,mismatch,2089,698,1,FALSE
nlgn4a,204,204,1,-,A,G,mismatch,2089,698,1,FALSE
nlgn4a,135,135,1,-,T,A,mismatch,2092,716,1,FALSE
nlgn4a,150,150,1,-,T,A,mismatch,2093,698,1,FALSE
nlgn4a,201,201,1,-,T,A,mismatch,2096,707,1,FALSE
nlgn4a,233,233,1,-,G,T,mismatch,2096,707,1,FALSE
nlgn4a,69,69,1,-,C,A,mismatch,2098,707,1,FALSE
nlgn4a,193,193,1,-,T,C,mismatch,2098,707,1,FALSE
nlgn4a,65,65,1,-,G,C,mismatch,2100,707,1,FALSE
nlgn4a,58,58,1,-,C,G,mismatch,2101,689,1,FALSE
nlgn4a,63,63,1,-,T,A,mismatch,2101,689,1,FALSE
nlgn4a,69,69,1,-,C,G,mismatch,2101,689,1,FALSE
nlgn4a,78,78,1,-,A,T,mismatch,2101,689,1,FALSE
nlgn4a,77,77,1,-,C,G,mismatch,2104,716,1,FALSE
nlgn4a,154,154,1,-,C,A,mismatch,2105,716,1,FALSE
nlgn4a,76,76,1,-,C,T,mismatch,2106,707,1,FALSE
nlgn4a,163,163,1,-,A,C,mismatch,2107,716,1,FALSE
nlgn4a,172,172,1,-,T,C,mismatch,2108,716,1,FALSE
nlgn4a,203,203,1,-,G,C,mismatch,2109,716,1,FALSE
nlgn4a,109,109,1,-,T,G,mismatch,2111,716,1,FALSE
nlgn4a,160,160,1,-,A,T,mismatch,2112,707,1,FALSE
nlgn4a,178,178,1,-,C,T,mismatch,2112,707,1,FALSE
nlgn4a,215,215,1,-,G,A,mismatch,2114,689,1,FALSE
nlgn4a,217,217,1,-,C,T,mismatch,2114,689,1,FALSE
nlgn4a,219,219,1,-,A,G,mismatch,2114,689,1,FALSE
nlgn4a,213,213,1,-,C,A,mismatch,2116,716,1,FALSE
nlgn4a,139,139,1,-,T,G,mismatch,2118,741,1,FALSE
nlgn4a,72,72,1,-,C,T,mismatch,2121,707,1,FALSE
nlgn4a,76,76,1,-,C,T,mismatch,2121,707,1,FALSE
nlgn4a,132,132,1,-,G,A,mismatch,2122,741,1,FALSE
nlgn4a,63,63,1,-,T,G,mismatch,2124,707,1,FALSE
nlgn4a,73,73,1,-,T,A,mismatch,2124,707,1,FALSE
nlgn4a,94,94,1,-,C,G,mismatch,2125,716,1,FALSE
nlgn4a,111,111,1,-,A,T,mismatch,2128,698,1,FALSE
nlgn4a,119,119,1,-,T,A,mismatch,2128,698,1,FALSE
nlgn4a,184,184,1,-,A,G,mismatch,2128,698,1,FALSE
nlgn4a,109,109,1,-,T,C,mismatch,2129,707,1,FALSE
nlgn4a,195,195,1,-,A,C,mismatch,2129,707,1,FALSE
nlgn4a,109,109,1,-,T,C,mismatch,2130,716,1,FALSE
nlgn4a,64,64,1,-,G,T,mismatch,2131,698,1,FALSE
nlgn4a,111,111,1,-,A,G,mismatch,2132,723,1,FALSE
nlgn4a,151,151,1,-,G,A,mismatch,2132,723,1,FALSE
nlgn4a,77,77,1,-,C,G,mismatch,2133,698,1,FALSE
nlgn4a,155,155,1,-,T,C,mismatch,2133,698,1,FALSE
nlgn4a,185,185,1,-,T,C,mismatch,2133,698,1,FALSE
nlgn4a,124,124,1,-,T,C,mismatch,2134,741,1,FALSE
nlgn4a,79,79,1,-,T,G,mismatch,2135,707,1,FALSE
nlgn4a,91,91,1,-,T,G,mismatch,2135,707,1,FALSE
nlgn4a,71,71,1,-,A,G,mismatch,2136,716,1,FALSE
nlgn4a,135,135,1,-,T,A,mismatch,2137,723,1,FALSE
nlgn4a,166,166,1,-,C,A,mismatch,2137,723,1,FALSE
nlgn4a,217,217,1,-,C,T,mismatch,2137,723,1,FALSE
nlgn4a,225,225,1,-,A,G,mismatch,2138,716,1,FALSE
nlgn4a,110,110,1,-,T,C,mismatch,2139,732,1,FALSE
nlgn4a,131,131,1,-,T,G,mismatch,2139,732,1,FALSE
nlgn4a,144,144,1,-,A,C,mismatch,2140,716,1,FALSE
nlgn4a,78,78,1,-,A,C,mismatch,2143,707,1,FALSE
nlgn4a,97,97,1,-,C,A,mismatch,2143,707,1,FALSE
nlgn4a,104,104,1,-,C,G,mismatch,2145,698,1,FALSE
nlgn4a,145,145,1,-,T,G,mismatch,2145,698,1,FALSE
nlgn4a,69,69,1,-,C,T,mismatch,2146,698,1,FALSE
nlgn4a,71,71,1,-,A,G,mismatch,2146,698,1,FALSE
nlgn4a,213,213,1,-,C,T,mismatch,2146,698,1,FALSE
nlgn4a,225,225,1,-,A,G,mismatch,2148,716,1,FALSE
nlgn4a,166,166,1,-,C,G,mismatch,2150,716,1,FALSE
nlgn4a,65,65,1,-,G,T,mismatch,2151,707,1,FALSE
nlgn4a,208,208,1,-,C,T,mismatch,2151,707,1,FALSE
nlgn4a,215,215,1,-,G,C,mismatch,2152,716,1,FALSE
nlgn4a,69,69,1,-,C,T,mismatch,2153,716,1,FALSE
nlgn4a,66,66,1,-,A,C,mismatch,2155,680,1,FALSE
nlgn4a,72,72,1,-,C,G,mismatch,2155,680,1,FALSE
nlgn4a,109,109,1,-,T,C,mismatch,2155,680,1,FALSE
nlgn4a,42,42,1,-,T,A,mismatch,2157,707,1,FALSE
nlgn4a,63,63,1,-,T,G,mismatch,2157,707,1,FALSE
nlgn4a,93,93,1,-,G,A,mismatch,2158,716,1,FALSE
nlgn4a,162,162,1,-,C,G,mismatch,2159,716,1,FALSE
nlgn4a,79,79,1,-,T,G,mismatch,2160,707,1,FALSE
nlgn4a,166,166,1,-,C,A,mismatch,2160,707,1,FALSE
nlgn4a,222,222,1,-,G,C,mismatch,2161,716,1,FALSE
nlgn4a,72,72,1,-,C,G,mismatch,2162,716,1,FALSE
nlgn4a,116,116,1,-,G,T,mismatch,2164,716,1,FALSE
nlgn4a,90,90,1,-,C,T,mismatch,2165,707,1,FALSE
nlgn4a,229,229,1,-,T,A,mismatch,2165,707,1,FALSE
nlgn4a,153,153,1,-,G,A,mismatch,2167,716,1,FALSE
nlgn4a,153,153,1,-,G,T,mismatch,2168,741,1,FALSE
nlgn4a,100,100,1,-,T,A,mismatch,2169,698,1,FALSE
nlgn4a,168,168,1,-,A,T,mismatch,2169,698,1,FALSE
nlgn4a,193,193,1,-,T,C,mismatch,2169,698,1,FALSE
nlgn4a,107,107,1,-,T,C,mismatch,2171,707,1,FALSE
nlgn4a,155,155,1,-,T,G,mismatch,2171,707,1,FALSE
nlgn4a,57,57,1,-,A,G,mismatch,2173,698,1,FALSE
nlgn4a,72,72,1,-,C,G,mismatch,2173,698,1,FALSE
nlgn4a,151,151,1,-,G,T,mismatch,2173,698,1,FALSE
nlgn4a,62,62,1,-,A,G,mismatch,2176,707,1,FALSE
nlgn4a,67,67,1,-,T,A,mismatch,2176,707,1,FALSE
nlgn4a,70,70,1,-,C,G,mismatch,2177,716,1,FALSE
nlgn4a,204,204,1,-,A,C,mismatch,2178,707,1,FALSE
nlgn4a,74,74,1,-,T,A,mismatch,2181,707,1,FALSE
nlgn4a,80,80,1,-,G,T,mismatch,2181,707,1,FALSE
nlgn4a,148,148,1,-,C,T,mismatch,2182,707,1,FALSE
nlgn4a,165,165,1,-,C,A,mismatch,2182,707,1,FALSE
nlgn4a,147,147,1,-,A,T,mismatch,2183,741,1,FALSE
nlgn4a,69,69,1,-,C,T,mismatch,2184,707,1,FALSE
nlgn4a,145,145,1,-,T,A,mismatch,2184,707,1,FALSE
nlgn4a,217,217,1,-,C,G,mismatch,2186,716,1,FALSE
nlgn4a,161,161,1,-,G,A,mismatch,2187,716,1,FALSE
nlgn4a,50,50,1,-,C,A,mismatch,2189,716,1,FALSE
nlgn4a,198,198,1,-,G,A,mismatch,2190,716,1,FALSE
nlgn4a,187,187,1,-,G,T,mismatch,2191,716,1,FALSE
nlgn4a,65,65,1,-,G,A,mismatch,2193,716,1,FALSE
nlgn4a,84,84,1,-,C,G,mismatch,2197,716,1,FALSE
nlgn4a,96,96,1,-,A,T,mismatch,2198,716,1,FALSE
nlgn4a,55,55,1,-,G,A,mismatch,2200,707,1,FALSE
nlgn4a,197,197,1,-,A,G,mismatch,2200,707,1,FALSE
nlgn4a,61,61,1,-,C,G,mismatch,2202,716,1,FALSE
nlgn4a,140,140,1,-,G,A,mismatch,2203,716,1,FALSE
nlgn4a,121,121,1,-,T,A,mismatch,2205,716,1,FALSE
nlgn4a,181,181,1,-,A,T,mismatch,2207,741,1,FALSE
nlgn4a,147,147,1,-,A,C,mismatch,2211,716,1,FALSE
nlgn4a,74,74,1,-,T,A,mismatch,2212,716,1,FALSE
nlgn4a,107,107,1,-,T,G,mismatch,2213,716,1,FALSE
nlgn4a,73,73,1,-,T,A,mismatch,2214,716,1,FALSE
nlgn4a,76,76,1,-,C,A,mismatch,2215,716,1,FALSE
nlgn4a,165,165,1,-,C,A,mismatch,2216,707,1,FALSE
nlgn4a,231,231,1,-,G,A,mismatch,2216,707,1,FALSE
nlgn4a,92,92,1,-,G,C,mismatch,2217,707,1,FALSE
nlgn4a,107,107,1,-,T,A,mismatch,2217,707,1,FALSE
nlgn4a,38,38,1,-,C,T,mismatch,2218,716,1,FALSE
nlgn4a,53,53,1,-,A,C,mismatch,2219,707,1,FALSE
nlgn4a,97,97,1,-,C,G,mismatch,2219,707,1,FALSE
nlgn4a,200,200,1,-,C,A,mismatch,2220,707,1,FALSE
nlgn4a,219,219,1,-,A,C,mismatch,2220,707,1,FALSE
nlgn4a,82,82,1,-,T,C,mismatch,2221,716,1,FALSE
nlgn4a,161,161,1,-,G,C,mismatch,2223,716,1,FALSE
nlgn4a,72,72,1,-,C,A,mismatch,2224,716,1,FALSE
nlgn4a,117,117,1,-,A,G,mismatch,2226,741,1,FALSE
nlgn4a,127,127,1,-,C,G,mismatch,2227,723,1,FALSE
nlgn4a,146,146,1,-,T,A,mismatch,2227,723,1,FALSE
nlgn4a,160,160,1,-,A,G,mismatch,2227,723,1,FALSE
nlgn4a,209,209,1,-,A,T,mismatch,2228,707,1,FALSE
nlgn4a,229,229,1,-,T,G,mismatch,2228,707,1,FALSE
nlgn4a,56,56,1,-,A,G,mismatch,2229,707,1,FALSE
nlgn4a,90,90,1,-,C,G,mismatch,2229,707,1,FALSE
nlgn4a,182,182,1,-,C,A,mismatch,2230,716,1,FALSE
nlgn4a,176,176,1,-,G,T,mismatch,2231,732,1,FALSE
nlgn4a,228,228,1,-,C,A,mismatch,2231,732,1,FALSE
nlgn4a,58,58,1,-,C,G,mismatch,2233,716,1,FALSE
nlgn4a,200,200,1,-,C,A,mismatch,2234,716,1,FALSE
nlgn4a,133,133,1,-,C,A,mismatch,2236,741,1,FALSE
nlgn4a,111,111,1,-,A,T,mismatch,2237,707,1,FALSE
nlgn4a,169,169,1,-,T,A,mismatch,2237,707,1,FALSE
nlgn4a,140,140,1,-,G,C,mismatch,2238,716,1,FALSE
nlgn4a,96,96,1,-,A,G,mismatch,2240,716,1,FALSE
nlgn4a,93,93,1,-,G,A,mismatch,2242,716,1,FALSE
nlgn4a,76,76,1,-,C,T,mismatch,2243,716,1,FALSE
nlgn4a,80,80,1,-,G,T,mismatch,2244,716,1,FALSE
nlgn4a,181,181,1,-,A,G,mismatch,2246,716,1,FALSE
nlgn4a,153,153,1,-,G,C,mismatch,2248,716,1,FALSE
nlgn4a,185,185,1,-,T,C,mismatch,2249,716,1,FALSE
nlgn4a,168,168,1,-,A,G,mismatch,2251,716,1,FALSE
nlgn4a,158,158,1,-,G,T,mismatch,2252,689,1,FALSE
nlgn4a,164,164,1,-,C,A,mismatch,2252,689,1,FALSE
nlgn4a,169,169,1,-,T,G,mismatch,2252,689,1,FALSE
nlgn4a,59,59,1,-,C,A,mismatch,2253,689,1,FALSE
nlgn4a,68,68,1,-,A,C,mismatch,2253,689,1,FALSE
nlgn4a,168,168,1,-,A,G,mismatch,2253,689,1,FALSE
nlgn4a,189,189,1,-,A,T,mismatch,2253,689,1,FALSE
nlgn4a,175,175,1,-,C,T,mismatch,2254,707,1,FALSE
nlgn4a,212,212,1,-,T,C,mismatch,2254,707,1,FALSE
nlgn4a,233,233,1,-,G,C,mismatch,2256,716,1,FALSE
nlgn4a,214,214,1,-,T,A,mismatch,2257,716,1,FALSE
nlgn4a,114,114,1,-,T,C,mismatch,2259,716,1,FALSE
nlgn4a,161,161,1,-,G,T,mismatch,2260,707,1,FALSE
nlgn4a,181,181,1,-,A,G,mismatch,2260,707,1,FALSE
nlgn4a,82,82,1,-,T,C,mismatch,2261,716,1,FALSE
nlgn4a,117,117,1,-,A,G,mismatch,2262,732,1,FALSE
nlgn4a,158,158,1,-,G,C,mismatch,2263,716,1,FALSE
nlgn4a,214,214,1,-,T,C,mismatch,2264,716,1,FALSE
nlgn4a,76,76,1,-,C,A,mismatch,2266,716,1,FALSE
nlgn4a,137,137,1,-,G,T,mismatch,2268,716,1,FALSE
nlgn4a,52,52,1,-,G,A,mismatch,2269,707,1,FALSE
nlgn4a,170,170,1,-,T,C,mismatch,2269,707,1,FALSE
nlgn4a,180,180,1,-,A,C,mismatch,2270,698,1,FALSE
nlgn4a,185,185,1,-,T,C,mismatch,2270,698,1,FALSE
nlgn4a,224,224,1,-,G,C,mismatch,2270,698,1,FALSE
nlgn4a,152,152,1,-,G,C,mismatch,2274,716,1,FALSE
nlgn4a,130,130,1,-,C,A,mismatch,2276,741,1,FALSE
nlgn4a,154,154,1,-,C,A,mismatch,2277,707,1,FALSE
nlgn4a,158,158,1,-,G,C,mismatch,2277,707,1,FALSE
nlgn4a,80,80,1,-,G,T,mismatch,90,689,1,FALSE
nlgn4a,81,81,1,-,G,C,mismatch,90,689,1,FALSE
nlgn4a,166,166,1,-,C,T,mismatch,108,689,1,FALSE
nlgn4a,167,167,1,-,T,G,mismatch,108,689,1,FALSE
nlgn4a,105,105,1,-,C,G,mismatch,157,689,1,FALSE
nlgn4a,106,106,1,-,T,G,mismatch,157,689,1,FALSE
nlgn4a,159,159,1,-,C,T,mismatch,248,689,1,FALSE
nlgn4a,160,160,1,-,A,T,mismatch,248,689,1,FALSE
nlgn4a,79,79,1,-,T,C,mismatch,376,698,1,FALSE
nlgn4a,80,80,1,-,G,T,mismatch,376,698,1,FALSE
nlgn4a,72,72,1,-,C,A,mismatch,537,680,1,FALSE
nlgn4a,73,73,1,-,T,A,mismatch,537,680,1,FALSE
nlgn4a,206,206,1,-,A,C,mismatch,644,707,1,FALSE
nlgn4a,207,207,1,-,A,T,mismatch,644,707,1,FALSE
nlgn4a,40,40,1,-,T,G,mismatch,847,698,1,FALSE
nlgn4a,41,41,1,-,G,T,mismatch,847,698,1,FALSE
nlgn4a,134,134,1,-,G,T,mismatch,1320,732,1,FALSE
nlgn4a,135,135,1,-,T,G,mismatch,1320,732,1,FALSE
nlgn4a,171,171,1,-,G,T,mismatch,1352,723,1,FALSE
nlgn4a,172,172,1,-,T,A,mismatch,1352,723,1,FALSE
nlgn4a,154,154,1,-,C,G,mismatch,1381,714,1,FALSE
nlgn4a,155,155,1,-,T,A,mismatch,1381,714,1,FALSE
nlgn4a,112,112,1,-,C,A,mismatch,1442,698,1,FALSE
nlgn4a,113,113,1,-,C,T,mismatch,1442,698,1,FALSE
nlgn4a,94,94,1,-,C,T,mismatch,1486,707,1,FALSE
nlgn4a,95,95,1,-,T,G,mismatch,1486,707,1,FALSE
nlgn4a,103,103,1,-,G,C,mismatch,1540,689,1,FALSE
nlgn4a,104,104,1,-,C,T,mismatch,1540,689,1,FALSE
nlgn4a,89,89,1,-,G,A,mismatch,1603,698,1,FALSE
nlgn4a,90,90,1,-,C,G,mismatch,1603,698,1,FALSE
nlgn4a,103,103,1,-,G,T,mismatch,1647,707,1,FALSE
nlgn4a,104,104,1,-,C,G,mismatch,1647,707,1,FALSE
nlgn4a,95,95,1,-,T,G,mismatch,1650,707,1,FALSE
nlgn4a,96,96,1,-,A,G,mismatch,1650,707,1,FALSE
nlgn4a,155,155,1,-,T,A,mismatch,1682,698,1,FALSE
nlgn4a,156,156,1,-,C,A,mismatch,1682,698,1,FALSE
nlgn4a,92,92,1,-,G,A,mismatch,1721,680,1,FALSE
nlgn4a,93,93,1,-,G,A,mismatch,1721,680,1,FALSE
nlgn4a,111,111,1,-,A,C,mismatch,1902,707,1,FALSE
nlgn4a,112,112,1,-,C,G,mismatch,1902,707,1,FALSE
nlgn4a,136,136,1,-,G,C,mismatch,1917,732,1,FALSE
nlgn4a,137,137,1,-,G,T,mismatch,1917,732,1,FALSE
nlgn4a,180,180,1,-,A,T,mismatch,1981,707,1,FALSE
nlgn4a,181,181,1,-,A,C,mismatch,1981,707,1,FALSE
nlgn4a,162,162,1,-,C,A,mismatch,1987,698,1,FALSE
nlgn4a,163,163,1,-,A,G,mismatch,1987,698,1,FALSE
nlgn4a,137,137,1,-,G,T,mismatch,1999,707,1,FALSE
nlgn4a,138,138,1,-,C,T,mismatch,1999,707,1,FALSE
nlgn4a,60,60,1,-,C,T,mismatch,2031,689,1,FALSE
nlgn4a,61,61,1,-,C,T,mismatch,2031,689,1,FALSE
nlgn4a,70,70,1,-,C,T,mismatch,2052,689,1,FALSE
nlgn4a,71,71,1,-,A,C,mismatch,2052,689,1,FALSE
nlgn4a,139,139,1,-,T,A,mismatch,2093,698,1,FALSE
nlgn4a,140,140,1,-,G,T,mismatch,2093,698,1,FALSE
nlgn4a,195,195,1,-,A,G,mismatch,2131,698,1,FALSE
nlgn4a,196,196,1,-,G,T,mismatch,2131,698,1,FALSE
nlgn4a,104,104,1,-,C,A,mismatch,2141,707,1,FALSE
nlgn4a,105,105,1,-,C,G,mismatch,2141,707,1,FALSE
nlgn4a,93,93,1,-,G,T,mismatch,2155,680,1,FALSE
nlgn4a,94,94,1,-,C,G,mismatch,2155,680,1,FALSE
