seqnames,start,end,width,strand,originally,replacement,type,read_id,score,counts,readType
cnsta,134,139,6,+,"",CTTATT,insertion,10,695,5,FALSE
cnsta,134,139,6,+,"",GGAGAC,insertion,23,695,3,FALSE
cnsta,134,139,6,+,"",TGGGCA,insertion,136,686,1,FALSE
cnsta,134,139,6,+,"",TGGGCA,insertion,144,686,1,FALSE
cnsta,134,139,6,+,"",CTCGCT,insertion,164,686,1,FALSE
cnsta,50,50,1,+,"",A,insertion,203,695,1,FALSE
cnsta,134,139,6,+,"",GGAGAC,insertion,267,686,1,FALSE
cnsta,134,139,6,+,"",CTCGCT,insertion,285,686,1,FALSE
cnsta,134,139,6,+,"",TTGCGG,insertion,342,686,1,FALSE
cnsta,134,139,6,+,"",GGAGAC,insertion,401,686,1,FALSE
cnsta,134,139,6,+,"",TGGGCA,insertion,824,686,1,FALSE
cnsta,135,140,6,+,"",TTATTA,insertion,1536,695,1,FALSE
cnsta,134,139,6,+,"",CTCGCT,insertion,1538,695,1,FALSE
cnsta,134,139,6,+,"",CTCGCT,insertion,1539,695,1,FALSE
cnsta,134,139,6,+,"",CTCGCT,insertion,1540,695,1,FALSE
cnsta,134,139,6,+,"",CTCGCT,insertion,1541,695,1,FALSE
cnsta,134,139,6,+,"",CTCGCT,insertion,1542,695,1,FALSE
cnsta,134,139,6,+,"",CTCGCT,insertion,1543,695,1,FALSE
cnsta,134,139,6,+,"",CTCGCT,insertion,1544,695,1,FALSE
cnsta,134,139,6,+,"",CTCGCT,insertion,1545,695,1,FALSE
cnsta,134,139,6,+,"",CTTATT,insertion,1546,695,1,FALSE
cnsta,134,139,6,+,"",CTTATT,insertion,1547,695,1,FALSE
cnsta,134,139,6,+,"",CTTATT,insertion,1548,695,1,FALSE
cnsta,134,139,6,+,"",GGAGAC,insertion,1550,695,1,FALSE
cnsta,134,139,6,+,"",GGAGAC,insertion,1551,695,1,FALSE
cnsta,134,139,6,+,"",GGAGAC,insertion,1552,695,1,FALSE
cnsta,134,139,6,+,"",GGAGAC,insertion,1553,695,1,FALSE
cnsta,134,139,6,+,"",GGAGAC,insertion,1554,695,1,FALSE
cnsta,134,139,6,+,"",TGGGCA,insertion,1555,695,1,FALSE
cnsta,134,139,6,+,"",TGGGCA,insertion,1556,695,1,FALSE
cnsta,134,139,6,+,"",TGGGCA,insertion,1557,695,1,FALSE
cnsta,134,139,6,+,"",TGGGCA,insertion,1558,695,1,FALSE
cnsta,134,139,6,+,"",TGGGCA,insertion,1559,695,1,FALSE
cnsta,134,139,6,+,"",TGGGCA,insertion,1560,695,1,FALSE
cnsta,134,139,6,+,"",TGGGCA,insertion,1561,695,1,FALSE
cnsta,134,139,6,+,"",TTGCGG,insertion,1562,695,1,FALSE
cnsta,134,139,6,+,"",TTGCGG,insertion,1563,695,1,FALSE
cnsta,134,139,6,+,"",TTGCGG,insertion,1564,695,1,FALSE
cnsta,134,139,6,+,"",TTGCGG,insertion,1570,686,1,FALSE
cnsta,134,139,6,+,"",TTGCGG,insertion,2000,686,1,FALSE
cnsta,134,139,6,+,"",TTGCGG,insertion,2006,686,1,FALSE
cnsta,134,139,6,+,"",TTGCGG,insertion,2025,686,1,FALSE
cnsta,134,139,6,+,"",TTGCGG,insertion,2069,686,1,FALSE
cnsta,134,139,6,+,"",CTTATT,insertion,2126,686,1,FALSE
cnsta,134,139,6,+,"",TTGCGG,insertion,2235,686,1,FALSE
cnsta,125,134,10,+,"","",deletion,1,725,209,FALSE
cnsta,126,134,9,+,"","",deletion,2,725,122,FALSE
cnsta,125,132,8,+,"","",deletion,3,725,85,FALSE
cnsta,129,131,3,+,"","",deletion,5,725,67,FALSE
cnsta,133,137,5,+,"","",deletion,6,725,47,FALSE
cnsta,128,134,7,+,"","",deletion,7,725,19,FALSE
cnsta,129,135,7,+,"","",deletion,8,725,11,FALSE
cnsta,133,139,7,+,"","",deletion,9,725,7,FALSE
cnsta,125,134,10,+,"","",deletion,11,725,4,FALSE
cnsta,126,134,9,+,"","",deletion,12,725,4,FALSE
cnsta,125,134,10,+,"","",deletion,13,725,3,FALSE
cnsta,125,134,10,+,"","",deletion,14,725,3,FALSE
cnsta,125,134,10,+,"","",deletion,15,725,3,FALSE
cnsta,125,134,10,+,"","",deletion,16,725,3,FALSE
cnsta,125,134,10,+,"","",deletion,17,725,3,FALSE
cnsta,125,134,10,+,"","",deletion,18,725,3,FALSE
cnsta,125,134,10,+,"","",deletion,19,725,3,FALSE
cnsta,125,134,10,+,"","",deletion,20,725,3,FALSE
cnsta,125,134,10,+,"","",deletion,21,725,3,FALSE
cnsta,133,134,2,+,"","",deletion,22,725,3,FALSE
cnsta,129,131,3,+,"","",deletion,24,725,3,FALSE
cnsta,125,132,8,+,"","",deletion,25,725,3,FALSE
cnsta,125,132,8,+,"","",deletion,26,725,3,FALSE
cnsta,126,134,9,+,"","",deletion,27,716,2,FALSE
cnsta,125,134,10,+,"","",deletion,28,716,2,FALSE
cnsta,125,134,10,+,"","",deletion,29,716,2,FALSE
cnsta,125,134,10,+,"","",deletion,30,716,2,FALSE
cnsta,125,134,10,+,"","",deletion,31,716,2,FALSE
cnsta,125,134,10,+,"","",deletion,32,725,2,FALSE
cnsta,125,134,10,+,"","",deletion,33,725,2,FALSE
cnsta,125,134,10,+,"","",deletion,34,725,2,FALSE
cnsta,125,134,10,+,"","",deletion,35,725,2,FALSE
cnsta,125,134,10,+,"","",deletion,36,725,2,FALSE
cnsta,125,134,10,+,"","",deletion,37,725,2,FALSE
cnsta,125,134,10,+,"","",deletion,38,725,2,FALSE
cnsta,125,134,10,+,"","",deletion,39,725,2,FALSE
cnsta,125,134,10,+,"","",deletion,40,725,2,FALSE
cnsta,125,134,10,+,"","",deletion,41,725,2,FALSE
cnsta,125,134,10,+,"","",deletion,42,725,2,FALSE
cnsta,125,134,10,+,"","",deletion,43,725,2,FALSE
cnsta,125,134,10,+,"","",deletion,44,725,2,FALSE
cnsta,125,134,10,+,"","",deletion,45,725,2,FALSE
cnsta,125,134,10,+,"","",deletion,46,725,2,FALSE
cnsta,125,134,10,+,"","",deletion,47,725,2,FALSE
cnsta,125,134,10,+,"","",deletion,48,725,2,FALSE
cnsta,125,134,10,+,"","",deletion,49,725,2,FALSE
cnsta,125,134,10,+,"","",deletion,50,725,2,FALSE
cnsta,125,134,10,+,"","",deletion,51,725,2,FALSE
cnsta,125,134,10,+,"","",deletion,52,725,2,FALSE
cnsta,125,134,10,+,"","",deletion,53,725,2,FALSE
cnsta,125,134,10,+,"","",deletion,54,725,2,FALSE
cnsta,125,134,10,+,"","",deletion,55,725,2,FALSE
cnsta,125,134,10,+,"","",deletion,56,725,2,FALSE
cnsta,125,134,10,+,"","",deletion,57,725,2,FALSE
cnsta,125,134,10,+,"","",deletion,58,725,2,FALSE
cnsta,125,134,10,+,"","",deletion,59,725,2,FALSE
cnsta,125,134,10,+,"","",deletion,60,725,2,FALSE
cnsta,126,134,9,+,"","",deletion,62,716,2,FALSE
cnsta,126,134,9,+,"","",deletion,63,725,2,FALSE
cnsta,126,134,9,+,"","",deletion,64,725,2,FALSE
cnsta,126,134,9,+,"","",deletion,65,725,2,FALSE
cnsta,126,134,9,+,"","",deletion,66,725,2,FALSE
cnsta,126,134,9,+,"","",deletion,67,725,2,FALSE
cnsta,126,134,9,+,"","",deletion,68,725,2,FALSE
cnsta,126,134,9,+,"","",deletion,69,725,2,FALSE
cnsta,126,134,9,+,"","",deletion,70,725,2,FALSE
cnsta,126,134,9,+,"","",deletion,71,725,2,FALSE
cnsta,126,134,9,+,"","",deletion,72,725,2,FALSE
cnsta,126,134,9,+,"","",deletion,73,725,2,FALSE
cnsta,126,134,9,+,"","",deletion,74,725,2,FALSE
cnsta,126,134,9,+,"","",deletion,75,716,2,FALSE
cnsta,128,134,7,+,"","",deletion,76,725,2,FALSE
cnsta,128,134,7,+,"","",deletion,77,725,2,FALSE
cnsta,128,134,7,+,"","",deletion,78,725,2,FALSE
cnsta,133,137,5,+,"","",deletion,80,725,2,FALSE
cnsta,133,137,5,+,"","",deletion,81,725,2,FALSE
cnsta,133,137,5,+,"","",deletion,82,725,2,FALSE
cnsta,129,135,7,+,"","",deletion,90,725,2,FALSE
cnsta,129,131,3,+,"","",deletion,91,725,2,FALSE
cnsta,129,131,3,+,"","",deletion,92,725,2,FALSE
cnsta,129,131,3,+,"","",deletion,93,725,2,FALSE
cnsta,129,131,3,+,"","",deletion,94,725,2,FALSE
cnsta,129,131,3,+,"","",deletion,95,725,2,FALSE
cnsta,129,131,3,+,"","",deletion,96,725,2,FALSE
cnsta,125,132,8,+,"","",deletion,97,725,2,FALSE
cnsta,125,132,8,+,"","",deletion,98,725,2,FALSE
cnsta,125,132,8,+,"","",deletion,99,725,2,FALSE
cnsta,125,132,8,+,"","",deletion,100,725,2,FALSE
cnsta,125,132,8,+,"","",deletion,101,725,2,FALSE
cnsta,125,132,8,+,"","",deletion,102,725,2,FALSE
cnsta,125,132,8,+,"","",deletion,103,725,2,FALSE
cnsta,125,132,8,+,"","",deletion,104,725,2,FALSE
cnsta,125,132,8,+,"","",deletion,105,725,2,FALSE
cnsta,125,132,8,+,"","",deletion,106,725,2,FALSE
cnsta,125,134,10,+,"","",deletion,107,716,1,FALSE
cnsta,129,131,3,+,"","",deletion,108,716,1,FALSE
cnsta,125,134,10,+,"","",deletion,109,716,1,FALSE
cnsta,129,131,3,+,"","",deletion,111,716,1,FALSE
cnsta,125,134,10,+,"","",deletion,112,716,1,FALSE
cnsta,129,131,3,+,"","",deletion,113,716,1,FALSE
cnsta,126,134,9,+,"","",deletion,114,707,1,FALSE
cnsta,125,134,10,+,"","",deletion,115,716,1,FALSE
cnsta,125,134,10,+,"","",deletion,116,716,1,FALSE
cnsta,125,132,8,+,"","",deletion,117,716,1,FALSE
cnsta,125,134,10,+,"","",deletion,118,716,1,FALSE
cnsta,133,137,5,+,"","",deletion,119,716,1,FALSE
cnsta,133,137,5,+,"","",deletion,121,716,1,FALSE
cnsta,125,132,8,+,"","",deletion,122,716,1,FALSE
cnsta,125,132,8,+,"","",deletion,123,707,1,FALSE
cnsta,125,134,10,+,"","",deletion,124,707,1,FALSE
cnsta,125,134,10,+,"","",deletion,125,716,1,FALSE
cnsta,129,131,3,+,"","",deletion,126,716,1,FALSE
cnsta,125,134,10,+,"","",deletion,127,707,1,FALSE
cnsta,125,134,10,+,"","",deletion,128,716,1,FALSE
cnsta,129,131,3,+,"","",deletion,129,716,1,FALSE
cnsta,133,137,5,+,"","",deletion,130,716,1,FALSE
cnsta,125,132,8,+,"","",deletion,131,716,1,FALSE
cnsta,126,134,9,+,"","",deletion,132,716,1,FALSE
cnsta,125,134,10,+,"","",deletion,133,716,1,FALSE
cnsta,133,137,5,+,"","",deletion,134,716,1,FALSE
cnsta,126,134,9,+,"","",deletion,135,716,1,FALSE
cnsta,128,134,7,+,"","",deletion,137,707,1,FALSE
cnsta,126,134,9,+,"","",deletion,138,716,1,FALSE
cnsta,126,134,9,+,"","",deletion,140,698,1,FALSE
cnsta,125,134,10,+,"","",deletion,141,716,1,FALSE
cnsta,125,134,10,+,"","",deletion,142,707,1,FALSE
cnsta,126,134,9,+,"","",deletion,145,716,1,FALSE
cnsta,133,137,5,+,"","",deletion,146,716,1,FALSE
cnsta,129,131,3,+,"","",deletion,147,716,1,FALSE
cnsta,129,131,3,+,"","",deletion,148,716,1,FALSE
cnsta,125,134,10,+,"","",deletion,149,716,1,FALSE
cnsta,125,134,10,+,"","",deletion,150,716,1,FALSE
cnsta,125,134,10,+,"","",deletion,151,716,1,FALSE
cnsta,125,134,10,+,"","",deletion,152,716,1,FALSE
cnsta,126,134,9,+,"","",deletion,153,716,1,FALSE
cnsta,125,134,10,+,"","",deletion,154,716,1,FALSE
cnsta,133,137,5,+,"","",deletion,155,716,1,FALSE
cnsta,126,134,9,+,"","",deletion,156,716,1,FALSE
cnsta,125,134,10,+,"","",deletion,157,716,1,FALSE
cnsta,128,134,7,+,"","",deletion,158,716,1,FALSE
cnsta,133,137,5,+,"","",deletion,159,716,1,FALSE
cnsta,129,135,7,+,"","",deletion,161,716,1,FALSE
cnsta,125,134,10,+,"","",deletion,162,716,1,FALSE
cnsta,125,134,10,+,"","",deletion,163,716,1,FALSE
cnsta,133,137,5,+,"","",deletion,165,716,1,FALSE
cnsta,126,134,9,+,"","",deletion,166,707,1,FALSE
cnsta,126,134,9,+,"","",deletion,167,716,1,FALSE
cnsta,125,134,10,+,"","",deletion,168,716,1,FALSE
cnsta,125,132,8,+,"","",deletion,169,716,1,FALSE
cnsta,125,134,10,+,"","",deletion,170,716,1,FALSE
cnsta,129,131,3,+,"","",deletion,171,716,1,FALSE
cnsta,125,134,10,+,"","",deletion,172,716,1,FALSE
cnsta,126,134,9,+,"","",deletion,173,716,1,FALSE
cnsta,125,134,10,+,"","",deletion,174,716,1,FALSE
cnsta,125,134,10,+,"","",deletion,175,716,1,FALSE
cnsta,126,134,9,+,"","",deletion,176,707,1,FALSE
cnsta,126,134,9,+,"","",deletion,178,716,1,FALSE
cnsta,129,135,7,+,"","",deletion,179,707,1,FALSE
cnsta,129,131,3,+,"","",deletion,180,707,1,FALSE
cnsta,126,134,9,+,"","",deletion,181,716,1,FALSE
cnsta,128,134,7,+,"","",deletion,182,716,1,FALSE
cnsta,125,132,8,+,"","",deletion,183,707,1,FALSE
cnsta,125,132,8,+,"","",deletion,184,716,1,FALSE
cnsta,125,134,10,+,"","",deletion,185,707,1,FALSE
cnsta,125,134,10,+,"","",deletion,186,716,1,FALSE
cnsta,125,134,10,+,"","",deletion,187,716,1,FALSE
cnsta,125,132,8,+,"","",deletion,188,707,1,FALSE
cnsta,126,134,9,+,"","",deletion,189,716,1,FALSE
cnsta,125,134,10,+,"","",deletion,190,707,1,FALSE
cnsta,125,134,10,+,"","",deletion,191,716,1,FALSE
cnsta,125,134,10,+,"","",deletion,192,716,1,FALSE
cnsta,126,134,9,+,"","",deletion,193,716,1,FALSE
cnsta,133,134,2,+,"","",deletion,194,716,1,FALSE
cnsta,125,134,10,+,"","",deletion,195,716,1,FALSE
cnsta,125,132,8,+,"","",deletion,196,716,1,FALSE
cnsta,126,134,9,+,"","",deletion,197,716,1,FALSE
cnsta,125,134,10,+,"","",deletion,198,707,1,FALSE
cnsta,126,134,9,+,"","",deletion,199,716,1,FALSE
cnsta,125,134,10,+,"","",deletion,200,716,1,FALSE
cnsta,126,134,9,+,"","",deletion,201,716,1,FALSE
cnsta,126,134,9,+,"","",deletion,202,716,1,FALSE
cnsta,126,134,9,+,"","",deletion,203,695,1,FALSE
cnsta,125,134,10,+,"","",deletion,205,716,1,FALSE
cnsta,126,134,9,+,"","",deletion,206,716,1,FALSE
cnsta,129,131,3,+,"","",deletion,207,707,1,FALSE
cnsta,129,131,3,+,"","",deletion,208,716,1,FALSE
cnsta,133,137,5,+,"","",deletion,209,707,1,FALSE
cnsta,129,131,3,+,"","",deletion,211,716,1,FALSE
cnsta,125,134,10,+,"","",deletion,212,716,1,FALSE
cnsta,125,134,10,+,"","",deletion,213,716,1,FALSE
cnsta,126,134,9,+,"","",deletion,214,707,1,FALSE
cnsta,125,132,8,+,"","",deletion,216,716,1,FALSE
cnsta,125,132,8,+,"","",deletion,217,716,1,FALSE
cnsta,133,137,5,+,"","",deletion,218,707,1,FALSE
cnsta,126,134,9,+,"","",deletion,219,716,1,FALSE
cnsta,125,134,10,+,"","",deletion,220,716,1,FALSE
cnsta,125,134,10,+,"","",deletion,222,716,1,FALSE
cnsta,125,134,10,+,"","",deletion,223,716,1,FALSE
cnsta,129,131,3,+,"","",deletion,224,707,1,FALSE
cnsta,125,132,8,+,"","",deletion,225,698,1,FALSE
cnsta,129,131,3,+,"","",deletion,226,716,1,FALSE
cnsta,128,134,7,+,"","",deletion,227,707,1,FALSE
cnsta,125,134,10,+,"","",deletion,228,716,1,FALSE
cnsta,133,137,5,+,"","",deletion,229,716,1,FALSE
cnsta,125,134,10,+,"","",deletion,230,716,1,FALSE
cnsta,126,134,9,+,"","",deletion,231,716,1,FALSE
cnsta,129,131,3,+,"","",deletion,232,716,1,FALSE
cnsta,129,131,3,+,"","",deletion,233,716,1,FALSE
cnsta,125,132,8,+,"","",deletion,234,689,1,FALSE
cnsta,129,131,3,+,"","",deletion,236,716,1,FALSE
cnsta,129,131,3,+,"","",deletion,237,716,1,FALSE
cnsta,125,132,8,+,"","",deletion,238,716,1,FALSE
cnsta,125,134,10,+,"","",deletion,239,716,1,FALSE
cnsta,125,134,10,+,"","",deletion,240,716,1,FALSE
cnsta,125,134,10,+,"","",deletion,241,716,1,FALSE
cnsta,125,134,10,+,"","",deletion,242,716,1,FALSE
cnsta,126,134,9,+,"","",deletion,243,716,1,FALSE
cnsta,125,134,10,+,"","",deletion,244,707,1,FALSE
cnsta,128,134,7,+,"","",deletion,245,716,1,FALSE
cnsta,125,132,8,+,"","",deletion,246,716,1,FALSE
cnsta,125,132,8,+,"","",deletion,247,707,1,FALSE
cnsta,125,134,10,+,"","",deletion,248,716,1,FALSE
cnsta,126,134,9,+,"","",deletion,249,707,1,FALSE
cnsta,128,134,7,+,"","",deletion,250,716,1,FALSE
cnsta,128,134,7,+,"","",deletion,251,716,1,FALSE
cnsta,126,134,9,+,"","",deletion,253,716,1,FALSE
cnsta,133,134,2,+,"","",deletion,255,716,1,FALSE
cnsta,126,134,9,+,"","",deletion,256,716,1,FALSE
cnsta,125,132,8,+,"","",deletion,257,716,1,FALSE
cnsta,125,134,10,+,"","",deletion,258,707,1,FALSE
cnsta,128,136,9,+,"","",deletion,259,707,1,FALSE
cnsta,125,134,10,+,"","",deletion,261,707,1,FALSE
cnsta,126,134,9,+,"","",deletion,262,716,1,FALSE
cnsta,125,134,10,+,"","",deletion,263,716,1,FALSE
cnsta,125,134,10,+,"","",deletion,265,716,1,FALSE
cnsta,128,134,7,+,"","",deletion,266,716,1,FALSE
cnsta,126,134,9,+,"","",deletion,268,716,1,FALSE
cnsta,129,135,7,+,"","",deletion,269,716,1,FALSE
cnsta,129,131,3,+,"","",deletion,270,716,1,FALSE
cnsta,125,132,8,+,"","",deletion,271,716,1,FALSE
cnsta,126,134,9,+,"","",deletion,272,716,1,FALSE
cnsta,126,134,9,+,"","",deletion,273,716,1,FALSE
cnsta,125,132,8,+,"","",deletion,274,716,1,FALSE
cnsta,125,134,10,+,"","",deletion,275,716,1,FALSE
cnsta,125,134,10,+,"","",deletion,276,716,1,FALSE
cnsta,128,134,7,+,"","",deletion,277,716,1,FALSE
cnsta,125,134,10,+,"","",deletion,278,716,1,FALSE
cnsta,126,134,9,+,"","",deletion,279,716,1,FALSE
cnsta,125,134,10,+,"","",deletion,280,716,1,FALSE
cnsta,126,134,9,+,"","",deletion,281,716,1,FALSE
cnsta,125,134,10,+,"","",deletion,282,716,1,FALSE
cnsta,128,134,7,+,"","",deletion,283,716,1,FALSE
cnsta,125,132,8,+,"","",deletion,286,716,1,FALSE
cnsta,125,132,8,+,"","",deletion,287,716,1,FALSE
cnsta,125,134,10,+,"","",deletion,288,716,1,FALSE
cnsta,129,131,3,+,"","",deletion,289,716,1,FALSE
cnsta,125,132,8,+,"","",deletion,290,716,1,FALSE
cnsta,133,137,5,+,"","",deletion,291,707,1,FALSE
cnsta,125,134,10,+,"","",deletion,292,716,1,FALSE
cnsta,125,134,10,+,"","",deletion,293,716,1,FALSE
cnsta,125,134,10,+,"","",deletion,294,716,1,FALSE
cnsta,129,131,3,+,"","",deletion,295,716,1,FALSE
cnsta,125,134,10,+,"","",deletion,296,716,1,FALSE
cnsta,126,134,9,+,"","",deletion,297,716,1,FALSE
cnsta,125,134,10,+,"","",deletion,300,716,1,FALSE
cnsta,126,134,9,+,"","",deletion,301,716,1,FALSE
cnsta,133,137,5,+,"","",deletion,302,716,1,FALSE
cnsta,125,132,8,+,"","",deletion,303,716,1,FALSE
cnsta,126,134,9,+,"","",deletion,304,716,1,FALSE
cnsta,125,134,10,+,"","",deletion,305,716,1,FALSE
cnsta,125,134,10,+,"","",deletion,306,716,1,FALSE
cnsta,125,132,8,+,"","",deletion,307,707,1,FALSE
cnsta,125,132,8,+,"","",deletion,308,716,1,FALSE
cnsta,125,134,10,+,"","",deletion,310,716,1,FALSE
cnsta,125,132,8,+,"","",deletion,311,707,1,FALSE
cnsta,125,134,10,+,"","",deletion,312,716,1,FALSE
cnsta,126,134,9,+,"","",deletion,313,716,1,FALSE
cnsta,125,132,8,+,"","",deletion,314,716,1,FALSE
cnsta,125,134,10,+,"","",deletion,315,716,1,FALSE
cnsta,126,134,9,+,"","",deletion,316,716,1,FALSE
cnsta,125,132,8,+,"","",deletion,317,716,1,FALSE
cnsta,129,131,3,+,"","",deletion,318,716,1,FALSE
cnsta,125,132,8,+,"","",deletion,319,716,1,FALSE
cnsta,133,137,5,+,"","",deletion,320,716,1,FALSE
cnsta,133,137,5,+,"","",deletion,321,716,1,FALSE
cnsta,125,134,10,+,"","",deletion,322,716,1,FALSE
cnsta,125,134,10,+,"","",deletion,323,716,1,FALSE
cnsta,125,134,10,+,"","",deletion,324,716,1,FALSE
cnsta,133,137,5,+,"","",deletion,325,716,1,FALSE
cnsta,126,134,9,+,"","",deletion,326,716,1,FALSE
cnsta,128,134,7,+,"","",deletion,327,716,1,FALSE
cnsta,125,134,10,+,"","",deletion,329,716,1,FALSE
cnsta,125,132,8,+,"","",deletion,330,716,1,FALSE
cnsta,125,134,10,+,"","",deletion,331,716,1,FALSE
cnsta,129,135,7,+,"","",deletion,332,716,1,FALSE
cnsta,129,131,3,+,"","",deletion,334,716,1,FALSE
cnsta,126,134,9,+,"","",deletion,335,707,1,FALSE
cnsta,133,137,5,+,"","",deletion,336,716,1,FALSE
cnsta,125,132,8,+,"","",deletion,338,716,1,FALSE
cnsta,129,135,7,+,"","",deletion,340,716,1,FALSE
cnsta,125,134,10,+,"","",deletion,341,716,1,FALSE
cnsta,129,131,3,+,"","",deletion,343,716,1,FALSE
cnsta,125,134,10,+,"","",deletion,344,707,1,FALSE
cnsta,125,134,10,+,"","",deletion,345,707,1,FALSE
cnsta,125,134,10,+,"","",deletion,346,716,1,FALSE
cnsta,126,134,9,+,"","",deletion,347,716,1,FALSE
cnsta,125,134,10,+,"","",deletion,348,716,1,FALSE
cnsta,128,137,10,+,"","",deletion,349,716,1,FALSE
cnsta,126,134,9,+,"","",deletion,350,716,1,FALSE
cnsta,125,134,10,+,"","",deletion,351,716,1,FALSE
cnsta,125,134,10,+,"","",deletion,352,716,1,FALSE
cnsta,126,134,9,+,"","",deletion,354,716,1,FALSE
cnsta,129,131,3,+,"","",deletion,355,716,1,FALSE
cnsta,129,131,3,+,"","",deletion,356,716,1,FALSE
cnsta,126,134,9,+,"","",deletion,357,716,1,FALSE
cnsta,125,134,10,+,"","",deletion,359,707,1,FALSE
cnsta,125,134,10,+,"","",deletion,360,716,1,FALSE
cnsta,129,131,3,+,"","",deletion,361,716,1,FALSE
cnsta,129,131,3,+,"","",deletion,362,716,1,FALSE
cnsta,125,134,10,+,"","",deletion,363,716,1,FALSE
cnsta,126,134,9,+,"","",deletion,364,716,1,FALSE
cnsta,126,134,9,+,"","",deletion,365,716,1,FALSE
cnsta,125,134,10,+,"","",deletion,367,716,1,FALSE
cnsta,126,134,9,+,"","",deletion,368,716,1,FALSE
cnsta,129,131,3,+,"","",deletion,369,716,1,FALSE
cnsta,125,132,8,+,"","",deletion,370,716,1,FALSE
cnsta,126,134,9,+,"","",deletion,371,716,1,FALSE
cnsta,125,132,8,+,"","",deletion,372,707,1,FALSE
cnsta,125,132,8,+,"","",deletion,373,716,1,FALSE
cnsta,126,134,9,+,"","",deletion,374,716,1,FALSE
cnsta,126,134,9,+,"","",deletion,375,716,1,FALSE
cnsta,125,134,10,+,"","",deletion,376,716,1,FALSE
cnsta,133,137,5,+,"","",deletion,377,716,1,FALSE
cnsta,125,134,10,+,"","",deletion,378,716,1,FALSE
cnsta,126,134,9,+,"","",deletion,379,707,1,FALSE
cnsta,126,134,9,+,"","",deletion,380,707,1,FALSE
cnsta,129,131,3,+,"","",deletion,381,716,1,FALSE
cnsta,125,132,8,+,"","",deletion,382,716,1,FALSE
cnsta,125,134,10,+,"","",deletion,383,716,1,FALSE
cnsta,125,132,8,+,"","",deletion,384,716,1,FALSE
cnsta,126,134,9,+,"","",deletion,385,716,1,FALSE
cnsta,133,137,5,+,"","",deletion,386,716,1,FALSE
cnsta,133,137,5,+,"","",deletion,387,707,1,FALSE
cnsta,129,131,3,+,"","",deletion,388,716,1,FALSE
cnsta,125,134,10,+,"","",deletion,389,716,1,FALSE
cnsta,125,134,10,+,"","",deletion,390,716,1,FALSE
cnsta,126,134,9,+,"","",deletion,391,716,1,FALSE
cnsta,126,134,9,+,"","",deletion,392,716,1,FALSE
cnsta,125,134,10,+,"","",deletion,393,707,1,FALSE
cnsta,125,134,10,+,"","",deletion,394,716,1,FALSE
cnsta,125,134,10,+,"","",deletion,395,716,1,FALSE
cnsta,129,131,3,+,"","",deletion,396,716,1,FALSE
cnsta,125,134,10,+,"","",deletion,397,716,1,FALSE
cnsta,125,134,10,+,"","",deletion,398,716,1,FALSE
cnsta,125,132,8,+,"","",deletion,399,716,1,FALSE
cnsta,125,134,10,+,"","",deletion,400,716,1,FALSE
cnsta,129,131,3,+,"","",deletion,402,716,1,FALSE
cnsta,125,132,8,+,"","",deletion,403,716,1,FALSE
cnsta,126,134,9,+,"","",deletion,404,716,1,FALSE
cnsta,126,134,9,+,"","",deletion,405,707,1,FALSE
cnsta,125,134,10,+,"","",deletion,406,716,1,FALSE
cnsta,125,134,10,+,"","",deletion,407,716,1,FALSE
cnsta,125,134,10,+,"","",deletion,408,716,1,FALSE
cnsta,125,134,10,+,"","",deletion,409,707,1,FALSE
cnsta,125,134,10,+,"","",deletion,410,716,1,FALSE
cnsta,125,134,10,+,"","",deletion,411,716,1,FALSE
cnsta,125,134,10,+,"","",deletion,412,716,1,FALSE
cnsta,125,134,10,+,"","",deletion,413,716,1,FALSE
cnsta,125,134,10,+,"","",deletion,414,716,1,FALSE
cnsta,125,134,10,+,"","",deletion,415,698,1,FALSE
cnsta,125,134,10,+,"","",deletion,416,716,1,FALSE
cnsta,125,134,10,+,"","",deletion,417,716,1,FALSE
cnsta,125,134,10,+,"","",deletion,418,716,1,FALSE
cnsta,125,134,10,+,"","",deletion,419,716,1,FALSE
cnsta,125,134,10,+,"","",deletion,420,716,1,FALSE
cnsta,125,134,10,+,"","",deletion,421,716,1,FALSE
cnsta,125,134,10,+,"","",deletion,422,716,1,FALSE
cnsta,125,134,10,+,"","",deletion,423,716,1,FALSE
cnsta,125,134,10,+,"","",deletion,424,716,1,FALSE
cnsta,125,134,10,+,"","",deletion,425,716,1,FALSE
cnsta,125,134,10,+,"","",deletion,426,716,1,FALSE
cnsta,125,134,10,+,"","",deletion,427,716,1,FALSE
cnsta,125,134,10,+,"","",deletion,428,716,1,FALSE
cnsta,125,134,10,+,"","",deletion,429,716,1,FALSE
cnsta,125,134,10,+,"","",deletion,430,716,1,FALSE
cnsta,125,134,10,+,"","",deletion,431,716,1,FALSE
cnsta,125,134,10,+,"","",deletion,432,725,1,FALSE
cnsta,125,134,10,+,"","",deletion,433,725,1,FALSE
cnsta,125,134,10,+,"","",deletion,434,725,1,FALSE
cnsta,125,134,10,+,"","",deletion,435,725,1,FALSE
cnsta,125,134,10,+,"","",deletion,436,725,1,FALSE
cnsta,125,134,10,+,"","",deletion,437,725,1,FALSE
cnsta,125,134,10,+,"","",deletion,438,725,1,FALSE
cnsta,125,134,10,+,"","",deletion,439,725,1,FALSE
cnsta,125,134,10,+,"","",deletion,440,725,1,FALSE
cnsta,125,134,10,+,"","",deletion,441,725,1,FALSE
cnsta,125,134,10,+,"","",deletion,442,725,1,FALSE
cnsta,125,134,10,+,"","",deletion,443,725,1,FALSE
cnsta,125,134,10,+,"","",deletion,444,725,1,FALSE
cnsta,125,134,10,+,"","",deletion,445,725,1,FALSE
cnsta,125,134,10,+,"","",deletion,446,725,1,FALSE
cnsta,125,134,10,+,"","",deletion,447,725,1,FALSE
cnsta,125,134,10,+,"","",deletion,448,725,1,FALSE
cnsta,125,134,10,+,"","",deletion,449,725,1,FALSE
cnsta,125,134,10,+,"","",deletion,450,725,1,FALSE
cnsta,125,134,10,+,"","",deletion,451,725,1,FALSE
cnsta,125,134,10,+,"","",deletion,452,725,1,FALSE
cnsta,125,134,10,+,"","",deletion,453,725,1,FALSE
cnsta,125,134,10,+,"","",deletion,454,725,1,FALSE
cnsta,125,134,10,+,"","",deletion,455,725,1,FALSE
cnsta,125,134,10,+,"","",deletion,456,725,1,FALSE
cnsta,125,134,10,+,"","",deletion,457,725,1,FALSE
cnsta,125,134,10,+,"","",deletion,458,725,1,FALSE
cnsta,125,134,10,+,"","",deletion,459,725,1,FALSE
cnsta,125,134,10,+,"","",deletion,460,725,1,FALSE
cnsta,125,134,10,+,"","",deletion,461,725,1,FALSE
cnsta,125,134,10,+,"","",deletion,462,725,1,FALSE
cnsta,125,134,10,+,"","",deletion,463,725,1,FALSE
cnsta,125,134,10,+,"","",deletion,464,725,1,FALSE
cnsta,125,134,10,+,"","",deletion,465,725,1,FALSE
cnsta,125,134,10,+,"","",deletion,466,725,1,FALSE
cnsta,125,134,10,+,"","",deletion,467,725,1,FALSE
cnsta,125,134,10,+,"","",deletion,468,725,1,FALSE
cnsta,125,134,10,+,"","",deletion,469,725,1,FALSE
cnsta,125,134,10,+,"","",deletion,470,725,1,FALSE
cnsta,125,134,10,+,"","",deletion,471,725,1,FALSE
cnsta,125,134,10,+,"","",deletion,472,725,1,FALSE
cnsta,125,134,10,+,"","",deletion,473,725,1,FALSE
cnsta,125,134,10,+,"","",deletion,474,725,1,FALSE
cnsta,125,134,10,+,"","",deletion,475,725,1,FALSE
cnsta,125,134,10,+,"","",deletion,476,725,1,FALSE
cnsta,125,134,10,+,"","",deletion,477,725,1,FALSE
cnsta,125,134,10,+,"","",deletion,478,725,1,FALSE
cnsta,125,134,10,+,"","",deletion,479,725,1,FALSE
cnsta,125,134,10,+,"","",deletion,480,725,1,FALSE
cnsta,125,134,10,+,"","",deletion,481,725,1,FALSE
cnsta,125,134,10,+,"","",deletion,482,725,1,FALSE
cnsta,125,134,10,+,"","",deletion,483,725,1,FALSE
cnsta,125,134,10,+,"","",deletion,484,725,1,FALSE
cnsta,125,134,10,+,"","",deletion,485,725,1,FALSE
cnsta,125,134,10,+,"","",deletion,486,725,1,FALSE
cnsta,125,134,10,+,"","",deletion,487,725,1,FALSE
cnsta,125,134,10,+,"","",deletion,488,725,1,FALSE
cnsta,125,134,10,+,"","",deletion,489,725,1,FALSE
cnsta,125,134,10,+,"","",deletion,490,725,1,FALSE
cnsta,125,134,10,+,"","",deletion,491,725,1,FALSE
cnsta,125,134,10,+,"","",deletion,492,725,1,FALSE
cnsta,125,134,10,+,"","",deletion,493,725,1,FALSE
cnsta,125,134,10,+,"","",deletion,494,725,1,FALSE
cnsta,125,134,10,+,"","",deletion,495,725,1,FALSE
cnsta,125,134,10,+,"","",deletion,496,725,1,FALSE
cnsta,125,134,10,+,"","",deletion,497,725,1,FALSE
cnsta,125,134,10,+,"","",deletion,498,725,1,FALSE
cnsta,125,134,10,+,"","",deletion,499,725,1,FALSE
cnsta,125,134,10,+,"","",deletion,500,725,1,FALSE
cnsta,125,134,10,+,"","",deletion,501,725,1,FALSE
cnsta,125,134,10,+,"","",deletion,502,725,1,FALSE
cnsta,125,134,10,+,"","",deletion,503,725,1,FALSE
cnsta,125,134,10,+,"","",deletion,504,725,1,FALSE
cnsta,125,134,10,+,"","",deletion,505,725,1,FALSE
cnsta,125,134,10,+,"","",deletion,506,725,1,FALSE
cnsta,125,134,10,+,"","",deletion,507,725,1,FALSE
cnsta,125,134,10,+,"","",deletion,508,725,1,FALSE
cnsta,125,134,10,+,"","",deletion,509,725,1,FALSE
cnsta,125,134,10,+,"","",deletion,510,725,1,FALSE
cnsta,125,134,10,+,"","",deletion,511,725,1,FALSE
cnsta,125,134,10,+,"","",deletion,512,725,1,FALSE
cnsta,125,134,10,+,"","",deletion,513,725,1,FALSE
cnsta,125,134,10,+,"","",deletion,514,725,1,FALSE
cnsta,125,134,10,+,"","",deletion,515,725,1,FALSE
cnsta,125,134,10,+,"","",deletion,516,725,1,FALSE
cnsta,125,134,10,+,"","",deletion,517,725,1,FALSE
cnsta,125,134,10,+,"","",deletion,518,725,1,FALSE
cnsta,125,134,10,+,"","",deletion,519,725,1,FALSE
cnsta,125,134,10,+,"","",deletion,520,725,1,FALSE
cnsta,125,134,10,+,"","",deletion,521,725,1,FALSE
cnsta,125,134,10,+,"","",deletion,522,725,1,FALSE
cnsta,125,134,10,+,"","",deletion,523,725,1,FALSE
cnsta,125,134,10,+,"","",deletion,524,725,1,FALSE
cnsta,125,134,10,+,"","",deletion,525,725,1,FALSE
cnsta,125,134,10,+,"","",deletion,526,725,1,FALSE
cnsta,125,134,10,+,"","",deletion,527,725,1,FALSE
cnsta,125,134,10,+,"","",deletion,528,725,1,FALSE
cnsta,125,134,10,+,"","",deletion,529,725,1,FALSE
cnsta,125,134,10,+,"","",deletion,530,725,1,FALSE
cnsta,125,134,10,+,"","",deletion,531,725,1,FALSE
cnsta,125,134,10,+,"","",deletion,532,725,1,FALSE
cnsta,125,134,10,+,"","",deletion,533,725,1,FALSE
cnsta,125,134,10,+,"","",deletion,534,725,1,FALSE
cnsta,125,134,10,+,"","",deletion,535,725,1,FALSE
cnsta,125,134,10,+,"","",deletion,536,725,1,FALSE
cnsta,125,134,10,+,"","",deletion,537,725,1,FALSE
cnsta,125,134,10,+,"","",deletion,538,725,1,FALSE
cnsta,125,134,10,+,"","",deletion,539,725,1,FALSE
cnsta,125,134,10,+,"","",deletion,540,725,1,FALSE
cnsta,125,134,10,+,"","",deletion,541,725,1,FALSE
cnsta,125,134,10,+,"","",deletion,542,725,1,FALSE
cnsta,125,134,10,+,"","",deletion,543,725,1,FALSE
cnsta,125,134,10,+,"","",deletion,544,725,1,FALSE
cnsta,125,134,10,+,"","",deletion,545,725,1,FALSE
cnsta,125,134,10,+,"","",deletion,546,725,1,FALSE
cnsta,125,134,10,+,"","",deletion,547,725,1,FALSE
cnsta,125,134,10,+,"","",deletion,548,725,1,FALSE
cnsta,125,134,10,+,"","",deletion,549,725,1,FALSE
cnsta,125,134,10,+,"","",deletion,550,725,1,FALSE
cnsta,125,134,10,+,"","",deletion,551,725,1,FALSE
cnsta,125,134,10,+,"","",deletion,552,725,1,FALSE
cnsta,125,134,10,+,"","",deletion,553,725,1,FALSE
cnsta,125,134,10,+,"","",deletion,554,725,1,FALSE
cnsta,125,134,10,+,"","",deletion,555,725,1,FALSE
cnsta,125,134,10,+,"","",deletion,556,725,1,FALSE
cnsta,125,134,10,+,"","",deletion,557,725,1,FALSE
cnsta,125,134,10,+,"","",deletion,558,725,1,FALSE
cnsta,125,134,10,+,"","",deletion,559,725,1,FALSE
cnsta,125,134,10,+,"","",deletion,560,725,1,FALSE
cnsta,125,134,10,+,"","",deletion,561,725,1,FALSE
cnsta,125,134,10,+,"","",deletion,562,725,1,FALSE
cnsta,125,134,10,+,"","",deletion,563,725,1,FALSE
cnsta,125,134,10,+,"","",deletion,564,725,1,FALSE
cnsta,125,134,10,+,"","",deletion,565,725,1,FALSE
cnsta,125,134,10,+,"","",deletion,566,725,1,FALSE
cnsta,125,134,10,+,"","",deletion,567,725,1,FALSE
cnsta,125,134,10,+,"","",deletion,568,725,1,FALSE
cnsta,125,134,10,+,"","",deletion,569,725,1,FALSE
cnsta,125,134,10,+,"","",deletion,570,725,1,FALSE
cnsta,125,134,10,+,"","",deletion,571,725,1,FALSE
cnsta,125,134,10,+,"","",deletion,572,725,1,FALSE
cnsta,125,134,10,+,"","",deletion,573,725,1,FALSE
cnsta,125,134,10,+,"","",deletion,574,725,1,FALSE
cnsta,125,134,10,+,"","",deletion,575,725,1,FALSE
cnsta,125,134,10,+,"","",deletion,576,725,1,FALSE
cnsta,125,134,10,+,"","",deletion,577,725,1,FALSE
cnsta,125,134,10,+,"","",deletion,578,725,1,FALSE
cnsta,125,134,10,+,"","",deletion,579,725,1,FALSE
cnsta,125,134,10,+,"","",deletion,580,725,1,FALSE
cnsta,125,134,10,+,"","",deletion,581,725,1,FALSE
cnsta,125,134,10,+,"","",deletion,582,725,1,FALSE
cnsta,125,134,10,+,"","",deletion,583,725,1,FALSE
cnsta,125,134,10,+,"","",deletion,584,725,1,FALSE
cnsta,125,134,10,+,"","",deletion,585,725,1,FALSE
cnsta,125,134,10,+,"","",deletion,586,725,1,FALSE
cnsta,125,134,10,+,"","",deletion,587,725,1,FALSE
cnsta,125,134,10,+,"","",deletion,588,725,1,FALSE
cnsta,125,134,10,+,"","",deletion,589,725,1,FALSE
cnsta,125,134,10,+,"","",deletion,590,725,1,FALSE
cnsta,125,134,10,+,"","",deletion,591,725,1,FALSE
cnsta,125,134,10,+,"","",deletion,592,725,1,FALSE
cnsta,125,134,10,+,"","",deletion,593,725,1,FALSE
cnsta,125,134,10,+,"","",deletion,594,725,1,FALSE
cnsta,125,134,10,+,"","",deletion,595,725,1,FALSE
cnsta,125,134,10,+,"","",deletion,596,725,1,FALSE
cnsta,125,134,10,+,"","",deletion,597,725,1,FALSE
cnsta,125,134,10,+,"","",deletion,598,725,1,FALSE
cnsta,125,134,10,+,"","",deletion,599,725,1,FALSE
cnsta,125,134,10,+,"","",deletion,600,725,1,FALSE
cnsta,125,134,10,+,"","",deletion,601,725,1,FALSE
cnsta,125,134,10,+,"","",deletion,602,725,1,FALSE
cnsta,125,134,10,+,"","",deletion,603,725,1,FALSE
cnsta,125,134,10,+,"","",deletion,604,725,1,FALSE
cnsta,125,134,10,+,"","",deletion,605,725,1,FALSE
cnsta,125,134,10,+,"","",deletion,606,725,1,FALSE
cnsta,125,134,10,+,"","",deletion,607,725,1,FALSE
cnsta,125,134,10,+,"","",deletion,608,725,1,FALSE
cnsta,125,134,10,+,"","",deletion,609,725,1,FALSE
cnsta,125,134,10,+,"","",deletion,610,725,1,FALSE
cnsta,125,134,10,+,"","",deletion,611,725,1,FALSE
cnsta,125,134,10,+,"","",deletion,612,725,1,FALSE
cnsta,125,134,10,+,"","",deletion,613,725,1,FALSE
cnsta,125,134,10,+,"","",deletion,614,725,1,FALSE
cnsta,125,134,10,+,"","",deletion,615,725,1,FALSE
cnsta,125,134,10,+,"","",deletion,616,725,1,FALSE
cnsta,125,134,10,+,"","",deletion,617,725,1,FALSE
cnsta,125,134,10,+,"","",deletion,618,725,1,FALSE
cnsta,125,134,10,+,"","",deletion,619,725,1,FALSE
cnsta,125,134,10,+,"","",deletion,620,725,1,FALSE
cnsta,125,134,10,+,"","",deletion,621,725,1,FALSE
cnsta,125,134,10,+,"","",deletion,622,725,1,FALSE
cnsta,125,134,10,+,"","",deletion,623,725,1,FALSE
cnsta,125,134,10,+,"","",deletion,624,725,1,FALSE
cnsta,125,134,10,+,"","",deletion,625,725,1,FALSE
cnsta,125,134,10,+,"","",deletion,626,725,1,FALSE
cnsta,125,134,10,+,"","",deletion,627,725,1,FALSE
cnsta,125,134,10,+,"","",deletion,628,725,1,FALSE
cnsta,125,134,10,+,"","",deletion,629,725,1,FALSE
cnsta,125,134,10,+,"","",deletion,630,725,1,FALSE
cnsta,125,134,10,+,"","",deletion,631,725,1,FALSE
cnsta,125,134,10,+,"","",deletion,632,725,1,FALSE
cnsta,125,134,10,+,"","",deletion,633,725,1,FALSE
cnsta,125,134,10,+,"","",deletion,634,725,1,FALSE
cnsta,125,134,10,+,"","",deletion,635,725,1,FALSE
cnsta,125,134,10,+,"","",deletion,636,725,1,FALSE
cnsta,125,134,10,+,"","",deletion,637,725,1,FALSE
cnsta,125,134,10,+,"","",deletion,638,725,1,FALSE
cnsta,125,134,10,+,"","",deletion,639,725,1,FALSE
cnsta,125,134,10,+,"","",deletion,640,725,1,FALSE
cnsta,125,134,10,+,"","",deletion,641,725,1,FALSE
cnsta,125,134,10,+,"","",deletion,642,725,1,FALSE
cnsta,125,134,10,+,"","",deletion,643,725,1,FALSE
cnsta,125,134,10,+,"","",deletion,644,725,1,FALSE
cnsta,125,134,10,+,"","",deletion,645,725,1,FALSE
cnsta,125,134,10,+,"","",deletion,646,725,1,FALSE
cnsta,125,134,10,+,"","",deletion,647,725,1,FALSE
cnsta,125,134,10,+,"","",deletion,648,725,1,FALSE
cnsta,125,134,10,+,"","",deletion,649,725,1,FALSE
cnsta,125,134,10,+,"","",deletion,650,725,1,FALSE
cnsta,125,134,10,+,"","",deletion,651,725,1,FALSE
cnsta,125,134,10,+,"","",deletion,652,725,1,FALSE
cnsta,125,134,10,+,"","",deletion,653,725,1,FALSE
cnsta,125,134,10,+,"","",deletion,654,725,1,FALSE
cnsta,125,134,10,+,"","",deletion,655,725,1,FALSE
cnsta,125,134,10,+,"","",deletion,656,725,1,FALSE
cnsta,125,134,10,+,"","",deletion,657,725,1,FALSE
cnsta,125,134,10,+,"","",deletion,658,725,1,FALSE
cnsta,125,134,10,+,"","",deletion,659,725,1,FALSE
cnsta,125,134,10,+,"","",deletion,660,725,1,FALSE
cnsta,125,134,10,+,"","",deletion,661,725,1,FALSE
cnsta,125,134,10,+,"","",deletion,662,725,1,FALSE
cnsta,125,134,10,+,"","",deletion,663,725,1,FALSE
cnsta,125,134,10,+,"","",deletion,664,725,1,FALSE
cnsta,125,134,10,+,"","",deletion,665,725,1,FALSE
cnsta,125,134,10,+,"","",deletion,666,725,1,FALSE
cnsta,125,134,10,+,"","",deletion,667,725,1,FALSE
cnsta,125,134,10,+,"","",deletion,668,725,1,FALSE
cnsta,125,134,10,+,"","",deletion,669,725,1,FALSE
cnsta,125,134,10,+,"","",deletion,670,725,1,FALSE
cnsta,125,134,10,+,"","",deletion,671,725,1,FALSE
cnsta,125,134,10,+,"","",deletion,672,725,1,FALSE
cnsta,125,134,10,+,"","",deletion,673,725,1,FALSE
cnsta,125,134,10,+,"","",deletion,674,725,1,FALSE
cnsta,125,134,10,+,"","",deletion,675,725,1,FALSE
cnsta,125,134,10,+,"","",deletion,676,725,1,FALSE
cnsta,125,134,10,+,"","",deletion,677,725,1,FALSE
cnsta,125,134,10,+,"","",deletion,678,725,1,FALSE
cnsta,125,134,10,+,"","",deletion,679,725,1,FALSE
cnsta,125,134,10,+,"","",deletion,680,725,1,FALSE
cnsta,125,134,10,+,"","",deletion,681,725,1,FALSE
cnsta,125,134,10,+,"","",deletion,682,725,1,FALSE
cnsta,125,134,10,+,"","",deletion,683,725,1,FALSE
cnsta,125,134,10,+,"","",deletion,684,725,1,FALSE
cnsta,125,134,10,+,"","",deletion,685,725,1,FALSE
cnsta,125,134,10,+,"","",deletion,686,725,1,FALSE
cnsta,125,134,10,+,"","",deletion,687,725,1,FALSE
cnsta,125,134,10,+,"","",deletion,688,725,1,FALSE
cnsta,125,134,10,+,"","",deletion,689,725,1,FALSE
cnsta,125,134,10,+,"","",deletion,690,725,1,FALSE
cnsta,125,134,10,+,"","",deletion,691,725,1,FALSE
cnsta,125,134,10,+,"","",deletion,692,725,1,FALSE
cnsta,125,134,10,+,"","",deletion,693,725,1,FALSE
cnsta,125,134,10,+,"","",deletion,694,725,1,FALSE
cnsta,125,134,10,+,"","",deletion,695,725,1,FALSE
cnsta,125,134,10,+,"","",deletion,696,725,1,FALSE
cnsta,125,134,10,+,"","",deletion,697,725,1,FALSE
cnsta,125,134,10,+,"","",deletion,698,725,1,FALSE
cnsta,125,134,10,+,"","",deletion,699,725,1,FALSE
cnsta,125,134,10,+,"","",deletion,700,725,1,FALSE
cnsta,125,134,10,+,"","",deletion,701,725,1,FALSE
cnsta,125,134,10,+,"","",deletion,702,725,1,FALSE
cnsta,125,134,10,+,"","",deletion,703,725,1,FALSE
cnsta,125,134,10,+,"","",deletion,704,725,1,FALSE
cnsta,125,134,10,+,"","",deletion,705,725,1,FALSE
cnsta,125,134,10,+,"","",deletion,706,725,1,FALSE
cnsta,125,134,10,+,"","",deletion,707,725,1,FALSE
cnsta,125,134,10,+,"","",deletion,708,725,1,FALSE
cnsta,125,134,10,+,"","",deletion,709,725,1,FALSE
cnsta,125,134,10,+,"","",deletion,710,725,1,FALSE
cnsta,125,134,10,+,"","",deletion,711,725,1,FALSE
cnsta,125,134,10,+,"","",deletion,712,725,1,FALSE
cnsta,125,134,10,+,"","",deletion,713,725,1,FALSE
cnsta,125,134,10,+,"","",deletion,714,725,1,FALSE
cnsta,125,134,10,+,"","",deletion,715,725,1,FALSE
cnsta,125,134,10,+,"","",deletion,716,725,1,FALSE
cnsta,125,134,10,+,"","",deletion,717,725,1,FALSE
cnsta,125,134,10,+,"","",deletion,718,725,1,FALSE
cnsta,125,134,10,+,"","",deletion,719,725,1,FALSE
cnsta,125,134,10,+,"","",deletion,720,725,1,FALSE
cnsta,125,134,10,+,"","",deletion,721,725,1,FALSE
cnsta,125,134,10,+,"","",deletion,722,725,1,FALSE
cnsta,125,134,10,+,"","",deletion,723,725,1,FALSE
cnsta,125,134,10,+,"","",deletion,724,725,1,FALSE
cnsta,125,134,10,+,"","",deletion,725,725,1,FALSE
cnsta,125,134,10,+,"","",deletion,726,725,1,FALSE
cnsta,125,134,10,+,"","",deletion,727,725,1,FALSE
cnsta,125,134,10,+,"","",deletion,728,725,1,FALSE
cnsta,125,134,10,+,"","",deletion,729,725,1,FALSE
cnsta,125,134,10,+,"","",deletion,730,725,1,FALSE
cnsta,125,134,10,+,"","",deletion,731,725,1,FALSE
cnsta,125,134,10,+,"","",deletion,732,725,1,FALSE
cnsta,125,134,10,+,"","",deletion,733,725,1,FALSE
cnsta,125,134,10,+,"","",deletion,734,725,1,FALSE
cnsta,125,134,10,+,"","",deletion,735,725,1,FALSE
cnsta,125,134,10,+,"","",deletion,736,725,1,FALSE
cnsta,125,134,10,+,"","",deletion,737,725,1,FALSE
cnsta,125,134,10,+,"","",deletion,738,725,1,FALSE
cnsta,125,134,10,+,"","",deletion,739,725,1,FALSE
cnsta,125,134,10,+,"","",deletion,740,725,1,FALSE
cnsta,125,134,10,+,"","",deletion,741,725,1,FALSE
cnsta,125,134,10,+,"","",deletion,742,725,1,FALSE
cnsta,125,134,10,+,"","",deletion,743,725,1,FALSE
cnsta,125,134,10,+,"","",deletion,744,725,1,FALSE
cnsta,125,134,10,+,"","",deletion,745,725,1,FALSE
cnsta,125,134,10,+,"","",deletion,746,725,1,FALSE
cnsta,125,134,10,+,"","",deletion,747,725,1,FALSE
cnsta,125,134,10,+,"","",deletion,748,725,1,FALSE
cnsta,125,134,10,+,"","",deletion,749,725,1,FALSE
cnsta,125,134,10,+,"","",deletion,750,725,1,FALSE
cnsta,125,134,10,+,"","",deletion,751,725,1,FALSE
cnsta,125,134,10,+,"","",deletion,752,725,1,FALSE
cnsta,125,134,10,+,"","",deletion,753,725,1,FALSE
cnsta,125,134,10,+,"","",deletion,754,725,1,FALSE
cnsta,125,134,10,+,"","",deletion,755,725,1,FALSE
cnsta,125,134,10,+,"","",deletion,756,725,1,FALSE
cnsta,125,134,10,+,"","",deletion,757,725,1,FALSE
cnsta,125,134,10,+,"","",deletion,758,725,1,FALSE
cnsta,125,134,10,+,"","",deletion,759,725,1,FALSE
cnsta,125,134,10,+,"","",deletion,760,725,1,FALSE
cnsta,125,134,10,+,"","",deletion,761,725,1,FALSE
cnsta,125,134,10,+,"","",deletion,762,725,1,FALSE
cnsta,125,134,10,+,"","",deletion,763,725,1,FALSE
cnsta,125,134,10,+,"","",deletion,764,725,1,FALSE
cnsta,125,134,10,+,"","",deletion,765,725,1,FALSE
cnsta,125,134,10,+,"","",deletion,766,725,1,FALSE
cnsta,125,134,10,+,"","",deletion,767,725,1,FALSE
cnsta,125,134,10,+,"","",deletion,768,725,1,FALSE
cnsta,125,134,10,+,"","",deletion,769,725,1,FALSE
cnsta,125,134,10,+,"","",deletion,770,725,1,FALSE
cnsta,125,134,10,+,"","",deletion,771,725,1,FALSE
cnsta,125,134,10,+,"","",deletion,772,725,1,FALSE
cnsta,125,134,10,+,"","",deletion,773,725,1,FALSE
cnsta,125,134,10,+,"","",deletion,774,725,1,FALSE
cnsta,125,134,10,+,"","",deletion,775,725,1,FALSE
cnsta,125,134,10,+,"","",deletion,776,725,1,FALSE
cnsta,125,134,10,+,"","",deletion,777,725,1,FALSE
cnsta,125,134,10,+,"","",deletion,778,716,1,FALSE
cnsta,125,134,10,+,"","",deletion,779,716,1,FALSE
cnsta,125,134,10,+,"","",deletion,780,716,1,FALSE
cnsta,125,134,10,+,"","",deletion,781,716,1,FALSE
cnsta,125,134,10,+,"","",deletion,782,716,1,FALSE
cnsta,125,134,10,+,"","",deletion,783,716,1,FALSE
cnsta,125,134,10,+,"","",deletion,784,716,1,FALSE
cnsta,125,134,10,+,"","",deletion,785,716,1,FALSE
cnsta,125,134,10,+,"","",deletion,786,716,1,FALSE
cnsta,125,134,10,+,"","",deletion,787,716,1,FALSE
cnsta,125,134,10,+,"","",deletion,788,716,1,FALSE
cnsta,125,134,10,+,"","",deletion,789,716,1,FALSE
cnsta,125,134,10,+,"","",deletion,790,716,1,FALSE
cnsta,125,134,10,+,"","",deletion,791,707,1,FALSE
cnsta,125,134,10,+,"","",deletion,792,716,1,FALSE
cnsta,125,134,10,+,"","",deletion,793,716,1,FALSE
cnsta,125,134,10,+,"","",deletion,794,716,1,FALSE
cnsta,125,134,10,+,"","",deletion,795,716,1,FALSE
cnsta,125,134,10,+,"","",deletion,796,716,1,FALSE
cnsta,125,134,10,+,"","",deletion,797,716,1,FALSE
cnsta,125,134,10,+,"","",deletion,798,707,1,FALSE
cnsta,125,134,10,+,"","",deletion,799,716,1,FALSE
cnsta,125,134,10,+,"","",deletion,800,716,1,FALSE
cnsta,125,134,10,+,"","",deletion,801,716,1,FALSE
cnsta,125,134,10,+,"","",deletion,802,716,1,FALSE
cnsta,125,134,10,+,"","",deletion,803,716,1,FALSE
cnsta,125,134,10,+,"","",deletion,804,716,1,FALSE
cnsta,125,134,10,+,"","",deletion,805,716,1,FALSE
cnsta,125,134,10,+,"","",deletion,806,716,1,FALSE
cnsta,125,134,10,+,"","",deletion,807,716,1,FALSE
cnsta,125,134,10,+,"","",deletion,808,716,1,FALSE
cnsta,125,134,10,+,"","",deletion,809,716,1,FALSE
cnsta,125,134,10,+,"","",deletion,810,716,1,FALSE
cnsta,125,134,10,+,"","",deletion,811,716,1,FALSE
cnsta,125,134,10,+,"","",deletion,812,716,1,FALSE
cnsta,125,134,10,+,"","",deletion,813,716,1,FALSE
cnsta,125,134,10,+,"","",deletion,814,716,1,FALSE
cnsta,125,134,10,+,"","",deletion,815,716,1,FALSE
cnsta,125,134,10,+,"","",deletion,816,716,1,FALSE
cnsta,133,137,5,+,"","",deletion,817,716,1,FALSE
cnsta,125,134,10,+,"","",deletion,818,716,1,FALSE
cnsta,125,134,10,+,"","",deletion,819,707,1,FALSE
cnsta,125,134,10,+,"","",deletion,820,716,1,FALSE
cnsta,125,134,10,+,"","",deletion,821,716,1,FALSE
cnsta,126,134,9,+,"","",deletion,822,716,1,FALSE
cnsta,126,134,9,+,"","",deletion,823,716,1,FALSE
cnsta,129,131,3,+,"","",deletion,825,716,1,FALSE
cnsta,126,134,9,+,"","",deletion,826,716,1,FALSE
cnsta,126,134,9,+,"","",deletion,827,716,1,FALSE
cnsta,126,134,9,+,"","",deletion,828,716,1,FALSE
cnsta,126,134,9,+,"","",deletion,829,716,1,FALSE
cnsta,126,134,9,+,"","",deletion,830,716,1,FALSE
cnsta,126,134,9,+,"","",deletion,831,716,1,FALSE
cnsta,126,134,9,+,"","",deletion,832,716,1,FALSE
cnsta,126,134,9,+,"","",deletion,833,716,1,FALSE
cnsta,126,134,9,+,"","",deletion,834,716,1,FALSE
cnsta,126,134,9,+,"","",deletion,835,716,1,FALSE
cnsta,126,134,9,+,"","",deletion,836,716,1,FALSE
cnsta,126,134,9,+,"","",deletion,837,716,1,FALSE
cnsta,126,134,9,+,"","",deletion,838,716,1,FALSE
cnsta,126,134,9,+,"","",deletion,839,716,1,FALSE
cnsta,126,134,9,+,"","",deletion,840,716,1,FALSE
cnsta,126,134,9,+,"","",deletion,841,716,1,FALSE
cnsta,126,134,9,+,"","",deletion,842,716,1,FALSE
cnsta,126,134,9,+,"","",deletion,843,716,1,FALSE
cnsta,126,134,9,+,"","",deletion,844,716,1,FALSE
cnsta,126,134,9,+,"","",deletion,845,716,1,FALSE
cnsta,126,134,9,+,"","",deletion,846,716,1,FALSE
cnsta,126,134,9,+,"","",deletion,847,716,1,FALSE
cnsta,126,134,9,+,"","",deletion,848,725,1,FALSE
cnsta,126,134,9,+,"","",deletion,849,725,1,FALSE
cnsta,126,134,9,+,"","",deletion,850,725,1,FALSE
cnsta,126,134,9,+,"","",deletion,851,725,1,FALSE
cnsta,126,134,9,+,"","",deletion,852,725,1,FALSE
cnsta,126,134,9,+,"","",deletion,853,725,1,FALSE
cnsta,126,134,9,+,"","",deletion,854,725,1,FALSE
cnsta,126,134,9,+,"","",deletion,855,725,1,FALSE
cnsta,126,134,9,+,"","",deletion,856,725,1,FALSE
cnsta,126,134,9,+,"","",deletion,857,725,1,FALSE
cnsta,126,134,9,+,"","",deletion,858,725,1,FALSE
cnsta,126,134,9,+,"","",deletion,859,725,1,FALSE
cnsta,126,134,9,+,"","",deletion,860,725,1,FALSE
cnsta,126,134,9,+,"","",deletion,861,725,1,FALSE
cnsta,126,134,9,+,"","",deletion,862,725,1,FALSE
cnsta,126,134,9,+,"","",deletion,863,725,1,FALSE
cnsta,126,134,9,+,"","",deletion,864,725,1,FALSE
cnsta,126,134,9,+,"","",deletion,865,725,1,FALSE
cnsta,126,134,9,+,"","",deletion,866,725,1,FALSE
cnsta,126,134,9,+,"","",deletion,867,725,1,FALSE
cnsta,126,134,9,+,"","",deletion,868,725,1,FALSE
cnsta,126,134,9,+,"","",deletion,869,725,1,FALSE
cnsta,126,134,9,+,"","",deletion,870,725,1,FALSE
cnsta,126,134,9,+,"","",deletion,871,725,1,FALSE
cnsta,126,134,9,+,"","",deletion,872,725,1,FALSE
cnsta,126,134,9,+,"","",deletion,873,725,1,FALSE
cnsta,126,134,9,+,"","",deletion,874,725,1,FALSE
cnsta,126,134,9,+,"","",deletion,875,725,1,FALSE
cnsta,126,134,9,+,"","",deletion,876,725,1,FALSE
cnsta,126,134,9,+,"","",deletion,877,725,1,FALSE
cnsta,126,134,9,+,"","",deletion,878,725,1,FALSE
cnsta,126,134,9,+,"","",deletion,879,725,1,FALSE
cnsta,126,134,9,+,"","",deletion,880,725,1,FALSE
cnsta,126,134,9,+,"","",deletion,881,725,1,FALSE
cnsta,126,134,9,+,"","",deletion,882,725,1,FALSE
cnsta,126,134,9,+,"","",deletion,883,725,1,FALSE
cnsta,126,134,9,+,"","",deletion,884,725,1,FALSE
cnsta,126,134,9,+,"","",deletion,885,725,1,FALSE
cnsta,126,134,9,+,"","",deletion,886,725,1,FALSE
cnsta,126,134,9,+,"","",deletion,887,725,1,FALSE
cnsta,126,134,9,+,"","",deletion,888,725,1,FALSE
cnsta,126,134,9,+,"","",deletion,889,725,1,FALSE
cnsta,126,134,9,+,"","",deletion,890,725,1,FALSE
cnsta,126,134,9,+,"","",deletion,891,725,1,FALSE
cnsta,126,134,9,+,"","",deletion,892,725,1,FALSE
cnsta,126,134,9,+,"","",deletion,893,725,1,FALSE
cnsta,126,134,9,+,"","",deletion,894,725,1,FALSE
cnsta,126,134,9,+,"","",deletion,895,725,1,FALSE
cnsta,126,134,9,+,"","",deletion,896,725,1,FALSE
cnsta,126,134,9,+,"","",deletion,897,725,1,FALSE
cnsta,126,134,9,+,"","",deletion,898,725,1,FALSE
cnsta,126,134,9,+,"","",deletion,899,725,1,FALSE
cnsta,126,134,9,+,"","",deletion,900,725,1,FALSE
cnsta,126,134,9,+,"","",deletion,901,725,1,FALSE
cnsta,126,134,9,+,"","",deletion,902,725,1,FALSE
cnsta,126,134,9,+,"","",deletion,903,725,1,FALSE
cnsta,126,134,9,+,"","",deletion,904,725,1,FALSE
cnsta,126,134,9,+,"","",deletion,905,725,1,FALSE
cnsta,126,134,9,+,"","",deletion,906,725,1,FALSE
cnsta,126,134,9,+,"","",deletion,907,725,1,FALSE
cnsta,126,134,9,+,"","",deletion,908,725,1,FALSE
cnsta,126,134,9,+,"","",deletion,909,725,1,FALSE
cnsta,126,134,9,+,"","",deletion,910,725,1,FALSE
cnsta,126,134,9,+,"","",deletion,911,725,1,FALSE
cnsta,126,134,9,+,"","",deletion,912,725,1,FALSE
cnsta,126,134,9,+,"","",deletion,913,725,1,FALSE
cnsta,126,134,9,+,"","",deletion,914,725,1,FALSE
cnsta,126,134,9,+,"","",deletion,915,725,1,FALSE
cnsta,126,134,9,+,"","",deletion,916,725,1,FALSE
cnsta,126,134,9,+,"","",deletion,917,725,1,FALSE
cnsta,126,134,9,+,"","",deletion,918,725,1,FALSE
cnsta,126,134,9,+,"","",deletion,919,725,1,FALSE
cnsta,126,134,9,+,"","",deletion,920,725,1,FALSE
cnsta,126,134,9,+,"","",deletion,921,725,1,FALSE
cnsta,126,134,9,+,"","",deletion,922,725,1,FALSE
cnsta,126,134,9,+,"","",deletion,923,725,1,FALSE
cnsta,126,134,9,+,"","",deletion,924,725,1,FALSE
cnsta,126,134,9,+,"","",deletion,925,725,1,FALSE
cnsta,126,134,9,+,"","",deletion,926,725,1,FALSE
cnsta,126,134,9,+,"","",deletion,927,725,1,FALSE
cnsta,126,134,9,+,"","",deletion,928,725,1,FALSE
cnsta,126,134,9,+,"","",deletion,929,725,1,FALSE
cnsta,126,134,9,+,"","",deletion,930,725,1,FALSE
cnsta,126,134,9,+,"","",deletion,931,725,1,FALSE
cnsta,126,134,9,+,"","",deletion,932,725,1,FALSE
cnsta,126,134,9,+,"","",deletion,933,725,1,FALSE
cnsta,126,134,9,+,"","",deletion,934,725,1,FALSE
cnsta,126,134,9,+,"","",deletion,935,725,1,FALSE
cnsta,126,134,9,+,"","",deletion,936,725,1,FALSE
cnsta,126,134,9,+,"","",deletion,937,725,1,FALSE
cnsta,126,134,9,+,"","",deletion,938,725,1,FALSE
cnsta,126,134,9,+,"","",deletion,939,725,1,FALSE
cnsta,126,134,9,+,"","",deletion,940,725,1,FALSE
cnsta,126,134,9,+,"","",deletion,941,725,1,FALSE
cnsta,126,134,9,+,"","",deletion,942,725,1,FALSE
cnsta,126,134,9,+,"","",deletion,943,725,1,FALSE
cnsta,126,134,9,+,"","",deletion,944,725,1,FALSE
cnsta,126,134,9,+,"","",deletion,945,725,1,FALSE
cnsta,126,134,9,+,"","",deletion,946,725,1,FALSE
cnsta,126,134,9,+,"","",deletion,947,725,1,FALSE
cnsta,126,134,9,+,"","",deletion,948,725,1,FALSE
cnsta,126,134,9,+,"","",deletion,949,725,1,FALSE
cnsta,126,134,9,+,"","",deletion,950,725,1,FALSE
cnsta,126,134,9,+,"","",deletion,951,725,1,FALSE
cnsta,126,134,9,+,"","",deletion,952,725,1,FALSE
cnsta,126,134,9,+,"","",deletion,953,725,1,FALSE
cnsta,126,134,9,+,"","",deletion,954,725,1,FALSE
cnsta,126,134,9,+,"","",deletion,955,725,1,FALSE
cnsta,126,134,9,+,"","",deletion,956,725,1,FALSE
cnsta,126,134,9,+,"","",deletion,957,725,1,FALSE
cnsta,126,134,9,+,"","",deletion,958,725,1,FALSE
cnsta,126,134,9,+,"","",deletion,959,725,1,FALSE
cnsta,126,134,9,+,"","",deletion,960,725,1,FALSE
cnsta,126,134,9,+,"","",deletion,961,725,1,FALSE
cnsta,126,134,9,+,"","",deletion,962,725,1,FALSE
cnsta,126,134,9,+,"","",deletion,963,725,1,FALSE
cnsta,126,134,9,+,"","",deletion,964,725,1,FALSE
cnsta,126,134,9,+,"","",deletion,965,725,1,FALSE
cnsta,126,134,9,+,"","",deletion,966,725,1,FALSE
cnsta,126,134,9,+,"","",deletion,967,725,1,FALSE
cnsta,126,134,9,+,"","",deletion,968,725,1,FALSE
cnsta,126,134,9,+,"","",deletion,969,725,1,FALSE
cnsta,126,134,9,+,"","",deletion,970,725,1,FALSE
cnsta,126,134,9,+,"","",deletion,971,725,1,FALSE
cnsta,126,134,9,+,"","",deletion,972,725,1,FALSE
cnsta,126,134,9,+,"","",deletion,973,725,1,FALSE
cnsta,126,134,9,+,"","",deletion,974,725,1,FALSE
cnsta,126,134,9,+,"","",deletion,975,725,1,FALSE
cnsta,126,134,9,+,"","",deletion,976,725,1,FALSE
cnsta,126,134,9,+,"","",deletion,977,725,1,FALSE
cnsta,126,134,9,+,"","",deletion,978,725,1,FALSE
cnsta,126,134,9,+,"","",deletion,979,725,1,FALSE
cnsta,126,134,9,+,"","",deletion,980,725,1,FALSE
cnsta,126,134,9,+,"","",deletion,981,725,1,FALSE
cnsta,126,134,9,+,"","",deletion,982,725,1,FALSE
cnsta,126,134,9,+,"","",deletion,983,725,1,FALSE
cnsta,126,134,9,+,"","",deletion,984,725,1,FALSE
cnsta,126,134,9,+,"","",deletion,985,725,1,FALSE
cnsta,126,134,9,+,"","",deletion,986,725,1,FALSE
cnsta,126,134,9,+,"","",deletion,987,725,1,FALSE
cnsta,126,134,9,+,"","",deletion,988,725,1,FALSE
cnsta,126,134,9,+,"","",deletion,989,725,1,FALSE
cnsta,126,134,9,+,"","",deletion,990,725,1,FALSE
cnsta,126,134,9,+,"","",deletion,991,725,1,FALSE
cnsta,126,134,9,+,"","",deletion,992,725,1,FALSE
cnsta,126,134,9,+,"","",deletion,993,725,1,FALSE
cnsta,126,134,9,+,"","",deletion,994,725,1,FALSE
cnsta,126,134,9,+,"","",deletion,995,725,1,FALSE
cnsta,126,134,9,+,"","",deletion,996,725,1,FALSE
cnsta,126,134,9,+,"","",deletion,997,725,1,FALSE
cnsta,126,134,9,+,"","",deletion,998,725,1,FALSE
cnsta,126,134,9,+,"","",deletion,999,725,1,FALSE
cnsta,126,134,9,+,"","",deletion,1000,725,1,FALSE
cnsta,126,134,9,+,"","",deletion,1001,725,1,FALSE
cnsta,126,134,9,+,"","",deletion,1002,725,1,FALSE
cnsta,126,134,9,+,"","",deletion,1003,725,1,FALSE
cnsta,126,134,9,+,"","",deletion,1004,725,1,FALSE
cnsta,126,134,9,+,"","",deletion,1005,725,1,FALSE
cnsta,126,134,9,+,"","",deletion,1006,725,1,FALSE
cnsta,126,134,9,+,"","",deletion,1007,725,1,FALSE
cnsta,126,134,9,+,"","",deletion,1008,725,1,FALSE
cnsta,126,134,9,+,"","",deletion,1009,725,1,FALSE
cnsta,126,134,9,+,"","",deletion,1010,725,1,FALSE
cnsta,126,134,9,+,"","",deletion,1011,725,1,FALSE
cnsta,126,134,9,+,"","",deletion,1012,725,1,FALSE
cnsta,126,134,9,+,"","",deletion,1013,725,1,FALSE
cnsta,126,134,9,+,"","",deletion,1014,725,1,FALSE
cnsta,126,134,9,+,"","",deletion,1015,725,1,FALSE
cnsta,126,134,9,+,"","",deletion,1016,725,1,FALSE
cnsta,126,134,9,+,"","",deletion,1017,725,1,FALSE
cnsta,126,134,9,+,"","",deletion,1018,725,1,FALSE
cnsta,126,134,9,+,"","",deletion,1019,725,1,FALSE
cnsta,126,134,9,+,"","",deletion,1020,725,1,FALSE
cnsta,126,134,9,+,"","",deletion,1021,725,1,FALSE
cnsta,126,134,9,+,"","",deletion,1022,725,1,FALSE
cnsta,126,134,9,+,"","",deletion,1023,725,1,FALSE
cnsta,126,134,9,+,"","",deletion,1024,725,1,FALSE
cnsta,126,134,9,+,"","",deletion,1025,725,1,FALSE
cnsta,126,134,9,+,"","",deletion,1026,725,1,FALSE
cnsta,126,134,9,+,"","",deletion,1027,725,1,FALSE
cnsta,126,134,9,+,"","",deletion,1028,725,1,FALSE
cnsta,126,134,9,+,"","",deletion,1029,725,1,FALSE
cnsta,126,134,9,+,"","",deletion,1030,725,1,FALSE
cnsta,126,134,9,+,"","",deletion,1031,725,1,FALSE
cnsta,126,134,9,+,"","",deletion,1032,725,1,FALSE
cnsta,126,134,9,+,"","",deletion,1033,725,1,FALSE
cnsta,126,134,9,+,"","",deletion,1034,725,1,FALSE
cnsta,126,134,9,+,"","",deletion,1035,725,1,FALSE
cnsta,126,134,9,+,"","",deletion,1036,725,1,FALSE
cnsta,126,134,9,+,"","",deletion,1037,725,1,FALSE
cnsta,126,134,9,+,"","",deletion,1038,725,1,FALSE
cnsta,126,134,9,+,"","",deletion,1039,725,1,FALSE
cnsta,126,134,9,+,"","",deletion,1040,725,1,FALSE
cnsta,126,134,9,+,"","",deletion,1041,725,1,FALSE
cnsta,126,134,9,+,"","",deletion,1042,725,1,FALSE
cnsta,126,134,9,+,"","",deletion,1043,725,1,FALSE
cnsta,126,134,9,+,"","",deletion,1044,725,1,FALSE
cnsta,126,134,9,+,"","",deletion,1045,725,1,FALSE
cnsta,126,134,9,+,"","",deletion,1046,725,1,FALSE
cnsta,126,134,9,+,"","",deletion,1047,725,1,FALSE
cnsta,126,134,9,+,"","",deletion,1048,725,1,FALSE
cnsta,126,134,9,+,"","",deletion,1049,725,1,FALSE
cnsta,126,134,9,+,"","",deletion,1050,725,1,FALSE
cnsta,126,134,9,+,"","",deletion,1051,725,1,FALSE
cnsta,126,134,9,+,"","",deletion,1052,725,1,FALSE
cnsta,126,134,9,+,"","",deletion,1053,725,1,FALSE
cnsta,126,134,9,+,"","",deletion,1054,725,1,FALSE
cnsta,126,134,9,+,"","",deletion,1055,725,1,FALSE
cnsta,126,134,9,+,"","",deletion,1056,725,1,FALSE
cnsta,126,134,9,+,"","",deletion,1057,725,1,FALSE
cnsta,126,134,9,+,"","",deletion,1058,725,1,FALSE
cnsta,126,134,9,+,"","",deletion,1059,725,1,FALSE
cnsta,126,134,9,+,"","",deletion,1060,725,1,FALSE
cnsta,126,134,9,+,"","",deletion,1061,725,1,FALSE
cnsta,126,134,9,+,"","",deletion,1062,725,1,FALSE
cnsta,126,134,9,+,"","",deletion,1063,725,1,FALSE
cnsta,126,134,9,+,"","",deletion,1064,725,1,FALSE
cnsta,126,134,9,+,"","",deletion,1065,725,1,FALSE
cnsta,126,134,9,+,"","",deletion,1066,725,1,FALSE
cnsta,126,134,9,+,"","",deletion,1067,725,1,FALSE
cnsta,126,134,9,+,"","",deletion,1068,725,1,FALSE
cnsta,126,134,9,+,"","",deletion,1069,725,1,FALSE
cnsta,126,134,9,+,"","",deletion,1070,725,1,FALSE
cnsta,126,134,9,+,"","",deletion,1071,725,1,FALSE
cnsta,126,134,9,+,"","",deletion,1072,725,1,FALSE
cnsta,126,134,9,+,"","",deletion,1073,725,1,FALSE
cnsta,126,134,9,+,"","",deletion,1074,725,1,FALSE
cnsta,126,134,9,+,"","",deletion,1075,725,1,FALSE
cnsta,126,134,9,+,"","",deletion,1076,725,1,FALSE
cnsta,126,134,9,+,"","",deletion,1077,725,1,FALSE
cnsta,126,134,9,+,"","",deletion,1078,725,1,FALSE
cnsta,126,134,9,+,"","",deletion,1079,725,1,FALSE
cnsta,126,134,9,+,"","",deletion,1080,725,1,FALSE
cnsta,126,134,9,+,"","",deletion,1081,725,1,FALSE
cnsta,126,134,9,+,"","",deletion,1082,725,1,FALSE
cnsta,126,134,9,+,"","",deletion,1083,725,1,FALSE
cnsta,126,134,9,+,"","",deletion,1084,725,1,FALSE
cnsta,126,134,9,+,"","",deletion,1085,725,1,FALSE
cnsta,126,134,9,+,"","",deletion,1086,725,1,FALSE
cnsta,126,134,9,+,"","",deletion,1087,725,1,FALSE
cnsta,126,134,9,+,"","",deletion,1088,725,1,FALSE
cnsta,126,134,9,+,"","",deletion,1089,725,1,FALSE
cnsta,126,134,9,+,"","",deletion,1090,725,1,FALSE
cnsta,126,134,9,+,"","",deletion,1091,725,1,FALSE
cnsta,126,134,9,+,"","",deletion,1092,725,1,FALSE
cnsta,126,134,9,+,"","",deletion,1093,725,1,FALSE
cnsta,126,134,9,+,"","",deletion,1094,725,1,FALSE
cnsta,126,134,9,+,"","",deletion,1095,725,1,FALSE
cnsta,126,134,9,+,"","",deletion,1096,725,1,FALSE
cnsta,126,134,9,+,"","",deletion,1097,725,1,FALSE
cnsta,126,134,9,+,"","",deletion,1098,725,1,FALSE
cnsta,126,134,9,+,"","",deletion,1099,725,1,FALSE
cnsta,126,134,9,+,"","",deletion,1100,725,1,FALSE
cnsta,126,134,9,+,"","",deletion,1101,725,1,FALSE
cnsta,126,134,9,+,"","",deletion,1102,725,1,FALSE
cnsta,126,134,9,+,"","",deletion,1103,725,1,FALSE
cnsta,126,134,9,+,"","",deletion,1104,725,1,FALSE
cnsta,126,134,9,+,"","",deletion,1105,725,1,FALSE
cnsta,126,134,9,+,"","",deletion,1106,725,1,FALSE
cnsta,126,134,9,+,"","",deletion,1107,725,1,FALSE
cnsta,126,134,9,+,"","",deletion,1108,725,1,FALSE
cnsta,126,134,9,+,"","",deletion,1109,725,1,FALSE
cnsta,126,134,9,+,"","",deletion,1110,725,1,FALSE
cnsta,126,134,9,+,"","",deletion,1111,725,1,FALSE
cnsta,126,134,9,+,"","",deletion,1112,725,1,FALSE
cnsta,126,134,9,+,"","",deletion,1113,725,1,FALSE
cnsta,126,134,9,+,"","",deletion,1114,725,1,FALSE
cnsta,126,134,9,+,"","",deletion,1115,725,1,FALSE
cnsta,126,134,9,+,"","",deletion,1116,725,1,FALSE
cnsta,126,134,9,+,"","",deletion,1117,725,1,FALSE
cnsta,126,134,9,+,"","",deletion,1118,725,1,FALSE
cnsta,126,134,9,+,"","",deletion,1119,725,1,FALSE
cnsta,126,134,9,+,"","",deletion,1120,725,1,FALSE
cnsta,126,134,9,+,"","",deletion,1121,725,1,FALSE
cnsta,126,134,9,+,"","",deletion,1122,725,1,FALSE
cnsta,126,134,9,+,"","",deletion,1123,725,1,FALSE
cnsta,126,134,9,+,"","",deletion,1124,725,1,FALSE
cnsta,126,134,9,+,"","",deletion,1125,725,1,FALSE
cnsta,126,134,9,+,"","",deletion,1126,725,1,FALSE
cnsta,126,134,9,+,"","",deletion,1127,725,1,FALSE
cnsta,126,134,9,+,"","",deletion,1128,725,1,FALSE
cnsta,126,134,9,+,"","",deletion,1129,725,1,FALSE
cnsta,126,134,9,+,"","",deletion,1130,725,1,FALSE
cnsta,126,134,9,+,"","",deletion,1131,725,1,FALSE
cnsta,126,134,9,+,"","",deletion,1132,725,1,FALSE
cnsta,126,134,9,+,"","",deletion,1133,725,1,FALSE
cnsta,126,134,9,+,"","",deletion,1134,725,1,FALSE
cnsta,126,134,9,+,"","",deletion,1135,716,1,FALSE
cnsta,126,134,9,+,"","",deletion,1136,716,1,FALSE
cnsta,126,134,9,+,"","",deletion,1137,716,1,FALSE
cnsta,126,134,9,+,"","",deletion,1138,716,1,FALSE
cnsta,126,134,9,+,"","",deletion,1139,716,1,FALSE
cnsta,126,134,9,+,"","",deletion,1140,716,1,FALSE
cnsta,126,134,9,+,"","",deletion,1141,716,1,FALSE
cnsta,126,134,9,+,"","",deletion,1142,716,1,FALSE
cnsta,126,134,9,+,"","",deletion,1143,716,1,FALSE
cnsta,126,134,9,+,"","",deletion,1144,716,1,FALSE
cnsta,126,134,9,+,"","",deletion,1145,716,1,FALSE
cnsta,126,134,9,+,"","",deletion,1146,716,1,FALSE
cnsta,126,134,9,+,"","",deletion,1147,716,1,FALSE
cnsta,126,134,9,+,"","",deletion,1148,716,1,FALSE
cnsta,126,134,9,+,"","",deletion,1149,716,1,FALSE
cnsta,126,134,9,+,"","",deletion,1150,716,1,FALSE
cnsta,126,134,9,+,"","",deletion,1151,716,1,FALSE
cnsta,126,134,9,+,"","",deletion,1152,716,1,FALSE
cnsta,126,134,9,+,"","",deletion,1153,716,1,FALSE
cnsta,126,134,9,+,"","",deletion,1154,716,1,FALSE
cnsta,126,134,9,+,"","",deletion,1155,716,1,FALSE
cnsta,126,134,9,+,"","",deletion,1156,716,1,FALSE
cnsta,126,134,9,+,"","",deletion,1157,707,1,FALSE
cnsta,126,134,9,+,"","",deletion,1158,716,1,FALSE
cnsta,126,134,9,+,"","",deletion,1159,707,1,FALSE
cnsta,126,134,9,+,"","",deletion,1160,716,1,FALSE
cnsta,126,134,9,+,"","",deletion,1161,716,1,FALSE
cnsta,126,134,9,+,"","",deletion,1162,716,1,FALSE
cnsta,126,134,9,+,"","",deletion,1163,716,1,FALSE
cnsta,126,134,9,+,"","",deletion,1164,716,1,FALSE
cnsta,126,134,9,+,"","",deletion,1165,716,1,FALSE
cnsta,126,134,9,+,"","",deletion,1166,716,1,FALSE
cnsta,133,137,5,+,"","",deletion,1167,716,1,FALSE
cnsta,128,136,9,+,"","",deletion,1168,716,1,FALSE
cnsta,128,136,9,+,"","",deletion,1169,716,1,FALSE
cnsta,133,137,5,+,"","",deletion,1174,716,1,FALSE
cnsta,128,134,7,+,"","",deletion,1175,716,1,FALSE
cnsta,128,137,10,+,"","",deletion,1176,725,1,FALSE
cnsta,128,134,7,+,"","",deletion,1177,716,1,FALSE
cnsta,128,134,7,+,"","",deletion,1178,716,1,FALSE
cnsta,128,134,7,+,"","",deletion,1179,725,1,FALSE
cnsta,128,134,7,+,"","",deletion,1180,725,1,FALSE
cnsta,128,134,7,+,"","",deletion,1181,725,1,FALSE
cnsta,128,134,7,+,"","",deletion,1182,725,1,FALSE
cnsta,128,134,7,+,"","",deletion,1183,725,1,FALSE
cnsta,128,134,7,+,"","",deletion,1184,725,1,FALSE
cnsta,128,134,7,+,"","",deletion,1185,725,1,FALSE
cnsta,128,134,7,+,"","",deletion,1186,725,1,FALSE
cnsta,128,134,7,+,"","",deletion,1187,725,1,FALSE
cnsta,128,134,7,+,"","",deletion,1188,725,1,FALSE
cnsta,128,134,7,+,"","",deletion,1189,725,1,FALSE
cnsta,128,134,7,+,"","",deletion,1190,725,1,FALSE
cnsta,128,134,7,+,"","",deletion,1191,725,1,FALSE
cnsta,128,134,7,+,"","",deletion,1192,725,1,FALSE
cnsta,128,134,7,+,"","",deletion,1193,725,1,FALSE
cnsta,128,134,7,+,"","",deletion,1194,725,1,FALSE
cnsta,128,134,7,+,"","",deletion,1195,725,1,FALSE
cnsta,128,134,7,+,"","",deletion,1196,725,1,FALSE
cnsta,128,134,7,+,"","",deletion,1197,725,1,FALSE
cnsta,128,134,7,+,"","",deletion,1198,725,1,FALSE
cnsta,128,134,7,+,"","",deletion,1199,725,1,FALSE
cnsta,128,134,7,+,"","",deletion,1200,725,1,FALSE
cnsta,128,134,7,+,"","",deletion,1201,725,1,FALSE
cnsta,128,134,7,+,"","",deletion,1202,725,1,FALSE
cnsta,128,134,7,+,"","",deletion,1203,725,1,FALSE
cnsta,128,134,7,+,"","",deletion,1204,725,1,FALSE
cnsta,128,134,7,+,"","",deletion,1205,725,1,FALSE
cnsta,128,134,7,+,"","",deletion,1206,725,1,FALSE
cnsta,128,134,7,+,"","",deletion,1207,725,1,FALSE
cnsta,128,134,7,+,"","",deletion,1208,725,1,FALSE
cnsta,128,134,7,+,"","",deletion,1209,725,1,FALSE
cnsta,128,134,7,+,"","",deletion,1210,725,1,FALSE
cnsta,128,134,7,+,"","",deletion,1211,725,1,FALSE
cnsta,128,134,7,+,"","",deletion,1212,725,1,FALSE
cnsta,128,134,7,+,"","",deletion,1213,725,1,FALSE
cnsta,128,134,7,+,"","",deletion,1214,725,1,FALSE
cnsta,128,134,7,+,"","",deletion,1215,725,1,FALSE
cnsta,128,134,7,+,"","",deletion,1216,725,1,FALSE
cnsta,128,134,7,+,"","",deletion,1217,725,1,FALSE
cnsta,128,134,7,+,"","",deletion,1218,725,1,FALSE
cnsta,128,134,7,+,"","",deletion,1219,725,1,FALSE
cnsta,128,134,7,+,"","",deletion,1220,725,1,FALSE
cnsta,128,134,7,+,"","",deletion,1221,725,1,FALSE
cnsta,128,134,7,+,"","",deletion,1222,725,1,FALSE
cnsta,128,134,7,+,"","",deletion,1223,725,1,FALSE
cnsta,128,134,7,+,"","",deletion,1224,725,1,FALSE
cnsta,128,134,7,+,"","",deletion,1225,725,1,FALSE
cnsta,128,134,7,+,"","",deletion,1226,725,1,FALSE
cnsta,128,134,7,+,"","",deletion,1227,725,1,FALSE
cnsta,128,134,7,+,"","",deletion,1228,725,1,FALSE
cnsta,128,134,7,+,"","",deletion,1229,725,1,FALSE
cnsta,128,134,7,+,"","",deletion,1230,725,1,FALSE
cnsta,128,134,7,+,"","",deletion,1231,725,1,FALSE
cnsta,128,134,7,+,"","",deletion,1232,725,1,FALSE
cnsta,128,134,7,+,"","",deletion,1233,725,1,FALSE
cnsta,128,134,7,+,"","",deletion,1234,725,1,FALSE
cnsta,128,134,7,+,"","",deletion,1235,725,1,FALSE
cnsta,128,134,7,+,"","",deletion,1236,725,1,FALSE
cnsta,128,134,7,+,"","",deletion,1237,725,1,FALSE
cnsta,128,134,7,+,"","",deletion,1238,725,1,FALSE
cnsta,128,134,7,+,"","",deletion,1239,725,1,FALSE
cnsta,128,134,7,+,"","",deletion,1240,725,1,FALSE
cnsta,128,134,7,+,"","",deletion,1241,725,1,FALSE
cnsta,128,134,7,+,"","",deletion,1242,725,1,FALSE
cnsta,128,134,7,+,"","",deletion,1243,725,1,FALSE
cnsta,128,134,7,+,"","",deletion,1244,725,1,FALSE
cnsta,128,134,7,+,"","",deletion,1245,725,1,FALSE
cnsta,128,134,7,+,"","",deletion,1246,725,1,FALSE
cnsta,128,134,7,+,"","",deletion,1247,725,1,FALSE
cnsta,128,134,7,+,"","",deletion,1248,725,1,FALSE
cnsta,128,134,7,+,"","",deletion,1249,725,1,FALSE
cnsta,128,134,7,+,"","",deletion,1250,725,1,FALSE
cnsta,128,134,7,+,"","",deletion,1251,725,1,FALSE
cnsta,128,134,7,+,"","",deletion,1252,725,1,FALSE
cnsta,128,134,7,+,"","",deletion,1253,716,1,FALSE
cnsta,128,134,7,+,"","",deletion,1254,716,1,FALSE
cnsta,129,131,3,+,"","",deletion,1255,716,1,FALSE
cnsta,133,137,5,+,"","",deletion,1256,716,1,FALSE
cnsta,130,132,3,+,"","",deletion,1257,716,1,FALSE
cnsta,133,137,5,+,"","",deletion,1259,716,1,FALSE
cnsta,133,137,5,+,"","",deletion,1261,716,1,FALSE
cnsta,140,144,5,+,"","",deletion,1262,716,1,FALSE
cnsta,133,137,5,+,"","",deletion,1263,716,1,FALSE
cnsta,133,137,5,+,"","",deletion,1264,716,1,FALSE
cnsta,133,137,5,+,"","",deletion,1265,716,1,FALSE
cnsta,133,137,5,+,"","",deletion,1266,716,1,FALSE
cnsta,133,137,5,+,"","",deletion,1267,716,1,FALSE
cnsta,133,137,5,+,"","",deletion,1268,725,1,FALSE
cnsta,133,137,5,+,"","",deletion,1269,725,1,FALSE
cnsta,133,137,5,+,"","",deletion,1270,725,1,FALSE
cnsta,133,137,5,+,"","",deletion,1271,725,1,FALSE
cnsta,133,137,5,+,"","",deletion,1272,725,1,FALSE
cnsta,133,137,5,+,"","",deletion,1273,725,1,FALSE
cnsta,133,137,5,+,"","",deletion,1274,725,1,FALSE
cnsta,133,137,5,+,"","",deletion,1275,725,1,FALSE
cnsta,133,137,5,+,"","",deletion,1276,725,1,FALSE
cnsta,133,137,5,+,"","",deletion,1277,725,1,FALSE
cnsta,133,137,5,+,"","",deletion,1278,725,1,FALSE
cnsta,133,137,5,+,"","",deletion,1279,725,1,FALSE
cnsta,133,137,5,+,"","",deletion,1280,725,1,FALSE
cnsta,133,137,5,+,"","",deletion,1281,725,1,FALSE
cnsta,133,137,5,+,"","",deletion,1282,725,1,FALSE
cnsta,133,137,5,+,"","",deletion,1283,725,1,FALSE
cnsta,133,137,5,+,"","",deletion,1284,725,1,FALSE
cnsta,133,137,5,+,"","",deletion,1285,725,1,FALSE
cnsta,133,137,5,+,"","",deletion,1286,725,1,FALSE
cnsta,133,137,5,+,"","",deletion,1287,725,1,FALSE
cnsta,133,137,5,+,"","",deletion,1288,725,1,FALSE
cnsta,133,137,5,+,"","",deletion,1289,725,1,FALSE
cnsta,133,137,5,+,"","",deletion,1290,725,1,FALSE
cnsta,133,137,5,+,"","",deletion,1291,725,1,FALSE
cnsta,133,137,5,+,"","",deletion,1292,725,1,FALSE
cnsta,133,137,5,+,"","",deletion,1293,725,1,FALSE
cnsta,133,137,5,+,"","",deletion,1294,725,1,FALSE
cnsta,133,137,5,+,"","",deletion,1295,725,1,FALSE
cnsta,133,137,5,+,"","",deletion,1296,725,1,FALSE
cnsta,133,137,5,+,"","",deletion,1297,725,1,FALSE
cnsta,133,137,5,+,"","",deletion,1298,725,1,FALSE
cnsta,133,137,5,+,"","",deletion,1299,725,1,FALSE
cnsta,133,137,5,+,"","",deletion,1300,725,1,FALSE
cnsta,133,137,5,+,"","",deletion,1301,725,1,FALSE
cnsta,133,137,5,+,"","",deletion,1302,725,1,FALSE
cnsta,133,137,5,+,"","",deletion,1303,725,1,FALSE
cnsta,133,137,5,+,"","",deletion,1304,725,1,FALSE
cnsta,133,137,5,+,"","",deletion,1305,725,1,FALSE
cnsta,133,137,5,+,"","",deletion,1306,725,1,FALSE
cnsta,133,137,5,+,"","",deletion,1307,725,1,FALSE
cnsta,133,137,5,+,"","",deletion,1308,725,1,FALSE
cnsta,133,137,5,+,"","",deletion,1309,725,1,FALSE
cnsta,133,137,5,+,"","",deletion,1310,725,1,FALSE
cnsta,133,137,5,+,"","",deletion,1311,725,1,FALSE
cnsta,133,137,5,+,"","",deletion,1312,725,1,FALSE
cnsta,133,137,5,+,"","",deletion,1313,725,1,FALSE
cnsta,133,137,5,+,"","",deletion,1314,725,1,FALSE
cnsta,133,137,5,+,"","",deletion,1315,725,1,FALSE
cnsta,133,137,5,+,"","",deletion,1316,725,1,FALSE
cnsta,133,137,5,+,"","",deletion,1317,725,1,FALSE
cnsta,133,137,5,+,"","",deletion,1318,725,1,FALSE
cnsta,133,137,5,+,"","",deletion,1319,725,1,FALSE
cnsta,133,137,5,+,"","",deletion,1320,725,1,FALSE
cnsta,133,137,5,+,"","",deletion,1321,725,1,FALSE
cnsta,133,137,5,+,"","",deletion,1322,725,1,FALSE
cnsta,133,137,5,+,"","",deletion,1323,725,1,FALSE
cnsta,133,137,5,+,"","",deletion,1324,725,1,FALSE
cnsta,133,137,5,+,"","",deletion,1325,725,1,FALSE
cnsta,133,137,5,+,"","",deletion,1326,725,1,FALSE
cnsta,133,137,5,+,"","",deletion,1327,725,1,FALSE
cnsta,133,137,5,+,"","",deletion,1328,725,1,FALSE
cnsta,133,137,5,+,"","",deletion,1329,725,1,FALSE
cnsta,133,137,5,+,"","",deletion,1330,725,1,FALSE
cnsta,133,137,5,+,"","",deletion,1331,725,1,FALSE
cnsta,133,137,5,+,"","",deletion,1332,725,1,FALSE
cnsta,133,137,5,+,"","",deletion,1333,725,1,FALSE
cnsta,133,137,5,+,"","",deletion,1334,725,1,FALSE
cnsta,133,137,5,+,"","",deletion,1335,725,1,FALSE
cnsta,133,137,5,+,"","",deletion,1336,725,1,FALSE
cnsta,133,137,5,+,"","",deletion,1337,725,1,FALSE
cnsta,133,137,5,+,"","",deletion,1338,725,1,FALSE
cnsta,133,137,5,+,"","",deletion,1339,725,1,FALSE
cnsta,133,137,5,+,"","",deletion,1340,725,1,FALSE
cnsta,133,137,5,+,"","",deletion,1341,725,1,FALSE
cnsta,133,137,5,+,"","",deletion,1342,725,1,FALSE
cnsta,133,137,5,+,"","",deletion,1343,725,1,FALSE
cnsta,133,137,5,+,"","",deletion,1344,725,1,FALSE
cnsta,133,137,5,+,"","",deletion,1345,725,1,FALSE
cnsta,133,137,5,+,"","",deletion,1346,725,1,FALSE
cnsta,133,137,5,+,"","",deletion,1347,725,1,FALSE
cnsta,133,137,5,+,"","",deletion,1348,725,1,FALSE
cnsta,133,137,5,+,"","",deletion,1349,725,1,FALSE
cnsta,133,137,5,+,"","",deletion,1350,725,1,FALSE
cnsta,133,137,5,+,"","",deletion,1351,725,1,FALSE
cnsta,133,137,5,+,"","",deletion,1352,725,1,FALSE
cnsta,133,137,5,+,"","",deletion,1353,725,1,FALSE
cnsta,133,137,5,+,"","",deletion,1354,725,1,FALSE
cnsta,133,137,5,+,"","",deletion,1355,725,1,FALSE
cnsta,133,137,5,+,"","",deletion,1356,725,1,FALSE
cnsta,133,137,5,+,"","",deletion,1357,725,1,FALSE
cnsta,133,137,5,+,"","",deletion,1358,725,1,FALSE
cnsta,133,137,5,+,"","",deletion,1359,725,1,FALSE
cnsta,133,137,5,+,"","",deletion,1360,725,1,FALSE
cnsta,133,137,5,+,"","",deletion,1361,725,1,FALSE
cnsta,133,137,5,+,"","",deletion,1362,725,1,FALSE
cnsta,133,137,5,+,"","",deletion,1363,725,1,FALSE
cnsta,133,137,5,+,"","",deletion,1364,725,1,FALSE
cnsta,133,137,5,+,"","",deletion,1365,725,1,FALSE
cnsta,133,137,5,+,"","",deletion,1366,725,1,FALSE
cnsta,133,137,5,+,"","",deletion,1367,725,1,FALSE
cnsta,133,137,5,+,"","",deletion,1368,725,1,FALSE
cnsta,133,137,5,+,"","",deletion,1369,725,1,FALSE
cnsta,133,137,5,+,"","",deletion,1370,725,1,FALSE
cnsta,133,137,5,+,"","",deletion,1371,725,1,FALSE
cnsta,133,137,5,+,"","",deletion,1372,725,1,FALSE
cnsta,133,137,5,+,"","",deletion,1373,725,1,FALSE
cnsta,133,137,5,+,"","",deletion,1374,725,1,FALSE
cnsta,133,137,5,+,"","",deletion,1375,725,1,FALSE
cnsta,133,137,5,+,"","",deletion,1376,725,1,FALSE
cnsta,133,137,5,+,"","",deletion,1377,725,1,FALSE
cnsta,133,137,5,+,"","",deletion,1378,725,1,FALSE
cnsta,133,137,5,+,"","",deletion,1379,725,1,FALSE
cnsta,133,137,5,+,"","",deletion,1380,725,1,FALSE
cnsta,133,137,5,+,"","",deletion,1381,716,1,FALSE
cnsta,133,137,5,+,"","",deletion,1382,716,1,FALSE
cnsta,133,137,5,+,"","",deletion,1383,716,1,FALSE
cnsta,133,137,5,+,"","",deletion,1384,716,1,FALSE
cnsta,133,137,5,+,"","",deletion,1385,716,1,FALSE
cnsta,133,137,5,+,"","",deletion,1386,716,1,FALSE
cnsta,133,137,5,+,"","",deletion,1387,716,1,FALSE
cnsta,133,137,5,+,"","",deletion,1388,716,1,FALSE
cnsta,133,137,5,+,"","",deletion,1389,716,1,FALSE
cnsta,133,134,2,+,"","",deletion,1390,725,1,FALSE
cnsta,133,134,2,+,"","",deletion,1391,725,1,FALSE
cnsta,133,134,2,+,"","",deletion,1392,725,1,FALSE
cnsta,133,139,7,+,"","",deletion,1393,725,1,FALSE
cnsta,133,139,7,+,"","",deletion,1394,725,1,FALSE
cnsta,133,139,7,+,"","",deletion,1395,716,1,FALSE
cnsta,133,137,5,+,"","",deletion,1565,707,1,FALSE
cnsta,130,132,3,+,"","",deletion,1566,725,1,FALSE
cnsta,129,131,3,+,"","",deletion,1571,716,1,FALSE
cnsta,129,135,7,+,"","",deletion,1572,716,1,FALSE
cnsta,129,135,7,+,"","",deletion,1573,725,1,FALSE
cnsta,129,135,7,+,"","",deletion,1574,725,1,FALSE
cnsta,129,135,7,+,"","",deletion,1575,725,1,FALSE
cnsta,129,135,7,+,"","",deletion,1576,725,1,FALSE
cnsta,129,135,7,+,"","",deletion,1577,725,1,FALSE
cnsta,129,135,7,+,"","",deletion,1578,725,1,FALSE
cnsta,129,135,7,+,"","",deletion,1579,725,1,FALSE
cnsta,129,135,7,+,"","",deletion,1580,725,1,FALSE
cnsta,129,135,7,+,"","",deletion,1581,725,1,FALSE
cnsta,129,135,7,+,"","",deletion,1582,725,1,FALSE
cnsta,129,135,7,+,"","",deletion,1583,725,1,FALSE
cnsta,129,135,7,+,"","",deletion,1584,725,1,FALSE
cnsta,129,135,7,+,"","",deletion,1585,725,1,FALSE
cnsta,129,135,7,+,"","",deletion,1586,725,1,FALSE
cnsta,129,135,7,+,"","",deletion,1587,725,1,FALSE
cnsta,129,135,7,+,"","",deletion,1588,725,1,FALSE
cnsta,129,135,7,+,"","",deletion,1589,725,1,FALSE
cnsta,129,135,7,+,"","",deletion,1590,725,1,FALSE
cnsta,129,135,7,+,"","",deletion,1591,725,1,FALSE
cnsta,129,135,7,+,"","",deletion,1592,725,1,FALSE
cnsta,129,135,7,+,"","",deletion,1593,725,1,FALSE
cnsta,129,135,7,+,"","",deletion,1594,725,1,FALSE
cnsta,129,135,7,+,"","",deletion,1595,725,1,FALSE
cnsta,129,135,7,+,"","",deletion,1596,725,1,FALSE
cnsta,129,135,7,+,"","",deletion,1597,725,1,FALSE
cnsta,129,135,7,+,"","",deletion,1598,725,1,FALSE
cnsta,129,135,7,+,"","",deletion,1599,725,1,FALSE
cnsta,129,135,7,+,"","",deletion,1600,725,1,FALSE
cnsta,129,135,7,+,"","",deletion,1601,725,1,FALSE
cnsta,129,135,7,+,"","",deletion,1602,725,1,FALSE
cnsta,129,135,7,+,"","",deletion,1603,725,1,FALSE
cnsta,129,135,7,+,"","",deletion,1604,725,1,FALSE
cnsta,129,135,7,+,"","",deletion,1605,725,1,FALSE
cnsta,129,135,7,+,"","",deletion,1606,725,1,FALSE
cnsta,129,135,7,+,"","",deletion,1607,725,1,FALSE
cnsta,129,135,7,+,"","",deletion,1608,725,1,FALSE
cnsta,129,135,7,+,"","",deletion,1609,716,1,FALSE
cnsta,129,131,3,+,"","",deletion,1610,716,1,FALSE
cnsta,129,131,3,+,"","",deletion,1611,716,1,FALSE
cnsta,129,131,3,+,"","",deletion,1612,716,1,FALSE
cnsta,129,131,3,+,"","",deletion,1613,716,1,FALSE
cnsta,129,131,3,+,"","",deletion,1614,716,1,FALSE
cnsta,129,131,3,+,"","",deletion,1615,716,1,FALSE
cnsta,129,131,3,+,"","",deletion,1616,716,1,FALSE
cnsta,129,131,3,+,"","",deletion,1617,716,1,FALSE
cnsta,129,131,3,+,"","",deletion,1618,725,1,FALSE
cnsta,129,131,3,+,"","",deletion,1619,725,1,FALSE
cnsta,129,131,3,+,"","",deletion,1620,725,1,FALSE
cnsta,129,131,3,+,"","",deletion,1621,725,1,FALSE
cnsta,129,131,3,+,"","",deletion,1622,725,1,FALSE
cnsta,129,131,3,+,"","",deletion,1623,725,1,FALSE
cnsta,129,131,3,+,"","",deletion,1624,725,1,FALSE
cnsta,129,131,3,+,"","",deletion,1625,725,1,FALSE
cnsta,129,131,3,+,"","",deletion,1626,725,1,FALSE
cnsta,129,131,3,+,"","",deletion,1627,725,1,FALSE
cnsta,129,131,3,+,"","",deletion,1628,725,1,FALSE
cnsta,129,131,3,+,"","",deletion,1629,725,1,FALSE
cnsta,129,131,3,+,"","",deletion,1630,725,1,FALSE
cnsta,129,131,3,+,"","",deletion,1631,725,1,FALSE
cnsta,129,131,3,+,"","",deletion,1632,725,1,FALSE
cnsta,129,131,3,+,"","",deletion,1633,725,1,FALSE
cnsta,129,131,3,+,"","",deletion,1634,725,1,FALSE
cnsta,129,131,3,+,"","",deletion,1635,725,1,FALSE
cnsta,129,131,3,+,"","",deletion,1636,725,1,FALSE
cnsta,129,131,3,+,"","",deletion,1637,725,1,FALSE
cnsta,129,131,3,+,"","",deletion,1638,725,1,FALSE
cnsta,129,131,3,+,"","",deletion,1639,725,1,FALSE
cnsta,129,131,3,+,"","",deletion,1640,725,1,FALSE
cnsta,129,131,3,+,"","",deletion,1641,725,1,FALSE
cnsta,129,131,3,+,"","",deletion,1642,725,1,FALSE
cnsta,129,131,3,+,"","",deletion,1643,725,1,FALSE
cnsta,129,131,3,+,"","",deletion,1644,725,1,FALSE
cnsta,129,131,3,+,"","",deletion,1645,725,1,FALSE
cnsta,129,131,3,+,"","",deletion,1646,725,1,FALSE
cnsta,129,131,3,+,"","",deletion,1647,725,1,FALSE
cnsta,129,131,3,+,"","",deletion,1648,725,1,FALSE
cnsta,129,131,3,+,"","",deletion,1649,725,1,FALSE
cnsta,129,131,3,+,"","",deletion,1650,725,1,FALSE
cnsta,129,131,3,+,"","",deletion,1651,725,1,FALSE
cnsta,129,131,3,+,"","",deletion,1652,725,1,FALSE
cnsta,129,131,3,+,"","",deletion,1653,725,1,FALSE
cnsta,129,131,3,+,"","",deletion,1654,725,1,FALSE
cnsta,129,131,3,+,"","",deletion,1655,725,1,FALSE
cnsta,129,131,3,+,"","",deletion,1656,725,1,FALSE
cnsta,129,131,3,+,"","",deletion,1657,725,1,FALSE
cnsta,129,131,3,+,"","",deletion,1658,725,1,FALSE
cnsta,129,131,3,+,"","",deletion,1659,725,1,FALSE
cnsta,129,131,3,+,"","",deletion,1660,725,1,FALSE
cnsta,129,131,3,+,"","",deletion,1661,725,1,FALSE
cnsta,129,131,3,+,"","",deletion,1662,725,1,FALSE
cnsta,129,131,3,+,"","",deletion,1663,725,1,FALSE
cnsta,129,131,3,+,"","",deletion,1664,725,1,FALSE
cnsta,129,131,3,+,"","",deletion,1665,725,1,FALSE
cnsta,129,131,3,+,"","",deletion,1666,725,1,FALSE
cnsta,129,131,3,+,"","",deletion,1667,725,1,FALSE
cnsta,129,131,3,+,"","",deletion,1668,725,1,FALSE
cnsta,129,131,3,+,"","",deletion,1669,725,1,FALSE
cnsta,129,131,3,+,"","",deletion,1670,725,1,FALSE
cnsta,129,131,3,+,"","",deletion,1671,725,1,FALSE
cnsta,129,131,3,+,"","",deletion,1672,725,1,FALSE
cnsta,129,131,3,+,"","",deletion,1673,725,1,FALSE
cnsta,129,131,3,+,"","",deletion,1674,725,1,FALSE
cnsta,129,131,3,+,"","",deletion,1675,725,1,FALSE
cnsta,129,131,3,+,"","",deletion,1676,725,1,FALSE
cnsta,129,131,3,+,"","",deletion,1677,725,1,FALSE
cnsta,129,131,3,+,"","",deletion,1678,725,1,FALSE
cnsta,129,131,3,+,"","",deletion,1679,725,1,FALSE
cnsta,129,131,3,+,"","",deletion,1680,725,1,FALSE
cnsta,129,131,3,+,"","",deletion,1681,725,1,FALSE
cnsta,129,131,3,+,"","",deletion,1682,725,1,FALSE
cnsta,129,131,3,+,"","",deletion,1683,725,1,FALSE
cnsta,129,131,3,+,"","",deletion,1684,725,1,FALSE
cnsta,129,131,3,+,"","",deletion,1685,725,1,FALSE
cnsta,129,131,3,+,"","",deletion,1686,725,1,FALSE
cnsta,129,131,3,+,"","",deletion,1687,725,1,FALSE
cnsta,129,131,3,+,"","",deletion,1688,725,1,FALSE
cnsta,129,131,3,+,"","",deletion,1689,725,1,FALSE
cnsta,129,131,3,+,"","",deletion,1690,725,1,FALSE
cnsta,129,131,3,+,"","",deletion,1691,725,1,FALSE
cnsta,129,131,3,+,"","",deletion,1692,725,1,FALSE
cnsta,129,131,3,+,"","",deletion,1693,725,1,FALSE
cnsta,129,131,3,+,"","",deletion,1694,725,1,FALSE
cnsta,129,131,3,+,"","",deletion,1695,725,1,FALSE
cnsta,129,131,3,+,"","",deletion,1696,725,1,FALSE
cnsta,129,131,3,+,"","",deletion,1697,725,1,FALSE
cnsta,129,131,3,+,"","",deletion,1698,725,1,FALSE
cnsta,129,131,3,+,"","",deletion,1699,725,1,FALSE
cnsta,129,131,3,+,"","",deletion,1700,725,1,FALSE
cnsta,129,131,3,+,"","",deletion,1701,725,1,FALSE
cnsta,129,131,3,+,"","",deletion,1702,725,1,FALSE
cnsta,129,131,3,+,"","",deletion,1703,725,1,FALSE
cnsta,129,131,3,+,"","",deletion,1704,725,1,FALSE
cnsta,129,131,3,+,"","",deletion,1705,725,1,FALSE
cnsta,129,131,3,+,"","",deletion,1706,725,1,FALSE
cnsta,129,131,3,+,"","",deletion,1707,725,1,FALSE
cnsta,129,131,3,+,"","",deletion,1708,725,1,FALSE
cnsta,129,131,3,+,"","",deletion,1709,725,1,FALSE
cnsta,129,131,3,+,"","",deletion,1710,725,1,FALSE
cnsta,129,131,3,+,"","",deletion,1711,725,1,FALSE
cnsta,129,131,3,+,"","",deletion,1712,725,1,FALSE
cnsta,129,131,3,+,"","",deletion,1713,725,1,FALSE
cnsta,129,131,3,+,"","",deletion,1714,725,1,FALSE
cnsta,129,131,3,+,"","",deletion,1715,725,1,FALSE
cnsta,129,131,3,+,"","",deletion,1716,725,1,FALSE
cnsta,129,131,3,+,"","",deletion,1717,725,1,FALSE
cnsta,129,131,3,+,"","",deletion,1718,725,1,FALSE
cnsta,129,131,3,+,"","",deletion,1719,725,1,FALSE
cnsta,129,131,3,+,"","",deletion,1720,725,1,FALSE
cnsta,129,131,3,+,"","",deletion,1721,725,1,FALSE
cnsta,129,131,3,+,"","",deletion,1722,725,1,FALSE
cnsta,129,131,3,+,"","",deletion,1723,725,1,FALSE
cnsta,129,131,3,+,"","",deletion,1724,725,1,FALSE
cnsta,129,131,3,+,"","",deletion,1725,725,1,FALSE
cnsta,129,131,3,+,"","",deletion,1726,725,1,FALSE
cnsta,129,131,3,+,"","",deletion,1727,725,1,FALSE
cnsta,129,131,3,+,"","",deletion,1728,725,1,FALSE
cnsta,129,131,3,+,"","",deletion,1729,725,1,FALSE
cnsta,129,131,3,+,"","",deletion,1730,725,1,FALSE
cnsta,129,131,3,+,"","",deletion,1731,725,1,FALSE
cnsta,129,131,3,+,"","",deletion,1732,725,1,FALSE
cnsta,129,131,3,+,"","",deletion,1733,725,1,FALSE
cnsta,129,131,3,+,"","",deletion,1734,725,1,FALSE
cnsta,129,131,3,+,"","",deletion,1735,725,1,FALSE
cnsta,129,131,3,+,"","",deletion,1736,725,1,FALSE
cnsta,129,131,3,+,"","",deletion,1737,725,1,FALSE
cnsta,129,131,3,+,"","",deletion,1738,725,1,FALSE
cnsta,129,131,3,+,"","",deletion,1739,725,1,FALSE
cnsta,129,131,3,+,"","",deletion,1740,725,1,FALSE
cnsta,129,131,3,+,"","",deletion,1741,725,1,FALSE
cnsta,129,131,3,+,"","",deletion,1742,725,1,FALSE
cnsta,129,131,3,+,"","",deletion,1743,725,1,FALSE
cnsta,129,131,3,+,"","",deletion,1744,725,1,FALSE
cnsta,129,131,3,+,"","",deletion,1745,725,1,FALSE
cnsta,129,131,3,+,"","",deletion,1746,725,1,FALSE
cnsta,129,131,3,+,"","",deletion,1747,725,1,FALSE
cnsta,129,131,3,+,"","",deletion,1748,725,1,FALSE
cnsta,129,131,3,+,"","",deletion,1749,725,1,FALSE
cnsta,129,131,3,+,"","",deletion,1750,725,1,FALSE
cnsta,129,131,3,+,"","",deletion,1751,725,1,FALSE
cnsta,129,131,3,+,"","",deletion,1752,725,1,FALSE
cnsta,129,131,3,+,"","",deletion,1753,725,1,FALSE
cnsta,129,131,3,+,"","",deletion,1754,725,1,FALSE
cnsta,129,131,3,+,"","",deletion,1755,725,1,FALSE
cnsta,129,131,3,+,"","",deletion,1756,725,1,FALSE
cnsta,129,131,3,+,"","",deletion,1757,725,1,FALSE
cnsta,129,131,3,+,"","",deletion,1758,725,1,FALSE
cnsta,129,131,3,+,"","",deletion,1759,725,1,FALSE
cnsta,129,131,3,+,"","",deletion,1760,725,1,FALSE
cnsta,129,131,3,+,"","",deletion,1761,725,1,FALSE
cnsta,129,131,3,+,"","",deletion,1762,725,1,FALSE
cnsta,129,131,3,+,"","",deletion,1763,725,1,FALSE
cnsta,129,131,3,+,"","",deletion,1764,725,1,FALSE
cnsta,129,131,3,+,"","",deletion,1765,725,1,FALSE
cnsta,129,131,3,+,"","",deletion,1766,725,1,FALSE
cnsta,129,131,3,+,"","",deletion,1767,725,1,FALSE
cnsta,129,131,3,+,"","",deletion,1768,725,1,FALSE
cnsta,129,131,3,+,"","",deletion,1769,725,1,FALSE
cnsta,129,131,3,+,"","",deletion,1770,725,1,FALSE
cnsta,129,131,3,+,"","",deletion,1771,725,1,FALSE
cnsta,129,131,3,+,"","",deletion,1772,725,1,FALSE
cnsta,129,131,3,+,"","",deletion,1773,725,1,FALSE
cnsta,129,131,3,+,"","",deletion,1774,725,1,FALSE
cnsta,129,131,3,+,"","",deletion,1775,725,1,FALSE
cnsta,129,131,3,+,"","",deletion,1776,725,1,FALSE
cnsta,129,131,3,+,"","",deletion,1777,725,1,FALSE
cnsta,129,131,3,+,"","",deletion,1778,725,1,FALSE
cnsta,129,131,3,+,"","",deletion,1779,725,1,FALSE
cnsta,129,131,3,+,"","",deletion,1780,725,1,FALSE
cnsta,129,131,3,+,"","",deletion,1781,725,1,FALSE
cnsta,129,131,3,+,"","",deletion,1782,716,1,FALSE
cnsta,129,131,3,+,"","",deletion,1783,716,1,FALSE
cnsta,129,131,3,+,"","",deletion,1784,716,1,FALSE
cnsta,129,131,3,+,"","",deletion,1785,716,1,FALSE
cnsta,129,131,3,+,"","",deletion,1786,716,1,FALSE
cnsta,129,131,3,+,"","",deletion,1787,716,1,FALSE
cnsta,129,131,3,+,"","",deletion,1788,716,1,FALSE
cnsta,129,131,3,+,"","",deletion,1789,707,1,FALSE
cnsta,133,137,5,+,"","",deletion,1790,716,1,FALSE
cnsta,133,137,5,+,"","",deletion,1791,716,1,FALSE
cnsta,129,135,7,+,"","",deletion,1792,716,1,FALSE
cnsta,128,130,3,+,"","",deletion,1793,725,1,FALSE
cnsta,128,130,3,+,"","",deletion,1794,725,1,FALSE
cnsta,128,134,7,+,"","",deletion,1795,716,1,FALSE
cnsta,128,134,7,+,"","",deletion,1796,716,1,FALSE
cnsta,128,136,9,+,"","",deletion,1797,716,1,FALSE
cnsta,126,133,8,+,"","",deletion,1798,716,1,FALSE
cnsta,125,132,8,+,"","",deletion,1799,716,1,FALSE
cnsta,125,132,8,+,"","",deletion,1800,716,1,FALSE
cnsta,125,132,8,+,"","",deletion,1801,716,1,FALSE
cnsta,125,132,8,+,"","",deletion,1802,716,1,FALSE
cnsta,125,132,8,+,"","",deletion,1803,716,1,FALSE
cnsta,125,132,8,+,"","",deletion,1804,716,1,FALSE
cnsta,125,132,8,+,"","",deletion,1805,716,1,FALSE
cnsta,125,132,8,+,"","",deletion,1806,716,1,FALSE
cnsta,125,132,8,+,"","",deletion,1807,725,1,FALSE
cnsta,125,132,8,+,"","",deletion,1808,725,1,FALSE
cnsta,125,132,8,+,"","",deletion,1809,725,1,FALSE
cnsta,125,132,8,+,"","",deletion,1810,725,1,FALSE
cnsta,125,132,8,+,"","",deletion,1811,725,1,FALSE
cnsta,125,132,8,+,"","",deletion,1812,725,1,FALSE
cnsta,125,132,8,+,"","",deletion,1813,725,1,FALSE
cnsta,125,132,8,+,"","",deletion,1814,725,1,FALSE
cnsta,125,132,8,+,"","",deletion,1815,725,1,FALSE
cnsta,125,132,8,+,"","",deletion,1816,725,1,FALSE
cnsta,125,132,8,+,"","",deletion,1817,725,1,FALSE
cnsta,125,132,8,+,"","",deletion,1818,725,1,FALSE
cnsta,125,132,8,+,"","",deletion,1819,725,1,FALSE
cnsta,125,132,8,+,"","",deletion,1820,725,1,FALSE
cnsta,125,132,8,+,"","",deletion,1821,725,1,FALSE
cnsta,125,132,8,+,"","",deletion,1822,725,1,FALSE
cnsta,125,132,8,+,"","",deletion,1823,725,1,FALSE
cnsta,125,132,8,+,"","",deletion,1824,725,1,FALSE
cnsta,125,132,8,+,"","",deletion,1825,725,1,FALSE
cnsta,125,132,8,+,"","",deletion,1826,725,1,FALSE
cnsta,125,132,8,+,"","",deletion,1827,725,1,FALSE
cnsta,125,132,8,+,"","",deletion,1828,725,1,FALSE
cnsta,125,132,8,+,"","",deletion,1829,725,1,FALSE
cnsta,125,132,8,+,"","",deletion,1830,725,1,FALSE
cnsta,125,132,8,+,"","",deletion,1831,725,1,FALSE
cnsta,125,132,8,+,"","",deletion,1832,725,1,FALSE
cnsta,125,132,8,+,"","",deletion,1833,725,1,FALSE
cnsta,125,132,8,+,"","",deletion,1834,725,1,FALSE
cnsta,125,132,8,+,"","",deletion,1835,725,1,FALSE
cnsta,125,132,8,+,"","",deletion,1836,725,1,FALSE
cnsta,125,132,8,+,"","",deletion,1837,725,1,FALSE
cnsta,125,132,8,+,"","",deletion,1838,725,1,FALSE
cnsta,125,132,8,+,"","",deletion,1839,725,1,FALSE
cnsta,125,132,8,+,"","",deletion,1840,725,1,FALSE
cnsta,125,132,8,+,"","",deletion,1841,725,1,FALSE
cnsta,125,132,8,+,"","",deletion,1842,725,1,FALSE
cnsta,125,132,8,+,"","",deletion,1843,725,1,FALSE
cnsta,125,132,8,+,"","",deletion,1844,725,1,FALSE
cnsta,125,132,8,+,"","",deletion,1845,725,1,FALSE
cnsta,125,132,8,+,"","",deletion,1846,725,1,FALSE
cnsta,125,132,8,+,"","",deletion,1847,725,1,FALSE
cnsta,125,132,8,+,"","",deletion,1848,725,1,FALSE
cnsta,125,132,8,+,"","",deletion,1849,725,1,FALSE
cnsta,125,132,8,+,"","",deletion,1850,725,1,FALSE
cnsta,125,132,8,+,"","",deletion,1851,725,1,FALSE
cnsta,125,132,8,+,"","",deletion,1852,725,1,FALSE
cnsta,125,132,8,+,"","",deletion,1853,725,1,FALSE
cnsta,125,132,8,+,"","",deletion,1854,725,1,FALSE
cnsta,125,132,8,+,"","",deletion,1855,725,1,FALSE
cnsta,125,132,8,+,"","",deletion,1856,725,1,FALSE
cnsta,125,132,8,+,"","",deletion,1857,725,1,FALSE
cnsta,125,132,8,+,"","",deletion,1858,725,1,FALSE
cnsta,125,132,8,+,"","",deletion,1859,725,1,FALSE
cnsta,125,132,8,+,"","",deletion,1860,725,1,FALSE
cnsta,125,132,8,+,"","",deletion,1861,725,1,FALSE
cnsta,125,132,8,+,"","",deletion,1862,725,1,FALSE
cnsta,125,132,8,+,"","",deletion,1863,725,1,FALSE
cnsta,125,132,8,+,"","",deletion,1864,725,1,FALSE
cnsta,125,132,8,+,"","",deletion,1865,725,1,FALSE
cnsta,125,132,8,+,"","",deletion,1866,725,1,FALSE
cnsta,125,132,8,+,"","",deletion,1867,725,1,FALSE
cnsta,125,132,8,+,"","",deletion,1868,725,1,FALSE
cnsta,125,132,8,+,"","",deletion,1869,725,1,FALSE
cnsta,125,132,8,+,"","",deletion,1870,725,1,FALSE
cnsta,125,132,8,+,"","",deletion,1871,725,1,FALSE
cnsta,125,132,8,+,"","",deletion,1872,725,1,FALSE
cnsta,125,132,8,+,"","",deletion,1873,725,1,FALSE
cnsta,125,132,8,+,"","",deletion,1874,725,1,FALSE
cnsta,125,132,8,+,"","",deletion,1875,725,1,FALSE
cnsta,125,132,8,+,"","",deletion,1876,725,1,FALSE
cnsta,125,132,8,+,"","",deletion,1877,725,1,FALSE
cnsta,125,132,8,+,"","",deletion,1878,725,1,FALSE
cnsta,125,132,8,+,"","",deletion,1879,725,1,FALSE
cnsta,125,132,8,+,"","",deletion,1880,725,1,FALSE
cnsta,125,132,8,+,"","",deletion,1881,725,1,FALSE
cnsta,125,132,8,+,"","",deletion,1882,725,1,FALSE
cnsta,125,132,8,+,"","",deletion,1883,725,1,FALSE
cnsta,125,132,8,+,"","",deletion,1884,725,1,FALSE
cnsta,125,132,8,+,"","",deletion,1885,725,1,FALSE
cnsta,125,132,8,+,"","",deletion,1886,725,1,FALSE
cnsta,125,132,8,+,"","",deletion,1887,725,1,FALSE
cnsta,125,132,8,+,"","",deletion,1888,725,1,FALSE
cnsta,125,132,8,+,"","",deletion,1889,725,1,FALSE
cnsta,125,132,8,+,"","",deletion,1890,725,1,FALSE
cnsta,125,132,8,+,"","",deletion,1891,725,1,FALSE
cnsta,125,132,8,+,"","",deletion,1892,725,1,FALSE
cnsta,125,132,8,+,"","",deletion,1893,725,1,FALSE
cnsta,125,132,8,+,"","",deletion,1894,725,1,FALSE
cnsta,125,132,8,+,"","",deletion,1895,725,1,FALSE
cnsta,125,132,8,+,"","",deletion,1896,725,1,FALSE
cnsta,125,132,8,+,"","",deletion,1897,725,1,FALSE
cnsta,125,132,8,+,"","",deletion,1898,725,1,FALSE
cnsta,125,132,8,+,"","",deletion,1899,725,1,FALSE
cnsta,125,132,8,+,"","",deletion,1900,725,1,FALSE
cnsta,125,132,8,+,"","",deletion,1901,725,1,FALSE
cnsta,125,132,8,+,"","",deletion,1902,725,1,FALSE
cnsta,125,132,8,+,"","",deletion,1903,725,1,FALSE
cnsta,125,132,8,+,"","",deletion,1904,725,1,FALSE
cnsta,125,132,8,+,"","",deletion,1905,725,1,FALSE
cnsta,125,132,8,+,"","",deletion,1906,725,1,FALSE
cnsta,125,132,8,+,"","",deletion,1907,725,1,FALSE
cnsta,125,132,8,+,"","",deletion,1908,725,1,FALSE
cnsta,125,132,8,+,"","",deletion,1909,725,1,FALSE
cnsta,125,132,8,+,"","",deletion,1910,725,1,FALSE
cnsta,125,132,8,+,"","",deletion,1911,725,1,FALSE
cnsta,125,132,8,+,"","",deletion,1912,725,1,FALSE
cnsta,125,132,8,+,"","",deletion,1913,725,1,FALSE
cnsta,125,132,8,+,"","",deletion,1914,725,1,FALSE
cnsta,125,132,8,+,"","",deletion,1915,725,1,FALSE
cnsta,125,132,8,+,"","",deletion,1916,725,1,FALSE
cnsta,125,132,8,+,"","",deletion,1917,725,1,FALSE
cnsta,125,132,8,+,"","",deletion,1918,725,1,FALSE
cnsta,125,132,8,+,"","",deletion,1919,725,1,FALSE
cnsta,125,132,8,+,"","",deletion,1920,725,1,FALSE
cnsta,125,132,8,+,"","",deletion,1921,725,1,FALSE
cnsta,125,132,8,+,"","",deletion,1922,725,1,FALSE
cnsta,125,132,8,+,"","",deletion,1923,725,1,FALSE
cnsta,125,132,8,+,"","",deletion,1924,725,1,FALSE
cnsta,125,132,8,+,"","",deletion,1925,725,1,FALSE
cnsta,125,132,8,+,"","",deletion,1926,725,1,FALSE
cnsta,125,132,8,+,"","",deletion,1927,725,1,FALSE
cnsta,125,132,8,+,"","",deletion,1928,725,1,FALSE
cnsta,125,132,8,+,"","",deletion,1929,725,1,FALSE
cnsta,125,132,8,+,"","",deletion,1930,725,1,FALSE
cnsta,125,132,8,+,"","",deletion,1931,725,1,FALSE
cnsta,125,132,8,+,"","",deletion,1932,725,1,FALSE
cnsta,125,132,8,+,"","",deletion,1933,725,1,FALSE
cnsta,125,132,8,+,"","",deletion,1934,725,1,FALSE
cnsta,125,132,8,+,"","",deletion,1935,725,1,FALSE
cnsta,125,132,8,+,"","",deletion,1936,725,1,FALSE
cnsta,125,132,8,+,"","",deletion,1937,725,1,FALSE
cnsta,125,132,8,+,"","",deletion,1938,725,1,FALSE
cnsta,125,132,8,+,"","",deletion,1939,725,1,FALSE
cnsta,125,132,8,+,"","",deletion,1940,725,1,FALSE
cnsta,125,132,8,+,"","",deletion,1941,725,1,FALSE
cnsta,125,132,8,+,"","",deletion,1942,725,1,FALSE
cnsta,125,132,8,+,"","",deletion,1943,725,1,FALSE
cnsta,125,132,8,+,"","",deletion,1944,725,1,FALSE
cnsta,125,132,8,+,"","",deletion,1945,725,1,FALSE
cnsta,125,132,8,+,"","",deletion,1946,725,1,FALSE
cnsta,125,132,8,+,"","",deletion,1947,725,1,FALSE
cnsta,125,132,8,+,"","",deletion,1948,725,1,FALSE
cnsta,125,132,8,+,"","",deletion,1949,725,1,FALSE
cnsta,125,132,8,+,"","",deletion,1950,725,1,FALSE
cnsta,125,132,8,+,"","",deletion,1951,725,1,FALSE
cnsta,125,132,8,+,"","",deletion,1952,725,1,FALSE
cnsta,125,132,8,+,"","",deletion,1953,725,1,FALSE
cnsta,125,132,8,+,"","",deletion,1954,725,1,FALSE
cnsta,125,132,8,+,"","",deletion,1955,725,1,FALSE
cnsta,125,132,8,+,"","",deletion,1956,725,1,FALSE
cnsta,125,132,8,+,"","",deletion,1957,725,1,FALSE
cnsta,125,132,8,+,"","",deletion,1958,725,1,FALSE
cnsta,125,132,8,+,"","",deletion,1959,725,1,FALSE
cnsta,125,132,8,+,"","",deletion,1960,725,1,FALSE
cnsta,125,132,8,+,"","",deletion,1961,725,1,FALSE
cnsta,125,132,8,+,"","",deletion,1962,725,1,FALSE
cnsta,125,132,8,+,"","",deletion,1963,725,1,FALSE
cnsta,125,132,8,+,"","",deletion,1964,716,1,FALSE
cnsta,125,132,8,+,"","",deletion,1965,716,1,FALSE
cnsta,125,132,8,+,"","",deletion,1966,716,1,FALSE
cnsta,125,132,8,+,"","",deletion,1967,716,1,FALSE
cnsta,125,132,8,+,"","",deletion,1968,716,1,FALSE
cnsta,125,132,8,+,"","",deletion,1969,716,1,FALSE
cnsta,125,132,8,+,"","",deletion,1970,716,1,FALSE
cnsta,125,132,8,+,"","",deletion,1971,716,1,FALSE
cnsta,125,132,8,+,"","",deletion,1972,716,1,FALSE
cnsta,125,132,8,+,"","",deletion,1973,716,1,FALSE
cnsta,125,132,8,+,"","",deletion,1974,716,1,FALSE
cnsta,125,132,8,+,"","",deletion,1975,716,1,FALSE
cnsta,125,132,8,+,"","",deletion,1976,716,1,FALSE
cnsta,125,132,8,+,"","",deletion,1977,716,1,FALSE
cnsta,125,132,8,+,"","",deletion,1978,716,1,FALSE
cnsta,125,132,8,+,"","",deletion,1979,716,1,FALSE
cnsta,125,132,8,+,"","",deletion,1980,716,1,FALSE
cnsta,126,134,9,+,"","",deletion,1981,716,1,FALSE
cnsta,125,132,8,+,"","",deletion,1982,716,1,FALSE
cnsta,128,137,10,+,"","",deletion,1983,716,1,FALSE
cnsta,128,137,10,+,"","",deletion,1984,716,1,FALSE
cnsta,129,131,3,+,"","",deletion,1985,716,1,FALSE
cnsta,125,134,10,+,"","",deletion,1986,716,1,FALSE
cnsta,125,132,8,+,"","",deletion,1987,716,1,FALSE
cnsta,125,134,10,+,"","",deletion,1988,716,1,FALSE
cnsta,129,131,3,+,"","",deletion,1989,716,1,FALSE
cnsta,125,134,10,+,"","",deletion,1990,716,1,FALSE
cnsta,123,132,10,+,"","",deletion,1992,725,1,FALSE
cnsta,125,134,10,+,"","",deletion,1993,716,1,FALSE
cnsta,126,134,9,+,"","",deletion,1994,716,1,FALSE
cnsta,126,134,9,+,"","",deletion,1995,716,1,FALSE
cnsta,125,132,8,+,"","",deletion,1996,716,1,FALSE
cnsta,125,134,10,+,"","",deletion,1997,716,1,FALSE
cnsta,126,134,9,+,"","",deletion,1998,716,1,FALSE
cnsta,128,134,7,+,"","",deletion,1999,716,1,FALSE
cnsta,125,134,10,+,"","",deletion,2001,707,1,FALSE
cnsta,126,134,9,+,"","",deletion,2002,716,1,FALSE
cnsta,129,131,3,+,"","",deletion,2004,716,1,FALSE
cnsta,125,132,8,+,"","",deletion,2005,716,1,FALSE
cnsta,125,132,8,+,"","",deletion,2007,716,1,FALSE
cnsta,126,134,9,+,"","",deletion,2008,716,1,FALSE
cnsta,125,132,8,+,"","",deletion,2011,716,1,FALSE
cnsta,125,134,10,+,"","",deletion,2012,716,1,FALSE
cnsta,125,134,10,+,"","",deletion,2013,716,1,FALSE
cnsta,126,134,9,+,"","",deletion,2014,716,1,FALSE
cnsta,126,134,9,+,"","",deletion,2015,707,1,FALSE
cnsta,129,131,3,+,"","",deletion,2016,707,1,FALSE
cnsta,126,134,9,+,"","",deletion,2017,716,1,FALSE
cnsta,125,132,8,+,"","",deletion,2018,716,1,FALSE
cnsta,129,131,3,+,"","",deletion,2019,716,1,FALSE
cnsta,125,132,8,+,"","",deletion,2021,716,1,FALSE
cnsta,125,134,10,+,"","",deletion,2022,716,1,FALSE
cnsta,126,134,9,+,"","",deletion,2023,716,1,FALSE
cnsta,125,134,10,+,"","",deletion,2026,716,1,FALSE
cnsta,129,131,3,+,"","",deletion,2027,716,1,FALSE
cnsta,133,137,5,+,"","",deletion,2028,707,1,FALSE
cnsta,125,134,10,+,"","",deletion,2029,716,1,FALSE
cnsta,126,134,9,+,"","",deletion,2030,716,1,FALSE
cnsta,126,134,9,+,"","",deletion,2032,707,1,FALSE
cnsta,126,134,9,+,"","",deletion,2033,716,1,FALSE
cnsta,125,134,10,+,"","",deletion,2034,716,1,FALSE
cnsta,126,134,9,+,"","",deletion,2035,716,1,FALSE
cnsta,125,134,10,+,"","",deletion,2036,716,1,FALSE
cnsta,133,137,5,+,"","",deletion,2037,716,1,FALSE
cnsta,125,132,8,+,"","",deletion,2039,716,1,FALSE
cnsta,125,134,10,+,"","",deletion,2040,716,1,FALSE
cnsta,133,137,5,+,"","",deletion,2041,716,1,FALSE
cnsta,133,137,5,+,"","",deletion,2042,716,1,FALSE
cnsta,129,131,3,+,"","",deletion,2045,716,1,FALSE
cnsta,133,137,5,+,"","",deletion,2046,716,1,FALSE
cnsta,126,134,9,+,"","",deletion,2047,716,1,FALSE
cnsta,133,137,5,+,"","",deletion,2048,716,1,FALSE
cnsta,125,134,10,+,"","",deletion,2049,716,1,FALSE
cnsta,125,134,10,+,"","",deletion,2050,716,1,FALSE
cnsta,126,134,9,+,"","",deletion,2051,716,1,FALSE
cnsta,128,134,7,+,"","",deletion,2052,716,1,FALSE
cnsta,125,134,10,+,"","",deletion,2053,716,1,FALSE
cnsta,126,134,9,+,"","",deletion,2054,716,1,FALSE
cnsta,133,137,5,+,"","",deletion,2055,716,1,FALSE
cnsta,125,132,8,+,"","",deletion,2056,716,1,FALSE
cnsta,126,134,9,+,"","",deletion,2057,716,1,FALSE
cnsta,125,134,10,+,"","",deletion,2058,716,1,FALSE
cnsta,126,134,9,+,"","",deletion,2059,707,1,FALSE
cnsta,125,132,8,+,"","",deletion,2060,707,1,FALSE
cnsta,125,134,10,+,"","",deletion,2061,716,1,FALSE
cnsta,125,134,10,+,"","",deletion,2062,716,1,FALSE
cnsta,126,134,9,+,"","",deletion,2063,716,1,FALSE
cnsta,125,134,10,+,"","",deletion,2064,707,1,FALSE
cnsta,126,134,9,+,"","",deletion,2065,716,1,FALSE
cnsta,125,132,8,+,"","",deletion,2066,716,1,FALSE
cnsta,125,132,8,+,"","",deletion,2067,707,1,FALSE
cnsta,125,134,10,+,"","",deletion,2068,716,1,FALSE
cnsta,129,131,3,+,"","",deletion,2070,707,1,FALSE
cnsta,126,134,9,+,"","",deletion,2071,716,1,FALSE
cnsta,126,134,9,+,"","",deletion,2072,716,1,FALSE
cnsta,129,131,3,+,"","",deletion,2073,716,1,FALSE
cnsta,125,132,8,+,"","",deletion,2074,716,1,FALSE
cnsta,125,134,10,+,"","",deletion,2075,716,1,FALSE
cnsta,128,134,7,+,"","",deletion,2077,716,1,FALSE
cnsta,129,131,3,+,"","",deletion,2078,716,1,FALSE
cnsta,125,132,8,+,"","",deletion,2079,716,1,FALSE
cnsta,126,134,9,+,"","",deletion,2080,716,1,FALSE
cnsta,125,134,10,+,"","",deletion,2081,716,1,FALSE
cnsta,125,134,10,+,"","",deletion,2082,716,1,FALSE
cnsta,125,134,10,+,"","",deletion,2083,707,1,FALSE
cnsta,133,137,5,+,"","",deletion,2084,716,1,FALSE
cnsta,125,132,8,+,"","",deletion,2087,716,1,FALSE
cnsta,126,134,9,+,"","",deletion,2089,716,1,FALSE
cnsta,126,134,9,+,"","",deletion,2090,716,1,FALSE
cnsta,125,134,10,+,"","",deletion,2091,716,1,FALSE
cnsta,126,134,9,+,"","",deletion,2092,716,1,FALSE
cnsta,133,137,5,+,"","",deletion,2093,707,1,FALSE
cnsta,126,134,9,+,"","",deletion,2094,716,1,FALSE
cnsta,125,134,10,+,"","",deletion,2095,716,1,FALSE
cnsta,125,132,8,+,"","",deletion,2096,716,1,FALSE
cnsta,126,134,9,+,"","",deletion,2097,716,1,FALSE
cnsta,133,137,5,+,"","",deletion,2098,716,1,FALSE
cnsta,125,134,10,+,"","",deletion,2101,716,1,FALSE
cnsta,125,134,10,+,"","",deletion,2102,716,1,FALSE
cnsta,125,132,8,+,"","",deletion,2103,707,1,FALSE
cnsta,125,134,10,+,"","",deletion,2104,716,1,FALSE
cnsta,126,134,9,+,"","",deletion,2105,716,1,FALSE
cnsta,128,134,7,+,"","",deletion,2106,716,1,FALSE
cnsta,125,132,8,+,"","",deletion,2107,716,1,FALSE
cnsta,129,131,3,+,"","",deletion,2108,716,1,FALSE
cnsta,129,131,3,+,"","",deletion,2109,707,1,FALSE
cnsta,125,134,10,+,"","",deletion,2110,716,1,FALSE
cnsta,129,131,3,+,"","",deletion,2111,716,1,FALSE
cnsta,125,132,8,+,"","",deletion,2112,716,1,FALSE
cnsta,125,134,10,+,"","",deletion,2113,698,1,FALSE
cnsta,125,134,10,+,"","",deletion,2114,707,1,FALSE
cnsta,126,134,9,+,"","",deletion,2115,716,1,FALSE
cnsta,125,134,10,+,"","",deletion,2117,716,1,FALSE
cnsta,125,134,10,+,"","",deletion,2118,707,1,FALSE
cnsta,126,134,9,+,"","",deletion,2119,716,1,FALSE
cnsta,125,134,10,+,"","",deletion,2120,716,1,FALSE
cnsta,126,134,9,+,"","",deletion,2121,716,1,FALSE
cnsta,125,134,10,+,"","",deletion,2122,707,1,FALSE
cnsta,125,132,8,+,"","",deletion,2123,716,1,FALSE
cnsta,133,137,5,+,"","",deletion,2124,716,1,FALSE
cnsta,126,134,9,+,"","",deletion,2125,716,1,FALSE
cnsta,129,131,3,+,"","",deletion,2127,716,1,FALSE
cnsta,126,134,9,+,"","",deletion,2128,707,1,FALSE
cnsta,126,134,9,+,"","",deletion,2129,716,1,FALSE
cnsta,126,134,9,+,"","",deletion,2130,716,1,FALSE
cnsta,129,131,3,+,"","",deletion,2131,716,1,FALSE
cnsta,125,134,10,+,"","",deletion,2132,716,1,FALSE
cnsta,129,131,3,+,"","",deletion,2134,716,1,FALSE
cnsta,125,134,10,+,"","",deletion,2136,716,1,FALSE
cnsta,126,134,9,+,"","",deletion,2137,716,1,FALSE
cnsta,133,137,5,+,"","",deletion,2138,716,1,FALSE
cnsta,133,137,5,+,"","",deletion,2139,716,1,FALSE
cnsta,125,134,10,+,"","",deletion,2140,716,1,FALSE
cnsta,125,134,10,+,"","",deletion,2141,716,1,FALSE
cnsta,128,134,7,+,"","",deletion,2142,698,1,FALSE
cnsta,125,134,10,+,"","",deletion,2143,716,1,FALSE
cnsta,125,134,10,+,"","",deletion,2144,716,1,FALSE
cnsta,125,132,8,+,"","",deletion,2145,716,1,FALSE
cnsta,126,134,9,+,"","",deletion,2146,716,1,FALSE
cnsta,125,134,10,+,"","",deletion,2147,707,1,FALSE
cnsta,125,132,8,+,"","",deletion,2148,707,1,FALSE
cnsta,125,134,10,+,"","",deletion,2149,716,1,FALSE
cnsta,125,134,10,+,"","",deletion,2150,716,1,FALSE
cnsta,125,132,8,+,"","",deletion,2152,716,1,FALSE
cnsta,125,134,10,+,"","",deletion,2153,707,1,FALSE
cnsta,126,134,9,+,"","",deletion,2155,707,1,FALSE
cnsta,129,131,3,+,"","",deletion,2156,716,1,FALSE
cnsta,125,132,8,+,"","",deletion,2157,707,1,FALSE
cnsta,125,132,8,+,"","",deletion,2159,716,1,FALSE
cnsta,129,135,7,+,"","",deletion,2160,716,1,FALSE
cnsta,125,134,10,+,"","",deletion,2161,716,1,FALSE
cnsta,128,134,7,+,"","",deletion,2162,716,1,FALSE
cnsta,126,134,9,+,"","",deletion,2163,716,1,FALSE
cnsta,129,135,7,+,"","",deletion,2164,707,1,FALSE
cnsta,133,137,5,+,"","",deletion,2165,716,1,FALSE
cnsta,133,137,5,+,"","",deletion,2166,716,1,FALSE
cnsta,125,134,10,+,"","",deletion,2168,716,1,FALSE
cnsta,128,134,7,+,"","",deletion,2169,716,1,FALSE
cnsta,128,134,7,+,"","",deletion,2170,716,1,FALSE
cnsta,129,131,3,+,"","",deletion,2171,716,1,FALSE
cnsta,126,134,9,+,"","",deletion,2172,716,1,FALSE
cnsta,126,134,9,+,"","",deletion,2174,716,1,FALSE
cnsta,129,131,3,+,"","",deletion,2175,716,1,FALSE
cnsta,125,132,8,+,"","",deletion,2176,716,1,FALSE
cnsta,125,134,10,+,"","",deletion,2177,716,1,FALSE
cnsta,133,137,5,+,"","",deletion,2178,716,1,FALSE
cnsta,125,132,8,+,"","",deletion,2180,716,1,FALSE
cnsta,133,137,5,+,"","",deletion,2181,707,1,FALSE
cnsta,126,134,9,+,"","",deletion,2182,698,1,FALSE
cnsta,125,132,8,+,"","",deletion,2184,716,1,FALSE
cnsta,125,134,10,+,"","",deletion,2185,716,1,FALSE
cnsta,125,134,10,+,"","",deletion,2187,716,1,FALSE
cnsta,126,134,9,+,"","",deletion,2188,707,1,FALSE
cnsta,126,134,9,+,"","",deletion,2190,716,1,FALSE
cnsta,126,134,9,+,"","",deletion,2191,707,1,FALSE
cnsta,125,134,10,+,"","",deletion,2192,707,1,FALSE
cnsta,125,134,10,+,"","",deletion,2193,716,1,FALSE
cnsta,133,137,5,+,"","",deletion,2194,716,1,FALSE
cnsta,126,134,9,+,"","",deletion,2195,716,1,FALSE
cnsta,128,137,10,+,"","",deletion,2196,716,1,FALSE
cnsta,129,131,3,+,"","",deletion,2197,716,1,FALSE
cnsta,126,134,9,+,"","",deletion,2198,716,1,FALSE
cnsta,129,131,3,+,"","",deletion,2199,716,1,FALSE
cnsta,125,134,10,+,"","",deletion,2200,707,1,FALSE
cnsta,125,132,8,+,"","",deletion,2201,707,1,FALSE
cnsta,133,137,5,+,"","",deletion,2202,716,1,FALSE
cnsta,128,134,7,+,"","",deletion,2203,716,1,FALSE
cnsta,125,132,8,+,"","",deletion,2204,716,1,FALSE
cnsta,125,134,10,+,"","",deletion,2205,716,1,FALSE
cnsta,125,134,10,+,"","",deletion,2208,716,1,FALSE
cnsta,133,134,2,+,"","",deletion,2210,707,1,FALSE
cnsta,125,134,10,+,"","",deletion,2211,716,1,FALSE
cnsta,125,132,8,+,"","",deletion,2213,716,1,FALSE
cnsta,125,134,10,+,"","",deletion,2214,716,1,FALSE
cnsta,125,132,8,+,"","",deletion,2215,716,1,FALSE
cnsta,125,134,10,+,"","",deletion,2216,716,1,FALSE
cnsta,125,134,10,+,"","",deletion,2217,716,1,FALSE
cnsta,126,134,9,+,"","",deletion,2218,716,1,FALSE
cnsta,125,132,8,+,"","",deletion,2219,716,1,FALSE
cnsta,129,131,3,+,"","",deletion,2220,707,1,FALSE
cnsta,133,134,2,+,"","",deletion,2221,716,1,FALSE
cnsta,129,131,3,+,"","",deletion,2223,716,1,FALSE
cnsta,129,131,3,+,"","",deletion,2224,707,1,FALSE
cnsta,126,134,9,+,"","",deletion,2225,716,1,FALSE
cnsta,129,135,7,+,"","",deletion,2226,716,1,FALSE
cnsta,125,134,10,+,"","",deletion,2227,716,1,FALSE
cnsta,125,132,8,+,"","",deletion,2228,716,1,FALSE
cnsta,126,134,9,+,"","",deletion,2229,716,1,FALSE
cnsta,128,134,7,+,"","",deletion,2230,716,1,FALSE
cnsta,125,134,10,+,"","",deletion,2231,707,1,FALSE
cnsta,126,134,9,+,"","",deletion,2232,716,1,FALSE
cnsta,125,132,8,+,"","",deletion,2233,716,1,FALSE
cnsta,125,134,10,+,"","",deletion,2234,716,1,FALSE
cnsta,129,131,3,+,"","",deletion,2236,707,1,FALSE
cnsta,126,134,9,+,"","",deletion,2237,707,1,FALSE
cnsta,126,134,9,+,"","",deletion,2238,716,1,FALSE
cnsta,126,134,9,+,"","",deletion,2239,716,1,FALSE
cnsta,129,131,3,+,"","",deletion,2240,716,1,FALSE
cnsta,125,134,10,+,"","",deletion,2241,716,1,FALSE
cnsta,125,132,8,+,"","",deletion,2242,716,1,FALSE
cnsta,126,134,9,+,"","",deletion,2243,707,1,FALSE
cnsta,129,135,7,+,"","",deletion,2244,707,1,FALSE
cnsta,125,134,10,+,"","",deletion,2245,716,1,FALSE
cnsta,128,134,7,+,"","",deletion,2246,716,1,FALSE
cnsta,129,131,3,+,"","",deletion,2247,716,1,FALSE
cnsta,129,131,3,+,"","",deletion,2248,716,1,FALSE
cnsta,126,134,9,+,"","",deletion,2249,716,1,FALSE
cnsta,128,134,7,+,"","",deletion,2250,716,1,FALSE
cnsta,133,137,5,+,"","",deletion,2251,716,1,FALSE
cnsta,125,132,8,+,"","",deletion,2252,707,1,FALSE
cnsta,101,101,1,+,G,A,mismatch,27,716,2,FALSE
cnsta,136,136,1,+,G,C,mismatch,28,716,2,FALSE
cnsta,141,141,1,+,G,C,mismatch,29,716,2,FALSE
cnsta,152,152,1,+,T,C,mismatch,30,716,2,FALSE
cnsta,159,159,1,+,G,A,mismatch,31,716,2,FALSE
cnsta,125,125,1,+,C,A,mismatch,61,741,2,FALSE
cnsta,145,145,1,+,G,A,mismatch,62,716,2,FALSE
cnsta,159,159,1,+,G,T,mismatch,75,716,2,FALSE
cnsta,132,132,1,+,G,A,mismatch,79,741,2,FALSE
cnsta,140,140,1,+,A,G,mismatch,89,741,2,FALSE
cnsta,136,136,1,+,G,A,mismatch,110,732,1,FALSE
cnsta,48,48,1,+,G,A,mismatch,114,707,1,FALSE
cnsta,75,75,1,+,C,G,mismatch,120,732,1,FALSE
cnsta,47,47,1,+,T,C,mismatch,123,707,1,FALSE
cnsta,123,123,1,+,G,A,mismatch,124,707,1,FALSE
cnsta,100,100,1,+,T,C,mismatch,127,707,1,FALSE
cnsta,86,86,1,+,T,G,mismatch,137,707,1,FALSE
cnsta,51,51,1,+,T,A,mismatch,140,698,1,FALSE
cnsta,146,146,1,+,A,C,mismatch,140,698,1,FALSE
cnsta,155,155,1,+,G,T,mismatch,142,707,1,FALSE
cnsta,20,20,1,+,C,A,mismatch,150,716,1,FALSE
cnsta,20,20,1,+,C,A,mismatch,151,716,1,FALSE
cnsta,21,21,1,+,T,C,mismatch,152,716,1,FALSE
cnsta,21,21,1,+,T,C,mismatch,153,716,1,FALSE
cnsta,23,23,1,+,T,G,mismatch,154,716,1,FALSE
cnsta,24,24,1,+,T,A,mismatch,155,716,1,FALSE
cnsta,24,24,1,+,T,G,mismatch,156,716,1,FALSE
cnsta,25,25,1,+,T,A,mismatch,157,716,1,FALSE
cnsta,25,25,1,+,T,G,mismatch,158,716,1,FALSE
cnsta,25,25,1,+,T,G,mismatch,159,716,1,FALSE
cnsta,27,27,1,+,T,G,mismatch,160,741,1,FALSE
cnsta,27,27,1,+,T,G,mismatch,161,716,1,FALSE
cnsta,28,28,1,+,T,C,mismatch,162,716,1,FALSE
cnsta,28,28,1,+,T,G,mismatch,163,716,1,FALSE
cnsta,29,29,1,+,T,G,mismatch,164,686,1,FALSE
cnsta,32,32,1,+,T,A,mismatch,165,716,1,FALSE
cnsta,32,32,1,+,T,A,mismatch,166,707,1,FALSE
cnsta,99,99,1,+,A,G,mismatch,166,707,1,FALSE
cnsta,32,32,1,+,T,C,mismatch,167,716,1,FALSE
cnsta,32,32,1,+,T,G,mismatch,168,716,1,FALSE
cnsta,33,33,1,+,G,A,mismatch,169,716,1,FALSE
cnsta,33,33,1,+,G,C,mismatch,170,716,1,FALSE
cnsta,33,33,1,+,G,C,mismatch,171,716,1,FALSE
cnsta,34,34,1,+,T,A,mismatch,172,716,1,FALSE
cnsta,34,34,1,+,T,C,mismatch,173,716,1,FALSE
cnsta,34,34,1,+,T,G,mismatch,174,716,1,FALSE
cnsta,35,35,1,+,T,G,mismatch,175,716,1,FALSE
cnsta,35,35,1,+,T,G,mismatch,176,707,1,FALSE
cnsta,80,80,1,+,A,G,mismatch,176,707,1,FALSE
cnsta,37,37,1,+,C,A,mismatch,177,741,1,FALSE
cnsta,39,39,1,+,G,C,mismatch,178,716,1,FALSE
cnsta,41,41,1,+,T,C,mismatch,179,707,1,FALSE
cnsta,86,86,1,+,T,A,mismatch,179,707,1,FALSE
cnsta,41,41,1,+,T,C,mismatch,180,707,1,FALSE
cnsta,63,63,1,+,A,T,mismatch,180,707,1,FALSE
cnsta,42,42,1,+,T,C,mismatch,181,716,1,FALSE
cnsta,42,42,1,+,T,G,mismatch,182,716,1,FALSE
cnsta,44,44,1,+,T,A,mismatch,183,707,1,FALSE
cnsta,100,100,1,+,T,A,mismatch,183,707,1,FALSE
cnsta,44,44,1,+,T,A,mismatch,184,716,1,FALSE
cnsta,44,44,1,+,T,C,mismatch,185,707,1,FALSE
cnsta,60,60,1,+,G,T,mismatch,185,707,1,FALSE
cnsta,45,45,1,+,T,A,mismatch,186,716,1,FALSE
cnsta,45,45,1,+,T,A,mismatch,187,716,1,FALSE
cnsta,45,45,1,+,T,C,mismatch,188,707,1,FALSE
cnsta,102,102,1,+,G,C,mismatch,188,707,1,FALSE
cnsta,45,45,1,+,T,C,mismatch,189,716,1,FALSE
cnsta,47,47,1,+,T,A,mismatch,190,707,1,FALSE
cnsta,87,87,1,+,G,C,mismatch,190,707,1,FALSE
cnsta,47,47,1,+,T,A,mismatch,191,716,1,FALSE
cnsta,47,47,1,+,T,A,mismatch,192,716,1,FALSE
cnsta,47,47,1,+,T,C,mismatch,193,716,1,FALSE
cnsta,47,47,1,+,T,C,mismatch,194,716,1,FALSE
cnsta,47,47,1,+,T,G,mismatch,195,716,1,FALSE
cnsta,47,47,1,+,T,G,mismatch,196,716,1,FALSE
cnsta,48,48,1,+,G,A,mismatch,197,716,1,FALSE
cnsta,48,48,1,+,G,C,mismatch,198,707,1,FALSE
cnsta,159,159,1,+,G,T,mismatch,198,707,1,FALSE
cnsta,49,49,1,+,T,C,mismatch,199,716,1,FALSE
cnsta,49,49,1,+,T,G,mismatch,200,716,1,FALSE
cnsta,49,49,1,+,T,G,mismatch,201,716,1,FALSE
cnsta,49,49,1,+,T,G,mismatch,202,716,1,FALSE
cnsta,50,50,1,+,G,A,mismatch,204,741,1,FALSE
cnsta,50,50,1,+,G,C,mismatch,205,716,1,FALSE
cnsta,50,50,1,+,G,C,mismatch,206,716,1,FALSE
cnsta,50,50,1,+,G,C,mismatch,207,707,1,FALSE
cnsta,127,127,1,+,G,C,mismatch,207,707,1,FALSE
cnsta,50,50,1,+,G,C,mismatch,208,716,1,FALSE
cnsta,51,51,1,+,T,C,mismatch,209,707,1,FALSE
cnsta,58,58,1,+,G,C,mismatch,209,707,1,FALSE
cnsta,51,51,1,+,T,C,mismatch,210,741,1,FALSE
cnsta,51,51,1,+,T,C,mismatch,211,716,1,FALSE
cnsta,51,51,1,+,T,G,mismatch,212,716,1,FALSE
cnsta,51,51,1,+,T,G,mismatch,213,716,1,FALSE
cnsta,51,51,1,+,T,G,mismatch,214,707,1,FALSE
cnsta,155,155,1,+,G,A,mismatch,214,707,1,FALSE
cnsta,51,51,1,+,T,G,mismatch,215,732,1,FALSE
cnsta,138,138,1,+,A,T,mismatch,215,732,1,FALSE
cnsta,51,51,1,+,T,G,mismatch,216,716,1,FALSE
cnsta,51,51,1,+,T,G,mismatch,217,716,1,FALSE
cnsta,51,51,1,+,T,G,mismatch,218,707,1,FALSE
cnsta,124,124,1,+,A,G,mismatch,218,707,1,FALSE
cnsta,53,53,1,+,T,A,mismatch,219,716,1,FALSE
cnsta,53,53,1,+,T,C,mismatch,220,716,1,FALSE
cnsta,53,53,1,+,T,C,mismatch,221,732,1,FALSE
cnsta,65,65,1,+,A,T,mismatch,221,732,1,FALSE
cnsta,53,53,1,+,T,G,mismatch,222,716,1,FALSE
cnsta,53,53,1,+,T,G,mismatch,223,716,1,FALSE
cnsta,54,54,1,+,C,A,mismatch,224,707,1,FALSE
cnsta,60,60,1,+,G,C,mismatch,224,707,1,FALSE
cnsta,54,54,1,+,C,A,mismatch,225,698,1,FALSE
cnsta,91,91,1,+,G,C,mismatch,225,698,1,FALSE
cnsta,144,144,1,+,G,A,mismatch,225,698,1,FALSE
cnsta,54,54,1,+,C,A,mismatch,226,716,1,FALSE
cnsta,55,55,1,+,C,A,mismatch,227,707,1,FALSE
cnsta,84,84,1,+,C,A,mismatch,227,707,1,FALSE
cnsta,55,55,1,+,C,A,mismatch,228,716,1,FALSE
cnsta,55,55,1,+,C,A,mismatch,229,716,1,FALSE
cnsta,58,58,1,+,G,C,mismatch,230,716,1,FALSE
cnsta,58,58,1,+,G,C,mismatch,231,716,1,FALSE
cnsta,58,58,1,+,G,C,mismatch,232,716,1,FALSE
cnsta,58,58,1,+,G,C,mismatch,233,716,1,FALSE
cnsta,60,60,1,+,G,A,mismatch,234,689,1,FALSE
cnsta,114,114,1,+,T,C,mismatch,234,689,1,FALSE
cnsta,124,124,1,+,A,T,mismatch,234,689,1,FALSE
cnsta,150,150,1,+,A,T,mismatch,234,689,1,FALSE
cnsta,60,60,1,+,G,A,mismatch,235,732,1,FALSE
cnsta,149,149,1,+,G,C,mismatch,235,732,1,FALSE
cnsta,61,61,1,+,G,A,mismatch,236,716,1,FALSE
cnsta,62,62,1,+,C,A,mismatch,237,716,1,FALSE
cnsta,62,62,1,+,C,A,mismatch,238,716,1,FALSE
cnsta,64,64,1,+,G,A,mismatch,239,716,1,FALSE
cnsta,66,66,1,+,G,A,mismatch,240,716,1,FALSE
cnsta,66,66,1,+,G,C,mismatch,241,716,1,FALSE
cnsta,66,66,1,+,G,C,mismatch,242,716,1,FALSE
cnsta,66,66,1,+,G,C,mismatch,243,716,1,FALSE
cnsta,67,67,1,+,C,A,mismatch,244,707,1,FALSE
cnsta,151,151,1,+,C,A,mismatch,244,707,1,FALSE
cnsta,67,67,1,+,C,A,mismatch,245,716,1,FALSE
cnsta,68,68,1,+,G,A,mismatch,246,716,1,FALSE
cnsta,68,68,1,+,G,C,mismatch,247,707,1,FALSE
cnsta,149,149,1,+,G,C,mismatch,247,707,1,FALSE
cnsta,69,69,1,+,G,A,mismatch,248,716,1,FALSE
cnsta,69,69,1,+,G,A,mismatch,249,707,1,FALSE
cnsta,103,103,1,+,A,G,mismatch,249,707,1,FALSE
cnsta,69,69,1,+,G,C,mismatch,250,716,1,FALSE
cnsta,69,69,1,+,G,C,mismatch,251,716,1,FALSE
cnsta,69,69,1,+,G,C,mismatch,252,741,1,FALSE
cnsta,71,71,1,+,G,A,mismatch,253,716,1,FALSE
cnsta,71,71,1,+,G,A,mismatch,254,732,1,FALSE
cnsta,143,143,1,+,A,G,mismatch,254,732,1,FALSE
cnsta,71,71,1,+,G,C,mismatch,255,716,1,FALSE
cnsta,73,73,1,+,G,A,mismatch,256,716,1,FALSE
cnsta,73,73,1,+,G,C,mismatch,257,716,1,FALSE
cnsta,74,74,1,+,G,A,mismatch,258,707,1,FALSE
cnsta,154,154,1,+,A,C,mismatch,258,707,1,FALSE
cnsta,74,74,1,+,G,A,mismatch,259,707,1,FALSE
cnsta,126,126,1,+,G,C,mismatch,259,707,1,FALSE
cnsta,74,74,1,+,G,A,mismatch,260,741,1,FALSE
cnsta,75,75,1,+,C,A,mismatch,261,707,1,FALSE
cnsta,160,160,1,+,A,G,mismatch,261,707,1,FALSE
cnsta,75,75,1,+,C,A,mismatch,262,716,1,FALSE
cnsta,76,76,1,+,G,C,mismatch,263,716,1,FALSE
cnsta,76,76,1,+,G,C,mismatch,264,741,1,FALSE
cnsta,77,77,1,+,T,A,mismatch,265,716,1,FALSE
cnsta,77,77,1,+,T,A,mismatch,266,716,1,FALSE
cnsta,77,77,1,+,T,A,mismatch,267,686,1,FALSE
cnsta,77,77,1,+,T,C,mismatch,268,716,1,FALSE
cnsta,77,77,1,+,T,C,mismatch,269,716,1,FALSE
cnsta,78,78,1,+,C,A,mismatch,270,716,1,FALSE
cnsta,79,79,1,+,C,A,mismatch,271,716,1,FALSE
cnsta,81,81,1,+,G,A,mismatch,272,716,1,FALSE
cnsta,82,82,1,+,T,C,mismatch,273,716,1,FALSE
cnsta,82,82,1,+,T,C,mismatch,274,716,1,FALSE
cnsta,82,82,1,+,T,G,mismatch,275,716,1,FALSE
cnsta,82,82,1,+,T,G,mismatch,276,716,1,FALSE
cnsta,83,83,1,+,G,A,mismatch,277,716,1,FALSE
cnsta,84,84,1,+,C,A,mismatch,278,716,1,FALSE
cnsta,84,84,1,+,C,A,mismatch,279,716,1,FALSE
cnsta,85,85,1,+,C,A,mismatch,280,716,1,FALSE
cnsta,85,85,1,+,C,A,mismatch,281,716,1,FALSE
cnsta,86,86,1,+,T,A,mismatch,282,716,1,FALSE
cnsta,86,86,1,+,T,A,mismatch,283,716,1,FALSE
cnsta,86,86,1,+,T,A,mismatch,284,741,1,FALSE
cnsta,86,86,1,+,T,A,mismatch,285,686,1,FALSE
cnsta,86,86,1,+,T,A,mismatch,286,716,1,FALSE
cnsta,86,86,1,+,T,A,mismatch,287,716,1,FALSE
cnsta,86,86,1,+,T,C,mismatch,288,716,1,FALSE
cnsta,86,86,1,+,T,C,mismatch,289,716,1,FALSE
cnsta,86,86,1,+,T,C,mismatch,290,716,1,FALSE
cnsta,86,86,1,+,T,G,mismatch,291,707,1,FALSE
cnsta,104,104,1,+,T,A,mismatch,291,707,1,FALSE
cnsta,86,86,1,+,T,G,mismatch,292,716,1,FALSE
cnsta,86,86,1,+,T,G,mismatch,293,716,1,FALSE
cnsta,87,87,1,+,G,A,mismatch,294,716,1,FALSE
cnsta,87,87,1,+,G,A,mismatch,295,716,1,FALSE
cnsta,89,89,1,+,G,C,mismatch,296,716,1,FALSE
cnsta,89,89,1,+,G,C,mismatch,297,716,1,FALSE
cnsta,89,89,1,+,G,C,mismatch,298,741,1,FALSE
cnsta,90,90,1,+,C,A,mismatch,299,741,1,FALSE
cnsta,91,91,1,+,G,A,mismatch,300,716,1,FALSE
cnsta,91,91,1,+,G,C,mismatch,301,716,1,FALSE
cnsta,91,91,1,+,G,C,mismatch,302,716,1,FALSE
cnsta,91,91,1,+,G,C,mismatch,303,716,1,FALSE
cnsta,92,92,1,+,G,A,mismatch,304,716,1,FALSE
cnsta,92,92,1,+,G,C,mismatch,305,716,1,FALSE
cnsta,92,92,1,+,G,C,mismatch,306,716,1,FALSE
cnsta,92,92,1,+,G,C,mismatch,307,707,1,FALSE
cnsta,141,141,1,+,G,C,mismatch,307,707,1,FALSE
cnsta,92,92,1,+,G,C,mismatch,308,716,1,FALSE
cnsta,94,94,1,+,T,A,mismatch,309,741,1,FALSE
cnsta,94,94,1,+,T,C,mismatch,310,716,1,FALSE
cnsta,94,94,1,+,T,G,mismatch,311,707,1,FALSE
cnsta,122,122,1,+,C,G,mismatch,311,707,1,FALSE
cnsta,95,95,1,+,C,A,mismatch,312,716,1,FALSE
cnsta,95,95,1,+,C,A,mismatch,313,716,1,FALSE
cnsta,95,95,1,+,C,A,mismatch,314,716,1,FALSE
cnsta,96,96,1,+,T,A,mismatch,315,716,1,FALSE
cnsta,96,96,1,+,T,A,mismatch,316,716,1,FALSE
cnsta,96,96,1,+,T,A,mismatch,317,716,1,FALSE
cnsta,96,96,1,+,T,C,mismatch,318,716,1,FALSE
cnsta,96,96,1,+,T,C,mismatch,319,716,1,FALSE
cnsta,96,96,1,+,T,G,mismatch,320,716,1,FALSE
cnsta,97,97,1,+,T,A,mismatch,321,716,1,FALSE
cnsta,97,97,1,+,T,C,mismatch,322,716,1,FALSE
cnsta,97,97,1,+,T,G,mismatch,323,716,1,FALSE
cnsta,97,97,1,+,T,G,mismatch,324,716,1,FALSE
cnsta,97,97,1,+,T,G,mismatch,325,716,1,FALSE
cnsta,98,98,1,+,G,A,mismatch,326,716,1,FALSE
cnsta,98,98,1,+,G,A,mismatch,327,716,1,FALSE
cnsta,98,98,1,+,G,A,mismatch,328,741,1,FALSE
cnsta,98,98,1,+,G,C,mismatch,329,716,1,FALSE
cnsta,100,100,1,+,T,A,mismatch,330,716,1,FALSE
cnsta,100,100,1,+,T,C,mismatch,331,716,1,FALSE
cnsta,100,100,1,+,T,C,mismatch,332,716,1,FALSE
cnsta,100,100,1,+,T,G,mismatch,333,741,1,FALSE
cnsta,100,100,1,+,T,G,mismatch,334,716,1,FALSE
cnsta,101,101,1,+,G,A,mismatch,335,707,1,FALSE
cnsta,109,109,1,+,G,C,mismatch,335,707,1,FALSE
cnsta,101,101,1,+,G,A,mismatch,336,716,1,FALSE
cnsta,101,101,1,+,G,C,mismatch,337,741,1,FALSE
cnsta,101,101,1,+,G,C,mismatch,338,716,1,FALSE
cnsta,102,102,1,+,G,A,mismatch,339,741,1,FALSE
cnsta,102,102,1,+,G,A,mismatch,340,716,1,FALSE
cnsta,102,102,1,+,G,C,mismatch,341,716,1,FALSE
cnsta,102,102,1,+,G,C,mismatch,342,686,1,FALSE
cnsta,102,102,1,+,G,C,mismatch,343,716,1,FALSE
cnsta,104,104,1,+,T,A,mismatch,344,707,1,FALSE
cnsta,107,107,1,+,C,A,mismatch,344,707,1,FALSE
cnsta,104,104,1,+,T,A,mismatch,345,707,1,FALSE
cnsta,123,123,1,+,G,C,mismatch,345,707,1,FALSE
cnsta,104,104,1,+,T,A,mismatch,346,716,1,FALSE
cnsta,104,104,1,+,T,A,mismatch,347,716,1,FALSE
cnsta,104,104,1,+,T,C,mismatch,348,716,1,FALSE
cnsta,104,104,1,+,T,C,mismatch,349,716,1,FALSE
cnsta,104,104,1,+,T,G,mismatch,350,716,1,FALSE
cnsta,105,105,1,+,G,A,mismatch,351,716,1,FALSE
cnsta,105,105,1,+,G,A,mismatch,352,716,1,FALSE
cnsta,105,105,1,+,G,C,mismatch,353,741,1,FALSE
cnsta,108,108,1,+,G,C,mismatch,354,716,1,FALSE
cnsta,108,108,1,+,G,C,mismatch,355,716,1,FALSE
cnsta,109,109,1,+,G,C,mismatch,356,716,1,FALSE
cnsta,110,110,1,+,T,A,mismatch,357,716,1,FALSE
cnsta,110,110,1,+,T,A,mismatch,358,741,1,FALSE
cnsta,110,110,1,+,T,C,mismatch,359,707,1,FALSE
cnsta,158,158,1,+,G,A,mismatch,359,707,1,FALSE
cnsta,110,110,1,+,T,C,mismatch,360,716,1,FALSE
cnsta,110,110,1,+,T,C,mismatch,361,716,1,FALSE
cnsta,110,110,1,+,T,C,mismatch,362,716,1,FALSE
cnsta,110,110,1,+,T,G,mismatch,363,716,1,FALSE
cnsta,110,110,1,+,T,G,mismatch,364,716,1,FALSE
cnsta,111,111,1,+,C,A,mismatch,365,716,1,FALSE
cnsta,111,111,1,+,C,A,mismatch,366,741,1,FALSE
cnsta,113,113,1,+,G,A,mismatch,367,716,1,FALSE
cnsta,113,113,1,+,G,A,mismatch,368,716,1,FALSE
cnsta,113,113,1,+,G,A,mismatch,369,716,1,FALSE
cnsta,113,113,1,+,G,A,mismatch,370,716,1,FALSE
cnsta,114,114,1,+,T,A,mismatch,371,716,1,FALSE
cnsta,114,114,1,+,T,A,mismatch,372,707,1,FALSE
cnsta,149,149,1,+,G,A,mismatch,372,707,1,FALSE
cnsta,114,114,1,+,T,A,mismatch,373,716,1,FALSE
cnsta,114,114,1,+,T,C,mismatch,374,716,1,FALSE
cnsta,114,114,1,+,T,C,mismatch,375,716,1,FALSE
cnsta,114,114,1,+,T,G,mismatch,376,716,1,FALSE
cnsta,114,114,1,+,T,G,mismatch,377,716,1,FALSE
cnsta,115,115,1,+,G,A,mismatch,378,716,1,FALSE
cnsta,115,115,1,+,G,A,mismatch,379,707,1,FALSE
cnsta,159,159,1,+,G,A,mismatch,379,707,1,FALSE
cnsta,115,115,1,+,G,A,mismatch,380,707,1,FALSE
cnsta,140,140,1,+,A,T,mismatch,380,707,1,FALSE
cnsta,115,115,1,+,G,A,mismatch,381,716,1,FALSE
cnsta,115,115,1,+,G,A,mismatch,382,716,1,FALSE
cnsta,116,116,1,+,G,A,mismatch,383,716,1,FALSE
cnsta,116,116,1,+,G,A,mismatch,384,716,1,FALSE
cnsta,116,116,1,+,G,C,mismatch,385,716,1,FALSE
cnsta,116,116,1,+,G,C,mismatch,386,716,1,FALSE
cnsta,116,116,1,+,G,C,mismatch,387,707,1,FALSE
cnsta,147,147,1,+,G,T,mismatch,387,707,1,FALSE
cnsta,116,116,1,+,G,C,mismatch,388,716,1,FALSE
cnsta,117,117,1,+,C,A,mismatch,389,716,1,FALSE
cnsta,117,117,1,+,C,A,mismatch,390,716,1,FALSE
cnsta,117,117,1,+,C,A,mismatch,391,716,1,FALSE
cnsta,117,117,1,+,C,A,mismatch,392,716,1,FALSE
cnsta,119,119,1,+,G,C,mismatch,393,707,1,FALSE
cnsta,154,154,1,+,A,G,mismatch,393,707,1,FALSE
cnsta,121,121,1,+,G,A,mismatch,394,716,1,FALSE
cnsta,121,121,1,+,G,A,mismatch,395,716,1,FALSE
cnsta,121,121,1,+,G,A,mismatch,396,716,1,FALSE
cnsta,122,122,1,+,C,A,mismatch,397,716,1,FALSE
cnsta,122,122,1,+,C,A,mismatch,398,716,1,FALSE
cnsta,122,122,1,+,C,A,mismatch,399,716,1,FALSE
cnsta,123,123,1,+,G,A,mismatch,400,716,1,FALSE
cnsta,123,123,1,+,G,A,mismatch,401,686,1,FALSE
cnsta,123,123,1,+,G,A,mismatch,402,716,1,FALSE
cnsta,123,123,1,+,G,A,mismatch,403,716,1,FALSE
cnsta,123,123,1,+,G,C,mismatch,404,716,1,FALSE
cnsta,123,123,1,+,G,C,mismatch,405,707,1,FALSE
cnsta,140,140,1,+,A,T,mismatch,405,707,1,FALSE
cnsta,136,136,1,+,G,C,mismatch,406,716,1,FALSE
cnsta,137,137,1,+,G,A,mismatch,407,716,1,FALSE
cnsta,141,141,1,+,G,A,mismatch,408,716,1,FALSE
cnsta,141,141,1,+,G,C,mismatch,409,707,1,FALSE
cnsta,159,159,1,+,G,T,mismatch,409,707,1,FALSE
cnsta,142,142,1,+,G,A,mismatch,410,716,1,FALSE
cnsta,142,142,1,+,G,A,mismatch,411,716,1,FALSE
cnsta,142,142,1,+,G,C,mismatch,412,716,1,FALSE
cnsta,142,142,1,+,G,C,mismatch,413,716,1,FALSE
cnsta,144,144,1,+,G,C,mismatch,414,716,1,FALSE
cnsta,144,144,1,+,G,C,mismatch,415,698,1,FALSE
cnsta,148,148,1,+,C,T,mismatch,415,698,1,FALSE
cnsta,157,157,1,+,C,A,mismatch,415,698,1,FALSE
cnsta,145,145,1,+,G,A,mismatch,416,716,1,FALSE
cnsta,145,145,1,+,G,C,mismatch,417,716,1,FALSE
cnsta,147,147,1,+,G,A,mismatch,418,716,1,FALSE
cnsta,147,147,1,+,G,A,mismatch,419,716,1,FALSE
cnsta,148,148,1,+,C,A,mismatch,420,716,1,FALSE
cnsta,149,149,1,+,G,C,mismatch,421,716,1,FALSE
cnsta,152,152,1,+,T,A,mismatch,422,716,1,FALSE
cnsta,153,153,1,+,G,A,mismatch,423,716,1,FALSE
cnsta,155,155,1,+,G,A,mismatch,424,716,1,FALSE
cnsta,155,155,1,+,G,A,mismatch,425,716,1,FALSE
cnsta,156,156,1,+,C,A,mismatch,426,716,1,FALSE
cnsta,157,157,1,+,C,A,mismatch,427,716,1,FALSE
cnsta,158,158,1,+,G,A,mismatch,428,716,1,FALSE
cnsta,158,158,1,+,G,A,mismatch,429,716,1,FALSE
cnsta,158,158,1,+,G,C,mismatch,430,716,1,FALSE
cnsta,159,159,1,+,G,C,mismatch,431,716,1,FALSE
cnsta,160,160,1,+,A,C,mismatch,778,716,1,FALSE
cnsta,160,160,1,+,A,G,mismatch,779,716,1,FALSE
cnsta,160,160,1,+,A,T,mismatch,780,716,1,FALSE
cnsta,159,159,1,+,G,T,mismatch,781,716,1,FALSE
cnsta,159,159,1,+,G,T,mismatch,782,716,1,FALSE
cnsta,159,159,1,+,G,T,mismatch,783,716,1,FALSE
cnsta,159,159,1,+,G,T,mismatch,784,716,1,FALSE
cnsta,158,158,1,+,G,T,mismatch,785,716,1,FALSE
cnsta,158,158,1,+,G,T,mismatch,786,716,1,FALSE
cnsta,156,156,1,+,C,T,mismatch,787,716,1,FALSE
cnsta,155,155,1,+,G,T,mismatch,788,716,1,FALSE
cnsta,155,155,1,+,G,T,mismatch,789,716,1,FALSE
cnsta,154,154,1,+,A,G,mismatch,790,716,1,FALSE
cnsta,154,154,1,+,A,T,mismatch,791,707,1,FALSE
cnsta,158,158,1,+,G,A,mismatch,791,707,1,FALSE
cnsta,151,151,1,+,C,G,mismatch,792,716,1,FALSE
cnsta,151,151,1,+,C,T,mismatch,793,716,1,FALSE
cnsta,150,150,1,+,A,C,mismatch,794,716,1,FALSE
cnsta,150,150,1,+,A,C,mismatch,795,716,1,FALSE
cnsta,150,150,1,+,A,G,mismatch,796,716,1,FALSE
cnsta,150,150,1,+,A,T,mismatch,797,716,1,FALSE
cnsta,150,150,1,+,A,T,mismatch,798,707,1,FALSE
cnsta,154,154,1,+,A,T,mismatch,798,707,1,FALSE
cnsta,149,149,1,+,G,T,mismatch,799,716,1,FALSE
cnsta,149,149,1,+,G,T,mismatch,800,716,1,FALSE
cnsta,148,148,1,+,C,G,mismatch,801,716,1,FALSE
cnsta,148,148,1,+,C,T,mismatch,802,716,1,FALSE
cnsta,146,146,1,+,A,C,mismatch,803,716,1,FALSE
cnsta,146,146,1,+,A,G,mismatch,804,716,1,FALSE
cnsta,146,146,1,+,A,T,mismatch,805,716,1,FALSE
cnsta,146,146,1,+,A,T,mismatch,806,716,1,FALSE
cnsta,144,144,1,+,G,T,mismatch,807,716,1,FALSE
cnsta,144,144,1,+,G,T,mismatch,808,716,1,FALSE
cnsta,143,143,1,+,A,C,mismatch,809,716,1,FALSE
cnsta,143,143,1,+,A,G,mismatch,810,716,1,FALSE
cnsta,142,142,1,+,G,T,mismatch,811,716,1,FALSE
cnsta,141,141,1,+,G,T,mismatch,812,716,1,FALSE
cnsta,140,140,1,+,A,C,mismatch,813,716,1,FALSE
cnsta,140,140,1,+,A,G,mismatch,814,716,1,FALSE
cnsta,140,140,1,+,A,T,mismatch,815,716,1,FALSE
cnsta,139,139,1,+,G,T,mismatch,816,716,1,FALSE
cnsta,125,125,1,+,C,A,mismatch,817,716,1,FALSE
cnsta,138,138,1,+,A,G,mismatch,818,716,1,FALSE
cnsta,138,138,1,+,A,T,mismatch,819,707,1,FALSE
cnsta,149,149,1,+,G,C,mismatch,819,707,1,FALSE
cnsta,138,138,1,+,A,T,mismatch,820,716,1,FALSE
cnsta,136,136,1,+,G,T,mismatch,821,716,1,FALSE
cnsta,136,136,1,+,G,A,mismatch,822,716,1,FALSE
cnsta,136,136,1,+,G,C,mismatch,823,716,1,FALSE
cnsta,126,126,1,+,G,A,mismatch,824,686,1,FALSE
cnsta,126,126,1,+,G,A,mismatch,825,716,1,FALSE
cnsta,139,139,1,+,G,C,mismatch,826,716,1,FALSE
cnsta,142,142,1,+,G,A,mismatch,827,716,1,FALSE
cnsta,142,142,1,+,G,C,mismatch,828,716,1,FALSE
cnsta,142,142,1,+,G,C,mismatch,829,716,1,FALSE
cnsta,145,145,1,+,G,C,mismatch,830,716,1,FALSE
cnsta,145,145,1,+,G,C,mismatch,831,716,1,FALSE
cnsta,145,145,1,+,G,C,mismatch,832,716,1,FALSE
cnsta,147,147,1,+,G,C,mismatch,833,716,1,FALSE
cnsta,147,147,1,+,G,C,mismatch,834,716,1,FALSE
cnsta,149,149,1,+,G,C,mismatch,835,716,1,FALSE
cnsta,152,152,1,+,T,C,mismatch,836,716,1,FALSE
cnsta,152,152,1,+,T,C,mismatch,837,716,1,FALSE
cnsta,152,152,1,+,T,C,mismatch,838,716,1,FALSE
cnsta,153,153,1,+,G,A,mismatch,839,716,1,FALSE
cnsta,153,153,1,+,G,A,mismatch,840,716,1,FALSE
cnsta,153,153,1,+,G,A,mismatch,841,716,1,FALSE
cnsta,153,153,1,+,G,C,mismatch,842,716,1,FALSE
cnsta,155,155,1,+,G,A,mismatch,843,716,1,FALSE
cnsta,156,156,1,+,C,A,mismatch,844,716,1,FALSE
cnsta,158,158,1,+,G,C,mismatch,845,716,1,FALSE
cnsta,159,159,1,+,G,A,mismatch,846,716,1,FALSE
cnsta,159,159,1,+,G,A,mismatch,847,716,1,FALSE
cnsta,159,159,1,+,G,T,mismatch,1135,716,1,FALSE
cnsta,159,159,1,+,G,T,mismatch,1136,716,1,FALSE
cnsta,157,157,1,+,C,G,mismatch,1137,716,1,FALSE
cnsta,157,157,1,+,C,G,mismatch,1138,716,1,FALSE
cnsta,157,157,1,+,C,T,mismatch,1139,716,1,FALSE
cnsta,156,156,1,+,C,G,mismatch,1140,716,1,FALSE
cnsta,156,156,1,+,C,G,mismatch,1141,716,1,FALSE
cnsta,156,156,1,+,C,G,mismatch,1142,716,1,FALSE
cnsta,155,155,1,+,G,T,mismatch,1143,716,1,FALSE
cnsta,155,155,1,+,G,T,mismatch,1144,716,1,FALSE
cnsta,151,151,1,+,C,T,mismatch,1145,716,1,FALSE
cnsta,151,151,1,+,C,T,mismatch,1146,716,1,FALSE
cnsta,150,150,1,+,A,C,mismatch,1147,716,1,FALSE
cnsta,148,148,1,+,C,G,mismatch,1148,716,1,FALSE
cnsta,148,148,1,+,C,T,mismatch,1149,716,1,FALSE
cnsta,148,148,1,+,C,T,mismatch,1150,716,1,FALSE
cnsta,147,147,1,+,G,T,mismatch,1151,716,1,FALSE
cnsta,147,147,1,+,G,T,mismatch,1152,716,1,FALSE
cnsta,146,146,1,+,A,G,mismatch,1153,716,1,FALSE
cnsta,146,146,1,+,A,G,mismatch,1154,716,1,FALSE
cnsta,146,146,1,+,A,G,mismatch,1155,716,1,FALSE
cnsta,146,146,1,+,A,T,mismatch,1156,716,1,FALSE
cnsta,146,146,1,+,A,T,mismatch,1157,707,1,FALSE
cnsta,154,154,1,+,A,T,mismatch,1157,707,1,FALSE
cnsta,144,144,1,+,G,T,mismatch,1158,716,1,FALSE
cnsta,143,143,1,+,A,G,mismatch,1160,716,1,FALSE
cnsta,143,143,1,+,A,T,mismatch,1161,716,1,FALSE
cnsta,143,143,1,+,A,T,mismatch,1162,716,1,FALSE
cnsta,141,141,1,+,G,T,mismatch,1163,716,1,FALSE
cnsta,140,140,1,+,A,T,mismatch,1164,716,1,FALSE
cnsta,140,140,1,+,A,T,mismatch,1165,716,1,FALSE
cnsta,136,136,1,+,G,T,mismatch,1166,716,1,FALSE
cnsta,126,126,1,+,G,C,mismatch,1167,716,1,FALSE
cnsta,126,126,1,+,G,C,mismatch,1168,716,1,FALSE
cnsta,126,126,1,+,G,C,mismatch,1169,716,1,FALSE
cnsta,127,127,1,+,G,A,mismatch,1170,741,1,FALSE
cnsta,127,127,1,+,G,A,mismatch,1171,741,1,FALSE
cnsta,127,127,1,+,G,A,mismatch,1172,741,1,FALSE
cnsta,127,127,1,+,G,C,mismatch,1173,741,1,FALSE
cnsta,128,128,1,+,C,A,mismatch,1174,716,1,FALSE
cnsta,137,137,1,+,G,A,mismatch,1175,716,1,FALSE
cnsta,152,152,1,+,T,A,mismatch,1177,716,1,FALSE
cnsta,152,152,1,+,T,A,mismatch,1178,716,1,FALSE
cnsta,147,147,1,+,G,T,mismatch,1253,716,1,FALSE
cnsta,143,143,1,+,A,C,mismatch,1254,716,1,FALSE
cnsta,128,128,1,+,C,A,mismatch,1255,716,1,FALSE
cnsta,129,129,1,+,C,A,mismatch,1256,716,1,FALSE
cnsta,129,129,1,+,C,A,mismatch,1257,716,1,FALSE
cnsta,131,131,1,+,T,A,mismatch,1258,741,1,FALSE
cnsta,132,132,1,+,G,A,mismatch,1259,716,1,FALSE
cnsta,132,132,1,+,G,A,mismatch,1260,741,1,FALSE
cnsta,132,132,1,+,G,C,mismatch,1261,716,1,FALSE
cnsta,133,133,1,+,T,A,mismatch,1262,716,1,FALSE
cnsta,139,139,1,+,G,C,mismatch,1263,716,1,FALSE
cnsta,142,142,1,+,G,A,mismatch,1264,716,1,FALSE
cnsta,149,149,1,+,G,A,mismatch,1265,716,1,FALSE
cnsta,152,152,1,+,T,C,mismatch,1266,716,1,FALSE
cnsta,153,153,1,+,G,C,mismatch,1267,716,1,FALSE
cnsta,154,154,1,+,A,C,mismatch,1381,716,1,FALSE
cnsta,154,154,1,+,A,G,mismatch,1382,716,1,FALSE
cnsta,149,149,1,+,G,T,mismatch,1383,716,1,FALSE
cnsta,148,148,1,+,C,T,mismatch,1384,716,1,FALSE
cnsta,147,147,1,+,G,T,mismatch,1385,716,1,FALSE
cnsta,146,146,1,+,A,C,mismatch,1386,716,1,FALSE
cnsta,143,143,1,+,A,C,mismatch,1387,716,1,FALSE
cnsta,143,143,1,+,A,T,mismatch,1388,716,1,FALSE
cnsta,142,142,1,+,G,T,mismatch,1389,716,1,FALSE
cnsta,155,155,1,+,G,T,mismatch,1395,716,1,FALSE
cnsta,136,136,1,+,G,C,mismatch,1396,741,1,FALSE
cnsta,137,137,1,+,G,C,mismatch,1397,741,1,FALSE
cnsta,145,145,1,+,G,A,mismatch,1398,741,1,FALSE
cnsta,148,148,1,+,C,A,mismatch,1399,741,1,FALSE
cnsta,149,149,1,+,G,A,mismatch,1400,741,1,FALSE
cnsta,149,149,1,+,G,A,mismatch,1401,741,1,FALSE
cnsta,143,143,1,+,A,G,mismatch,1531,741,1,FALSE
cnsta,143,143,1,+,A,T,mismatch,1532,741,1,FALSE
cnsta,142,142,1,+,G,T,mismatch,1533,741,1,FALSE
cnsta,141,141,1,+,G,T,mismatch,1534,741,1,FALSE
cnsta,138,138,1,+,A,T,mismatch,1535,741,1,FALSE
cnsta,134,134,1,+,A,C,mismatch,1537,741,1,FALSE
cnsta,134,134,1,+,A,G,mismatch,1549,741,1,FALSE
cnsta,132,132,1,+,G,T,mismatch,1565,707,1,FALSE
cnsta,154,154,1,+,A,G,mismatch,1565,707,1,FALSE
cnsta,130,130,1,+,C,T,mismatch,1567,741,1,FALSE
cnsta,130,130,1,+,C,T,mismatch,1568,741,1,FALSE
cnsta,130,130,1,+,C,T,mismatch,1569,741,1,FALSE
cnsta,130,130,1,+,C,T,mismatch,1570,686,1,FALSE
cnsta,133,133,1,+,T,A,mismatch,1571,716,1,FALSE
cnsta,157,157,1,+,C,A,mismatch,1572,716,1,FALSE
cnsta,142,142,1,+,G,T,mismatch,1609,716,1,FALSE
cnsta,139,139,1,+,G,A,mismatch,1610,716,1,FALSE
cnsta,145,145,1,+,G,A,mismatch,1611,716,1,FALSE
cnsta,151,151,1,+,C,A,mismatch,1612,716,1,FALSE
cnsta,151,151,1,+,C,A,mismatch,1613,716,1,FALSE
cnsta,152,152,1,+,T,A,mismatch,1614,716,1,FALSE
cnsta,152,152,1,+,T,A,mismatch,1615,716,1,FALSE
cnsta,152,152,1,+,T,C,mismatch,1616,716,1,FALSE
cnsta,153,153,1,+,G,C,mismatch,1617,716,1,FALSE
cnsta,150,150,1,+,A,T,mismatch,1782,716,1,FALSE
cnsta,146,146,1,+,A,C,mismatch,1783,716,1,FALSE
cnsta,143,143,1,+,A,C,mismatch,1784,716,1,FALSE
cnsta,140,140,1,+,A,T,mismatch,1785,716,1,FALSE
cnsta,138,138,1,+,A,T,mismatch,1786,716,1,FALSE
cnsta,137,137,1,+,G,T,mismatch,1787,716,1,FALSE
cnsta,136,136,1,+,G,T,mismatch,1788,716,1,FALSE
cnsta,135,135,1,+,A,G,mismatch,1789,707,1,FALSE
cnsta,140,140,1,+,A,C,mismatch,1789,707,1,FALSE
cnsta,129,129,1,+,C,T,mismatch,1790,716,1,FALSE
cnsta,128,128,1,+,C,T,mismatch,1791,716,1,FALSE
cnsta,128,128,1,+,C,T,mismatch,1792,716,1,FALSE
cnsta,127,127,1,+,G,T,mismatch,1795,716,1,FALSE
cnsta,127,127,1,+,G,T,mismatch,1796,716,1,FALSE
cnsta,126,126,1,+,G,T,mismatch,1797,716,1,FALSE
cnsta,125,125,1,+,C,G,mismatch,1798,716,1,FALSE
cnsta,136,136,1,+,G,A,mismatch,1799,716,1,FALSE
cnsta,137,137,1,+,G,A,mismatch,1800,716,1,FALSE
cnsta,139,139,1,+,G,A,mismatch,1801,716,1,FALSE
cnsta,139,139,1,+,G,C,mismatch,1802,716,1,FALSE
cnsta,142,142,1,+,G,A,mismatch,1803,716,1,FALSE
cnsta,147,147,1,+,G,A,mismatch,1804,716,1,FALSE
cnsta,149,149,1,+,G,C,mismatch,1805,716,1,FALSE
cnsta,153,153,1,+,G,A,mismatch,1806,716,1,FALSE
cnsta,157,157,1,+,C,G,mismatch,1964,716,1,FALSE
cnsta,157,157,1,+,C,T,mismatch,1965,716,1,FALSE
cnsta,156,156,1,+,C,T,mismatch,1966,716,1,FALSE
cnsta,150,150,1,+,A,C,mismatch,1967,716,1,FALSE
cnsta,150,150,1,+,A,G,mismatch,1968,716,1,FALSE
cnsta,150,150,1,+,A,T,mismatch,1969,716,1,FALSE
cnsta,149,149,1,+,G,T,mismatch,1970,716,1,FALSE
cnsta,149,149,1,+,G,T,mismatch,1971,716,1,FALSE
cnsta,148,148,1,+,C,T,mismatch,1972,716,1,FALSE
cnsta,145,145,1,+,G,T,mismatch,1973,716,1,FALSE
cnsta,145,145,1,+,G,T,mismatch,1974,716,1,FALSE
cnsta,144,144,1,+,G,T,mismatch,1975,716,1,FALSE
cnsta,140,140,1,+,A,C,mismatch,1976,716,1,FALSE
cnsta,140,140,1,+,A,T,mismatch,1977,716,1,FALSE
cnsta,138,138,1,+,A,C,mismatch,1978,716,1,FALSE
cnsta,137,137,1,+,G,T,mismatch,1979,716,1,FALSE
cnsta,135,135,1,+,A,C,mismatch,1980,716,1,FALSE
cnsta,125,125,1,+,C,T,mismatch,1981,716,1,FALSE
cnsta,135,135,1,+,A,G,mismatch,1982,716,1,FALSE
cnsta,125,125,1,+,C,T,mismatch,1983,716,1,FALSE
cnsta,125,125,1,+,C,T,mismatch,1984,716,1,FALSE
cnsta,125,125,1,+,C,T,mismatch,1985,716,1,FALSE
cnsta,124,124,1,+,A,C,mismatch,1986,716,1,FALSE
cnsta,124,124,1,+,A,C,mismatch,1987,716,1,FALSE
cnsta,124,124,1,+,A,G,mismatch,1988,716,1,FALSE
cnsta,124,124,1,+,A,G,mismatch,1989,716,1,FALSE
cnsta,124,124,1,+,A,T,mismatch,1990,716,1,FALSE
cnsta,124,124,1,+,A,T,mismatch,1991,741,1,FALSE
cnsta,122,122,1,+,C,G,mismatch,1993,716,1,FALSE
cnsta,122,122,1,+,C,G,mismatch,1994,716,1,FALSE
cnsta,122,122,1,+,C,G,mismatch,1995,716,1,FALSE
cnsta,122,122,1,+,C,G,mismatch,1996,716,1,FALSE
cnsta,122,122,1,+,C,T,mismatch,1997,716,1,FALSE
cnsta,122,122,1,+,C,T,mismatch,1998,716,1,FALSE
cnsta,122,122,1,+,C,T,mismatch,1999,716,1,FALSE
cnsta,122,122,1,+,C,T,mismatch,2000,686,1,FALSE
cnsta,121,121,1,+,G,T,mismatch,2001,707,1,FALSE
cnsta,159,159,1,+,G,A,mismatch,2001,707,1,FALSE
cnsta,121,121,1,+,G,T,mismatch,2002,716,1,FALSE
cnsta,120,120,1,+,A,C,mismatch,2003,741,1,FALSE
cnsta,120,120,1,+,A,C,mismatch,2004,716,1,FALSE
cnsta,120,120,1,+,A,C,mismatch,2005,716,1,FALSE
cnsta,120,120,1,+,A,G,mismatch,2006,686,1,FALSE
cnsta,120,120,1,+,A,G,mismatch,2007,716,1,FALSE
cnsta,120,120,1,+,A,T,mismatch,2008,716,1,FALSE
cnsta,120,120,1,+,A,T,mismatch,2009,741,1,FALSE
cnsta,120,120,1,+,A,T,mismatch,2010,741,1,FALSE
cnsta,120,120,1,+,A,T,mismatch,2011,716,1,FALSE
cnsta,119,119,1,+,G,T,mismatch,2012,716,1,FALSE
cnsta,119,119,1,+,G,T,mismatch,2013,716,1,FALSE
cnsta,119,119,1,+,G,T,mismatch,2014,716,1,FALSE
cnsta,119,119,1,+,G,T,mismatch,2015,707,1,FALSE
cnsta,157,157,1,+,C,G,mismatch,2015,707,1,FALSE
cnsta,119,119,1,+,G,T,mismatch,2016,707,1,FALSE
cnsta,136,136,1,+,G,A,mismatch,2016,707,1,FALSE
cnsta,118,118,1,+,A,G,mismatch,2017,716,1,FALSE
cnsta,118,118,1,+,A,G,mismatch,2018,716,1,FALSE
cnsta,118,118,1,+,A,T,mismatch,2019,716,1,FALSE
cnsta,117,117,1,+,C,G,mismatch,2020,741,1,FALSE
cnsta,117,117,1,+,C,G,mismatch,2021,716,1,FALSE
cnsta,117,117,1,+,C,T,mismatch,2022,716,1,FALSE
cnsta,117,117,1,+,C,T,mismatch,2023,716,1,FALSE
cnsta,117,117,1,+,C,T,mismatch,2024,741,1,FALSE
cnsta,117,117,1,+,C,T,mismatch,2025,686,1,FALSE
cnsta,116,116,1,+,G,T,mismatch,2026,716,1,FALSE
cnsta,116,116,1,+,G,T,mismatch,2027,716,1,FALSE
cnsta,112,112,1,+,A,C,mismatch,2028,707,1,FALSE
cnsta,119,119,1,+,G,A,mismatch,2028,707,1,FALSE
cnsta,112,112,1,+,A,C,mismatch,2029,716,1,FALSE
cnsta,112,112,1,+,A,C,mismatch,2030,716,1,FALSE
cnsta,112,112,1,+,A,C,mismatch,2031,732,1,FALSE
cnsta,130,130,1,+,C,G,mismatch,2031,732,1,FALSE
cnsta,112,112,1,+,A,G,mismatch,2032,707,1,FALSE
cnsta,158,158,1,+,G,A,mismatch,2032,707,1,FALSE
cnsta,112,112,1,+,A,T,mismatch,2033,716,1,FALSE
cnsta,111,111,1,+,C,G,mismatch,2034,716,1,FALSE
cnsta,109,109,1,+,G,T,mismatch,2035,716,1,FALSE
cnsta,108,108,1,+,G,T,mismatch,2036,716,1,FALSE
cnsta,108,108,1,+,G,T,mismatch,2037,716,1,FALSE
cnsta,108,108,1,+,G,T,mismatch,2038,741,1,FALSE
cnsta,108,108,1,+,G,T,mismatch,2039,716,1,FALSE
cnsta,107,107,1,+,C,G,mismatch,2040,716,1,FALSE
cnsta,107,107,1,+,C,G,mismatch,2041,716,1,FALSE
cnsta,107,107,1,+,C,G,mismatch,2042,716,1,FALSE
cnsta,107,107,1,+,C,G,mismatch,2043,741,1,FALSE
cnsta,107,107,1,+,C,T,mismatch,2044,741,1,FALSE
cnsta,107,107,1,+,C,T,mismatch,2045,716,1,FALSE
cnsta,106,106,1,+,A,C,mismatch,2046,716,1,FALSE
cnsta,106,106,1,+,A,G,mismatch,2047,716,1,FALSE
cnsta,106,106,1,+,A,G,mismatch,2048,716,1,FALSE
cnsta,105,105,1,+,G,T,mismatch,2049,716,1,FALSE
cnsta,105,105,1,+,G,T,mismatch,2050,716,1,FALSE
cnsta,105,105,1,+,G,T,mismatch,2051,716,1,FALSE
cnsta,105,105,1,+,G,T,mismatch,2052,716,1,FALSE
cnsta,103,103,1,+,A,C,mismatch,2053,716,1,FALSE
cnsta,103,103,1,+,A,C,mismatch,2054,716,1,FALSE
cnsta,103,103,1,+,A,C,mismatch,2055,716,1,FALSE
cnsta,103,103,1,+,A,C,mismatch,2056,716,1,FALSE
cnsta,103,103,1,+,A,G,mismatch,2057,716,1,FALSE
cnsta,103,103,1,+,A,T,mismatch,2058,716,1,FALSE
cnsta,103,103,1,+,A,T,mismatch,2059,707,1,FALSE
cnsta,116,116,1,+,G,T,mismatch,2059,707,1,FALSE
cnsta,103,103,1,+,A,T,mismatch,2060,707,1,FALSE
cnsta,112,112,1,+,A,C,mismatch,2060,707,1,FALSE
cnsta,102,102,1,+,G,T,mismatch,2061,716,1,FALSE
cnsta,102,102,1,+,G,T,mismatch,2062,716,1,FALSE
cnsta,101,101,1,+,G,T,mismatch,2063,716,1,FALSE
cnsta,99,99,1,+,A,C,mismatch,2064,707,1,FALSE
cnsta,139,139,1,+,G,C,mismatch,2064,707,1,FALSE
cnsta,99,99,1,+,A,G,mismatch,2065,716,1,FALSE
cnsta,99,99,1,+,A,G,mismatch,2066,716,1,FALSE
cnsta,99,99,1,+,A,G,mismatch,2067,707,1,FALSE
cnsta,103,103,1,+,A,T,mismatch,2067,707,1,FALSE
cnsta,99,99,1,+,A,T,mismatch,2068,716,1,FALSE
cnsta,99,99,1,+,A,T,mismatch,2069,686,1,FALSE
cnsta,99,99,1,+,A,T,mismatch,2070,707,1,FALSE
cnsta,148,148,1,+,C,A,mismatch,2070,707,1,FALSE
cnsta,98,98,1,+,G,T,mismatch,2071,716,1,FALSE
cnsta,95,95,1,+,C,G,mismatch,2072,716,1,FALSE
cnsta,95,95,1,+,C,G,mismatch,2073,716,1,FALSE
cnsta,95,95,1,+,C,G,mismatch,2074,716,1,FALSE
cnsta,93,93,1,+,A,G,mismatch,2075,716,1,FALSE
cnsta,93,93,1,+,A,T,mismatch,2076,741,1,FALSE
cnsta,92,92,1,+,G,T,mismatch,2077,716,1,FALSE
cnsta,91,91,1,+,G,T,mismatch,2078,716,1,FALSE
cnsta,91,91,1,+,G,T,mismatch,2079,716,1,FALSE
cnsta,90,90,1,+,C,G,mismatch,2080,716,1,FALSE
cnsta,90,90,1,+,C,T,mismatch,2081,716,1,FALSE
cnsta,89,89,1,+,G,T,mismatch,2082,716,1,FALSE
cnsta,89,89,1,+,G,T,mismatch,2083,707,1,FALSE
cnsta,153,153,1,+,G,T,mismatch,2083,707,1,FALSE
cnsta,89,89,1,+,G,T,mismatch,2084,716,1,FALSE
cnsta,89,89,1,+,G,T,mismatch,2085,741,1,FALSE
cnsta,89,89,1,+,G,T,mismatch,2086,741,1,FALSE
cnsta,89,89,1,+,G,T,mismatch,2087,716,1,FALSE
cnsta,88,88,1,+,A,C,mismatch,2088,732,1,FALSE
cnsta,121,121,1,+,G,C,mismatch,2088,732,1,FALSE
cnsta,88,88,1,+,A,G,mismatch,2089,716,1,FALSE
cnsta,88,88,1,+,A,G,mismatch,2090,716,1,FALSE
cnsta,88,88,1,+,A,T,mismatch,2091,716,1,FALSE
cnsta,88,88,1,+,A,T,mismatch,2092,716,1,FALSE
cnsta,88,88,1,+,A,T,mismatch,2093,707,1,FALSE
cnsta,107,107,1,+,C,T,mismatch,2093,707,1,FALSE
cnsta,84,84,1,+,C,G,mismatch,2094,716,1,FALSE
cnsta,84,84,1,+,C,T,mismatch,2095,716,1,FALSE
cnsta,84,84,1,+,C,T,mismatch,2096,716,1,FALSE
cnsta,83,83,1,+,G,T,mismatch,2097,716,1,FALSE
cnsta,83,83,1,+,G,T,mismatch,2098,716,1,FALSE
cnsta,83,83,1,+,G,T,mismatch,2099,741,1,FALSE
cnsta,83,83,1,+,G,T,mismatch,2100,732,1,FALSE
cnsta,120,120,1,+,A,T,mismatch,2100,732,1,FALSE
cnsta,81,81,1,+,G,T,mismatch,2101,716,1,FALSE
cnsta,81,81,1,+,G,T,mismatch,2102,716,1,FALSE
cnsta,81,81,1,+,G,T,mismatch,2103,707,1,FALSE
cnsta,124,124,1,+,A,C,mismatch,2103,707,1,FALSE
cnsta,80,80,1,+,A,C,mismatch,2104,716,1,FALSE
cnsta,80,80,1,+,A,C,mismatch,2105,716,1,FALSE
cnsta,80,80,1,+,A,C,mismatch,2106,716,1,FALSE
cnsta,80,80,1,+,A,G,mismatch,2107,716,1,FALSE
cnsta,80,80,1,+,A,T,mismatch,2108,716,1,FALSE
cnsta,80,80,1,+,A,T,mismatch,2109,707,1,FALSE
cnsta,140,140,1,+,A,T,mismatch,2109,707,1,FALSE
cnsta,79,79,1,+,C,G,mismatch,2110,716,1,FALSE
cnsta,79,79,1,+,C,G,mismatch,2111,716,1,FALSE
cnsta,79,79,1,+,C,G,mismatch,2112,716,1,FALSE
cnsta,78,78,1,+,C,G,mismatch,2113,698,1,FALSE
cnsta,104,104,1,+,T,C,mismatch,2113,698,1,FALSE
cnsta,121,121,1,+,G,A,mismatch,2113,698,1,FALSE
cnsta,78,78,1,+,C,G,mismatch,2114,707,1,FALSE
cnsta,151,151,1,+,C,A,mismatch,2114,707,1,FALSE
cnsta,78,78,1,+,C,G,mismatch,2115,716,1,FALSE
cnsta,78,78,1,+,C,G,mismatch,2116,741,1,FALSE
cnsta,76,76,1,+,G,T,mismatch,2117,716,1,FALSE
cnsta,76,76,1,+,G,T,mismatch,2118,707,1,FALSE
cnsta,150,150,1,+,A,T,mismatch,2118,707,1,FALSE
cnsta,76,76,1,+,G,T,mismatch,2119,716,1,FALSE
cnsta,75,75,1,+,C,G,mismatch,2120,716,1,FALSE
cnsta,75,75,1,+,C,G,mismatch,2121,716,1,FALSE
cnsta,75,75,1,+,C,T,mismatch,2122,707,1,FALSE
cnsta,156,156,1,+,C,A,mismatch,2122,707,1,FALSE
cnsta,75,75,1,+,C,T,mismatch,2123,716,1,FALSE
cnsta,74,74,1,+,G,T,mismatch,2124,716,1,FALSE
cnsta,73,73,1,+,G,T,mismatch,2125,716,1,FALSE
cnsta,72,72,1,+,C,G,mismatch,2126,686,1,FALSE
cnsta,72,72,1,+,C,G,mismatch,2127,716,1,FALSE
cnsta,72,72,1,+,C,G,mismatch,2128,707,1,FALSE
cnsta,122,122,1,+,C,G,mismatch,2128,707,1,FALSE
cnsta,72,72,1,+,C,T,mismatch,2129,716,1,FALSE
cnsta,71,71,1,+,G,T,mismatch,2130,716,1,FALSE
cnsta,71,71,1,+,G,T,mismatch,2131,716,1,FALSE
cnsta,70,70,1,+,A,C,mismatch,2132,716,1,FALSE
cnsta,70,70,1,+,A,C,mismatch,2133,732,1,FALSE
cnsta,126,126,1,+,G,C,mismatch,2133,732,1,FALSE
cnsta,70,70,1,+,A,C,mismatch,2134,716,1,FALSE
cnsta,70,70,1,+,A,G,mismatch,2135,741,1,FALSE
cnsta,69,69,1,+,G,T,mismatch,2136,716,1,FALSE
cnsta,69,69,1,+,G,T,mismatch,2137,716,1,FALSE
cnsta,69,69,1,+,G,T,mismatch,2138,716,1,FALSE
cnsta,67,67,1,+,C,T,mismatch,2139,716,1,FALSE
cnsta,66,66,1,+,G,T,mismatch,2140,716,1,FALSE
cnsta,65,65,1,+,A,C,mismatch,2141,716,1,FALSE
cnsta,65,65,1,+,A,T,mismatch,2142,698,1,FALSE
cnsta,89,89,1,+,G,C,mismatch,2142,698,1,FALSE
cnsta,126,126,1,+,G,A,mismatch,2142,698,1,FALSE
cnsta,65,65,1,+,A,T,mismatch,2143,716,1,FALSE
cnsta,63,63,1,+,A,G,mismatch,2144,716,1,FALSE
cnsta,63,63,1,+,A,G,mismatch,2145,716,1,FALSE
cnsta,63,63,1,+,A,T,mismatch,2146,716,1,FALSE
cnsta,62,62,1,+,C,G,mismatch,2147,707,1,FALSE
cnsta,120,120,1,+,A,T,mismatch,2147,707,1,FALSE
cnsta,62,62,1,+,C,G,mismatch,2148,707,1,FALSE
cnsta,93,93,1,+,A,C,mismatch,2148,707,1,FALSE
cnsta,62,62,1,+,C,T,mismatch,2149,716,1,FALSE
cnsta,62,62,1,+,C,T,mismatch,2150,716,1,FALSE
cnsta,61,61,1,+,G,T,mismatch,2151,723,1,FALSE
cnsta,141,141,1,+,G,C,mismatch,2151,723,1,FALSE
cnsta,145,145,1,+,G,T,mismatch,2151,723,1,FALSE
cnsta,61,61,1,+,G,T,mismatch,2152,716,1,FALSE
cnsta,60,60,1,+,G,T,mismatch,2153,707,1,FALSE
cnsta,147,147,1,+,G,T,mismatch,2153,707,1,FALSE
cnsta,60,60,1,+,G,T,mismatch,2154,732,1,FALSE
cnsta,136,136,1,+,G,A,mismatch,2154,732,1,FALSE
cnsta,60,60,1,+,G,T,mismatch,2155,707,1,FALSE
cnsta,79,79,1,+,C,G,mismatch,2155,707,1,FALSE
cnsta,59,59,1,+,A,C,mismatch,2156,716,1,FALSE
cnsta,59,59,1,+,A,C,mismatch,2157,707,1,FALSE
cnsta,106,106,1,+,A,C,mismatch,2157,707,1,FALSE
cnsta,59,59,1,+,A,G,mismatch,2158,741,1,FALSE
cnsta,57,57,1,+,A,C,mismatch,2159,716,1,FALSE
cnsta,57,57,1,+,A,G,mismatch,2160,716,1,FALSE
cnsta,57,57,1,+,A,T,mismatch,2161,716,1,FALSE
cnsta,57,57,1,+,A,T,mismatch,2162,716,1,FALSE
cnsta,56,56,1,+,C,G,mismatch,2163,716,1,FALSE
cnsta,56,56,1,+,C,G,mismatch,2164,707,1,FALSE
cnsta,127,127,1,+,G,A,mismatch,2164,707,1,FALSE
cnsta,56,56,1,+,C,G,mismatch,2165,716,1,FALSE
cnsta,56,56,1,+,C,T,mismatch,2166,716,1,FALSE
cnsta,56,56,1,+,C,T,mismatch,2167,741,1,FALSE
cnsta,54,54,1,+,C,G,mismatch,2168,716,1,FALSE
cnsta,54,54,1,+,C,G,mismatch,2169,716,1,FALSE
cnsta,54,54,1,+,C,G,mismatch,2170,716,1,FALSE
cnsta,54,54,1,+,C,G,mismatch,2171,716,1,FALSE
cnsta,52,52,1,+,C,G,mismatch,2172,716,1,FALSE
cnsta,52,52,1,+,C,G,mismatch,2173,741,1,FALSE
cnsta,52,52,1,+,C,T,mismatch,2174,716,1,FALSE
cnsta,52,52,1,+,C,T,mismatch,2175,716,1,FALSE
cnsta,52,52,1,+,C,T,mismatch,2176,716,1,FALSE
cnsta,50,50,1,+,G,T,mismatch,2177,716,1,FALSE
cnsta,50,50,1,+,G,T,mismatch,2178,716,1,FALSE
cnsta,50,50,1,+,G,T,mismatch,2179,741,1,FALSE
cnsta,50,50,1,+,G,T,mismatch,2180,716,1,FALSE
cnsta,48,48,1,+,G,T,mismatch,2181,707,1,FALSE
cnsta,73,73,1,+,G,A,mismatch,2181,707,1,FALSE
cnsta,48,48,1,+,G,T,mismatch,2182,698,1,FALSE
cnsta,64,64,1,+,G,T,mismatch,2182,698,1,FALSE
cnsta,78,78,1,+,C,A,mismatch,2182,698,1,FALSE
cnsta,46,46,1,+,C,G,mismatch,2183,741,1,FALSE
cnsta,46,46,1,+,C,G,mismatch,2184,716,1,FALSE
cnsta,46,46,1,+,C,T,mismatch,2185,716,1,FALSE
cnsta,43,43,1,+,A,C,mismatch,2186,732,1,FALSE
cnsta,49,49,1,+,T,A,mismatch,2186,732,1,FALSE
cnsta,43,43,1,+,A,C,mismatch,2187,716,1,FALSE
cnsta,43,43,1,+,A,G,mismatch,2188,707,1,FALSE
cnsta,145,145,1,+,G,A,mismatch,2188,707,1,FALSE
cnsta,43,43,1,+,A,G,mismatch,2189,741,1,FALSE
cnsta,43,43,1,+,A,T,mismatch,2190,716,1,FALSE
cnsta,40,40,1,+,A,C,mismatch,2191,707,1,FALSE
cnsta,87,87,1,+,G,C,mismatch,2191,707,1,FALSE
cnsta,40,40,1,+,A,C,mismatch,2192,707,1,FALSE
cnsta,148,148,1,+,C,T,mismatch,2192,707,1,FALSE
cnsta,40,40,1,+,A,G,mismatch,2193,716,1,FALSE
cnsta,40,40,1,+,A,T,mismatch,2194,716,1,FALSE
cnsta,39,39,1,+,G,T,mismatch,2195,716,1,FALSE
cnsta,37,37,1,+,C,T,mismatch,2196,716,1,FALSE
cnsta,37,37,1,+,C,T,mismatch,2197,716,1,FALSE
cnsta,36,36,1,+,C,T,mismatch,2198,716,1,FALSE
cnsta,33,33,1,+,G,T,mismatch,2199,716,1,FALSE
cnsta,30,30,1,+,A,C,mismatch,2200,707,1,FALSE
cnsta,69,69,1,+,G,A,mismatch,2200,707,1,FALSE
cnsta,30,30,1,+,A,T,mismatch,2201,707,1,FALSE
cnsta,91,91,1,+,G,C,mismatch,2201,707,1,FALSE
cnsta,30,30,1,+,A,T,mismatch,2202,716,1,FALSE
cnsta,22,22,1,+,A,C,mismatch,2203,716,1,FALSE
cnsta,22,22,1,+,A,C,mismatch,2204,716,1,FALSE
cnsta,20,20,1,+,C,G,mismatch,2205,716,1,FALSE
cnsta,20,20,1,+,C,T,mismatch,2206,741,1,FALSE
cnsta,109,109,1,+,G,A,mismatch,2210,707,1,FALSE
cnsta,67,67,1,+,C,A,mismatch,2220,707,1,FALSE
cnsta,147,147,1,+,G,A,mismatch,2224,707,1,FALSE
cnsta,157,157,1,+,C,A,mismatch,2231,707,1,FALSE
cnsta,141,141,1,+,G,C,mismatch,2236,707,1,FALSE
cnsta,104,104,1,+,T,A,mismatch,2237,707,1,FALSE
cnsta,89,89,1,+,G,A,mismatch,2243,707,1,FALSE
cnsta,117,117,1,+,C,A,mismatch,2244,707,1,FALSE
cnsta,43,43,1,+,A,T,mismatch,2252,707,1,FALSE
cnsta,143,143,1,+,A,C,mismatch,1159,707,1,FALSE
cnsta,144,144,1,+,G,T,mismatch,1159,707,1,FALSE
cnsta,134,139,6,-,"",CTTATT,insertion,10,695,5,FALSE
cnsta,134,139,6,-,"",GGAGAC,insertion,23,695,3,FALSE
cnsta,135,140,6,-,"",GGGCAG,insertion,136,668,1,FALSE
cnsta,134,139,6,-,"",TGGGCA,insertion,144,677,1,FALSE
cnsta,134,139,6,-,"",CTCGCT,insertion,164,695,1,FALSE
cnsta,134,139,6,-,"",GGAGAC,insertion,267,695,1,FALSE
cnsta,134,139,6,-,"",GTCGCT,insertion,285,695,1,FALSE
cnsta,134,139,6,-,"",TTGCGG,insertion,342,677,1,FALSE
cnsta,134,139,6,-,"",GGAGAC,insertion,401,677,1,FALSE
cnsta,134,139,6,-,"",TGGGCA,insertion,824,695,1,FALSE
cnsta,134,139,6,-,"",CTTATT,insertion,1536,695,1,FALSE
cnsta,134,139,6,-,"",CTCGCT,insertion,1538,686,1,FALSE
cnsta,134,139,6,-,"",CTCGCT,insertion,1539,686,1,FALSE
cnsta,134,139,6,-,"",CTCGCT,insertion,1540,686,1,FALSE
cnsta,134,139,6,-,"",CTCGCT,insertion,1541,686,1,FALSE
cnsta,134,139,6,-,"",CTCGCT,insertion,1542,686,1,FALSE
cnsta,134,139,6,-,"",CTCGCT,insertion,1543,677,1,FALSE
cnsta,134,139,6,-,"",CTCGCT,insertion,1544,686,1,FALSE
cnsta,134,139,6,-,"",CTCGCT,insertion,1545,677,1,FALSE
cnsta,134,139,6,-,"",CTTATT,insertion,1546,686,1,FALSE
cnsta,134,139,6,-,"",CTTATT,insertion,1547,686,1,FALSE
cnsta,134,139,6,-,"",CTTATT,insertion,1548,686,1,FALSE
cnsta,134,139,6,-,"",GGAGAC,insertion,1550,668,1,FALSE
cnsta,134,139,6,-,"",GGAGAC,insertion,1551,677,1,FALSE
cnsta,134,139,6,-,"",GGAGAC,insertion,1552,686,1,FALSE
cnsta,134,139,6,-,"",GGAGAC,insertion,1553,686,1,FALSE
cnsta,134,139,6,-,"",GGAGAC,insertion,1554,677,1,FALSE
cnsta,134,139,6,-,"",TGGGCA,insertion,1555,686,1,FALSE
cnsta,134,139,6,-,"",TGGGCA,insertion,1556,686,1,FALSE
cnsta,134,139,6,-,"",TGGGCA,insertion,1557,677,1,FALSE
cnsta,134,139,6,-,"",TGGGCA,insertion,1558,659,1,FALSE
cnsta,134,139,6,-,"",TGGGCA,insertion,1559,677,1,FALSE
cnsta,134,139,6,-,"",TGGGCA,insertion,1560,668,1,FALSE
cnsta,134,139,6,-,"",TGGGCA,insertion,1561,668,1,FALSE
cnsta,134,139,6,-,"",TTGCGG,insertion,1562,677,1,FALSE
cnsta,134,139,6,-,"",TTGCGG,insertion,1563,695,1,FALSE
cnsta,134,139,6,-,"",TTGCGG,insertion,1564,668,1,FALSE
cnsta,134,139,6,-,"",TTGCGG,insertion,1570,686,1,FALSE
cnsta,134,139,6,-,"",TTGCGG,insertion,2000,686,1,FALSE
cnsta,134,139,6,-,"",TTGCGG,insertion,2006,695,1,FALSE
cnsta,134,139,6,-,"",TTGCGG,insertion,2025,686,1,FALSE
cnsta,134,139,6,-,"",TTGCGG,insertion,2069,686,1,FALSE
cnsta,134,139,6,-,"",CTTATT,insertion,2126,686,1,FALSE
cnsta,134,139,6,-,"",TTGCGG,insertion,2235,686,1,FALSE
cnsta,125,134,10,-,"","",deletion,1,725,209,FALSE
cnsta,126,134,9,-,"","",deletion,2,725,122,FALSE
cnsta,125,132,8,-,"","",deletion,3,725,85,FALSE
cnsta,129,131,3,-,"","",deletion,5,725,67,FALSE
cnsta,133,137,5,-,"","",deletion,6,725,47,FALSE
cnsta,128,134,7,-,"","",deletion,7,725,19,FALSE
cnsta,129,135,7,-,"","",deletion,8,725,11,FALSE
cnsta,133,139,7,-,"","",deletion,9,725,7,FALSE
cnsta,125,134,10,-,"","",deletion,11,716,4,FALSE
cnsta,126,134,9,-,"","",deletion,12,716,4,FALSE
cnsta,125,134,10,-,"","",deletion,13,716,3,FALSE
cnsta,125,134,10,-,"","",deletion,14,716,3,FALSE
cnsta,125,134,10,-,"","",deletion,15,716,3,FALSE
cnsta,125,134,10,-,"","",deletion,16,716,3,FALSE
cnsta,125,134,10,-,"","",deletion,17,716,3,FALSE
cnsta,125,134,10,-,"","",deletion,18,716,3,FALSE
cnsta,125,134,10,-,"","",deletion,19,716,3,FALSE
cnsta,125,134,10,-,"","",deletion,20,716,3,FALSE
cnsta,125,134,10,-,"","",deletion,21,716,3,FALSE
cnsta,133,134,2,-,"","",deletion,22,725,3,FALSE
cnsta,129,131,3,-,"","",deletion,24,716,3,FALSE
cnsta,125,132,8,-,"","",deletion,25,716,3,FALSE
cnsta,125,132,8,-,"","",deletion,26,716,3,FALSE
cnsta,126,134,9,-,"","",deletion,27,725,2,FALSE
cnsta,125,134,10,-,"","",deletion,28,725,2,FALSE
cnsta,125,134,10,-,"","",deletion,29,725,2,FALSE
cnsta,125,134,10,-,"","",deletion,30,725,2,FALSE
cnsta,125,134,10,-,"","",deletion,31,725,2,FALSE
cnsta,125,134,10,-,"","",deletion,32,716,2,FALSE
cnsta,125,134,10,-,"","",deletion,33,716,2,FALSE
cnsta,125,134,10,-,"","",deletion,34,716,2,FALSE
cnsta,125,134,10,-,"","",deletion,35,716,2,FALSE
cnsta,125,134,10,-,"","",deletion,36,716,2,FALSE
cnsta,125,134,10,-,"","",deletion,37,716,2,FALSE
cnsta,125,134,10,-,"","",deletion,38,716,2,FALSE
cnsta,125,134,10,-,"","",deletion,39,716,2,FALSE
cnsta,128,137,10,-,"","",deletion,40,716,2,FALSE
cnsta,125,134,10,-,"","",deletion,41,716,2,FALSE
cnsta,125,134,10,-,"","",deletion,42,716,2,FALSE
cnsta,125,134,10,-,"","",deletion,43,716,2,FALSE
cnsta,125,134,10,-,"","",deletion,44,716,2,FALSE
cnsta,125,134,10,-,"","",deletion,45,716,2,FALSE
cnsta,125,134,10,-,"","",deletion,46,716,2,FALSE
cnsta,125,134,10,-,"","",deletion,47,716,2,FALSE
cnsta,125,134,10,-,"","",deletion,48,716,2,FALSE
cnsta,125,134,10,-,"","",deletion,49,716,2,FALSE
cnsta,125,134,10,-,"","",deletion,50,716,2,FALSE
cnsta,125,134,10,-,"","",deletion,51,716,2,FALSE
cnsta,125,134,10,-,"","",deletion,52,716,2,FALSE
cnsta,125,134,10,-,"","",deletion,53,716,2,FALSE
cnsta,125,134,10,-,"","",deletion,54,716,2,FALSE
cnsta,125,134,10,-,"","",deletion,55,716,2,FALSE
cnsta,125,134,10,-,"","",deletion,56,716,2,FALSE
cnsta,125,134,10,-,"","",deletion,57,716,2,FALSE
cnsta,125,134,10,-,"","",deletion,58,716,2,FALSE
cnsta,125,134,10,-,"","",deletion,59,716,2,FALSE
cnsta,125,134,10,-,"","",deletion,60,716,2,FALSE
cnsta,126,134,9,-,"","",deletion,62,725,2,FALSE
cnsta,126,134,9,-,"","",deletion,63,716,2,FALSE
cnsta,126,134,9,-,"","",deletion,64,716,2,FALSE
cnsta,126,134,9,-,"","",deletion,65,716,2,FALSE
cnsta,126,134,9,-,"","",deletion,66,716,2,FALSE
cnsta,126,134,9,-,"","",deletion,67,716,2,FALSE
cnsta,126,134,9,-,"","",deletion,68,716,2,FALSE
cnsta,126,134,9,-,"","",deletion,69,716,2,FALSE
cnsta,126,134,9,-,"","",deletion,70,716,2,FALSE
cnsta,126,134,9,-,"","",deletion,71,716,2,FALSE
cnsta,126,134,9,-,"","",deletion,72,716,2,FALSE
cnsta,126,134,9,-,"","",deletion,73,716,2,FALSE
cnsta,126,134,9,-,"","",deletion,74,716,2,FALSE
cnsta,126,134,9,-,"","",deletion,75,725,2,FALSE
cnsta,128,134,7,-,"","",deletion,76,716,2,FALSE
cnsta,128,134,7,-,"","",deletion,77,716,2,FALSE
cnsta,128,134,7,-,"","",deletion,78,716,2,FALSE
cnsta,133,137,5,-,"","",deletion,80,716,2,FALSE
cnsta,133,137,5,-,"","",deletion,81,716,2,FALSE
cnsta,133,137,5,-,"","",deletion,82,716,2,FALSE
cnsta,129,135,7,-,"","",deletion,90,716,2,FALSE
cnsta,129,131,3,-,"","",deletion,91,716,2,FALSE
cnsta,129,131,3,-,"","",deletion,92,716,2,FALSE
cnsta,129,131,3,-,"","",deletion,93,716,2,FALSE
cnsta,129,131,3,-,"","",deletion,94,716,2,FALSE
cnsta,129,131,3,-,"","",deletion,95,716,2,FALSE
cnsta,129,131,3,-,"","",deletion,96,716,2,FALSE
cnsta,125,132,8,-,"","",deletion,97,716,2,FALSE
cnsta,125,132,8,-,"","",deletion,98,716,2,FALSE
cnsta,125,132,8,-,"","",deletion,99,716,2,FALSE
cnsta,125,132,8,-,"","",deletion,100,716,2,FALSE
cnsta,125,132,8,-,"","",deletion,101,716,2,FALSE
cnsta,125,132,8,-,"","",deletion,102,716,2,FALSE
cnsta,125,132,8,-,"","",deletion,103,716,2,FALSE
cnsta,125,132,8,-,"","",deletion,104,716,2,FALSE
cnsta,125,132,8,-,"","",deletion,105,716,2,FALSE
cnsta,125,132,8,-,"","",deletion,106,716,2,FALSE
cnsta,125,134,10,-,"","",deletion,107,716,1,FALSE
cnsta,129,131,3,-,"","",deletion,108,698,1,FALSE
cnsta,125,134,10,-,"","",deletion,109,716,1,FALSE
cnsta,129,131,3,-,"","",deletion,111,725,1,FALSE
cnsta,125,134,10,-,"","",deletion,112,707,1,FALSE
cnsta,129,131,3,-,"","",deletion,113,707,1,FALSE
cnsta,126,134,9,-,"","",deletion,114,725,1,FALSE
cnsta,125,134,10,-,"","",deletion,115,716,1,FALSE
cnsta,125,134,10,-,"","",deletion,116,716,1,FALSE
cnsta,125,132,8,-,"","",deletion,117,707,1,FALSE
cnsta,125,134,10,-,"","",deletion,118,716,1,FALSE
cnsta,133,137,5,-,"","",deletion,119,725,1,FALSE
cnsta,133,137,5,-,"","",deletion,121,725,1,FALSE
cnsta,125,132,8,-,"","",deletion,122,707,1,FALSE
cnsta,125,132,8,-,"","",deletion,123,725,1,FALSE
cnsta,125,134,10,-,"","",deletion,124,725,1,FALSE
cnsta,125,134,10,-,"","",deletion,125,707,1,FALSE
cnsta,129,131,3,-,"","",deletion,126,725,1,FALSE
cnsta,125,134,10,-,"","",deletion,127,716,1,FALSE
cnsta,125,134,10,-,"","",deletion,128,725,1,FALSE
cnsta,129,131,3,-,"","",deletion,129,716,1,FALSE
cnsta,133,137,5,-,"","",deletion,130,707,1,FALSE
cnsta,125,132,8,-,"","",deletion,131,707,1,FALSE
cnsta,126,134,9,-,"","",deletion,132,716,1,FALSE
cnsta,125,134,10,-,"","",deletion,133,716,1,FALSE
cnsta,133,137,5,-,"","",deletion,134,680,1,FALSE
cnsta,126,134,9,-,"","",deletion,135,716,1,FALSE
cnsta,128,134,7,-,"","",deletion,137,725,1,FALSE
cnsta,126,134,9,-,"","",deletion,138,680,1,FALSE
cnsta,126,134,9,-,"","",deletion,140,707,1,FALSE
cnsta,125,134,10,-,"","",deletion,141,716,1,FALSE
cnsta,125,134,10,-,"","",deletion,142,716,1,FALSE
cnsta,126,134,9,-,"","",deletion,145,716,1,FALSE
cnsta,133,137,5,-,"","",deletion,146,716,1,FALSE
cnsta,129,131,3,-,"","",deletion,147,716,1,FALSE
cnsta,129,131,3,-,"","",deletion,148,716,1,FALSE
cnsta,125,134,10,-,"","",deletion,149,716,1,FALSE
cnsta,125,134,10,-,"","",deletion,150,716,1,FALSE
cnsta,125,134,10,-,"","",deletion,151,716,1,FALSE
cnsta,125,134,10,-,"","",deletion,152,707,1,FALSE
cnsta,128,136,9,-,"","",deletion,153,716,1,FALSE
cnsta,125,134,10,-,"","",deletion,154,725,1,FALSE
cnsta,133,137,5,-,"","",deletion,155,725,1,FALSE
cnsta,126,134,9,-,"","",deletion,156,725,1,FALSE
cnsta,125,134,10,-,"","",deletion,157,716,1,FALSE
cnsta,128,134,7,-,"","",deletion,158,707,1,FALSE
cnsta,134,138,5,-,"","",deletion,159,716,1,FALSE
cnsta,129,135,7,-,"","",deletion,161,725,1,FALSE
cnsta,125,134,10,-,"","",deletion,162,707,1,FALSE
cnsta,125,134,10,-,"","",deletion,163,716,1,FALSE
cnsta,133,137,5,-,"","",deletion,165,716,1,FALSE
cnsta,126,134,9,-,"","",deletion,166,716,1,FALSE
cnsta,126,134,9,-,"","",deletion,167,707,1,FALSE
cnsta,125,134,10,-,"","",deletion,168,698,1,FALSE
cnsta,125,132,8,-,"","",deletion,169,725,1,FALSE
cnsta,125,134,10,-,"","",deletion,170,725,1,FALSE
cnsta,129,131,3,-,"","",deletion,171,707,1,FALSE
cnsta,125,134,10,-,"","",deletion,172,716,1,FALSE
cnsta,126,134,9,-,"","",deletion,173,716,1,FALSE
cnsta,125,134,10,-,"","",deletion,174,707,1,FALSE
cnsta,125,134,10,-,"","",deletion,175,725,1,FALSE
cnsta,126,134,9,-,"","",deletion,176,698,1,FALSE
cnsta,126,134,9,-,"","",deletion,178,725,1,FALSE
cnsta,129,135,7,-,"","",deletion,179,698,1,FALSE
cnsta,129,131,3,-,"","",deletion,180,698,1,FALSE
cnsta,126,134,9,-,"","",deletion,181,716,1,FALSE
cnsta,130,136,7,-,"","",deletion,182,707,1,FALSE
cnsta,125,132,8,-,"","",deletion,183,707,1,FALSE
cnsta,125,132,8,-,"","",deletion,184,698,1,FALSE
cnsta,125,134,10,-,"","",deletion,185,725,1,FALSE
cnsta,125,134,10,-,"","",deletion,186,725,1,FALSE
cnsta,125,134,10,-,"","",deletion,187,716,1,FALSE
cnsta,125,132,8,-,"","",deletion,188,707,1,FALSE
cnsta,126,134,9,-,"","",deletion,189,716,1,FALSE
cnsta,125,134,10,-,"","",deletion,190,725,1,FALSE
cnsta,125,134,10,-,"","",deletion,191,716,1,FALSE
cnsta,125,134,10,-,"","",deletion,192,725,1,FALSE
cnsta,126,134,9,-,"","",deletion,193,725,1,FALSE
cnsta,133,134,2,-,"","",deletion,194,716,1,FALSE
cnsta,125,134,10,-,"","",deletion,195,716,1,FALSE
cnsta,125,132,8,-,"","",deletion,196,707,1,FALSE
cnsta,126,134,9,-,"","",deletion,197,725,1,FALSE
cnsta,125,134,10,-,"","",deletion,198,725,1,FALSE
cnsta,126,134,9,-,"","",deletion,199,716,1,FALSE
cnsta,125,134,10,-,"","",deletion,200,716,1,FALSE
cnsta,126,134,9,-,"","",deletion,201,707,1,FALSE
cnsta,126,134,9,-,"","",deletion,202,725,1,FALSE
cnsta,126,134,9,-,"","",deletion,203,698,1,FALSE
cnsta,125,134,10,-,"","",deletion,205,725,1,FALSE
cnsta,126,134,9,-,"","",deletion,206,716,1,FALSE
cnsta,129,131,3,-,"","",deletion,207,725,1,FALSE
cnsta,129,131,3,-,"","",deletion,208,716,1,FALSE
cnsta,133,137,5,-,"","",deletion,209,725,1,FALSE
cnsta,129,131,3,-,"","",deletion,211,716,1,FALSE
cnsta,125,134,10,-,"","",deletion,212,716,1,FALSE
cnsta,125,134,10,-,"","",deletion,213,716,1,FALSE
cnsta,126,134,9,-,"","",deletion,214,725,1,FALSE
cnsta,125,132,8,-,"","",deletion,216,725,1,FALSE
cnsta,125,132,8,-,"","",deletion,217,716,1,FALSE
cnsta,133,137,5,-,"","",deletion,218,716,1,FALSE
cnsta,126,134,9,-,"","",deletion,219,716,1,FALSE
cnsta,125,134,10,-,"","",deletion,220,725,1,FALSE
cnsta,125,134,10,-,"","",deletion,222,716,1,FALSE
cnsta,125,134,10,-,"","",deletion,223,725,1,FALSE
cnsta,129,131,3,-,"","",deletion,224,725,1,FALSE
cnsta,125,132,8,-,"","",deletion,225,698,1,FALSE
cnsta,129,131,3,-,"","",deletion,226,707,1,FALSE
cnsta,128,134,7,-,"","",deletion,227,725,1,FALSE
cnsta,125,134,10,-,"","",deletion,228,716,1,FALSE
cnsta,133,137,5,-,"","",deletion,229,698,1,FALSE
cnsta,125,134,10,-,"","",deletion,230,725,1,FALSE
cnsta,126,134,9,-,"","",deletion,231,689,1,FALSE
cnsta,129,131,3,-,"","",deletion,232,716,1,FALSE
cnsta,129,131,3,-,"","",deletion,233,707,1,FALSE
cnsta,125,132,8,-,"","",deletion,234,725,1,FALSE
cnsta,129,131,3,-,"","",deletion,236,725,1,FALSE
cnsta,129,131,3,-,"","",deletion,237,707,1,FALSE
cnsta,125,132,8,-,"","",deletion,238,716,1,FALSE
cnsta,125,134,10,-,"","",deletion,239,716,1,FALSE
cnsta,125,134,10,-,"","",deletion,240,698,1,FALSE
cnsta,125,134,10,-,"","",deletion,241,716,1,FALSE
cnsta,125,134,10,-,"","",deletion,242,716,1,FALSE
cnsta,126,134,9,-,"","",deletion,243,716,1,FALSE
cnsta,125,134,10,-,"","",deletion,244,725,1,FALSE
cnsta,128,134,7,-,"","",deletion,245,716,1,FALSE
cnsta,125,132,8,-,"","",deletion,246,698,1,FALSE
cnsta,125,132,8,-,"","",deletion,247,707,1,FALSE
cnsta,125,134,10,-,"","",deletion,248,689,1,FALSE
cnsta,126,134,9,-,"","",deletion,249,707,1,FALSE
cnsta,129,135,7,-,"","",deletion,250,707,1,FALSE
cnsta,128,134,7,-,"","",deletion,251,725,1,FALSE
cnsta,126,134,9,-,"","",deletion,253,725,1,FALSE
cnsta,133,134,2,-,"","",deletion,255,716,1,FALSE
cnsta,128,137,10,-,"","",deletion,256,707,1,FALSE
cnsta,125,132,8,-,"","",deletion,257,725,1,FALSE
cnsta,125,134,10,-,"","",deletion,258,716,1,FALSE
cnsta,126,134,9,-,"","",deletion,259,725,1,FALSE
cnsta,125,134,10,-,"","",deletion,261,698,1,FALSE
cnsta,126,134,9,-,"","",deletion,262,725,1,FALSE
cnsta,125,134,10,-,"","",deletion,263,716,1,FALSE
cnsta,125,134,10,-,"","",deletion,265,725,1,FALSE
cnsta,128,134,7,-,"","",deletion,266,707,1,FALSE
cnsta,126,134,9,-,"","",deletion,268,716,1,FALSE
cnsta,129,135,7,-,"","",deletion,269,698,1,FALSE
cnsta,129,131,3,-,"","",deletion,270,725,1,FALSE
cnsta,125,132,8,-,"","",deletion,271,716,1,FALSE
cnsta,126,134,9,-,"","",deletion,272,725,1,FALSE
cnsta,126,134,9,-,"","",deletion,273,725,1,FALSE
cnsta,125,132,8,-,"","",deletion,274,716,1,FALSE
cnsta,125,134,10,-,"","",deletion,275,716,1,FALSE
cnsta,125,134,10,-,"","",deletion,276,725,1,FALSE
cnsta,128,134,7,-,"","",deletion,277,716,1,FALSE
cnsta,125,134,10,-,"","",deletion,278,716,1,FALSE
cnsta,126,134,9,-,"","",deletion,279,725,1,FALSE
cnsta,125,134,10,-,"","",deletion,280,698,1,FALSE
cnsta,126,134,9,-,"","",deletion,281,725,1,FALSE
cnsta,125,134,10,-,"","",deletion,282,725,1,FALSE
cnsta,128,134,7,-,"","",deletion,283,707,1,FALSE
cnsta,125,132,8,-,"","",deletion,286,707,1,FALSE
cnsta,125,132,8,-,"","",deletion,287,707,1,FALSE
cnsta,125,134,10,-,"","",deletion,288,716,1,FALSE
cnsta,129,131,3,-,"","",deletion,289,716,1,FALSE
cnsta,125,132,8,-,"","",deletion,290,716,1,FALSE
cnsta,133,137,5,-,"","",deletion,291,707,1,FALSE
cnsta,125,134,10,-,"","",deletion,292,707,1,FALSE
cnsta,125,134,10,-,"","",deletion,293,716,1,FALSE
cnsta,125,134,10,-,"","",deletion,294,707,1,FALSE
cnsta,129,131,3,-,"","",deletion,295,725,1,FALSE
cnsta,125,134,10,-,"","",deletion,296,716,1,FALSE
cnsta,126,134,9,-,"","",deletion,297,725,1,FALSE
cnsta,125,134,10,-,"","",deletion,300,716,1,FALSE
cnsta,126,134,9,-,"","",deletion,301,707,1,FALSE
cnsta,133,137,5,-,"","",deletion,302,725,1,FALSE
cnsta,125,132,8,-,"","",deletion,303,698,1,FALSE
cnsta,126,134,9,-,"","",deletion,304,680,1,FALSE
cnsta,125,134,10,-,"","",deletion,305,716,1,FALSE
cnsta,125,134,10,-,"","",deletion,306,725,1,FALSE
cnsta,125,132,8,-,"","",deletion,307,707,1,FALSE
cnsta,125,132,8,-,"","",deletion,308,689,1,FALSE
cnsta,125,134,10,-,"","",deletion,310,716,1,FALSE
cnsta,124,131,8,-,"","",deletion,311,707,1,FALSE
cnsta,125,134,10,-,"","",deletion,312,716,1,FALSE
cnsta,126,134,9,-,"","",deletion,313,716,1,FALSE
cnsta,125,132,8,-,"","",deletion,314,689,1,FALSE
cnsta,125,134,10,-,"","",deletion,315,698,1,FALSE
cnsta,126,134,9,-,"","",deletion,316,725,1,FALSE
cnsta,125,132,8,-,"","",deletion,317,725,1,FALSE
cnsta,129,131,3,-,"","",deletion,318,725,1,FALSE
cnsta,125,132,8,-,"","",deletion,319,716,1,FALSE
cnsta,133,137,5,-,"","",deletion,320,725,1,FALSE
cnsta,133,137,5,-,"","",deletion,321,716,1,FALSE
cnsta,125,134,10,-,"","",deletion,322,716,1,FALSE
cnsta,125,134,10,-,"","",deletion,323,698,1,FALSE
cnsta,125,134,10,-,"","",deletion,324,725,1,FALSE
cnsta,133,137,5,-,"","",deletion,325,725,1,FALSE
cnsta,126,134,9,-,"","",deletion,326,716,1,FALSE
cnsta,128,134,7,-,"","",deletion,327,725,1,FALSE
cnsta,125,134,10,-,"","",deletion,329,725,1,FALSE
cnsta,125,132,8,-,"","",deletion,330,725,1,FALSE
cnsta,125,134,10,-,"","",deletion,331,716,1,FALSE
cnsta,129,135,7,-,"","",deletion,332,725,1,FALSE
cnsta,129,131,3,-,"","",deletion,334,716,1,FALSE
cnsta,126,134,9,-,"","",deletion,335,725,1,FALSE
cnsta,133,137,5,-,"","",deletion,336,716,1,FALSE
cnsta,125,132,8,-,"","",deletion,338,716,1,FALSE
cnsta,129,135,7,-,"","",deletion,340,707,1,FALSE
cnsta,125,134,10,-,"","",deletion,341,716,1,FALSE
cnsta,129,131,3,-,"","",deletion,343,725,1,FALSE
cnsta,125,134,10,-,"","",deletion,344,716,1,FALSE
cnsta,125,134,10,-,"","",deletion,345,716,1,FALSE
cnsta,125,134,10,-,"","",deletion,346,689,1,FALSE
cnsta,126,134,9,-,"","",deletion,347,725,1,FALSE
cnsta,125,134,10,-,"","",deletion,348,716,1,FALSE
cnsta,125,134,10,-,"","",deletion,349,716,1,FALSE
cnsta,126,134,9,-,"","",deletion,350,716,1,FALSE
cnsta,125,134,10,-,"","",deletion,351,716,1,FALSE
cnsta,125,134,10,-,"","",deletion,352,716,1,FALSE
cnsta,126,134,9,-,"","",deletion,354,725,1,FALSE
cnsta,129,131,3,-,"","",deletion,355,725,1,FALSE
cnsta,129,131,3,-,"","",deletion,356,725,1,FALSE
cnsta,126,134,9,-,"","",deletion,357,716,1,FALSE
cnsta,125,134,10,-,"","",deletion,359,716,1,FALSE
cnsta,125,134,10,-,"","",deletion,360,716,1,FALSE
cnsta,130,132,3,-,"","",deletion,361,707,1,FALSE
cnsta,129,131,3,-,"","",deletion,362,716,1,FALSE
cnsta,125,134,10,-,"","",deletion,363,716,1,FALSE
cnsta,126,134,9,-,"","",deletion,364,680,1,FALSE
cnsta,126,134,9,-,"","",deletion,365,716,1,FALSE
cnsta,125,134,10,-,"","",deletion,367,707,1,FALSE
cnsta,126,134,9,-,"","",deletion,368,725,1,FALSE
cnsta,130,132,3,-,"","",deletion,369,698,1,FALSE
cnsta,125,132,8,-,"","",deletion,370,725,1,FALSE
cnsta,126,134,9,-,"","",deletion,371,707,1,FALSE
cnsta,125,132,8,-,"","",deletion,372,707,1,FALSE
cnsta,126,133,8,-,"","",deletion,373,716,1,FALSE
cnsta,126,134,9,-,"","",deletion,374,716,1,FALSE
cnsta,126,134,9,-,"","",deletion,375,698,1,FALSE
cnsta,125,134,10,-,"","",deletion,376,716,1,FALSE
cnsta,133,137,5,-,"","",deletion,377,725,1,FALSE
cnsta,125,134,10,-,"","",deletion,378,698,1,FALSE
cnsta,126,134,9,-,"","",deletion,379,725,1,FALSE
cnsta,126,134,9,-,"","",deletion,380,689,1,FALSE
cnsta,129,131,3,-,"","",deletion,381,716,1,FALSE
cnsta,125,132,8,-,"","",deletion,382,707,1,FALSE
cnsta,125,134,10,-,"","",deletion,383,707,1,FALSE
cnsta,125,132,8,-,"","",deletion,384,725,1,FALSE
cnsta,126,134,9,-,"","",deletion,385,716,1,FALSE
cnsta,133,137,5,-,"","",deletion,386,716,1,FALSE
cnsta,133,137,5,-,"","",deletion,387,707,1,FALSE
cnsta,129,131,3,-,"","",deletion,388,725,1,FALSE
cnsta,125,134,10,-,"","",deletion,389,689,1,FALSE
cnsta,125,134,10,-,"","",deletion,390,725,1,FALSE
cnsta,126,134,9,-,"","",deletion,391,716,1,FALSE
cnsta,126,134,9,-,"","",deletion,392,707,1,FALSE
cnsta,125,134,10,-,"","",deletion,393,716,1,FALSE
cnsta,125,134,10,-,"","",deletion,394,716,1,FALSE
cnsta,125,134,10,-,"","",deletion,395,716,1,FALSE
cnsta,129,131,3,-,"","",deletion,396,725,1,FALSE
cnsta,125,134,10,-,"","",deletion,397,689,1,FALSE
cnsta,125,134,10,-,"","",deletion,398,725,1,FALSE
cnsta,125,132,8,-,"","",deletion,399,707,1,FALSE
cnsta,125,134,10,-,"","",deletion,400,716,1,FALSE
cnsta,129,131,3,-,"","",deletion,402,716,1,FALSE
cnsta,125,132,8,-,"","",deletion,403,725,1,FALSE
cnsta,126,134,9,-,"","",deletion,404,725,1,FALSE
cnsta,126,134,9,-,"","",deletion,405,707,1,FALSE
cnsta,125,134,10,-,"","",deletion,406,716,1,FALSE
cnsta,125,134,10,-,"","",deletion,407,716,1,FALSE
cnsta,125,134,10,-,"","",deletion,408,707,1,FALSE
cnsta,125,134,10,-,"","",deletion,409,716,1,FALSE
cnsta,125,134,10,-,"","",deletion,410,725,1,FALSE
cnsta,125,134,10,-,"","",deletion,411,716,1,FALSE
cnsta,129,138,10,-,"","",deletion,412,707,1,FALSE
cnsta,125,134,10,-,"","",deletion,413,707,1,FALSE
cnsta,125,134,10,-,"","",deletion,414,698,1,FALSE
cnsta,125,134,10,-,"","",deletion,415,725,1,FALSE
cnsta,125,134,10,-,"","",deletion,416,716,1,FALSE
cnsta,125,134,10,-,"","",deletion,417,716,1,FALSE
cnsta,125,134,10,-,"","",deletion,418,707,1,FALSE
cnsta,125,134,10,-,"","",deletion,419,707,1,FALSE
cnsta,125,134,10,-,"","",deletion,420,716,1,FALSE
cnsta,125,134,10,-,"","",deletion,421,725,1,FALSE
cnsta,125,134,10,-,"","",deletion,422,716,1,FALSE
cnsta,125,134,10,-,"","",deletion,423,725,1,FALSE
cnsta,125,134,10,-,"","",deletion,424,707,1,FALSE
cnsta,125,134,10,-,"","",deletion,425,725,1,FALSE
cnsta,125,134,10,-,"","",deletion,426,707,1,FALSE
cnsta,125,134,10,-,"","",deletion,427,725,1,FALSE
cnsta,125,134,10,-,"","",deletion,428,725,1,FALSE
cnsta,125,134,10,-,"","",deletion,429,698,1,FALSE
cnsta,125,134,10,-,"","",deletion,430,707,1,FALSE
cnsta,125,134,10,-,"","",deletion,431,725,1,FALSE
cnsta,125,134,10,-,"","",deletion,432,680,1,FALSE
cnsta,125,134,10,-,"","",deletion,433,716,1,FALSE
cnsta,125,134,10,-,"","",deletion,434,707,1,FALSE
cnsta,125,134,10,-,"","",deletion,435,707,1,FALSE
cnsta,125,134,10,-,"","",deletion,436,689,1,FALSE
cnsta,125,134,10,-,"","",deletion,437,689,1,FALSE
cnsta,125,134,10,-,"","",deletion,438,707,1,FALSE
cnsta,125,134,10,-,"","",deletion,439,707,1,FALSE
cnsta,125,134,10,-,"","",deletion,440,716,1,FALSE
cnsta,125,134,10,-,"","",deletion,441,698,1,FALSE
cnsta,125,134,10,-,"","",deletion,442,707,1,FALSE
cnsta,125,134,10,-,"","",deletion,443,698,1,FALSE
cnsta,125,134,10,-,"","",deletion,444,698,1,FALSE
cnsta,125,134,10,-,"","",deletion,445,689,1,FALSE
cnsta,125,134,10,-,"","",deletion,446,698,1,FALSE
cnsta,125,134,10,-,"","",deletion,447,689,1,FALSE
cnsta,125,134,10,-,"","",deletion,448,698,1,FALSE
cnsta,125,134,10,-,"","",deletion,449,707,1,FALSE
cnsta,125,134,10,-,"","",deletion,450,689,1,FALSE
cnsta,125,134,10,-,"","",deletion,451,698,1,FALSE
cnsta,125,134,10,-,"","",deletion,452,707,1,FALSE
cnsta,125,134,10,-,"","",deletion,453,698,1,FALSE
cnsta,125,134,10,-,"","",deletion,454,707,1,FALSE
cnsta,125,134,10,-,"","",deletion,455,698,1,FALSE
cnsta,125,134,10,-,"","",deletion,456,716,1,FALSE
cnsta,125,134,10,-,"","",deletion,457,716,1,FALSE
cnsta,125,134,10,-,"","",deletion,458,707,1,FALSE
cnsta,125,134,10,-,"","",deletion,459,716,1,FALSE
cnsta,125,134,10,-,"","",deletion,460,716,1,FALSE
cnsta,125,134,10,-,"","",deletion,461,698,1,FALSE
cnsta,125,134,10,-,"","",deletion,462,698,1,FALSE
cnsta,125,134,10,-,"","",deletion,463,716,1,FALSE
cnsta,125,134,10,-,"","",deletion,464,707,1,FALSE
cnsta,125,134,10,-,"","",deletion,465,707,1,FALSE
cnsta,125,134,10,-,"","",deletion,466,707,1,FALSE
cnsta,125,134,10,-,"","",deletion,467,698,1,FALSE
cnsta,125,134,10,-,"","",deletion,468,698,1,FALSE
cnsta,125,134,10,-,"","",deletion,469,698,1,FALSE
cnsta,125,134,10,-,"","",deletion,470,707,1,FALSE
cnsta,125,134,10,-,"","",deletion,471,698,1,FALSE
cnsta,125,134,10,-,"","",deletion,472,707,1,FALSE
cnsta,125,134,10,-,"","",deletion,473,716,1,FALSE
cnsta,125,134,10,-,"","",deletion,474,716,1,FALSE
cnsta,125,134,10,-,"","",deletion,475,707,1,FALSE
cnsta,125,134,10,-,"","",deletion,476,698,1,FALSE
cnsta,125,134,10,-,"","",deletion,477,707,1,FALSE
cnsta,125,134,10,-,"","",deletion,478,689,1,FALSE
cnsta,125,134,10,-,"","",deletion,479,689,1,FALSE
cnsta,125,134,10,-,"","",deletion,480,689,1,FALSE
cnsta,125,134,10,-,"","",deletion,481,707,1,FALSE
cnsta,125,134,10,-,"","",deletion,482,707,1,FALSE
cnsta,125,134,10,-,"","",deletion,483,698,1,FALSE
cnsta,125,134,10,-,"","",deletion,484,716,1,FALSE
cnsta,125,134,10,-,"","",deletion,485,707,1,FALSE
cnsta,125,134,10,-,"","",deletion,486,707,1,FALSE
cnsta,125,134,10,-,"","",deletion,487,707,1,FALSE
cnsta,125,134,10,-,"","",deletion,488,689,1,FALSE
cnsta,125,134,10,-,"","",deletion,489,698,1,FALSE
cnsta,125,134,10,-,"","",deletion,490,698,1,FALSE
cnsta,125,134,10,-,"","",deletion,491,716,1,FALSE
cnsta,125,134,10,-,"","",deletion,492,707,1,FALSE
cnsta,125,134,10,-,"","",deletion,493,707,1,FALSE
cnsta,125,134,10,-,"","",deletion,494,689,1,FALSE
cnsta,125,134,10,-,"","",deletion,495,698,1,FALSE
cnsta,125,134,10,-,"","",deletion,496,716,1,FALSE
cnsta,125,134,10,-,"","",deletion,497,716,1,FALSE
cnsta,125,134,10,-,"","",deletion,498,707,1,FALSE
cnsta,125,134,10,-,"","",deletion,499,707,1,FALSE
cnsta,125,134,10,-,"","",deletion,500,716,1,FALSE
cnsta,125,134,10,-,"","",deletion,501,716,1,FALSE
cnsta,125,134,10,-,"","",deletion,502,680,1,FALSE
cnsta,125,134,10,-,"","",deletion,503,716,1,FALSE
cnsta,125,134,10,-,"","",deletion,504,707,1,FALSE
cnsta,125,134,10,-,"","",deletion,505,698,1,FALSE
cnsta,125,134,10,-,"","",deletion,506,689,1,FALSE
cnsta,125,134,10,-,"","",deletion,507,707,1,FALSE
cnsta,125,134,10,-,"","",deletion,508,707,1,FALSE
cnsta,128,137,10,-,"","",deletion,509,716,1,FALSE
cnsta,125,134,10,-,"","",deletion,510,707,1,FALSE
cnsta,125,134,10,-,"","",deletion,511,716,1,FALSE
cnsta,125,134,10,-,"","",deletion,512,716,1,FALSE
cnsta,125,134,10,-,"","",deletion,513,698,1,FALSE
cnsta,125,134,10,-,"","",deletion,514,707,1,FALSE
cnsta,125,134,10,-,"","",deletion,515,716,1,FALSE
cnsta,125,134,10,-,"","",deletion,516,716,1,FALSE
cnsta,125,134,10,-,"","",deletion,517,707,1,FALSE
cnsta,125,134,10,-,"","",deletion,518,707,1,FALSE
cnsta,125,134,10,-,"","",deletion,519,716,1,FALSE
cnsta,125,134,10,-,"","",deletion,520,716,1,FALSE
cnsta,129,138,10,-,"","",deletion,521,707,1,FALSE
cnsta,125,134,10,-,"","",deletion,522,707,1,FALSE
cnsta,125,134,10,-,"","",deletion,523,716,1,FALSE
cnsta,125,134,10,-,"","",deletion,524,698,1,FALSE
cnsta,125,134,10,-,"","",deletion,525,707,1,FALSE
cnsta,125,134,10,-,"","",deletion,526,707,1,FALSE
cnsta,125,134,10,-,"","",deletion,527,707,1,FALSE
cnsta,125,134,10,-,"","",deletion,528,707,1,FALSE
cnsta,125,134,10,-,"","",deletion,529,698,1,FALSE
cnsta,123,132,10,-,"","",deletion,530,716,1,FALSE
cnsta,125,134,10,-,"","",deletion,531,716,1,FALSE
cnsta,125,134,10,-,"","",deletion,532,716,1,FALSE
cnsta,125,134,10,-,"","",deletion,533,707,1,FALSE
cnsta,125,134,10,-,"","",deletion,534,716,1,FALSE
cnsta,125,134,10,-,"","",deletion,535,698,1,FALSE
cnsta,125,134,10,-,"","",deletion,536,707,1,FALSE
cnsta,125,134,10,-,"","",deletion,537,716,1,FALSE
cnsta,125,134,10,-,"","",deletion,538,707,1,FALSE
cnsta,125,134,10,-,"","",deletion,539,716,1,FALSE
cnsta,125,134,10,-,"","",deletion,540,698,1,FALSE
cnsta,125,134,10,-,"","",deletion,541,707,1,FALSE
cnsta,125,134,10,-,"","",deletion,542,707,1,FALSE
cnsta,125,134,10,-,"","",deletion,543,716,1,FALSE
cnsta,125,134,10,-,"","",deletion,544,698,1,FALSE
cnsta,125,134,10,-,"","",deletion,545,707,1,FALSE
cnsta,125,134,10,-,"","",deletion,546,716,1,FALSE
cnsta,125,134,10,-,"","",deletion,547,716,1,FALSE
cnsta,128,137,10,-,"","",deletion,548,707,1,FALSE
cnsta,125,134,10,-,"","",deletion,549,707,1,FALSE
cnsta,125,134,10,-,"","",deletion,550,707,1,FALSE
cnsta,125,134,10,-,"","",deletion,551,716,1,FALSE
cnsta,125,134,10,-,"","",deletion,552,716,1,FALSE
cnsta,125,134,10,-,"","",deletion,553,716,1,FALSE
cnsta,125,134,10,-,"","",deletion,554,707,1,FALSE
cnsta,125,134,10,-,"","",deletion,555,716,1,FALSE
cnsta,125,134,10,-,"","",deletion,556,707,1,FALSE
cnsta,125,134,10,-,"","",deletion,557,716,1,FALSE
cnsta,125,134,10,-,"","",deletion,558,707,1,FALSE
cnsta,125,134,10,-,"","",deletion,559,707,1,FALSE
cnsta,125,134,10,-,"","",deletion,560,698,1,FALSE
cnsta,125,134,10,-,"","",deletion,561,716,1,FALSE
cnsta,125,134,10,-,"","",deletion,562,707,1,FALSE
cnsta,125,134,10,-,"","",deletion,563,716,1,FALSE
cnsta,125,134,10,-,"","",deletion,564,698,1,FALSE
cnsta,125,134,10,-,"","",deletion,565,707,1,FALSE
cnsta,125,134,10,-,"","",deletion,566,707,1,FALSE
cnsta,125,134,10,-,"","",deletion,567,716,1,FALSE
cnsta,128,137,10,-,"","",deletion,568,707,1,FALSE
cnsta,125,134,10,-,"","",deletion,569,716,1,FALSE
cnsta,125,134,10,-,"","",deletion,570,716,1,FALSE
cnsta,125,134,10,-,"","",deletion,571,707,1,FALSE
cnsta,125,134,10,-,"","",deletion,572,716,1,FALSE
cnsta,125,134,10,-,"","",deletion,573,716,1,FALSE
cnsta,125,134,10,-,"","",deletion,574,707,1,FALSE
cnsta,125,134,10,-,"","",deletion,575,707,1,FALSE
cnsta,123,132,10,-,"","",deletion,576,716,1,FALSE
cnsta,125,134,10,-,"","",deletion,577,716,1,FALSE
cnsta,125,134,10,-,"","",deletion,578,707,1,FALSE
cnsta,125,134,10,-,"","",deletion,579,716,1,FALSE
cnsta,128,137,10,-,"","",deletion,580,707,1,FALSE
cnsta,128,137,10,-,"","",deletion,581,707,1,FALSE
cnsta,128,137,10,-,"","",deletion,582,725,1,FALSE
cnsta,123,132,10,-,"","",deletion,583,716,1,FALSE
cnsta,125,134,10,-,"","",deletion,584,707,1,FALSE
cnsta,125,134,10,-,"","",deletion,585,698,1,FALSE
cnsta,125,134,10,-,"","",deletion,586,707,1,FALSE
cnsta,125,134,10,-,"","",deletion,587,716,1,FALSE
cnsta,125,134,10,-,"","",deletion,588,707,1,FALSE
cnsta,125,134,10,-,"","",deletion,589,707,1,FALSE
cnsta,125,134,10,-,"","",deletion,590,716,1,FALSE
cnsta,125,134,10,-,"","",deletion,591,716,1,FALSE
cnsta,125,134,10,-,"","",deletion,592,707,1,FALSE
cnsta,125,134,10,-,"","",deletion,593,707,1,FALSE
cnsta,125,134,10,-,"","",deletion,594,707,1,FALSE
cnsta,125,134,10,-,"","",deletion,595,716,1,FALSE
cnsta,125,134,10,-,"","",deletion,596,698,1,FALSE
cnsta,125,134,10,-,"","",deletion,597,716,1,FALSE
cnsta,125,134,10,-,"","",deletion,598,707,1,FALSE
cnsta,125,134,10,-,"","",deletion,599,716,1,FALSE
cnsta,125,134,10,-,"","",deletion,600,707,1,FALSE
cnsta,125,134,10,-,"","",deletion,601,716,1,FALSE
cnsta,125,134,10,-,"","",deletion,602,716,1,FALSE
cnsta,125,134,10,-,"","",deletion,603,707,1,FALSE
cnsta,125,134,10,-,"","",deletion,604,707,1,FALSE
cnsta,125,134,10,-,"","",deletion,605,707,1,FALSE
cnsta,125,134,10,-,"","",deletion,606,716,1,FALSE
cnsta,125,134,10,-,"","",deletion,607,716,1,FALSE
cnsta,125,134,10,-,"","",deletion,608,716,1,FALSE
cnsta,125,134,10,-,"","",deletion,609,716,1,FALSE
cnsta,125,134,10,-,"","",deletion,610,716,1,FALSE
cnsta,125,134,10,-,"","",deletion,611,716,1,FALSE
cnsta,125,134,10,-,"","",deletion,612,716,1,FALSE
cnsta,125,134,10,-,"","",deletion,613,716,1,FALSE
cnsta,125,134,10,-,"","",deletion,614,716,1,FALSE
cnsta,125,134,10,-,"","",deletion,615,707,1,FALSE
cnsta,125,134,10,-,"","",deletion,616,716,1,FALSE
cnsta,125,134,10,-,"","",deletion,617,716,1,FALSE
cnsta,125,134,10,-,"","",deletion,618,716,1,FALSE
cnsta,125,134,10,-,"","",deletion,619,716,1,FALSE
cnsta,125,134,10,-,"","",deletion,620,716,1,FALSE
cnsta,125,134,10,-,"","",deletion,621,716,1,FALSE
cnsta,125,134,10,-,"","",deletion,622,716,1,FALSE
cnsta,125,134,10,-,"","",deletion,623,716,1,FALSE
cnsta,125,134,10,-,"","",deletion,624,716,1,FALSE
cnsta,125,134,10,-,"","",deletion,625,716,1,FALSE
cnsta,125,134,10,-,"","",deletion,626,716,1,FALSE
cnsta,125,134,10,-,"","",deletion,627,716,1,FALSE
cnsta,125,134,10,-,"","",deletion,628,716,1,FALSE
cnsta,125,134,10,-,"","",deletion,629,716,1,FALSE
cnsta,125,134,10,-,"","",deletion,630,707,1,FALSE
cnsta,125,134,10,-,"","",deletion,631,716,1,FALSE
cnsta,125,134,10,-,"","",deletion,632,716,1,FALSE
cnsta,125,134,10,-,"","",deletion,633,716,1,FALSE
cnsta,125,134,10,-,"","",deletion,634,707,1,FALSE
cnsta,125,134,10,-,"","",deletion,635,707,1,FALSE
cnsta,125,134,10,-,"","",deletion,636,716,1,FALSE
cnsta,125,134,10,-,"","",deletion,637,707,1,FALSE
cnsta,125,134,10,-,"","",deletion,638,716,1,FALSE
cnsta,125,134,10,-,"","",deletion,639,716,1,FALSE
cnsta,125,134,10,-,"","",deletion,640,707,1,FALSE
cnsta,125,134,10,-,"","",deletion,641,716,1,FALSE
cnsta,125,134,10,-,"","",deletion,642,716,1,FALSE
cnsta,125,134,10,-,"","",deletion,643,716,1,FALSE
cnsta,125,134,10,-,"","",deletion,644,707,1,FALSE
cnsta,125,134,10,-,"","",deletion,645,716,1,FALSE
cnsta,125,134,10,-,"","",deletion,646,707,1,FALSE
cnsta,125,134,10,-,"","",deletion,647,707,1,FALSE
cnsta,125,134,10,-,"","",deletion,648,707,1,FALSE
cnsta,125,134,10,-,"","",deletion,649,707,1,FALSE
cnsta,125,134,10,-,"","",deletion,650,707,1,FALSE
cnsta,125,134,10,-,"","",deletion,651,716,1,FALSE
cnsta,125,134,10,-,"","",deletion,652,698,1,FALSE
cnsta,125,134,10,-,"","",deletion,653,716,1,FALSE
cnsta,125,134,10,-,"","",deletion,654,698,1,FALSE
cnsta,125,134,10,-,"","",deletion,655,707,1,FALSE
cnsta,125,134,10,-,"","",deletion,656,707,1,FALSE
cnsta,125,134,10,-,"","",deletion,657,707,1,FALSE
cnsta,125,134,10,-,"","",deletion,658,707,1,FALSE
cnsta,125,134,10,-,"","",deletion,659,698,1,FALSE
cnsta,125,134,10,-,"","",deletion,660,707,1,FALSE
cnsta,125,134,10,-,"","",deletion,661,716,1,FALSE
cnsta,125,134,10,-,"","",deletion,662,707,1,FALSE
cnsta,125,134,10,-,"","",deletion,663,716,1,FALSE
cnsta,125,134,10,-,"","",deletion,664,698,1,FALSE
cnsta,125,134,10,-,"","",deletion,665,698,1,FALSE
cnsta,125,134,10,-,"","",deletion,666,707,1,FALSE
cnsta,125,134,10,-,"","",deletion,667,707,1,FALSE
cnsta,125,134,10,-,"","",deletion,668,707,1,FALSE
cnsta,125,134,10,-,"","",deletion,669,716,1,FALSE
cnsta,125,134,10,-,"","",deletion,670,707,1,FALSE
cnsta,128,137,10,-,"","",deletion,671,707,1,FALSE
cnsta,125,134,10,-,"","",deletion,672,698,1,FALSE
cnsta,125,134,10,-,"","",deletion,673,689,1,FALSE
cnsta,125,134,10,-,"","",deletion,674,716,1,FALSE
cnsta,128,137,10,-,"","",deletion,675,707,1,FALSE
cnsta,125,134,10,-,"","",deletion,676,716,1,FALSE
cnsta,125,134,10,-,"","",deletion,677,707,1,FALSE
cnsta,125,134,10,-,"","",deletion,678,716,1,FALSE
cnsta,128,137,10,-,"","",deletion,679,707,1,FALSE
cnsta,125,134,10,-,"","",deletion,680,716,1,FALSE
cnsta,125,134,10,-,"","",deletion,681,698,1,FALSE
cnsta,125,134,10,-,"","",deletion,682,716,1,FALSE
cnsta,125,134,10,-,"","",deletion,683,698,1,FALSE
cnsta,125,134,10,-,"","",deletion,684,707,1,FALSE
cnsta,125,134,10,-,"","",deletion,685,707,1,FALSE
cnsta,125,134,10,-,"","",deletion,686,707,1,FALSE
cnsta,125,134,10,-,"","",deletion,687,707,1,FALSE
cnsta,125,134,10,-,"","",deletion,688,716,1,FALSE
cnsta,125,134,10,-,"","",deletion,689,716,1,FALSE
cnsta,125,134,10,-,"","",deletion,690,707,1,FALSE
cnsta,123,132,10,-,"","",deletion,691,707,1,FALSE
cnsta,125,134,10,-,"","",deletion,692,716,1,FALSE
cnsta,125,134,10,-,"","",deletion,693,698,1,FALSE
cnsta,125,134,10,-,"","",deletion,694,707,1,FALSE
cnsta,125,134,10,-,"","",deletion,695,707,1,FALSE
cnsta,125,134,10,-,"","",deletion,696,716,1,FALSE
cnsta,125,134,10,-,"","",deletion,697,716,1,FALSE
cnsta,125,134,10,-,"","",deletion,698,707,1,FALSE
cnsta,125,134,10,-,"","",deletion,699,716,1,FALSE
cnsta,125,134,10,-,"","",deletion,700,707,1,FALSE
cnsta,125,134,10,-,"","",deletion,701,698,1,FALSE
cnsta,125,134,10,-,"","",deletion,702,707,1,FALSE
cnsta,125,134,10,-,"","",deletion,703,716,1,FALSE
cnsta,125,134,10,-,"","",deletion,704,707,1,FALSE
cnsta,125,134,10,-,"","",deletion,705,707,1,FALSE
cnsta,125,134,10,-,"","",deletion,706,716,1,FALSE
cnsta,125,134,10,-,"","",deletion,707,707,1,FALSE
cnsta,125,134,10,-,"","",deletion,708,707,1,FALSE
cnsta,125,134,10,-,"","",deletion,709,716,1,FALSE
cnsta,125,134,10,-,"","",deletion,710,707,1,FALSE
cnsta,125,134,10,-,"","",deletion,711,716,1,FALSE
cnsta,125,134,10,-,"","",deletion,712,671,1,FALSE
cnsta,125,134,10,-,"","",deletion,713,698,1,FALSE
cnsta,125,134,10,-,"","",deletion,714,716,1,FALSE
cnsta,125,134,10,-,"","",deletion,715,698,1,FALSE
cnsta,125,134,10,-,"","",deletion,716,707,1,FALSE
cnsta,125,134,10,-,"","",deletion,717,707,1,FALSE
cnsta,125,134,10,-,"","",deletion,718,707,1,FALSE
cnsta,125,134,10,-,"","",deletion,719,707,1,FALSE
cnsta,125,134,10,-,"","",deletion,720,689,1,FALSE
cnsta,125,134,10,-,"","",deletion,721,707,1,FALSE
cnsta,125,134,10,-,"","",deletion,722,707,1,FALSE
cnsta,125,134,10,-,"","",deletion,723,689,1,FALSE
cnsta,125,134,10,-,"","",deletion,724,716,1,FALSE
cnsta,125,134,10,-,"","",deletion,725,707,1,FALSE
cnsta,125,134,10,-,"","",deletion,726,707,1,FALSE
cnsta,125,134,10,-,"","",deletion,727,716,1,FALSE
cnsta,125,134,10,-,"","",deletion,728,716,1,FALSE
cnsta,125,134,10,-,"","",deletion,729,707,1,FALSE
cnsta,125,134,10,-,"","",deletion,730,707,1,FALSE
cnsta,125,134,10,-,"","",deletion,731,707,1,FALSE
cnsta,125,134,10,-,"","",deletion,732,707,1,FALSE
cnsta,125,134,10,-,"","",deletion,733,707,1,FALSE
cnsta,125,134,10,-,"","",deletion,734,680,1,FALSE
cnsta,125,134,10,-,"","",deletion,735,698,1,FALSE
cnsta,125,134,10,-,"","",deletion,736,698,1,FALSE
cnsta,125,134,10,-,"","",deletion,737,707,1,FALSE
cnsta,125,134,10,-,"","",deletion,738,707,1,FALSE
cnsta,125,134,10,-,"","",deletion,739,707,1,FALSE
cnsta,125,134,10,-,"","",deletion,740,691,1,FALSE
cnsta,217,217,1,-,"","",deletion,740,691,1,FALSE
cnsta,125,134,10,-,"","",deletion,741,716,1,FALSE
cnsta,125,134,10,-,"","",deletion,742,698,1,FALSE
cnsta,125,134,10,-,"","",deletion,743,707,1,FALSE
cnsta,125,134,10,-,"","",deletion,744,689,1,FALSE
cnsta,125,134,10,-,"","",deletion,745,716,1,FALSE
cnsta,125,134,10,-,"","",deletion,746,698,1,FALSE
cnsta,125,134,10,-,"","",deletion,747,698,1,FALSE
cnsta,125,134,10,-,"","",deletion,748,707,1,FALSE
cnsta,125,134,10,-,"","",deletion,749,707,1,FALSE
cnsta,125,134,10,-,"","",deletion,750,707,1,FALSE
cnsta,125,134,10,-,"","",deletion,751,707,1,FALSE
cnsta,125,134,10,-,"","",deletion,752,716,1,FALSE
cnsta,125,134,10,-,"","",deletion,753,698,1,FALSE
cnsta,125,134,10,-,"","",deletion,754,716,1,FALSE
cnsta,125,134,10,-,"","",deletion,755,707,1,FALSE
cnsta,125,134,10,-,"","",deletion,756,707,1,FALSE
cnsta,125,134,10,-,"","",deletion,757,689,1,FALSE
cnsta,125,134,10,-,"","",deletion,758,707,1,FALSE
cnsta,125,134,10,-,"","",deletion,759,707,1,FALSE
cnsta,125,134,10,-,"","",deletion,760,707,1,FALSE
cnsta,125,134,10,-,"","",deletion,761,716,1,FALSE
cnsta,125,134,10,-,"","",deletion,762,707,1,FALSE
cnsta,125,134,10,-,"","",deletion,763,707,1,FALSE
cnsta,125,134,10,-,"","",deletion,764,707,1,FALSE
cnsta,125,134,10,-,"","",deletion,765,680,1,FALSE
cnsta,125,134,10,-,"","",deletion,766,716,1,FALSE
cnsta,125,134,10,-,"","",deletion,767,707,1,FALSE
cnsta,125,134,10,-,"","",deletion,768,716,1,FALSE
cnsta,125,134,10,-,"","",deletion,769,707,1,FALSE
cnsta,125,134,10,-,"","",deletion,770,716,1,FALSE
cnsta,125,134,10,-,"","",deletion,771,707,1,FALSE
cnsta,125,134,10,-,"","",deletion,772,698,1,FALSE
cnsta,125,134,10,-,"","",deletion,773,698,1,FALSE
cnsta,125,134,10,-,"","",deletion,774,707,1,FALSE
cnsta,125,134,10,-,"","",deletion,775,707,1,FALSE
cnsta,125,134,10,-,"","",deletion,776,707,1,FALSE
cnsta,125,134,10,-,"","",deletion,777,689,1,FALSE
cnsta,125,134,10,-,"","",deletion,778,725,1,FALSE
cnsta,125,134,10,-,"","",deletion,779,707,1,FALSE
cnsta,125,134,10,-,"","",deletion,780,698,1,FALSE
cnsta,125,134,10,-,"","",deletion,781,689,1,FALSE
cnsta,125,134,10,-,"","",deletion,782,707,1,FALSE
cnsta,125,134,10,-,"","",deletion,783,707,1,FALSE
cnsta,125,134,10,-,"","",deletion,784,707,1,FALSE
cnsta,125,134,10,-,"","",deletion,785,698,1,FALSE
cnsta,125,134,10,-,"","",deletion,786,707,1,FALSE
cnsta,125,134,10,-,"","",deletion,787,725,1,FALSE
cnsta,125,134,10,-,"","",deletion,788,707,1,FALSE
cnsta,125,134,10,-,"","",deletion,789,707,1,FALSE
cnsta,125,134,10,-,"","",deletion,790,716,1,FALSE
cnsta,125,134,10,-,"","",deletion,791,716,1,FALSE
cnsta,125,134,10,-,"","",deletion,792,716,1,FALSE
cnsta,125,134,10,-,"","",deletion,793,725,1,FALSE
cnsta,125,134,10,-,"","",deletion,794,707,1,FALSE
cnsta,125,134,10,-,"","",deletion,795,707,1,FALSE
cnsta,125,134,10,-,"","",deletion,796,725,1,FALSE
cnsta,125,134,10,-,"","",deletion,797,707,1,FALSE
cnsta,128,137,10,-,"","",deletion,798,716,1,FALSE
cnsta,125,134,10,-,"","",deletion,799,716,1,FALSE
cnsta,125,134,10,-,"","",deletion,800,725,1,FALSE
cnsta,125,134,10,-,"","",deletion,801,725,1,FALSE
cnsta,125,134,10,-,"","",deletion,802,698,1,FALSE
cnsta,125,134,10,-,"","",deletion,803,707,1,FALSE
cnsta,125,134,10,-,"","",deletion,804,725,1,FALSE
cnsta,125,134,10,-,"","",deletion,805,707,1,FALSE
cnsta,125,134,10,-,"","",deletion,806,725,1,FALSE
cnsta,125,134,10,-,"","",deletion,807,707,1,FALSE
cnsta,125,134,10,-,"","",deletion,808,689,1,FALSE
cnsta,125,134,10,-,"","",deletion,809,716,1,FALSE
cnsta,125,134,10,-,"","",deletion,810,707,1,FALSE
cnsta,125,134,10,-,"","",deletion,811,707,1,FALSE
cnsta,125,134,10,-,"","",deletion,812,716,1,FALSE
cnsta,125,134,10,-,"","",deletion,813,716,1,FALSE
cnsta,125,134,10,-,"","",deletion,814,698,1,FALSE
cnsta,125,134,10,-,"","",deletion,815,716,1,FALSE
cnsta,125,134,10,-,"","",deletion,816,725,1,FALSE
cnsta,133,137,5,-,"","",deletion,817,716,1,FALSE
cnsta,125,134,10,-,"","",deletion,818,716,1,FALSE
cnsta,125,134,10,-,"","",deletion,819,725,1,FALSE
cnsta,125,134,10,-,"","",deletion,820,707,1,FALSE
cnsta,125,134,10,-,"","",deletion,821,707,1,FALSE
cnsta,126,134,9,-,"","",deletion,822,707,1,FALSE
cnsta,126,134,9,-,"","",deletion,823,716,1,FALSE
cnsta,129,131,3,-,"","",deletion,825,725,1,FALSE
cnsta,126,134,9,-,"","",deletion,826,707,1,FALSE
cnsta,126,134,9,-,"","",deletion,827,716,1,FALSE
cnsta,128,136,9,-,"","",deletion,828,716,1,FALSE
cnsta,126,134,9,-,"","",deletion,829,725,1,FALSE
cnsta,126,134,9,-,"","",deletion,830,707,1,FALSE
cnsta,126,134,9,-,"","",deletion,831,707,1,FALSE
cnsta,126,134,9,-,"","",deletion,832,716,1,FALSE
cnsta,126,134,9,-,"","",deletion,833,725,1,FALSE
cnsta,129,137,9,-,"","",deletion,834,698,1,FALSE
cnsta,126,134,9,-,"","",deletion,835,707,1,FALSE
cnsta,126,134,9,-,"","",deletion,836,707,1,FALSE
cnsta,126,134,9,-,"","",deletion,837,707,1,FALSE
cnsta,126,134,9,-,"","",deletion,838,698,1,FALSE
cnsta,126,134,9,-,"","",deletion,839,689,1,FALSE
cnsta,126,134,9,-,"","",deletion,840,707,1,FALSE
cnsta,126,134,9,-,"","",deletion,841,725,1,FALSE
cnsta,126,134,9,-,"","",deletion,842,698,1,FALSE
cnsta,126,134,9,-,"","",deletion,843,689,1,FALSE
cnsta,126,134,9,-,"","",deletion,844,725,1,FALSE
cnsta,128,136,9,-,"","",deletion,845,707,1,FALSE
cnsta,126,134,9,-,"","",deletion,846,716,1,FALSE
cnsta,126,134,9,-,"","",deletion,847,707,1,FALSE
cnsta,126,134,9,-,"","",deletion,848,707,1,FALSE
cnsta,126,134,9,-,"","",deletion,849,716,1,FALSE
cnsta,126,134,9,-,"","",deletion,850,716,1,FALSE
cnsta,126,134,9,-,"","",deletion,851,698,1,FALSE
cnsta,126,134,9,-,"","",deletion,852,698,1,FALSE
cnsta,126,134,9,-,"","",deletion,853,716,1,FALSE
cnsta,126,134,9,-,"","",deletion,854,707,1,FALSE
cnsta,126,134,9,-,"","",deletion,855,716,1,FALSE
cnsta,126,134,9,-,"","",deletion,856,707,1,FALSE
cnsta,126,134,9,-,"","",deletion,857,716,1,FALSE
cnsta,126,134,9,-,"","",deletion,858,707,1,FALSE
cnsta,126,134,9,-,"","",deletion,859,716,1,FALSE
cnsta,126,134,9,-,"","",deletion,860,707,1,FALSE
cnsta,126,134,9,-,"","",deletion,861,707,1,FALSE
cnsta,126,134,9,-,"","",deletion,862,698,1,FALSE
cnsta,126,134,9,-,"","",deletion,863,716,1,FALSE
cnsta,126,134,9,-,"","",deletion,864,716,1,FALSE
cnsta,126,134,9,-,"","",deletion,865,716,1,FALSE
cnsta,126,134,9,-,"","",deletion,866,698,1,FALSE
cnsta,126,134,9,-,"","",deletion,867,716,1,FALSE
cnsta,126,134,9,-,"","",deletion,868,689,1,FALSE
cnsta,126,134,9,-,"","",deletion,869,698,1,FALSE
cnsta,126,134,9,-,"","",deletion,870,707,1,FALSE
cnsta,126,134,9,-,"","",deletion,871,707,1,FALSE
cnsta,126,134,9,-,"","",deletion,872,707,1,FALSE
cnsta,126,134,9,-,"","",deletion,873,698,1,FALSE
cnsta,126,134,9,-,"","",deletion,874,698,1,FALSE
cnsta,126,134,9,-,"","",deletion,875,707,1,FALSE
cnsta,126,134,9,-,"","",deletion,876,716,1,FALSE
cnsta,126,134,9,-,"","",deletion,877,707,1,FALSE
cnsta,126,134,9,-,"","",deletion,878,698,1,FALSE
cnsta,126,134,9,-,"","",deletion,879,689,1,FALSE
cnsta,126,134,9,-,"","",deletion,880,716,1,FALSE
cnsta,126,134,9,-,"","",deletion,881,698,1,FALSE
cnsta,126,134,9,-,"","",deletion,882,716,1,FALSE
cnsta,126,134,9,-,"","",deletion,883,716,1,FALSE
cnsta,126,134,9,-,"","",deletion,884,707,1,FALSE
cnsta,126,134,9,-,"","",deletion,885,716,1,FALSE
cnsta,126,134,9,-,"","",deletion,886,698,1,FALSE
cnsta,126,134,9,-,"","",deletion,887,707,1,FALSE
cnsta,126,134,9,-,"","",deletion,888,707,1,FALSE
cnsta,126,134,9,-,"","",deletion,889,716,1,FALSE
cnsta,126,134,9,-,"","",deletion,890,707,1,FALSE
cnsta,126,134,9,-,"","",deletion,891,716,1,FALSE
cnsta,126,134,9,-,"","",deletion,892,707,1,FALSE
cnsta,126,134,9,-,"","",deletion,893,689,1,FALSE
cnsta,126,134,9,-,"","",deletion,894,716,1,FALSE
cnsta,126,134,9,-,"","",deletion,895,707,1,FALSE
cnsta,126,134,9,-,"","",deletion,896,698,1,FALSE
cnsta,126,134,9,-,"","",deletion,897,689,1,FALSE
cnsta,126,134,9,-,"","",deletion,898,707,1,FALSE
cnsta,126,134,9,-,"","",deletion,899,716,1,FALSE
cnsta,126,134,9,-,"","",deletion,900,689,1,FALSE
cnsta,126,134,9,-,"","",deletion,901,716,1,FALSE
cnsta,126,134,9,-,"","",deletion,902,698,1,FALSE
cnsta,126,134,9,-,"","",deletion,903,716,1,FALSE
cnsta,126,134,9,-,"","",deletion,904,698,1,FALSE
cnsta,126,134,9,-,"","",deletion,905,698,1,FALSE
cnsta,126,134,9,-,"","",deletion,906,698,1,FALSE
cnsta,126,134,9,-,"","",deletion,907,707,1,FALSE
cnsta,126,134,9,-,"","",deletion,908,698,1,FALSE
cnsta,126,134,9,-,"","",deletion,909,707,1,FALSE
cnsta,126,134,9,-,"","",deletion,910,689,1,FALSE
cnsta,126,134,9,-,"","",deletion,911,698,1,FALSE
cnsta,126,134,9,-,"","",deletion,912,716,1,FALSE
cnsta,126,134,9,-,"","",deletion,913,716,1,FALSE
cnsta,126,134,9,-,"","",deletion,914,698,1,FALSE
cnsta,126,134,9,-,"","",deletion,915,716,1,FALSE
cnsta,126,134,9,-,"","",deletion,916,707,1,FALSE
cnsta,126,134,9,-,"","",deletion,917,707,1,FALSE
cnsta,126,134,9,-,"","",deletion,918,716,1,FALSE
cnsta,126,134,9,-,"","",deletion,919,716,1,FALSE
cnsta,126,134,9,-,"","",deletion,920,698,1,FALSE
cnsta,126,134,9,-,"","",deletion,921,707,1,FALSE
cnsta,126,134,9,-,"","",deletion,922,716,1,FALSE
cnsta,128,136,9,-,"","",deletion,923,707,1,FALSE
cnsta,126,134,9,-,"","",deletion,924,707,1,FALSE
cnsta,126,134,9,-,"","",deletion,925,716,1,FALSE
cnsta,126,134,9,-,"","",deletion,926,716,1,FALSE
cnsta,126,134,9,-,"","",deletion,927,698,1,FALSE
cnsta,126,134,9,-,"","",deletion,928,707,1,FALSE
cnsta,126,134,9,-,"","",deletion,929,716,1,FALSE
cnsta,126,134,9,-,"","",deletion,930,716,1,FALSE
cnsta,126,134,9,-,"","",deletion,931,716,1,FALSE
cnsta,126,134,9,-,"","",deletion,932,707,1,FALSE
cnsta,126,134,9,-,"","",deletion,933,707,1,FALSE
cnsta,126,134,9,-,"","",deletion,934,716,1,FALSE
cnsta,126,134,9,-,"","",deletion,935,707,1,FALSE
cnsta,126,134,9,-,"","",deletion,936,707,1,FALSE
cnsta,126,134,9,-,"","",deletion,937,716,1,FALSE
cnsta,126,134,9,-,"","",deletion,938,707,1,FALSE
cnsta,126,134,9,-,"","",deletion,939,707,1,FALSE
cnsta,126,134,9,-,"","",deletion,940,707,1,FALSE
cnsta,126,134,9,-,"","",deletion,941,716,1,FALSE
cnsta,126,134,9,-,"","",deletion,942,707,1,FALSE
cnsta,126,134,9,-,"","",deletion,943,716,1,FALSE
cnsta,126,134,9,-,"","",deletion,944,689,1,FALSE
cnsta,126,134,9,-,"","",deletion,945,716,1,FALSE
cnsta,126,134,9,-,"","",deletion,946,707,1,FALSE
cnsta,126,134,9,-,"","",deletion,947,716,1,FALSE
cnsta,126,134,9,-,"","",deletion,948,698,1,FALSE
cnsta,126,134,9,-,"","",deletion,949,698,1,FALSE
cnsta,126,134,9,-,"","",deletion,950,716,1,FALSE
cnsta,126,134,9,-,"","",deletion,951,707,1,FALSE
cnsta,126,134,9,-,"","",deletion,952,716,1,FALSE
cnsta,126,134,9,-,"","",deletion,953,707,1,FALSE
cnsta,126,134,9,-,"","",deletion,954,707,1,FALSE
cnsta,126,134,9,-,"","",deletion,955,716,1,FALSE
cnsta,126,134,9,-,"","",deletion,956,716,1,FALSE
cnsta,126,134,9,-,"","",deletion,957,707,1,FALSE
cnsta,126,134,9,-,"","",deletion,958,707,1,FALSE
cnsta,126,134,9,-,"","",deletion,959,707,1,FALSE
cnsta,126,134,9,-,"","",deletion,960,707,1,FALSE
cnsta,126,134,9,-,"","",deletion,961,716,1,FALSE
cnsta,126,134,9,-,"","",deletion,962,716,1,FALSE
cnsta,126,134,9,-,"","",deletion,963,698,1,FALSE
cnsta,126,134,9,-,"","",deletion,964,716,1,FALSE
cnsta,126,134,9,-,"","",deletion,965,707,1,FALSE
cnsta,126,134,9,-,"","",deletion,966,707,1,FALSE
cnsta,126,134,9,-,"","",deletion,967,707,1,FALSE
cnsta,126,134,9,-,"","",deletion,968,716,1,FALSE
cnsta,126,134,9,-,"","",deletion,969,716,1,FALSE
cnsta,126,134,9,-,"","",deletion,970,716,1,FALSE
cnsta,126,134,9,-,"","",deletion,971,698,1,FALSE
cnsta,126,134,9,-,"","",deletion,972,707,1,FALSE
cnsta,126,134,9,-,"","",deletion,973,707,1,FALSE
cnsta,126,134,9,-,"","",deletion,974,707,1,FALSE
cnsta,126,134,9,-,"","",deletion,975,707,1,FALSE
cnsta,126,134,9,-,"","",deletion,976,707,1,FALSE
cnsta,126,134,9,-,"","",deletion,977,707,1,FALSE
cnsta,126,134,9,-,"","",deletion,978,716,1,FALSE
cnsta,126,134,9,-,"","",deletion,979,707,1,FALSE
cnsta,126,134,9,-,"","",deletion,980,716,1,FALSE
cnsta,126,134,9,-,"","",deletion,981,707,1,FALSE
cnsta,126,134,9,-,"","",deletion,982,707,1,FALSE
cnsta,126,134,9,-,"","",deletion,983,707,1,FALSE
cnsta,126,134,9,-,"","",deletion,984,707,1,FALSE
cnsta,126,134,9,-,"","",deletion,985,716,1,FALSE
cnsta,126,134,9,-,"","",deletion,986,707,1,FALSE
cnsta,126,134,9,-,"","",deletion,987,716,1,FALSE
cnsta,126,134,9,-,"","",deletion,988,707,1,FALSE
cnsta,126,134,9,-,"","",deletion,989,707,1,FALSE
cnsta,126,134,9,-,"","",deletion,990,716,1,FALSE
cnsta,126,134,9,-,"","",deletion,991,707,1,FALSE
cnsta,126,134,9,-,"","",deletion,992,716,1,FALSE
cnsta,128,136,9,-,"","",deletion,993,698,1,FALSE
cnsta,128,136,9,-,"","",deletion,994,716,1,FALSE
cnsta,128,136,9,-,"","",deletion,995,698,1,FALSE
cnsta,126,134,9,-,"","",deletion,996,716,1,FALSE
cnsta,126,134,9,-,"","",deletion,997,689,1,FALSE
cnsta,126,134,9,-,"","",deletion,998,707,1,FALSE
cnsta,126,134,9,-,"","",deletion,999,716,1,FALSE
cnsta,126,134,9,-,"","",deletion,1000,716,1,FALSE
cnsta,126,134,9,-,"","",deletion,1001,716,1,FALSE
cnsta,126,134,9,-,"","",deletion,1002,716,1,FALSE
cnsta,126,134,9,-,"","",deletion,1003,716,1,FALSE
cnsta,126,134,9,-,"","",deletion,1004,716,1,FALSE
cnsta,126,134,9,-,"","",deletion,1005,716,1,FALSE
cnsta,126,134,9,-,"","",deletion,1006,707,1,FALSE
cnsta,126,134,9,-,"","",deletion,1007,698,1,FALSE
cnsta,126,134,9,-,"","",deletion,1008,707,1,FALSE
cnsta,126,134,9,-,"","",deletion,1009,716,1,FALSE
cnsta,126,134,9,-,"","",deletion,1010,707,1,FALSE
cnsta,126,134,9,-,"","",deletion,1011,716,1,FALSE
cnsta,126,134,9,-,"","",deletion,1012,716,1,FALSE
cnsta,126,134,9,-,"","",deletion,1013,716,1,FALSE
cnsta,126,134,9,-,"","",deletion,1014,716,1,FALSE
cnsta,126,134,9,-,"","",deletion,1015,716,1,FALSE
cnsta,126,134,9,-,"","",deletion,1016,716,1,FALSE
cnsta,126,134,9,-,"","",deletion,1017,716,1,FALSE
cnsta,126,134,9,-,"","",deletion,1018,716,1,FALSE
cnsta,126,134,9,-,"","",deletion,1019,716,1,FALSE
cnsta,126,134,9,-,"","",deletion,1020,716,1,FALSE
cnsta,126,134,9,-,"","",deletion,1021,716,1,FALSE
cnsta,126,134,9,-,"","",deletion,1022,707,1,FALSE
cnsta,126,134,9,-,"","",deletion,1023,716,1,FALSE
cnsta,126,134,9,-,"","",deletion,1024,716,1,FALSE
cnsta,126,134,9,-,"","",deletion,1025,716,1,FALSE
cnsta,126,134,9,-,"","",deletion,1026,716,1,FALSE
cnsta,126,134,9,-,"","",deletion,1027,716,1,FALSE
cnsta,126,134,9,-,"","",deletion,1028,716,1,FALSE
cnsta,126,134,9,-,"","",deletion,1029,716,1,FALSE
cnsta,126,134,9,-,"","",deletion,1030,716,1,FALSE
cnsta,126,134,9,-,"","",deletion,1031,707,1,FALSE
cnsta,126,134,9,-,"","",deletion,1032,716,1,FALSE
cnsta,126,134,9,-,"","",deletion,1033,716,1,FALSE
cnsta,126,134,9,-,"","",deletion,1034,716,1,FALSE
cnsta,126,134,9,-,"","",deletion,1035,716,1,FALSE
cnsta,126,134,9,-,"","",deletion,1036,716,1,FALSE
cnsta,126,134,9,-,"","",deletion,1037,707,1,FALSE
cnsta,126,134,9,-,"","",deletion,1038,707,1,FALSE
cnsta,126,134,9,-,"","",deletion,1039,716,1,FALSE
cnsta,126,134,9,-,"","",deletion,1040,716,1,FALSE
cnsta,126,134,9,-,"","",deletion,1041,716,1,FALSE
cnsta,126,134,9,-,"","",deletion,1042,716,1,FALSE
cnsta,125,133,9,-,"","",deletion,1043,725,1,FALSE
cnsta,129,137,9,-,"","",deletion,1044,707,1,FALSE
cnsta,126,134,9,-,"","",deletion,1045,716,1,FALSE
cnsta,126,134,9,-,"","",deletion,1046,716,1,FALSE
cnsta,126,134,9,-,"","",deletion,1047,716,1,FALSE
cnsta,126,134,9,-,"","",deletion,1048,707,1,FALSE
cnsta,126,134,9,-,"","",deletion,1049,707,1,FALSE
cnsta,126,134,9,-,"","",deletion,1050,716,1,FALSE
cnsta,126,134,9,-,"","",deletion,1051,707,1,FALSE
cnsta,126,134,9,-,"","",deletion,1052,716,1,FALSE
cnsta,126,134,9,-,"","",deletion,1053,698,1,FALSE
cnsta,126,134,9,-,"","",deletion,1054,716,1,FALSE
cnsta,126,134,9,-,"","",deletion,1055,716,1,FALSE
cnsta,126,134,9,-,"","",deletion,1056,698,1,FALSE
cnsta,128,136,9,-,"","",deletion,1057,707,1,FALSE
cnsta,126,134,9,-,"","",deletion,1058,716,1,FALSE
cnsta,126,134,9,-,"","",deletion,1059,716,1,FALSE
cnsta,126,134,9,-,"","",deletion,1060,716,1,FALSE
cnsta,126,134,9,-,"","",deletion,1061,716,1,FALSE
cnsta,126,134,9,-,"","",deletion,1062,716,1,FALSE
cnsta,126,134,9,-,"","",deletion,1063,707,1,FALSE
cnsta,126,134,9,-,"","",deletion,1064,707,1,FALSE
cnsta,126,134,9,-,"","",deletion,1065,707,1,FALSE
cnsta,126,134,9,-,"","",deletion,1066,707,1,FALSE
cnsta,126,134,9,-,"","",deletion,1067,707,1,FALSE
cnsta,126,134,9,-,"","",deletion,1068,707,1,FALSE
cnsta,126,134,9,-,"","",deletion,1069,716,1,FALSE
cnsta,126,134,9,-,"","",deletion,1070,716,1,FALSE
cnsta,126,134,9,-,"","",deletion,1071,707,1,FALSE
cnsta,126,134,9,-,"","",deletion,1072,707,1,FALSE
cnsta,126,134,9,-,"","",deletion,1073,707,1,FALSE
cnsta,126,134,9,-,"","",deletion,1074,707,1,FALSE
cnsta,126,134,9,-,"","",deletion,1075,698,1,FALSE
cnsta,126,134,9,-,"","",deletion,1076,716,1,FALSE
cnsta,126,134,9,-,"","",deletion,1077,698,1,FALSE
cnsta,126,134,9,-,"","",deletion,1078,707,1,FALSE
cnsta,126,134,9,-,"","",deletion,1079,716,1,FALSE
cnsta,126,134,9,-,"","",deletion,1080,707,1,FALSE
cnsta,126,134,9,-,"","",deletion,1081,716,1,FALSE
cnsta,126,134,9,-,"","",deletion,1082,689,1,FALSE
cnsta,126,134,9,-,"","",deletion,1083,707,1,FALSE
cnsta,126,134,9,-,"","",deletion,1084,707,1,FALSE
cnsta,126,134,9,-,"","",deletion,1085,707,1,FALSE
cnsta,126,134,9,-,"","",deletion,1086,707,1,FALSE
cnsta,126,134,9,-,"","",deletion,1087,716,1,FALSE
cnsta,126,134,9,-,"","",deletion,1088,716,1,FALSE
cnsta,126,134,9,-,"","",deletion,1089,716,1,FALSE
cnsta,126,134,9,-,"","",deletion,1090,698,1,FALSE
cnsta,126,134,9,-,"","",deletion,1091,707,1,FALSE
cnsta,126,134,9,-,"","",deletion,1092,716,1,FALSE
cnsta,126,134,9,-,"","",deletion,1093,707,1,FALSE
cnsta,126,134,9,-,"","",deletion,1094,716,1,FALSE
cnsta,126,134,9,-,"","",deletion,1095,716,1,FALSE
cnsta,126,134,9,-,"","",deletion,1096,707,1,FALSE
cnsta,126,134,9,-,"","",deletion,1097,707,1,FALSE
cnsta,126,134,9,-,"","",deletion,1098,698,1,FALSE
cnsta,126,134,9,-,"","",deletion,1099,707,1,FALSE
cnsta,126,134,9,-,"","",deletion,1100,689,1,FALSE
cnsta,126,134,9,-,"","",deletion,1101,716,1,FALSE
cnsta,126,134,9,-,"","",deletion,1102,707,1,FALSE
cnsta,126,134,9,-,"","",deletion,1103,698,1,FALSE
cnsta,126,134,9,-,"","",deletion,1104,716,1,FALSE
cnsta,126,134,9,-,"","",deletion,1105,707,1,FALSE
cnsta,126,134,9,-,"","",deletion,1106,689,1,FALSE
cnsta,126,134,9,-,"","",deletion,1107,698,1,FALSE
cnsta,126,134,9,-,"","",deletion,1108,707,1,FALSE
cnsta,126,134,9,-,"","",deletion,1109,707,1,FALSE
cnsta,126,134,9,-,"","",deletion,1110,716,1,FALSE
cnsta,126,134,9,-,"","",deletion,1111,707,1,FALSE
cnsta,126,134,9,-,"","",deletion,1112,707,1,FALSE
cnsta,126,134,9,-,"","",deletion,1113,689,1,FALSE
cnsta,126,134,9,-,"","",deletion,1114,707,1,FALSE
cnsta,126,134,9,-,"","",deletion,1115,707,1,FALSE
cnsta,126,134,9,-,"","",deletion,1116,707,1,FALSE
cnsta,126,134,9,-,"","",deletion,1117,707,1,FALSE
cnsta,126,134,9,-,"","",deletion,1118,707,1,FALSE
cnsta,126,134,9,-,"","",deletion,1119,698,1,FALSE
cnsta,126,134,9,-,"","",deletion,1120,716,1,FALSE
cnsta,126,134,9,-,"","",deletion,1121,698,1,FALSE
cnsta,126,134,9,-,"","",deletion,1122,680,1,FALSE
cnsta,126,134,9,-,"","",deletion,1123,707,1,FALSE
cnsta,126,134,9,-,"","",deletion,1124,716,1,FALSE
cnsta,126,134,9,-,"","",deletion,1125,716,1,FALSE
cnsta,126,134,9,-,"","",deletion,1126,716,1,FALSE
cnsta,126,134,9,-,"","",deletion,1127,716,1,FALSE
cnsta,126,134,9,-,"","",deletion,1128,716,1,FALSE
cnsta,126,134,9,-,"","",deletion,1129,716,1,FALSE
cnsta,126,134,9,-,"","",deletion,1130,689,1,FALSE
cnsta,126,134,9,-,"","",deletion,1131,716,1,FALSE
cnsta,126,134,9,-,"","",deletion,1132,716,1,FALSE
cnsta,126,134,9,-,"","",deletion,1133,707,1,FALSE
cnsta,126,134,9,-,"","",deletion,1134,689,1,FALSE
cnsta,126,134,9,-,"","",deletion,1135,707,1,FALSE
cnsta,126,134,9,-,"","",deletion,1136,716,1,FALSE
cnsta,126,134,9,-,"","",deletion,1137,698,1,FALSE
cnsta,126,134,9,-,"","",deletion,1138,698,1,FALSE
cnsta,126,134,9,-,"","",deletion,1139,725,1,FALSE
cnsta,126,134,9,-,"","",deletion,1140,707,1,FALSE
cnsta,126,134,9,-,"","",deletion,1141,689,1,FALSE
cnsta,126,134,9,-,"","",deletion,1142,716,1,FALSE
cnsta,126,134,9,-,"","",deletion,1143,716,1,FALSE
cnsta,126,134,9,-,"","",deletion,1144,707,1,FALSE
cnsta,126,134,9,-,"","",deletion,1145,716,1,FALSE
cnsta,126,134,9,-,"","",deletion,1146,698,1,FALSE
cnsta,126,134,9,-,"","",deletion,1147,716,1,FALSE
cnsta,126,134,9,-,"","",deletion,1148,725,1,FALSE
cnsta,126,134,9,-,"","",deletion,1149,716,1,FALSE
cnsta,126,134,9,-,"","",deletion,1150,716,1,FALSE
cnsta,126,134,9,-,"","",deletion,1151,716,1,FALSE
cnsta,126,134,9,-,"","",deletion,1152,698,1,FALSE
cnsta,126,134,9,-,"","",deletion,1153,725,1,FALSE
cnsta,126,134,9,-,"","",deletion,1154,716,1,FALSE
cnsta,126,134,9,-,"","",deletion,1155,716,1,FALSE
cnsta,126,134,9,-,"","",deletion,1156,725,1,FALSE
cnsta,126,134,9,-,"","",deletion,1157,716,1,FALSE
cnsta,126,134,9,-,"","",deletion,1158,698,1,FALSE
cnsta,126,134,9,-,"","",deletion,1159,698,1,FALSE
cnsta,126,134,9,-,"","",deletion,1160,725,1,FALSE
cnsta,126,134,9,-,"","",deletion,1161,725,1,FALSE
cnsta,126,134,9,-,"","",deletion,1162,689,1,FALSE
cnsta,126,134,9,-,"","",deletion,1163,725,1,FALSE
cnsta,126,134,9,-,"","",deletion,1164,716,1,FALSE
cnsta,126,134,9,-,"","",deletion,1165,716,1,FALSE
cnsta,126,134,9,-,"","",deletion,1166,707,1,FALSE
cnsta,133,137,5,-,"","",deletion,1167,725,1,FALSE
cnsta,126,134,9,-,"","",deletion,1168,725,1,FALSE
cnsta,126,134,9,-,"","",deletion,1169,707,1,FALSE
cnsta,133,137,5,-,"","",deletion,1174,725,1,FALSE
cnsta,128,134,7,-,"","",deletion,1175,716,1,FALSE
cnsta,125,134,10,-,"","",deletion,1176,707,1,FALSE
cnsta,128,134,7,-,"","",deletion,1177,689,1,FALSE
cnsta,128,134,7,-,"","",deletion,1178,725,1,FALSE
cnsta,128,134,7,-,"","",deletion,1179,716,1,FALSE
cnsta,128,134,7,-,"","",deletion,1180,689,1,FALSE
cnsta,128,134,7,-,"","",deletion,1181,707,1,FALSE
cnsta,128,134,7,-,"","",deletion,1182,707,1,FALSE
cnsta,128,134,7,-,"","",deletion,1183,707,1,FALSE
cnsta,128,134,7,-,"","",deletion,1184,707,1,FALSE
cnsta,128,134,7,-,"","",deletion,1185,716,1,FALSE
cnsta,128,134,7,-,"","",deletion,1186,716,1,FALSE
cnsta,128,134,7,-,"","",deletion,1187,716,1,FALSE
cnsta,128,134,7,-,"","",deletion,1188,707,1,FALSE
cnsta,128,134,7,-,"","",deletion,1189,707,1,FALSE
cnsta,128,134,7,-,"","",deletion,1190,716,1,FALSE
cnsta,128,134,7,-,"","",deletion,1191,698,1,FALSE
cnsta,128,134,7,-,"","",deletion,1192,698,1,FALSE
cnsta,128,134,7,-,"","",deletion,1193,698,1,FALSE
cnsta,128,134,7,-,"","",deletion,1194,716,1,FALSE
cnsta,128,134,7,-,"","",deletion,1195,707,1,FALSE
cnsta,128,134,7,-,"","",deletion,1196,689,1,FALSE
cnsta,128,134,7,-,"","",deletion,1197,698,1,FALSE
cnsta,128,134,7,-,"","",deletion,1198,716,1,FALSE
cnsta,128,134,7,-,"","",deletion,1199,716,1,FALSE
cnsta,128,134,7,-,"","",deletion,1200,716,1,FALSE
cnsta,128,134,7,-,"","",deletion,1201,716,1,FALSE
cnsta,127,133,7,-,"","",deletion,1202,698,1,FALSE
cnsta,128,134,7,-,"","",deletion,1203,716,1,FALSE
cnsta,128,134,7,-,"","",deletion,1204,707,1,FALSE
cnsta,128,134,7,-,"","",deletion,1205,698,1,FALSE
cnsta,128,134,7,-,"","",deletion,1206,707,1,FALSE
cnsta,128,134,7,-,"","",deletion,1207,698,1,FALSE
cnsta,128,134,7,-,"","",deletion,1208,707,1,FALSE
cnsta,128,134,7,-,"","",deletion,1209,707,1,FALSE
cnsta,128,134,7,-,"","",deletion,1210,716,1,FALSE
cnsta,128,134,7,-,"","",deletion,1211,707,1,FALSE
cnsta,128,134,7,-,"","",deletion,1212,716,1,FALSE
cnsta,128,134,7,-,"","",deletion,1213,707,1,FALSE
cnsta,129,135,7,-,"","",deletion,1214,707,1,FALSE
cnsta,128,134,7,-,"","",deletion,1215,716,1,FALSE
cnsta,128,134,7,-,"","",deletion,1216,707,1,FALSE
cnsta,128,134,7,-,"","",deletion,1217,716,1,FALSE
cnsta,128,134,7,-,"","",deletion,1218,698,1,FALSE
cnsta,128,134,7,-,"","",deletion,1219,716,1,FALSE
cnsta,128,134,7,-,"","",deletion,1220,716,1,FALSE
cnsta,128,134,7,-,"","",deletion,1221,716,1,FALSE
cnsta,128,134,7,-,"","",deletion,1222,716,1,FALSE
cnsta,128,134,7,-,"","",deletion,1223,716,1,FALSE
cnsta,128,134,7,-,"","",deletion,1224,707,1,FALSE
cnsta,128,134,7,-,"","",deletion,1225,716,1,FALSE
cnsta,128,134,7,-,"","",deletion,1226,716,1,FALSE
cnsta,128,134,7,-,"","",deletion,1227,716,1,FALSE
cnsta,128,134,7,-,"","",deletion,1228,707,1,FALSE
cnsta,128,134,7,-,"","",deletion,1229,716,1,FALSE
cnsta,128,134,7,-,"","",deletion,1230,707,1,FALSE
cnsta,128,134,7,-,"","",deletion,1231,716,1,FALSE
cnsta,128,134,7,-,"","",deletion,1232,716,1,FALSE
cnsta,128,134,7,-,"","",deletion,1233,707,1,FALSE
cnsta,128,134,7,-,"","",deletion,1234,716,1,FALSE
cnsta,128,134,7,-,"","",deletion,1235,716,1,FALSE
cnsta,128,134,7,-,"","",deletion,1236,707,1,FALSE
cnsta,128,134,7,-,"","",deletion,1237,707,1,FALSE
cnsta,128,134,7,-,"","",deletion,1238,707,1,FALSE
cnsta,128,134,7,-,"","",deletion,1239,716,1,FALSE
cnsta,128,134,7,-,"","",deletion,1240,707,1,FALSE
cnsta,128,134,7,-,"","",deletion,1241,716,1,FALSE
cnsta,128,134,7,-,"","",deletion,1242,716,1,FALSE
cnsta,128,134,7,-,"","",deletion,1243,707,1,FALSE
cnsta,128,134,7,-,"","",deletion,1244,716,1,FALSE
cnsta,128,134,7,-,"","",deletion,1245,716,1,FALSE
cnsta,128,134,7,-,"","",deletion,1246,707,1,FALSE
cnsta,128,134,7,-,"","",deletion,1247,716,1,FALSE
cnsta,128,134,7,-,"","",deletion,1248,716,1,FALSE
cnsta,128,134,7,-,"","",deletion,1249,707,1,FALSE
cnsta,128,134,7,-,"","",deletion,1250,716,1,FALSE
cnsta,128,134,7,-,"","",deletion,1251,716,1,FALSE
cnsta,128,134,7,-,"","",deletion,1252,689,1,FALSE
cnsta,128,134,7,-,"","",deletion,1253,725,1,FALSE
cnsta,128,134,7,-,"","",deletion,1254,725,1,FALSE
cnsta,129,131,3,-,"","",deletion,1255,707,1,FALSE
cnsta,133,137,5,-,"","",deletion,1256,707,1,FALSE
cnsta,129,131,3,-,"","",deletion,1257,716,1,FALSE
cnsta,133,137,5,-,"","",deletion,1259,707,1,FALSE
cnsta,133,137,5,-,"","",deletion,1261,716,1,FALSE
cnsta,133,137,5,-,"","",deletion,1262,725,1,FALSE
cnsta,133,137,5,-,"","",deletion,1263,707,1,FALSE
cnsta,133,137,5,-,"","",deletion,1264,707,1,FALSE
cnsta,133,137,5,-,"","",deletion,1265,716,1,FALSE
cnsta,133,137,5,-,"","",deletion,1266,725,1,FALSE
cnsta,133,137,5,-,"","",deletion,1267,725,1,FALSE
cnsta,133,137,5,-,"","",deletion,1268,707,1,FALSE
cnsta,133,137,5,-,"","",deletion,1269,698,1,FALSE
cnsta,133,137,5,-,"","",deletion,1270,707,1,FALSE
cnsta,133,137,5,-,"","",deletion,1271,707,1,FALSE
cnsta,133,137,5,-,"","",deletion,1272,716,1,FALSE
cnsta,133,137,5,-,"","",deletion,1273,689,1,FALSE
cnsta,133,137,5,-,"","",deletion,1274,689,1,FALSE
cnsta,133,137,5,-,"","",deletion,1275,716,1,FALSE
cnsta,133,137,5,-,"","",deletion,1276,716,1,FALSE
cnsta,133,137,5,-,"","",deletion,1277,716,1,FALSE
cnsta,133,137,5,-,"","",deletion,1278,707,1,FALSE
cnsta,133,137,5,-,"","",deletion,1279,716,1,FALSE
cnsta,133,137,5,-,"","",deletion,1280,707,1,FALSE
cnsta,133,137,5,-,"","",deletion,1281,716,1,FALSE
cnsta,133,137,5,-,"","",deletion,1282,716,1,FALSE
cnsta,133,137,5,-,"","",deletion,1283,716,1,FALSE
cnsta,133,137,5,-,"","",deletion,1284,698,1,FALSE
cnsta,133,137,5,-,"","",deletion,1285,698,1,FALSE
cnsta,133,137,5,-,"","",deletion,1286,707,1,FALSE
cnsta,133,137,5,-,"","",deletion,1287,698,1,FALSE
cnsta,133,137,5,-,"","",deletion,1288,707,1,FALSE
cnsta,133,137,5,-,"","",deletion,1289,716,1,FALSE
cnsta,133,137,5,-,"","",deletion,1290,707,1,FALSE
cnsta,133,137,5,-,"","",deletion,1291,716,1,FALSE
cnsta,133,137,5,-,"","",deletion,1292,707,1,FALSE
cnsta,133,137,5,-,"","",deletion,1293,698,1,FALSE
cnsta,133,137,5,-,"","",deletion,1294,716,1,FALSE
cnsta,133,137,5,-,"","",deletion,1295,716,1,FALSE
cnsta,133,137,5,-,"","",deletion,1296,698,1,FALSE
cnsta,133,137,5,-,"","",deletion,1297,716,1,FALSE
cnsta,133,137,5,-,"","",deletion,1298,707,1,FALSE
cnsta,133,137,5,-,"","",deletion,1299,707,1,FALSE
cnsta,133,137,5,-,"","",deletion,1300,707,1,FALSE
cnsta,133,137,5,-,"","",deletion,1301,698,1,FALSE
cnsta,133,137,5,-,"","",deletion,1302,707,1,FALSE
cnsta,133,137,5,-,"","",deletion,1303,716,1,FALSE
cnsta,133,137,5,-,"","",deletion,1304,707,1,FALSE
cnsta,133,137,5,-,"","",deletion,1305,716,1,FALSE
cnsta,133,137,5,-,"","",deletion,1306,707,1,FALSE
cnsta,133,137,5,-,"","",deletion,1307,707,1,FALSE
cnsta,133,137,5,-,"","",deletion,1308,707,1,FALSE
cnsta,133,137,5,-,"","",deletion,1309,716,1,FALSE
cnsta,133,137,5,-,"","",deletion,1310,716,1,FALSE
cnsta,133,137,5,-,"","",deletion,1311,707,1,FALSE
cnsta,133,137,5,-,"","",deletion,1312,716,1,FALSE
cnsta,133,137,5,-,"","",deletion,1313,716,1,FALSE
cnsta,133,137,5,-,"","",deletion,1314,716,1,FALSE
cnsta,133,137,5,-,"","",deletion,1315,716,1,FALSE
cnsta,133,137,5,-,"","",deletion,1316,707,1,FALSE
cnsta,133,137,5,-,"","",deletion,1317,716,1,FALSE
cnsta,133,137,5,-,"","",deletion,1318,707,1,FALSE
cnsta,133,137,5,-,"","",deletion,1319,707,1,FALSE
cnsta,133,137,5,-,"","",deletion,1320,716,1,FALSE
cnsta,133,137,5,-,"","",deletion,1321,716,1,FALSE
cnsta,133,137,5,-,"","",deletion,1322,716,1,FALSE
cnsta,133,137,5,-,"","",deletion,1323,716,1,FALSE
cnsta,133,137,5,-,"","",deletion,1324,716,1,FALSE
cnsta,133,137,5,-,"","",deletion,1325,707,1,FALSE
cnsta,133,137,5,-,"","",deletion,1326,716,1,FALSE
cnsta,133,137,5,-,"","",deletion,1327,716,1,FALSE
cnsta,133,137,5,-,"","",deletion,1328,716,1,FALSE
cnsta,133,137,5,-,"","",deletion,1329,716,1,FALSE
cnsta,133,137,5,-,"","",deletion,1330,716,1,FALSE
cnsta,133,137,5,-,"","",deletion,1331,716,1,FALSE
cnsta,133,137,5,-,"","",deletion,1332,716,1,FALSE
cnsta,133,137,5,-,"","",deletion,1333,716,1,FALSE
cnsta,133,137,5,-,"","",deletion,1334,716,1,FALSE
cnsta,133,137,5,-,"","",deletion,1335,716,1,FALSE
cnsta,133,137,5,-,"","",deletion,1336,716,1,FALSE
cnsta,133,137,5,-,"","",deletion,1337,707,1,FALSE
cnsta,133,137,5,-,"","",deletion,1338,716,1,FALSE
cnsta,133,137,5,-,"","",deletion,1339,698,1,FALSE
cnsta,133,137,5,-,"","",deletion,1340,716,1,FALSE
cnsta,133,137,5,-,"","",deletion,1341,716,1,FALSE
cnsta,133,137,5,-,"","",deletion,1342,716,1,FALSE
cnsta,133,137,5,-,"","",deletion,1343,707,1,FALSE
cnsta,133,137,5,-,"","",deletion,1344,707,1,FALSE
cnsta,133,137,5,-,"","",deletion,1345,716,1,FALSE
cnsta,133,137,5,-,"","",deletion,1346,698,1,FALSE
cnsta,133,137,5,-,"","",deletion,1347,707,1,FALSE
cnsta,133,137,5,-,"","",deletion,1348,716,1,FALSE
cnsta,133,137,5,-,"","",deletion,1349,716,1,FALSE
cnsta,133,137,5,-,"","",deletion,1350,716,1,FALSE
cnsta,133,137,5,-,"","",deletion,1351,707,1,FALSE
cnsta,133,137,5,-,"","",deletion,1352,707,1,FALSE
cnsta,133,137,5,-,"","",deletion,1353,716,1,FALSE
cnsta,133,137,5,-,"","",deletion,1354,698,1,FALSE
cnsta,133,137,5,-,"","",deletion,1355,698,1,FALSE
cnsta,133,137,5,-,"","",deletion,1356,716,1,FALSE
cnsta,133,137,5,-,"","",deletion,1357,707,1,FALSE
cnsta,133,137,5,-,"","",deletion,1358,698,1,FALSE
cnsta,133,137,5,-,"","",deletion,1359,689,1,FALSE
cnsta,133,137,5,-,"","",deletion,1360,707,1,FALSE
cnsta,133,137,5,-,"","",deletion,1361,707,1,FALSE
cnsta,133,137,5,-,"","",deletion,1362,698,1,FALSE
cnsta,133,137,5,-,"","",deletion,1363,716,1,FALSE
cnsta,133,137,5,-,"","",deletion,1364,707,1,FALSE
cnsta,133,137,5,-,"","",deletion,1365,716,1,FALSE
cnsta,133,137,5,-,"","",deletion,1366,698,1,FALSE
cnsta,133,137,5,-,"","",deletion,1367,689,1,FALSE
cnsta,133,137,5,-,"","",deletion,1368,707,1,FALSE
cnsta,133,137,5,-,"","",deletion,1369,707,1,FALSE
cnsta,133,137,5,-,"","",deletion,1370,689,1,FALSE
cnsta,133,137,5,-,"","",deletion,1371,716,1,FALSE
cnsta,133,137,5,-,"","",deletion,1372,716,1,FALSE
cnsta,133,137,5,-,"","",deletion,1373,698,1,FALSE
cnsta,133,137,5,-,"","",deletion,1374,716,1,FALSE
cnsta,133,137,5,-,"","",deletion,1375,716,1,FALSE
cnsta,133,137,5,-,"","",deletion,1376,698,1,FALSE
cnsta,133,137,5,-,"","",deletion,1377,707,1,FALSE
cnsta,133,137,5,-,"","",deletion,1378,707,1,FALSE
cnsta,133,137,5,-,"","",deletion,1379,716,1,FALSE
cnsta,133,137,5,-,"","",deletion,1380,707,1,FALSE
cnsta,133,137,5,-,"","",deletion,1381,698,1,FALSE
cnsta,133,137,5,-,"","",deletion,1382,716,1,FALSE
cnsta,133,137,5,-,"","",deletion,1383,725,1,FALSE
cnsta,133,137,5,-,"","",deletion,1384,716,1,FALSE
cnsta,133,137,5,-,"","",deletion,1385,725,1,FALSE
cnsta,133,137,5,-,"","",deletion,1386,707,1,FALSE
cnsta,133,137,5,-,"","",deletion,1387,716,1,FALSE
cnsta,133,137,5,-,"","",deletion,1388,698,1,FALSE
cnsta,133,137,5,-,"","",deletion,1389,725,1,FALSE
cnsta,133,134,2,-,"","",deletion,1390,707,1,FALSE
cnsta,133,134,2,-,"","",deletion,1391,707,1,FALSE
cnsta,133,134,2,-,"","",deletion,1392,716,1,FALSE
cnsta,133,139,7,-,"","",deletion,1393,707,1,FALSE
cnsta,133,139,7,-,"","",deletion,1394,707,1,FALSE
cnsta,133,139,7,-,"","",deletion,1395,716,1,FALSE
cnsta,133,137,5,-,"","",deletion,1565,716,1,FALSE
cnsta,129,131,3,-,"","",deletion,1566,716,1,FALSE
cnsta,129,131,3,-,"","",deletion,1571,725,1,FALSE
cnsta,129,135,7,-,"","",deletion,1572,689,1,FALSE
cnsta,129,135,7,-,"","",deletion,1573,698,1,FALSE
cnsta,129,135,7,-,"","",deletion,1574,716,1,FALSE
cnsta,129,135,7,-,"","",deletion,1575,707,1,FALSE
cnsta,129,135,7,-,"","",deletion,1576,689,1,FALSE
cnsta,129,135,7,-,"","",deletion,1577,698,1,FALSE
cnsta,129,135,7,-,"","",deletion,1578,716,1,FALSE
cnsta,129,135,7,-,"","",deletion,1579,716,1,FALSE
cnsta,129,135,7,-,"","",deletion,1580,698,1,FALSE
cnsta,129,135,7,-,"","",deletion,1581,707,1,FALSE
cnsta,129,135,7,-,"","",deletion,1582,707,1,FALSE
cnsta,129,135,7,-,"","",deletion,1583,716,1,FALSE
cnsta,129,135,7,-,"","",deletion,1584,716,1,FALSE
cnsta,129,135,7,-,"","",deletion,1585,707,1,FALSE
cnsta,129,135,7,-,"","",deletion,1586,716,1,FALSE
cnsta,129,135,7,-,"","",deletion,1587,716,1,FALSE
cnsta,129,135,7,-,"","",deletion,1588,716,1,FALSE
cnsta,129,135,7,-,"","",deletion,1589,716,1,FALSE
cnsta,129,135,7,-,"","",deletion,1590,716,1,FALSE
cnsta,129,135,7,-,"","",deletion,1591,716,1,FALSE
cnsta,129,135,7,-,"","",deletion,1592,707,1,FALSE
cnsta,129,135,7,-,"","",deletion,1593,716,1,FALSE
cnsta,129,135,7,-,"","",deletion,1594,716,1,FALSE
cnsta,129,135,7,-,"","",deletion,1595,716,1,FALSE
cnsta,129,135,7,-,"","",deletion,1596,716,1,FALSE
cnsta,129,135,7,-,"","",deletion,1597,716,1,FALSE
cnsta,129,135,7,-,"","",deletion,1598,707,1,FALSE
cnsta,128,134,7,-,"","",deletion,1599,725,1,FALSE
cnsta,129,135,7,-,"","",deletion,1600,707,1,FALSE
cnsta,129,135,7,-,"","",deletion,1601,707,1,FALSE
cnsta,129,135,7,-,"","",deletion,1602,716,1,FALSE
cnsta,128,134,7,-,"","",deletion,1603,698,1,FALSE
cnsta,129,135,7,-,"","",deletion,1604,716,1,FALSE
cnsta,129,135,7,-,"","",deletion,1605,716,1,FALSE
cnsta,129,135,7,-,"","",deletion,1606,716,1,FALSE
cnsta,129,135,7,-,"","",deletion,1607,707,1,FALSE
cnsta,129,135,7,-,"","",deletion,1608,716,1,FALSE
cnsta,129,135,7,-,"","",deletion,1609,707,1,FALSE
cnsta,129,131,3,-,"","",deletion,1610,707,1,FALSE
cnsta,129,131,3,-,"","",deletion,1611,725,1,FALSE
cnsta,129,131,3,-,"","",deletion,1612,716,1,FALSE
cnsta,129,131,3,-,"","",deletion,1613,716,1,FALSE
cnsta,129,131,3,-,"","",deletion,1614,716,1,FALSE
cnsta,129,131,3,-,"","",deletion,1615,716,1,FALSE
cnsta,129,131,3,-,"","",deletion,1616,725,1,FALSE
cnsta,129,131,3,-,"","",deletion,1617,725,1,FALSE
cnsta,129,131,3,-,"","",deletion,1618,716,1,FALSE
cnsta,129,131,3,-,"","",deletion,1619,698,1,FALSE
cnsta,129,131,3,-,"","",deletion,1620,698,1,FALSE
cnsta,129,131,3,-,"","",deletion,1621,716,1,FALSE
cnsta,129,131,3,-,"","",deletion,1622,707,1,FALSE
cnsta,129,131,3,-,"","",deletion,1623,689,1,FALSE
cnsta,129,131,3,-,"","",deletion,1624,707,1,FALSE
cnsta,129,131,3,-,"","",deletion,1625,698,1,FALSE
cnsta,129,131,3,-,"","",deletion,1626,689,1,FALSE
cnsta,129,131,3,-,"","",deletion,1627,707,1,FALSE
cnsta,129,131,3,-,"","",deletion,1628,716,1,FALSE
cnsta,129,131,3,-,"","",deletion,1629,698,1,FALSE
cnsta,129,131,3,-,"","",deletion,1630,680,1,FALSE
cnsta,129,131,3,-,"","",deletion,1631,707,1,FALSE
cnsta,129,131,3,-,"","",deletion,1632,707,1,FALSE
cnsta,129,131,3,-,"","",deletion,1633,716,1,FALSE
cnsta,129,131,3,-,"","",deletion,1634,707,1,FALSE
cnsta,129,131,3,-,"","",deletion,1635,707,1,FALSE
cnsta,129,131,3,-,"","",deletion,1636,716,1,FALSE
cnsta,129,131,3,-,"","",deletion,1637,707,1,FALSE
cnsta,129,131,3,-,"","",deletion,1638,698,1,FALSE
cnsta,129,131,3,-,"","",deletion,1639,698,1,FALSE
cnsta,129,131,3,-,"","",deletion,1640,707,1,FALSE
cnsta,129,131,3,-,"","",deletion,1641,716,1,FALSE
cnsta,129,131,3,-,"","",deletion,1642,707,1,FALSE
cnsta,129,131,3,-,"","",deletion,1643,716,1,FALSE
cnsta,129,131,3,-,"","",deletion,1644,716,1,FALSE
cnsta,129,131,3,-,"","",deletion,1645,680,1,FALSE
cnsta,129,131,3,-,"","",deletion,1646,716,1,FALSE
cnsta,129,131,3,-,"","",deletion,1647,716,1,FALSE
cnsta,129,131,3,-,"","",deletion,1648,707,1,FALSE
cnsta,129,131,3,-,"","",deletion,1649,707,1,FALSE
cnsta,129,131,3,-,"","",deletion,1650,689,1,FALSE
cnsta,128,130,3,-,"","",deletion,1651,698,1,FALSE
cnsta,129,131,3,-,"","",deletion,1652,698,1,FALSE
cnsta,129,131,3,-,"","",deletion,1653,707,1,FALSE
cnsta,129,131,3,-,"","",deletion,1654,689,1,FALSE
cnsta,129,131,3,-,"","",deletion,1655,707,1,FALSE
cnsta,129,131,3,-,"","",deletion,1656,716,1,FALSE
cnsta,129,131,3,-,"","",deletion,1657,698,1,FALSE
cnsta,129,131,3,-,"","",deletion,1658,716,1,FALSE
cnsta,129,131,3,-,"","",deletion,1659,707,1,FALSE
cnsta,129,131,3,-,"","",deletion,1660,716,1,FALSE
cnsta,129,131,3,-,"","",deletion,1661,716,1,FALSE
cnsta,129,131,3,-,"","",deletion,1662,707,1,FALSE
cnsta,129,131,3,-,"","",deletion,1663,716,1,FALSE
cnsta,129,131,3,-,"","",deletion,1664,707,1,FALSE
cnsta,129,131,3,-,"","",deletion,1665,707,1,FALSE
cnsta,129,131,3,-,"","",deletion,1666,707,1,FALSE
cnsta,129,131,3,-,"","",deletion,1667,716,1,FALSE
cnsta,129,131,3,-,"","",deletion,1668,707,1,FALSE
cnsta,129,131,3,-,"","",deletion,1669,707,1,FALSE
cnsta,129,131,3,-,"","",deletion,1670,707,1,FALSE
cnsta,129,131,3,-,"","",deletion,1671,707,1,FALSE
cnsta,130,132,3,-,"","",deletion,1672,707,1,FALSE
cnsta,129,131,3,-,"","",deletion,1673,707,1,FALSE
cnsta,129,131,3,-,"","",deletion,1674,716,1,FALSE
cnsta,129,131,3,-,"","",deletion,1675,698,1,FALSE
cnsta,129,131,3,-,"","",deletion,1676,716,1,FALSE
cnsta,129,131,3,-,"","",deletion,1677,707,1,FALSE
cnsta,129,131,3,-,"","",deletion,1678,698,1,FALSE
cnsta,129,131,3,-,"","",deletion,1679,698,1,FALSE
cnsta,129,131,3,-,"","",deletion,1680,716,1,FALSE
cnsta,129,131,3,-,"","",deletion,1681,716,1,FALSE
cnsta,129,131,3,-,"","",deletion,1682,707,1,FALSE
cnsta,129,131,3,-,"","",deletion,1683,707,1,FALSE
cnsta,129,131,3,-,"","",deletion,1684,707,1,FALSE
cnsta,130,132,3,-,"","",deletion,1685,716,1,FALSE
cnsta,129,131,3,-,"","",deletion,1686,707,1,FALSE
cnsta,129,131,3,-,"","",deletion,1687,716,1,FALSE
cnsta,129,131,3,-,"","",deletion,1688,716,1,FALSE
cnsta,129,131,3,-,"","",deletion,1689,707,1,FALSE
cnsta,129,131,3,-,"","",deletion,1690,716,1,FALSE
cnsta,129,131,3,-,"","",deletion,1691,716,1,FALSE
cnsta,129,131,3,-,"","",deletion,1692,707,1,FALSE
cnsta,129,131,3,-,"","",deletion,1693,716,1,FALSE
cnsta,129,131,3,-,"","",deletion,1694,707,1,FALSE
cnsta,129,131,3,-,"","",deletion,1695,707,1,FALSE
cnsta,129,131,3,-,"","",deletion,1696,716,1,FALSE
cnsta,129,131,3,-,"","",deletion,1697,716,1,FALSE
cnsta,129,131,3,-,"","",deletion,1698,716,1,FALSE
cnsta,129,131,3,-,"","",deletion,1699,716,1,FALSE
cnsta,129,131,3,-,"","",deletion,1700,716,1,FALSE
cnsta,129,131,3,-,"","",deletion,1701,716,1,FALSE
cnsta,129,131,3,-,"","",deletion,1702,716,1,FALSE
cnsta,129,131,3,-,"","",deletion,1703,716,1,FALSE
cnsta,129,131,3,-,"","",deletion,1704,716,1,FALSE
cnsta,129,131,3,-,"","",deletion,1705,716,1,FALSE
cnsta,129,131,3,-,"","",deletion,1706,716,1,FALSE
cnsta,129,131,3,-,"","",deletion,1707,716,1,FALSE
cnsta,129,131,3,-,"","",deletion,1708,716,1,FALSE
cnsta,129,131,3,-,"","",deletion,1709,707,1,FALSE
cnsta,129,131,3,-,"","",deletion,1710,716,1,FALSE
cnsta,129,131,3,-,"","",deletion,1711,689,1,FALSE
cnsta,129,131,3,-,"","",deletion,1712,716,1,FALSE
cnsta,129,131,3,-,"","",deletion,1713,698,1,FALSE
cnsta,129,131,3,-,"","",deletion,1714,707,1,FALSE
cnsta,129,131,3,-,"","",deletion,1715,716,1,FALSE
cnsta,129,131,3,-,"","",deletion,1716,716,1,FALSE
cnsta,130,132,3,-,"","",deletion,1717,725,1,FALSE
cnsta,129,131,3,-,"","",deletion,1718,707,1,FALSE
cnsta,131,133,3,-,"","",deletion,1719,716,1,FALSE
cnsta,129,131,3,-,"","",deletion,1720,707,1,FALSE
cnsta,129,131,3,-,"","",deletion,1721,698,1,FALSE
cnsta,129,131,3,-,"","",deletion,1722,716,1,FALSE
cnsta,129,131,3,-,"","",deletion,1723,707,1,FALSE
cnsta,129,131,3,-,"","",deletion,1724,707,1,FALSE
cnsta,129,131,3,-,"","",deletion,1725,689,1,FALSE
cnsta,129,131,3,-,"","",deletion,1726,707,1,FALSE
cnsta,129,131,3,-,"","",deletion,1727,716,1,FALSE
cnsta,129,131,3,-,"","",deletion,1728,707,1,FALSE
cnsta,129,131,3,-,"","",deletion,1729,716,1,FALSE
cnsta,129,131,3,-,"","",deletion,1730,707,1,FALSE
cnsta,129,131,3,-,"","",deletion,1731,716,1,FALSE
cnsta,129,131,3,-,"","",deletion,1732,707,1,FALSE
cnsta,131,133,3,-,"","",deletion,1733,680,1,FALSE
cnsta,129,131,3,-,"","",deletion,1734,716,1,FALSE
cnsta,129,131,3,-,"","",deletion,1735,707,1,FALSE
cnsta,129,131,3,-,"","",deletion,1736,698,1,FALSE
cnsta,129,131,3,-,"","",deletion,1737,716,1,FALSE
cnsta,129,131,3,-,"","",deletion,1738,707,1,FALSE
cnsta,129,131,3,-,"","",deletion,1739,716,1,FALSE
cnsta,129,131,3,-,"","",deletion,1740,698,1,FALSE
cnsta,129,131,3,-,"","",deletion,1741,716,1,FALSE
cnsta,129,131,3,-,"","",deletion,1742,707,1,FALSE
cnsta,129,131,3,-,"","",deletion,1743,707,1,FALSE
cnsta,129,131,3,-,"","",deletion,1744,707,1,FALSE
cnsta,129,131,3,-,"","",deletion,1745,707,1,FALSE
cnsta,129,131,3,-,"","",deletion,1746,716,1,FALSE
cnsta,129,131,3,-,"","",deletion,1747,707,1,FALSE
cnsta,129,131,3,-,"","",deletion,1748,707,1,FALSE
cnsta,129,131,3,-,"","",deletion,1749,716,1,FALSE
cnsta,129,131,3,-,"","",deletion,1750,707,1,FALSE
cnsta,129,131,3,-,"","",deletion,1751,707,1,FALSE
cnsta,129,131,3,-,"","",deletion,1752,716,1,FALSE
cnsta,129,131,3,-,"","",deletion,1753,707,1,FALSE
cnsta,129,131,3,-,"","",deletion,1754,707,1,FALSE
cnsta,129,131,3,-,"","",deletion,1755,716,1,FALSE
cnsta,129,131,3,-,"","",deletion,1756,716,1,FALSE
cnsta,129,131,3,-,"","",deletion,1757,707,1,FALSE
cnsta,129,131,3,-,"","",deletion,1758,716,1,FALSE
cnsta,129,131,3,-,"","",deletion,1759,716,1,FALSE
cnsta,129,131,3,-,"","",deletion,1760,707,1,FALSE
cnsta,129,131,3,-,"","",deletion,1761,698,1,FALSE
cnsta,129,131,3,-,"","",deletion,1762,698,1,FALSE
cnsta,129,131,3,-,"","",deletion,1763,707,1,FALSE
cnsta,129,131,3,-,"","",deletion,1764,707,1,FALSE
cnsta,129,131,3,-,"","",deletion,1765,698,1,FALSE
cnsta,129,131,3,-,"","",deletion,1766,698,1,FALSE
cnsta,129,131,3,-,"","",deletion,1767,716,1,FALSE
cnsta,129,131,3,-,"","",deletion,1768,698,1,FALSE
cnsta,129,131,3,-,"","",deletion,1769,707,1,FALSE
cnsta,129,131,3,-,"","",deletion,1770,707,1,FALSE
cnsta,129,131,3,-,"","",deletion,1771,716,1,FALSE
cnsta,129,131,3,-,"","",deletion,1772,707,1,FALSE
cnsta,129,131,3,-,"","",deletion,1773,707,1,FALSE
cnsta,129,131,3,-,"","",deletion,1774,716,1,FALSE
cnsta,129,131,3,-,"","",deletion,1775,707,1,FALSE
cnsta,129,131,3,-,"","",deletion,1776,707,1,FALSE
cnsta,129,131,3,-,"","",deletion,1777,698,1,FALSE
cnsta,129,131,3,-,"","",deletion,1778,689,1,FALSE
cnsta,129,131,3,-,"","",deletion,1779,716,1,FALSE
cnsta,129,131,3,-,"","",deletion,1780,680,1,FALSE
cnsta,129,131,3,-,"","",deletion,1781,707,1,FALSE
cnsta,129,131,3,-,"","",deletion,1782,671,1,FALSE
cnsta,129,131,3,-,"","",deletion,1783,716,1,FALSE
cnsta,129,131,3,-,"","",deletion,1784,716,1,FALSE
cnsta,129,131,3,-,"","",deletion,1785,725,1,FALSE
cnsta,129,131,3,-,"","",deletion,1786,725,1,FALSE
cnsta,129,131,3,-,"","",deletion,1787,707,1,FALSE
cnsta,129,131,3,-,"","",deletion,1788,716,1,FALSE
cnsta,129,131,3,-,"","",deletion,1789,716,1,FALSE
cnsta,133,137,5,-,"","",deletion,1790,716,1,FALSE
cnsta,133,137,5,-,"","",deletion,1791,716,1,FALSE
cnsta,128,134,7,-,"","",deletion,1792,725,1,FALSE
cnsta,129,131,3,-,"","",deletion,1793,716,1,FALSE
cnsta,129,131,3,-,"","",deletion,1794,707,1,FALSE
cnsta,128,134,7,-,"","",deletion,1795,725,1,FALSE
cnsta,128,134,7,-,"","",deletion,1796,689,1,FALSE
cnsta,126,134,9,-,"","",deletion,1797,716,1,FALSE
cnsta,125,132,8,-,"","",deletion,1798,725,1,FALSE
cnsta,125,132,8,-,"","",deletion,1799,725,1,FALSE
cnsta,125,132,8,-,"","",deletion,1800,707,1,FALSE
cnsta,125,132,8,-,"","",deletion,1801,725,1,FALSE
cnsta,125,132,8,-,"","",deletion,1802,716,1,FALSE
cnsta,125,132,8,-,"","",deletion,1803,707,1,FALSE
cnsta,125,132,8,-,"","",deletion,1804,716,1,FALSE
cnsta,125,132,8,-,"","",deletion,1805,707,1,FALSE
cnsta,125,132,8,-,"","",deletion,1806,707,1,FALSE
cnsta,125,132,8,-,"","",deletion,1807,680,1,FALSE
cnsta,125,132,8,-,"","",deletion,1808,707,1,FALSE
cnsta,125,132,8,-,"","",deletion,1809,716,1,FALSE
cnsta,125,132,8,-,"","",deletion,1810,707,1,FALSE
cnsta,125,132,8,-,"","",deletion,1811,698,1,FALSE
cnsta,125,132,8,-,"","",deletion,1812,707,1,FALSE
cnsta,125,132,8,-,"","",deletion,1813,698,1,FALSE
cnsta,125,132,8,-,"","",deletion,1814,707,1,FALSE
cnsta,125,132,8,-,"","",deletion,1815,707,1,FALSE
cnsta,125,132,8,-,"","",deletion,1816,698,1,FALSE
cnsta,125,132,8,-,"","",deletion,1817,698,1,FALSE
cnsta,125,132,8,-,"","",deletion,1818,707,1,FALSE
cnsta,125,132,8,-,"","",deletion,1819,698,1,FALSE
cnsta,125,132,8,-,"","",deletion,1820,707,1,FALSE
cnsta,125,132,8,-,"","",deletion,1821,707,1,FALSE
cnsta,125,132,8,-,"","",deletion,1822,707,1,FALSE
cnsta,125,132,8,-,"","",deletion,1823,716,1,FALSE
cnsta,126,133,8,-,"","",deletion,1824,707,1,FALSE
cnsta,125,132,8,-,"","",deletion,1825,707,1,FALSE
cnsta,125,132,8,-,"","",deletion,1826,716,1,FALSE
cnsta,125,132,8,-,"","",deletion,1827,707,1,FALSE
cnsta,125,132,8,-,"","",deletion,1828,707,1,FALSE
cnsta,125,132,8,-,"","",deletion,1829,707,1,FALSE
cnsta,125,132,8,-,"","",deletion,1830,707,1,FALSE
cnsta,125,132,8,-,"","",deletion,1831,716,1,FALSE
cnsta,125,132,8,-,"","",deletion,1832,716,1,FALSE
cnsta,125,132,8,-,"","",deletion,1833,689,1,FALSE
cnsta,125,132,8,-,"","",deletion,1834,698,1,FALSE
cnsta,125,132,8,-,"","",deletion,1835,689,1,FALSE
cnsta,125,132,8,-,"","",deletion,1836,698,1,FALSE
cnsta,125,132,8,-,"","",deletion,1837,716,1,FALSE
cnsta,125,132,8,-,"","",deletion,1838,707,1,FALSE
cnsta,125,132,8,-,"","",deletion,1839,707,1,FALSE
cnsta,125,132,8,-,"","",deletion,1840,716,1,FALSE
cnsta,126,133,8,-,"","",deletion,1841,716,1,FALSE
cnsta,125,132,8,-,"","",deletion,1842,716,1,FALSE
cnsta,125,132,8,-,"","",deletion,1843,707,1,FALSE
cnsta,125,132,8,-,"","",deletion,1844,707,1,FALSE
cnsta,125,132,8,-,"","",deletion,1845,716,1,FALSE
cnsta,125,132,8,-,"","",deletion,1846,707,1,FALSE
cnsta,125,132,8,-,"","",deletion,1847,716,1,FALSE
cnsta,125,132,8,-,"","",deletion,1848,716,1,FALSE
cnsta,127,134,8,-,"","",deletion,1849,707,1,FALSE
cnsta,125,132,8,-,"","",deletion,1850,707,1,FALSE
cnsta,125,132,8,-,"","",deletion,1851,707,1,FALSE
cnsta,125,132,8,-,"","",deletion,1852,707,1,FALSE
cnsta,125,132,8,-,"","",deletion,1853,716,1,FALSE
cnsta,125,132,8,-,"","",deletion,1854,707,1,FALSE
cnsta,125,132,8,-,"","",deletion,1855,716,1,FALSE
cnsta,125,132,8,-,"","",deletion,1856,707,1,FALSE
cnsta,125,132,8,-,"","",deletion,1857,707,1,FALSE
cnsta,125,132,8,-,"","",deletion,1858,698,1,FALSE
cnsta,125,132,8,-,"","",deletion,1859,698,1,FALSE
cnsta,125,132,8,-,"","",deletion,1860,716,1,FALSE
cnsta,125,132,8,-,"","",deletion,1861,707,1,FALSE
cnsta,125,132,8,-,"","",deletion,1862,716,1,FALSE
cnsta,125,132,8,-,"","",deletion,1863,716,1,FALSE
cnsta,125,132,8,-,"","",deletion,1864,707,1,FALSE
cnsta,125,132,8,-,"","",deletion,1865,698,1,FALSE
cnsta,125,132,8,-,"","",deletion,1866,716,1,FALSE
cnsta,125,132,8,-,"","",deletion,1867,716,1,FALSE
cnsta,125,132,8,-,"","",deletion,1868,707,1,FALSE
cnsta,125,132,8,-,"","",deletion,1869,716,1,FALSE
cnsta,125,132,8,-,"","",deletion,1870,716,1,FALSE
cnsta,125,132,8,-,"","",deletion,1871,689,1,FALSE
cnsta,125,132,8,-,"","",deletion,1872,716,1,FALSE
cnsta,125,132,8,-,"","",deletion,1873,716,1,FALSE
cnsta,125,132,8,-,"","",deletion,1874,716,1,FALSE
cnsta,125,132,8,-,"","",deletion,1875,716,1,FALSE
cnsta,125,132,8,-,"","",deletion,1876,716,1,FALSE
cnsta,125,132,8,-,"","",deletion,1877,707,1,FALSE
cnsta,125,132,8,-,"","",deletion,1878,716,1,FALSE
cnsta,125,132,8,-,"","",deletion,1879,716,1,FALSE
cnsta,125,132,8,-,"","",deletion,1880,716,1,FALSE
cnsta,125,132,8,-,"","",deletion,1881,716,1,FALSE
cnsta,125,132,8,-,"","",deletion,1882,716,1,FALSE
cnsta,125,132,8,-,"","",deletion,1883,707,1,FALSE
cnsta,125,132,8,-,"","",deletion,1884,716,1,FALSE
cnsta,125,132,8,-,"","",deletion,1885,716,1,FALSE
cnsta,125,132,8,-,"","",deletion,1886,707,1,FALSE
cnsta,125,132,8,-,"","",deletion,1887,716,1,FALSE
cnsta,125,132,8,-,"","",deletion,1888,716,1,FALSE
cnsta,125,132,8,-,"","",deletion,1889,716,1,FALSE
cnsta,125,132,8,-,"","",deletion,1890,716,1,FALSE
cnsta,125,132,8,-,"","",deletion,1891,698,1,FALSE
cnsta,125,132,8,-,"","",deletion,1892,716,1,FALSE
cnsta,125,132,8,-,"","",deletion,1893,716,1,FALSE
cnsta,125,132,8,-,"","",deletion,1894,716,1,FALSE
cnsta,125,132,8,-,"","",deletion,1895,716,1,FALSE
cnsta,125,132,8,-,"","",deletion,1896,716,1,FALSE
cnsta,125,132,8,-,"","",deletion,1897,716,1,FALSE
cnsta,125,132,8,-,"","",deletion,1898,707,1,FALSE
cnsta,125,132,8,-,"","",deletion,1899,716,1,FALSE
cnsta,125,132,8,-,"","",deletion,1900,716,1,FALSE
cnsta,125,132,8,-,"","",deletion,1901,707,1,FALSE
cnsta,125,132,8,-,"","",deletion,1902,716,1,FALSE
cnsta,125,132,8,-,"","",deletion,1903,716,1,FALSE
cnsta,125,132,8,-,"","",deletion,1904,716,1,FALSE
cnsta,125,132,8,-,"","",deletion,1905,707,1,FALSE
cnsta,125,132,8,-,"","",deletion,1906,707,1,FALSE
cnsta,125,132,8,-,"","",deletion,1907,716,1,FALSE
cnsta,125,132,8,-,"","",deletion,1908,707,1,FALSE
cnsta,125,132,8,-,"","",deletion,1909,716,1,FALSE
cnsta,126,133,8,-,"","",deletion,1910,716,1,FALSE
cnsta,126,133,8,-,"","",deletion,1911,707,1,FALSE
cnsta,125,132,8,-,"","",deletion,1912,707,1,FALSE
cnsta,125,132,8,-,"","",deletion,1913,716,1,FALSE
cnsta,125,132,8,-,"","",deletion,1914,716,1,FALSE
cnsta,125,132,8,-,"","",deletion,1915,707,1,FALSE
cnsta,125,132,8,-,"","",deletion,1916,707,1,FALSE
cnsta,125,132,8,-,"","",deletion,1917,707,1,FALSE
cnsta,125,132,8,-,"","",deletion,1918,698,1,FALSE
cnsta,125,132,8,-,"","",deletion,1919,707,1,FALSE
cnsta,125,132,8,-,"","",deletion,1920,716,1,FALSE
cnsta,125,132,8,-,"","",deletion,1921,716,1,FALSE
cnsta,125,132,8,-,"","",deletion,1922,707,1,FALSE
cnsta,125,132,8,-,"","",deletion,1923,698,1,FALSE
cnsta,125,132,8,-,"","",deletion,1924,707,1,FALSE
cnsta,125,132,8,-,"","",deletion,1925,698,1,FALSE
cnsta,125,132,8,-,"","",deletion,1926,707,1,FALSE
cnsta,125,132,8,-,"","",deletion,1927,698,1,FALSE
cnsta,125,132,8,-,"","",deletion,1928,716,1,FALSE
cnsta,125,132,8,-,"","",deletion,1929,707,1,FALSE
cnsta,125,132,8,-,"","",deletion,1930,716,1,FALSE
cnsta,125,132,8,-,"","",deletion,1931,716,1,FALSE
cnsta,125,132,8,-,"","",deletion,1932,716,1,FALSE
cnsta,125,132,8,-,"","",deletion,1933,707,1,FALSE
cnsta,125,132,8,-,"","",deletion,1934,707,1,FALSE
cnsta,125,132,8,-,"","",deletion,1935,707,1,FALSE
cnsta,125,132,8,-,"","",deletion,1936,707,1,FALSE
cnsta,125,132,8,-,"","",deletion,1937,698,1,FALSE
cnsta,125,132,8,-,"","",deletion,1938,707,1,FALSE
cnsta,125,132,8,-,"","",deletion,1939,707,1,FALSE
cnsta,125,132,8,-,"","",deletion,1940,707,1,FALSE
cnsta,125,132,8,-,"","",deletion,1941,707,1,FALSE
cnsta,125,132,8,-,"","",deletion,1942,707,1,FALSE
cnsta,125,132,8,-,"","",deletion,1943,716,1,FALSE
cnsta,125,132,8,-,"","",deletion,1944,698,1,FALSE
cnsta,125,132,8,-,"","",deletion,1945,716,1,FALSE
cnsta,125,132,8,-,"","",deletion,1946,707,1,FALSE
cnsta,125,132,8,-,"","",deletion,1947,716,1,FALSE
cnsta,125,132,8,-,"","",deletion,1948,698,1,FALSE
cnsta,125,132,8,-,"","",deletion,1949,698,1,FALSE
cnsta,125,132,8,-,"","",deletion,1950,716,1,FALSE
cnsta,125,132,8,-,"","",deletion,1951,716,1,FALSE
cnsta,125,132,8,-,"","",deletion,1952,698,1,FALSE
cnsta,125,132,8,-,"","",deletion,1953,707,1,FALSE
cnsta,125,132,8,-,"","",deletion,1954,707,1,FALSE
cnsta,125,132,8,-,"","",deletion,1955,707,1,FALSE
cnsta,125,132,8,-,"","",deletion,1956,716,1,FALSE
cnsta,125,132,8,-,"","",deletion,1957,707,1,FALSE
cnsta,125,132,8,-,"","",deletion,1958,707,1,FALSE
cnsta,125,132,8,-,"","",deletion,1959,707,1,FALSE
cnsta,125,132,8,-,"","",deletion,1960,716,1,FALSE
cnsta,125,132,8,-,"","",deletion,1961,698,1,FALSE
cnsta,125,132,8,-,"","",deletion,1962,707,1,FALSE
cnsta,124,131,8,-,"","",deletion,1963,680,1,FALSE
cnsta,125,132,8,-,"","",deletion,1964,689,1,FALSE
cnsta,125,132,8,-,"","",deletion,1965,725,1,FALSE
cnsta,125,132,8,-,"","",deletion,1966,716,1,FALSE
cnsta,125,132,8,-,"","",deletion,1967,716,1,FALSE
cnsta,125,132,8,-,"","",deletion,1968,716,1,FALSE
cnsta,125,132,8,-,"","",deletion,1969,689,1,FALSE
cnsta,125,132,8,-,"","",deletion,1970,698,1,FALSE
cnsta,125,132,8,-,"","",deletion,1971,707,1,FALSE
cnsta,125,132,8,-,"","",deletion,1972,725,1,FALSE
cnsta,125,132,8,-,"","",deletion,1973,698,1,FALSE
cnsta,125,132,8,-,"","",deletion,1974,707,1,FALSE
cnsta,125,132,8,-,"","",deletion,1975,716,1,FALSE
cnsta,125,132,8,-,"","",deletion,1976,725,1,FALSE
cnsta,125,132,8,-,"","",deletion,1977,716,1,FALSE
cnsta,125,132,8,-,"","",deletion,1978,716,1,FALSE
cnsta,125,132,8,-,"","",deletion,1979,716,1,FALSE
cnsta,125,132,8,-,"","",deletion,1980,725,1,FALSE
cnsta,126,134,9,-,"","",deletion,1981,707,1,FALSE
cnsta,125,132,8,-,"","",deletion,1982,725,1,FALSE
cnsta,125,134,10,-,"","",deletion,1983,725,1,FALSE
cnsta,125,134,10,-,"","",deletion,1984,716,1,FALSE
cnsta,129,131,3,-,"","",deletion,1985,707,1,FALSE
cnsta,125,134,10,-,"","",deletion,1986,716,1,FALSE
cnsta,125,132,8,-,"","",deletion,1987,725,1,FALSE
cnsta,125,134,10,-,"","",deletion,1988,725,1,FALSE
cnsta,129,131,3,-,"","",deletion,1989,716,1,FALSE
cnsta,125,134,10,-,"","",deletion,1990,725,1,FALSE
cnsta,125,134,10,-,"","",deletion,1992,707,1,FALSE
cnsta,125,134,10,-,"","",deletion,1993,707,1,FALSE
cnsta,126,134,9,-,"","",deletion,1994,716,1,FALSE
cnsta,126,134,9,-,"","",deletion,1995,725,1,FALSE
cnsta,125,132,8,-,"","",deletion,1996,716,1,FALSE
cnsta,125,134,10,-,"","",deletion,1997,725,1,FALSE
cnsta,126,134,9,-,"","",deletion,1998,725,1,FALSE
cnsta,130,136,7,-,"","",deletion,1999,716,1,FALSE
cnsta,125,134,10,-,"","",deletion,2001,707,1,FALSE
cnsta,126,134,9,-,"","",deletion,2002,716,1,FALSE
cnsta,129,131,3,-,"","",deletion,2004,716,1,FALSE
cnsta,125,132,8,-,"","",deletion,2005,716,1,FALSE
cnsta,125,132,8,-,"","",deletion,2007,716,1,FALSE
cnsta,126,134,9,-,"","",deletion,2008,698,1,FALSE
cnsta,125,132,8,-,"","",deletion,2011,716,1,FALSE
cnsta,125,134,10,-,"","",deletion,2012,671,1,FALSE
cnsta,125,134,10,-,"","",deletion,2013,716,1,FALSE
cnsta,126,134,9,-,"","",deletion,2014,725,1,FALSE
cnsta,126,134,9,-,"","",deletion,2015,707,1,FALSE
cnsta,129,131,3,-,"","",deletion,2016,716,1,FALSE
cnsta,126,134,9,-,"","",deletion,2017,725,1,FALSE
cnsta,125,132,8,-,"","",deletion,2018,707,1,FALSE
cnsta,129,131,3,-,"","",deletion,2019,707,1,FALSE
cnsta,125,132,8,-,"","",deletion,2021,707,1,FALSE
cnsta,125,134,10,-,"","",deletion,2022,716,1,FALSE
cnsta,129,137,9,-,"","",deletion,2023,716,1,FALSE
cnsta,125,134,10,-,"","",deletion,2026,725,1,FALSE
cnsta,129,131,3,-,"","",deletion,2027,707,1,FALSE
cnsta,133,137,5,-,"","",deletion,2028,716,1,FALSE
cnsta,125,134,10,-,"","",deletion,2029,716,1,FALSE
cnsta,126,134,9,-,"","",deletion,2030,716,1,FALSE
cnsta,126,134,9,-,"","",deletion,2032,716,1,FALSE
cnsta,126,134,9,-,"","",deletion,2033,725,1,FALSE
cnsta,125,134,10,-,"","",deletion,2034,716,1,FALSE
cnsta,128,136,9,-,"","",deletion,2035,716,1,FALSE
cnsta,125,134,10,-,"","",deletion,2036,707,1,FALSE
cnsta,133,137,5,-,"","",deletion,2037,725,1,FALSE
cnsta,125,132,8,-,"","",deletion,2039,707,1,FALSE
cnsta,125,134,10,-,"","",deletion,2040,707,1,FALSE
cnsta,133,137,5,-,"","",deletion,2041,716,1,FALSE
cnsta,133,137,5,-,"","",deletion,2042,716,1,FALSE
cnsta,129,131,3,-,"","",deletion,2045,725,1,FALSE
cnsta,133,137,5,-,"","",deletion,2046,716,1,FALSE
cnsta,126,134,9,-,"","",deletion,2047,707,1,FALSE
cnsta,133,137,5,-,"","",deletion,2048,698,1,FALSE
cnsta,125,134,10,-,"","",deletion,2049,707,1,FALSE
cnsta,128,137,10,-,"","",deletion,2050,707,1,FALSE
cnsta,126,134,9,-,"","",deletion,2051,716,1,FALSE
cnsta,128,134,7,-,"","",deletion,2052,716,1,FALSE
cnsta,125,134,10,-,"","",deletion,2053,707,1,FALSE
cnsta,126,134,9,-,"","",deletion,2054,716,1,FALSE
cnsta,133,137,5,-,"","",deletion,2055,716,1,FALSE
cnsta,125,132,8,-,"","",deletion,2056,716,1,FALSE
cnsta,128,136,9,-,"","",deletion,2057,707,1,FALSE
cnsta,125,134,10,-,"","",deletion,2058,725,1,FALSE
cnsta,126,134,9,-,"","",deletion,2059,725,1,FALSE
cnsta,125,132,8,-,"","",deletion,2060,716,1,FALSE
cnsta,125,134,10,-,"","",deletion,2061,725,1,FALSE
cnsta,128,137,10,-,"","",deletion,2062,707,1,FALSE
cnsta,126,134,9,-,"","",deletion,2063,707,1,FALSE
cnsta,125,134,10,-,"","",deletion,2064,725,1,FALSE
cnsta,126,134,9,-,"","",deletion,2065,698,1,FALSE
cnsta,125,132,8,-,"","",deletion,2066,725,1,FALSE
cnsta,125,132,8,-,"","",deletion,2067,707,1,FALSE
cnsta,125,134,10,-,"","",deletion,2068,716,1,FALSE
cnsta,129,131,3,-,"","",deletion,2070,725,1,FALSE
cnsta,126,134,9,-,"","",deletion,2071,725,1,FALSE
cnsta,126,134,9,-,"","",deletion,2072,725,1,FALSE
cnsta,129,131,3,-,"","",deletion,2073,707,1,FALSE
cnsta,125,132,8,-,"","",deletion,2074,707,1,FALSE
cnsta,125,134,10,-,"","",deletion,2075,707,1,FALSE
cnsta,128,134,7,-,"","",deletion,2077,716,1,FALSE
cnsta,129,131,3,-,"","",deletion,2078,725,1,FALSE
cnsta,125,132,8,-,"","",deletion,2079,716,1,FALSE
cnsta,126,134,9,-,"","",deletion,2080,716,1,FALSE
cnsta,125,134,10,-,"","",deletion,2081,725,1,FALSE
cnsta,125,134,10,-,"","",deletion,2082,707,1,FALSE
cnsta,125,134,10,-,"","",deletion,2083,725,1,FALSE
cnsta,133,137,5,-,"","",deletion,2084,689,1,FALSE
cnsta,125,132,8,-,"","",deletion,2087,725,1,FALSE
cnsta,126,134,9,-,"","",deletion,2089,698,1,FALSE
cnsta,126,134,9,-,"","",deletion,2090,725,1,FALSE
cnsta,125,134,10,-,"","",deletion,2091,725,1,FALSE
cnsta,126,134,9,-,"","",deletion,2092,716,1,FALSE
cnsta,133,137,5,-,"","",deletion,2093,716,1,FALSE
cnsta,126,134,9,-,"","",deletion,2094,698,1,FALSE
cnsta,125,134,10,-,"","",deletion,2095,716,1,FALSE
cnsta,125,132,8,-,"","",deletion,2096,707,1,FALSE
cnsta,126,134,9,-,"","",deletion,2097,716,1,FALSE
cnsta,140,144,5,-,"","",deletion,2098,698,1,FALSE
cnsta,125,134,10,-,"","",deletion,2101,725,1,FALSE
cnsta,125,134,10,-,"","",deletion,2102,716,1,FALSE
cnsta,125,132,8,-,"","",deletion,2103,725,1,FALSE
cnsta,125,134,10,-,"","",deletion,2104,707,1,FALSE
cnsta,126,134,9,-,"","",deletion,2105,716,1,FALSE
cnsta,128,134,7,-,"","",deletion,2106,725,1,FALSE
cnsta,125,132,8,-,"","",deletion,2107,725,1,FALSE
cnsta,129,131,3,-,"","",deletion,2108,725,1,FALSE
cnsta,129,131,3,-,"","",deletion,2109,716,1,FALSE
cnsta,125,134,10,-,"","",deletion,2110,716,1,FALSE
cnsta,129,131,3,-,"","",deletion,2111,716,1,FALSE
cnsta,125,132,8,-,"","",deletion,2112,716,1,FALSE
cnsta,125,134,10,-,"","",deletion,2113,707,1,FALSE
cnsta,125,134,10,-,"","",deletion,2114,725,1,FALSE
cnsta,126,134,9,-,"","",deletion,2115,716,1,FALSE
cnsta,125,134,10,-,"","",deletion,2117,707,1,FALSE
cnsta,125,134,10,-,"","",deletion,2118,707,1,FALSE
cnsta,126,134,9,-,"","",deletion,2119,716,1,FALSE
cnsta,125,134,10,-,"","",deletion,2120,725,1,FALSE
cnsta,126,134,9,-,"","",deletion,2121,716,1,FALSE
cnsta,125,134,10,-,"","",deletion,2122,680,1,FALSE
cnsta,125,132,8,-,"","",deletion,2123,716,1,FALSE
cnsta,133,137,5,-,"","",deletion,2124,707,1,FALSE
cnsta,126,134,9,-,"","",deletion,2125,716,1,FALSE
cnsta,129,131,3,-,"","",deletion,2127,716,1,FALSE
cnsta,126,134,9,-,"","",deletion,2128,698,1,FALSE
cnsta,126,134,9,-,"","",deletion,2129,707,1,FALSE
cnsta,126,134,9,-,"","",deletion,2130,707,1,FALSE
cnsta,129,131,3,-,"","",deletion,2131,725,1,FALSE
cnsta,125,134,10,-,"","",deletion,2132,725,1,FALSE
cnsta,129,131,3,-,"","",deletion,2134,716,1,FALSE
cnsta,125,134,10,-,"","",deletion,2136,716,1,FALSE
cnsta,126,134,9,-,"","",deletion,2137,716,1,FALSE
cnsta,133,137,5,-,"","",deletion,2138,725,1,FALSE
cnsta,133,137,5,-,"","",deletion,2139,725,1,FALSE
cnsta,125,134,10,-,"","",deletion,2140,725,1,FALSE
cnsta,125,134,10,-,"","",deletion,2141,725,1,FALSE
cnsta,128,134,7,-,"","",deletion,2142,725,1,FALSE
cnsta,123,132,10,-,"","",deletion,2143,716,1,FALSE
cnsta,125,134,10,-,"","",deletion,2144,716,1,FALSE
cnsta,125,132,8,-,"","",deletion,2145,707,1,FALSE
cnsta,126,134,9,-,"","",deletion,2146,725,1,FALSE
cnsta,125,134,10,-,"","",deletion,2147,698,1,FALSE
cnsta,125,132,8,-,"","",deletion,2148,716,1,FALSE
cnsta,125,134,10,-,"","",deletion,2149,698,1,FALSE
cnsta,125,134,10,-,"","",deletion,2150,725,1,FALSE
cnsta,125,132,8,-,"","",deletion,2152,725,1,FALSE
cnsta,125,134,10,-,"","",deletion,2153,707,1,FALSE
cnsta,126,134,9,-,"","",deletion,2155,707,1,FALSE
cnsta,129,131,3,-,"","",deletion,2156,716,1,FALSE
cnsta,125,132,8,-,"","",deletion,2157,716,1,FALSE
cnsta,125,132,8,-,"","",deletion,2159,725,1,FALSE
cnsta,129,135,7,-,"","",deletion,2160,698,1,FALSE
cnsta,125,134,10,-,"","",deletion,2161,698,1,FALSE
cnsta,128,134,7,-,"","",deletion,2162,725,1,FALSE
cnsta,126,134,9,-,"","",deletion,2163,716,1,FALSE
cnsta,129,135,7,-,"","",deletion,2164,707,1,FALSE
cnsta,133,137,5,-,"","",deletion,2165,707,1,FALSE
cnsta,133,137,5,-,"","",deletion,2166,725,1,FALSE
cnsta,125,134,10,-,"","",deletion,2168,716,1,FALSE
cnsta,128,134,7,-,"","",deletion,2169,707,1,FALSE
cnsta,128,134,7,-,"","",deletion,2170,707,1,FALSE
cnsta,129,131,3,-,"","",deletion,2171,707,1,FALSE
cnsta,126,134,9,-,"","",deletion,2172,716,1,FALSE
cnsta,126,134,9,-,"","",deletion,2174,725,1,FALSE
cnsta,129,131,3,-,"","",deletion,2175,707,1,FALSE
cnsta,125,132,8,-,"","",deletion,2176,707,1,FALSE
cnsta,125,134,10,-,"","",deletion,2177,725,1,FALSE
cnsta,133,137,5,-,"","",deletion,2178,707,1,FALSE
cnsta,125,132,8,-,"","",deletion,2180,698,1,FALSE
cnsta,133,137,5,-,"","",deletion,2181,707,1,FALSE
cnsta,126,134,9,-,"","",deletion,2182,671,1,FALSE
cnsta,125,132,8,-,"","",deletion,2184,725,1,FALSE
cnsta,125,134,10,-,"","",deletion,2185,707,1,FALSE
cnsta,125,134,10,-,"","",deletion,2187,716,1,FALSE
cnsta,126,134,9,-,"","",deletion,2188,716,1,FALSE
cnsta,126,134,9,-,"","",deletion,2190,707,1,FALSE
cnsta,126,134,9,-,"","",deletion,2191,707,1,FALSE
cnsta,125,134,10,-,"","",deletion,2192,707,1,FALSE
cnsta,125,134,10,-,"","",deletion,2193,716,1,FALSE
cnsta,133,137,5,-,"","",deletion,2194,725,1,FALSE
cnsta,126,134,9,-,"","",deletion,2195,698,1,FALSE
cnsta,125,134,10,-,"","",deletion,2196,698,1,FALSE
cnsta,129,131,3,-,"","",deletion,2197,707,1,FALSE
cnsta,126,134,9,-,"","",deletion,2198,716,1,FALSE
cnsta,129,131,3,-,"","",deletion,2199,725,1,FALSE
cnsta,125,134,10,-,"","",deletion,2200,716,1,FALSE
cnsta,125,132,8,-,"","",deletion,2201,725,1,FALSE
cnsta,133,137,5,-,"","",deletion,2202,707,1,FALSE
cnsta,128,134,7,-,"","",deletion,2203,725,1,FALSE
cnsta,125,132,8,-,"","",deletion,2204,716,1,FALSE
cnsta,125,134,10,-,"","",deletion,2205,707,1,FALSE
cnsta,125,134,10,-,"","",deletion,2208,716,1,FALSE
cnsta,133,134,2,-,"","",deletion,2210,707,1,FALSE
cnsta,125,134,10,-,"","",deletion,2211,698,1,FALSE
cnsta,125,132,8,-,"","",deletion,2213,707,1,FALSE
cnsta,125,134,10,-,"","",deletion,2214,716,1,FALSE
cnsta,125,132,8,-,"","",deletion,2215,716,1,FALSE
cnsta,125,134,10,-,"","",deletion,2216,716,1,FALSE
cnsta,125,134,10,-,"","",deletion,2217,707,1,FALSE
cnsta,126,134,9,-,"","",deletion,2218,725,1,FALSE
cnsta,125,132,8,-,"","",deletion,2219,707,1,FALSE
cnsta,129,131,3,-,"","",deletion,2220,716,1,FALSE
cnsta,133,134,2,-,"","",deletion,2221,707,1,FALSE
cnsta,129,131,3,-,"","",deletion,2223,707,1,FALSE
cnsta,129,131,3,-,"","",deletion,2224,725,1,FALSE
cnsta,126,134,9,-,"","",deletion,2225,725,1,FALSE
cnsta,129,135,7,-,"","",deletion,2226,707,1,FALSE
cnsta,125,134,10,-,"","",deletion,2227,707,1,FALSE
cnsta,125,132,8,-,"","",deletion,2228,707,1,FALSE
cnsta,126,134,9,-,"","",deletion,2229,707,1,FALSE
cnsta,128,134,7,-,"","",deletion,2230,725,1,FALSE
cnsta,125,134,10,-,"","",deletion,2231,725,1,FALSE
cnsta,126,134,9,-,"","",deletion,2232,716,1,FALSE
cnsta,125,132,8,-,"","",deletion,2233,725,1,FALSE
cnsta,125,134,10,-,"","",deletion,2234,725,1,FALSE
cnsta,129,131,3,-,"","",deletion,2236,716,1,FALSE
cnsta,126,134,9,-,"","",deletion,2237,725,1,FALSE
cnsta,126,134,9,-,"","",deletion,2238,707,1,FALSE
cnsta,126,134,9,-,"","",deletion,2239,707,1,FALSE
cnsta,129,131,3,-,"","",deletion,2240,716,1,FALSE
cnsta,125,134,10,-,"","",deletion,2241,725,1,FALSE
cnsta,125,132,8,-,"","",deletion,2242,725,1,FALSE
cnsta,126,134,9,-,"","",deletion,2243,707,1,FALSE
cnsta,129,135,7,-,"","",deletion,2244,725,1,FALSE
cnsta,125,134,10,-,"","",deletion,2245,716,1,FALSE
cnsta,128,134,7,-,"","",deletion,2246,707,1,FALSE
cnsta,129,131,3,-,"","",deletion,2247,707,1,FALSE
cnsta,129,131,3,-,"","",deletion,2248,716,1,FALSE
cnsta,126,134,9,-,"","",deletion,2249,716,1,FALSE
cnsta,128,134,7,-,"","",deletion,2250,707,1,FALSE
cnsta,133,137,5,-,"","",deletion,2251,716,1,FALSE
cnsta,125,132,8,-,"","",deletion,2252,725,1,FALSE
cnsta,103,103,1,-,A,C,mismatch,11,716,4,FALSE
cnsta,96,96,1,-,T,G,mismatch,12,716,4,FALSE
cnsta,191,191,1,-,C,G,mismatch,14,716,3,FALSE
cnsta,138,138,1,-,A,G,mismatch,15,716,3,FALSE
cnsta,122,122,1,-,C,G,mismatch,16,716,3,FALSE
cnsta,98,98,1,-,G,T,mismatch,17,716,3,FALSE
cnsta,95,95,1,-,C,A,mismatch,18,716,3,FALSE
cnsta,179,179,1,-,G,C,mismatch,19,716,3,FALSE
cnsta,226,226,1,-,C,A,mismatch,20,716,3,FALSE
cnsta,115,115,1,-,G,C,mismatch,24,716,3,FALSE
cnsta,110,110,1,-,T,A,mismatch,25,716,3,FALSE
cnsta,116,116,1,-,G,C,mismatch,26,716,3,FALSE
cnsta,203,203,1,-,C,T,mismatch,33,716,2,FALSE
cnsta,196,196,1,-,A,C,mismatch,34,716,2,FALSE
cnsta,166,166,1,-,A,C,mismatch,35,716,2,FALSE
cnsta,164,164,1,-,A,C,mismatch,36,716,2,FALSE
cnsta,161,161,1,-,G,T,mismatch,37,716,2,FALSE
cnsta,156,156,1,-,C,T,mismatch,38,716,2,FALSE
cnsta,143,143,1,-,A,T,mismatch,39,716,2,FALSE
cnsta,125,125,1,-,C,G,mismatch,40,716,2,FALSE
cnsta,121,121,1,-,G,T,mismatch,41,716,2,FALSE
cnsta,120,120,1,-,A,T,mismatch,42,716,2,FALSE
cnsta,118,118,1,-,A,C,mismatch,43,716,2,FALSE
cnsta,109,109,1,-,G,T,mismatch,44,716,2,FALSE
cnsta,105,105,1,-,G,T,mismatch,45,716,2,FALSE
cnsta,99,99,1,-,A,G,mismatch,46,716,2,FALSE
cnsta,97,97,1,-,T,G,mismatch,47,716,2,FALSE
cnsta,102,102,1,-,G,A,mismatch,48,716,2,FALSE
cnsta,108,108,1,-,G,A,mismatch,49,716,2,FALSE
cnsta,113,113,1,-,G,C,mismatch,50,716,2,FALSE
cnsta,114,114,1,-,T,G,mismatch,51,716,2,FALSE
cnsta,121,121,1,-,G,C,mismatch,52,716,2,FALSE
cnsta,147,147,1,-,G,A,mismatch,53,716,2,FALSE
cnsta,172,172,1,-,G,A,mismatch,54,716,2,FALSE
cnsta,179,179,1,-,G,A,mismatch,55,716,2,FALSE
cnsta,184,184,1,-,T,G,mismatch,56,716,2,FALSE
cnsta,194,194,1,-,T,A,mismatch,57,716,2,FALSE
cnsta,211,211,1,-,G,C,mismatch,58,716,2,FALSE
cnsta,224,224,1,-,G,A,mismatch,59,716,2,FALSE
cnsta,230,230,1,-,T,G,mismatch,60,716,2,FALSE
cnsta,154,154,1,-,A,C,mismatch,63,716,2,FALSE
cnsta,143,143,1,-,A,C,mismatch,64,716,2,FALSE
cnsta,113,113,1,-,G,T,mismatch,65,716,2,FALSE
cnsta,107,107,1,-,C,T,mismatch,66,716,2,FALSE
cnsta,105,105,1,-,G,T,mismatch,67,716,2,FALSE
cnsta,103,103,1,-,A,C,mismatch,68,716,2,FALSE
cnsta,95,95,1,-,C,G,mismatch,69,716,2,FALSE
cnsta,97,97,1,-,T,A,mismatch,70,716,2,FALSE
cnsta,98,98,1,-,G,A,mismatch,71,716,2,FALSE
cnsta,123,123,1,-,G,A,mismatch,72,716,2,FALSE
cnsta,149,149,1,-,G,A,mismatch,73,716,2,FALSE
cnsta,212,212,1,-,G,A,mismatch,74,716,2,FALSE
cnsta,196,196,1,-,A,G,mismatch,76,716,2,FALSE
cnsta,109,109,1,-,G,C,mismatch,77,716,2,FALSE
cnsta,155,155,1,-,G,A,mismatch,78,716,2,FALSE
cnsta,201,201,1,-,A,T,mismatch,80,716,2,FALSE
cnsta,112,112,1,-,A,G,mismatch,81,716,2,FALSE
cnsta,132,132,1,-,G,C,mismatch,82,716,2,FALSE
cnsta,193,193,1,-,C,G,mismatch,83,741,2,FALSE
cnsta,113,113,1,-,G,T,mismatch,84,741,2,FALSE
cnsta,108,108,1,-,G,A,mismatch,85,741,2,FALSE
cnsta,114,114,1,-,T,G,mismatch,86,741,2,FALSE
cnsta,142,142,1,-,G,C,mismatch,87,741,2,FALSE
cnsta,157,157,1,-,C,A,mismatch,88,741,2,FALSE
cnsta,111,111,1,-,C,T,mismatch,90,716,2,FALSE
cnsta,143,143,1,-,A,T,mismatch,91,716,2,FALSE
cnsta,110,110,1,-,T,G,mismatch,92,716,2,FALSE
cnsta,122,122,1,-,C,A,mismatch,93,716,2,FALSE
cnsta,128,128,1,-,C,A,mismatch,94,716,2,FALSE
cnsta,144,144,1,-,G,A,mismatch,95,716,2,FALSE
cnsta,152,152,1,-,T,G,mismatch,96,716,2,FALSE
cnsta,219,219,1,-,G,T,mismatch,98,716,2,FALSE
cnsta,209,209,1,-,C,G,mismatch,99,716,2,FALSE
cnsta,109,109,1,-,G,T,mismatch,100,716,2,FALSE
cnsta,102,102,1,-,G,T,mismatch,101,716,2,FALSE
cnsta,95,95,1,-,C,A,mismatch,102,716,2,FALSE
cnsta,97,97,1,-,T,A,mismatch,103,716,2,FALSE
cnsta,102,102,1,-,G,A,mismatch,104,716,2,FALSE
cnsta,109,109,1,-,G,A,mismatch,105,716,2,FALSE
cnsta,167,167,1,-,G,C,mismatch,106,716,2,FALSE
cnsta,174,174,1,-,T,G,mismatch,107,716,1,FALSE
cnsta,160,160,1,-,A,G,mismatch,108,698,1,FALSE
cnsta,181,181,1,-,C,A,mismatch,108,698,1,FALSE
cnsta,207,207,1,-,A,T,mismatch,108,698,1,FALSE
cnsta,101,101,1,-,G,C,mismatch,109,716,1,FALSE
cnsta,153,153,1,-,G,A,mismatch,110,732,1,FALSE
cnsta,197,197,1,-,T,A,mismatch,110,732,1,FALSE
cnsta,150,150,1,-,A,C,mismatch,112,707,1,FALSE
cnsta,154,154,1,-,A,C,mismatch,112,707,1,FALSE
cnsta,112,112,1,-,A,C,mismatch,113,707,1,FALSE
cnsta,112,112,1,-,A,C,mismatch,115,716,1,FALSE
cnsta,176,176,1,-,T,G,mismatch,116,716,1,FALSE
cnsta,113,113,1,-,G,A,mismatch,117,707,1,FALSE
cnsta,123,123,1,-,G,T,mismatch,117,707,1,FALSE
cnsta,112,112,1,-,A,G,mismatch,118,716,1,FALSE
cnsta,200,200,1,-,C,T,mismatch,120,741,1,FALSE
cnsta,96,96,1,-,T,G,mismatch,122,707,1,FALSE
cnsta,178,178,1,-,A,C,mismatch,122,707,1,FALSE
cnsta,173,173,1,-,C,G,mismatch,125,707,1,FALSE
cnsta,200,200,1,-,C,T,mismatch,125,707,1,FALSE
cnsta,155,155,1,-,G,A,mismatch,127,716,1,FALSE
cnsta,118,118,1,-,A,G,mismatch,129,716,1,FALSE
cnsta,146,146,1,-,A,C,mismatch,130,707,1,FALSE
cnsta,192,192,1,-,C,T,mismatch,130,707,1,FALSE
cnsta,152,152,1,-,T,C,mismatch,131,707,1,FALSE
cnsta,166,166,1,-,A,C,mismatch,131,707,1,FALSE
cnsta,215,215,1,-,G,T,mismatch,132,716,1,FALSE
cnsta,221,221,1,-,A,C,mismatch,133,716,1,FALSE
cnsta,131,131,1,-,T,C,mismatch,134,680,1,FALSE
cnsta,150,150,1,-,A,G,mismatch,134,680,1,FALSE
cnsta,194,194,1,-,T,C,mismatch,134,680,1,FALSE
cnsta,201,201,1,-,A,T,mismatch,134,680,1,FALSE
cnsta,210,210,1,-,C,A,mismatch,134,680,1,FALSE
cnsta,109,109,1,-,G,C,mismatch,135,716,1,FALSE
cnsta,213,213,1,-,C,A,mismatch,136,668,1,FALSE
cnsta,101,101,1,-,G,C,mismatch,138,680,1,FALSE
cnsta,138,138,1,-,A,C,mismatch,138,680,1,FALSE
cnsta,172,172,1,-,G,T,mismatch,138,680,1,FALSE
cnsta,186,186,1,-,C,G,mismatch,138,680,1,FALSE
cnsta,108,108,1,-,G,A,mismatch,140,707,1,FALSE
cnsta,225,225,1,-,G,C,mismatch,140,707,1,FALSE
cnsta,104,104,1,-,T,C,mismatch,141,716,1,FALSE
cnsta,105,105,1,-,G,C,mismatch,142,716,1,FALSE
cnsta,174,174,1,-,T,C,mismatch,143,732,1,FALSE
cnsta,221,221,1,-,A,T,mismatch,143,732,1,FALSE
cnsta,168,168,1,-,A,C,mismatch,144,677,1,FALSE
cnsta,180,180,1,-,T,C,mismatch,144,677,1,FALSE
cnsta,138,138,1,-,A,T,mismatch,145,716,1,FALSE
cnsta,98,98,1,-,G,T,mismatch,146,716,1,FALSE
cnsta,116,116,1,-,G,A,mismatch,147,716,1,FALSE
cnsta,122,122,1,-,C,T,mismatch,148,716,1,FALSE
cnsta,93,93,1,-,A,G,mismatch,149,716,1,FALSE
cnsta,159,159,1,-,G,T,mismatch,150,716,1,FALSE
cnsta,123,123,1,-,G,A,mismatch,151,716,1,FALSE
cnsta,121,121,1,-,G,T,mismatch,152,707,1,FALSE
cnsta,124,124,1,-,A,T,mismatch,153,716,1,FALSE
cnsta,186,186,1,-,C,G,mismatch,157,716,1,FALSE
cnsta,192,192,1,-,C,G,mismatch,158,707,1,FALSE
cnsta,194,194,1,-,T,A,mismatch,159,716,1,FALSE
cnsta,130,130,1,-,C,G,mismatch,160,741,1,FALSE
cnsta,101,101,1,-,G,A,mismatch,162,707,1,FALSE
cnsta,194,194,1,-,T,G,mismatch,162,707,1,FALSE
cnsta,179,179,1,-,G,A,mismatch,163,716,1,FALSE
cnsta,184,184,1,-,T,C,mismatch,165,716,1,FALSE
cnsta,159,159,1,-,G,C,mismatch,166,716,1,FALSE
cnsta,104,104,1,-,T,C,mismatch,167,707,1,FALSE
cnsta,227,227,1,-,C,G,mismatch,167,707,1,FALSE
cnsta,97,97,1,-,T,C,mismatch,168,698,1,FALSE
cnsta,143,143,1,-,A,C,mismatch,168,698,1,FALSE
cnsta,185,185,1,-,C,A,mismatch,168,698,1,FALSE
cnsta,115,115,1,-,G,A,mismatch,171,707,1,FALSE
cnsta,126,126,1,-,G,C,mismatch,171,707,1,FALSE
cnsta,189,189,1,-,A,C,mismatch,172,716,1,FALSE
cnsta,112,112,1,-,A,C,mismatch,173,716,1,FALSE
cnsta,108,108,1,-,G,T,mismatch,174,707,1,FALSE
cnsta,141,141,1,-,G,T,mismatch,174,707,1,FALSE
cnsta,96,96,1,-,T,A,mismatch,176,698,1,FALSE
cnsta,120,120,1,-,A,T,mismatch,176,698,1,FALSE
cnsta,187,187,1,-,G,T,mismatch,176,698,1,FALSE
cnsta,111,111,1,-,C,G,mismatch,177,732,1,FALSE
cnsta,154,154,1,-,A,G,mismatch,177,732,1,FALSE
cnsta,121,121,1,-,G,A,mismatch,179,698,1,FALSE
cnsta,164,164,1,-,A,T,mismatch,179,698,1,FALSE
cnsta,185,185,1,-,C,T,mismatch,179,698,1,FALSE
cnsta,104,104,1,-,T,A,mismatch,180,698,1,FALSE
cnsta,174,174,1,-,T,G,mismatch,180,698,1,FALSE
cnsta,186,186,1,-,C,G,mismatch,180,698,1,FALSE
cnsta,95,95,1,-,C,T,mismatch,181,716,1,FALSE
cnsta,128,128,1,-,C,A,mismatch,182,707,1,FALSE
cnsta,199,199,1,-,A,G,mismatch,182,707,1,FALSE
cnsta,137,137,1,-,G,C,mismatch,183,707,1,FALSE
cnsta,151,151,1,-,C,A,mismatch,183,707,1,FALSE
cnsta,100,100,1,-,T,G,mismatch,184,698,1,FALSE
cnsta,208,208,1,-,A,T,mismatch,184,698,1,FALSE
cnsta,175,175,1,-,C,A,mismatch,187,716,1,FALSE
cnsta,122,122,1,-,C,G,mismatch,188,707,1,FALSE
cnsta,178,178,1,-,A,T,mismatch,189,716,1,FALSE
cnsta,142,142,1,-,G,T,mismatch,191,716,1,FALSE
cnsta,113,113,1,-,G,C,mismatch,194,716,1,FALSE
cnsta,114,114,1,-,T,C,mismatch,195,716,1,FALSE
cnsta,110,110,1,-,T,A,mismatch,196,707,1,FALSE
cnsta,167,167,1,-,G,C,mismatch,196,707,1,FALSE
cnsta,233,233,1,-,G,A,mismatch,199,716,1,FALSE
cnsta,98,98,1,-,G,T,mismatch,200,716,1,FALSE
cnsta,198,198,1,-,G,T,mismatch,201,707,1,FALSE
cnsta,204,204,1,-,C,T,mismatch,201,707,1,FALSE
cnsta,121,121,1,-,G,T,mismatch,203,698,1,FALSE
cnsta,176,176,1,-,T,G,mismatch,203,698,1,FALSE
cnsta,194,194,1,-,T,C,mismatch,203,698,1,FALSE
cnsta,106,106,1,-,A,G,mismatch,204,732,1,FALSE
cnsta,196,196,1,-,A,T,mismatch,204,732,1,FALSE
cnsta,106,106,1,-,A,C,mismatch,206,716,1,FALSE
cnsta,169,169,1,-,G,C,mismatch,208,716,1,FALSE
cnsta,114,114,1,-,T,C,mismatch,210,732,1,FALSE
cnsta,190,190,1,-,G,T,mismatch,210,732,1,FALSE
cnsta,104,104,1,-,T,G,mismatch,211,716,1,FALSE
cnsta,189,189,1,-,A,C,mismatch,212,716,1,FALSE
cnsta,151,151,1,-,C,T,mismatch,213,716,1,FALSE
cnsta,102,102,1,-,G,C,mismatch,217,716,1,FALSE
cnsta,143,143,1,-,A,G,mismatch,218,716,1,FALSE
cnsta,180,180,1,-,T,G,mismatch,219,716,1,FALSE
cnsta,114,114,1,-,T,C,mismatch,221,741,1,FALSE
cnsta,150,150,1,-,A,C,mismatch,222,716,1,FALSE
cnsta,121,121,1,-,G,C,mismatch,225,698,1,FALSE
cnsta,199,199,1,-,A,G,mismatch,225,698,1,FALSE
cnsta,220,220,1,-,A,C,mismatch,225,698,1,FALSE
cnsta,141,141,1,-,G,A,mismatch,226,707,1,FALSE
cnsta,172,172,1,-,G,A,mismatch,226,707,1,FALSE
cnsta,204,204,1,-,C,T,mismatch,228,716,1,FALSE
cnsta,106,106,1,-,A,C,mismatch,229,698,1,FALSE
cnsta,138,138,1,-,A,G,mismatch,231,689,1,FALSE
cnsta,173,173,1,-,C,A,mismatch,231,689,1,FALSE
cnsta,216,216,1,-,C,T,mismatch,231,689,1,FALSE
cnsta,208,208,1,-,A,T,mismatch,232,716,1,FALSE
cnsta,117,117,1,-,C,G,mismatch,233,707,1,FALSE
cnsta,170,170,1,-,C,A,mismatch,233,707,1,FALSE
cnsta,200,200,1,-,C,G,mismatch,235,732,1,FALSE
cnsta,208,208,1,-,A,T,mismatch,235,732,1,FALSE
cnsta,106,106,1,-,A,T,mismatch,237,707,1,FALSE
cnsta,216,216,1,-,C,T,mismatch,237,707,1,FALSE
cnsta,208,208,1,-,A,C,mismatch,238,716,1,FALSE
cnsta,111,111,1,-,C,A,mismatch,239,716,1,FALSE
cnsta,113,113,1,-,G,T,mismatch,240,698,1,FALSE
cnsta,179,179,1,-,G,T,mismatch,240,698,1,FALSE
cnsta,201,201,1,-,A,T,mismatch,240,698,1,FALSE
cnsta,156,156,1,-,C,G,mismatch,241,716,1,FALSE
cnsta,138,138,1,-,A,G,mismatch,242,716,1,FALSE
cnsta,109,109,1,-,G,C,mismatch,243,716,1,FALSE
cnsta,121,121,1,-,G,T,mismatch,245,716,1,FALSE
cnsta,96,96,1,-,T,G,mismatch,246,698,1,FALSE
cnsta,98,98,1,-,G,A,mismatch,246,698,1,FALSE
cnsta,146,146,1,-,A,T,mismatch,246,698,1,FALSE
cnsta,122,122,1,-,C,G,mismatch,247,707,1,FALSE
cnsta,102,102,1,-,G,A,mismatch,248,689,1,FALSE
cnsta,121,121,1,-,G,A,mismatch,248,689,1,FALSE
cnsta,151,151,1,-,C,G,mismatch,248,689,1,FALSE
cnsta,170,170,1,-,C,A,mismatch,248,689,1,FALSE
cnsta,121,121,1,-,G,C,mismatch,249,707,1,FALSE
cnsta,173,173,1,-,C,T,mismatch,249,707,1,FALSE
cnsta,112,112,1,-,A,T,mismatch,250,707,1,FALSE
cnsta,150,150,1,-,A,G,mismatch,250,707,1,FALSE
cnsta,144,144,1,-,G,A,mismatch,252,741,1,FALSE
cnsta,103,103,1,-,A,G,mismatch,254,732,1,FALSE
cnsta,171,171,1,-,T,G,mismatch,254,732,1,FALSE
cnsta,165,165,1,-,C,G,mismatch,255,716,1,FALSE
cnsta,120,120,1,-,A,G,mismatch,256,707,1,FALSE
cnsta,126,126,1,-,G,A,mismatch,256,707,1,FALSE
cnsta,136,136,1,-,G,C,mismatch,258,716,1,FALSE
cnsta,101,101,1,-,G,A,mismatch,261,698,1,FALSE
cnsta,105,105,1,-,G,T,mismatch,261,698,1,FALSE
cnsta,107,107,1,-,C,T,mismatch,261,698,1,FALSE
cnsta,157,157,1,-,C,T,mismatch,263,716,1,FALSE
cnsta,102,102,1,-,G,T,mismatch,266,707,1,FALSE
cnsta,125,125,1,-,C,G,mismatch,266,707,1,FALSE
cnsta,147,147,1,-,G,A,mismatch,268,716,1,FALSE
cnsta,115,115,1,-,G,C,mismatch,269,698,1,FALSE
cnsta,146,146,1,-,A,G,mismatch,269,698,1,FALSE
cnsta,213,213,1,-,C,T,mismatch,269,698,1,FALSE
cnsta,147,147,1,-,G,C,mismatch,271,716,1,FALSE
cnsta,122,122,1,-,C,A,mismatch,274,716,1,FALSE
cnsta,122,122,1,-,C,G,mismatch,275,716,1,FALSE
cnsta,180,180,1,-,T,A,mismatch,277,716,1,FALSE
cnsta,191,191,1,-,C,G,mismatch,278,716,1,FALSE
cnsta,122,122,1,-,C,T,mismatch,280,698,1,FALSE
cnsta,189,189,1,-,A,G,mismatch,280,698,1,FALSE
cnsta,170,170,1,-,C,G,mismatch,283,707,1,FALSE
cnsta,184,184,1,-,T,A,mismatch,283,707,1,FALSE
cnsta,125,125,1,-,C,A,mismatch,284,741,1,FALSE
cnsta,189,189,1,-,A,T,mismatch,286,707,1,FALSE
cnsta,205,205,1,-,A,T,mismatch,286,707,1,FALSE
cnsta,96,96,1,-,T,G,mismatch,287,707,1,FALSE
cnsta,144,144,1,-,G,C,mismatch,287,707,1,FALSE
cnsta,144,144,1,-,G,T,mismatch,288,716,1,FALSE
cnsta,213,213,1,-,C,G,mismatch,289,716,1,FALSE
cnsta,101,101,1,-,G,A,mismatch,290,716,1,FALSE
cnsta,116,116,1,-,G,T,mismatch,291,707,1,FALSE
cnsta,142,142,1,-,G,C,mismatch,291,707,1,FALSE
cnsta,168,168,1,-,A,T,mismatch,292,707,1,FALSE
cnsta,229,229,1,-,A,G,mismatch,292,707,1,FALSE
cnsta,168,168,1,-,A,T,mismatch,293,716,1,FALSE
cnsta,95,95,1,-,C,T,mismatch,294,707,1,FALSE
cnsta,119,119,1,-,G,C,mismatch,294,707,1,FALSE
cnsta,179,179,1,-,G,A,mismatch,296,716,1,FALSE
cnsta,103,103,1,-,A,T,mismatch,298,741,1,FALSE
cnsta,137,137,1,-,G,C,mismatch,299,741,1,FALSE
cnsta,184,184,1,-,T,C,mismatch,300,716,1,FALSE
cnsta,154,154,1,-,A,T,mismatch,301,707,1,FALSE
cnsta,161,161,1,-,G,C,mismatch,301,707,1,FALSE
cnsta,137,137,1,-,G,A,mismatch,303,698,1,FALSE
cnsta,144,144,1,-,G,C,mismatch,303,698,1,FALSE
cnsta,183,183,1,-,T,C,mismatch,303,698,1,FALSE
cnsta,94,94,1,-,T,A,mismatch,304,680,1,FALSE
cnsta,181,181,1,-,C,G,mismatch,304,680,1,FALSE
cnsta,207,207,1,-,A,C,mismatch,304,680,1,FALSE
cnsta,140,140,1,-,A,G,mismatch,305,716,1,FALSE
cnsta,99,99,1,-,A,T,mismatch,307,707,1,FALSE
cnsta,107,107,1,-,C,A,mismatch,307,707,1,FALSE
cnsta,100,100,1,-,T,G,mismatch,308,689,1,FALSE
cnsta,116,116,1,-,G,C,mismatch,308,689,1,FALSE
cnsta,156,156,1,-,C,T,mismatch,308,689,1,FALSE
cnsta,225,225,1,-,G,A,mismatch,308,689,1,FALSE
cnsta,163,163,1,-,T,C,mismatch,309,732,1,FALSE
cnsta,205,205,1,-,A,T,mismatch,309,732,1,FALSE
cnsta,105,105,1,-,G,T,mismatch,310,716,1,FALSE
cnsta,151,151,1,-,C,A,mismatch,311,707,1,FALSE
cnsta,159,159,1,-,G,T,mismatch,311,707,1,FALSE
cnsta,192,192,1,-,C,T,mismatch,312,716,1,FALSE
cnsta,169,169,1,-,G,C,mismatch,313,716,1,FALSE
cnsta,97,97,1,-,T,G,mismatch,314,689,1,FALSE
cnsta,117,117,1,-,C,T,mismatch,314,689,1,FALSE
cnsta,140,140,1,-,A,G,mismatch,314,689,1,FALSE
cnsta,169,169,1,-,G,A,mismatch,314,689,1,FALSE
cnsta,96,96,1,-,T,A,mismatch,315,698,1,FALSE
cnsta,103,103,1,-,A,G,mismatch,315,698,1,FALSE
cnsta,171,171,1,-,T,G,mismatch,315,698,1,FALSE
cnsta,159,159,1,-,G,A,mismatch,319,716,1,FALSE
cnsta,186,186,1,-,C,G,mismatch,321,716,1,FALSE
cnsta,149,149,1,-,G,C,mismatch,322,716,1,FALSE
cnsta,104,104,1,-,T,A,mismatch,323,698,1,FALSE
cnsta,113,113,1,-,G,T,mismatch,323,698,1,FALSE
cnsta,124,124,1,-,A,G,mismatch,323,698,1,FALSE
cnsta,170,170,1,-,C,G,mismatch,326,716,1,FALSE
cnsta,107,107,1,-,C,A,mismatch,328,732,1,FALSE
cnsta,128,128,1,-,C,T,mismatch,328,732,1,FALSE
cnsta,136,136,1,-,G,C,mismatch,331,716,1,FALSE
cnsta,142,142,1,-,G,C,mismatch,333,732,1,FALSE
cnsta,153,153,1,-,G,A,mismatch,333,732,1,FALSE
cnsta,142,142,1,-,G,T,mismatch,334,716,1,FALSE
cnsta,130,130,1,-,C,T,mismatch,336,716,1,FALSE
cnsta,118,118,1,-,A,G,mismatch,337,732,1,FALSE
cnsta,201,201,1,-,A,C,mismatch,337,732,1,FALSE
cnsta,112,112,1,-,A,T,mismatch,338,716,1,FALSE
cnsta,215,215,1,-,G,A,mismatch,339,741,1,FALSE
cnsta,161,161,1,-,G,C,mismatch,340,707,1,FALSE
cnsta,209,209,1,-,C,A,mismatch,340,707,1,FALSE
cnsta,157,157,1,-,C,T,mismatch,341,716,1,FALSE
cnsta,172,172,1,-,G,C,mismatch,342,677,1,FALSE
cnsta,177,177,1,-,G,C,mismatch,342,677,1,FALSE
cnsta,119,119,1,-,G,T,mismatch,344,716,1,FALSE
cnsta,103,103,1,-,A,T,mismatch,345,716,1,FALSE
cnsta,103,103,1,-,A,G,mismatch,346,689,1,FALSE
cnsta,116,116,1,-,G,A,mismatch,346,689,1,FALSE
cnsta,148,148,1,-,C,T,mismatch,346,689,1,FALSE
cnsta,161,161,1,-,G,T,mismatch,346,689,1,FALSE
cnsta,225,225,1,-,G,A,mismatch,349,716,1,FALSE
cnsta,108,108,1,-,G,A,mismatch,350,716,1,FALSE
cnsta,165,165,1,-,C,G,mismatch,351,716,1,FALSE
cnsta,96,96,1,-,T,G,mismatch,352,716,1,FALSE
cnsta,125,125,1,-,C,G,mismatch,353,741,1,FALSE
cnsta,101,101,1,-,G,A,mismatch,357,716,1,FALSE
cnsta,225,225,1,-,G,A,mismatch,359,716,1,FALSE
cnsta,129,129,1,-,C,A,mismatch,361,707,1,FALSE
cnsta,134,134,1,-,A,C,mismatch,361,707,1,FALSE
cnsta,110,110,1,-,T,A,mismatch,362,716,1,FALSE
cnsta,109,109,1,-,G,T,mismatch,363,716,1,FALSE
cnsta,94,94,1,-,T,G,mismatch,364,680,1,FALSE
cnsta,123,123,1,-,G,T,mismatch,364,680,1,FALSE
cnsta,137,137,1,-,G,T,mismatch,364,680,1,FALSE
cnsta,155,155,1,-,G,T,mismatch,364,680,1,FALSE
cnsta,182,182,1,-,C,T,mismatch,364,680,1,FALSE
cnsta,114,114,1,-,T,G,mismatch,365,716,1,FALSE
cnsta,168,168,1,-,A,T,mismatch,367,707,1,FALSE
cnsta,170,170,1,-,C,A,mismatch,367,707,1,FALSE
cnsta,110,110,1,-,T,C,mismatch,369,698,1,FALSE
cnsta,129,129,1,-,C,T,mismatch,369,698,1,FALSE
cnsta,152,152,1,-,T,C,mismatch,369,698,1,FALSE
cnsta,136,136,1,-,G,T,mismatch,371,707,1,FALSE
cnsta,152,152,1,-,T,C,mismatch,371,707,1,FALSE
cnsta,107,107,1,-,C,T,mismatch,372,707,1,FALSE
cnsta,148,148,1,-,C,A,mismatch,372,707,1,FALSE
cnsta,125,125,1,-,C,A,mismatch,373,716,1,FALSE
cnsta,125,125,1,-,C,T,mismatch,374,716,1,FALSE
cnsta,101,101,1,-,G,C,mismatch,375,698,1,FALSE
cnsta,148,148,1,-,C,G,mismatch,375,698,1,FALSE
cnsta,174,174,1,-,T,G,mismatch,375,698,1,FALSE
cnsta,187,187,1,-,G,T,mismatch,376,716,1,FALSE
cnsta,96,96,1,-,T,C,mismatch,378,698,1,FALSE
cnsta,216,216,1,-,C,T,mismatch,378,698,1,FALSE
cnsta,98,98,1,-,G,T,mismatch,380,689,1,FALSE
cnsta,119,119,1,-,G,A,mismatch,380,689,1,FALSE
cnsta,149,149,1,-,G,T,mismatch,380,689,1,FALSE
cnsta,143,143,1,-,A,T,mismatch,381,716,1,FALSE
cnsta,112,112,1,-,A,C,mismatch,382,707,1,FALSE
cnsta,171,171,1,-,T,A,mismatch,382,707,1,FALSE
cnsta,138,138,1,-,A,G,mismatch,383,707,1,FALSE
cnsta,160,160,1,-,A,T,mismatch,385,716,1,FALSE
cnsta,130,130,1,-,C,T,mismatch,386,716,1,FALSE
cnsta,199,199,1,-,A,G,mismatch,387,707,1,FALSE
cnsta,232,232,1,-,A,C,mismatch,387,707,1,FALSE
cnsta,96,96,1,-,T,C,mismatch,389,689,1,FALSE
cnsta,117,117,1,-,C,G,mismatch,389,689,1,FALSE
cnsta,159,159,1,-,G,C,mismatch,389,689,1,FALSE
cnsta,213,213,1,-,C,G,mismatch,389,689,1,FALSE
cnsta,154,154,1,-,A,T,mismatch,391,716,1,FALSE
cnsta,136,136,1,-,G,C,mismatch,392,707,1,FALSE
cnsta,217,217,1,-,T,G,mismatch,392,707,1,FALSE
cnsta,101,101,1,-,G,A,mismatch,393,716,1,FALSE
cnsta,150,150,1,-,A,T,mismatch,394,716,1,FALSE
cnsta,103,103,1,-,A,T,mismatch,395,716,1,FALSE
cnsta,175,175,1,-,C,A,mismatch,397,689,1,FALSE
cnsta,194,194,1,-,T,G,mismatch,397,689,1,FALSE
cnsta,225,225,1,-,G,A,mismatch,397,689,1,FALSE
cnsta,116,116,1,-,G,A,mismatch,399,707,1,FALSE
cnsta,136,136,1,-,G,T,mismatch,399,707,1,FALSE
cnsta,141,141,1,-,G,A,mismatch,400,716,1,FALSE
cnsta,140,140,1,-,A,G,mismatch,401,677,1,FALSE
cnsta,178,178,1,-,A,C,mismatch,401,677,1,FALSE
cnsta,118,118,1,-,A,G,mismatch,402,716,1,FALSE
cnsta,111,111,1,-,C,G,mismatch,405,707,1,FALSE
cnsta,160,160,1,-,A,C,mismatch,405,707,1,FALSE
cnsta,94,94,1,-,T,C,mismatch,406,716,1,FALSE
cnsta,109,109,1,-,G,T,mismatch,407,716,1,FALSE
cnsta,149,149,1,-,G,C,mismatch,408,707,1,FALSE
cnsta,227,227,1,-,C,T,mismatch,408,707,1,FALSE
cnsta,121,121,1,-,G,C,mismatch,409,716,1,FALSE
cnsta,167,167,1,-,G,A,mismatch,411,716,1,FALSE
cnsta,95,95,1,-,C,A,mismatch,412,707,1,FALSE
cnsta,125,125,1,-,C,A,mismatch,412,707,1,FALSE
cnsta,107,107,1,-,C,T,mismatch,413,707,1,FALSE
cnsta,162,162,1,-,C,T,mismatch,414,698,1,FALSE
cnsta,171,171,1,-,T,A,mismatch,414,698,1,FALSE
cnsta,182,182,1,-,C,G,mismatch,414,698,1,FALSE
cnsta,137,137,1,-,G,A,mismatch,416,716,1,FALSE
cnsta,97,97,1,-,T,A,mismatch,417,716,1,FALSE
cnsta,220,220,1,-,A,T,mismatch,418,707,1,FALSE
cnsta,179,179,1,-,G,C,mismatch,419,707,1,FALSE
cnsta,213,213,1,-,C,A,mismatch,419,707,1,FALSE
cnsta,146,146,1,-,A,T,mismatch,420,716,1,FALSE
cnsta,109,109,1,-,G,C,mismatch,422,716,1,FALSE
cnsta,94,94,1,-,T,A,mismatch,424,707,1,FALSE
cnsta,122,122,1,-,C,G,mismatch,424,707,1,FALSE
cnsta,97,97,1,-,T,C,mismatch,426,707,1,FALSE
cnsta,108,108,1,-,G,C,mismatch,426,707,1,FALSE
cnsta,112,112,1,-,A,C,mismatch,429,698,1,FALSE
cnsta,117,117,1,-,C,T,mismatch,429,698,1,FALSE
cnsta,137,137,1,-,G,C,mismatch,429,698,1,FALSE
cnsta,111,111,1,-,C,G,mismatch,430,707,1,FALSE
cnsta,219,219,1,-,G,A,mismatch,430,707,1,FALSE
cnsta,104,104,1,-,T,G,mismatch,432,680,1,FALSE
cnsta,124,124,1,-,A,T,mismatch,432,680,1,FALSE
cnsta,164,164,1,-,A,T,mismatch,432,680,1,FALSE
cnsta,202,202,1,-,A,C,mismatch,432,680,1,FALSE
cnsta,197,197,1,-,T,C,mismatch,434,707,1,FALSE
cnsta,153,153,1,-,G,A,mismatch,435,707,1,FALSE
cnsta,97,97,1,-,T,G,mismatch,436,689,1,FALSE
cnsta,109,109,1,-,G,T,mismatch,436,689,1,FALSE
cnsta,190,190,1,-,G,T,mismatch,436,689,1,FALSE
cnsta,147,147,1,-,G,A,mismatch,437,689,1,FALSE
cnsta,194,194,1,-,T,C,mismatch,437,689,1,FALSE
cnsta,218,218,1,-,G,T,mismatch,437,689,1,FALSE
cnsta,178,178,1,-,A,G,mismatch,438,707,1,FALSE
cnsta,97,97,1,-,T,A,mismatch,439,707,1,FALSE
cnsta,229,229,1,-,A,C,mismatch,442,707,1,FALSE
cnsta,95,95,1,-,C,A,mismatch,443,698,1,FALSE
cnsta,178,178,1,-,A,C,mismatch,443,698,1,FALSE
cnsta,110,110,1,-,T,C,mismatch,444,698,1,FALSE
cnsta,142,142,1,-,G,C,mismatch,444,698,1,FALSE
cnsta,117,117,1,-,C,T,mismatch,445,689,1,FALSE
cnsta,140,140,1,-,A,G,mismatch,445,689,1,FALSE
cnsta,167,167,1,-,G,A,mismatch,445,689,1,FALSE
cnsta,180,180,1,-,T,A,mismatch,446,698,1,FALSE
cnsta,218,218,1,-,G,C,mismatch,446,698,1,FALSE
cnsta,107,107,1,-,C,G,mismatch,447,689,1,FALSE
cnsta,155,155,1,-,G,A,mismatch,447,689,1,FALSE
cnsta,162,162,1,-,C,G,mismatch,447,689,1,FALSE
cnsta,151,151,1,-,C,G,mismatch,448,698,1,FALSE
cnsta,161,161,1,-,G,T,mismatch,448,698,1,FALSE
cnsta,99,99,1,-,A,G,mismatch,449,707,1,FALSE
cnsta,123,123,1,-,G,A,mismatch,450,689,1,FALSE
cnsta,141,141,1,-,G,A,mismatch,450,689,1,FALSE
cnsta,188,188,1,-,C,G,mismatch,450,689,1,FALSE
cnsta,105,105,1,-,G,A,mismatch,451,698,1,FALSE
cnsta,150,150,1,-,A,T,mismatch,451,698,1,FALSE
cnsta,155,155,1,-,G,C,mismatch,452,707,1,FALSE
cnsta,115,115,1,-,G,A,mismatch,453,698,1,FALSE
cnsta,185,185,1,-,C,T,mismatch,453,698,1,FALSE
cnsta,218,218,1,-,G,T,mismatch,454,707,1,FALSE
cnsta,98,98,1,-,G,C,mismatch,455,698,1,FALSE
cnsta,224,224,1,-,G,C,mismatch,455,698,1,FALSE
cnsta,232,232,1,-,A,G,mismatch,457,716,1,FALSE
cnsta,218,218,1,-,G,T,mismatch,458,707,1,FALSE
cnsta,231,231,1,-,G,T,mismatch,458,707,1,FALSE
cnsta,229,229,1,-,A,T,mismatch,459,716,1,FALSE
cnsta,229,229,1,-,A,G,mismatch,460,716,1,FALSE
cnsta,95,95,1,-,C,G,mismatch,461,698,1,FALSE
cnsta,112,112,1,-,A,C,mismatch,461,698,1,FALSE
cnsta,225,225,1,-,G,T,mismatch,461,698,1,FALSE
cnsta,150,150,1,-,A,C,mismatch,462,698,1,FALSE
cnsta,163,163,1,-,T,A,mismatch,462,698,1,FALSE
cnsta,223,223,1,-,A,T,mismatch,462,698,1,FALSE
cnsta,223,223,1,-,A,G,mismatch,463,716,1,FALSE
cnsta,181,181,1,-,C,A,mismatch,464,707,1,FALSE
cnsta,223,223,1,-,A,C,mismatch,464,707,1,FALSE
cnsta,146,146,1,-,A,G,mismatch,465,707,1,FALSE
cnsta,221,221,1,-,A,T,mismatch,465,707,1,FALSE
cnsta,110,110,1,-,T,G,mismatch,466,707,1,FALSE
cnsta,221,221,1,-,A,T,mismatch,466,707,1,FALSE
cnsta,136,136,1,-,G,C,mismatch,467,698,1,FALSE
cnsta,201,201,1,-,A,G,mismatch,467,698,1,FALSE
cnsta,220,220,1,-,A,G,mismatch,467,698,1,FALSE
cnsta,145,145,1,-,G,T,mismatch,468,698,1,FALSE
cnsta,148,148,1,-,C,T,mismatch,468,698,1,FALSE
cnsta,220,220,1,-,A,G,mismatch,468,698,1,FALSE
cnsta,146,146,1,-,A,G,mismatch,469,698,1,FALSE
cnsta,181,181,1,-,C,A,mismatch,469,698,1,FALSE
cnsta,218,218,1,-,G,T,mismatch,469,698,1,FALSE
cnsta,189,189,1,-,A,T,mismatch,470,707,1,FALSE
cnsta,216,216,1,-,C,T,mismatch,470,707,1,FALSE
cnsta,191,191,1,-,C,G,mismatch,471,698,1,FALSE
cnsta,206,206,1,-,C,G,mismatch,471,698,1,FALSE
cnsta,216,216,1,-,C,G,mismatch,471,698,1,FALSE
cnsta,106,106,1,-,A,C,mismatch,472,707,1,FALSE
cnsta,213,213,1,-,C,T,mismatch,472,707,1,FALSE
cnsta,213,213,1,-,C,G,mismatch,473,716,1,FALSE
cnsta,212,212,1,-,G,T,mismatch,474,716,1,FALSE
cnsta,95,95,1,-,C,A,mismatch,475,707,1,FALSE
cnsta,211,211,1,-,G,T,mismatch,475,707,1,FALSE
cnsta,99,99,1,-,A,G,mismatch,476,698,1,FALSE
cnsta,156,156,1,-,C,G,mismatch,476,698,1,FALSE
cnsta,210,210,1,-,C,T,mismatch,476,698,1,FALSE
cnsta,96,96,1,-,T,G,mismatch,477,707,1,FALSE
cnsta,210,210,1,-,C,G,mismatch,477,707,1,FALSE
cnsta,184,184,1,-,T,C,mismatch,478,689,1,FALSE
cnsta,209,209,1,-,C,T,mismatch,478,689,1,FALSE
cnsta,105,105,1,-,G,A,mismatch,479,689,1,FALSE
cnsta,189,189,1,-,A,C,mismatch,479,689,1,FALSE
cnsta,205,205,1,-,A,C,mismatch,479,689,1,FALSE
cnsta,209,209,1,-,C,G,mismatch,479,689,1,FALSE
cnsta,113,113,1,-,G,A,mismatch,480,689,1,FALSE
cnsta,164,164,1,-,A,C,mismatch,480,689,1,FALSE
cnsta,199,199,1,-,A,G,mismatch,480,689,1,FALSE
cnsta,209,209,1,-,C,G,mismatch,480,689,1,FALSE
cnsta,106,106,1,-,A,G,mismatch,481,707,1,FALSE
cnsta,209,209,1,-,C,G,mismatch,481,707,1,FALSE
cnsta,108,108,1,-,G,C,mismatch,482,707,1,FALSE
cnsta,208,208,1,-,A,T,mismatch,482,707,1,FALSE
cnsta,119,119,1,-,G,A,mismatch,483,698,1,FALSE
cnsta,200,200,1,-,C,G,mismatch,483,698,1,FALSE
cnsta,208,208,1,-,A,G,mismatch,483,698,1,FALSE
cnsta,207,207,1,-,A,T,mismatch,484,716,1,FALSE
cnsta,105,105,1,-,G,C,mismatch,485,707,1,FALSE
cnsta,207,207,1,-,A,T,mismatch,485,707,1,FALSE
cnsta,107,107,1,-,C,G,mismatch,486,707,1,FALSE
cnsta,206,206,1,-,C,T,mismatch,486,707,1,FALSE
cnsta,101,101,1,-,G,A,mismatch,487,707,1,FALSE
cnsta,205,205,1,-,A,G,mismatch,487,707,1,FALSE
cnsta,157,157,1,-,C,A,mismatch,488,689,1,FALSE
cnsta,175,175,1,-,C,T,mismatch,488,689,1,FALSE
cnsta,187,187,1,-,G,A,mismatch,488,689,1,FALSE
cnsta,205,205,1,-,A,G,mismatch,488,689,1,FALSE
cnsta,104,104,1,-,T,C,mismatch,489,698,1,FALSE
cnsta,141,141,1,-,G,C,mismatch,489,698,1,FALSE
cnsta,205,205,1,-,A,C,mismatch,489,698,1,FALSE
cnsta,204,204,1,-,C,T,mismatch,490,698,1,FALSE
cnsta,204,204,1,-,C,T,mismatch,491,716,1,FALSE
cnsta,116,116,1,-,G,T,mismatch,492,707,1,FALSE
cnsta,204,204,1,-,C,G,mismatch,492,707,1,FALSE
cnsta,124,124,1,-,A,G,mismatch,493,707,1,FALSE
cnsta,203,203,1,-,C,G,mismatch,493,707,1,FALSE
cnsta,175,175,1,-,C,T,mismatch,494,689,1,FALSE
cnsta,202,202,1,-,A,T,mismatch,494,689,1,FALSE
cnsta,94,94,1,-,T,A,mismatch,495,698,1,FALSE
cnsta,183,183,1,-,T,A,mismatch,495,698,1,FALSE
cnsta,202,202,1,-,A,T,mismatch,495,698,1,FALSE
cnsta,202,202,1,-,A,G,mismatch,496,716,1,FALSE
cnsta,202,202,1,-,A,C,mismatch,497,716,1,FALSE
cnsta,110,110,1,-,T,C,mismatch,498,707,1,FALSE
cnsta,202,202,1,-,A,C,mismatch,498,707,1,FALSE
cnsta,191,191,1,-,C,T,mismatch,499,707,1,FALSE
cnsta,201,201,1,-,A,T,mismatch,499,707,1,FALSE
cnsta,201,201,1,-,A,T,mismatch,500,716,1,FALSE
cnsta,201,201,1,-,A,G,mismatch,501,716,1,FALSE
cnsta,101,101,1,-,G,T,mismatch,502,680,1,FALSE
cnsta,107,107,1,-,C,T,mismatch,502,680,1,FALSE
cnsta,111,111,1,-,C,G,mismatch,502,680,1,FALSE
cnsta,138,138,1,-,A,G,mismatch,502,680,1,FALSE
cnsta,201,201,1,-,A,C,mismatch,502,680,1,FALSE
cnsta,200,200,1,-,C,T,mismatch,503,716,1,FALSE
cnsta,143,143,1,-,A,G,mismatch,504,707,1,FALSE
cnsta,199,199,1,-,A,T,mismatch,504,707,1,FALSE
cnsta,99,99,1,-,A,C,mismatch,505,698,1,FALSE
cnsta,104,104,1,-,T,C,mismatch,505,698,1,FALSE
cnsta,199,199,1,-,A,T,mismatch,505,698,1,FALSE
cnsta,121,121,1,-,G,A,mismatch,506,689,1,FALSE
cnsta,153,153,1,-,G,A,mismatch,506,689,1,FALSE
cnsta,193,193,1,-,C,T,mismatch,506,689,1,FALSE
cnsta,199,199,1,-,A,G,mismatch,506,689,1,FALSE
cnsta,173,173,1,-,C,T,mismatch,507,707,1,FALSE
cnsta,199,199,1,-,A,C,mismatch,507,707,1,FALSE
cnsta,104,104,1,-,T,A,mismatch,508,707,1,FALSE
cnsta,199,199,1,-,A,C,mismatch,508,707,1,FALSE
cnsta,196,196,1,-,A,G,mismatch,509,716,1,FALSE
cnsta,101,101,1,-,G,C,mismatch,510,707,1,FALSE
cnsta,196,196,1,-,A,C,mismatch,510,707,1,FALSE
cnsta,193,193,1,-,C,G,mismatch,511,716,1,FALSE
cnsta,192,192,1,-,C,T,mismatch,512,716,1,FALSE
cnsta,147,147,1,-,G,T,mismatch,513,698,1,FALSE
cnsta,174,174,1,-,T,C,mismatch,513,698,1,FALSE
cnsta,192,192,1,-,C,G,mismatch,513,698,1,FALSE
cnsta,103,103,1,-,A,C,mismatch,514,707,1,FALSE
cnsta,191,191,1,-,C,T,mismatch,514,707,1,FALSE
cnsta,190,190,1,-,G,T,mismatch,515,716,1,FALSE
cnsta,189,189,1,-,A,T,mismatch,516,716,1,FALSE
cnsta,151,151,1,-,C,T,mismatch,517,707,1,FALSE
cnsta,189,189,1,-,A,G,mismatch,517,707,1,FALSE
cnsta,116,116,1,-,G,T,mismatch,518,707,1,FALSE
cnsta,189,189,1,-,A,G,mismatch,518,707,1,FALSE
cnsta,189,189,1,-,A,G,mismatch,519,716,1,FALSE
cnsta,189,189,1,-,A,C,mismatch,520,716,1,FALSE
cnsta,125,125,1,-,C,A,mismatch,521,707,1,FALSE
cnsta,188,188,1,-,C,G,mismatch,521,707,1,FALSE
cnsta,103,103,1,-,A,G,mismatch,522,707,1,FALSE
cnsta,188,188,1,-,C,G,mismatch,522,707,1,FALSE
cnsta,188,188,1,-,C,G,mismatch,523,716,1,FALSE
cnsta,108,108,1,-,G,C,mismatch,524,698,1,FALSE
cnsta,176,176,1,-,T,A,mismatch,524,698,1,FALSE
cnsta,188,188,1,-,C,G,mismatch,524,698,1,FALSE
cnsta,137,137,1,-,G,A,mismatch,525,707,1,FALSE
cnsta,187,187,1,-,G,T,mismatch,525,707,1,FALSE
cnsta,182,182,1,-,C,A,mismatch,526,707,1,FALSE
cnsta,187,187,1,-,G,T,mismatch,526,707,1,FALSE
cnsta,155,155,1,-,G,C,mismatch,527,707,1,FALSE
cnsta,185,185,1,-,C,T,mismatch,527,707,1,FALSE
cnsta,101,101,1,-,G,A,mismatch,528,707,1,FALSE
cnsta,182,182,1,-,C,G,mismatch,528,707,1,FALSE
cnsta,112,112,1,-,A,C,mismatch,529,698,1,FALSE
cnsta,174,174,1,-,T,C,mismatch,529,698,1,FALSE
cnsta,182,182,1,-,C,G,mismatch,529,698,1,FALSE
cnsta,177,177,1,-,G,T,mismatch,530,716,1,FALSE
cnsta,177,177,1,-,G,T,mismatch,531,716,1,FALSE
cnsta,175,175,1,-,C,T,mismatch,532,716,1,FALSE
cnsta,109,109,1,-,G,A,mismatch,533,707,1,FALSE
cnsta,175,175,1,-,C,T,mismatch,533,707,1,FALSE
cnsta,175,175,1,-,C,G,mismatch,534,716,1,FALSE
cnsta,110,110,1,-,T,G,mismatch,535,698,1,FALSE
cnsta,147,147,1,-,G,A,mismatch,535,698,1,FALSE
cnsta,175,175,1,-,C,G,mismatch,535,698,1,FALSE
cnsta,114,114,1,-,T,G,mismatch,536,707,1,FALSE
cnsta,173,173,1,-,C,G,mismatch,536,707,1,FALSE
cnsta,170,170,1,-,C,T,mismatch,537,716,1,FALSE
cnsta,164,164,1,-,A,G,mismatch,538,707,1,FALSE
cnsta,170,170,1,-,C,G,mismatch,538,707,1,FALSE
cnsta,170,170,1,-,C,G,mismatch,539,716,1,FALSE
cnsta,115,115,1,-,G,C,mismatch,540,698,1,FALSE
cnsta,161,161,1,-,G,T,mismatch,540,698,1,FALSE
cnsta,169,169,1,-,G,T,mismatch,540,698,1,FALSE
cnsta,148,148,1,-,C,A,mismatch,541,707,1,FALSE
cnsta,169,169,1,-,G,T,mismatch,541,707,1,FALSE
cnsta,93,93,1,-,A,G,mismatch,542,707,1,FALSE
cnsta,168,168,1,-,A,G,mismatch,542,707,1,FALSE
cnsta,168,168,1,-,A,C,mismatch,543,716,1,FALSE
cnsta,148,148,1,-,C,A,mismatch,544,698,1,FALSE
cnsta,152,152,1,-,T,G,mismatch,544,698,1,FALSE
cnsta,168,168,1,-,A,C,mismatch,544,698,1,FALSE
cnsta,102,102,1,-,G,T,mismatch,545,707,1,FALSE
cnsta,165,165,1,-,C,G,mismatch,545,707,1,FALSE
cnsta,164,164,1,-,A,T,mismatch,546,716,1,FALSE
cnsta,164,164,1,-,A,G,mismatch,547,716,1,FALSE
cnsta,125,125,1,-,C,G,mismatch,548,707,1,FALSE
cnsta,162,162,1,-,C,G,mismatch,548,707,1,FALSE
cnsta,124,124,1,-,A,G,mismatch,549,707,1,FALSE
cnsta,161,161,1,-,G,T,mismatch,549,707,1,FALSE
cnsta,147,147,1,-,G,C,mismatch,550,707,1,FALSE
cnsta,161,161,1,-,G,T,mismatch,550,707,1,FALSE
cnsta,160,160,1,-,A,G,mismatch,551,716,1,FALSE
cnsta,160,160,1,-,A,C,mismatch,552,716,1,FALSE
cnsta,159,159,1,-,G,T,mismatch,553,716,1,FALSE
cnsta,116,116,1,-,G,T,mismatch,554,707,1,FALSE
cnsta,157,157,1,-,C,G,mismatch,554,707,1,FALSE
cnsta,157,157,1,-,C,G,mismatch,555,716,1,FALSE
cnsta,105,105,1,-,G,T,mismatch,556,707,1,FALSE
cnsta,156,156,1,-,C,G,mismatch,556,707,1,FALSE
cnsta,154,154,1,-,A,G,mismatch,557,716,1,FALSE
cnsta,114,114,1,-,T,G,mismatch,558,707,1,FALSE
cnsta,154,154,1,-,A,G,mismatch,558,707,1,FALSE
cnsta,96,96,1,-,T,A,mismatch,559,707,1,FALSE
cnsta,153,153,1,-,G,T,mismatch,559,707,1,FALSE
cnsta,100,100,1,-,T,C,mismatch,560,698,1,FALSE
cnsta,109,109,1,-,G,T,mismatch,560,698,1,FALSE
cnsta,150,150,1,-,A,G,mismatch,560,698,1,FALSE
cnsta,150,150,1,-,A,G,mismatch,561,716,1,FALSE
cnsta,103,103,1,-,A,C,mismatch,562,707,1,FALSE
cnsta,150,150,1,-,A,C,mismatch,562,707,1,FALSE
cnsta,146,146,1,-,A,T,mismatch,563,716,1,FALSE
cnsta,124,124,1,-,A,T,mismatch,564,698,1,FALSE
cnsta,143,143,1,-,A,C,mismatch,564,698,1,FALSE
cnsta,146,146,1,-,A,C,mismatch,564,698,1,FALSE
cnsta,124,124,1,-,A,G,mismatch,565,707,1,FALSE
cnsta,144,144,1,-,G,T,mismatch,565,707,1,FALSE
cnsta,139,139,1,-,G,T,mismatch,566,707,1,FALSE
cnsta,143,143,1,-,A,T,mismatch,566,707,1,FALSE
cnsta,143,143,1,-,A,G,mismatch,567,716,1,FALSE
cnsta,125,125,1,-,C,G,mismatch,568,707,1,FALSE
cnsta,142,142,1,-,G,T,mismatch,568,707,1,FALSE
cnsta,142,142,1,-,G,T,mismatch,569,716,1,FALSE
cnsta,141,141,1,-,G,T,mismatch,570,716,1,FALSE
cnsta,108,108,1,-,G,C,mismatch,571,707,1,FALSE
cnsta,141,141,1,-,G,T,mismatch,571,707,1,FALSE
cnsta,140,140,1,-,A,G,mismatch,572,716,1,FALSE
cnsta,140,140,1,-,A,C,mismatch,573,716,1,FALSE
cnsta,109,109,1,-,G,T,mismatch,574,707,1,FALSE
cnsta,139,139,1,-,G,T,mismatch,574,707,1,FALSE
cnsta,95,95,1,-,C,T,mismatch,575,707,1,FALSE
cnsta,138,138,1,-,A,T,mismatch,575,707,1,FALSE
cnsta,137,137,1,-,G,T,mismatch,576,716,1,FALSE
cnsta,137,137,1,-,G,T,mismatch,577,716,1,FALSE
cnsta,99,99,1,-,A,G,mismatch,578,707,1,FALSE
cnsta,136,136,1,-,G,T,mismatch,578,707,1,FALSE
cnsta,136,136,1,-,G,T,mismatch,579,716,1,FALSE
cnsta,121,121,1,-,G,T,mismatch,580,707,1,FALSE
cnsta,125,125,1,-,C,T,mismatch,580,707,1,FALSE
cnsta,95,95,1,-,C,T,mismatch,581,707,1,FALSE
cnsta,125,125,1,-,C,T,mismatch,581,707,1,FALSE
cnsta,94,94,1,-,T,G,mismatch,583,716,1,FALSE
cnsta,117,117,1,-,C,T,mismatch,584,707,1,FALSE
cnsta,122,122,1,-,C,G,mismatch,584,707,1,FALSE
cnsta,111,111,1,-,C,G,mismatch,585,698,1,FALSE
cnsta,116,116,1,-,G,T,mismatch,585,698,1,FALSE
cnsta,122,122,1,-,C,G,mismatch,585,698,1,FALSE
cnsta,116,116,1,-,G,C,mismatch,586,707,1,FALSE
cnsta,122,122,1,-,C,G,mismatch,586,707,1,FALSE
cnsta,120,120,1,-,A,G,mismatch,587,716,1,FALSE
cnsta,96,96,1,-,T,C,mismatch,588,707,1,FALSE
cnsta,120,120,1,-,A,C,mismatch,588,707,1,FALSE
cnsta,93,93,1,-,A,G,mismatch,589,707,1,FALSE
cnsta,119,119,1,-,G,T,mismatch,589,707,1,FALSE
cnsta,118,118,1,-,A,T,mismatch,590,716,1,FALSE
cnsta,118,118,1,-,A,G,mismatch,591,716,1,FALSE
cnsta,104,104,1,-,T,G,mismatch,592,707,1,FALSE
cnsta,118,118,1,-,A,C,mismatch,592,707,1,FALSE
cnsta,104,104,1,-,T,C,mismatch,593,707,1,FALSE
cnsta,118,118,1,-,A,C,mismatch,593,707,1,FALSE
cnsta,99,99,1,-,A,T,mismatch,594,707,1,FALSE
cnsta,117,117,1,-,C,G,mismatch,594,707,1,FALSE
cnsta,112,112,1,-,A,T,mismatch,595,716,1,FALSE
cnsta,95,95,1,-,C,A,mismatch,596,698,1,FALSE
cnsta,102,102,1,-,G,T,mismatch,596,698,1,FALSE
cnsta,112,112,1,-,A,G,mismatch,596,698,1,FALSE
cnsta,112,112,1,-,A,G,mismatch,597,716,1,FALSE
cnsta,96,96,1,-,T,A,mismatch,598,707,1,FALSE
cnsta,112,112,1,-,A,G,mismatch,598,707,1,FALSE
cnsta,112,112,1,-,A,C,mismatch,599,716,1,FALSE
cnsta,95,95,1,-,C,T,mismatch,600,707,1,FALSE
cnsta,111,111,1,-,C,T,mismatch,600,707,1,FALSE
cnsta,111,111,1,-,C,T,mismatch,601,716,1,FALSE
cnsta,111,111,1,-,C,G,mismatch,602,716,1,FALSE
cnsta,94,94,1,-,T,A,mismatch,603,707,1,FALSE
cnsta,111,111,1,-,C,G,mismatch,603,707,1,FALSE
cnsta,98,98,1,-,G,A,mismatch,604,707,1,FALSE
cnsta,111,111,1,-,C,G,mismatch,604,707,1,FALSE
cnsta,98,98,1,-,G,T,mismatch,605,707,1,FALSE
cnsta,108,108,1,-,G,T,mismatch,605,707,1,FALSE
cnsta,108,108,1,-,G,T,mismatch,606,716,1,FALSE
cnsta,107,107,1,-,C,T,mismatch,607,716,1,FALSE
cnsta,107,107,1,-,C,G,mismatch,608,716,1,FALSE
cnsta,106,106,1,-,A,G,mismatch,609,716,1,FALSE
cnsta,103,103,1,-,A,T,mismatch,610,716,1,FALSE
cnsta,102,102,1,-,G,T,mismatch,611,716,1,FALSE
cnsta,101,101,1,-,G,T,mismatch,612,716,1,FALSE
cnsta,93,93,1,-,A,T,mismatch,613,716,1,FALSE
cnsta,93,93,1,-,A,C,mismatch,614,716,1,FALSE
cnsta,94,94,1,-,T,C,mismatch,616,716,1,FALSE
cnsta,94,94,1,-,T,A,mismatch,617,716,1,FALSE
cnsta,96,96,1,-,T,G,mismatch,618,716,1,FALSE
cnsta,96,96,1,-,T,C,mismatch,619,716,1,FALSE
cnsta,96,96,1,-,T,A,mismatch,620,716,1,FALSE
cnsta,97,97,1,-,T,A,mismatch,621,716,1,FALSE
cnsta,98,98,1,-,G,C,mismatch,622,716,1,FALSE
cnsta,98,98,1,-,G,A,mismatch,623,716,1,FALSE
cnsta,100,100,1,-,T,G,mismatch,624,716,1,FALSE
cnsta,100,100,1,-,T,C,mismatch,625,716,1,FALSE
cnsta,101,101,1,-,G,C,mismatch,626,716,1,FALSE
cnsta,101,101,1,-,G,A,mismatch,627,716,1,FALSE
cnsta,102,102,1,-,G,C,mismatch,628,716,1,FALSE
cnsta,104,104,1,-,T,G,mismatch,629,716,1,FALSE
cnsta,100,100,1,-,T,A,mismatch,630,707,1,FALSE
cnsta,104,104,1,-,T,C,mismatch,630,707,1,FALSE
cnsta,104,104,1,-,T,A,mismatch,631,716,1,FALSE
cnsta,105,105,1,-,G,A,mismatch,632,716,1,FALSE
cnsta,107,107,1,-,C,A,mismatch,633,716,1,FALSE
cnsta,102,102,1,-,G,C,mismatch,634,707,1,FALSE
cnsta,107,107,1,-,C,A,mismatch,634,707,1,FALSE
cnsta,98,98,1,-,G,T,mismatch,635,707,1,FALSE
cnsta,108,108,1,-,G,C,mismatch,635,707,1,FALSE
cnsta,110,110,1,-,T,G,mismatch,636,716,1,FALSE
cnsta,95,95,1,-,C,G,mismatch,637,707,1,FALSE
cnsta,110,110,1,-,T,C,mismatch,637,707,1,FALSE
cnsta,110,110,1,-,T,C,mismatch,638,716,1,FALSE
cnsta,110,110,1,-,T,A,mismatch,639,716,1,FALSE
cnsta,96,96,1,-,T,C,mismatch,640,707,1,FALSE
cnsta,114,114,1,-,T,G,mismatch,640,707,1,FALSE
cnsta,114,114,1,-,T,C,mismatch,641,716,1,FALSE
cnsta,114,114,1,-,T,A,mismatch,642,716,1,FALSE
cnsta,115,115,1,-,G,A,mismatch,643,716,1,FALSE
cnsta,104,104,1,-,T,C,mismatch,644,707,1,FALSE
cnsta,116,116,1,-,G,C,mismatch,644,707,1,FALSE
cnsta,116,116,1,-,G,A,mismatch,645,716,1,FALSE
cnsta,110,110,1,-,T,G,mismatch,646,707,1,FALSE
cnsta,119,119,1,-,G,C,mismatch,646,707,1,FALSE
cnsta,114,114,1,-,T,G,mismatch,647,707,1,FALSE
cnsta,119,119,1,-,G,C,mismatch,647,707,1,FALSE
cnsta,111,111,1,-,C,G,mismatch,648,707,1,FALSE
cnsta,121,121,1,-,G,A,mismatch,648,707,1,FALSE
cnsta,102,102,1,-,G,T,mismatch,649,707,1,FALSE
cnsta,121,121,1,-,G,A,mismatch,649,707,1,FALSE
cnsta,109,109,1,-,G,C,mismatch,650,707,1,FALSE
cnsta,122,122,1,-,C,A,mismatch,650,707,1,FALSE
cnsta,123,123,1,-,G,A,mismatch,651,716,1,FALSE
cnsta,97,97,1,-,T,C,mismatch,652,698,1,FALSE
cnsta,124,124,1,-,A,G,mismatch,652,698,1,FALSE
cnsta,136,136,1,-,G,C,mismatch,652,698,1,FALSE
cnsta,136,136,1,-,G,C,mismatch,653,716,1,FALSE
cnsta,119,119,1,-,G,T,mismatch,654,698,1,FALSE
cnsta,124,124,1,-,A,C,mismatch,654,698,1,FALSE
cnsta,137,137,1,-,G,C,mismatch,654,698,1,FALSE
cnsta,119,119,1,-,G,A,mismatch,655,707,1,FALSE
cnsta,139,139,1,-,G,C,mismatch,655,707,1,FALSE
cnsta,113,113,1,-,G,T,mismatch,656,707,1,FALSE
cnsta,141,141,1,-,G,C,mismatch,656,707,1,FALSE
cnsta,103,103,1,-,A,G,mismatch,657,707,1,FALSE
cnsta,141,141,1,-,G,C,mismatch,657,707,1,FALSE
cnsta,100,100,1,-,T,C,mismatch,658,707,1,FALSE
cnsta,141,141,1,-,G,C,mismatch,658,707,1,FALSE
cnsta,141,141,1,-,G,C,mismatch,659,698,1,FALSE
cnsta,106,106,1,-,A,T,mismatch,660,707,1,FALSE
cnsta,141,141,1,-,G,A,mismatch,660,707,1,FALSE
cnsta,141,141,1,-,G,A,mismatch,661,716,1,FALSE
cnsta,113,113,1,-,G,A,mismatch,662,707,1,FALSE
cnsta,144,144,1,-,G,C,mismatch,662,707,1,FALSE
cnsta,145,145,1,-,G,A,mismatch,663,716,1,FALSE
cnsta,104,104,1,-,T,A,mismatch,664,698,1,FALSE
cnsta,143,143,1,-,A,T,mismatch,664,698,1,FALSE
cnsta,147,147,1,-,G,C,mismatch,664,698,1,FALSE
cnsta,104,104,1,-,T,C,mismatch,665,698,1,FALSE
cnsta,142,142,1,-,G,A,mismatch,665,698,1,FALSE
cnsta,147,147,1,-,G,C,mismatch,665,698,1,FALSE
cnsta,115,115,1,-,G,T,mismatch,666,707,1,FALSE
cnsta,149,149,1,-,G,C,mismatch,666,707,1,FALSE
cnsta,140,140,1,-,A,C,mismatch,667,707,1,FALSE
cnsta,149,149,1,-,G,A,mismatch,667,707,1,FALSE
cnsta,138,138,1,-,A,G,mismatch,668,707,1,FALSE
cnsta,149,149,1,-,G,A,mismatch,668,707,1,FALSE
cnsta,149,149,1,-,G,A,mismatch,669,716,1,FALSE
cnsta,97,97,1,-,T,C,mismatch,670,707,1,FALSE
cnsta,149,149,1,-,G,A,mismatch,670,707,1,FALSE
cnsta,125,125,1,-,C,G,mismatch,671,707,1,FALSE
cnsta,152,152,1,-,T,G,mismatch,671,707,1,FALSE
cnsta,94,94,1,-,T,C,mismatch,672,698,1,FALSE
cnsta,121,121,1,-,G,C,mismatch,672,698,1,FALSE
cnsta,152,152,1,-,T,C,mismatch,672,698,1,FALSE
cnsta,113,113,1,-,G,T,mismatch,673,689,1,FALSE
cnsta,140,140,1,-,A,C,mismatch,673,689,1,FALSE
cnsta,149,149,1,-,G,A,mismatch,673,689,1,FALSE
cnsta,152,152,1,-,T,A,mismatch,673,689,1,FALSE
cnsta,153,153,1,-,G,A,mismatch,674,716,1,FALSE
cnsta,125,125,1,-,C,T,mismatch,675,707,1,FALSE
cnsta,155,155,1,-,G,A,mismatch,675,707,1,FALSE
cnsta,156,156,1,-,C,A,mismatch,676,716,1,FALSE
cnsta,139,139,1,-,G,C,mismatch,677,707,1,FALSE
cnsta,156,156,1,-,C,A,mismatch,677,707,1,FALSE
cnsta,157,157,1,-,C,A,mismatch,678,716,1,FALSE
cnsta,125,125,1,-,C,T,mismatch,679,707,1,FALSE
cnsta,158,158,1,-,G,A,mismatch,679,707,1,FALSE
cnsta,158,158,1,-,G,A,mismatch,680,716,1,FALSE
cnsta,142,142,1,-,G,A,mismatch,681,698,1,FALSE
cnsta,144,144,1,-,G,A,mismatch,681,698,1,FALSE
cnsta,158,158,1,-,G,A,mismatch,681,698,1,FALSE
cnsta,159,159,1,-,G,A,mismatch,682,716,1,FALSE
cnsta,100,100,1,-,T,A,mismatch,683,698,1,FALSE
cnsta,153,153,1,-,G,T,mismatch,683,698,1,FALSE
cnsta,161,161,1,-,G,C,mismatch,683,698,1,FALSE
cnsta,109,109,1,-,G,C,mismatch,684,707,1,FALSE
cnsta,161,161,1,-,G,C,mismatch,684,707,1,FALSE
cnsta,146,146,1,-,A,G,mismatch,685,707,1,FALSE
cnsta,161,161,1,-,G,A,mismatch,685,707,1,FALSE
cnsta,146,146,1,-,A,C,mismatch,686,707,1,FALSE
cnsta,162,162,1,-,C,A,mismatch,686,707,1,FALSE
cnsta,115,115,1,-,G,T,mismatch,687,707,1,FALSE
cnsta,162,162,1,-,C,A,mismatch,687,707,1,FALSE
cnsta,162,162,1,-,C,A,mismatch,688,716,1,FALSE
cnsta,163,163,1,-,T,G,mismatch,689,716,1,FALSE
cnsta,109,109,1,-,G,A,mismatch,690,707,1,FALSE
cnsta,163,163,1,-,T,C,mismatch,690,707,1,FALSE
cnsta,112,112,1,-,A,T,mismatch,691,707,1,FALSE
cnsta,163,163,1,-,T,A,mismatch,691,707,1,FALSE
cnsta,163,163,1,-,T,A,mismatch,692,716,1,FALSE
cnsta,100,100,1,-,T,G,mismatch,693,698,1,FALSE
cnsta,139,139,1,-,G,T,mismatch,693,698,1,FALSE
cnsta,169,169,1,-,G,C,mismatch,693,698,1,FALSE
cnsta,157,157,1,-,C,G,mismatch,694,707,1,FALSE
cnsta,171,171,1,-,T,G,mismatch,694,707,1,FALSE
cnsta,143,143,1,-,A,G,mismatch,695,707,1,FALSE
cnsta,171,171,1,-,T,A,mismatch,695,707,1,FALSE
cnsta,171,171,1,-,T,A,mismatch,696,716,1,FALSE
cnsta,175,175,1,-,C,A,mismatch,697,716,1,FALSE
cnsta,174,174,1,-,T,C,mismatch,698,707,1,FALSE
cnsta,176,176,1,-,T,G,mismatch,698,707,1,FALSE
cnsta,176,176,1,-,T,C,mismatch,699,716,1,FALSE
cnsta,144,144,1,-,G,C,mismatch,700,707,1,FALSE
cnsta,180,180,1,-,T,G,mismatch,700,707,1,FALSE
cnsta,107,107,1,-,C,G,mismatch,701,698,1,FALSE
cnsta,159,159,1,-,G,T,mismatch,701,698,1,FALSE
cnsta,180,180,1,-,T,A,mismatch,701,698,1,FALSE
cnsta,164,164,1,-,A,G,mismatch,702,707,1,FALSE
cnsta,181,181,1,-,C,A,mismatch,702,707,1,FALSE
cnsta,183,183,1,-,T,G,mismatch,703,716,1,FALSE
cnsta,149,149,1,-,G,A,mismatch,704,707,1,FALSE
cnsta,184,184,1,-,T,G,mismatch,704,707,1,FALSE
cnsta,152,152,1,-,T,A,mismatch,705,707,1,FALSE
cnsta,184,184,1,-,T,A,mismatch,705,707,1,FALSE
cnsta,185,185,1,-,C,A,mismatch,706,716,1,FALSE
cnsta,114,114,1,-,T,G,mismatch,707,707,1,FALSE
cnsta,186,186,1,-,C,A,mismatch,707,707,1,FALSE
cnsta,167,167,1,-,G,A,mismatch,708,707,1,FALSE
cnsta,187,187,1,-,G,C,mismatch,708,707,1,FALSE
cnsta,187,187,1,-,G,A,mismatch,709,716,1,FALSE
cnsta,110,110,1,-,T,A,mismatch,710,707,1,FALSE
cnsta,187,187,1,-,G,A,mismatch,710,707,1,FALSE
cnsta,188,188,1,-,C,A,mismatch,711,716,1,FALSE
cnsta,105,105,1,-,G,C,mismatch,712,671,1,FALSE
cnsta,114,114,1,-,T,G,mismatch,712,671,1,FALSE
cnsta,147,147,1,-,G,C,mismatch,712,671,1,FALSE
cnsta,149,149,1,-,G,A,mismatch,712,671,1,FALSE
cnsta,168,168,1,-,A,C,mismatch,712,671,1,FALSE
cnsta,190,190,1,-,G,C,mismatch,712,671,1,FALSE
cnsta,107,107,1,-,C,T,mismatch,713,698,1,FALSE
cnsta,142,142,1,-,G,C,mismatch,713,698,1,FALSE
cnsta,190,190,1,-,G,C,mismatch,713,698,1,FALSE
cnsta,190,190,1,-,G,A,mismatch,714,716,1,FALSE
cnsta,141,141,1,-,G,T,mismatch,715,698,1,FALSE
cnsta,158,158,1,-,G,A,mismatch,715,698,1,FALSE
cnsta,190,190,1,-,G,A,mismatch,715,698,1,FALSE
cnsta,110,110,1,-,T,C,mismatch,716,707,1,FALSE
cnsta,193,193,1,-,C,A,mismatch,716,707,1,FALSE
cnsta,161,161,1,-,G,T,mismatch,717,707,1,FALSE
cnsta,194,194,1,-,T,G,mismatch,717,707,1,FALSE
cnsta,110,110,1,-,T,C,mismatch,718,707,1,FALSE
cnsta,194,194,1,-,T,C,mismatch,718,707,1,FALSE
cnsta,102,102,1,-,G,C,mismatch,719,707,1,FALSE
cnsta,195,195,1,-,G,C,mismatch,719,707,1,FALSE
cnsta,121,121,1,-,G,T,mismatch,720,689,1,FALSE
cnsta,151,151,1,-,C,T,mismatch,720,689,1,FALSE
cnsta,174,174,1,-,T,A,mismatch,720,689,1,FALSE
cnsta,197,197,1,-,T,C,mismatch,720,689,1,FALSE
cnsta,96,96,1,-,T,A,mismatch,721,707,1,FALSE
cnsta,197,197,1,-,T,A,mismatch,721,707,1,FALSE
cnsta,193,193,1,-,C,G,mismatch,722,707,1,FALSE
cnsta,198,198,1,-,G,C,mismatch,722,707,1,FALSE
cnsta,98,98,1,-,G,A,mismatch,723,689,1,FALSE
cnsta,178,178,1,-,A,C,mismatch,723,689,1,FALSE
cnsta,190,190,1,-,G,T,mismatch,723,689,1,FALSE
cnsta,198,198,1,-,G,A,mismatch,723,689,1,FALSE
cnsta,198,198,1,-,G,A,mismatch,724,716,1,FALSE
cnsta,95,95,1,-,C,T,mismatch,725,707,1,FALSE
cnsta,200,200,1,-,C,A,mismatch,725,707,1,FALSE
cnsta,114,114,1,-,T,G,mismatch,726,707,1,FALSE
cnsta,200,200,1,-,C,A,mismatch,726,707,1,FALSE
cnsta,203,203,1,-,C,A,mismatch,727,716,1,FALSE
cnsta,206,206,1,-,C,A,mismatch,728,716,1,FALSE
cnsta,137,137,1,-,G,A,mismatch,729,707,1,FALSE
cnsta,206,206,1,-,C,A,mismatch,729,707,1,FALSE
cnsta,194,194,1,-,T,A,mismatch,730,707,1,FALSE
cnsta,209,209,1,-,C,A,mismatch,730,707,1,FALSE
cnsta,164,164,1,-,A,G,mismatch,731,707,1,FALSE
cnsta,211,211,1,-,G,C,mismatch,731,707,1,FALSE
cnsta,154,154,1,-,A,C,mismatch,732,707,1,FALSE
cnsta,211,211,1,-,G,C,mismatch,732,707,1,FALSE
cnsta,120,120,1,-,A,G,mismatch,733,707,1,FALSE
cnsta,211,211,1,-,G,A,mismatch,733,707,1,FALSE
cnsta,112,112,1,-,A,G,mismatch,734,680,1,FALSE
cnsta,177,177,1,-,G,A,mismatch,734,680,1,FALSE
cnsta,190,190,1,-,G,A,mismatch,734,680,1,FALSE
cnsta,202,202,1,-,A,T,mismatch,734,680,1,FALSE
cnsta,212,212,1,-,G,C,mismatch,734,680,1,FALSE
cnsta,117,117,1,-,C,A,mismatch,735,698,1,FALSE
cnsta,138,138,1,-,A,G,mismatch,735,698,1,FALSE
cnsta,212,212,1,-,G,A,mismatch,735,698,1,FALSE
cnsta,98,98,1,-,G,A,mismatch,736,698,1,FALSE
cnsta,114,114,1,-,T,C,mismatch,736,698,1,FALSE
cnsta,212,212,1,-,G,A,mismatch,736,698,1,FALSE
cnsta,146,146,1,-,A,C,mismatch,737,707,1,FALSE
cnsta,214,214,1,-,T,C,mismatch,737,707,1,FALSE
cnsta,199,199,1,-,A,C,mismatch,738,707,1,FALSE
cnsta,215,215,1,-,G,A,mismatch,738,707,1,FALSE
cnsta,155,155,1,-,G,T,mismatch,739,707,1,FALSE
cnsta,216,216,1,-,C,A,mismatch,739,707,1,FALSE
cnsta,152,152,1,-,T,A,mismatch,740,691,1,FALSE
cnsta,219,219,1,-,G,A,mismatch,741,716,1,FALSE
cnsta,166,166,1,-,A,G,mismatch,742,698,1,FALSE
cnsta,201,201,1,-,A,G,mismatch,742,698,1,FALSE
cnsta,222,222,1,-,G,A,mismatch,742,698,1,FALSE
cnsta,139,139,1,-,G,C,mismatch,743,707,1,FALSE
cnsta,222,222,1,-,G,A,mismatch,743,707,1,FALSE
cnsta,111,111,1,-,C,T,mismatch,744,689,1,FALSE
cnsta,121,121,1,-,G,T,mismatch,744,689,1,FALSE
cnsta,150,150,1,-,A,C,mismatch,744,689,1,FALSE
cnsta,224,224,1,-,G,C,mismatch,744,689,1,FALSE
cnsta,224,224,1,-,G,C,mismatch,745,716,1,FALSE
cnsta,106,106,1,-,A,C,mismatch,746,698,1,FALSE
cnsta,194,194,1,-,T,G,mismatch,746,698,1,FALSE
cnsta,224,224,1,-,G,A,mismatch,746,698,1,FALSE
cnsta,113,113,1,-,G,C,mismatch,747,698,1,FALSE
cnsta,155,155,1,-,G,A,mismatch,747,698,1,FALSE
cnsta,225,225,1,-,G,C,mismatch,747,698,1,FALSE
cnsta,172,172,1,-,G,T,mismatch,748,707,1,FALSE
cnsta,226,226,1,-,C,A,mismatch,748,707,1,FALSE
cnsta,155,155,1,-,G,A,mismatch,749,707,1,FALSE
cnsta,227,227,1,-,C,A,mismatch,749,707,1,FALSE
cnsta,150,150,1,-,A,C,mismatch,750,707,1,FALSE
cnsta,230,230,1,-,T,C,mismatch,750,707,1,FALSE
cnsta,97,97,1,-,T,C,mismatch,751,707,1,FALSE
cnsta,230,230,1,-,T,C,mismatch,751,707,1,FALSE
cnsta,230,230,1,-,T,A,mismatch,752,716,1,FALSE
cnsta,231,231,1,-,G,C,mismatch,753,698,1,FALSE
cnsta,233,233,1,-,G,C,mismatch,754,716,1,FALSE
cnsta,139,139,1,-,G,C,mismatch,755,707,1,FALSE
cnsta,233,233,1,-,G,C,mismatch,755,707,1,FALSE
cnsta,124,124,1,-,A,C,mismatch,756,707,1,FALSE
cnsta,101,101,1,-,G,A,mismatch,757,689,1,FALSE
cnsta,110,110,1,-,T,A,mismatch,757,689,1,FALSE
cnsta,164,164,1,-,A,T,mismatch,757,689,1,FALSE
cnsta,176,176,1,-,T,G,mismatch,758,707,1,FALSE
cnsta,151,151,1,-,C,T,mismatch,759,707,1,FALSE
cnsta,214,214,1,-,T,C,mismatch,760,707,1,FALSE
cnsta,198,198,1,-,G,T,mismatch,762,707,1,FALSE
cnsta,114,114,1,-,T,G,mismatch,763,707,1,FALSE
cnsta,137,137,1,-,G,C,mismatch,764,707,1,FALSE
cnsta,144,144,1,-,G,A,mismatch,765,680,1,FALSE
cnsta,174,174,1,-,T,G,mismatch,765,680,1,FALSE
cnsta,203,203,1,-,C,A,mismatch,765,680,1,FALSE
cnsta,215,215,1,-,G,C,mismatch,765,680,1,FALSE
cnsta,108,108,1,-,G,C,mismatch,767,707,1,FALSE
cnsta,151,151,1,-,C,A,mismatch,769,707,1,FALSE
cnsta,102,102,1,-,G,C,mismatch,771,707,1,FALSE
cnsta,139,139,1,-,G,A,mismatch,772,698,1,FALSE
cnsta,201,201,1,-,A,T,mismatch,772,698,1,FALSE
cnsta,114,114,1,-,T,G,mismatch,773,698,1,FALSE
cnsta,136,136,1,-,G,T,mismatch,773,698,1,FALSE
cnsta,186,186,1,-,C,T,mismatch,774,707,1,FALSE
cnsta,96,96,1,-,T,G,mismatch,775,707,1,FALSE
cnsta,196,196,1,-,A,G,mismatch,776,707,1,FALSE
cnsta,113,113,1,-,G,T,mismatch,777,689,1,FALSE
cnsta,153,153,1,-,G,T,mismatch,777,689,1,FALSE
cnsta,183,183,1,-,T,A,mismatch,777,689,1,FALSE
cnsta,108,108,1,-,G,A,mismatch,779,707,1,FALSE
cnsta,117,117,1,-,C,G,mismatch,779,707,1,FALSE
cnsta,112,112,1,-,A,G,mismatch,780,698,1,FALSE
cnsta,162,162,1,-,C,T,mismatch,780,698,1,FALSE
cnsta,183,183,1,-,T,C,mismatch,780,698,1,FALSE
cnsta,115,115,1,-,G,A,mismatch,781,689,1,FALSE
cnsta,178,178,1,-,A,C,mismatch,781,689,1,FALSE
cnsta,106,106,1,-,A,C,mismatch,782,707,1,FALSE
cnsta,187,187,1,-,G,T,mismatch,782,707,1,FALSE
cnsta,118,118,1,-,A,G,mismatch,783,707,1,FALSE
cnsta,140,140,1,-,A,T,mismatch,783,707,1,FALSE
cnsta,95,95,1,-,C,T,mismatch,784,707,1,FALSE
cnsta,113,113,1,-,G,A,mismatch,784,707,1,FALSE
cnsta,148,148,1,-,C,A,mismatch,785,698,1,FALSE
cnsta,150,150,1,-,A,G,mismatch,785,698,1,FALSE
cnsta,212,212,1,-,G,T,mismatch,785,698,1,FALSE
cnsta,121,121,1,-,G,A,mismatch,786,707,1,FALSE
cnsta,207,207,1,-,A,C,mismatch,786,707,1,FALSE
cnsta,180,180,1,-,T,A,mismatch,788,707,1,FALSE
cnsta,208,208,1,-,A,C,mismatch,788,707,1,FALSE
cnsta,104,104,1,-,T,A,mismatch,789,707,1,FALSE
cnsta,195,195,1,-,G,A,mismatch,789,707,1,FALSE
cnsta,229,229,1,-,A,C,mismatch,790,716,1,FALSE
cnsta,97,97,1,-,T,G,mismatch,791,716,1,FALSE
cnsta,197,197,1,-,T,G,mismatch,792,716,1,FALSE
cnsta,197,197,1,-,T,A,mismatch,794,707,1,FALSE
cnsta,116,116,1,-,G,T,mismatch,795,707,1,FALSE
cnsta,180,180,1,-,T,G,mismatch,795,707,1,FALSE
cnsta,103,103,1,-,A,G,mismatch,797,707,1,FALSE
cnsta,220,220,1,-,A,G,mismatch,797,707,1,FALSE
cnsta,125,125,1,-,C,T,mismatch,798,716,1,FALSE
cnsta,107,107,1,-,C,T,mismatch,799,716,1,FALSE
cnsta,148,148,1,-,C,T,mismatch,802,698,1,FALSE
cnsta,182,182,1,-,C,G,mismatch,802,698,1,FALSE
cnsta,97,97,1,-,T,A,mismatch,803,707,1,FALSE
cnsta,226,226,1,-,C,A,mismatch,803,707,1,FALSE
cnsta,111,111,1,-,C,G,mismatch,805,707,1,FALSE
cnsta,119,119,1,-,G,T,mismatch,805,707,1,FALSE
cnsta,187,187,1,-,G,T,mismatch,807,707,1,FALSE
cnsta,189,189,1,-,A,C,mismatch,807,707,1,FALSE
cnsta,103,103,1,-,A,C,mismatch,808,689,1,FALSE
cnsta,112,112,1,-,A,C,mismatch,808,689,1,FALSE
cnsta,213,213,1,-,C,A,mismatch,809,716,1,FALSE
cnsta,119,119,1,-,G,T,mismatch,811,707,1,FALSE
cnsta,229,229,1,-,A,C,mismatch,811,707,1,FALSE
cnsta,180,180,1,-,T,A,mismatch,812,716,1,FALSE
cnsta,179,179,1,-,G,T,mismatch,813,716,1,FALSE
cnsta,174,174,1,-,T,C,mismatch,814,698,1,FALSE
cnsta,192,192,1,-,C,A,mismatch,814,698,1,FALSE
cnsta,214,214,1,-,T,G,mismatch,814,698,1,FALSE
cnsta,180,180,1,-,T,G,mismatch,815,716,1,FALSE
cnsta,129,129,1,-,C,A,mismatch,817,716,1,FALSE
cnsta,95,95,1,-,C,A,mismatch,818,716,1,FALSE
cnsta,110,110,1,-,T,A,mismatch,820,707,1,FALSE
cnsta,178,178,1,-,A,C,mismatch,820,707,1,FALSE
cnsta,120,120,1,-,A,G,mismatch,822,707,1,FALSE
cnsta,139,139,1,-,G,A,mismatch,822,707,1,FALSE
cnsta,101,101,1,-,G,T,mismatch,823,716,1,FALSE
cnsta,186,186,1,-,C,T,mismatch,826,707,1,FALSE
cnsta,190,190,1,-,G,A,mismatch,826,707,1,FALSE
cnsta,154,154,1,-,A,G,mismatch,827,716,1,FALSE
cnsta,119,119,1,-,G,A,mismatch,828,716,1,FALSE
cnsta,138,138,1,-,A,T,mismatch,830,707,1,FALSE
cnsta,187,187,1,-,G,T,mismatch,830,707,1,FALSE
cnsta,121,121,1,-,G,C,mismatch,831,707,1,FALSE
cnsta,173,173,1,-,C,T,mismatch,831,707,1,FALSE
cnsta,195,195,1,-,G,C,mismatch,832,716,1,FALSE
cnsta,126,126,1,-,G,A,mismatch,834,698,1,FALSE
cnsta,140,140,1,-,A,G,mismatch,834,698,1,FALSE
cnsta,158,158,1,-,G,A,mismatch,834,698,1,FALSE
cnsta,182,182,1,-,C,T,mismatch,835,707,1,FALSE
cnsta,110,110,1,-,T,G,mismatch,836,707,1,FALSE
cnsta,177,177,1,-,G,T,mismatch,836,707,1,FALSE
cnsta,104,104,1,-,T,G,mismatch,837,707,1,FALSE
cnsta,150,150,1,-,A,C,mismatch,837,707,1,FALSE
cnsta,95,95,1,-,C,T,mismatch,838,698,1,FALSE
cnsta,120,120,1,-,A,T,mismatch,838,698,1,FALSE
cnsta,136,136,1,-,G,T,mismatch,838,698,1,FALSE
cnsta,100,100,1,-,T,A,mismatch,839,689,1,FALSE
cnsta,182,182,1,-,C,T,mismatch,839,689,1,FALSE
cnsta,204,204,1,-,C,G,mismatch,839,689,1,FALSE
cnsta,229,229,1,-,A,G,mismatch,839,689,1,FALSE
cnsta,98,98,1,-,G,T,mismatch,840,707,1,FALSE
cnsta,210,210,1,-,C,G,mismatch,840,707,1,FALSE
cnsta,105,105,1,-,G,A,mismatch,842,698,1,FALSE
cnsta,122,122,1,-,C,G,mismatch,842,698,1,FALSE
cnsta,184,184,1,-,T,A,mismatch,842,698,1,FALSE
cnsta,116,116,1,-,G,A,mismatch,843,689,1,FALSE
cnsta,150,150,1,-,A,G,mismatch,843,689,1,FALSE
cnsta,126,126,1,-,G,T,mismatch,845,707,1,FALSE
cnsta,96,96,1,-,T,G,mismatch,846,716,1,FALSE
cnsta,150,150,1,-,A,T,mismatch,847,707,1,FALSE
cnsta,193,193,1,-,C,A,mismatch,847,707,1,FALSE
cnsta,121,121,1,-,G,T,mismatch,848,707,1,FALSE
cnsta,143,143,1,-,A,C,mismatch,851,698,1,FALSE
cnsta,211,211,1,-,G,T,mismatch,851,698,1,FALSE
cnsta,97,97,1,-,T,G,mismatch,852,698,1,FALSE
cnsta,214,214,1,-,T,C,mismatch,852,698,1,FALSE
cnsta,219,219,1,-,G,A,mismatch,854,707,1,FALSE
cnsta,147,147,1,-,G,T,mismatch,856,707,1,FALSE
cnsta,97,97,1,-,T,A,mismatch,858,707,1,FALSE
cnsta,114,114,1,-,T,G,mismatch,860,707,1,FALSE
cnsta,169,169,1,-,G,A,mismatch,861,707,1,FALSE
cnsta,149,149,1,-,G,T,mismatch,862,698,1,FALSE
cnsta,178,178,1,-,A,T,mismatch,862,698,1,FALSE
cnsta,106,106,1,-,A,G,mismatch,866,698,1,FALSE
cnsta,151,151,1,-,C,T,mismatch,868,689,1,FALSE
cnsta,158,158,1,-,G,T,mismatch,868,689,1,FALSE
cnsta,163,163,1,-,T,A,mismatch,868,689,1,FALSE
cnsta,116,116,1,-,G,C,mismatch,869,698,1,FALSE
cnsta,170,170,1,-,C,A,mismatch,869,698,1,FALSE
cnsta,190,190,1,-,G,C,mismatch,870,707,1,FALSE
cnsta,107,107,1,-,C,G,mismatch,872,707,1,FALSE
cnsta,101,101,1,-,G,A,mismatch,873,698,1,FALSE
cnsta,149,149,1,-,G,C,mismatch,873,698,1,FALSE
cnsta,117,117,1,-,C,G,mismatch,874,698,1,FALSE
cnsta,204,204,1,-,C,T,mismatch,874,698,1,FALSE
cnsta,142,142,1,-,G,C,mismatch,875,707,1,FALSE
cnsta,169,169,1,-,G,A,mismatch,877,707,1,FALSE
cnsta,229,229,1,-,A,T,mismatch,877,707,1,FALSE
cnsta,102,102,1,-,G,C,mismatch,878,698,1,FALSE
cnsta,194,194,1,-,T,A,mismatch,878,698,1,FALSE
cnsta,229,229,1,-,A,T,mismatch,878,698,1,FALSE
cnsta,115,115,1,-,G,C,mismatch,879,689,1,FALSE
cnsta,118,118,1,-,A,C,mismatch,879,689,1,FALSE
cnsta,208,208,1,-,A,G,mismatch,879,689,1,FALSE
cnsta,227,227,1,-,C,T,mismatch,879,689,1,FALSE
cnsta,227,227,1,-,C,T,mismatch,880,716,1,FALSE
cnsta,181,181,1,-,C,A,mismatch,881,698,1,FALSE
cnsta,185,185,1,-,C,A,mismatch,881,698,1,FALSE
cnsta,227,227,1,-,C,T,mismatch,881,698,1,FALSE
cnsta,224,224,1,-,G,T,mismatch,882,716,1,FALSE
cnsta,223,223,1,-,A,T,mismatch,883,716,1,FALSE
cnsta,95,95,1,-,C,A,mismatch,884,707,1,FALSE
cnsta,221,221,1,-,A,T,mismatch,884,707,1,FALSE
cnsta,220,220,1,-,A,T,mismatch,885,716,1,FALSE
cnsta,103,103,1,-,A,C,mismatch,886,698,1,FALSE
cnsta,121,121,1,-,G,C,mismatch,886,698,1,FALSE
cnsta,220,220,1,-,A,T,mismatch,886,698,1,FALSE
cnsta,175,175,1,-,C,T,mismatch,887,707,1,FALSE
cnsta,220,220,1,-,A,C,mismatch,887,707,1,FALSE
cnsta,114,114,1,-,T,G,mismatch,888,707,1,FALSE
cnsta,219,219,1,-,G,T,mismatch,888,707,1,FALSE
cnsta,215,215,1,-,G,T,mismatch,889,716,1,FALSE
cnsta,121,121,1,-,G,T,mismatch,890,707,1,FALSE
cnsta,213,213,1,-,C,T,mismatch,890,707,1,FALSE
cnsta,213,213,1,-,C,G,mismatch,891,716,1,FALSE
cnsta,105,105,1,-,G,C,mismatch,892,707,1,FALSE
cnsta,213,213,1,-,C,G,mismatch,892,707,1,FALSE
cnsta,97,97,1,-,T,C,mismatch,893,689,1,FALSE
cnsta,100,100,1,-,T,A,mismatch,893,689,1,FALSE
cnsta,181,181,1,-,C,G,mismatch,893,689,1,FALSE
cnsta,211,211,1,-,G,T,mismatch,893,689,1,FALSE
cnsta,211,211,1,-,G,T,mismatch,894,716,1,FALSE
cnsta,119,119,1,-,G,A,mismatch,895,707,1,FALSE
cnsta,211,211,1,-,G,T,mismatch,895,707,1,FALSE
cnsta,97,97,1,-,T,C,mismatch,896,698,1,FALSE
cnsta,171,171,1,-,T,A,mismatch,896,698,1,FALSE
cnsta,211,211,1,-,G,T,mismatch,896,698,1,FALSE
cnsta,96,96,1,-,T,C,mismatch,897,689,1,FALSE
cnsta,198,198,1,-,G,C,mismatch,897,689,1,FALSE
cnsta,205,205,1,-,A,G,mismatch,897,689,1,FALSE
cnsta,210,210,1,-,C,G,mismatch,897,689,1,FALSE
cnsta,155,155,1,-,G,T,mismatch,898,707,1,FALSE
cnsta,210,210,1,-,C,G,mismatch,898,707,1,FALSE
cnsta,209,209,1,-,C,T,mismatch,899,716,1,FALSE
cnsta,139,139,1,-,G,T,mismatch,900,689,1,FALSE
cnsta,157,157,1,-,C,G,mismatch,900,689,1,FALSE
cnsta,160,160,1,-,A,C,mismatch,900,689,1,FALSE
cnsta,208,208,1,-,A,G,mismatch,900,689,1,FALSE
cnsta,207,207,1,-,A,C,mismatch,901,716,1,FALSE
cnsta,110,110,1,-,T,A,mismatch,902,698,1,FALSE
cnsta,154,154,1,-,A,C,mismatch,902,698,1,FALSE
cnsta,205,205,1,-,A,C,mismatch,902,698,1,FALSE
cnsta,205,205,1,-,A,C,mismatch,903,716,1,FALSE
cnsta,98,98,1,-,G,A,mismatch,904,698,1,FALSE
cnsta,117,117,1,-,C,G,mismatch,904,698,1,FALSE
cnsta,202,202,1,-,A,G,mismatch,904,698,1,FALSE
cnsta,160,160,1,-,A,C,mismatch,905,698,1,FALSE
cnsta,173,173,1,-,C,G,mismatch,905,698,1,FALSE
cnsta,202,202,1,-,A,C,mismatch,905,698,1,FALSE
cnsta,115,115,1,-,G,T,mismatch,906,698,1,FALSE
cnsta,175,175,1,-,C,A,mismatch,906,698,1,FALSE
cnsta,201,201,1,-,A,T,mismatch,906,698,1,FALSE
cnsta,138,138,1,-,A,T,mismatch,907,707,1,FALSE
cnsta,201,201,1,-,A,G,mismatch,907,707,1,FALSE
cnsta,102,102,1,-,G,C,mismatch,908,698,1,FALSE
cnsta,180,180,1,-,T,A,mismatch,908,698,1,FALSE
cnsta,201,201,1,-,A,C,mismatch,908,698,1,FALSE
cnsta,168,168,1,-,A,C,mismatch,909,707,1,FALSE
cnsta,200,200,1,-,C,T,mismatch,909,707,1,FALSE
cnsta,103,103,1,-,A,G,mismatch,910,689,1,FALSE
cnsta,112,112,1,-,A,C,mismatch,910,689,1,FALSE
cnsta,168,168,1,-,A,C,mismatch,910,689,1,FALSE
cnsta,200,200,1,-,C,G,mismatch,910,689,1,FALSE
cnsta,148,148,1,-,C,G,mismatch,911,698,1,FALSE
cnsta,188,188,1,-,C,G,mismatch,911,698,1,FALSE
cnsta,199,199,1,-,A,T,mismatch,911,698,1,FALSE
cnsta,199,199,1,-,A,T,mismatch,912,716,1,FALSE
cnsta,199,199,1,-,A,G,mismatch,913,716,1,FALSE
cnsta,102,102,1,-,G,T,mismatch,914,698,1,FALSE
cnsta,149,149,1,-,G,T,mismatch,914,698,1,FALSE
cnsta,199,199,1,-,A,C,mismatch,914,698,1,FALSE
cnsta,196,196,1,-,A,T,mismatch,915,716,1,FALSE
cnsta,136,136,1,-,G,T,mismatch,916,707,1,FALSE
cnsta,192,192,1,-,C,T,mismatch,916,707,1,FALSE
cnsta,174,174,1,-,T,G,mismatch,917,707,1,FALSE
cnsta,192,192,1,-,C,T,mismatch,917,707,1,FALSE
cnsta,191,191,1,-,C,T,mismatch,918,716,1,FALSE
cnsta,189,189,1,-,A,T,mismatch,919,716,1,FALSE
cnsta,113,113,1,-,G,T,mismatch,920,698,1,FALSE
cnsta,164,164,1,-,A,T,mismatch,920,698,1,FALSE
cnsta,188,188,1,-,C,G,mismatch,920,698,1,FALSE
cnsta,102,102,1,-,G,T,mismatch,921,707,1,FALSE
cnsta,188,188,1,-,C,G,mismatch,921,707,1,FALSE
cnsta,188,188,1,-,C,G,mismatch,922,716,1,FALSE
cnsta,126,126,1,-,G,T,mismatch,923,707,1,FALSE
cnsta,186,186,1,-,C,T,mismatch,923,707,1,FALSE
cnsta,104,104,1,-,T,A,mismatch,924,707,1,FALSE
cnsta,186,186,1,-,C,T,mismatch,924,707,1,FALSE
cnsta,182,182,1,-,C,T,mismatch,925,716,1,FALSE
cnsta,182,182,1,-,C,G,mismatch,926,716,1,FALSE
cnsta,99,99,1,-,A,T,mismatch,927,698,1,FALSE
cnsta,176,176,1,-,T,A,mismatch,927,698,1,FALSE
cnsta,181,181,1,-,C,G,mismatch,927,698,1,FALSE
cnsta,169,169,1,-,G,T,mismatch,928,707,1,FALSE
cnsta,179,179,1,-,G,T,mismatch,928,707,1,FALSE
cnsta,179,179,1,-,G,T,mismatch,929,716,1,FALSE
cnsta,178,178,1,-,A,T,mismatch,930,716,1,FALSE
cnsta,178,178,1,-,A,G,mismatch,931,716,1,FALSE
cnsta,122,122,1,-,C,G,mismatch,932,707,1,FALSE
cnsta,178,178,1,-,A,C,mismatch,932,707,1,FALSE
cnsta,106,106,1,-,A,T,mismatch,933,707,1,FALSE
cnsta,178,178,1,-,A,C,mismatch,933,707,1,FALSE
cnsta,178,178,1,-,A,C,mismatch,934,716,1,FALSE
cnsta,141,141,1,-,G,A,mismatch,935,707,1,FALSE
cnsta,178,178,1,-,A,C,mismatch,935,707,1,FALSE
cnsta,106,106,1,-,A,G,mismatch,936,707,1,FALSE
cnsta,177,177,1,-,G,T,mismatch,936,707,1,FALSE
cnsta,177,177,1,-,G,T,mismatch,937,716,1,FALSE
cnsta,112,112,1,-,A,T,mismatch,938,707,1,FALSE
cnsta,175,175,1,-,C,G,mismatch,938,707,1,FALSE
cnsta,150,150,1,-,A,G,mismatch,939,707,1,FALSE
cnsta,173,173,1,-,C,T,mismatch,939,707,1,FALSE
cnsta,112,112,1,-,A,C,mismatch,940,707,1,FALSE
cnsta,173,173,1,-,C,G,mismatch,940,707,1,FALSE
cnsta,173,173,1,-,C,G,mismatch,941,716,1,FALSE
cnsta,149,149,1,-,G,T,mismatch,942,707,1,FALSE
cnsta,170,170,1,-,C,G,mismatch,942,707,1,FALSE
cnsta,170,170,1,-,C,G,mismatch,943,716,1,FALSE
cnsta,95,95,1,-,C,T,mismatch,944,689,1,FALSE
cnsta,104,104,1,-,T,C,mismatch,944,689,1,FALSE
cnsta,116,116,1,-,G,A,mismatch,944,689,1,FALSE
cnsta,170,170,1,-,C,G,mismatch,944,689,1,FALSE
cnsta,168,168,1,-,A,G,mismatch,945,716,1,FALSE
cnsta,152,152,1,-,T,A,mismatch,946,707,1,FALSE
cnsta,168,168,1,-,A,G,mismatch,946,707,1,FALSE
cnsta,167,167,1,-,G,T,mismatch,947,716,1,FALSE
cnsta,105,105,1,-,G,C,mismatch,948,698,1,FALSE
cnsta,159,159,1,-,G,A,mismatch,948,698,1,FALSE
cnsta,167,167,1,-,G,T,mismatch,948,698,1,FALSE
cnsta,111,111,1,-,C,A,mismatch,949,698,1,FALSE
cnsta,143,143,1,-,A,G,mismatch,949,698,1,FALSE
cnsta,166,166,1,-,A,T,mismatch,949,698,1,FALSE
cnsta,166,166,1,-,A,T,mismatch,950,716,1,FALSE
cnsta,103,103,1,-,A,G,mismatch,951,707,1,FALSE
cnsta,166,166,1,-,A,G,mismatch,951,707,1,FALSE
cnsta,166,166,1,-,A,G,mismatch,952,716,1,FALSE
cnsta,94,94,1,-,T,C,mismatch,953,707,1,FALSE
cnsta,166,166,1,-,A,G,mismatch,953,707,1,FALSE
cnsta,145,145,1,-,G,C,mismatch,954,707,1,FALSE
cnsta,165,165,1,-,C,T,mismatch,954,707,1,FALSE
cnsta,164,164,1,-,A,T,mismatch,955,716,1,FALSE
cnsta,164,164,1,-,A,C,mismatch,956,716,1,FALSE
cnsta,138,138,1,-,A,G,mismatch,957,707,1,FALSE
cnsta,162,162,1,-,C,G,mismatch,957,707,1,FALSE
cnsta,96,96,1,-,T,C,mismatch,958,707,1,FALSE
cnsta,161,161,1,-,G,T,mismatch,958,707,1,FALSE
cnsta,152,152,1,-,T,C,mismatch,959,707,1,FALSE
cnsta,160,160,1,-,A,C,mismatch,959,707,1,FALSE
cnsta,95,95,1,-,C,T,mismatch,960,707,1,FALSE
cnsta,158,158,1,-,G,T,mismatch,960,707,1,FALSE
cnsta,156,156,1,-,C,G,mismatch,961,716,1,FALSE
cnsta,155,155,1,-,G,T,mismatch,962,716,1,FALSE
cnsta,99,99,1,-,A,C,mismatch,963,698,1,FALSE
cnsta,115,115,1,-,G,A,mismatch,963,698,1,FALSE
cnsta,155,155,1,-,G,T,mismatch,963,698,1,FALSE
cnsta,154,154,1,-,A,T,mismatch,964,716,1,FALSE
cnsta,111,111,1,-,C,G,mismatch,965,707,1,FALSE
cnsta,154,154,1,-,A,G,mismatch,965,707,1,FALSE
cnsta,149,149,1,-,G,C,mismatch,966,707,1,FALSE
cnsta,154,154,1,-,A,G,mismatch,966,707,1,FALSE
cnsta,106,106,1,-,A,T,mismatch,967,707,1,FALSE
cnsta,154,154,1,-,A,C,mismatch,967,707,1,FALSE
cnsta,151,151,1,-,C,T,mismatch,968,716,1,FALSE
cnsta,150,150,1,-,A,T,mismatch,969,716,1,FALSE
cnsta,150,150,1,-,A,G,mismatch,970,716,1,FALSE
cnsta,102,102,1,-,G,A,mismatch,971,698,1,FALSE
cnsta,109,109,1,-,G,A,mismatch,971,698,1,FALSE
cnsta,150,150,1,-,A,C,mismatch,971,698,1,FALSE
cnsta,96,96,1,-,T,G,mismatch,972,707,1,FALSE
cnsta,149,149,1,-,G,T,mismatch,972,707,1,FALSE
cnsta,146,146,1,-,A,G,mismatch,973,707,1,FALSE
cnsta,148,148,1,-,C,T,mismatch,973,707,1,FALSE
cnsta,121,121,1,-,G,C,mismatch,974,707,1,FALSE
cnsta,148,148,1,-,C,T,mismatch,974,707,1,FALSE
cnsta,99,99,1,-,A,C,mismatch,975,707,1,FALSE
cnsta,148,148,1,-,C,G,mismatch,975,707,1,FALSE
cnsta,106,106,1,-,A,G,mismatch,976,707,1,FALSE
cnsta,147,147,1,-,G,T,mismatch,976,707,1,FALSE
cnsta,94,94,1,-,T,A,mismatch,977,707,1,FALSE
cnsta,147,147,1,-,G,T,mismatch,977,707,1,FALSE
cnsta,145,145,1,-,G,T,mismatch,978,716,1,FALSE
cnsta,94,94,1,-,T,C,mismatch,979,707,1,FALSE
cnsta,145,145,1,-,G,T,mismatch,979,707,1,FALSE
cnsta,144,144,1,-,G,T,mismatch,980,716,1,FALSE
cnsta,107,107,1,-,C,G,mismatch,981,707,1,FALSE
cnsta,143,143,1,-,A,T,mismatch,981,707,1,FALSE
cnsta,95,95,1,-,C,G,mismatch,982,707,1,FALSE
cnsta,143,143,1,-,A,T,mismatch,982,707,1,FALSE
cnsta,99,99,1,-,A,G,mismatch,983,707,1,FALSE
cnsta,143,143,1,-,A,G,mismatch,983,707,1,FALSE
cnsta,113,113,1,-,G,A,mismatch,984,707,1,FALSE
cnsta,142,142,1,-,G,T,mismatch,984,707,1,FALSE
cnsta,141,141,1,-,G,T,mismatch,985,716,1,FALSE
cnsta,95,95,1,-,C,G,mismatch,986,707,1,FALSE
cnsta,140,140,1,-,A,C,mismatch,986,707,1,FALSE
cnsta,140,140,1,-,A,C,mismatch,987,716,1,FALSE
cnsta,122,122,1,-,C,G,mismatch,988,707,1,FALSE
cnsta,138,138,1,-,A,T,mismatch,988,707,1,FALSE
cnsta,95,95,1,-,C,T,mismatch,989,707,1,FALSE
cnsta,138,138,1,-,A,T,mismatch,989,707,1,FALSE
cnsta,138,138,1,-,A,G,mismatch,990,716,1,FALSE
cnsta,115,115,1,-,G,A,mismatch,991,707,1,FALSE
cnsta,137,137,1,-,G,T,mismatch,991,707,1,FALSE
cnsta,136,136,1,-,G,T,mismatch,992,716,1,FALSE
cnsta,117,117,1,-,C,A,mismatch,993,698,1,FALSE
cnsta,123,123,1,-,G,T,mismatch,993,698,1,FALSE
cnsta,126,126,1,-,G,T,mismatch,993,698,1,FALSE
cnsta,126,126,1,-,G,T,mismatch,994,716,1,FALSE
cnsta,102,102,1,-,G,T,mismatch,995,698,1,FALSE
cnsta,121,121,1,-,G,C,mismatch,995,698,1,FALSE
cnsta,126,126,1,-,G,C,mismatch,995,698,1,FALSE
cnsta,124,124,1,-,A,T,mismatch,996,716,1,FALSE
cnsta,102,102,1,-,G,T,mismatch,997,689,1,FALSE
cnsta,106,106,1,-,A,C,mismatch,997,689,1,FALSE
cnsta,119,119,1,-,G,A,mismatch,997,689,1,FALSE
cnsta,124,124,1,-,A,G,mismatch,997,689,1,FALSE
cnsta,108,108,1,-,G,C,mismatch,998,707,1,FALSE
cnsta,124,124,1,-,A,C,mismatch,998,707,1,FALSE
cnsta,123,123,1,-,G,T,mismatch,999,716,1,FALSE
cnsta,122,122,1,-,C,T,mismatch,1000,716,1,FALSE
cnsta,122,122,1,-,C,G,mismatch,1001,716,1,FALSE
cnsta,121,121,1,-,G,T,mismatch,1002,716,1,FALSE
cnsta,120,120,1,-,A,C,mismatch,1003,716,1,FALSE
cnsta,119,119,1,-,G,T,mismatch,1004,716,1,FALSE
cnsta,118,118,1,-,A,T,mismatch,1005,716,1,FALSE
cnsta,105,105,1,-,G,A,mismatch,1006,707,1,FALSE
cnsta,117,117,1,-,C,G,mismatch,1006,707,1,FALSE
cnsta,95,95,1,-,C,T,mismatch,1007,698,1,FALSE
cnsta,98,98,1,-,G,T,mismatch,1007,698,1,FALSE
cnsta,111,111,1,-,C,T,mismatch,1007,698,1,FALSE
cnsta,97,97,1,-,T,G,mismatch,1008,707,1,FALSE
cnsta,108,108,1,-,G,T,mismatch,1008,707,1,FALSE
cnsta,107,107,1,-,C,G,mismatch,1009,716,1,FALSE
cnsta,95,95,1,-,C,T,mismatch,1010,707,1,FALSE
cnsta,103,103,1,-,A,G,mismatch,1010,707,1,FALSE
cnsta,102,102,1,-,G,T,mismatch,1011,716,1,FALSE
cnsta,99,99,1,-,A,G,mismatch,1012,716,1,FALSE
cnsta,95,95,1,-,C,T,mismatch,1013,716,1,FALSE
cnsta,94,94,1,-,T,C,mismatch,1014,716,1,FALSE
cnsta,94,94,1,-,T,A,mismatch,1015,716,1,FALSE
cnsta,96,96,1,-,T,C,mismatch,1016,716,1,FALSE
cnsta,97,97,1,-,T,C,mismatch,1017,716,1,FALSE
cnsta,100,100,1,-,T,C,mismatch,1018,716,1,FALSE
cnsta,100,100,1,-,T,A,mismatch,1019,716,1,FALSE
cnsta,102,102,1,-,G,C,mismatch,1020,716,1,FALSE
cnsta,102,102,1,-,G,A,mismatch,1021,716,1,FALSE
cnsta,99,99,1,-,A,C,mismatch,1022,707,1,FALSE
cnsta,104,104,1,-,T,G,mismatch,1022,707,1,FALSE
cnsta,104,104,1,-,T,G,mismatch,1023,716,1,FALSE
cnsta,104,104,1,-,T,A,mismatch,1024,716,1,FALSE
cnsta,105,105,1,-,G,C,mismatch,1025,716,1,FALSE
cnsta,107,107,1,-,C,A,mismatch,1026,716,1,FALSE
cnsta,108,108,1,-,G,C,mismatch,1027,716,1,FALSE
cnsta,108,108,1,-,G,A,mismatch,1028,716,1,FALSE
cnsta,110,110,1,-,T,G,mismatch,1029,716,1,FALSE
cnsta,110,110,1,-,T,A,mismatch,1030,716,1,FALSE
cnsta,96,96,1,-,T,C,mismatch,1031,707,1,FALSE
cnsta,110,110,1,-,T,A,mismatch,1031,707,1,FALSE
cnsta,113,113,1,-,G,C,mismatch,1032,716,1,FALSE
cnsta,113,113,1,-,G,A,mismatch,1033,716,1,FALSE
cnsta,114,114,1,-,T,G,mismatch,1034,716,1,FALSE
cnsta,114,114,1,-,T,C,mismatch,1035,716,1,FALSE
cnsta,115,115,1,-,G,A,mismatch,1036,716,1,FALSE
cnsta,98,98,1,-,G,A,mismatch,1037,707,1,FALSE
cnsta,115,115,1,-,G,A,mismatch,1037,707,1,FALSE
cnsta,111,111,1,-,C,A,mismatch,1038,707,1,FALSE
cnsta,115,115,1,-,G,A,mismatch,1038,707,1,FALSE
cnsta,119,119,1,-,G,C,mismatch,1039,716,1,FALSE
cnsta,119,119,1,-,G,A,mismatch,1040,716,1,FALSE
cnsta,122,122,1,-,C,A,mismatch,1041,716,1,FALSE
cnsta,123,123,1,-,G,C,mismatch,1042,716,1,FALSE
cnsta,102,102,1,-,G,C,mismatch,1044,707,1,FALSE
cnsta,126,126,1,-,G,A,mismatch,1044,707,1,FALSE
cnsta,139,139,1,-,G,A,mismatch,1045,716,1,FALSE
cnsta,141,141,1,-,G,C,mismatch,1046,716,1,FALSE
cnsta,141,141,1,-,G,A,mismatch,1047,716,1,FALSE
cnsta,125,125,1,-,C,G,mismatch,1048,707,1,FALSE
cnsta,144,144,1,-,G,C,mismatch,1048,707,1,FALSE
cnsta,112,112,1,-,A,C,mismatch,1049,707,1,FALSE
cnsta,144,144,1,-,G,A,mismatch,1049,707,1,FALSE
cnsta,144,144,1,-,G,A,mismatch,1050,716,1,FALSE
cnsta,142,142,1,-,G,A,mismatch,1051,707,1,FALSE
cnsta,145,145,1,-,G,C,mismatch,1051,707,1,FALSE
cnsta,147,147,1,-,G,C,mismatch,1052,716,1,FALSE
cnsta,120,120,1,-,A,T,mismatch,1053,698,1,FALSE
cnsta,136,136,1,-,G,T,mismatch,1053,698,1,FALSE
cnsta,147,147,1,-,G,A,mismatch,1053,698,1,FALSE
cnsta,147,147,1,-,G,A,mismatch,1054,716,1,FALSE
cnsta,153,153,1,-,G,A,mismatch,1055,716,1,FALSE
cnsta,107,107,1,-,C,T,mismatch,1056,698,1,FALSE
cnsta,148,148,1,-,C,G,mismatch,1056,698,1,FALSE
cnsta,155,155,1,-,G,C,mismatch,1056,698,1,FALSE
cnsta,114,114,1,-,T,A,mismatch,1057,707,1,FALSE
cnsta,156,156,1,-,C,A,mismatch,1057,707,1,FALSE
cnsta,156,156,1,-,C,A,mismatch,1058,716,1,FALSE
cnsta,157,157,1,-,C,A,mismatch,1059,716,1,FALSE
cnsta,158,158,1,-,G,C,mismatch,1060,716,1,FALSE
cnsta,161,161,1,-,G,A,mismatch,1061,716,1,FALSE
cnsta,162,162,1,-,C,A,mismatch,1062,716,1,FALSE
cnsta,113,113,1,-,G,T,mismatch,1063,707,1,FALSE
cnsta,163,163,1,-,T,G,mismatch,1063,707,1,FALSE
cnsta,122,122,1,-,C,A,mismatch,1064,707,1,FALSE
cnsta,163,163,1,-,T,G,mismatch,1064,707,1,FALSE
cnsta,124,124,1,-,A,G,mismatch,1065,707,1,FALSE
cnsta,165,165,1,-,C,A,mismatch,1065,707,1,FALSE
cnsta,94,94,1,-,T,G,mismatch,1066,707,1,FALSE
cnsta,167,167,1,-,G,C,mismatch,1066,707,1,FALSE
cnsta,102,102,1,-,G,C,mismatch,1067,707,1,FALSE
cnsta,167,167,1,-,G,C,mismatch,1067,707,1,FALSE
cnsta,161,161,1,-,G,A,mismatch,1068,707,1,FALSE
cnsta,167,167,1,-,G,A,mismatch,1068,707,1,FALSE
cnsta,169,169,1,-,G,C,mismatch,1069,716,1,FALSE
cnsta,170,170,1,-,C,A,mismatch,1070,716,1,FALSE
cnsta,106,106,1,-,A,G,mismatch,1071,707,1,FALSE
cnsta,172,172,1,-,G,C,mismatch,1071,707,1,FALSE
cnsta,123,123,1,-,G,C,mismatch,1072,707,1,FALSE
cnsta,172,172,1,-,G,C,mismatch,1072,707,1,FALSE
cnsta,163,163,1,-,T,G,mismatch,1073,707,1,FALSE
cnsta,172,172,1,-,G,C,mismatch,1073,707,1,FALSE
cnsta,116,116,1,-,G,C,mismatch,1074,707,1,FALSE
cnsta,172,172,1,-,G,A,mismatch,1074,707,1,FALSE
cnsta,106,106,1,-,A,G,mismatch,1075,698,1,FALSE
cnsta,147,147,1,-,G,T,mismatch,1075,698,1,FALSE
cnsta,173,173,1,-,C,A,mismatch,1075,698,1,FALSE
cnsta,174,174,1,-,T,G,mismatch,1076,716,1,FALSE
cnsta,166,166,1,-,A,G,mismatch,1077,698,1,FALSE
cnsta,169,169,1,-,G,T,mismatch,1077,698,1,FALSE
cnsta,175,175,1,-,C,A,mismatch,1077,698,1,FALSE
cnsta,144,144,1,-,G,A,mismatch,1078,707,1,FALSE
cnsta,176,176,1,-,T,G,mismatch,1078,707,1,FALSE
cnsta,176,176,1,-,T,C,mismatch,1079,716,1,FALSE
cnsta,116,116,1,-,G,C,mismatch,1080,707,1,FALSE
cnsta,176,176,1,-,T,C,mismatch,1080,707,1,FALSE
cnsta,177,177,1,-,G,C,mismatch,1081,716,1,FALSE
cnsta,106,106,1,-,A,G,mismatch,1082,689,1,FALSE
cnsta,109,109,1,-,G,C,mismatch,1082,689,1,FALSE
cnsta,114,114,1,-,T,C,mismatch,1082,689,1,FALSE
cnsta,177,177,1,-,G,A,mismatch,1082,689,1,FALSE
cnsta,116,116,1,-,G,A,mismatch,1083,707,1,FALSE
cnsta,177,177,1,-,G,A,mismatch,1083,707,1,FALSE
cnsta,125,125,1,-,C,T,mismatch,1084,707,1,FALSE
cnsta,180,180,1,-,T,G,mismatch,1084,707,1,FALSE
cnsta,163,163,1,-,T,G,mismatch,1085,707,1,FALSE
cnsta,180,180,1,-,T,A,mismatch,1085,707,1,FALSE
cnsta,163,163,1,-,T,C,mismatch,1086,707,1,FALSE
cnsta,180,180,1,-,T,A,mismatch,1086,707,1,FALSE
cnsta,181,181,1,-,C,A,mismatch,1087,716,1,FALSE
cnsta,182,182,1,-,C,A,mismatch,1088,716,1,FALSE
cnsta,183,183,1,-,T,C,mismatch,1089,716,1,FALSE
cnsta,137,137,1,-,G,A,mismatch,1090,698,1,FALSE
cnsta,149,149,1,-,G,A,mismatch,1090,698,1,FALSE
cnsta,183,183,1,-,T,C,mismatch,1090,698,1,FALSE
cnsta,176,176,1,-,T,G,mismatch,1091,707,1,FALSE
cnsta,185,185,1,-,C,A,mismatch,1091,707,1,FALSE
cnsta,186,186,1,-,C,A,mismatch,1092,716,1,FALSE
cnsta,113,113,1,-,G,C,mismatch,1093,707,1,FALSE
cnsta,186,186,1,-,C,A,mismatch,1093,707,1,FALSE
cnsta,187,187,1,-,G,A,mismatch,1094,716,1,FALSE
cnsta,190,190,1,-,G,C,mismatch,1095,716,1,FALSE
cnsta,114,114,1,-,T,C,mismatch,1096,707,1,FALSE
cnsta,192,192,1,-,C,A,mismatch,1096,707,1,FALSE
cnsta,167,167,1,-,G,A,mismatch,1097,707,1,FALSE
cnsta,193,193,1,-,C,A,mismatch,1097,707,1,FALSE
cnsta,108,108,1,-,G,A,mismatch,1098,698,1,FALSE
cnsta,116,116,1,-,G,A,mismatch,1098,698,1,FALSE
cnsta,194,194,1,-,T,A,mismatch,1098,698,1,FALSE
cnsta,116,116,1,-,G,A,mismatch,1099,707,1,FALSE
cnsta,198,198,1,-,G,C,mismatch,1099,707,1,FALSE
cnsta,102,102,1,-,G,C,mismatch,1100,689,1,FALSE
cnsta,140,140,1,-,A,C,mismatch,1100,689,1,FALSE
cnsta,178,178,1,-,A,G,mismatch,1100,689,1,FALSE
cnsta,200,200,1,-,C,A,mismatch,1100,689,1,FALSE
cnsta,203,203,1,-,C,A,mismatch,1101,716,1,FALSE
cnsta,103,103,1,-,A,G,mismatch,1102,707,1,FALSE
cnsta,204,204,1,-,C,A,mismatch,1102,707,1,FALSE
cnsta,136,136,1,-,G,T,mismatch,1103,698,1,FALSE
cnsta,193,193,1,-,C,T,mismatch,1103,698,1,FALSE
cnsta,211,211,1,-,G,C,mismatch,1103,698,1,FALSE
cnsta,211,211,1,-,G,C,mismatch,1104,716,1,FALSE
cnsta,205,205,1,-,A,G,mismatch,1105,707,1,FALSE
cnsta,213,213,1,-,C,A,mismatch,1105,707,1,FALSE
cnsta,107,107,1,-,C,G,mismatch,1106,689,1,FALSE
cnsta,184,184,1,-,T,A,mismatch,1106,689,1,FALSE
cnsta,206,206,1,-,C,G,mismatch,1106,689,1,FALSE
cnsta,214,214,1,-,T,A,mismatch,1106,689,1,FALSE
cnsta,146,146,1,-,A,G,mismatch,1107,698,1,FALSE
cnsta,175,175,1,-,C,A,mismatch,1107,698,1,FALSE
cnsta,215,215,1,-,G,A,mismatch,1107,698,1,FALSE
cnsta,162,162,1,-,C,T,mismatch,1108,707,1,FALSE
cnsta,217,217,1,-,T,A,mismatch,1108,707,1,FALSE
cnsta,125,125,1,-,C,T,mismatch,1109,707,1,FALSE
cnsta,217,217,1,-,T,A,mismatch,1109,707,1,FALSE
cnsta,217,217,1,-,T,A,mismatch,1110,716,1,FALSE
cnsta,147,147,1,-,G,C,mismatch,1111,707,1,FALSE
cnsta,218,218,1,-,G,C,mismatch,1111,707,1,FALSE
cnsta,183,183,1,-,T,C,mismatch,1112,707,1,FALSE
cnsta,222,222,1,-,G,C,mismatch,1112,707,1,FALSE
cnsta,95,95,1,-,C,A,mismatch,1113,689,1,FALSE
cnsta,142,142,1,-,G,T,mismatch,1113,689,1,FALSE
cnsta,183,183,1,-,T,G,mismatch,1113,689,1,FALSE
cnsta,224,224,1,-,G,C,mismatch,1113,689,1,FALSE
cnsta,105,105,1,-,G,A,mismatch,1114,707,1,FALSE
cnsta,225,225,1,-,G,C,mismatch,1114,707,1,FALSE
cnsta,106,106,1,-,A,T,mismatch,1115,707,1,FALSE
cnsta,231,231,1,-,G,A,mismatch,1115,707,1,FALSE
cnsta,102,102,1,-,G,T,mismatch,1116,707,1,FALSE
cnsta,231,231,1,-,G,A,mismatch,1116,707,1,FALSE
cnsta,114,114,1,-,T,G,mismatch,1117,707,1,FALSE
cnsta,231,231,1,-,G,A,mismatch,1117,707,1,FALSE
cnsta,217,217,1,-,T,C,mismatch,1118,707,1,FALSE
cnsta,117,117,1,-,C,G,mismatch,1119,698,1,FALSE
cnsta,138,138,1,-,A,G,mismatch,1119,698,1,FALSE
cnsta,136,136,1,-,G,T,mismatch,1121,698,1,FALSE
cnsta,181,181,1,-,C,G,mismatch,1121,698,1,FALSE
cnsta,171,171,1,-,T,G,mismatch,1122,680,1,FALSE
cnsta,181,181,1,-,C,T,mismatch,1122,680,1,FALSE
cnsta,192,192,1,-,C,G,mismatch,1122,680,1,FALSE
cnsta,220,220,1,-,A,T,mismatch,1122,680,1,FALSE
cnsta,194,194,1,-,T,C,mismatch,1123,707,1,FALSE
cnsta,104,104,1,-,T,G,mismatch,1130,689,1,FALSE
cnsta,110,110,1,-,T,G,mismatch,1130,689,1,FALSE
cnsta,156,156,1,-,C,G,mismatch,1130,689,1,FALSE
cnsta,175,175,1,-,C,A,mismatch,1133,707,1,FALSE
cnsta,144,144,1,-,G,T,mismatch,1134,689,1,FALSE
cnsta,161,161,1,-,G,T,mismatch,1134,689,1,FALSE
cnsta,203,203,1,-,C,T,mismatch,1134,689,1,FALSE
cnsta,102,102,1,-,G,A,mismatch,1135,707,1,FALSE
cnsta,159,159,1,-,G,T,mismatch,1135,707,1,FALSE
cnsta,142,142,1,-,G,A,mismatch,1136,716,1,FALSE
cnsta,103,103,1,-,A,C,mismatch,1137,698,1,FALSE
cnsta,106,106,1,-,A,C,mismatch,1137,698,1,FALSE
cnsta,170,170,1,-,C,G,mismatch,1137,698,1,FALSE
cnsta,116,116,1,-,G,C,mismatch,1138,698,1,FALSE
cnsta,213,213,1,-,C,A,mismatch,1138,698,1,FALSE
cnsta,187,187,1,-,G,T,mismatch,1140,707,1,FALSE
cnsta,174,174,1,-,T,C,mismatch,1141,689,1,FALSE
cnsta,224,224,1,-,G,T,mismatch,1141,689,1,FALSE
cnsta,177,177,1,-,G,A,mismatch,1142,716,1,FALSE
cnsta,107,107,1,-,C,A,mismatch,1143,716,1,FALSE
cnsta,105,105,1,-,G,A,mismatch,1144,707,1,FALSE
cnsta,214,214,1,-,T,C,mismatch,1144,707,1,FALSE
cnsta,147,147,1,-,G,C,mismatch,1145,716,1,FALSE
cnsta,95,95,1,-,C,T,mismatch,1146,698,1,FALSE
cnsta,106,106,1,-,A,G,mismatch,1146,698,1,FALSE
cnsta,219,219,1,-,G,C,mismatch,1146,698,1,FALSE
cnsta,115,115,1,-,G,C,mismatch,1147,716,1,FALSE
cnsta,111,111,1,-,C,T,mismatch,1149,716,1,FALSE
cnsta,101,101,1,-,G,A,mismatch,1150,716,1,FALSE
cnsta,140,140,1,-,A,C,mismatch,1151,716,1,FALSE
cnsta,175,175,1,-,C,A,mismatch,1152,698,1,FALSE
cnsta,192,192,1,-,C,G,mismatch,1152,698,1,FALSE
cnsta,96,96,1,-,T,A,mismatch,1154,716,1,FALSE
cnsta,152,152,1,-,T,C,mismatch,1155,716,1,FALSE
cnsta,111,111,1,-,C,T,mismatch,1157,716,1,FALSE
cnsta,118,118,1,-,A,T,mismatch,1158,698,1,FALSE
cnsta,197,197,1,-,T,G,mismatch,1158,698,1,FALSE
cnsta,107,107,1,-,C,G,mismatch,1159,698,1,FALSE
cnsta,175,175,1,-,C,G,mismatch,1159,698,1,FALSE
cnsta,187,187,1,-,G,A,mismatch,1159,698,1,FALSE
cnsta,94,94,1,-,T,G,mismatch,1162,689,1,FALSE
cnsta,114,114,1,-,T,A,mismatch,1162,689,1,FALSE
cnsta,163,163,1,-,T,A,mismatch,1162,689,1,FALSE
cnsta,190,190,1,-,G,C,mismatch,1162,689,1,FALSE
cnsta,227,227,1,-,C,G,mismatch,1164,716,1,FALSE
cnsta,112,112,1,-,A,G,mismatch,1165,716,1,FALSE
cnsta,160,160,1,-,A,T,mismatch,1166,707,1,FALSE
cnsta,213,213,1,-,C,T,mismatch,1166,707,1,FALSE
cnsta,120,120,1,-,A,C,mismatch,1169,707,1,FALSE
cnsta,172,172,1,-,G,A,mismatch,1169,707,1,FALSE
cnsta,130,130,1,-,C,G,mismatch,1170,714,1,FALSE
cnsta,139,139,1,-,G,C,mismatch,1170,714,1,FALSE
cnsta,151,151,1,-,C,A,mismatch,1170,714,1,FALSE
cnsta,210,210,1,-,C,G,mismatch,1170,714,1,FALSE
cnsta,146,146,1,-,A,T,mismatch,1171,732,1,FALSE
cnsta,182,182,1,-,C,G,mismatch,1171,732,1,FALSE
cnsta,108,108,1,-,G,A,mismatch,1172,732,1,FALSE
cnsta,132,132,1,-,G,T,mismatch,1172,732,1,FALSE
cnsta,105,105,1,-,G,C,mismatch,1173,714,1,FALSE
cnsta,124,124,1,-,A,G,mismatch,1173,714,1,FALSE
cnsta,137,137,1,-,G,A,mismatch,1173,714,1,FALSE
cnsta,149,149,1,-,G,C,mismatch,1173,714,1,FALSE
cnsta,215,215,1,-,G,A,mismatch,1175,716,1,FALSE
cnsta,117,117,1,-,C,T,mismatch,1176,707,1,FALSE
cnsta,196,196,1,-,A,G,mismatch,1176,707,1,FALSE
cnsta,104,104,1,-,T,C,mismatch,1177,689,1,FALSE
cnsta,139,139,1,-,G,T,mismatch,1177,689,1,FALSE
cnsta,188,188,1,-,C,G,mismatch,1177,689,1,FALSE
cnsta,232,232,1,-,A,C,mismatch,1177,689,1,FALSE
cnsta,108,108,1,-,G,C,mismatch,1180,689,1,FALSE
cnsta,117,117,1,-,C,G,mismatch,1180,689,1,FALSE
cnsta,141,141,1,-,G,C,mismatch,1180,689,1,FALSE
cnsta,207,207,1,-,A,C,mismatch,1181,707,1,FALSE
cnsta,114,114,1,-,T,C,mismatch,1183,707,1,FALSE
cnsta,124,124,1,-,A,C,mismatch,1184,707,1,FALSE
cnsta,232,232,1,-,A,C,mismatch,1184,707,1,FALSE
cnsta,227,227,1,-,C,T,mismatch,1185,716,1,FALSE
cnsta,226,226,1,-,C,T,mismatch,1186,716,1,FALSE
cnsta,224,224,1,-,G,T,mismatch,1187,716,1,FALSE
cnsta,118,118,1,-,A,T,mismatch,1188,707,1,FALSE
cnsta,223,223,1,-,A,C,mismatch,1188,707,1,FALSE
cnsta,116,116,1,-,G,C,mismatch,1189,707,1,FALSE
cnsta,216,216,1,-,C,T,mismatch,1189,707,1,FALSE
cnsta,210,210,1,-,C,T,mismatch,1190,716,1,FALSE
cnsta,108,108,1,-,G,C,mismatch,1191,698,1,FALSE
cnsta,174,174,1,-,T,G,mismatch,1191,698,1,FALSE
cnsta,203,203,1,-,C,T,mismatch,1191,698,1,FALSE
cnsta,106,106,1,-,A,C,mismatch,1192,698,1,FALSE
cnsta,167,167,1,-,G,C,mismatch,1192,698,1,FALSE
cnsta,202,202,1,-,A,G,mismatch,1192,698,1,FALSE
cnsta,110,110,1,-,T,G,mismatch,1193,698,1,FALSE
cnsta,123,123,1,-,G,T,mismatch,1193,698,1,FALSE
cnsta,198,198,1,-,G,T,mismatch,1193,698,1,FALSE
cnsta,193,193,1,-,C,G,mismatch,1194,716,1,FALSE
cnsta,124,124,1,-,A,G,mismatch,1195,707,1,FALSE
cnsta,192,192,1,-,C,G,mismatch,1195,707,1,FALSE
cnsta,138,138,1,-,A,T,mismatch,1196,689,1,FALSE
cnsta,159,159,1,-,G,C,mismatch,1196,689,1,FALSE
cnsta,182,182,1,-,C,G,mismatch,1196,689,1,FALSE
cnsta,191,191,1,-,C,T,mismatch,1196,689,1,FALSE
cnsta,115,115,1,-,G,A,mismatch,1197,698,1,FALSE
cnsta,151,151,1,-,C,G,mismatch,1197,698,1,FALSE
cnsta,188,188,1,-,C,G,mismatch,1197,698,1,FALSE
cnsta,186,186,1,-,C,T,mismatch,1198,716,1,FALSE
cnsta,181,181,1,-,C,T,mismatch,1199,716,1,FALSE
cnsta,178,178,1,-,A,T,mismatch,1200,716,1,FALSE
cnsta,178,178,1,-,A,C,mismatch,1201,716,1,FALSE
cnsta,104,104,1,-,T,A,mismatch,1202,698,1,FALSE
cnsta,117,117,1,-,C,T,mismatch,1202,698,1,FALSE
cnsta,168,168,1,-,A,C,mismatch,1202,698,1,FALSE
cnsta,166,166,1,-,A,T,mismatch,1203,716,1,FALSE
cnsta,96,96,1,-,T,G,mismatch,1204,707,1,FALSE
cnsta,162,162,1,-,C,G,mismatch,1204,707,1,FALSE
cnsta,99,99,1,-,A,G,mismatch,1205,698,1,FALSE
cnsta,102,102,1,-,G,T,mismatch,1205,698,1,FALSE
cnsta,160,160,1,-,A,G,mismatch,1205,698,1,FALSE
cnsta,119,119,1,-,G,T,mismatch,1206,707,1,FALSE
cnsta,159,159,1,-,G,T,mismatch,1206,707,1,FALSE
cnsta,112,112,1,-,A,C,mismatch,1207,698,1,FALSE
cnsta,142,142,1,-,G,C,mismatch,1207,698,1,FALSE
cnsta,154,154,1,-,A,C,mismatch,1207,698,1,FALSE
cnsta,100,100,1,-,T,G,mismatch,1208,707,1,FALSE
cnsta,150,150,1,-,A,G,mismatch,1208,707,1,FALSE
cnsta,120,120,1,-,A,C,mismatch,1209,707,1,FALSE
cnsta,150,150,1,-,A,C,mismatch,1209,707,1,FALSE
cnsta,145,145,1,-,G,T,mismatch,1210,716,1,FALSE
cnsta,113,113,1,-,G,T,mismatch,1211,707,1,FALSE
cnsta,144,144,1,-,G,T,mismatch,1211,707,1,FALSE
cnsta,140,140,1,-,A,G,mismatch,1212,716,1,FALSE
cnsta,110,110,1,-,T,C,mismatch,1213,707,1,FALSE
cnsta,137,137,1,-,G,T,mismatch,1213,707,1,FALSE
cnsta,108,108,1,-,G,T,mismatch,1214,707,1,FALSE
cnsta,128,128,1,-,C,T,mismatch,1214,707,1,FALSE
cnsta,125,125,1,-,C,G,mismatch,1215,716,1,FALSE
cnsta,102,102,1,-,G,T,mismatch,1216,707,1,FALSE
cnsta,120,120,1,-,A,C,mismatch,1216,707,1,FALSE
cnsta,117,117,1,-,C,T,mismatch,1217,716,1,FALSE
cnsta,96,96,1,-,T,C,mismatch,1218,698,1,FALSE
cnsta,110,110,1,-,T,A,mismatch,1218,698,1,FALSE
cnsta,113,113,1,-,G,T,mismatch,1218,698,1,FALSE
cnsta,106,106,1,-,A,T,mismatch,1219,716,1,FALSE
cnsta,106,106,1,-,A,G,mismatch,1220,716,1,FALSE
cnsta,103,103,1,-,A,T,mismatch,1221,716,1,FALSE
cnsta,98,98,1,-,G,T,mismatch,1222,716,1,FALSE
cnsta,96,96,1,-,T,A,mismatch,1223,716,1,FALSE
cnsta,97,97,1,-,T,A,mismatch,1224,707,1,FALSE
cnsta,100,100,1,-,T,G,mismatch,1224,707,1,FALSE
cnsta,110,110,1,-,T,G,mismatch,1225,716,1,FALSE
cnsta,110,110,1,-,T,A,mismatch,1226,716,1,FALSE
cnsta,117,117,1,-,C,A,mismatch,1227,716,1,FALSE
cnsta,110,110,1,-,T,C,mismatch,1228,707,1,FALSE
cnsta,117,117,1,-,C,A,mismatch,1228,707,1,FALSE
cnsta,119,119,1,-,G,C,mismatch,1229,716,1,FALSE
cnsta,99,99,1,-,A,C,mismatch,1230,707,1,FALSE
cnsta,123,123,1,-,G,C,mismatch,1230,707,1,FALSE
cnsta,123,123,1,-,G,A,mismatch,1231,716,1,FALSE
cnsta,126,126,1,-,G,C,mismatch,1232,716,1,FALSE
cnsta,139,139,1,-,G,T,mismatch,1233,707,1,FALSE
cnsta,141,141,1,-,G,A,mismatch,1233,707,1,FALSE
cnsta,151,151,1,-,C,A,mismatch,1234,716,1,FALSE
cnsta,152,152,1,-,T,C,mismatch,1235,716,1,FALSE
cnsta,150,150,1,-,A,G,mismatch,1236,707,1,FALSE
cnsta,152,152,1,-,T,A,mismatch,1236,707,1,FALSE
cnsta,101,101,1,-,G,C,mismatch,1237,707,1,FALSE
cnsta,155,155,1,-,G,C,mismatch,1237,707,1,FALSE
cnsta,104,104,1,-,T,A,mismatch,1238,707,1,FALSE
cnsta,176,176,1,-,T,C,mismatch,1238,707,1,FALSE
cnsta,184,184,1,-,T,A,mismatch,1239,716,1,FALSE
cnsta,151,151,1,-,C,A,mismatch,1240,707,1,FALSE
cnsta,188,188,1,-,C,A,mismatch,1240,707,1,FALSE
cnsta,190,190,1,-,G,A,mismatch,1241,716,1,FALSE
cnsta,197,197,1,-,T,G,mismatch,1242,716,1,FALSE
cnsta,203,203,1,-,C,G,mismatch,1243,707,1,FALSE
cnsta,211,211,1,-,G,A,mismatch,1243,707,1,FALSE
cnsta,211,211,1,-,G,A,mismatch,1244,716,1,FALSE
cnsta,212,212,1,-,G,A,mismatch,1245,716,1,FALSE
cnsta,109,109,1,-,G,A,mismatch,1246,707,1,FALSE
cnsta,215,215,1,-,G,C,mismatch,1246,707,1,FALSE
cnsta,219,219,1,-,G,C,mismatch,1247,716,1,FALSE
cnsta,219,219,1,-,G,A,mismatch,1248,716,1,FALSE
cnsta,124,124,1,-,A,C,mismatch,1249,707,1,FALSE
cnsta,222,222,1,-,G,C,mismatch,1249,707,1,FALSE
cnsta,228,228,1,-,G,C,mismatch,1250,716,1,FALSE
cnsta,100,100,1,-,T,G,mismatch,1252,689,1,FALSE
cnsta,107,107,1,-,C,T,mismatch,1252,689,1,FALSE
cnsta,219,219,1,-,G,T,mismatch,1252,689,1,FALSE
cnsta,137,137,1,-,G,C,mismatch,1255,707,1,FALSE
cnsta,98,98,1,-,G,T,mismatch,1256,707,1,FALSE
cnsta,220,220,1,-,A,T,mismatch,1256,707,1,FALSE
cnsta,125,125,1,-,C,G,mismatch,1257,716,1,FALSE
cnsta,98,98,1,-,G,C,mismatch,1259,707,1,FALSE
cnsta,151,151,1,-,C,T,mismatch,1259,707,1,FALSE
cnsta,137,137,1,-,G,C,mismatch,1260,732,1,FALSE
cnsta,178,178,1,-,A,G,mismatch,1260,732,1,FALSE
cnsta,119,119,1,-,G,C,mismatch,1261,716,1,FALSE
cnsta,100,100,1,-,T,A,mismatch,1263,707,1,FALSE
cnsta,226,226,1,-,C,T,mismatch,1263,707,1,FALSE
cnsta,146,146,1,-,A,G,mismatch,1264,707,1,FALSE
cnsta,218,218,1,-,G,C,mismatch,1264,707,1,FALSE
cnsta,99,99,1,-,A,G,mismatch,1265,716,1,FALSE
cnsta,152,152,1,-,T,A,mismatch,1268,707,1,FALSE
cnsta,115,115,1,-,G,A,mismatch,1269,698,1,FALSE
cnsta,139,139,1,-,G,T,mismatch,1269,698,1,FALSE
cnsta,161,161,1,-,G,A,mismatch,1270,707,1,FALSE
cnsta,201,201,1,-,A,C,mismatch,1271,707,1,FALSE
cnsta,104,104,1,-,T,C,mismatch,1273,689,1,FALSE
cnsta,151,151,1,-,C,T,mismatch,1273,689,1,FALSE
cnsta,191,191,1,-,C,T,mismatch,1273,689,1,FALSE
cnsta,103,103,1,-,A,G,mismatch,1274,689,1,FALSE
cnsta,201,201,1,-,A,G,mismatch,1274,689,1,FALSE
cnsta,111,111,1,-,C,A,mismatch,1278,707,1,FALSE
cnsta,232,232,1,-,A,G,mismatch,1279,716,1,FALSE
cnsta,123,123,1,-,G,C,mismatch,1280,707,1,FALSE
cnsta,232,232,1,-,A,G,mismatch,1280,707,1,FALSE
cnsta,231,231,1,-,G,T,mismatch,1281,716,1,FALSE
cnsta,227,227,1,-,C,T,mismatch,1282,716,1,FALSE
cnsta,225,225,1,-,G,T,mismatch,1283,716,1,FALSE
cnsta,150,150,1,-,A,G,mismatch,1284,698,1,FALSE
cnsta,190,190,1,-,G,T,mismatch,1284,698,1,FALSE
cnsta,223,223,1,-,A,T,mismatch,1284,698,1,FALSE
cnsta,120,120,1,-,A,G,mismatch,1285,698,1,FALSE
cnsta,145,145,1,-,G,C,mismatch,1285,698,1,FALSE
cnsta,223,223,1,-,A,C,mismatch,1285,698,1,FALSE
cnsta,157,157,1,-,C,A,mismatch,1286,707,1,FALSE
cnsta,221,221,1,-,A,T,mismatch,1286,707,1,FALSE
cnsta,157,157,1,-,C,A,mismatch,1287,698,1,FALSE
cnsta,170,170,1,-,C,A,mismatch,1287,698,1,FALSE
cnsta,221,221,1,-,A,T,mismatch,1287,698,1,FALSE
cnsta,102,102,1,-,G,C,mismatch,1288,707,1,FALSE
cnsta,221,221,1,-,A,G,mismatch,1288,707,1,FALSE
cnsta,220,220,1,-,A,C,mismatch,1289,716,1,FALSE
cnsta,183,183,1,-,T,G,mismatch,1290,707,1,FALSE
cnsta,205,205,1,-,A,T,mismatch,1290,707,1,FALSE
cnsta,204,204,1,-,C,T,mismatch,1291,716,1,FALSE
cnsta,132,132,1,-,G,A,mismatch,1292,707,1,FALSE
cnsta,204,204,1,-,C,G,mismatch,1292,707,1,FALSE
cnsta,112,112,1,-,A,G,mismatch,1293,698,1,FALSE
cnsta,186,186,1,-,C,T,mismatch,1293,698,1,FALSE
cnsta,202,202,1,-,A,C,mismatch,1293,698,1,FALSE
cnsta,201,201,1,-,A,G,mismatch,1294,716,1,FALSE
cnsta,189,189,1,-,A,C,mismatch,1295,716,1,FALSE
cnsta,102,102,1,-,G,A,mismatch,1296,698,1,FALSE
cnsta,150,150,1,-,A,C,mismatch,1296,698,1,FALSE
cnsta,185,185,1,-,C,T,mismatch,1296,698,1,FALSE
cnsta,181,181,1,-,C,G,mismatch,1297,716,1,FALSE
cnsta,152,152,1,-,T,G,mismatch,1298,707,1,FALSE
cnsta,170,170,1,-,C,G,mismatch,1298,707,1,FALSE
cnsta,119,119,1,-,G,A,mismatch,1299,707,1,FALSE
cnsta,166,166,1,-,A,T,mismatch,1299,707,1,FALSE
cnsta,131,131,1,-,T,C,mismatch,1300,707,1,FALSE
cnsta,166,166,1,-,A,T,mismatch,1300,707,1,FALSE
cnsta,152,152,1,-,T,G,mismatch,1301,698,1,FALSE
cnsta,156,156,1,-,C,A,mismatch,1301,698,1,FALSE
cnsta,166,166,1,-,A,T,mismatch,1301,698,1,FALSE
cnsta,119,119,1,-,G,A,mismatch,1302,707,1,FALSE
cnsta,165,165,1,-,C,T,mismatch,1302,707,1,FALSE
cnsta,164,164,1,-,A,T,mismatch,1303,716,1,FALSE
cnsta,126,126,1,-,G,C,mismatch,1304,707,1,FALSE
cnsta,164,164,1,-,A,G,mismatch,1304,707,1,FALSE
cnsta,162,162,1,-,C,T,mismatch,1305,716,1,FALSE
cnsta,146,146,1,-,A,G,mismatch,1306,707,1,FALSE
cnsta,158,158,1,-,G,T,mismatch,1306,707,1,FALSE
cnsta,105,105,1,-,G,A,mismatch,1307,707,1,FALSE
cnsta,157,157,1,-,C,G,mismatch,1307,707,1,FALSE
cnsta,112,112,1,-,A,T,mismatch,1308,707,1,FALSE
cnsta,149,149,1,-,G,T,mismatch,1308,707,1,FALSE
cnsta,148,148,1,-,C,G,mismatch,1309,716,1,FALSE
cnsta,140,140,1,-,A,G,mismatch,1310,716,1,FALSE
cnsta,110,110,1,-,T,A,mismatch,1311,707,1,FALSE
cnsta,140,140,1,-,A,C,mismatch,1311,707,1,FALSE
cnsta,130,130,1,-,C,G,mismatch,1312,716,1,FALSE
cnsta,129,129,1,-,C,T,mismatch,1313,716,1,FALSE
cnsta,128,128,1,-,C,G,mismatch,1314,716,1,FALSE
cnsta,124,124,1,-,A,G,mismatch,1315,716,1,FALSE
cnsta,109,109,1,-,G,C,mismatch,1316,707,1,FALSE
cnsta,124,124,1,-,A,C,mismatch,1316,707,1,FALSE
cnsta,122,122,1,-,C,G,mismatch,1317,716,1,FALSE
cnsta,102,102,1,-,G,A,mismatch,1318,707,1,FALSE
cnsta,120,120,1,-,A,G,mismatch,1318,707,1,FALSE
cnsta,99,99,1,-,A,C,mismatch,1319,707,1,FALSE
cnsta,119,119,1,-,G,T,mismatch,1319,707,1,FALSE
cnsta,119,119,1,-,G,T,mismatch,1320,716,1,FALSE
cnsta,118,118,1,-,A,T,mismatch,1321,716,1,FALSE
cnsta,118,118,1,-,A,G,mismatch,1322,716,1,FALSE
cnsta,117,117,1,-,C,G,mismatch,1323,716,1,FALSE
cnsta,113,113,1,-,G,T,mismatch,1324,716,1,FALSE
cnsta,100,100,1,-,T,G,mismatch,1325,707,1,FALSE
cnsta,112,112,1,-,A,C,mismatch,1325,707,1,FALSE
cnsta,111,111,1,-,C,T,mismatch,1326,716,1,FALSE
cnsta,111,111,1,-,C,G,mismatch,1327,716,1,FALSE
cnsta,109,109,1,-,G,T,mismatch,1328,716,1,FALSE
cnsta,106,106,1,-,A,G,mismatch,1329,716,1,FALSE
cnsta,103,103,1,-,A,G,mismatch,1330,716,1,FALSE
cnsta,101,101,1,-,G,T,mismatch,1331,716,1,FALSE
cnsta,99,99,1,-,A,C,mismatch,1332,716,1,FALSE
cnsta,98,98,1,-,G,T,mismatch,1333,716,1,FALSE
cnsta,100,100,1,-,T,G,mismatch,1334,716,1,FALSE
cnsta,102,102,1,-,G,C,mismatch,1335,716,1,FALSE
cnsta,102,102,1,-,G,A,mismatch,1336,716,1,FALSE
cnsta,99,99,1,-,A,G,mismatch,1337,707,1,FALSE
cnsta,110,110,1,-,T,G,mismatch,1337,707,1,FALSE
cnsta,113,113,1,-,G,A,mismatch,1338,716,1,FALSE
cnsta,100,100,1,-,T,G,mismatch,1339,698,1,FALSE
cnsta,107,107,1,-,C,T,mismatch,1339,698,1,FALSE
cnsta,114,114,1,-,T,G,mismatch,1339,698,1,FALSE
cnsta,114,114,1,-,T,G,mismatch,1340,716,1,FALSE
cnsta,119,119,1,-,G,A,mismatch,1341,716,1,FALSE
cnsta,121,121,1,-,G,A,mismatch,1342,716,1,FALSE
cnsta,110,110,1,-,T,G,mismatch,1343,707,1,FALSE
cnsta,123,123,1,-,G,C,mismatch,1343,707,1,FALSE
cnsta,109,109,1,-,G,C,mismatch,1344,707,1,FALSE
cnsta,126,126,1,-,G,C,mismatch,1344,707,1,FALSE
cnsta,126,126,1,-,G,A,mismatch,1345,716,1,FALSE
cnsta,105,105,1,-,G,C,mismatch,1346,698,1,FALSE
cnsta,110,110,1,-,T,C,mismatch,1346,698,1,FALSE
cnsta,131,131,1,-,T,C,mismatch,1346,698,1,FALSE
cnsta,101,101,1,-,G,A,mismatch,1347,707,1,FALSE
cnsta,141,141,1,-,G,C,mismatch,1347,707,1,FALSE
cnsta,141,141,1,-,G,A,mismatch,1348,716,1,FALSE
cnsta,144,144,1,-,G,C,mismatch,1349,716,1,FALSE
cnsta,144,144,1,-,G,A,mismatch,1350,716,1,FALSE
cnsta,98,98,1,-,G,C,mismatch,1351,707,1,FALSE
cnsta,145,145,1,-,G,A,mismatch,1351,707,1,FALSE
cnsta,141,141,1,-,G,A,mismatch,1352,707,1,FALSE
cnsta,149,149,1,-,G,A,mismatch,1352,707,1,FALSE
cnsta,158,158,1,-,G,C,mismatch,1353,716,1,FALSE
cnsta,103,103,1,-,A,G,mismatch,1354,698,1,FALSE
cnsta,130,130,1,-,C,T,mismatch,1354,698,1,FALSE
cnsta,169,169,1,-,G,A,mismatch,1354,698,1,FALSE
cnsta,119,119,1,-,G,A,mismatch,1355,698,1,FALSE
cnsta,150,150,1,-,A,G,mismatch,1355,698,1,FALSE
cnsta,172,172,1,-,G,C,mismatch,1355,698,1,FALSE
cnsta,173,173,1,-,C,A,mismatch,1356,716,1,FALSE
cnsta,114,114,1,-,T,G,mismatch,1357,707,1,FALSE
cnsta,173,173,1,-,C,A,mismatch,1357,707,1,FALSE
cnsta,103,103,1,-,A,G,mismatch,1358,698,1,FALSE
cnsta,126,126,1,-,G,C,mismatch,1358,698,1,FALSE
cnsta,176,176,1,-,T,A,mismatch,1358,698,1,FALSE
cnsta,99,99,1,-,A,C,mismatch,1359,689,1,FALSE
cnsta,111,111,1,-,C,A,mismatch,1359,689,1,FALSE
cnsta,131,131,1,-,T,A,mismatch,1359,689,1,FALSE
cnsta,180,180,1,-,T,G,mismatch,1359,689,1,FALSE
cnsta,125,125,1,-,C,A,mismatch,1360,707,1,FALSE
cnsta,180,180,1,-,T,C,mismatch,1360,707,1,FALSE
cnsta,105,105,1,-,G,T,mismatch,1361,707,1,FALSE
cnsta,183,183,1,-,T,A,mismatch,1361,707,1,FALSE
cnsta,101,101,1,-,G,C,mismatch,1362,698,1,FALSE
cnsta,103,103,1,-,A,T,mismatch,1362,698,1,FALSE
cnsta,183,183,1,-,T,A,mismatch,1362,698,1,FALSE
cnsta,184,184,1,-,T,C,mismatch,1363,716,1,FALSE
cnsta,144,144,1,-,G,T,mismatch,1364,707,1,FALSE
cnsta,185,185,1,-,C,A,mismatch,1364,707,1,FALSE
cnsta,194,194,1,-,T,A,mismatch,1365,716,1,FALSE
cnsta,102,102,1,-,G,T,mismatch,1366,698,1,FALSE
cnsta,180,180,1,-,T,A,mismatch,1366,698,1,FALSE
cnsta,197,197,1,-,T,G,mismatch,1366,698,1,FALSE
cnsta,155,155,1,-,G,T,mismatch,1367,689,1,FALSE
cnsta,168,168,1,-,A,T,mismatch,1367,689,1,FALSE
cnsta,180,180,1,-,T,A,mismatch,1367,689,1,FALSE
cnsta,198,198,1,-,G,A,mismatch,1367,689,1,FALSE
cnsta,170,170,1,-,C,G,mismatch,1368,707,1,FALSE
cnsta,215,215,1,-,G,A,mismatch,1368,707,1,FALSE
cnsta,174,174,1,-,T,G,mismatch,1369,707,1,FALSE
cnsta,217,217,1,-,T,C,mismatch,1369,707,1,FALSE
cnsta,110,110,1,-,T,C,mismatch,1370,689,1,FALSE
cnsta,113,113,1,-,G,C,mismatch,1370,689,1,FALSE
cnsta,164,164,1,-,A,G,mismatch,1370,689,1,FALSE
cnsta,218,218,1,-,G,A,mismatch,1370,689,1,FALSE
cnsta,218,218,1,-,G,A,mismatch,1371,716,1,FALSE
cnsta,224,224,1,-,G,C,mismatch,1372,716,1,FALSE
cnsta,165,165,1,-,C,A,mismatch,1373,698,1,FALSE
cnsta,177,177,1,-,G,T,mismatch,1373,698,1,FALSE
cnsta,230,230,1,-,T,C,mismatch,1373,698,1,FALSE
cnsta,230,230,1,-,T,A,mismatch,1374,716,1,FALSE
cnsta,100,100,1,-,T,G,mismatch,1376,698,1,FALSE
cnsta,205,205,1,-,A,C,mismatch,1376,698,1,FALSE
cnsta,214,214,1,-,T,C,mismatch,1377,707,1,FALSE
cnsta,212,212,1,-,G,A,mismatch,1378,707,1,FALSE
cnsta,153,153,1,-,G,T,mismatch,1380,707,1,FALSE
cnsta,98,98,1,-,G,A,mismatch,1381,698,1,FALSE
cnsta,112,112,1,-,A,G,mismatch,1381,698,1,FALSE
cnsta,141,141,1,-,G,T,mismatch,1381,698,1,FALSE
cnsta,104,104,1,-,T,C,mismatch,1382,716,1,FALSE
cnsta,187,187,1,-,G,A,mismatch,1384,716,1,FALSE
cnsta,107,107,1,-,C,T,mismatch,1386,707,1,FALSE
cnsta,121,121,1,-,G,C,mismatch,1386,707,1,FALSE
cnsta,143,143,1,-,A,G,mismatch,1388,698,1,FALSE
cnsta,167,167,1,-,G,C,mismatch,1388,698,1,FALSE
cnsta,186,186,1,-,C,A,mismatch,1388,698,1,FALSE
cnsta,151,151,1,-,C,G,mismatch,1390,707,1,FALSE
cnsta,196,196,1,-,A,G,mismatch,1390,707,1,FALSE
cnsta,116,116,1,-,G,T,mismatch,1391,707,1,FALSE
cnsta,164,164,1,-,A,G,mismatch,1391,707,1,FALSE
cnsta,121,121,1,-,G,A,mismatch,1392,716,1,FALSE
cnsta,125,125,1,-,C,A,mismatch,1393,707,1,FALSE
cnsta,179,179,1,-,G,C,mismatch,1393,707,1,FALSE
cnsta,113,113,1,-,G,C,mismatch,1394,707,1,FALSE
cnsta,225,225,1,-,G,A,mismatch,1394,707,1,FALSE
cnsta,181,181,1,-,C,T,mismatch,1395,716,1,FALSE
cnsta,231,231,1,-,G,C,mismatch,1397,741,1,FALSE
cnsta,104,104,1,-,T,G,mismatch,1399,732,1,FALSE
cnsta,108,108,1,-,G,A,mismatch,1399,732,1,FALSE
cnsta,209,209,1,-,C,T,mismatch,1400,741,1,FALSE
cnsta,142,142,1,-,G,T,mismatch,1406,714,1,FALSE
cnsta,190,190,1,-,G,C,mismatch,1406,714,1,FALSE
cnsta,232,232,1,-,A,T,mismatch,1406,714,1,FALSE
cnsta,183,183,1,-,T,A,mismatch,1407,732,1,FALSE
cnsta,105,105,1,-,G,C,mismatch,1408,705,1,FALSE
cnsta,109,109,1,-,G,T,mismatch,1408,705,1,FALSE
cnsta,114,114,1,-,T,A,mismatch,1408,705,1,FALSE
cnsta,165,165,1,-,C,A,mismatch,1408,705,1,FALSE
cnsta,106,106,1,-,A,T,mismatch,1409,732,1,FALSE
cnsta,187,187,1,-,G,C,mismatch,1410,732,1,FALSE
cnsta,130,130,1,-,C,T,mismatch,1411,723,1,FALSE
cnsta,195,195,1,-,G,T,mismatch,1411,723,1,FALSE
cnsta,192,192,1,-,C,T,mismatch,1413,732,1,FALSE
cnsta,226,226,1,-,C,T,mismatch,1415,741,1,FALSE
cnsta,163,163,1,-,T,A,mismatch,1416,732,1,FALSE
cnsta,226,226,1,-,C,T,mismatch,1416,732,1,FALSE
cnsta,108,108,1,-,G,C,mismatch,1417,723,1,FALSE
cnsta,154,154,1,-,A,G,mismatch,1417,723,1,FALSE
cnsta,212,212,1,-,G,T,mismatch,1417,723,1,FALSE
cnsta,212,212,1,-,G,T,mismatch,1418,741,1,FALSE
cnsta,162,162,1,-,C,G,mismatch,1419,732,1,FALSE
cnsta,210,210,1,-,C,T,mismatch,1419,732,1,FALSE
cnsta,103,103,1,-,A,G,mismatch,1420,723,1,FALSE
cnsta,106,106,1,-,A,G,mismatch,1420,723,1,FALSE
cnsta,209,209,1,-,C,G,mismatch,1420,723,1,FALSE
cnsta,208,208,1,-,A,C,mismatch,1421,741,1,FALSE
cnsta,126,126,1,-,G,A,mismatch,1422,732,1,FALSE
cnsta,207,207,1,-,A,T,mismatch,1422,732,1,FALSE
cnsta,165,165,1,-,C,T,mismatch,1423,732,1,FALSE
cnsta,203,203,1,-,C,T,mismatch,1423,732,1,FALSE
cnsta,203,203,1,-,C,G,mismatch,1424,741,1,FALSE
cnsta,127,127,1,-,G,A,mismatch,1425,732,1,FALSE
cnsta,202,202,1,-,A,G,mismatch,1425,732,1,FALSE
cnsta,202,202,1,-,A,C,mismatch,1426,741,1,FALSE
cnsta,104,104,1,-,T,A,mismatch,1427,732,1,FALSE
cnsta,202,202,1,-,A,C,mismatch,1427,732,1,FALSE
cnsta,114,114,1,-,T,A,mismatch,1428,714,1,FALSE
cnsta,117,117,1,-,C,T,mismatch,1428,714,1,FALSE
cnsta,179,179,1,-,G,T,mismatch,1428,714,1,FALSE
cnsta,201,201,1,-,A,C,mismatch,1428,714,1,FALSE
cnsta,148,148,1,-,C,T,mismatch,1429,732,1,FALSE
cnsta,200,200,1,-,C,T,mismatch,1429,732,1,FALSE
cnsta,132,132,1,-,G,A,mismatch,1430,723,1,FALSE
cnsta,198,198,1,-,G,C,mismatch,1430,723,1,FALSE
cnsta,200,200,1,-,C,G,mismatch,1430,723,1,FALSE
cnsta,167,167,1,-,G,C,mismatch,1431,732,1,FALSE
cnsta,195,195,1,-,G,T,mismatch,1431,732,1,FALSE
cnsta,192,192,1,-,C,T,mismatch,1432,741,1,FALSE
cnsta,188,188,1,-,C,T,mismatch,1433,741,1,FALSE
cnsta,104,104,1,-,T,G,mismatch,1434,723,1,FALSE
cnsta,112,112,1,-,A,G,mismatch,1434,723,1,FALSE
cnsta,186,186,1,-,C,T,mismatch,1434,723,1,FALSE
cnsta,185,185,1,-,C,T,mismatch,1435,741,1,FALSE
cnsta,185,185,1,-,C,G,mismatch,1436,741,1,FALSE
cnsta,182,182,1,-,C,G,mismatch,1437,741,1,FALSE
cnsta,181,181,1,-,C,T,mismatch,1438,741,1,FALSE
cnsta,114,114,1,-,T,G,mismatch,1439,732,1,FALSE
cnsta,178,178,1,-,A,T,mismatch,1439,732,1,FALSE
cnsta,160,160,1,-,A,T,mismatch,1440,732,1,FALSE
cnsta,175,175,1,-,C,T,mismatch,1440,732,1,FALSE
cnsta,168,168,1,-,A,C,mismatch,1441,741,1,FALSE
cnsta,167,167,1,-,G,T,mismatch,1442,741,1,FALSE
cnsta,162,162,1,-,C,G,mismatch,1443,741,1,FALSE
cnsta,154,154,1,-,A,T,mismatch,1444,741,1,FALSE
cnsta,151,151,1,-,C,T,mismatch,1445,741,1,FALSE
cnsta,121,121,1,-,G,A,mismatch,1446,732,1,FALSE
cnsta,146,146,1,-,A,G,mismatch,1446,732,1,FALSE
cnsta,146,146,1,-,A,C,mismatch,1447,741,1,FALSE
cnsta,145,145,1,-,G,T,mismatch,1448,741,1,FALSE
cnsta,144,144,1,-,G,T,mismatch,1449,741,1,FALSE
cnsta,117,117,1,-,C,A,mismatch,1450,732,1,FALSE
cnsta,141,141,1,-,G,T,mismatch,1450,732,1,FALSE
cnsta,134,134,1,-,A,G,mismatch,1451,723,1,FALSE
cnsta,136,136,1,-,G,C,mismatch,1451,723,1,FALSE
cnsta,140,140,1,-,A,T,mismatch,1451,723,1,FALSE
cnsta,108,108,1,-,G,C,mismatch,1452,732,1,FALSE
cnsta,140,140,1,-,A,G,mismatch,1452,732,1,FALSE
cnsta,138,138,1,-,A,T,mismatch,1453,741,1,FALSE
cnsta,121,121,1,-,G,C,mismatch,1454,732,1,FALSE
cnsta,138,138,1,-,A,G,mismatch,1454,732,1,FALSE
cnsta,112,112,1,-,A,G,mismatch,1455,732,1,FALSE
cnsta,138,138,1,-,A,C,mismatch,1455,732,1,FALSE
cnsta,125,125,1,-,C,T,mismatch,1457,741,1,FALSE
cnsta,125,125,1,-,C,G,mismatch,1458,741,1,FALSE
cnsta,103,103,1,-,A,T,mismatch,1459,732,1,FALSE
cnsta,121,121,1,-,G,T,mismatch,1459,732,1,FALSE
cnsta,121,121,1,-,G,T,mismatch,1460,741,1,FALSE
cnsta,120,120,1,-,A,T,mismatch,1461,741,1,FALSE
cnsta,120,120,1,-,A,C,mismatch,1462,741,1,FALSE
cnsta,119,119,1,-,G,T,mismatch,1463,741,1,FALSE
cnsta,118,118,1,-,A,T,mismatch,1464,741,1,FALSE
cnsta,118,118,1,-,A,G,mismatch,1465,741,1,FALSE
cnsta,116,116,1,-,G,T,mismatch,1466,741,1,FALSE
cnsta,106,106,1,-,A,C,mismatch,1467,732,1,FALSE
cnsta,113,113,1,-,G,T,mismatch,1467,732,1,FALSE
cnsta,109,109,1,-,G,T,mismatch,1468,741,1,FALSE
cnsta,107,107,1,-,C,T,mismatch,1469,741,1,FALSE
cnsta,106,106,1,-,A,T,mismatch,1470,741,1,FALSE
cnsta,104,104,1,-,T,G,mismatch,1472,741,1,FALSE
cnsta,110,110,1,-,T,C,mismatch,1473,741,1,FALSE
cnsta,113,113,1,-,G,C,mismatch,1474,741,1,FALSE
cnsta,113,113,1,-,G,A,mismatch,1475,741,1,FALSE
cnsta,116,116,1,-,G,A,mismatch,1476,741,1,FALSE
cnsta,122,122,1,-,C,A,mismatch,1477,741,1,FALSE
cnsta,125,125,1,-,C,A,mismatch,1478,741,1,FALSE
cnsta,126,126,1,-,G,C,mismatch,1479,741,1,FALSE
cnsta,113,113,1,-,G,T,mismatch,1480,732,1,FALSE
cnsta,128,128,1,-,C,A,mismatch,1480,732,1,FALSE
cnsta,131,131,1,-,T,G,mismatch,1481,741,1,FALSE
cnsta,131,131,1,-,T,C,mismatch,1482,741,1,FALSE
cnsta,133,133,1,-,T,C,mismatch,1483,741,1,FALSE
cnsta,137,137,1,-,G,C,mismatch,1484,741,1,FALSE
cnsta,137,137,1,-,G,A,mismatch,1485,732,1,FALSE
cnsta,144,144,1,-,G,A,mismatch,1485,732,1,FALSE
cnsta,145,145,1,-,G,A,mismatch,1486,741,1,FALSE
cnsta,148,148,1,-,C,A,mismatch,1487,741,1,FALSE
cnsta,133,133,1,-,T,G,mismatch,1488,732,1,FALSE
cnsta,149,149,1,-,G,C,mismatch,1488,732,1,FALSE
cnsta,136,136,1,-,G,T,mismatch,1489,732,1,FALSE
cnsta,149,149,1,-,G,A,mismatch,1489,732,1,FALSE
cnsta,137,137,1,-,G,C,mismatch,1490,732,1,FALSE
cnsta,152,152,1,-,T,C,mismatch,1490,732,1,FALSE
cnsta,106,106,1,-,A,G,mismatch,1491,732,1,FALSE
cnsta,152,152,1,-,T,A,mismatch,1491,732,1,FALSE
cnsta,153,153,1,-,G,C,mismatch,1492,741,1,FALSE
cnsta,155,155,1,-,G,C,mismatch,1493,741,1,FALSE
cnsta,163,163,1,-,T,G,mismatch,1494,741,1,FALSE
cnsta,112,112,1,-,A,G,mismatch,1495,723,1,FALSE
cnsta,160,160,1,-,A,T,mismatch,1495,723,1,FALSE
cnsta,165,165,1,-,C,A,mismatch,1495,723,1,FALSE
cnsta,124,124,1,-,A,G,mismatch,1496,714,1,FALSE
cnsta,136,136,1,-,G,C,mismatch,1496,714,1,FALSE
cnsta,149,149,1,-,G,T,mismatch,1496,714,1,FALSE
cnsta,165,165,1,-,C,A,mismatch,1496,714,1,FALSE
cnsta,106,106,1,-,A,G,mismatch,1497,714,1,FALSE
cnsta,117,117,1,-,C,G,mismatch,1497,714,1,FALSE
cnsta,144,144,1,-,G,T,mismatch,1497,714,1,FALSE
cnsta,165,165,1,-,C,A,mismatch,1497,714,1,FALSE
cnsta,169,169,1,-,G,C,mismatch,1498,741,1,FALSE
cnsta,109,109,1,-,G,C,mismatch,1499,714,1,FALSE
cnsta,120,120,1,-,A,C,mismatch,1499,714,1,FALSE
cnsta,130,130,1,-,C,A,mismatch,1499,714,1,FALSE
cnsta,171,171,1,-,T,G,mismatch,1499,714,1,FALSE
cnsta,171,171,1,-,T,A,mismatch,1500,741,1,FALSE
cnsta,169,169,1,-,G,A,mismatch,1501,732,1,FALSE
cnsta,172,172,1,-,G,C,mismatch,1501,732,1,FALSE
cnsta,172,172,1,-,G,A,mismatch,1502,741,1,FALSE
cnsta,179,179,1,-,G,C,mismatch,1503,741,1,FALSE
cnsta,180,180,1,-,T,G,mismatch,1504,741,1,FALSE
cnsta,140,140,1,-,A,T,mismatch,1505,732,1,FALSE
cnsta,183,183,1,-,T,G,mismatch,1505,732,1,FALSE
cnsta,183,183,1,-,T,A,mismatch,1506,741,1,FALSE
cnsta,110,110,1,-,T,A,mismatch,1507,723,1,FALSE
cnsta,120,120,1,-,A,T,mismatch,1507,723,1,FALSE
cnsta,184,184,1,-,T,C,mismatch,1507,723,1,FALSE
cnsta,114,114,1,-,T,C,mismatch,1508,732,1,FALSE
cnsta,184,184,1,-,T,C,mismatch,1508,732,1,FALSE
cnsta,110,110,1,-,T,G,mismatch,1509,732,1,FALSE
cnsta,185,185,1,-,C,A,mismatch,1509,732,1,FALSE
cnsta,186,186,1,-,C,A,mismatch,1510,741,1,FALSE
cnsta,195,195,1,-,G,C,mismatch,1511,741,1,FALSE
cnsta,105,105,1,-,G,A,mismatch,1512,732,1,FALSE
cnsta,197,197,1,-,T,C,mismatch,1512,732,1,FALSE
cnsta,153,153,1,-,G,T,mismatch,1513,732,1,FALSE
cnsta,197,197,1,-,T,A,mismatch,1513,732,1,FALSE
cnsta,109,109,1,-,G,C,mismatch,1514,732,1,FALSE
cnsta,198,198,1,-,G,A,mismatch,1514,732,1,FALSE
cnsta,203,203,1,-,C,A,mismatch,1515,741,1,FALSE
cnsta,210,210,1,-,C,A,mismatch,1516,741,1,FALSE
cnsta,212,212,1,-,G,C,mismatch,1517,741,1,FALSE
cnsta,120,120,1,-,A,G,mismatch,1518,732,1,FALSE
cnsta,214,214,1,-,T,G,mismatch,1518,732,1,FALSE
cnsta,166,166,1,-,A,G,mismatch,1519,732,1,FALSE
cnsta,217,217,1,-,T,A,mismatch,1519,732,1,FALSE
cnsta,199,199,1,-,A,G,mismatch,1520,732,1,FALSE
cnsta,219,219,1,-,G,C,mismatch,1520,732,1,FALSE
cnsta,224,224,1,-,G,C,mismatch,1521,741,1,FALSE
cnsta,195,195,1,-,G,A,mismatch,1522,732,1,FALSE
cnsta,231,231,1,-,G,C,mismatch,1522,732,1,FALSE
cnsta,149,149,1,-,G,A,mismatch,1523,723,1,FALSE
cnsta,182,182,1,-,C,A,mismatch,1523,723,1,FALSE
cnsta,168,168,1,-,A,T,mismatch,1524,723,1,FALSE
cnsta,217,217,1,-,T,A,mismatch,1524,723,1,FALSE
cnsta,115,115,1,-,G,T,mismatch,1525,723,1,FALSE
cnsta,142,142,1,-,G,C,mismatch,1525,723,1,FALSE
cnsta,108,108,1,-,G,T,mismatch,1526,732,1,FALSE
cnsta,211,211,1,-,G,C,mismatch,1527,732,1,FALSE
cnsta,108,108,1,-,G,A,mismatch,1529,723,1,FALSE
cnsta,150,150,1,-,A,C,mismatch,1529,723,1,FALSE
cnsta,121,121,1,-,G,C,mismatch,1531,741,1,FALSE
cnsta,121,121,1,-,G,C,mismatch,1533,732,1,FALSE
cnsta,125,125,1,-,C,G,mismatch,1533,732,1,FALSE
cnsta,193,193,1,-,C,G,mismatch,1535,741,1,FALSE
cnsta,181,181,1,-,C,T,mismatch,1537,741,1,FALSE
cnsta,207,207,1,-,A,G,mismatch,1538,686,1,FALSE
cnsta,203,203,1,-,C,G,mismatch,1539,686,1,FALSE
cnsta,154,154,1,-,A,G,mismatch,1540,686,1,FALSE
cnsta,138,138,1,-,A,T,mismatch,1541,686,1,FALSE
cnsta,122,122,1,-,C,A,mismatch,1542,686,1,FALSE
cnsta,109,109,1,-,G,C,mismatch,1543,677,1,FALSE
cnsta,136,136,1,-,G,C,mismatch,1543,677,1,FALSE
cnsta,233,233,1,-,G,C,mismatch,1544,686,1,FALSE
cnsta,148,148,1,-,C,G,mismatch,1545,677,1,FALSE
cnsta,162,162,1,-,C,T,mismatch,1546,686,1,FALSE
cnsta,200,200,1,-,C,A,mismatch,1547,686,1,FALSE
cnsta,211,211,1,-,G,A,mismatch,1548,686,1,FALSE
cnsta,197,197,1,-,T,G,mismatch,1549,741,1,FALSE
cnsta,168,168,1,-,A,G,mismatch,1550,668,1,FALSE
cnsta,182,182,1,-,C,A,mismatch,1550,668,1,FALSE
cnsta,200,200,1,-,C,G,mismatch,1550,668,1,FALSE
cnsta,113,113,1,-,G,A,mismatch,1551,677,1,FALSE
cnsta,189,189,1,-,A,G,mismatch,1551,677,1,FALSE
cnsta,115,115,1,-,G,C,mismatch,1552,686,1,FALSE
cnsta,162,162,1,-,C,A,mismatch,1553,686,1,FALSE
cnsta,187,187,1,-,G,A,mismatch,1554,677,1,FALSE
cnsta,164,164,1,-,A,C,mismatch,1557,677,1,FALSE
cnsta,111,111,1,-,C,T,mismatch,1558,659,1,FALSE
cnsta,126,126,1,-,G,T,mismatch,1558,659,1,FALSE
cnsta,138,138,1,-,A,T,mismatch,1558,659,1,FALSE
cnsta,205,205,1,-,A,G,mismatch,1558,659,1,FALSE
cnsta,127,127,1,-,G,A,mismatch,1559,677,1,FALSE
cnsta,138,138,1,-,A,C,mismatch,1559,677,1,FALSE
cnsta,129,129,1,-,C,T,mismatch,1560,668,1,FALSE
cnsta,120,120,1,-,A,C,mismatch,1561,668,1,FALSE
cnsta,153,153,1,-,G,A,mismatch,1561,668,1,FALSE
cnsta,183,183,1,-,T,G,mismatch,1561,668,1,FALSE
cnsta,111,111,1,-,C,G,mismatch,1562,677,1,FALSE
cnsta,132,132,1,-,G,C,mismatch,1564,668,1,FALSE
cnsta,168,168,1,-,A,T,mismatch,1564,668,1,FALSE
cnsta,175,175,1,-,C,A,mismatch,1564,668,1,FALSE
cnsta,177,177,1,-,G,A,mismatch,1565,716,1,FALSE
cnsta,140,140,1,-,A,G,mismatch,1566,716,1,FALSE
cnsta,205,205,1,-,A,C,mismatch,1567,741,1,FALSE
cnsta,138,138,1,-,A,C,mismatch,1568,741,1,FALSE
cnsta,127,127,1,-,G,T,mismatch,1569,741,1,FALSE
cnsta,195,195,1,-,G,A,mismatch,1570,686,1,FALSE
cnsta,125,125,1,-,C,G,mismatch,1572,689,1,FALSE
cnsta,143,143,1,-,A,C,mismatch,1572,689,1,FALSE
cnsta,167,167,1,-,G,C,mismatch,1572,689,1,FALSE
cnsta,213,213,1,-,C,G,mismatch,1572,689,1,FALSE
cnsta,104,104,1,-,T,G,mismatch,1573,698,1,FALSE
cnsta,184,184,1,-,T,C,mismatch,1573,698,1,FALSE
cnsta,181,181,1,-,C,G,mismatch,1575,707,1,FALSE
cnsta,226,226,1,-,C,T,mismatch,1575,707,1,FALSE
cnsta,111,111,1,-,C,T,mismatch,1576,689,1,FALSE
cnsta,119,119,1,-,G,T,mismatch,1576,689,1,FALSE
cnsta,128,128,1,-,C,G,mismatch,1576,689,1,FALSE
cnsta,215,215,1,-,G,T,mismatch,1576,689,1,FALSE
cnsta,116,116,1,-,G,A,mismatch,1577,698,1,FALSE
cnsta,160,160,1,-,A,G,mismatch,1577,698,1,FALSE
cnsta,205,205,1,-,A,G,mismatch,1577,698,1,FALSE
cnsta,200,200,1,-,C,G,mismatch,1578,716,1,FALSE
cnsta,188,188,1,-,C,G,mismatch,1579,716,1,FALSE
cnsta,98,98,1,-,G,C,mismatch,1580,698,1,FALSE
cnsta,100,100,1,-,T,C,mismatch,1580,698,1,FALSE
cnsta,185,185,1,-,C,T,mismatch,1580,698,1,FALSE
cnsta,170,170,1,-,C,G,mismatch,1581,707,1,FALSE
cnsta,185,185,1,-,C,G,mismatch,1581,707,1,FALSE
cnsta,96,96,1,-,T,G,mismatch,1582,707,1,FALSE
cnsta,185,185,1,-,C,G,mismatch,1582,707,1,FALSE
cnsta,177,177,1,-,G,T,mismatch,1583,716,1,FALSE
cnsta,164,164,1,-,A,C,mismatch,1584,716,1,FALSE
cnsta,101,101,1,-,G,T,mismatch,1585,707,1,FALSE
cnsta,162,162,1,-,C,T,mismatch,1585,707,1,FALSE
cnsta,150,150,1,-,A,G,mismatch,1586,716,1,FALSE
cnsta,143,143,1,-,A,G,mismatch,1587,716,1,FALSE
cnsta,112,112,1,-,A,C,mismatch,1588,716,1,FALSE
cnsta,108,108,1,-,G,T,mismatch,1589,716,1,FALSE
cnsta,107,107,1,-,C,G,mismatch,1590,716,1,FALSE
cnsta,106,106,1,-,A,C,mismatch,1591,716,1,FALSE
cnsta,101,101,1,-,G,T,mismatch,1593,716,1,FALSE
cnsta,96,96,1,-,T,A,mismatch,1594,716,1,FALSE
cnsta,98,98,1,-,G,A,mismatch,1595,716,1,FALSE
cnsta,100,100,1,-,T,G,mismatch,1596,716,1,FALSE
cnsta,114,114,1,-,T,C,mismatch,1597,716,1,FALSE
cnsta,124,124,1,-,A,C,mismatch,1598,707,1,FALSE
cnsta,126,126,1,-,G,C,mismatch,1598,707,1,FALSE
cnsta,149,149,1,-,G,C,mismatch,1600,707,1,FALSE
cnsta,162,162,1,-,C,A,mismatch,1600,707,1,FALSE
cnsta,117,117,1,-,C,T,mismatch,1601,707,1,FALSE
cnsta,176,176,1,-,T,A,mismatch,1601,707,1,FALSE
cnsta,183,183,1,-,T,C,mismatch,1602,716,1,FALSE
cnsta,106,106,1,-,A,G,mismatch,1603,698,1,FALSE
cnsta,161,161,1,-,G,T,mismatch,1603,698,1,FALSE
cnsta,183,183,1,-,T,A,mismatch,1603,698,1,FALSE
cnsta,190,190,1,-,G,C,mismatch,1604,716,1,FALSE
cnsta,197,197,1,-,T,G,mismatch,1605,716,1,FALSE
cnsta,211,211,1,-,G,C,mismatch,1606,716,1,FALSE
cnsta,127,127,1,-,G,A,mismatch,1607,707,1,FALSE
cnsta,212,212,1,-,G,C,mismatch,1607,707,1,FALSE
cnsta,218,218,1,-,G,A,mismatch,1608,716,1,FALSE
cnsta,176,176,1,-,T,C,mismatch,1609,707,1,FALSE
cnsta,221,221,1,-,A,T,mismatch,1609,707,1,FALSE
cnsta,126,126,1,-,G,A,mismatch,1610,707,1,FALSE
cnsta,164,164,1,-,A,G,mismatch,1610,707,1,FALSE
cnsta,113,113,1,-,G,T,mismatch,1612,716,1,FALSE
cnsta,104,104,1,-,T,G,mismatch,1613,716,1,FALSE
cnsta,210,210,1,-,C,T,mismatch,1614,716,1,FALSE
cnsta,147,147,1,-,G,A,mismatch,1615,716,1,FALSE
cnsta,145,145,1,-,G,T,mismatch,1619,698,1,FALSE
cnsta,163,163,1,-,T,G,mismatch,1619,698,1,FALSE
cnsta,117,117,1,-,C,A,mismatch,1620,698,1,FALSE
cnsta,121,121,1,-,G,C,mismatch,1620,698,1,FALSE
cnsta,119,119,1,-,G,T,mismatch,1622,707,1,FALSE
cnsta,113,113,1,-,G,C,mismatch,1623,689,1,FALSE
cnsta,137,137,1,-,G,C,mismatch,1623,689,1,FALSE
cnsta,170,170,1,-,C,T,mismatch,1623,689,1,FALSE
cnsta,106,106,1,-,A,C,mismatch,1624,707,1,FALSE
cnsta,112,112,1,-,A,T,mismatch,1625,698,1,FALSE
cnsta,154,154,1,-,A,T,mismatch,1625,698,1,FALSE
cnsta,133,133,1,-,T,A,mismatch,1626,689,1,FALSE
cnsta,137,137,1,-,G,A,mismatch,1626,689,1,FALSE
cnsta,183,183,1,-,T,A,mismatch,1626,689,1,FALSE
cnsta,111,111,1,-,C,T,mismatch,1627,707,1,FALSE
cnsta,133,133,1,-,T,A,mismatch,1629,698,1,FALSE
cnsta,152,152,1,-,T,C,mismatch,1629,698,1,FALSE
cnsta,223,223,1,-,A,T,mismatch,1629,698,1,FALSE
cnsta,142,142,1,-,G,C,mismatch,1630,680,1,FALSE
cnsta,146,146,1,-,A,G,mismatch,1630,680,1,FALSE
cnsta,156,156,1,-,C,G,mismatch,1630,680,1,FALSE
cnsta,204,204,1,-,C,A,mismatch,1630,680,1,FALSE
cnsta,223,223,1,-,A,T,mismatch,1630,680,1,FALSE
cnsta,115,115,1,-,G,A,mismatch,1631,707,1,FALSE
cnsta,222,222,1,-,G,T,mismatch,1631,707,1,FALSE
cnsta,157,157,1,-,C,T,mismatch,1632,707,1,FALSE
cnsta,221,221,1,-,A,T,mismatch,1632,707,1,FALSE
cnsta,221,221,1,-,A,T,mismatch,1633,716,1,FALSE
cnsta,209,209,1,-,C,G,mismatch,1634,707,1,FALSE
cnsta,221,221,1,-,A,C,mismatch,1634,707,1,FALSE
cnsta,108,108,1,-,G,A,mismatch,1635,707,1,FALSE
cnsta,220,220,1,-,A,G,mismatch,1635,707,1,FALSE
cnsta,216,216,1,-,C,G,mismatch,1636,716,1,FALSE
cnsta,120,120,1,-,A,T,mismatch,1637,707,1,FALSE
cnsta,211,211,1,-,G,T,mismatch,1637,707,1,FALSE
cnsta,113,113,1,-,G,C,mismatch,1638,698,1,FALSE
cnsta,178,178,1,-,A,T,mismatch,1638,698,1,FALSE
cnsta,210,210,1,-,C,T,mismatch,1638,698,1,FALSE
cnsta,109,109,1,-,G,T,mismatch,1639,698,1,FALSE
cnsta,153,153,1,-,G,T,mismatch,1639,698,1,FALSE
cnsta,209,209,1,-,C,T,mismatch,1639,698,1,FALSE
cnsta,102,102,1,-,G,C,mismatch,1640,707,1,FALSE
cnsta,209,209,1,-,C,G,mismatch,1640,707,1,FALSE
cnsta,207,207,1,-,A,T,mismatch,1641,716,1,FALSE
cnsta,115,115,1,-,G,C,mismatch,1642,707,1,FALSE
cnsta,207,207,1,-,A,T,mismatch,1642,707,1,FALSE
cnsta,204,204,1,-,C,T,mismatch,1643,716,1,FALSE
cnsta,204,204,1,-,C,G,mismatch,1644,716,1,FALSE
cnsta,103,103,1,-,A,T,mismatch,1645,680,1,FALSE
cnsta,105,105,1,-,G,A,mismatch,1645,680,1,FALSE
cnsta,134,134,1,-,A,T,mismatch,1645,680,1,FALSE
cnsta,176,176,1,-,T,A,mismatch,1645,680,1,FALSE
cnsta,202,202,1,-,A,G,mismatch,1645,680,1,FALSE
cnsta,202,202,1,-,A,C,mismatch,1646,716,1,FALSE
cnsta,201,201,1,-,A,G,mismatch,1647,716,1,FALSE
cnsta,175,175,1,-,C,G,mismatch,1648,707,1,FALSE
cnsta,199,199,1,-,A,C,mismatch,1648,707,1,FALSE
cnsta,163,163,1,-,T,A,mismatch,1649,707,1,FALSE
cnsta,192,192,1,-,C,G,mismatch,1649,707,1,FALSE
cnsta,115,115,1,-,G,T,mismatch,1650,689,1,FALSE
cnsta,117,117,1,-,C,A,mismatch,1650,689,1,FALSE
cnsta,126,126,1,-,G,T,mismatch,1650,689,1,FALSE
cnsta,190,190,1,-,G,T,mismatch,1650,689,1,FALSE
cnsta,141,141,1,-,G,A,mismatch,1651,698,1,FALSE
cnsta,148,148,1,-,C,A,mismatch,1651,698,1,FALSE
cnsta,189,189,1,-,A,G,mismatch,1651,698,1,FALSE
cnsta,100,100,1,-,T,C,mismatch,1652,698,1,FALSE
cnsta,149,149,1,-,G,C,mismatch,1652,698,1,FALSE
cnsta,187,187,1,-,G,T,mismatch,1652,698,1,FALSE
cnsta,104,104,1,-,T,G,mismatch,1653,707,1,FALSE
cnsta,186,186,1,-,C,T,mismatch,1653,707,1,FALSE
cnsta,106,106,1,-,A,C,mismatch,1654,689,1,FALSE
cnsta,159,159,1,-,G,T,mismatch,1654,689,1,FALSE
cnsta,162,162,1,-,C,T,mismatch,1654,689,1,FALSE
cnsta,186,186,1,-,C,G,mismatch,1654,689,1,FALSE
cnsta,102,102,1,-,G,C,mismatch,1655,707,1,FALSE
cnsta,185,185,1,-,C,T,mismatch,1655,707,1,FALSE
cnsta,182,182,1,-,C,T,mismatch,1656,716,1,FALSE
cnsta,114,114,1,-,T,A,mismatch,1657,698,1,FALSE
cnsta,149,149,1,-,G,A,mismatch,1657,698,1,FALSE
cnsta,182,182,1,-,C,T,mismatch,1657,698,1,FALSE
cnsta,178,178,1,-,A,C,mismatch,1658,716,1,FALSE
cnsta,113,113,1,-,G,A,mismatch,1659,707,1,FALSE
cnsta,178,178,1,-,A,C,mismatch,1659,707,1,FALSE
cnsta,169,169,1,-,G,T,mismatch,1660,716,1,FALSE
cnsta,168,168,1,-,A,T,mismatch,1661,716,1,FALSE
cnsta,155,155,1,-,G,T,mismatch,1662,707,1,FALSE
cnsta,167,167,1,-,G,T,mismatch,1662,707,1,FALSE
cnsta,166,166,1,-,A,T,mismatch,1663,716,1,FALSE
cnsta,105,105,1,-,G,C,mismatch,1664,707,1,FALSE
cnsta,166,166,1,-,A,G,mismatch,1664,707,1,FALSE
cnsta,101,101,1,-,G,T,mismatch,1665,707,1,FALSE
cnsta,161,161,1,-,G,T,mismatch,1665,707,1,FALSE
cnsta,109,109,1,-,G,T,mismatch,1666,707,1,FALSE
cnsta,159,159,1,-,G,T,mismatch,1666,707,1,FALSE
cnsta,156,156,1,-,C,T,mismatch,1667,716,1,FALSE
cnsta,127,127,1,-,G,A,mismatch,1668,707,1,FALSE
cnsta,156,156,1,-,C,G,mismatch,1668,707,1,FALSE
cnsta,100,100,1,-,T,G,mismatch,1669,707,1,FALSE
cnsta,154,154,1,-,A,T,mismatch,1669,707,1,FALSE
cnsta,124,124,1,-,A,G,mismatch,1670,707,1,FALSE
cnsta,154,154,1,-,A,G,mismatch,1670,707,1,FALSE
cnsta,137,137,1,-,G,A,mismatch,1671,707,1,FALSE
cnsta,154,154,1,-,A,C,mismatch,1671,707,1,FALSE
cnsta,129,129,1,-,C,A,mismatch,1672,707,1,FALSE
cnsta,150,150,1,-,A,G,mismatch,1672,707,1,FALSE
cnsta,126,126,1,-,G,A,mismatch,1673,707,1,FALSE
cnsta,149,149,1,-,G,T,mismatch,1673,707,1,FALSE
cnsta,146,146,1,-,A,G,mismatch,1674,716,1,FALSE
cnsta,102,102,1,-,G,T,mismatch,1675,698,1,FALSE
cnsta,114,114,1,-,T,A,mismatch,1675,698,1,FALSE
cnsta,146,146,1,-,A,G,mismatch,1675,698,1,FALSE
cnsta,146,146,1,-,A,C,mismatch,1676,716,1,FALSE
cnsta,104,104,1,-,T,G,mismatch,1677,707,1,FALSE
cnsta,143,143,1,-,A,C,mismatch,1677,707,1,FALSE
cnsta,114,114,1,-,T,A,mismatch,1678,698,1,FALSE
cnsta,124,124,1,-,A,T,mismatch,1678,698,1,FALSE
cnsta,140,140,1,-,A,T,mismatch,1678,698,1,FALSE
cnsta,102,102,1,-,G,C,mismatch,1679,698,1,FALSE
cnsta,107,107,1,-,C,A,mismatch,1679,698,1,FALSE
cnsta,140,140,1,-,A,T,mismatch,1679,698,1,FALSE
cnsta,138,138,1,-,A,T,mismatch,1680,716,1,FALSE
cnsta,136,136,1,-,G,T,mismatch,1681,716,1,FALSE
cnsta,110,110,1,-,T,A,mismatch,1682,707,1,FALSE
cnsta,135,135,1,-,A,G,mismatch,1682,707,1,FALSE
cnsta,123,123,1,-,G,C,mismatch,1683,707,1,FALSE
cnsta,134,134,1,-,A,T,mismatch,1683,707,1,FALSE
cnsta,107,107,1,-,C,G,mismatch,1684,707,1,FALSE
cnsta,134,134,1,-,A,G,mismatch,1684,707,1,FALSE
cnsta,129,129,1,-,C,T,mismatch,1685,716,1,FALSE
cnsta,101,101,1,-,G,T,mismatch,1686,707,1,FALSE
cnsta,124,124,1,-,A,T,mismatch,1686,707,1,FALSE
cnsta,120,120,1,-,A,T,mismatch,1687,716,1,FALSE
cnsta,120,120,1,-,A,C,mismatch,1688,716,1,FALSE
cnsta,108,108,1,-,G,C,mismatch,1689,707,1,FALSE
cnsta,120,120,1,-,A,C,mismatch,1689,707,1,FALSE
cnsta,119,119,1,-,G,T,mismatch,1690,716,1,FALSE
cnsta,118,118,1,-,A,G,mismatch,1691,716,1,FALSE
cnsta,109,109,1,-,G,C,mismatch,1692,707,1,FALSE
cnsta,118,118,1,-,A,G,mismatch,1692,707,1,FALSE
cnsta,118,118,1,-,A,C,mismatch,1693,716,1,FALSE
cnsta,102,102,1,-,G,T,mismatch,1694,707,1,FALSE
cnsta,116,116,1,-,G,T,mismatch,1694,707,1,FALSE
cnsta,104,104,1,-,T,A,mismatch,1695,707,1,FALSE
cnsta,113,113,1,-,G,T,mismatch,1695,707,1,FALSE
cnsta,112,112,1,-,A,G,mismatch,1696,716,1,FALSE
cnsta,111,111,1,-,C,T,mismatch,1697,716,1,FALSE
cnsta,111,111,1,-,C,G,mismatch,1698,716,1,FALSE
cnsta,107,107,1,-,C,T,mismatch,1699,716,1,FALSE
cnsta,106,106,1,-,A,T,mismatch,1700,716,1,FALSE
cnsta,101,101,1,-,G,T,mismatch,1701,716,1,FALSE
cnsta,100,100,1,-,T,A,mismatch,1702,716,1,FALSE
cnsta,101,101,1,-,G,C,mismatch,1703,716,1,FALSE
cnsta,102,102,1,-,G,A,mismatch,1704,716,1,FALSE
cnsta,104,104,1,-,T,G,mismatch,1705,716,1,FALSE
cnsta,108,108,1,-,G,C,mismatch,1706,716,1,FALSE
cnsta,109,109,1,-,G,A,mismatch,1707,716,1,FALSE
cnsta,110,110,1,-,T,C,mismatch,1708,716,1,FALSE
cnsta,107,107,1,-,C,T,mismatch,1709,707,1,FALSE
cnsta,116,116,1,-,G,C,mismatch,1709,707,1,FALSE
cnsta,116,116,1,-,G,C,mismatch,1710,716,1,FALSE
cnsta,100,100,1,-,T,A,mismatch,1711,689,1,FALSE
cnsta,110,110,1,-,T,G,mismatch,1711,689,1,FALSE
cnsta,113,113,1,-,G,A,mismatch,1711,689,1,FALSE
cnsta,116,116,1,-,G,C,mismatch,1711,689,1,FALSE
cnsta,116,116,1,-,G,A,mismatch,1712,716,1,FALSE
cnsta,107,107,1,-,C,A,mismatch,1713,698,1,FALSE
cnsta,116,116,1,-,G,C,mismatch,1713,698,1,FALSE
cnsta,119,119,1,-,G,C,mismatch,1713,698,1,FALSE
cnsta,113,113,1,-,G,C,mismatch,1714,707,1,FALSE
cnsta,119,119,1,-,G,A,mismatch,1714,707,1,FALSE
cnsta,121,121,1,-,G,A,mismatch,1715,716,1,FALSE
cnsta,125,125,1,-,C,A,mismatch,1716,716,1,FALSE
cnsta,118,118,1,-,A,C,mismatch,1718,707,1,FALSE
cnsta,133,133,1,-,T,G,mismatch,1718,707,1,FALSE
cnsta,129,129,1,-,C,G,mismatch,1719,716,1,FALSE
cnsta,118,118,1,-,A,C,mismatch,1720,707,1,FALSE
cnsta,133,133,1,-,T,A,mismatch,1720,707,1,FALSE
cnsta,104,104,1,-,T,C,mismatch,1721,698,1,FALSE
cnsta,113,113,1,-,G,T,mismatch,1721,698,1,FALSE
cnsta,136,136,1,-,G,C,mismatch,1721,698,1,FALSE
cnsta,136,136,1,-,G,C,mismatch,1722,716,1,FALSE
cnsta,124,124,1,-,A,C,mismatch,1723,707,1,FALSE
cnsta,137,137,1,-,G,C,mismatch,1723,707,1,FALSE
cnsta,122,122,1,-,C,T,mismatch,1724,707,1,FALSE
cnsta,137,137,1,-,G,A,mismatch,1724,707,1,FALSE
cnsta,112,112,1,-,A,T,mismatch,1725,689,1,FALSE
cnsta,116,116,1,-,G,A,mismatch,1725,689,1,FALSE
cnsta,134,134,1,-,A,C,mismatch,1725,689,1,FALSE
cnsta,139,139,1,-,G,A,mismatch,1725,689,1,FALSE
cnsta,113,113,1,-,G,A,mismatch,1726,707,1,FALSE
cnsta,142,142,1,-,G,C,mismatch,1726,707,1,FALSE
cnsta,142,142,1,-,G,A,mismatch,1727,716,1,FALSE
cnsta,118,118,1,-,A,T,mismatch,1728,707,1,FALSE
cnsta,145,145,1,-,G,C,mismatch,1728,707,1,FALSE
cnsta,148,148,1,-,C,A,mismatch,1729,716,1,FALSE
cnsta,107,107,1,-,C,G,mismatch,1730,707,1,FALSE
cnsta,152,152,1,-,T,C,mismatch,1730,707,1,FALSE
cnsta,152,152,1,-,T,C,mismatch,1731,716,1,FALSE
cnsta,145,145,1,-,G,C,mismatch,1732,707,1,FALSE
cnsta,152,152,1,-,T,A,mismatch,1732,707,1,FALSE
cnsta,107,107,1,-,C,T,mismatch,1733,680,1,FALSE
cnsta,121,121,1,-,G,T,mismatch,1733,680,1,FALSE
cnsta,155,155,1,-,G,C,mismatch,1733,680,1,FALSE
cnsta,155,155,1,-,G,A,mismatch,1734,716,1,FALSE
cnsta,127,127,1,-,G,C,mismatch,1735,707,1,FALSE
cnsta,158,158,1,-,G,A,mismatch,1735,707,1,FALSE
cnsta,108,108,1,-,G,T,mismatch,1736,698,1,FALSE
cnsta,123,123,1,-,G,A,mismatch,1736,698,1,FALSE
cnsta,162,162,1,-,C,A,mismatch,1736,698,1,FALSE
cnsta,163,163,1,-,T,G,mismatch,1737,716,1,FALSE
cnsta,122,122,1,-,C,A,mismatch,1738,707,1,FALSE
cnsta,163,163,1,-,T,C,mismatch,1738,707,1,FALSE
cnsta,163,163,1,-,T,A,mismatch,1739,716,1,FALSE
cnsta,101,101,1,-,G,A,mismatch,1740,698,1,FALSE
cnsta,111,111,1,-,C,T,mismatch,1740,698,1,FALSE
cnsta,169,169,1,-,G,A,mismatch,1740,698,1,FALSE
cnsta,171,171,1,-,T,C,mismatch,1741,716,1,FALSE
cnsta,146,146,1,-,A,T,mismatch,1742,707,1,FALSE
cnsta,171,171,1,-,T,A,mismatch,1742,707,1,FALSE
cnsta,143,143,1,-,A,C,mismatch,1743,707,1,FALSE
cnsta,173,173,1,-,C,A,mismatch,1743,707,1,FALSE
cnsta,138,138,1,-,A,C,mismatch,1744,707,1,FALSE
cnsta,176,176,1,-,T,G,mismatch,1744,707,1,FALSE
cnsta,157,157,1,-,C,T,mismatch,1745,707,1,FALSE
cnsta,176,176,1,-,T,C,mismatch,1745,707,1,FALSE
cnsta,177,177,1,-,G,A,mismatch,1746,716,1,FALSE
cnsta,172,172,1,-,G,C,mismatch,1747,707,1,FALSE
cnsta,177,177,1,-,G,A,mismatch,1747,707,1,FALSE
cnsta,118,118,1,-,A,G,mismatch,1748,707,1,FALSE
cnsta,180,180,1,-,T,G,mismatch,1748,707,1,FALSE
cnsta,180,180,1,-,T,G,mismatch,1749,716,1,FALSE
cnsta,101,101,1,-,G,C,mismatch,1750,707,1,FALSE
cnsta,180,180,1,-,T,G,mismatch,1750,707,1,FALSE
cnsta,110,110,1,-,T,A,mismatch,1751,707,1,FALSE
cnsta,182,182,1,-,C,A,mismatch,1751,707,1,FALSE
cnsta,184,184,1,-,T,C,mismatch,1752,716,1,FALSE
cnsta,146,146,1,-,A,C,mismatch,1753,707,1,FALSE
cnsta,184,184,1,-,T,A,mismatch,1753,707,1,FALSE
cnsta,100,100,1,-,T,C,mismatch,1754,707,1,FALSE
cnsta,184,184,1,-,T,A,mismatch,1754,707,1,FALSE
cnsta,185,185,1,-,C,A,mismatch,1755,716,1,FALSE
cnsta,187,187,1,-,G,A,mismatch,1756,716,1,FALSE
cnsta,102,102,1,-,G,T,mismatch,1757,707,1,FALSE
cnsta,190,190,1,-,G,C,mismatch,1757,707,1,FALSE
cnsta,190,190,1,-,G,C,mismatch,1758,716,1,FALSE
cnsta,194,194,1,-,T,A,mismatch,1759,716,1,FALSE
cnsta,108,108,1,-,G,T,mismatch,1760,707,1,FALSE
cnsta,195,195,1,-,G,C,mismatch,1760,707,1,FALSE
cnsta,149,149,1,-,G,T,mismatch,1761,698,1,FALSE
cnsta,191,191,1,-,C,A,mismatch,1761,698,1,FALSE
cnsta,197,197,1,-,T,G,mismatch,1761,698,1,FALSE
cnsta,124,124,1,-,A,G,mismatch,1762,698,1,FALSE
cnsta,143,143,1,-,A,C,mismatch,1762,698,1,FALSE
cnsta,197,197,1,-,T,A,mismatch,1762,698,1,FALSE
cnsta,163,163,1,-,T,A,mismatch,1763,707,1,FALSE
cnsta,198,198,1,-,G,C,mismatch,1763,707,1,FALSE
cnsta,109,109,1,-,G,A,mismatch,1764,707,1,FALSE
cnsta,204,204,1,-,C,A,mismatch,1764,707,1,FALSE
cnsta,118,118,1,-,A,G,mismatch,1765,698,1,FALSE
cnsta,148,148,1,-,C,G,mismatch,1765,698,1,FALSE
cnsta,206,206,1,-,C,A,mismatch,1765,698,1,FALSE
cnsta,111,111,1,-,C,A,mismatch,1766,698,1,FALSE
cnsta,172,172,1,-,G,A,mismatch,1766,698,1,FALSE
cnsta,206,206,1,-,C,A,mismatch,1766,698,1,FALSE
cnsta,209,209,1,-,C,A,mismatch,1767,716,1,FALSE
cnsta,107,107,1,-,C,T,mismatch,1768,698,1,FALSE
cnsta,119,119,1,-,G,T,mismatch,1768,698,1,FALSE
cnsta,212,212,1,-,G,C,mismatch,1768,698,1,FALSE
cnsta,153,153,1,-,G,C,mismatch,1769,707,1,FALSE
cnsta,212,212,1,-,G,C,mismatch,1769,707,1,FALSE
cnsta,175,175,1,-,C,A,mismatch,1770,707,1,FALSE
cnsta,213,213,1,-,C,A,mismatch,1770,707,1,FALSE
cnsta,214,214,1,-,T,G,mismatch,1771,716,1,FALSE
cnsta,193,193,1,-,C,G,mismatch,1772,707,1,FALSE
cnsta,214,214,1,-,T,C,mismatch,1772,707,1,FALSE
cnsta,143,143,1,-,A,T,mismatch,1773,707,1,FALSE
cnsta,218,218,1,-,G,C,mismatch,1773,707,1,FALSE
cnsta,218,218,1,-,G,C,mismatch,1774,716,1,FALSE
cnsta,102,102,1,-,G,T,mismatch,1775,707,1,FALSE
cnsta,218,218,1,-,G,A,mismatch,1775,707,1,FALSE
cnsta,182,182,1,-,C,T,mismatch,1776,707,1,FALSE
cnsta,225,225,1,-,G,C,mismatch,1776,707,1,FALSE
cnsta,120,120,1,-,A,C,mismatch,1777,698,1,FALSE
cnsta,122,122,1,-,C,A,mismatch,1777,698,1,FALSE
cnsta,231,231,1,-,G,C,mismatch,1777,698,1,FALSE
cnsta,101,101,1,-,G,A,mismatch,1778,689,1,FALSE
cnsta,107,107,1,-,C,G,mismatch,1778,689,1,FALSE
cnsta,201,201,1,-,A,C,mismatch,1778,689,1,FALSE
cnsta,113,113,1,-,G,T,mismatch,1780,680,1,FALSE
cnsta,147,147,1,-,G,T,mismatch,1780,680,1,FALSE
cnsta,150,150,1,-,A,C,mismatch,1780,680,1,FALSE
cnsta,175,175,1,-,C,A,mismatch,1780,680,1,FALSE
cnsta,138,138,1,-,A,C,mismatch,1781,707,1,FALSE
cnsta,117,117,1,-,C,A,mismatch,1782,671,1,FALSE
cnsta,124,124,1,-,A,T,mismatch,1782,671,1,FALSE
cnsta,134,134,1,-,A,C,mismatch,1782,671,1,FALSE
cnsta,167,167,1,-,G,A,mismatch,1782,671,1,FALSE
cnsta,144,144,1,-,G,T,mismatch,1784,716,1,FALSE
cnsta,103,103,1,-,A,C,mismatch,1787,707,1,FALSE
cnsta,136,136,1,-,G,T,mismatch,1787,707,1,FALSE
cnsta,144,144,1,-,G,T,mismatch,1788,716,1,FALSE
cnsta,124,124,1,-,A,C,mismatch,1789,716,1,FALSE
cnsta,200,200,1,-,C,G,mismatch,1790,716,1,FALSE
cnsta,112,112,1,-,A,T,mismatch,1791,716,1,FALSE
cnsta,124,124,1,-,A,T,mismatch,1793,716,1,FALSE
cnsta,160,160,1,-,A,C,mismatch,1794,707,1,FALSE
cnsta,214,214,1,-,T,C,mismatch,1794,707,1,FALSE
cnsta,100,100,1,-,T,C,mismatch,1796,689,1,FALSE
cnsta,157,157,1,-,C,A,mismatch,1796,689,1,FALSE
cnsta,177,177,1,-,G,T,mismatch,1796,689,1,FALSE
cnsta,97,97,1,-,T,G,mismatch,1797,716,1,FALSE
cnsta,118,118,1,-,A,G,mismatch,1800,707,1,FALSE
cnsta,208,208,1,-,A,G,mismatch,1800,707,1,FALSE
cnsta,221,221,1,-,A,G,mismatch,1802,716,1,FALSE
cnsta,135,135,1,-,A,G,mismatch,1803,707,1,FALSE
cnsta,210,210,1,-,C,A,mismatch,1803,707,1,FALSE
cnsta,118,118,1,-,A,T,mismatch,1804,716,1,FALSE
cnsta,137,137,1,-,G,A,mismatch,1805,707,1,FALSE
cnsta,173,173,1,-,C,A,mismatch,1805,707,1,FALSE
cnsta,96,96,1,-,T,A,mismatch,1806,707,1,FALSE
cnsta,134,134,1,-,A,C,mismatch,1806,707,1,FALSE
cnsta,140,140,1,-,A,G,mismatch,1807,680,1,FALSE
cnsta,211,211,1,-,G,C,mismatch,1807,680,1,FALSE
cnsta,121,121,1,-,G,A,mismatch,1808,707,1,FALSE
cnsta,225,225,1,-,G,A,mismatch,1810,707,1,FALSE
cnsta,149,149,1,-,G,A,mismatch,1811,698,1,FALSE
cnsta,160,160,1,-,A,T,mismatch,1811,698,1,FALSE
cnsta,99,99,1,-,A,G,mismatch,1812,707,1,FALSE
cnsta,105,105,1,-,G,T,mismatch,1813,698,1,FALSE
cnsta,215,215,1,-,G,T,mismatch,1813,698,1,FALSE
cnsta,124,124,1,-,A,T,mismatch,1814,707,1,FALSE
cnsta,98,98,1,-,G,T,mismatch,1815,707,1,FALSE
cnsta,117,117,1,-,C,T,mismatch,1816,698,1,FALSE
cnsta,171,171,1,-,T,G,mismatch,1816,698,1,FALSE
cnsta,106,106,1,-,A,C,mismatch,1817,698,1,FALSE
cnsta,180,180,1,-,T,G,mismatch,1817,698,1,FALSE
cnsta,105,105,1,-,G,A,mismatch,1818,707,1,FALSE
cnsta,104,104,1,-,T,G,mismatch,1819,698,1,FALSE
cnsta,113,113,1,-,G,T,mismatch,1819,698,1,FALSE
cnsta,117,117,1,-,C,T,mismatch,1820,707,1,FALSE
cnsta,111,111,1,-,C,G,mismatch,1821,707,1,FALSE
cnsta,233,233,1,-,G,T,mismatch,1821,707,1,FALSE
cnsta,105,105,1,-,G,T,mismatch,1822,707,1,FALSE
cnsta,233,233,1,-,G,T,mismatch,1822,707,1,FALSE
cnsta,232,232,1,-,A,C,mismatch,1823,716,1,FALSE
cnsta,148,148,1,-,C,A,mismatch,1824,707,1,FALSE
cnsta,231,231,1,-,G,T,mismatch,1824,707,1,FALSE
cnsta,108,108,1,-,G,C,mismatch,1825,707,1,FALSE
cnsta,228,228,1,-,G,T,mismatch,1825,707,1,FALSE
cnsta,223,223,1,-,A,G,mismatch,1826,716,1,FALSE
cnsta,145,145,1,-,G,A,mismatch,1827,707,1,FALSE
cnsta,220,220,1,-,A,C,mismatch,1827,707,1,FALSE
cnsta,146,146,1,-,A,T,mismatch,1828,707,1,FALSE
cnsta,210,210,1,-,C,G,mismatch,1828,707,1,FALSE
cnsta,163,163,1,-,T,C,mismatch,1829,707,1,FALSE
cnsta,208,208,1,-,A,C,mismatch,1829,707,1,FALSE
cnsta,165,165,1,-,C,T,mismatch,1830,707,1,FALSE
cnsta,206,206,1,-,C,T,mismatch,1830,707,1,FALSE
cnsta,205,205,1,-,A,T,mismatch,1831,716,1,FALSE
cnsta,204,204,1,-,C,T,mismatch,1832,716,1,FALSE
cnsta,102,102,1,-,G,A,mismatch,1833,689,1,FALSE
cnsta,139,139,1,-,G,C,mismatch,1833,689,1,FALSE
cnsta,186,186,1,-,C,A,mismatch,1833,689,1,FALSE
cnsta,202,202,1,-,A,G,mismatch,1833,689,1,FALSE
cnsta,146,146,1,-,A,T,mismatch,1834,698,1,FALSE
cnsta,175,175,1,-,C,G,mismatch,1834,698,1,FALSE
cnsta,200,200,1,-,C,T,mismatch,1834,698,1,FALSE
cnsta,100,100,1,-,T,C,mismatch,1835,689,1,FALSE
cnsta,159,159,1,-,G,C,mismatch,1835,689,1,FALSE
cnsta,189,189,1,-,A,C,mismatch,1835,689,1,FALSE
cnsta,199,199,1,-,A,G,mismatch,1835,689,1,FALSE
cnsta,109,109,1,-,G,T,mismatch,1836,698,1,FALSE
cnsta,150,150,1,-,A,T,mismatch,1836,698,1,FALSE
cnsta,199,199,1,-,A,C,mismatch,1836,698,1,FALSE
cnsta,196,196,1,-,A,G,mismatch,1837,716,1,FALSE
cnsta,101,101,1,-,G,C,mismatch,1838,707,1,FALSE
cnsta,191,191,1,-,C,G,mismatch,1838,707,1,FALSE
cnsta,159,159,1,-,G,C,mismatch,1839,707,1,FALSE
cnsta,191,191,1,-,C,G,mismatch,1839,707,1,FALSE
cnsta,189,189,1,-,A,T,mismatch,1840,716,1,FALSE
cnsta,189,189,1,-,A,G,mismatch,1841,716,1,FALSE
cnsta,186,186,1,-,C,G,mismatch,1842,716,1,FALSE
cnsta,156,156,1,-,C,A,mismatch,1843,707,1,FALSE
cnsta,179,179,1,-,G,T,mismatch,1843,707,1,FALSE
cnsta,173,173,1,-,C,G,mismatch,1844,707,1,FALSE
cnsta,177,177,1,-,G,T,mismatch,1844,707,1,FALSE
cnsta,177,177,1,-,G,T,mismatch,1845,716,1,FALSE
cnsta,148,148,1,-,C,A,mismatch,1846,707,1,FALSE
cnsta,177,177,1,-,G,T,mismatch,1846,707,1,FALSE
cnsta,175,175,1,-,C,G,mismatch,1847,716,1,FALSE
cnsta,173,173,1,-,C,G,mismatch,1848,716,1,FALSE
cnsta,125,125,1,-,C,T,mismatch,1849,707,1,FALSE
cnsta,170,170,1,-,C,G,mismatch,1849,707,1,FALSE
cnsta,102,102,1,-,G,C,mismatch,1850,707,1,FALSE
cnsta,168,168,1,-,A,T,mismatch,1850,707,1,FALSE
cnsta,165,165,1,-,C,T,mismatch,1851,707,1,FALSE
cnsta,168,168,1,-,A,G,mismatch,1851,707,1,FALSE
cnsta,96,96,1,-,T,A,mismatch,1852,707,1,FALSE
cnsta,168,168,1,-,A,G,mismatch,1852,707,1,FALSE
cnsta,167,167,1,-,G,T,mismatch,1853,716,1,FALSE
cnsta,101,101,1,-,G,T,mismatch,1854,707,1,FALSE
cnsta,166,166,1,-,A,C,mismatch,1854,707,1,FALSE
cnsta,165,165,1,-,C,T,mismatch,1855,716,1,FALSE
cnsta,143,143,1,-,A,G,mismatch,1856,707,1,FALSE
cnsta,165,165,1,-,C,G,mismatch,1856,707,1,FALSE
cnsta,119,119,1,-,G,A,mismatch,1857,707,1,FALSE
cnsta,165,165,1,-,C,G,mismatch,1857,707,1,FALSE
cnsta,134,134,1,-,A,C,mismatch,1858,698,1,FALSE
cnsta,148,148,1,-,C,A,mismatch,1858,698,1,FALSE
cnsta,165,165,1,-,C,G,mismatch,1858,698,1,FALSE
cnsta,96,96,1,-,T,G,mismatch,1859,698,1,FALSE
cnsta,139,139,1,-,G,C,mismatch,1859,698,1,FALSE
cnsta,164,164,1,-,A,C,mismatch,1859,698,1,FALSE
cnsta,162,162,1,-,C,T,mismatch,1860,716,1,FALSE
cnsta,141,141,1,-,G,T,mismatch,1861,707,1,FALSE
cnsta,159,159,1,-,G,T,mismatch,1861,707,1,FALSE
cnsta,157,157,1,-,C,T,mismatch,1862,716,1,FALSE
cnsta,155,155,1,-,G,T,mismatch,1863,716,1,FALSE
cnsta,114,114,1,-,T,C,mismatch,1864,707,1,FALSE
cnsta,154,154,1,-,A,T,mismatch,1864,707,1,FALSE
cnsta,96,96,1,-,T,C,mismatch,1865,698,1,FALSE
cnsta,120,120,1,-,A,G,mismatch,1865,698,1,FALSE
cnsta,154,154,1,-,A,C,mismatch,1865,698,1,FALSE
cnsta,153,153,1,-,G,T,mismatch,1866,716,1,FALSE
cnsta,151,151,1,-,C,T,mismatch,1867,716,1,FALSE
cnsta,101,101,1,-,G,A,mismatch,1868,707,1,FALSE
cnsta,151,151,1,-,C,G,mismatch,1868,707,1,FALSE
cnsta,150,150,1,-,A,T,mismatch,1869,716,1,FALSE
cnsta,149,149,1,-,G,T,mismatch,1870,716,1,FALSE
cnsta,100,100,1,-,T,A,mismatch,1871,689,1,FALSE
cnsta,105,105,1,-,G,T,mismatch,1871,689,1,FALSE
cnsta,119,119,1,-,G,T,mismatch,1871,689,1,FALSE
cnsta,146,146,1,-,A,C,mismatch,1871,689,1,FALSE
cnsta,145,145,1,-,G,T,mismatch,1872,716,1,FALSE
cnsta,142,142,1,-,G,T,mismatch,1873,716,1,FALSE
cnsta,140,140,1,-,A,G,mismatch,1874,716,1,FALSE
cnsta,138,138,1,-,A,T,mismatch,1875,716,1,FALSE
cnsta,138,138,1,-,A,G,mismatch,1876,716,1,FALSE
cnsta,99,99,1,-,A,G,mismatch,1877,707,1,FALSE
cnsta,136,136,1,-,G,T,mismatch,1877,707,1,FALSE
cnsta,136,136,1,-,G,T,mismatch,1878,716,1,FALSE
cnsta,135,135,1,-,A,T,mismatch,1879,716,1,FALSE
cnsta,134,134,1,-,A,T,mismatch,1880,716,1,FALSE
cnsta,120,120,1,-,A,C,mismatch,1881,716,1,FALSE
cnsta,118,118,1,-,A,T,mismatch,1882,716,1,FALSE
cnsta,114,114,1,-,T,G,mismatch,1883,707,1,FALSE
cnsta,118,118,1,-,A,T,mismatch,1883,707,1,FALSE
cnsta,117,117,1,-,C,G,mismatch,1884,716,1,FALSE
cnsta,116,116,1,-,G,T,mismatch,1885,716,1,FALSE
cnsta,111,111,1,-,C,T,mismatch,1886,707,1,FALSE
cnsta,113,113,1,-,G,T,mismatch,1886,707,1,FALSE
cnsta,112,112,1,-,A,T,mismatch,1887,716,1,FALSE
cnsta,111,111,1,-,C,T,mismatch,1888,716,1,FALSE
cnsta,111,111,1,-,C,G,mismatch,1889,716,1,FALSE
cnsta,107,107,1,-,C,T,mismatch,1890,716,1,FALSE
cnsta,95,95,1,-,C,T,mismatch,1891,698,1,FALSE
cnsta,100,100,1,-,T,A,mismatch,1891,698,1,FALSE
cnsta,107,107,1,-,C,T,mismatch,1891,698,1,FALSE
cnsta,99,99,1,-,A,C,mismatch,1892,716,1,FALSE
cnsta,98,98,1,-,G,T,mismatch,1893,716,1,FALSE
cnsta,100,100,1,-,T,G,mismatch,1894,716,1,FALSE
cnsta,100,100,1,-,T,C,mismatch,1895,716,1,FALSE
cnsta,105,105,1,-,G,A,mismatch,1896,716,1,FALSE
cnsta,107,107,1,-,C,A,mismatch,1897,716,1,FALSE
cnsta,101,101,1,-,G,C,mismatch,1898,707,1,FALSE
cnsta,107,107,1,-,C,A,mismatch,1898,707,1,FALSE
cnsta,109,109,1,-,G,C,mismatch,1899,716,1,FALSE
cnsta,110,110,1,-,T,C,mismatch,1900,716,1,FALSE
cnsta,96,96,1,-,T,C,mismatch,1901,707,1,FALSE
cnsta,113,113,1,-,G,C,mismatch,1901,707,1,FALSE
cnsta,114,114,1,-,T,A,mismatch,1902,716,1,FALSE
cnsta,115,115,1,-,G,C,mismatch,1903,716,1,FALSE
cnsta,116,116,1,-,G,A,mismatch,1904,716,1,FALSE
cnsta,114,114,1,-,T,G,mismatch,1905,707,1,FALSE
cnsta,116,116,1,-,G,A,mismatch,1905,707,1,FALSE
cnsta,102,102,1,-,G,C,mismatch,1906,707,1,FALSE
cnsta,117,117,1,-,C,A,mismatch,1906,707,1,FALSE
cnsta,122,122,1,-,C,A,mismatch,1907,716,1,FALSE
cnsta,107,107,1,-,C,G,mismatch,1908,707,1,FALSE
cnsta,123,123,1,-,G,C,mismatch,1908,707,1,FALSE
cnsta,123,123,1,-,G,C,mismatch,1909,716,1,FALSE
cnsta,118,118,1,-,A,G,mismatch,1910,716,1,FALSE
cnsta,114,114,1,-,T,C,mismatch,1911,707,1,FALSE
cnsta,125,125,1,-,C,A,mismatch,1911,707,1,FALSE
cnsta,108,108,1,-,G,T,mismatch,1912,707,1,FALSE
cnsta,139,139,1,-,G,A,mismatch,1912,707,1,FALSE
cnsta,141,141,1,-,G,C,mismatch,1913,716,1,FALSE
cnsta,144,144,1,-,G,C,mismatch,1914,716,1,FALSE
cnsta,111,111,1,-,C,T,mismatch,1915,707,1,FALSE
cnsta,147,147,1,-,G,C,mismatch,1915,707,1,FALSE
cnsta,117,117,1,-,C,T,mismatch,1916,707,1,FALSE
cnsta,147,147,1,-,G,A,mismatch,1916,707,1,FALSE
cnsta,114,114,1,-,T,A,mismatch,1918,698,1,FALSE
cnsta,145,145,1,-,G,T,mismatch,1918,698,1,FALSE
cnsta,152,152,1,-,T,C,mismatch,1918,698,1,FALSE
cnsta,100,100,1,-,T,C,mismatch,1919,707,1,FALSE
cnsta,152,152,1,-,T,C,mismatch,1919,707,1,FALSE
cnsta,153,153,1,-,G,A,mismatch,1920,716,1,FALSE
cnsta,155,155,1,-,G,C,mismatch,1921,716,1,FALSE
cnsta,110,110,1,-,T,G,mismatch,1922,707,1,FALSE
cnsta,155,155,1,-,G,A,mismatch,1922,707,1,FALSE
cnsta,151,151,1,-,C,T,mismatch,1923,698,1,FALSE
cnsta,107,107,1,-,C,G,mismatch,1924,707,1,FALSE
cnsta,158,158,1,-,G,C,mismatch,1924,707,1,FALSE
cnsta,117,117,1,-,C,A,mismatch,1925,698,1,FALSE
cnsta,122,122,1,-,C,T,mismatch,1925,698,1,FALSE
cnsta,163,163,1,-,T,C,mismatch,1925,698,1,FALSE
cnsta,108,108,1,-,G,T,mismatch,1926,707,1,FALSE
cnsta,163,163,1,-,T,A,mismatch,1926,707,1,FALSE
cnsta,107,107,1,-,C,A,mismatch,1927,698,1,FALSE
cnsta,117,117,1,-,C,A,mismatch,1927,698,1,FALSE
cnsta,167,167,1,-,G,C,mismatch,1927,698,1,FALSE
cnsta,170,170,1,-,C,A,mismatch,1928,716,1,FALSE
cnsta,168,168,1,-,A,C,mismatch,1929,707,1,FALSE
cnsta,171,171,1,-,T,G,mismatch,1929,707,1,FALSE
cnsta,172,172,1,-,G,A,mismatch,1930,716,1,FALSE
cnsta,173,173,1,-,C,A,mismatch,1931,716,1,FALSE
cnsta,174,174,1,-,T,C,mismatch,1932,716,1,FALSE
cnsta,116,116,1,-,G,C,mismatch,1933,707,1,FALSE
cnsta,176,176,1,-,T,G,mismatch,1933,707,1,FALSE
cnsta,138,138,1,-,A,T,mismatch,1934,707,1,FALSE
cnsta,180,180,1,-,T,G,mismatch,1934,707,1,FALSE
cnsta,109,109,1,-,G,T,mismatch,1935,707,1,FALSE
cnsta,180,180,1,-,T,G,mismatch,1935,707,1,FALSE
cnsta,98,98,1,-,G,A,mismatch,1936,707,1,FALSE
cnsta,180,180,1,-,T,G,mismatch,1936,707,1,FALSE
cnsta,118,118,1,-,A,T,mismatch,1937,698,1,FALSE
cnsta,145,145,1,-,G,T,mismatch,1937,698,1,FALSE
cnsta,183,183,1,-,T,G,mismatch,1937,698,1,FALSE
cnsta,149,149,1,-,G,T,mismatch,1938,707,1,FALSE
cnsta,183,183,1,-,T,C,mismatch,1938,707,1,FALSE
cnsta,105,105,1,-,G,C,mismatch,1939,707,1,FALSE
cnsta,183,183,1,-,T,A,mismatch,1939,707,1,FALSE
cnsta,103,103,1,-,A,G,mismatch,1941,707,1,FALSE
cnsta,184,184,1,-,T,A,mismatch,1941,707,1,FALSE
cnsta,155,155,1,-,G,T,mismatch,1942,707,1,FALSE
cnsta,186,186,1,-,C,A,mismatch,1942,707,1,FALSE
cnsta,187,187,1,-,G,C,mismatch,1943,716,1,FALSE
cnsta,157,157,1,-,C,T,mismatch,1944,698,1,FALSE
cnsta,161,161,1,-,G,C,mismatch,1944,698,1,FALSE
cnsta,188,188,1,-,C,A,mismatch,1944,698,1,FALSE
cnsta,191,191,1,-,C,A,mismatch,1945,716,1,FALSE
cnsta,103,103,1,-,A,T,mismatch,1946,707,1,FALSE
cnsta,194,194,1,-,T,C,mismatch,1946,707,1,FALSE
cnsta,195,195,1,-,G,A,mismatch,1947,716,1,FALSE
cnsta,107,107,1,-,C,T,mismatch,1948,698,1,FALSE
cnsta,191,191,1,-,C,A,mismatch,1948,698,1,FALSE
cnsta,198,198,1,-,G,A,mismatch,1948,698,1,FALSE
cnsta,175,175,1,-,C,T,mismatch,1949,698,1,FALSE
cnsta,190,190,1,-,G,C,mismatch,1949,698,1,FALSE
cnsta,209,209,1,-,C,A,mismatch,1949,698,1,FALSE
cnsta,210,210,1,-,C,A,mismatch,1950,716,1,FALSE
cnsta,211,211,1,-,G,C,mismatch,1951,716,1,FALSE
cnsta,103,103,1,-,A,T,mismatch,1952,698,1,FALSE
cnsta,123,123,1,-,G,T,mismatch,1952,698,1,FALSE
cnsta,212,212,1,-,G,C,mismatch,1952,698,1,FALSE
cnsta,115,115,1,-,G,T,mismatch,1953,707,1,FALSE
cnsta,212,212,1,-,G,C,mismatch,1953,707,1,FALSE
cnsta,200,200,1,-,C,T,mismatch,1954,707,1,FALSE
cnsta,212,212,1,-,G,A,mismatch,1954,707,1,FALSE
cnsta,140,140,1,-,A,G,mismatch,1955,707,1,FALSE
cnsta,215,215,1,-,G,A,mismatch,1955,707,1,FALSE
cnsta,228,228,1,-,G,C,mismatch,1956,716,1,FALSE
cnsta,98,98,1,-,G,T,mismatch,1957,707,1,FALSE
cnsta,228,228,1,-,G,A,mismatch,1957,707,1,FALSE
cnsta,121,121,1,-,G,A,mismatch,1958,707,1,FALSE
cnsta,228,228,1,-,G,A,mismatch,1958,707,1,FALSE
cnsta,120,120,1,-,A,T,mismatch,1959,707,1,FALSE
cnsta,181,181,1,-,C,T,mismatch,1961,698,1,FALSE
cnsta,222,222,1,-,G,C,mismatch,1961,698,1,FALSE
cnsta,143,143,1,-,A,G,mismatch,1962,707,1,FALSE
cnsta,118,118,1,-,A,G,mismatch,1963,680,1,FALSE
cnsta,122,122,1,-,C,G,mismatch,1963,680,1,FALSE
cnsta,138,138,1,-,A,C,mismatch,1963,680,1,FALSE
cnsta,145,145,1,-,G,C,mismatch,1963,680,1,FALSE
cnsta,117,117,1,-,C,A,mismatch,1964,689,1,FALSE
cnsta,137,137,1,-,G,C,mismatch,1964,689,1,FALSE
cnsta,170,170,1,-,C,G,mismatch,1964,689,1,FALSE
cnsta,196,196,1,-,A,C,mismatch,1964,689,1,FALSE
cnsta,107,107,1,-,C,G,mismatch,1966,716,1,FALSE
cnsta,148,148,1,-,C,G,mismatch,1967,716,1,FALSE
cnsta,149,149,1,-,G,A,mismatch,1968,716,1,FALSE
cnsta,161,161,1,-,G,A,mismatch,1969,689,1,FALSE
cnsta,171,171,1,-,T,C,mismatch,1969,689,1,FALSE
cnsta,179,179,1,-,G,A,mismatch,1969,689,1,FALSE
cnsta,193,193,1,-,C,T,mismatch,1969,689,1,FALSE
cnsta,108,108,1,-,G,T,mismatch,1970,698,1,FALSE
cnsta,122,122,1,-,C,G,mismatch,1970,698,1,FALSE
cnsta,170,170,1,-,C,A,mismatch,1970,698,1,FALSE
cnsta,112,112,1,-,A,G,mismatch,1971,707,1,FALSE
cnsta,203,203,1,-,C,A,mismatch,1971,707,1,FALSE
cnsta,102,102,1,-,G,T,mismatch,1973,698,1,FALSE
cnsta,135,135,1,-,A,T,mismatch,1973,698,1,FALSE
cnsta,160,160,1,-,A,T,mismatch,1973,698,1,FALSE
cnsta,113,113,1,-,G,T,mismatch,1974,707,1,FALSE
cnsta,144,144,1,-,G,C,mismatch,1974,707,1,FALSE
cnsta,97,97,1,-,T,A,mismatch,1975,716,1,FALSE
cnsta,95,95,1,-,C,A,mismatch,1977,716,1,FALSE
cnsta,153,153,1,-,G,T,mismatch,1978,716,1,FALSE
cnsta,176,176,1,-,T,C,mismatch,1979,716,1,FALSE
cnsta,102,102,1,-,G,A,mismatch,1981,707,1,FALSE
cnsta,206,206,1,-,C,T,mismatch,1981,707,1,FALSE
cnsta,157,157,1,-,C,A,mismatch,1985,707,1,FALSE
cnsta,189,189,1,-,A,C,mismatch,1985,707,1,FALSE
cnsta,125,125,1,-,C,T,mismatch,1989,716,1,FALSE
cnsta,105,105,1,-,G,C,mismatch,1991,732,1,FALSE
cnsta,187,187,1,-,G,T,mismatch,1991,732,1,FALSE
cnsta,149,149,1,-,G,A,mismatch,1992,707,1,FALSE
cnsta,184,184,1,-,T,A,mismatch,1992,707,1,FALSE
cnsta,140,140,1,-,A,G,mismatch,1993,707,1,FALSE
cnsta,223,223,1,-,A,G,mismatch,1993,707,1,FALSE
cnsta,112,112,1,-,A,C,mismatch,1994,716,1,FALSE
cnsta,120,120,1,-,A,C,mismatch,1996,716,1,FALSE
cnsta,128,128,1,-,C,A,mismatch,1999,716,1,FALSE
cnsta,136,136,1,-,G,T,mismatch,2000,686,1,FALSE
cnsta,139,139,1,-,G,T,mismatch,2001,707,1,FALSE
cnsta,172,172,1,-,G,A,mismatch,2001,707,1,FALSE
cnsta,230,230,1,-,T,G,mismatch,2002,716,1,FALSE
cnsta,213,213,1,-,C,A,mismatch,2004,716,1,FALSE
cnsta,107,107,1,-,C,T,mismatch,2005,716,1,FALSE
cnsta,98,98,1,-,G,T,mismatch,2007,716,1,FALSE
cnsta,146,146,1,-,A,G,mismatch,2008,698,1,FALSE
cnsta,179,179,1,-,G,T,mismatch,2008,698,1,FALSE
cnsta,164,164,1,-,A,T,mismatch,2009,741,1,FALSE
cnsta,106,106,1,-,A,T,mismatch,2010,741,1,FALSE
cnsta,120,120,1,-,A,C,mismatch,2011,716,1,FALSE
cnsta,102,102,1,-,G,A,mismatch,2012,671,1,FALSE
cnsta,105,105,1,-,G,C,mismatch,2012,671,1,FALSE
cnsta,108,108,1,-,G,A,mismatch,2012,671,1,FALSE
cnsta,178,178,1,-,A,T,mismatch,2012,671,1,FALSE
cnsta,193,193,1,-,C,G,mismatch,2013,716,1,FALSE
cnsta,99,99,1,-,A,C,mismatch,2015,707,1,FALSE
cnsta,123,123,1,-,G,T,mismatch,2015,707,1,FALSE
cnsta,115,115,1,-,G,T,mismatch,2016,716,1,FALSE
cnsta,106,106,1,-,A,C,mismatch,2018,707,1,FALSE
cnsta,196,196,1,-,A,C,mismatch,2018,707,1,FALSE
cnsta,104,104,1,-,T,A,mismatch,2019,707,1,FALSE
cnsta,180,180,1,-,T,G,mismatch,2020,732,1,FALSE
cnsta,148,148,1,-,C,T,mismatch,2021,707,1,FALSE
cnsta,166,166,1,-,A,G,mismatch,2021,707,1,FALSE
cnsta,103,103,1,-,A,G,mismatch,2022,716,1,FALSE
cnsta,126,126,1,-,G,A,mismatch,2023,716,1,FALSE
cnsta,112,112,1,-,A,G,mismatch,2024,723,1,FALSE
cnsta,129,129,1,-,C,T,mismatch,2024,723,1,FALSE
cnsta,143,143,1,-,A,G,mismatch,2024,723,1,FALSE
cnsta,203,203,1,-,C,T,mismatch,2025,686,1,FALSE
cnsta,148,148,1,-,C,G,mismatch,2027,707,1,FALSE
cnsta,208,208,1,-,A,C,mismatch,2027,707,1,FALSE
cnsta,117,117,1,-,C,A,mismatch,2028,716,1,FALSE
cnsta,167,167,1,-,G,C,mismatch,2029,716,1,FALSE
cnsta,195,195,1,-,G,A,mismatch,2030,716,1,FALSE
cnsta,133,133,1,-,T,C,mismatch,2031,732,1,FALSE
cnsta,154,154,1,-,A,C,mismatch,2031,732,1,FALSE
cnsta,222,222,1,-,G,A,mismatch,2032,716,1,FALSE
cnsta,116,116,1,-,G,C,mismatch,2034,716,1,FALSE
cnsta,126,126,1,-,G,T,mismatch,2035,716,1,FALSE
cnsta,165,165,1,-,C,G,mismatch,2036,707,1,FALSE
cnsta,215,215,1,-,G,A,mismatch,2036,707,1,FALSE
cnsta,193,193,1,-,C,A,mismatch,2038,732,1,FALSE
cnsta,224,224,1,-,G,A,mismatch,2038,732,1,FALSE
cnsta,103,103,1,-,A,C,mismatch,2039,707,1,FALSE
cnsta,200,200,1,-,C,A,mismatch,2039,707,1,FALSE
cnsta,95,95,1,-,C,T,mismatch,2040,707,1,FALSE
cnsta,143,143,1,-,A,C,mismatch,2040,707,1,FALSE
cnsta,112,112,1,-,A,G,mismatch,2041,716,1,FALSE
cnsta,226,226,1,-,C,A,mismatch,2043,741,1,FALSE
cnsta,164,164,1,-,A,T,mismatch,2047,707,1,FALSE
cnsta,172,172,1,-,G,C,mismatch,2047,707,1,FALSE
cnsta,141,141,1,-,G,T,mismatch,2048,698,1,FALSE
cnsta,183,183,1,-,T,G,mismatch,2048,698,1,FALSE
cnsta,206,206,1,-,C,A,mismatch,2048,698,1,FALSE
cnsta,98,98,1,-,G,A,mismatch,2049,707,1,FALSE
cnsta,210,210,1,-,C,G,mismatch,2049,707,1,FALSE
cnsta,125,125,1,-,C,G,mismatch,2050,707,1,FALSE
cnsta,211,211,1,-,G,A,mismatch,2050,707,1,FALSE
cnsta,212,212,1,-,G,C,mismatch,2051,716,1,FALSE
cnsta,210,210,1,-,C,A,mismatch,2052,716,1,FALSE
cnsta,106,106,1,-,A,C,mismatch,2053,707,1,FALSE
cnsta,152,152,1,-,T,G,mismatch,2053,707,1,FALSE
cnsta,114,114,1,-,T,A,mismatch,2054,716,1,FALSE
cnsta,132,132,1,-,G,A,mismatch,2055,716,1,FALSE
cnsta,217,217,1,-,T,G,mismatch,2056,716,1,FALSE
cnsta,126,126,1,-,G,C,mismatch,2057,707,1,FALSE
cnsta,141,141,1,-,G,C,mismatch,2057,707,1,FALSE
cnsta,153,153,1,-,G,C,mismatch,2060,716,1,FALSE
cnsta,125,125,1,-,C,G,mismatch,2062,707,1,FALSE
cnsta,179,179,1,-,G,C,mismatch,2062,707,1,FALSE
cnsta,117,117,1,-,C,A,mismatch,2063,707,1,FALSE
cnsta,192,192,1,-,C,G,mismatch,2063,707,1,FALSE
cnsta,94,94,1,-,T,C,mismatch,2065,698,1,FALSE
cnsta,102,102,1,-,G,A,mismatch,2065,698,1,FALSE
cnsta,137,137,1,-,G,A,mismatch,2065,698,1,FALSE
cnsta,142,142,1,-,G,C,mismatch,2067,707,1,FALSE
cnsta,93,93,1,-,A,T,mismatch,2068,716,1,FALSE
cnsta,126,126,1,-,G,A,mismatch,2069,686,1,FALSE
cnsta,139,139,1,-,G,A,mismatch,2073,707,1,FALSE
cnsta,201,201,1,-,A,C,mismatch,2073,707,1,FALSE
cnsta,101,101,1,-,G,C,mismatch,2074,707,1,FALSE
cnsta,150,150,1,-,A,C,mismatch,2074,707,1,FALSE
cnsta,208,208,1,-,A,G,mismatch,2075,707,1,FALSE
cnsta,109,109,1,-,G,T,mismatch,2076,741,1,FALSE
cnsta,172,172,1,-,G,A,mismatch,2077,716,1,FALSE
cnsta,111,111,1,-,C,T,mismatch,2079,716,1,FALSE
cnsta,108,108,1,-,G,C,mismatch,2080,716,1,FALSE
cnsta,121,121,1,-,G,T,mismatch,2082,707,1,FALSE
cnsta,210,210,1,-,C,G,mismatch,2082,707,1,FALSE
cnsta,146,146,1,-,A,G,mismatch,2084,689,1,FALSE
cnsta,198,198,1,-,G,A,mismatch,2084,689,1,FALSE
cnsta,107,107,1,-,C,T,mismatch,2085,741,1,FALSE
cnsta,139,139,1,-,G,C,mismatch,2086,732,1,FALSE
cnsta,149,149,1,-,G,A,mismatch,2086,732,1,FALSE
cnsta,199,199,1,-,A,C,mismatch,2088,732,1,FALSE
cnsta,214,214,1,-,T,A,mismatch,2088,732,1,FALSE
cnsta,215,215,1,-,G,T,mismatch,2089,698,1,FALSE
cnsta,227,227,1,-,C,T,mismatch,2089,698,1,FALSE
cnsta,215,215,1,-,G,T,mismatch,2092,716,1,FALSE
cnsta,129,129,1,-,C,G,mismatch,2093,716,1,FALSE
cnsta,111,111,1,-,C,G,mismatch,2094,698,1,FALSE
cnsta,160,160,1,-,A,C,mismatch,2094,698,1,FALSE
cnsta,171,171,1,-,T,G,mismatch,2094,698,1,FALSE
cnsta,111,111,1,-,C,T,mismatch,2095,716,1,FALSE
cnsta,145,145,1,-,G,C,mismatch,2096,707,1,FALSE
cnsta,230,230,1,-,T,G,mismatch,2096,707,1,FALSE
cnsta,113,113,1,-,G,T,mismatch,2097,716,1,FALSE
cnsta,122,122,1,-,C,G,mismatch,2098,698,1,FALSE
cnsta,133,133,1,-,T,A,mismatch,2098,698,1,FALSE
cnsta,104,104,1,-,T,A,mismatch,2099,741,1,FALSE
cnsta,115,115,1,-,G,A,mismatch,2100,723,1,FALSE
cnsta,124,124,1,-,A,C,mismatch,2100,723,1,FALSE
cnsta,94,94,1,-,T,A,mismatch,2102,716,1,FALSE
cnsta,194,194,1,-,T,G,mismatch,2104,707,1,FALSE
cnsta,212,212,1,-,G,C,mismatch,2104,707,1,FALSE
cnsta,150,150,1,-,A,T,mismatch,2105,716,1,FALSE
cnsta,186,186,1,-,C,A,mismatch,2109,716,1,FALSE
cnsta,201,201,1,-,A,C,mismatch,2110,716,1,FALSE
cnsta,106,106,1,-,A,C,mismatch,2111,716,1,FALSE
cnsta,122,122,1,-,C,T,mismatch,2112,716,1,FALSE
cnsta,184,184,1,-,T,C,mismatch,2115,716,1,FALSE
cnsta,114,114,1,-,T,C,mismatch,2117,707,1,FALSE
cnsta,147,147,1,-,G,T,mismatch,2117,707,1,FALSE
cnsta,111,111,1,-,C,A,mismatch,2118,707,1,FALSE
cnsta,119,119,1,-,G,C,mismatch,2118,707,1,FALSE
cnsta,113,113,1,-,G,C,mismatch,2119,716,1,FALSE
cnsta,146,146,1,-,A,G,mismatch,2121,716,1,FALSE
cnsta,144,144,1,-,G,T,mismatch,2122,680,1,FALSE
cnsta,158,158,1,-,G,T,mismatch,2122,680,1,FALSE
cnsta,171,171,1,-,T,A,mismatch,2122,680,1,FALSE
cnsta,175,175,1,-,C,G,mismatch,2122,680,1,FALSE
cnsta,193,193,1,-,C,A,mismatch,2122,680,1,FALSE
cnsta,100,100,1,-,T,C,mismatch,2123,716,1,FALSE
cnsta,101,101,1,-,G,A,mismatch,2124,707,1,FALSE
cnsta,106,106,1,-,A,C,mismatch,2124,707,1,FALSE
cnsta,96,96,1,-,T,G,mismatch,2125,716,1,FALSE
cnsta,148,148,1,-,C,T,mismatch,2126,686,1,FALSE
cnsta,153,153,1,-,G,C,mismatch,2127,716,1,FALSE
cnsta,124,124,1,-,A,T,mismatch,2128,698,1,FALSE
cnsta,147,147,1,-,G,A,mismatch,2128,698,1,FALSE
cnsta,225,225,1,-,G,C,mismatch,2128,698,1,FALSE
cnsta,142,142,1,-,G,T,mismatch,2129,707,1,FALSE
cnsta,146,146,1,-,A,T,mismatch,2129,707,1,FALSE
cnsta,154,154,1,-,A,C,mismatch,2130,707,1,FALSE
cnsta,207,207,1,-,A,C,mismatch,2130,707,1,FALSE
cnsta,115,115,1,-,G,T,mismatch,2133,723,1,FALSE
cnsta,129,129,1,-,C,G,mismatch,2133,723,1,FALSE
cnsta,154,154,1,-,A,C,mismatch,2133,723,1,FALSE
cnsta,151,151,1,-,C,A,mismatch,2134,716,1,FALSE
cnsta,166,166,1,-,A,C,mismatch,2135,741,1,FALSE
cnsta,153,153,1,-,G,T,mismatch,2136,716,1,FALSE
cnsta,114,114,1,-,T,A,mismatch,2137,716,1,FALSE
cnsta,202,202,1,-,A,G,mismatch,2143,716,1,FALSE
cnsta,137,137,1,-,G,C,mismatch,2144,716,1,FALSE
cnsta,200,200,1,-,C,A,mismatch,2145,707,1,FALSE
cnsta,233,233,1,-,G,T,mismatch,2145,707,1,FALSE
cnsta,97,97,1,-,T,A,mismatch,2147,698,1,FALSE
cnsta,143,143,1,-,A,C,mismatch,2147,698,1,FALSE
cnsta,186,186,1,-,C,A,mismatch,2147,698,1,FALSE
cnsta,149,149,1,-,G,A,mismatch,2149,698,1,FALSE
cnsta,171,171,1,-,T,C,mismatch,2149,698,1,FALSE
cnsta,120,120,1,-,A,G,mismatch,2151,732,1,FALSE
cnsta,180,180,1,-,T,C,mismatch,2151,732,1,FALSE
cnsta,94,94,1,-,T,C,mismatch,2153,707,1,FALSE
cnsta,116,116,1,-,G,T,mismatch,2153,707,1,FALSE
cnsta,110,110,1,-,T,A,mismatch,2154,741,1,FALSE
cnsta,182,182,1,-,C,G,mismatch,2155,707,1,FALSE
cnsta,105,105,1,-,G,C,mismatch,2156,716,1,FALSE
cnsta,188,188,1,-,C,A,mismatch,2158,741,1,FALSE
cnsta,97,97,1,-,T,A,mismatch,2160,698,1,FALSE
cnsta,141,141,1,-,G,C,mismatch,2160,698,1,FALSE
cnsta,183,183,1,-,T,G,mismatch,2160,698,1,FALSE
cnsta,99,99,1,-,A,C,mismatch,2161,698,1,FALSE
cnsta,192,192,1,-,C,T,mismatch,2161,698,1,FALSE
cnsta,222,222,1,-,G,A,mismatch,2161,698,1,FALSE
cnsta,159,159,1,-,G,A,mismatch,2163,716,1,FALSE
cnsta,99,99,1,-,A,C,mismatch,2165,707,1,FALSE
cnsta,217,217,1,-,T,A,mismatch,2165,707,1,FALSE
cnsta,114,114,1,-,T,C,mismatch,2167,732,1,FALSE
cnsta,125,125,1,-,C,T,mismatch,2167,732,1,FALSE
cnsta,101,101,1,-,G,A,mismatch,2168,716,1,FALSE
cnsta,154,154,1,-,A,T,mismatch,2169,707,1,FALSE
cnsta,172,172,1,-,G,T,mismatch,2170,707,1,FALSE
cnsta,182,182,1,-,C,T,mismatch,2170,707,1,FALSE
cnsta,106,106,1,-,A,G,mismatch,2171,707,1,FALSE
cnsta,219,219,1,-,G,C,mismatch,2171,707,1,FALSE
cnsta,105,105,1,-,G,C,mismatch,2172,716,1,FALSE
cnsta,121,121,1,-,G,C,mismatch,2173,732,1,FALSE
cnsta,193,193,1,-,C,G,mismatch,2173,732,1,FALSE
cnsta,118,118,1,-,A,T,mismatch,2175,707,1,FALSE
cnsta,183,183,1,-,T,G,mismatch,2176,707,1,FALSE
cnsta,207,207,1,-,A,C,mismatch,2176,707,1,FALSE
cnsta,128,128,1,-,C,G,mismatch,2178,707,1,FALSE
cnsta,146,146,1,-,A,T,mismatch,2178,707,1,FALSE
cnsta,126,126,1,-,G,T,mismatch,2179,723,1,FALSE
cnsta,187,187,1,-,G,A,mismatch,2179,723,1,FALSE
cnsta,212,212,1,-,G,C,mismatch,2179,723,1,FALSE
cnsta,111,111,1,-,C,T,mismatch,2180,698,1,FALSE
cnsta,137,137,1,-,G,T,mismatch,2180,698,1,FALSE
cnsta,194,194,1,-,T,A,mismatch,2181,707,1,FALSE
cnsta,213,213,1,-,C,T,mismatch,2181,707,1,FALSE
cnsta,96,96,1,-,T,C,mismatch,2182,671,1,FALSE
cnsta,105,105,1,-,G,C,mismatch,2182,671,1,FALSE
cnsta,138,138,1,-,A,C,mismatch,2182,671,1,FALSE
cnsta,144,144,1,-,G,A,mismatch,2182,671,1,FALSE
cnsta,146,146,1,-,A,T,mismatch,2182,671,1,FALSE
cnsta,126,126,1,-,G,A,mismatch,2183,732,1,FALSE
cnsta,221,221,1,-,A,G,mismatch,2183,732,1,FALSE
cnsta,96,96,1,-,T,G,mismatch,2185,707,1,FALSE
cnsta,165,165,1,-,C,A,mismatch,2185,707,1,FALSE
cnsta,156,156,1,-,C,G,mismatch,2188,716,1,FALSE
cnsta,104,104,1,-,T,A,mismatch,2189,732,1,FALSE
cnsta,136,136,1,-,G,C,mismatch,2189,732,1,FALSE
cnsta,156,156,1,-,C,A,mismatch,2190,707,1,FALSE
cnsta,98,98,1,-,G,T,mismatch,2191,707,1,FALSE
cnsta,148,148,1,-,C,T,mismatch,2191,707,1,FALSE
cnsta,107,107,1,-,C,T,mismatch,2192,707,1,FALSE
cnsta,162,162,1,-,C,A,mismatch,2192,707,1,FALSE
cnsta,171,171,1,-,T,G,mismatch,2193,716,1,FALSE
cnsta,140,140,1,-,A,G,mismatch,2195,698,1,FALSE
cnsta,149,149,1,-,G,T,mismatch,2195,698,1,FALSE
cnsta,215,215,1,-,G,C,mismatch,2195,698,1,FALSE
cnsta,100,100,1,-,T,G,mismatch,2196,698,1,FALSE
cnsta,177,177,1,-,G,A,mismatch,2196,698,1,FALSE
cnsta,198,198,1,-,G,C,mismatch,2196,698,1,FALSE
cnsta,181,181,1,-,C,A,mismatch,2197,707,1,FALSE
cnsta,211,211,1,-,G,C,mismatch,2197,707,1,FALSE
cnsta,148,148,1,-,C,G,mismatch,2198,716,1,FALSE
cnsta,168,168,1,-,A,G,mismatch,2200,716,1,FALSE
cnsta,101,101,1,-,G,C,mismatch,2204,716,1,FALSE
cnsta,108,108,1,-,G,C,mismatch,2205,707,1,FALSE
cnsta,206,206,1,-,C,T,mismatch,2205,707,1,FALSE
cnsta,118,118,1,-,A,G,mismatch,2207,714,1,FALSE
cnsta,178,178,1,-,A,T,mismatch,2207,714,1,FALSE
cnsta,206,206,1,-,C,A,mismatch,2207,714,1,FALSE
cnsta,102,102,1,-,G,T,mismatch,2208,716,1,FALSE
cnsta,110,110,1,-,T,C,mismatch,2209,732,1,FALSE
cnsta,142,142,1,-,G,A,mismatch,2209,732,1,FALSE
cnsta,129,129,1,-,C,A,mismatch,2210,707,1,FALSE
cnsta,166,166,1,-,A,G,mismatch,2210,707,1,FALSE
cnsta,99,99,1,-,A,C,mismatch,2211,698,1,FALSE
cnsta,136,136,1,-,G,C,mismatch,2211,698,1,FALSE
cnsta,170,170,1,-,C,G,mismatch,2211,698,1,FALSE
cnsta,116,116,1,-,G,T,mismatch,2212,732,1,FALSE
cnsta,191,191,1,-,C,T,mismatch,2212,732,1,FALSE
cnsta,121,121,1,-,G,C,mismatch,2213,707,1,FALSE
cnsta,174,174,1,-,T,A,mismatch,2213,707,1,FALSE
cnsta,187,187,1,-,G,T,mismatch,2214,716,1,FALSE
cnsta,153,153,1,-,G,A,mismatch,2215,716,1,FALSE
cnsta,93,93,1,-,A,G,mismatch,2216,716,1,FALSE
cnsta,103,103,1,-,A,C,mismatch,2217,707,1,FALSE
cnsta,233,233,1,-,G,C,mismatch,2217,707,1,FALSE
cnsta,150,150,1,-,A,C,mismatch,2219,707,1,FALSE
cnsta,220,220,1,-,A,G,mismatch,2219,707,1,FALSE
cnsta,115,115,1,-,G,T,mismatch,2220,716,1,FALSE
cnsta,120,120,1,-,A,G,mismatch,2221,707,1,FALSE
cnsta,156,156,1,-,C,G,mismatch,2221,707,1,FALSE
cnsta,110,110,1,-,T,G,mismatch,2222,723,1,FALSE
cnsta,200,200,1,-,C,T,mismatch,2222,723,1,FALSE
cnsta,206,206,1,-,C,A,mismatch,2222,723,1,FALSE
cnsta,115,115,1,-,G,C,mismatch,2223,707,1,FALSE
cnsta,160,160,1,-,A,T,mismatch,2223,707,1,FALSE
cnsta,141,141,1,-,G,T,mismatch,2226,707,1,FALSE
cnsta,197,197,1,-,T,A,mismatch,2226,707,1,FALSE
cnsta,102,102,1,-,G,C,mismatch,2227,707,1,FALSE
cnsta,119,119,1,-,G,A,mismatch,2227,707,1,FALSE
cnsta,210,210,1,-,C,A,mismatch,2228,707,1,FALSE
cnsta,229,229,1,-,A,T,mismatch,2228,707,1,FALSE
cnsta,139,139,1,-,G,T,mismatch,2229,707,1,FALSE
cnsta,184,184,1,-,T,A,mismatch,2229,707,1,FALSE
cnsta,178,178,1,-,A,C,mismatch,2232,716,1,FALSE
cnsta,101,101,1,-,G,A,mismatch,2236,716,1,FALSE
cnsta,110,110,1,-,T,C,mismatch,2238,707,1,FALSE
cnsta,178,178,1,-,A,T,mismatch,2239,707,1,FALSE
cnsta,135,135,1,-,A,T,mismatch,2240,716,1,FALSE
cnsta,121,121,1,-,G,C,mismatch,2243,707,1,FALSE
cnsta,179,179,1,-,G,C,mismatch,2243,707,1,FALSE
cnsta,124,124,1,-,A,T,mismatch,2245,716,1,FALSE
cnsta,96,96,1,-,T,G,mismatch,2246,707,1,FALSE
cnsta,145,145,1,-,G,C,mismatch,2246,707,1,FALSE
cnsta,121,121,1,-,G,C,mismatch,2247,707,1,FALSE
cnsta,192,192,1,-,C,T,mismatch,2247,707,1,FALSE
cnsta,114,114,1,-,T,A,mismatch,2248,716,1,FALSE
cnsta,96,96,1,-,T,C,mismatch,2249,716,1,FALSE
cnsta,176,176,1,-,T,G,mismatch,2250,707,1,FALSE
cnsta,170,170,1,-,C,T,mismatch,2251,716,1,FALSE
cnsta,133,133,1,-,T,C,mismatch,136,668,1,FALSE
cnsta,134,134,1,-,A,T,mismatch,136,668,1,FALSE
cnsta,116,116,1,-,G,A,mismatch,229,698,1,FALSE
cnsta,117,117,1,-,C,A,mismatch,229,698,1,FALSE
cnsta,115,115,1,-,G,C,mismatch,441,698,1,FALSE
cnsta,116,116,1,-,G,A,mismatch,441,698,1,FALSE
cnsta,94,94,1,-,T,G,mismatch,478,689,1,FALSE
cnsta,95,95,1,-,C,A,mismatch,478,689,1,FALSE
cnsta,146,146,1,-,A,T,mismatch,490,698,1,FALSE
cnsta,147,147,1,-,G,T,mismatch,490,698,1,FALSE
cnsta,100,100,1,-,T,G,mismatch,494,689,1,FALSE
cnsta,101,101,1,-,G,T,mismatch,494,689,1,FALSE
cnsta,93,93,1,-,A,C,mismatch,615,707,1,FALSE
cnsta,94,94,1,-,T,G,mismatch,615,707,1,FALSE
cnsta,101,101,1,-,G,T,mismatch,659,698,1,FALSE
cnsta,102,102,1,-,G,C,mismatch,659,698,1,FALSE
cnsta,94,94,1,-,T,A,mismatch,753,698,1,FALSE
cnsta,95,95,1,-,C,T,mismatch,753,698,1,FALSE
cnsta,183,183,1,-,T,C,mismatch,808,689,1,FALSE
cnsta,184,184,1,-,T,A,mismatch,808,689,1,FALSE
cnsta,93,93,1,-,A,C,mismatch,810,707,1,FALSE
cnsta,94,94,1,-,T,C,mismatch,810,707,1,FALSE
cnsta,103,103,1,-,A,G,mismatch,821,707,1,FALSE
cnsta,104,104,1,-,T,C,mismatch,821,707,1,FALSE
cnsta,100,100,1,-,T,A,mismatch,843,689,1,FALSE
cnsta,101,101,1,-,G,A,mismatch,843,689,1,FALSE
cnsta,203,203,1,-,C,A,mismatch,1141,689,1,FALSE
cnsta,204,204,1,-,C,A,mismatch,1141,689,1,FALSE
cnsta,127,127,1,-,G,A,mismatch,1456,732,1,FALSE
cnsta,128,128,1,-,C,T,mismatch,1456,732,1,FALSE
cnsta,104,104,1,-,T,G,mismatch,1471,732,1,FALSE
cnsta,105,105,1,-,G,T,mismatch,1471,732,1,FALSE
cnsta,118,118,1,-,A,T,mismatch,1560,668,1,FALSE
cnsta,119,119,1,-,G,C,mismatch,1560,668,1,FALSE
cnsta,102,102,1,-,G,T,mismatch,1592,707,1,FALSE
cnsta,103,103,1,-,A,G,mismatch,1592,707,1,FALSE
cnsta,129,129,1,-,C,T,mismatch,1733,680,1,FALSE
cnsta,130,130,1,-,C,A,mismatch,1733,680,1,FALSE
cnsta,162,162,1,-,C,A,mismatch,1782,671,1,FALSE
cnsta,163,163,1,-,T,G,mismatch,1782,671,1,FALSE
cnsta,99,99,1,-,A,C,mismatch,1807,680,1,FALSE
cnsta,100,100,1,-,T,C,mismatch,1807,680,1,FALSE
cnsta,148,148,1,-,C,G,mismatch,1917,707,1,FALSE
cnsta,149,149,1,-,G,A,mismatch,1917,707,1,FALSE
cnsta,155,155,1,-,G,C,mismatch,1923,698,1,FALSE
cnsta,156,156,1,-,C,A,mismatch,1923,698,1,FALSE
cnsta,183,183,1,-,T,G,mismatch,1940,707,1,FALSE
cnsta,184,184,1,-,T,C,mismatch,1940,707,1,FALSE
cnsta,119,119,1,-,G,C,mismatch,2084,689,1,FALSE
cnsta,120,120,1,-,A,C,mismatch,2084,689,1,FALSE
cnsta,139,139,1,-,G,T,mismatch,2164,707,1,FALSE
cnsta,140,140,1,-,A,T,mismatch,2164,707,1,FALSE
cnsta,193,193,1,-,C,T,mismatch,2202,707,1,FALSE
cnsta,194,194,1,-,T,G,mismatch,2202,707,1,FALSE
