seqnames,start,end,width,strand,originally,replacement,type,read_id,score,counts,readType
nlgn4a,130,130,1,+,"",A,insertion,11,720,7,FALSE
nlgn4a,130,130,1,+,"",T,insertion,13,720,5,FALSE
nlgn4a,131,131,1,+,"",C,insertion,42,720,2,FALSE
nlgn4a,130,130,1,+,"",A,insertion,169,702,1,FALSE
nlgn4a,130,130,1,+,"",A,insertion,256,711,1,FALSE
nlgn4a,130,130,1,+,"",A,insertion,280,711,1,FALSE
nlgn4a,131,131,1,+,"",C,insertion,320,711,1,FALSE
nlgn4a,130,130,1,+,"",T,insertion,344,702,1,FALSE
nlgn4a,130,130,1,+,"",T,insertion,421,711,1,FALSE
nlgn4a,130,130,1,+,"",A,insertion,439,711,1,FALSE
nlgn4a,130,130,1,+,"",T,insertion,463,711,1,FALSE
nlgn4a,130,130,1,+,"",A,insertion,470,720,1,FALSE
nlgn4a,130,130,1,+,"",A,insertion,471,720,1,FALSE
nlgn4a,130,130,1,+,"",A,insertion,472,720,1,FALSE
nlgn4a,130,130,1,+,"",A,insertion,473,720,1,FALSE
nlgn4a,130,130,1,+,"",A,insertion,474,720,1,FALSE
nlgn4a,130,130,1,+,"",A,insertion,475,720,1,FALSE
nlgn4a,131,131,1,+,"",C,insertion,479,711,1,FALSE
nlgn4a,131,131,1,+,"",C,insertion,480,720,1,FALSE
nlgn4a,131,131,1,+,"",C,insertion,481,720,1,FALSE
nlgn4a,131,131,1,+,"",C,insertion,482,720,1,FALSE
nlgn4a,131,131,1,+,"",C,insertion,483,720,1,FALSE
nlgn4a,131,131,1,+,"",C,insertion,484,720,1,FALSE
nlgn4a,130,130,1,+,"",T,insertion,1215,720,1,FALSE
nlgn4a,130,130,1,+,"",T,insertion,1216,720,1,FALSE
nlgn4a,130,130,1,+,"",T,insertion,1217,720,1,FALSE
nlgn4a,130,130,1,+,"",T,insertion,1218,720,1,FALSE
nlgn4a,130,130,1,+,"",T,insertion,1219,720,1,FALSE
nlgn4a,130,130,1,+,"",T,insertion,1220,720,1,FALSE
nlgn4a,130,130,1,+,"",T,insertion,1221,720,1,FALSE
nlgn4a,130,130,1,+,"",T,insertion,1222,720,1,FALSE
nlgn4a,130,130,1,+,"",T,insertion,1223,711,1,FALSE
nlgn4a,130,130,1,+,"",T,insertion,1224,711,1,FALSE
nlgn4a,131,131,1,+,"",C,insertion,2044,711,1,FALSE
nlgn4a,130,130,1,+,"",A,insertion,2088,711,1,FALSE
nlgn4a,130,130,1,+,"",T,insertion,2111,702,1,FALSE
nlgn4a,130,130,1,+,"",A,insertion,2112,711,1,FALSE
nlgn4a,130,130,1,+,"",A,insertion,2162,711,1,FALSE
nlgn4a,130,130,1,+,"",T,insertion,2203,711,1,FALSE
nlgn4a,126,134,9,+,"","",deletion,2,725,117,FALSE
nlgn4a,127,131,5,+,"","",deletion,3,725,80,FALSE
nlgn4a,134,138,5,+,"","",deletion,4,725,57,FALSE
nlgn4a,129,134,6,+,"","",deletion,5,725,38,FALSE
nlgn4a,128,134,7,+,"","",deletion,6,725,33,FALSE
nlgn4a,133,140,8,+,"","",deletion,7,725,31,FALSE
nlgn4a,127,134,8,+,"","",deletion,8,725,13,FALSE
nlgn4a,133,136,4,+,"","",deletion,9,725,12,FALSE
nlgn4a,135,137,3,+,"","",deletion,10,725,11,FALSE
nlgn4a,126,134,9,+,"","",deletion,16,716,3,FALSE
nlgn4a,134,138,5,+,"","",deletion,32,725,3,FALSE
nlgn4a,134,138,5,+,"","",deletion,33,725,3,FALSE
nlgn4a,127,131,5,+,"","",deletion,34,725,3,FALSE
nlgn4a,126,134,9,+,"","",deletion,35,725,3,FALSE
nlgn4a,126,134,9,+,"","",deletion,36,725,3,FALSE
nlgn4a,126,134,9,+,"","",deletion,37,725,3,FALSE
nlgn4a,126,134,9,+,"","",deletion,38,716,2,FALSE
nlgn4a,126,134,9,+,"","",deletion,39,716,2,FALSE
nlgn4a,134,138,5,+,"","",deletion,78,725,2,FALSE
nlgn4a,134,138,5,+,"","",deletion,79,725,2,FALSE
nlgn4a,134,138,5,+,"","",deletion,80,725,2,FALSE
nlgn4a,134,138,5,+,"","",deletion,81,725,2,FALSE
nlgn4a,134,138,5,+,"","",deletion,82,725,2,FALSE
nlgn4a,133,140,8,+,"","",deletion,83,725,2,FALSE
nlgn4a,133,140,8,+,"","",deletion,84,725,2,FALSE
nlgn4a,133,140,8,+,"","",deletion,85,725,2,FALSE
nlgn4a,133,136,4,+,"","",deletion,86,725,2,FALSE
nlgn4a,131,136,6,+,"","",deletion,87,716,2,FALSE
nlgn4a,129,134,6,+,"","",deletion,88,725,2,FALSE
nlgn4a,129,134,6,+,"","",deletion,89,725,2,FALSE
nlgn4a,128,134,7,+,"","",deletion,90,725,2,FALSE
nlgn4a,127,131,5,+,"","",deletion,91,716,2,FALSE
nlgn4a,127,131,5,+,"","",deletion,92,725,2,FALSE
nlgn4a,127,131,5,+,"","",deletion,93,725,2,FALSE
nlgn4a,127,131,5,+,"","",deletion,94,725,2,FALSE
nlgn4a,127,131,5,+,"","",deletion,95,725,2,FALSE
nlgn4a,127,131,5,+,"","",deletion,96,725,2,FALSE
nlgn4a,127,131,5,+,"","",deletion,97,725,2,FALSE
nlgn4a,127,131,5,+,"","",deletion,98,725,2,FALSE
nlgn4a,127,131,5,+,"","",deletion,99,725,2,FALSE
nlgn4a,127,131,5,+,"","",deletion,100,725,2,FALSE
nlgn4a,127,131,5,+,"","",deletion,101,725,2,FALSE
nlgn4a,127,131,5,+,"","",deletion,102,725,2,FALSE
nlgn4a,127,131,5,+,"","",deletion,103,725,2,FALSE
nlgn4a,127,131,5,+,"","",deletion,104,716,2,FALSE
nlgn4a,127,134,8,+,"","",deletion,105,725,2,FALSE
nlgn4a,126,134,9,+,"","",deletion,106,716,2,FALSE
nlgn4a,126,134,9,+,"","",deletion,107,725,2,FALSE
nlgn4a,126,134,9,+,"","",deletion,108,725,2,FALSE
nlgn4a,126,134,9,+,"","",deletion,109,725,2,FALSE
nlgn4a,126,134,9,+,"","",deletion,110,725,2,FALSE
nlgn4a,126,134,9,+,"","",deletion,111,725,2,FALSE
nlgn4a,126,134,9,+,"","",deletion,112,725,2,FALSE
nlgn4a,126,134,9,+,"","",deletion,113,725,2,FALSE
nlgn4a,126,134,9,+,"","",deletion,114,725,2,FALSE
nlgn4a,126,134,9,+,"","",deletion,115,725,2,FALSE
nlgn4a,126,134,9,+,"","",deletion,116,725,2,FALSE
nlgn4a,126,134,9,+,"","",deletion,117,725,2,FALSE
nlgn4a,126,134,9,+,"","",deletion,118,725,2,FALSE
nlgn4a,126,134,9,+,"","",deletion,119,725,2,FALSE
nlgn4a,126,134,9,+,"","",deletion,120,725,2,FALSE
nlgn4a,126,134,9,+,"","",deletion,121,725,2,FALSE
nlgn4a,126,134,9,+,"","",deletion,122,725,2,FALSE
nlgn4a,126,134,9,+,"","",deletion,123,725,2,FALSE
nlgn4a,126,134,9,+,"","",deletion,124,725,2,FALSE
nlgn4a,126,134,9,+,"","",deletion,125,725,2,FALSE
nlgn4a,126,134,9,+,"","",deletion,126,725,2,FALSE
nlgn4a,126,134,9,+,"","",deletion,127,725,2,FALSE
nlgn4a,126,134,9,+,"","",deletion,128,725,2,FALSE
nlgn4a,126,134,9,+,"","",deletion,129,725,2,FALSE
nlgn4a,126,134,9,+,"","",deletion,130,725,2,FALSE
nlgn4a,127,134,8,+,"","",deletion,134,707,1,FALSE
nlgn4a,126,134,9,+,"","",deletion,135,707,1,FALSE
nlgn4a,134,138,5,+,"","",deletion,136,716,1,FALSE
nlgn4a,129,134,6,+,"","",deletion,137,707,1,FALSE
nlgn4a,127,131,5,+,"","",deletion,139,716,1,FALSE
nlgn4a,134,138,5,+,"","",deletion,141,716,1,FALSE
nlgn4a,127,131,5,+,"","",deletion,142,716,1,FALSE
nlgn4a,133,140,8,+,"","",deletion,143,707,1,FALSE
nlgn4a,126,134,9,+,"","",deletion,144,707,1,FALSE
nlgn4a,135,137,3,+,"","",deletion,145,707,1,FALSE
nlgn4a,134,138,5,+,"","",deletion,149,716,1,FALSE
nlgn4a,128,134,7,+,"","",deletion,151,716,1,FALSE
nlgn4a,126,134,9,+,"","",deletion,152,707,1,FALSE
nlgn4a,129,134,6,+,"","",deletion,153,707,1,FALSE
nlgn4a,127,131,5,+,"","",deletion,154,716,1,FALSE
nlgn4a,126,134,9,+,"","",deletion,155,716,1,FALSE
nlgn4a,127,131,5,+,"","",deletion,156,707,1,FALSE
nlgn4a,135,137,3,+,"","",deletion,159,707,1,FALSE
nlgn4a,126,134,9,+,"","",deletion,160,716,1,FALSE
nlgn4a,126,134,9,+,"","",deletion,162,716,1,FALSE
nlgn4a,127,131,5,+,"","",deletion,163,707,1,FALSE
nlgn4a,129,134,6,+,"","",deletion,165,716,1,FALSE
nlgn4a,127,131,5,+,"","",deletion,167,716,1,FALSE
nlgn4a,126,134,9,+,"","",deletion,168,707,1,FALSE
nlgn4a,134,138,5,+,"","",deletion,171,716,1,FALSE
nlgn4a,128,134,7,+,"","",deletion,172,707,1,FALSE
nlgn4a,134,138,5,+,"","",deletion,173,707,1,FALSE
nlgn4a,128,134,7,+,"","",deletion,176,716,1,FALSE
nlgn4a,126,134,9,+,"","",deletion,177,716,1,FALSE
nlgn4a,126,134,9,+,"","",deletion,178,716,1,FALSE
nlgn4a,134,138,5,+,"","",deletion,180,716,1,FALSE
nlgn4a,133,140,8,+,"","",deletion,182,716,1,FALSE
nlgn4a,126,134,9,+,"","",deletion,183,707,1,FALSE
nlgn4a,127,131,5,+,"","",deletion,184,716,1,FALSE
nlgn4a,129,134,6,+,"","",deletion,188,716,1,FALSE
nlgn4a,133,140,8,+,"","",deletion,189,716,1,FALSE
nlgn4a,127,131,5,+,"","",deletion,190,716,1,FALSE
nlgn4a,126,134,9,+,"","",deletion,191,716,1,FALSE
nlgn4a,127,131,5,+,"","",deletion,193,716,1,FALSE
nlgn4a,135,137,3,+,"","",deletion,194,716,1,FALSE
nlgn4a,127,131,5,+,"","",deletion,196,716,1,FALSE
nlgn4a,134,138,5,+,"","",deletion,197,707,1,FALSE
nlgn4a,126,134,9,+,"","",deletion,200,716,1,FALSE
nlgn4a,129,134,6,+,"","",deletion,202,716,1,FALSE
nlgn4a,127,131,5,+,"","",deletion,203,716,1,FALSE
nlgn4a,126,134,9,+,"","",deletion,204,716,1,FALSE
nlgn4a,134,138,5,+,"","",deletion,209,716,1,FALSE
nlgn4a,133,140,8,+,"","",deletion,211,716,1,FALSE
nlgn4a,129,134,6,+,"","",deletion,214,716,1,FALSE
nlgn4a,135,137,3,+,"","",deletion,215,716,1,FALSE
nlgn4a,127,131,5,+,"","",deletion,216,716,1,FALSE
nlgn4a,126,134,9,+,"","",deletion,217,716,1,FALSE
nlgn4a,129,134,6,+,"","",deletion,219,716,1,FALSE
nlgn4a,133,140,8,+,"","",deletion,222,716,1,FALSE
nlgn4a,126,134,9,+,"","",deletion,223,716,1,FALSE
nlgn4a,127,131,5,+,"","",deletion,224,698,1,FALSE
nlgn4a,126,134,9,+,"","",deletion,225,707,1,FALSE
nlgn4a,126,134,9,+,"","",deletion,226,716,1,FALSE
nlgn4a,134,138,5,+,"","",deletion,227,716,1,FALSE
nlgn4a,126,134,9,+,"","",deletion,231,716,1,FALSE
nlgn4a,134,138,5,+,"","",deletion,232,707,1,FALSE
nlgn4a,126,134,9,+,"","",deletion,234,716,1,FALSE
nlgn4a,127,131,5,+,"","",deletion,235,707,1,FALSE
nlgn4a,126,134,9,+,"","",deletion,236,716,1,FALSE
nlgn4a,133,136,4,+,"","",deletion,237,707,1,FALSE
nlgn4a,126,134,9,+,"","",deletion,238,716,1,FALSE
nlgn4a,135,137,3,+,"","",deletion,239,716,1,FALSE
nlgn4a,127,131,5,+,"","",deletion,241,716,1,FALSE
nlgn4a,127,131,5,+,"","",deletion,242,716,1,FALSE
nlgn4a,134,138,5,+,"","",deletion,244,707,1,FALSE
nlgn4a,128,134,7,+,"","",deletion,245,716,1,FALSE
nlgn4a,126,134,9,+,"","",deletion,246,716,1,FALSE
nlgn4a,126,134,9,+,"","",deletion,247,707,1,FALSE
nlgn4a,127,131,5,+,"","",deletion,248,716,1,FALSE
nlgn4a,127,134,8,+,"","",deletion,249,716,1,FALSE
nlgn4a,129,134,6,+,"","",deletion,250,716,1,FALSE
nlgn4a,127,134,8,+,"","",deletion,251,707,1,FALSE
nlgn4a,127,131,5,+,"","",deletion,253,716,1,FALSE
nlgn4a,126,134,9,+,"","",deletion,254,707,1,FALSE
nlgn4a,126,134,9,+,"","",deletion,255,716,1,FALSE
nlgn4a,133,136,4,+,"","",deletion,257,716,1,FALSE
nlgn4a,127,134,8,+,"","",deletion,258,716,1,FALSE
nlgn4a,129,134,6,+,"","",deletion,260,716,1,FALSE
nlgn4a,128,134,7,+,"","",deletion,261,716,1,FALSE
nlgn4a,126,134,9,+,"","",deletion,267,716,1,FALSE
nlgn4a,134,138,5,+,"","",deletion,268,707,1,FALSE
nlgn4a,126,134,9,+,"","",deletion,272,716,1,FALSE
nlgn4a,127,131,5,+,"","",deletion,274,716,1,FALSE
nlgn4a,126,134,9,+,"","",deletion,275,716,1,FALSE
nlgn4a,126,134,9,+,"","",deletion,278,716,1,FALSE
nlgn4a,126,134,9,+,"","",deletion,279,716,1,FALSE
nlgn4a,127,131,5,+,"","",deletion,281,707,1,FALSE
nlgn4a,133,140,8,+,"","",deletion,282,707,1,FALSE
nlgn4a,135,137,3,+,"","",deletion,283,716,1,FALSE
nlgn4a,129,134,6,+,"","",deletion,284,716,1,FALSE
nlgn4a,135,137,3,+,"","",deletion,286,716,1,FALSE
nlgn4a,126,134,9,+,"","",deletion,287,716,1,FALSE
nlgn4a,129,134,6,+,"","",deletion,289,716,1,FALSE
nlgn4a,128,134,7,+,"","",deletion,292,716,1,FALSE
nlgn4a,128,134,7,+,"","",deletion,295,716,1,FALSE
nlgn4a,129,134,6,+,"","",deletion,296,716,1,FALSE
nlgn4a,133,140,8,+,"","",deletion,297,716,1,FALSE
nlgn4a,126,134,9,+,"","",deletion,299,716,1,FALSE
nlgn4a,134,138,5,+,"","",deletion,300,698,1,FALSE
nlgn4a,126,134,9,+,"","",deletion,301,716,1,FALSE
nlgn4a,135,137,3,+,"","",deletion,302,716,1,FALSE
nlgn4a,134,138,5,+,"","",deletion,303,716,1,FALSE
nlgn4a,127,131,5,+,"","",deletion,304,707,1,FALSE
nlgn4a,126,134,9,+,"","",deletion,305,707,1,FALSE
nlgn4a,126,134,9,+,"","",deletion,306,707,1,FALSE
nlgn4a,126,134,9,+,"","",deletion,307,716,1,FALSE
nlgn4a,128,134,7,+,"","",deletion,308,707,1,FALSE
nlgn4a,133,140,8,+,"","",deletion,309,716,1,FALSE
nlgn4a,129,134,6,+,"","",deletion,310,716,1,FALSE
nlgn4a,127,131,5,+,"","",deletion,311,716,1,FALSE
nlgn4a,134,138,5,+,"","",deletion,313,716,1,FALSE
nlgn4a,127,131,5,+,"","",deletion,314,716,1,FALSE
nlgn4a,126,134,9,+,"","",deletion,315,716,1,FALSE
nlgn4a,126,134,9,+,"","",deletion,317,707,1,FALSE
nlgn4a,126,134,9,+,"","",deletion,318,716,1,FALSE
nlgn4a,126,134,9,+,"","",deletion,319,716,1,FALSE
nlgn4a,129,134,6,+,"","",deletion,322,716,1,FALSE
nlgn4a,128,134,7,+,"","",deletion,323,716,1,FALSE
nlgn4a,127,131,5,+,"","",deletion,324,707,1,FALSE
nlgn4a,127,134,8,+,"","",deletion,325,716,1,FALSE
nlgn4a,127,134,8,+,"","",deletion,327,716,1,FALSE
nlgn4a,127,131,5,+,"","",deletion,328,707,1,FALSE
nlgn4a,128,134,7,+,"","",deletion,330,716,1,FALSE
nlgn4a,127,134,8,+,"","",deletion,331,716,1,FALSE
nlgn4a,133,140,8,+,"","",deletion,333,716,1,FALSE
nlgn4a,126,134,9,+,"","",deletion,334,716,1,FALSE
nlgn4a,126,134,9,+,"","",deletion,335,716,1,FALSE
nlgn4a,129,134,6,+,"","",deletion,336,716,1,FALSE
nlgn4a,127,131,5,+,"","",deletion,337,716,1,FALSE
nlgn4a,127,134,8,+,"","",deletion,340,716,1,FALSE
nlgn4a,127,131,5,+,"","",deletion,342,716,1,FALSE
nlgn4a,127,131,5,+,"","",deletion,343,716,1,FALSE
nlgn4a,126,134,9,+,"","",deletion,346,716,1,FALSE
nlgn4a,127,131,5,+,"","",deletion,350,716,1,FALSE
nlgn4a,127,134,8,+,"","",deletion,351,716,1,FALSE
nlgn4a,126,134,9,+,"","",deletion,356,716,1,FALSE
nlgn4a,126,134,9,+,"","",deletion,357,716,1,FALSE
nlgn4a,133,140,8,+,"","",deletion,359,716,1,FALSE
nlgn4a,129,134,6,+,"","",deletion,360,716,1,FALSE
nlgn4a,127,131,5,+,"","",deletion,361,716,1,FALSE
nlgn4a,133,140,8,+,"","",deletion,363,707,1,FALSE
nlgn4a,126,134,9,+,"","",deletion,364,716,1,FALSE
nlgn4a,126,134,9,+,"","",deletion,366,716,1,FALSE
nlgn4a,134,138,5,+,"","",deletion,368,716,1,FALSE
nlgn4a,126,134,9,+,"","",deletion,369,716,1,FALSE
nlgn4a,133,136,4,+,"","",deletion,372,716,1,FALSE
nlgn4a,129,134,6,+,"","",deletion,373,707,1,FALSE
nlgn4a,128,134,7,+,"","",deletion,374,716,1,FALSE
nlgn4a,134,138,5,+,"","",deletion,375,716,1,FALSE
nlgn4a,133,136,4,+,"","",deletion,376,716,1,FALSE
nlgn4a,126,134,9,+,"","",deletion,377,716,1,FALSE
nlgn4a,126,134,9,+,"","",deletion,378,707,1,FALSE
nlgn4a,126,134,9,+,"","",deletion,381,716,1,FALSE
nlgn4a,134,138,5,+,"","",deletion,382,716,1,FALSE
nlgn4a,127,134,8,+,"","",deletion,383,716,1,FALSE
nlgn4a,133,136,4,+,"","",deletion,384,716,1,FALSE
nlgn4a,127,134,8,+,"","",deletion,385,707,1,FALSE
nlgn4a,135,137,3,+,"","",deletion,386,716,1,FALSE
nlgn4a,134,138,5,+,"","",deletion,388,716,1,FALSE
nlgn4a,126,134,9,+,"","",deletion,389,716,1,FALSE
nlgn4a,126,134,9,+,"","",deletion,390,716,1,FALSE
nlgn4a,126,134,9,+,"","",deletion,392,716,1,FALSE
nlgn4a,129,134,6,+,"","",deletion,393,716,1,FALSE
nlgn4a,126,134,9,+,"","",deletion,394,716,1,FALSE
nlgn4a,126,134,9,+,"","",deletion,397,716,1,FALSE
nlgn4a,126,134,9,+,"","",deletion,398,716,1,FALSE
nlgn4a,134,138,5,+,"","",deletion,400,716,1,FALSE
nlgn4a,127,131,5,+,"","",deletion,401,716,1,FALSE
nlgn4a,127,134,8,+,"","",deletion,402,716,1,FALSE
nlgn4a,129,134,6,+,"","",deletion,403,716,1,FALSE
nlgn4a,133,140,8,+,"","",deletion,404,716,1,FALSE
nlgn4a,126,134,9,+,"","",deletion,405,716,1,FALSE
nlgn4a,126,134,9,+,"","",deletion,406,716,1,FALSE
nlgn4a,133,136,4,+,"","",deletion,408,707,1,FALSE
nlgn4a,129,134,6,+,"","",deletion,409,716,1,FALSE
nlgn4a,127,131,5,+,"","",deletion,410,716,1,FALSE
nlgn4a,126,134,9,+,"","",deletion,411,716,1,FALSE
nlgn4a,133,140,8,+,"","",deletion,413,716,1,FALSE
nlgn4a,127,134,8,+,"","",deletion,414,716,1,FALSE
nlgn4a,126,134,9,+,"","",deletion,415,716,1,FALSE
nlgn4a,134,138,5,+,"","",deletion,419,716,1,FALSE
nlgn4a,133,136,4,+,"","",deletion,420,716,1,FALSE
nlgn4a,126,134,9,+,"","",deletion,422,716,1,FALSE
nlgn4a,134,138,5,+,"","",deletion,423,707,1,FALSE
nlgn4a,134,138,5,+,"","",deletion,425,716,1,FALSE
nlgn4a,126,134,9,+,"","",deletion,426,716,1,FALSE
nlgn4a,126,134,9,+,"","",deletion,427,716,1,FALSE
nlgn4a,126,134,9,+,"","",deletion,428,716,1,FALSE
nlgn4a,133,140,8,+,"","",deletion,429,716,1,FALSE
nlgn4a,127,131,5,+,"","",deletion,430,716,1,FALSE
nlgn4a,134,138,5,+,"","",deletion,435,716,1,FALSE
nlgn4a,128,134,7,+,"","",deletion,436,716,1,FALSE
nlgn4a,128,134,7,+,"","",deletion,437,716,1,FALSE
nlgn4a,126,134,9,+,"","",deletion,438,716,1,FALSE
nlgn4a,127,131,5,+,"","",deletion,441,716,1,FALSE
nlgn4a,126,134,9,+,"","",deletion,442,716,1,FALSE
nlgn4a,134,138,5,+,"","",deletion,443,716,1,FALSE
nlgn4a,133,140,8,+,"","",deletion,444,716,1,FALSE
nlgn4a,135,137,3,+,"","",deletion,445,716,1,FALSE
nlgn4a,133,140,8,+,"","",deletion,448,716,1,FALSE
nlgn4a,126,134,9,+,"","",deletion,449,716,1,FALSE
nlgn4a,134,138,5,+,"","",deletion,450,716,1,FALSE
nlgn4a,126,134,9,+,"","",deletion,451,716,1,FALSE
nlgn4a,127,131,5,+,"","",deletion,453,716,1,FALSE
nlgn4a,127,131,5,+,"","",deletion,454,707,1,FALSE
nlgn4a,126,134,9,+,"","",deletion,455,716,1,FALSE
nlgn4a,127,131,5,+,"","",deletion,456,716,1,FALSE
nlgn4a,128,134,7,+,"","",deletion,457,716,1,FALSE
nlgn4a,127,131,5,+,"","",deletion,458,716,1,FALSE
nlgn4a,127,135,9,+,"","",deletion,459,716,1,FALSE
nlgn4a,134,138,5,+,"","",deletion,461,716,1,FALSE
nlgn4a,134,138,5,+,"","",deletion,466,716,1,FALSE
nlgn4a,134,138,5,+,"","",deletion,469,716,1,FALSE
nlgn4a,133,140,8,+,"","",deletion,478,716,1,FALSE
nlgn4a,133,140,8,+,"","",deletion,486,716,1,FALSE
nlgn4a,135,139,5,+,"","",deletion,491,716,1,FALSE
nlgn4a,135,137,3,+,"","",deletion,495,716,1,FALSE
nlgn4a,135,137,3,+,"","",deletion,496,716,1,FALSE
nlgn4a,135,137,3,+,"","",deletion,497,725,1,FALSE
nlgn4a,135,137,3,+,"","",deletion,498,725,1,FALSE
nlgn4a,135,137,3,+,"","",deletion,499,725,1,FALSE
nlgn4a,135,137,3,+,"","",deletion,500,725,1,FALSE
nlgn4a,135,137,3,+,"","",deletion,501,725,1,FALSE
nlgn4a,135,137,3,+,"","",deletion,502,725,1,FALSE
nlgn4a,135,137,3,+,"","",deletion,503,725,1,FALSE
nlgn4a,135,137,3,+,"","",deletion,504,725,1,FALSE
nlgn4a,135,137,3,+,"","",deletion,505,725,1,FALSE
nlgn4a,135,137,3,+,"","",deletion,506,725,1,FALSE
nlgn4a,135,137,3,+,"","",deletion,507,725,1,FALSE
nlgn4a,135,137,3,+,"","",deletion,508,725,1,FALSE
nlgn4a,135,137,3,+,"","",deletion,509,725,1,FALSE
nlgn4a,135,137,3,+,"","",deletion,510,725,1,FALSE
nlgn4a,135,137,3,+,"","",deletion,511,725,1,FALSE
nlgn4a,135,137,3,+,"","",deletion,512,725,1,FALSE
nlgn4a,135,137,3,+,"","",deletion,513,725,1,FALSE
nlgn4a,135,137,3,+,"","",deletion,514,725,1,FALSE
nlgn4a,135,137,3,+,"","",deletion,515,725,1,FALSE
nlgn4a,135,137,3,+,"","",deletion,516,725,1,FALSE
nlgn4a,135,137,3,+,"","",deletion,517,725,1,FALSE
nlgn4a,135,137,3,+,"","",deletion,518,725,1,FALSE
nlgn4a,135,137,3,+,"","",deletion,519,725,1,FALSE
nlgn4a,135,137,3,+,"","",deletion,520,725,1,FALSE
nlgn4a,135,137,3,+,"","",deletion,521,725,1,FALSE
nlgn4a,135,137,3,+,"","",deletion,522,725,1,FALSE
nlgn4a,135,137,3,+,"","",deletion,523,725,1,FALSE
nlgn4a,135,137,3,+,"","",deletion,524,725,1,FALSE
nlgn4a,135,137,3,+,"","",deletion,525,725,1,FALSE
nlgn4a,135,137,3,+,"","",deletion,526,725,1,FALSE
nlgn4a,135,137,3,+,"","",deletion,527,725,1,FALSE
nlgn4a,134,138,5,+,"","",deletion,939,716,1,FALSE
nlgn4a,134,138,5,+,"","",deletion,940,716,1,FALSE
nlgn4a,134,138,5,+,"","",deletion,941,716,1,FALSE
nlgn4a,134,138,5,+,"","",deletion,942,716,1,FALSE
nlgn4a,134,138,5,+,"","",deletion,943,716,1,FALSE
nlgn4a,134,138,5,+,"","",deletion,944,716,1,FALSE
nlgn4a,134,138,5,+,"","",deletion,945,716,1,FALSE
nlgn4a,134,138,5,+,"","",deletion,946,725,1,FALSE
nlgn4a,134,138,5,+,"","",deletion,947,725,1,FALSE
nlgn4a,134,138,5,+,"","",deletion,948,725,1,FALSE
nlgn4a,134,138,5,+,"","",deletion,949,725,1,FALSE
nlgn4a,134,138,5,+,"","",deletion,950,725,1,FALSE
nlgn4a,134,138,5,+,"","",deletion,951,725,1,FALSE
nlgn4a,134,138,5,+,"","",deletion,952,725,1,FALSE
nlgn4a,134,138,5,+,"","",deletion,953,725,1,FALSE
nlgn4a,134,138,5,+,"","",deletion,954,725,1,FALSE
nlgn4a,134,138,5,+,"","",deletion,955,725,1,FALSE
nlgn4a,134,138,5,+,"","",deletion,956,725,1,FALSE
nlgn4a,134,138,5,+,"","",deletion,957,725,1,FALSE
nlgn4a,134,138,5,+,"","",deletion,958,725,1,FALSE
nlgn4a,134,138,5,+,"","",deletion,959,725,1,FALSE
nlgn4a,134,138,5,+,"","",deletion,960,725,1,FALSE
nlgn4a,134,138,5,+,"","",deletion,961,725,1,FALSE
nlgn4a,134,138,5,+,"","",deletion,962,725,1,FALSE
nlgn4a,134,138,5,+,"","",deletion,963,725,1,FALSE
nlgn4a,134,138,5,+,"","",deletion,964,725,1,FALSE
nlgn4a,134,138,5,+,"","",deletion,965,725,1,FALSE
nlgn4a,134,138,5,+,"","",deletion,966,725,1,FALSE
nlgn4a,134,138,5,+,"","",deletion,967,725,1,FALSE
nlgn4a,134,138,5,+,"","",deletion,968,725,1,FALSE
nlgn4a,134,138,5,+,"","",deletion,969,725,1,FALSE
nlgn4a,134,138,5,+,"","",deletion,970,725,1,FALSE
nlgn4a,134,138,5,+,"","",deletion,971,725,1,FALSE
nlgn4a,134,138,5,+,"","",deletion,972,725,1,FALSE
nlgn4a,134,138,5,+,"","",deletion,973,725,1,FALSE
nlgn4a,134,138,5,+,"","",deletion,974,725,1,FALSE
nlgn4a,134,138,5,+,"","",deletion,975,725,1,FALSE
nlgn4a,134,138,5,+,"","",deletion,976,725,1,FALSE
nlgn4a,134,138,5,+,"","",deletion,977,725,1,FALSE
nlgn4a,134,138,5,+,"","",deletion,978,725,1,FALSE
nlgn4a,134,138,5,+,"","",deletion,979,725,1,FALSE
nlgn4a,134,138,5,+,"","",deletion,980,725,1,FALSE
nlgn4a,134,138,5,+,"","",deletion,981,725,1,FALSE
nlgn4a,134,138,5,+,"","",deletion,982,725,1,FALSE
nlgn4a,134,138,5,+,"","",deletion,983,725,1,FALSE
nlgn4a,134,138,5,+,"","",deletion,984,725,1,FALSE
nlgn4a,134,138,5,+,"","",deletion,985,725,1,FALSE
nlgn4a,134,138,5,+,"","",deletion,986,725,1,FALSE
nlgn4a,134,138,5,+,"","",deletion,987,725,1,FALSE
nlgn4a,134,138,5,+,"","",deletion,988,725,1,FALSE
nlgn4a,134,138,5,+,"","",deletion,989,725,1,FALSE
nlgn4a,134,138,5,+,"","",deletion,990,725,1,FALSE
nlgn4a,134,138,5,+,"","",deletion,991,725,1,FALSE
nlgn4a,134,138,5,+,"","",deletion,992,725,1,FALSE
nlgn4a,134,138,5,+,"","",deletion,993,725,1,FALSE
nlgn4a,134,138,5,+,"","",deletion,994,725,1,FALSE
nlgn4a,134,138,5,+,"","",deletion,995,725,1,FALSE
nlgn4a,134,138,5,+,"","",deletion,996,725,1,FALSE
nlgn4a,134,138,5,+,"","",deletion,997,725,1,FALSE
nlgn4a,134,138,5,+,"","",deletion,998,725,1,FALSE
nlgn4a,134,138,5,+,"","",deletion,999,725,1,FALSE
nlgn4a,134,138,5,+,"","",deletion,1000,725,1,FALSE
nlgn4a,134,138,5,+,"","",deletion,1001,725,1,FALSE
nlgn4a,134,138,5,+,"","",deletion,1002,725,1,FALSE
nlgn4a,134,138,5,+,"","",deletion,1003,725,1,FALSE
nlgn4a,134,138,5,+,"","",deletion,1004,725,1,FALSE
nlgn4a,134,138,5,+,"","",deletion,1005,725,1,FALSE
nlgn4a,134,138,5,+,"","",deletion,1006,725,1,FALSE
nlgn4a,134,138,5,+,"","",deletion,1007,725,1,FALSE
nlgn4a,134,138,5,+,"","",deletion,1008,725,1,FALSE
nlgn4a,134,138,5,+,"","",deletion,1009,725,1,FALSE
nlgn4a,134,138,5,+,"","",deletion,1010,725,1,FALSE
nlgn4a,134,138,5,+,"","",deletion,1011,725,1,FALSE
nlgn4a,134,138,5,+,"","",deletion,1012,725,1,FALSE
nlgn4a,134,138,5,+,"","",deletion,1013,725,1,FALSE
nlgn4a,134,138,5,+,"","",deletion,1014,725,1,FALSE
nlgn4a,134,138,5,+,"","",deletion,1015,725,1,FALSE
nlgn4a,134,138,5,+,"","",deletion,1016,725,1,FALSE
nlgn4a,134,138,5,+,"","",deletion,1017,725,1,FALSE
nlgn4a,134,138,5,+,"","",deletion,1018,725,1,FALSE
nlgn4a,134,138,5,+,"","",deletion,1019,725,1,FALSE
nlgn4a,134,138,5,+,"","",deletion,1020,725,1,FALSE
nlgn4a,134,138,5,+,"","",deletion,1021,725,1,FALSE
nlgn4a,134,138,5,+,"","",deletion,1022,725,1,FALSE
nlgn4a,134,138,5,+,"","",deletion,1023,725,1,FALSE
nlgn4a,134,138,5,+,"","",deletion,1024,725,1,FALSE
nlgn4a,134,138,5,+,"","",deletion,1025,725,1,FALSE
nlgn4a,134,138,5,+,"","",deletion,1026,725,1,FALSE
nlgn4a,134,138,5,+,"","",deletion,1027,725,1,FALSE
nlgn4a,134,138,5,+,"","",deletion,1028,725,1,FALSE
nlgn4a,134,138,5,+,"","",deletion,1029,725,1,FALSE
nlgn4a,134,138,5,+,"","",deletion,1030,725,1,FALSE
nlgn4a,134,138,5,+,"","",deletion,1031,725,1,FALSE
nlgn4a,134,138,5,+,"","",deletion,1032,725,1,FALSE
nlgn4a,134,138,5,+,"","",deletion,1033,725,1,FALSE
nlgn4a,134,138,5,+,"","",deletion,1034,725,1,FALSE
nlgn4a,134,138,5,+,"","",deletion,1035,725,1,FALSE
nlgn4a,134,138,5,+,"","",deletion,1036,725,1,FALSE
nlgn4a,134,138,5,+,"","",deletion,1037,725,1,FALSE
nlgn4a,134,138,5,+,"","",deletion,1038,725,1,FALSE
nlgn4a,134,138,5,+,"","",deletion,1039,725,1,FALSE
nlgn4a,134,138,5,+,"","",deletion,1040,725,1,FALSE
nlgn4a,134,138,5,+,"","",deletion,1041,725,1,FALSE
nlgn4a,134,138,5,+,"","",deletion,1042,725,1,FALSE
nlgn4a,134,138,5,+,"","",deletion,1043,725,1,FALSE
nlgn4a,134,138,5,+,"","",deletion,1044,725,1,FALSE
nlgn4a,134,138,5,+,"","",deletion,1045,725,1,FALSE
nlgn4a,134,138,5,+,"","",deletion,1046,725,1,FALSE
nlgn4a,134,138,5,+,"","",deletion,1047,725,1,FALSE
nlgn4a,134,138,5,+,"","",deletion,1048,725,1,FALSE
nlgn4a,134,138,5,+,"","",deletion,1049,725,1,FALSE
nlgn4a,134,138,5,+,"","",deletion,1050,725,1,FALSE
nlgn4a,134,138,5,+,"","",deletion,1051,725,1,FALSE
nlgn4a,134,138,5,+,"","",deletion,1052,725,1,FALSE
nlgn4a,134,138,5,+,"","",deletion,1053,725,1,FALSE
nlgn4a,134,138,5,+,"","",deletion,1054,725,1,FALSE
nlgn4a,134,138,5,+,"","",deletion,1055,725,1,FALSE
nlgn4a,134,138,5,+,"","",deletion,1056,725,1,FALSE
nlgn4a,134,138,5,+,"","",deletion,1057,725,1,FALSE
nlgn4a,134,138,5,+,"","",deletion,1058,725,1,FALSE
nlgn4a,134,138,5,+,"","",deletion,1059,725,1,FALSE
nlgn4a,134,138,5,+,"","",deletion,1060,725,1,FALSE
nlgn4a,134,138,5,+,"","",deletion,1061,725,1,FALSE
nlgn4a,134,138,5,+,"","",deletion,1062,725,1,FALSE
nlgn4a,134,138,5,+,"","",deletion,1063,725,1,FALSE
nlgn4a,134,138,5,+,"","",deletion,1064,725,1,FALSE
nlgn4a,134,138,5,+,"","",deletion,1065,725,1,FALSE
nlgn4a,134,138,5,+,"","",deletion,1066,725,1,FALSE
nlgn4a,134,138,5,+,"","",deletion,1067,725,1,FALSE
nlgn4a,134,138,5,+,"","",deletion,1068,725,1,FALSE
nlgn4a,134,138,5,+,"","",deletion,1069,725,1,FALSE
nlgn4a,134,138,5,+,"","",deletion,1070,725,1,FALSE
nlgn4a,134,138,5,+,"","",deletion,1071,725,1,FALSE
nlgn4a,134,138,5,+,"","",deletion,1072,725,1,FALSE
nlgn4a,134,138,5,+,"","",deletion,1073,725,1,FALSE
nlgn4a,134,138,5,+,"","",deletion,1074,716,1,FALSE
nlgn4a,134,138,5,+,"","",deletion,1075,716,1,FALSE
nlgn4a,134,138,5,+,"","",deletion,1076,716,1,FALSE
nlgn4a,134,138,5,+,"","",deletion,1077,716,1,FALSE
nlgn4a,134,138,5,+,"","",deletion,1078,716,1,FALSE
nlgn4a,134,138,5,+,"","",deletion,1079,716,1,FALSE
nlgn4a,134,138,5,+,"","",deletion,1080,716,1,FALSE
nlgn4a,134,138,5,+,"","",deletion,1081,716,1,FALSE
nlgn4a,134,138,5,+,"","",deletion,1082,716,1,FALSE
nlgn4a,134,138,5,+,"","",deletion,1083,716,1,FALSE
nlgn4a,133,140,8,+,"","",deletion,1085,716,1,FALSE
nlgn4a,133,140,8,+,"","",deletion,1086,716,1,FALSE
nlgn4a,133,140,8,+,"","",deletion,1087,716,1,FALSE
nlgn4a,133,140,8,+,"","",deletion,1088,716,1,FALSE
nlgn4a,133,140,8,+,"","",deletion,1089,716,1,FALSE
nlgn4a,133,140,8,+,"","",deletion,1090,716,1,FALSE
nlgn4a,133,140,8,+,"","",deletion,1091,716,1,FALSE
nlgn4a,133,140,8,+,"","",deletion,1092,725,1,FALSE
nlgn4a,133,140,8,+,"","",deletion,1093,725,1,FALSE
nlgn4a,133,140,8,+,"","",deletion,1094,725,1,FALSE
nlgn4a,133,140,8,+,"","",deletion,1095,725,1,FALSE
nlgn4a,133,140,8,+,"","",deletion,1096,725,1,FALSE
nlgn4a,133,140,8,+,"","",deletion,1097,725,1,FALSE
nlgn4a,133,140,8,+,"","",deletion,1098,725,1,FALSE
nlgn4a,133,140,8,+,"","",deletion,1099,725,1,FALSE
nlgn4a,133,140,8,+,"","",deletion,1100,725,1,FALSE
nlgn4a,133,140,8,+,"","",deletion,1101,725,1,FALSE
nlgn4a,133,140,8,+,"","",deletion,1102,725,1,FALSE
nlgn4a,133,140,8,+,"","",deletion,1103,725,1,FALSE
nlgn4a,133,140,8,+,"","",deletion,1104,725,1,FALSE
nlgn4a,133,140,8,+,"","",deletion,1105,725,1,FALSE
nlgn4a,133,140,8,+,"","",deletion,1106,725,1,FALSE
nlgn4a,133,140,8,+,"","",deletion,1107,725,1,FALSE
nlgn4a,133,140,8,+,"","",deletion,1108,725,1,FALSE
nlgn4a,133,140,8,+,"","",deletion,1109,725,1,FALSE
nlgn4a,133,140,8,+,"","",deletion,1110,725,1,FALSE
nlgn4a,133,140,8,+,"","",deletion,1111,725,1,FALSE
nlgn4a,133,140,8,+,"","",deletion,1112,725,1,FALSE
nlgn4a,133,140,8,+,"","",deletion,1113,725,1,FALSE
nlgn4a,133,140,8,+,"","",deletion,1114,725,1,FALSE
nlgn4a,133,140,8,+,"","",deletion,1115,725,1,FALSE
nlgn4a,133,140,8,+,"","",deletion,1116,725,1,FALSE
nlgn4a,133,140,8,+,"","",deletion,1117,725,1,FALSE
nlgn4a,133,140,8,+,"","",deletion,1118,725,1,FALSE
nlgn4a,133,140,8,+,"","",deletion,1119,725,1,FALSE
nlgn4a,133,140,8,+,"","",deletion,1120,725,1,FALSE
nlgn4a,133,140,8,+,"","",deletion,1121,725,1,FALSE
nlgn4a,133,140,8,+,"","",deletion,1122,725,1,FALSE
nlgn4a,133,140,8,+,"","",deletion,1123,725,1,FALSE
nlgn4a,133,140,8,+,"","",deletion,1124,725,1,FALSE
nlgn4a,133,140,8,+,"","",deletion,1125,725,1,FALSE
nlgn4a,133,140,8,+,"","",deletion,1126,725,1,FALSE
nlgn4a,133,140,8,+,"","",deletion,1127,725,1,FALSE
nlgn4a,133,140,8,+,"","",deletion,1128,725,1,FALSE
nlgn4a,133,140,8,+,"","",deletion,1129,725,1,FALSE
nlgn4a,133,140,8,+,"","",deletion,1130,725,1,FALSE
nlgn4a,133,140,8,+,"","",deletion,1131,725,1,FALSE
nlgn4a,133,140,8,+,"","",deletion,1132,725,1,FALSE
nlgn4a,133,140,8,+,"","",deletion,1133,725,1,FALSE
nlgn4a,133,140,8,+,"","",deletion,1134,725,1,FALSE
nlgn4a,133,140,8,+,"","",deletion,1135,725,1,FALSE
nlgn4a,133,140,8,+,"","",deletion,1136,725,1,FALSE
nlgn4a,133,140,8,+,"","",deletion,1137,725,1,FALSE
nlgn4a,133,140,8,+,"","",deletion,1138,725,1,FALSE
nlgn4a,133,140,8,+,"","",deletion,1139,725,1,FALSE
nlgn4a,133,140,8,+,"","",deletion,1140,725,1,FALSE
nlgn4a,133,140,8,+,"","",deletion,1141,725,1,FALSE
nlgn4a,133,140,8,+,"","",deletion,1142,725,1,FALSE
nlgn4a,133,140,8,+,"","",deletion,1143,725,1,FALSE
nlgn4a,133,140,8,+,"","",deletion,1144,725,1,FALSE
nlgn4a,133,140,8,+,"","",deletion,1145,725,1,FALSE
nlgn4a,133,140,8,+,"","",deletion,1146,725,1,FALSE
nlgn4a,133,140,8,+,"","",deletion,1147,725,1,FALSE
nlgn4a,133,140,8,+,"","",deletion,1148,725,1,FALSE
nlgn4a,133,140,8,+,"","",deletion,1149,725,1,FALSE
nlgn4a,133,140,8,+,"","",deletion,1150,725,1,FALSE
nlgn4a,133,140,8,+,"","",deletion,1151,725,1,FALSE
nlgn4a,133,140,8,+,"","",deletion,1152,725,1,FALSE
nlgn4a,133,140,8,+,"","",deletion,1153,725,1,FALSE
nlgn4a,133,140,8,+,"","",deletion,1154,725,1,FALSE
nlgn4a,133,140,8,+,"","",deletion,1155,725,1,FALSE
nlgn4a,133,140,8,+,"","",deletion,1156,725,1,FALSE
nlgn4a,133,140,8,+,"","",deletion,1157,725,1,FALSE
nlgn4a,133,140,8,+,"","",deletion,1158,725,1,FALSE
nlgn4a,133,140,8,+,"","",deletion,1159,725,1,FALSE
nlgn4a,133,140,8,+,"","",deletion,1160,725,1,FALSE
nlgn4a,133,140,8,+,"","",deletion,1161,725,1,FALSE
nlgn4a,133,140,8,+,"","",deletion,1162,725,1,FALSE
nlgn4a,133,140,8,+,"","",deletion,1163,725,1,FALSE
nlgn4a,133,140,8,+,"","",deletion,1164,716,1,FALSE
nlgn4a,133,140,8,+,"","",deletion,1165,716,1,FALSE
nlgn4a,133,140,8,+,"","",deletion,1166,716,1,FALSE
nlgn4a,133,140,8,+,"","",deletion,1167,716,1,FALSE
nlgn4a,133,140,8,+,"","",deletion,1168,716,1,FALSE
nlgn4a,133,140,8,+,"","",deletion,1169,716,1,FALSE
nlgn4a,133,136,4,+,"","",deletion,1170,716,1,FALSE
nlgn4a,133,136,4,+,"","",deletion,1171,725,1,FALSE
nlgn4a,133,136,4,+,"","",deletion,1172,725,1,FALSE
nlgn4a,133,136,4,+,"","",deletion,1173,725,1,FALSE
nlgn4a,133,136,4,+,"","",deletion,1174,725,1,FALSE
nlgn4a,133,136,4,+,"","",deletion,1175,725,1,FALSE
nlgn4a,133,136,4,+,"","",deletion,1176,725,1,FALSE
nlgn4a,133,136,4,+,"","",deletion,1177,725,1,FALSE
nlgn4a,133,136,4,+,"","",deletion,1178,725,1,FALSE
nlgn4a,133,136,4,+,"","",deletion,1179,725,1,FALSE
nlgn4a,133,136,4,+,"","",deletion,1180,725,1,FALSE
nlgn4a,133,136,4,+,"","",deletion,1181,725,1,FALSE
nlgn4a,133,136,4,+,"","",deletion,1182,725,1,FALSE
nlgn4a,133,136,4,+,"","",deletion,1183,725,1,FALSE
nlgn4a,133,136,4,+,"","",deletion,1184,725,1,FALSE
nlgn4a,133,136,4,+,"","",deletion,1185,725,1,FALSE
nlgn4a,133,136,4,+,"","",deletion,1186,725,1,FALSE
nlgn4a,133,136,4,+,"","",deletion,1187,725,1,FALSE
nlgn4a,133,136,4,+,"","",deletion,1188,725,1,FALSE
nlgn4a,133,136,4,+,"","",deletion,1189,725,1,FALSE
nlgn4a,133,136,4,+,"","",deletion,1190,725,1,FALSE
nlgn4a,133,136,4,+,"","",deletion,1191,725,1,FALSE
nlgn4a,133,136,4,+,"","",deletion,1192,725,1,FALSE
nlgn4a,133,136,4,+,"","",deletion,1193,725,1,FALSE
nlgn4a,133,136,4,+,"","",deletion,1194,725,1,FALSE
nlgn4a,133,136,4,+,"","",deletion,1195,725,1,FALSE
nlgn4a,133,136,4,+,"","",deletion,1196,725,1,FALSE
nlgn4a,133,136,4,+,"","",deletion,1197,725,1,FALSE
nlgn4a,133,136,4,+,"","",deletion,1198,725,1,FALSE
nlgn4a,133,136,4,+,"","",deletion,1199,725,1,FALSE
nlgn4a,133,136,4,+,"","",deletion,1200,725,1,FALSE
nlgn4a,133,136,4,+,"","",deletion,1201,725,1,FALSE
nlgn4a,133,136,4,+,"","",deletion,1202,725,1,FALSE
nlgn4a,133,136,4,+,"","",deletion,1203,725,1,FALSE
nlgn4a,133,136,4,+,"","",deletion,1204,725,1,FALSE
nlgn4a,134,141,8,+,"","",deletion,1208,716,1,FALSE
nlgn4a,134,138,5,+,"","",deletion,1212,716,1,FALSE
nlgn4a,129,134,6,+,"","",deletion,1227,716,1,FALSE
nlgn4a,129,134,6,+,"","",deletion,1228,716,1,FALSE
nlgn4a,129,134,6,+,"","",deletion,1229,716,1,FALSE
nlgn4a,129,134,6,+,"","",deletion,1230,725,1,FALSE
nlgn4a,129,134,6,+,"","",deletion,1231,725,1,FALSE
nlgn4a,129,134,6,+,"","",deletion,1232,725,1,FALSE
nlgn4a,129,134,6,+,"","",deletion,1233,725,1,FALSE
nlgn4a,129,134,6,+,"","",deletion,1234,725,1,FALSE
nlgn4a,129,134,6,+,"","",deletion,1235,725,1,FALSE
nlgn4a,129,134,6,+,"","",deletion,1236,725,1,FALSE
nlgn4a,129,134,6,+,"","",deletion,1237,725,1,FALSE
nlgn4a,129,134,6,+,"","",deletion,1238,725,1,FALSE
nlgn4a,129,134,6,+,"","",deletion,1239,725,1,FALSE
nlgn4a,129,134,6,+,"","",deletion,1240,725,1,FALSE
nlgn4a,129,134,6,+,"","",deletion,1241,725,1,FALSE
nlgn4a,129,134,6,+,"","",deletion,1242,725,1,FALSE
nlgn4a,129,134,6,+,"","",deletion,1243,725,1,FALSE
nlgn4a,129,134,6,+,"","",deletion,1244,725,1,FALSE
nlgn4a,129,134,6,+,"","",deletion,1245,725,1,FALSE
nlgn4a,129,134,6,+,"","",deletion,1246,725,1,FALSE
nlgn4a,129,134,6,+,"","",deletion,1247,725,1,FALSE
nlgn4a,129,134,6,+,"","",deletion,1248,725,1,FALSE
nlgn4a,129,134,6,+,"","",deletion,1249,725,1,FALSE
nlgn4a,129,134,6,+,"","",deletion,1250,725,1,FALSE
nlgn4a,129,134,6,+,"","",deletion,1251,725,1,FALSE
nlgn4a,129,134,6,+,"","",deletion,1252,725,1,FALSE
nlgn4a,129,134,6,+,"","",deletion,1253,725,1,FALSE
nlgn4a,129,134,6,+,"","",deletion,1254,725,1,FALSE
nlgn4a,129,134,6,+,"","",deletion,1255,725,1,FALSE
nlgn4a,129,134,6,+,"","",deletion,1256,725,1,FALSE
nlgn4a,129,134,6,+,"","",deletion,1257,725,1,FALSE
nlgn4a,129,134,6,+,"","",deletion,1258,725,1,FALSE
nlgn4a,129,134,6,+,"","",deletion,1259,725,1,FALSE
nlgn4a,129,134,6,+,"","",deletion,1260,725,1,FALSE
nlgn4a,129,134,6,+,"","",deletion,1261,725,1,FALSE
nlgn4a,129,134,6,+,"","",deletion,1262,725,1,FALSE
nlgn4a,129,134,6,+,"","",deletion,1263,725,1,FALSE
nlgn4a,129,134,6,+,"","",deletion,1264,725,1,FALSE
nlgn4a,129,134,6,+,"","",deletion,1265,725,1,FALSE
nlgn4a,129,134,6,+,"","",deletion,1266,725,1,FALSE
nlgn4a,129,134,6,+,"","",deletion,1267,725,1,FALSE
nlgn4a,129,134,6,+,"","",deletion,1268,725,1,FALSE
nlgn4a,129,134,6,+,"","",deletion,1269,725,1,FALSE
nlgn4a,129,134,6,+,"","",deletion,1270,725,1,FALSE
nlgn4a,129,134,6,+,"","",deletion,1271,725,1,FALSE
nlgn4a,129,134,6,+,"","",deletion,1272,725,1,FALSE
nlgn4a,129,134,6,+,"","",deletion,1273,725,1,FALSE
nlgn4a,129,134,6,+,"","",deletion,1274,725,1,FALSE
nlgn4a,129,134,6,+,"","",deletion,1275,725,1,FALSE
nlgn4a,129,134,6,+,"","",deletion,1276,725,1,FALSE
nlgn4a,129,134,6,+,"","",deletion,1277,725,1,FALSE
nlgn4a,129,134,6,+,"","",deletion,1278,725,1,FALSE
nlgn4a,129,134,6,+,"","",deletion,1279,725,1,FALSE
nlgn4a,129,134,6,+,"","",deletion,1280,725,1,FALSE
nlgn4a,129,134,6,+,"","",deletion,1281,725,1,FALSE
nlgn4a,129,134,6,+,"","",deletion,1282,725,1,FALSE
nlgn4a,129,134,6,+,"","",deletion,1283,725,1,FALSE
nlgn4a,129,134,6,+,"","",deletion,1284,725,1,FALSE
nlgn4a,129,134,6,+,"","",deletion,1285,725,1,FALSE
nlgn4a,129,134,6,+,"","",deletion,1286,725,1,FALSE
nlgn4a,129,134,6,+,"","",deletion,1287,725,1,FALSE
nlgn4a,129,134,6,+,"","",deletion,1288,725,1,FALSE
nlgn4a,129,134,6,+,"","",deletion,1289,725,1,FALSE
nlgn4a,129,134,6,+,"","",deletion,1290,725,1,FALSE
nlgn4a,129,134,6,+,"","",deletion,1291,725,1,FALSE
nlgn4a,129,134,6,+,"","",deletion,1292,725,1,FALSE
nlgn4a,129,134,6,+,"","",deletion,1293,725,1,FALSE
nlgn4a,129,134,6,+,"","",deletion,1294,725,1,FALSE
nlgn4a,129,134,6,+,"","",deletion,1295,725,1,FALSE
nlgn4a,129,134,6,+,"","",deletion,1296,725,1,FALSE
nlgn4a,129,134,6,+,"","",deletion,1297,725,1,FALSE
nlgn4a,129,134,6,+,"","",deletion,1298,725,1,FALSE
nlgn4a,129,134,6,+,"","",deletion,1299,725,1,FALSE
nlgn4a,129,134,6,+,"","",deletion,1300,725,1,FALSE
nlgn4a,129,134,6,+,"","",deletion,1301,725,1,FALSE
nlgn4a,129,134,6,+,"","",deletion,1302,725,1,FALSE
nlgn4a,129,134,6,+,"","",deletion,1303,725,1,FALSE
nlgn4a,129,134,6,+,"","",deletion,1304,725,1,FALSE
nlgn4a,129,134,6,+,"","",deletion,1305,725,1,FALSE
nlgn4a,129,134,6,+,"","",deletion,1306,725,1,FALSE
nlgn4a,129,134,6,+,"","",deletion,1307,725,1,FALSE
nlgn4a,129,134,6,+,"","",deletion,1308,725,1,FALSE
nlgn4a,129,134,6,+,"","",deletion,1309,725,1,FALSE
nlgn4a,129,134,6,+,"","",deletion,1310,725,1,FALSE
nlgn4a,129,134,6,+,"","",deletion,1311,725,1,FALSE
nlgn4a,129,134,6,+,"","",deletion,1312,725,1,FALSE
nlgn4a,129,134,6,+,"","",deletion,1313,725,1,FALSE
nlgn4a,129,134,6,+,"","",deletion,1314,725,1,FALSE
nlgn4a,129,134,6,+,"","",deletion,1315,716,1,FALSE
nlgn4a,129,134,6,+,"","",deletion,1316,716,1,FALSE
nlgn4a,129,134,6,+,"","",deletion,1317,716,1,FALSE
nlgn4a,128,134,7,+,"","",deletion,1318,716,1,FALSE
nlgn4a,128,134,7,+,"","",deletion,1319,725,1,FALSE
nlgn4a,128,134,7,+,"","",deletion,1320,725,1,FALSE
nlgn4a,128,134,7,+,"","",deletion,1321,725,1,FALSE
nlgn4a,128,134,7,+,"","",deletion,1322,725,1,FALSE
nlgn4a,128,134,7,+,"","",deletion,1323,725,1,FALSE
nlgn4a,128,134,7,+,"","",deletion,1324,725,1,FALSE
nlgn4a,128,134,7,+,"","",deletion,1325,725,1,FALSE
nlgn4a,128,134,7,+,"","",deletion,1326,725,1,FALSE
nlgn4a,128,134,7,+,"","",deletion,1327,725,1,FALSE
nlgn4a,128,134,7,+,"","",deletion,1328,725,1,FALSE
nlgn4a,128,134,7,+,"","",deletion,1329,725,1,FALSE
nlgn4a,128,134,7,+,"","",deletion,1330,725,1,FALSE
nlgn4a,128,134,7,+,"","",deletion,1331,725,1,FALSE
nlgn4a,128,134,7,+,"","",deletion,1332,725,1,FALSE
nlgn4a,128,134,7,+,"","",deletion,1333,725,1,FALSE
nlgn4a,128,134,7,+,"","",deletion,1334,725,1,FALSE
nlgn4a,128,134,7,+,"","",deletion,1335,725,1,FALSE
nlgn4a,128,134,7,+,"","",deletion,1336,725,1,FALSE
nlgn4a,128,134,7,+,"","",deletion,1337,725,1,FALSE
nlgn4a,128,134,7,+,"","",deletion,1338,725,1,FALSE
nlgn4a,128,134,7,+,"","",deletion,1339,725,1,FALSE
nlgn4a,128,134,7,+,"","",deletion,1340,725,1,FALSE
nlgn4a,128,134,7,+,"","",deletion,1341,725,1,FALSE
nlgn4a,128,134,7,+,"","",deletion,1342,725,1,FALSE
nlgn4a,128,134,7,+,"","",deletion,1343,725,1,FALSE
nlgn4a,128,134,7,+,"","",deletion,1344,725,1,FALSE
nlgn4a,128,134,7,+,"","",deletion,1345,725,1,FALSE
nlgn4a,128,134,7,+,"","",deletion,1346,725,1,FALSE
nlgn4a,128,134,7,+,"","",deletion,1347,725,1,FALSE
nlgn4a,128,134,7,+,"","",deletion,1348,725,1,FALSE
nlgn4a,128,134,7,+,"","",deletion,1349,725,1,FALSE
nlgn4a,128,134,7,+,"","",deletion,1350,725,1,FALSE
nlgn4a,128,134,7,+,"","",deletion,1351,725,1,FALSE
nlgn4a,128,134,7,+,"","",deletion,1352,725,1,FALSE
nlgn4a,128,134,7,+,"","",deletion,1353,725,1,FALSE
nlgn4a,128,134,7,+,"","",deletion,1354,725,1,FALSE
nlgn4a,128,134,7,+,"","",deletion,1355,725,1,FALSE
nlgn4a,128,134,7,+,"","",deletion,1356,725,1,FALSE
nlgn4a,128,134,7,+,"","",deletion,1357,725,1,FALSE
nlgn4a,128,134,7,+,"","",deletion,1358,725,1,FALSE
nlgn4a,128,134,7,+,"","",deletion,1359,725,1,FALSE
nlgn4a,128,134,7,+,"","",deletion,1360,725,1,FALSE
nlgn4a,128,134,7,+,"","",deletion,1361,725,1,FALSE
nlgn4a,128,134,7,+,"","",deletion,1362,725,1,FALSE
nlgn4a,128,134,7,+,"","",deletion,1363,725,1,FALSE
nlgn4a,128,134,7,+,"","",deletion,1364,725,1,FALSE
nlgn4a,128,134,7,+,"","",deletion,1365,725,1,FALSE
nlgn4a,128,134,7,+,"","",deletion,1366,725,1,FALSE
nlgn4a,128,134,7,+,"","",deletion,1367,725,1,FALSE
nlgn4a,128,134,7,+,"","",deletion,1368,725,1,FALSE
nlgn4a,128,134,7,+,"","",deletion,1369,725,1,FALSE
nlgn4a,128,134,7,+,"","",deletion,1370,725,1,FALSE
nlgn4a,128,134,7,+,"","",deletion,1371,725,1,FALSE
nlgn4a,128,134,7,+,"","",deletion,1372,725,1,FALSE
nlgn4a,128,134,7,+,"","",deletion,1373,725,1,FALSE
nlgn4a,128,134,7,+,"","",deletion,1374,725,1,FALSE
nlgn4a,128,134,7,+,"","",deletion,1375,725,1,FALSE
nlgn4a,128,134,7,+,"","",deletion,1376,725,1,FALSE
nlgn4a,128,134,7,+,"","",deletion,1377,725,1,FALSE
nlgn4a,128,134,7,+,"","",deletion,1378,725,1,FALSE
nlgn4a,128,134,7,+,"","",deletion,1379,725,1,FALSE
nlgn4a,128,134,7,+,"","",deletion,1380,725,1,FALSE
nlgn4a,128,134,7,+,"","",deletion,1381,716,1,FALSE
nlgn4a,128,134,7,+,"","",deletion,1382,716,1,FALSE
nlgn4a,128,134,7,+,"","",deletion,1383,716,1,FALSE
nlgn4a,128,134,7,+,"","",deletion,1384,716,1,FALSE
nlgn4a,128,134,7,+,"","",deletion,1385,716,1,FALSE
nlgn4a,128,134,7,+,"","",deletion,1386,716,1,FALSE
nlgn4a,128,134,7,+,"","",deletion,1387,716,1,FALSE
nlgn4a,128,134,7,+,"","",deletion,1388,716,1,FALSE
nlgn4a,127,131,5,+,"","",deletion,1389,716,1,FALSE
nlgn4a,127,131,5,+,"","",deletion,1390,716,1,FALSE
nlgn4a,127,131,5,+,"","",deletion,1391,716,1,FALSE
nlgn4a,127,131,5,+,"","",deletion,1392,716,1,FALSE
nlgn4a,127,131,5,+,"","",deletion,1393,716,1,FALSE
nlgn4a,127,131,5,+,"","",deletion,1394,716,1,FALSE
nlgn4a,127,131,5,+,"","",deletion,1395,716,1,FALSE
nlgn4a,127,131,5,+,"","",deletion,1396,716,1,FALSE
nlgn4a,127,131,5,+,"","",deletion,1397,716,1,FALSE
nlgn4a,127,131,5,+,"","",deletion,1398,716,1,FALSE
nlgn4a,127,131,5,+,"","",deletion,1399,716,1,FALSE
nlgn4a,127,131,5,+,"","",deletion,1400,716,1,FALSE
nlgn4a,127,131,5,+,"","",deletion,1401,716,1,FALSE
nlgn4a,127,131,5,+,"","",deletion,1402,716,1,FALSE
nlgn4a,127,131,5,+,"","",deletion,1403,716,1,FALSE
nlgn4a,127,131,5,+,"","",deletion,1404,716,1,FALSE
nlgn4a,127,131,5,+,"","",deletion,1405,716,1,FALSE
nlgn4a,127,131,5,+,"","",deletion,1406,716,1,FALSE
nlgn4a,127,131,5,+,"","",deletion,1407,725,1,FALSE
nlgn4a,127,131,5,+,"","",deletion,1408,725,1,FALSE
nlgn4a,127,131,5,+,"","",deletion,1409,725,1,FALSE
nlgn4a,127,131,5,+,"","",deletion,1410,725,1,FALSE
nlgn4a,127,131,5,+,"","",deletion,1411,725,1,FALSE
nlgn4a,127,131,5,+,"","",deletion,1412,725,1,FALSE
nlgn4a,127,131,5,+,"","",deletion,1413,725,1,FALSE
nlgn4a,127,131,5,+,"","",deletion,1414,725,1,FALSE
nlgn4a,127,131,5,+,"","",deletion,1415,725,1,FALSE
nlgn4a,127,131,5,+,"","",deletion,1416,725,1,FALSE
nlgn4a,127,131,5,+,"","",deletion,1417,725,1,FALSE
nlgn4a,127,131,5,+,"","",deletion,1418,725,1,FALSE
nlgn4a,127,131,5,+,"","",deletion,1419,725,1,FALSE
nlgn4a,127,131,5,+,"","",deletion,1420,725,1,FALSE
nlgn4a,127,131,5,+,"","",deletion,1421,725,1,FALSE
nlgn4a,127,131,5,+,"","",deletion,1422,725,1,FALSE
nlgn4a,127,131,5,+,"","",deletion,1423,725,1,FALSE
nlgn4a,127,131,5,+,"","",deletion,1424,725,1,FALSE
nlgn4a,127,131,5,+,"","",deletion,1425,725,1,FALSE
nlgn4a,127,131,5,+,"","",deletion,1426,725,1,FALSE
nlgn4a,127,131,5,+,"","",deletion,1427,725,1,FALSE
nlgn4a,127,131,5,+,"","",deletion,1428,725,1,FALSE
nlgn4a,127,131,5,+,"","",deletion,1429,725,1,FALSE
nlgn4a,127,131,5,+,"","",deletion,1430,725,1,FALSE
nlgn4a,127,131,5,+,"","",deletion,1431,725,1,FALSE
nlgn4a,127,131,5,+,"","",deletion,1432,725,1,FALSE
nlgn4a,127,131,5,+,"","",deletion,1433,725,1,FALSE
nlgn4a,127,131,5,+,"","",deletion,1434,725,1,FALSE
nlgn4a,127,131,5,+,"","",deletion,1435,725,1,FALSE
nlgn4a,127,131,5,+,"","",deletion,1436,725,1,FALSE
nlgn4a,127,131,5,+,"","",deletion,1437,725,1,FALSE
nlgn4a,127,131,5,+,"","",deletion,1438,725,1,FALSE
nlgn4a,127,131,5,+,"","",deletion,1439,725,1,FALSE
nlgn4a,127,131,5,+,"","",deletion,1440,725,1,FALSE
nlgn4a,127,131,5,+,"","",deletion,1441,725,1,FALSE
nlgn4a,127,131,5,+,"","",deletion,1442,725,1,FALSE
nlgn4a,127,131,5,+,"","",deletion,1443,725,1,FALSE
nlgn4a,127,131,5,+,"","",deletion,1444,725,1,FALSE
nlgn4a,127,131,5,+,"","",deletion,1445,725,1,FALSE
nlgn4a,127,131,5,+,"","",deletion,1446,725,1,FALSE
nlgn4a,127,131,5,+,"","",deletion,1447,725,1,FALSE
nlgn4a,127,131,5,+,"","",deletion,1448,725,1,FALSE
nlgn4a,127,131,5,+,"","",deletion,1449,725,1,FALSE
nlgn4a,127,131,5,+,"","",deletion,1450,725,1,FALSE
nlgn4a,127,131,5,+,"","",deletion,1451,725,1,FALSE
nlgn4a,127,131,5,+,"","",deletion,1452,725,1,FALSE
nlgn4a,127,131,5,+,"","",deletion,1453,725,1,FALSE
nlgn4a,127,131,5,+,"","",deletion,1454,725,1,FALSE
nlgn4a,127,131,5,+,"","",deletion,1455,725,1,FALSE
nlgn4a,127,131,5,+,"","",deletion,1456,725,1,FALSE
nlgn4a,127,131,5,+,"","",deletion,1457,725,1,FALSE
nlgn4a,127,131,5,+,"","",deletion,1458,725,1,FALSE
nlgn4a,127,131,5,+,"","",deletion,1459,725,1,FALSE
nlgn4a,127,131,5,+,"","",deletion,1460,725,1,FALSE
nlgn4a,127,131,5,+,"","",deletion,1461,725,1,FALSE
nlgn4a,127,131,5,+,"","",deletion,1462,725,1,FALSE
nlgn4a,127,131,5,+,"","",deletion,1463,725,1,FALSE
nlgn4a,127,131,5,+,"","",deletion,1464,725,1,FALSE
nlgn4a,127,131,5,+,"","",deletion,1465,725,1,FALSE
nlgn4a,127,131,5,+,"","",deletion,1466,725,1,FALSE
nlgn4a,127,131,5,+,"","",deletion,1467,725,1,FALSE
nlgn4a,127,131,5,+,"","",deletion,1468,725,1,FALSE
nlgn4a,127,131,5,+,"","",deletion,1469,725,1,FALSE
nlgn4a,127,131,5,+,"","",deletion,1470,725,1,FALSE
nlgn4a,127,131,5,+,"","",deletion,1471,725,1,FALSE
nlgn4a,127,131,5,+,"","",deletion,1472,725,1,FALSE
nlgn4a,127,131,5,+,"","",deletion,1473,725,1,FALSE
nlgn4a,127,131,5,+,"","",deletion,1474,725,1,FALSE
nlgn4a,127,131,5,+,"","",deletion,1475,725,1,FALSE
nlgn4a,127,131,5,+,"","",deletion,1476,725,1,FALSE
nlgn4a,127,131,5,+,"","",deletion,1477,725,1,FALSE
nlgn4a,127,131,5,+,"","",deletion,1478,725,1,FALSE
nlgn4a,127,131,5,+,"","",deletion,1479,725,1,FALSE
nlgn4a,127,131,5,+,"","",deletion,1480,725,1,FALSE
nlgn4a,127,131,5,+,"","",deletion,1481,725,1,FALSE
nlgn4a,127,131,5,+,"","",deletion,1482,725,1,FALSE
nlgn4a,127,131,5,+,"","",deletion,1483,725,1,FALSE
nlgn4a,127,131,5,+,"","",deletion,1484,725,1,FALSE
nlgn4a,127,131,5,+,"","",deletion,1485,725,1,FALSE
nlgn4a,127,131,5,+,"","",deletion,1486,725,1,FALSE
nlgn4a,127,131,5,+,"","",deletion,1487,725,1,FALSE
nlgn4a,127,131,5,+,"","",deletion,1488,725,1,FALSE
nlgn4a,127,131,5,+,"","",deletion,1489,725,1,FALSE
nlgn4a,127,131,5,+,"","",deletion,1490,725,1,FALSE
nlgn4a,127,131,5,+,"","",deletion,1491,725,1,FALSE
nlgn4a,127,131,5,+,"","",deletion,1492,725,1,FALSE
nlgn4a,127,131,5,+,"","",deletion,1493,725,1,FALSE
nlgn4a,127,131,5,+,"","",deletion,1494,725,1,FALSE
nlgn4a,127,131,5,+,"","",deletion,1495,725,1,FALSE
nlgn4a,127,131,5,+,"","",deletion,1496,725,1,FALSE
nlgn4a,127,131,5,+,"","",deletion,1497,725,1,FALSE
nlgn4a,127,131,5,+,"","",deletion,1498,725,1,FALSE
nlgn4a,127,131,5,+,"","",deletion,1499,725,1,FALSE
nlgn4a,127,131,5,+,"","",deletion,1500,725,1,FALSE
nlgn4a,127,131,5,+,"","",deletion,1501,725,1,FALSE
nlgn4a,127,131,5,+,"","",deletion,1502,725,1,FALSE
nlgn4a,127,131,5,+,"","",deletion,1503,725,1,FALSE
nlgn4a,127,131,5,+,"","",deletion,1504,725,1,FALSE
nlgn4a,127,131,5,+,"","",deletion,1505,725,1,FALSE
nlgn4a,127,131,5,+,"","",deletion,1506,725,1,FALSE
nlgn4a,127,131,5,+,"","",deletion,1507,725,1,FALSE
nlgn4a,127,131,5,+,"","",deletion,1508,725,1,FALSE
nlgn4a,127,131,5,+,"","",deletion,1509,725,1,FALSE
nlgn4a,127,131,5,+,"","",deletion,1510,725,1,FALSE
nlgn4a,127,131,5,+,"","",deletion,1511,725,1,FALSE
nlgn4a,127,131,5,+,"","",deletion,1512,725,1,FALSE
nlgn4a,127,131,5,+,"","",deletion,1513,725,1,FALSE
nlgn4a,127,131,5,+,"","",deletion,1514,725,1,FALSE
nlgn4a,127,131,5,+,"","",deletion,1515,725,1,FALSE
nlgn4a,127,131,5,+,"","",deletion,1516,725,1,FALSE
nlgn4a,127,131,5,+,"","",deletion,1517,725,1,FALSE
nlgn4a,127,131,5,+,"","",deletion,1518,725,1,FALSE
nlgn4a,127,131,5,+,"","",deletion,1519,725,1,FALSE
nlgn4a,127,131,5,+,"","",deletion,1520,725,1,FALSE
nlgn4a,127,131,5,+,"","",deletion,1521,725,1,FALSE
nlgn4a,127,131,5,+,"","",deletion,1522,725,1,FALSE
nlgn4a,127,131,5,+,"","",deletion,1523,725,1,FALSE
nlgn4a,127,131,5,+,"","",deletion,1524,725,1,FALSE
nlgn4a,127,131,5,+,"","",deletion,1525,725,1,FALSE
nlgn4a,127,131,5,+,"","",deletion,1526,725,1,FALSE
nlgn4a,127,131,5,+,"","",deletion,1527,725,1,FALSE
nlgn4a,127,131,5,+,"","",deletion,1528,725,1,FALSE
nlgn4a,127,131,5,+,"","",deletion,1529,725,1,FALSE
nlgn4a,127,131,5,+,"","",deletion,1530,725,1,FALSE
nlgn4a,127,131,5,+,"","",deletion,1531,725,1,FALSE
nlgn4a,127,131,5,+,"","",deletion,1532,725,1,FALSE
nlgn4a,127,131,5,+,"","",deletion,1533,725,1,FALSE
nlgn4a,127,131,5,+,"","",deletion,1534,725,1,FALSE
nlgn4a,127,131,5,+,"","",deletion,1535,725,1,FALSE
nlgn4a,127,131,5,+,"","",deletion,1536,725,1,FALSE
nlgn4a,127,131,5,+,"","",deletion,1537,725,1,FALSE
nlgn4a,127,131,5,+,"","",deletion,1538,725,1,FALSE
nlgn4a,127,131,5,+,"","",deletion,1539,725,1,FALSE
nlgn4a,127,131,5,+,"","",deletion,1540,725,1,FALSE
nlgn4a,127,131,5,+,"","",deletion,1541,725,1,FALSE
nlgn4a,127,131,5,+,"","",deletion,1542,725,1,FALSE
nlgn4a,127,131,5,+,"","",deletion,1543,725,1,FALSE
nlgn4a,127,131,5,+,"","",deletion,1544,725,1,FALSE
nlgn4a,127,131,5,+,"","",deletion,1545,725,1,FALSE
nlgn4a,127,131,5,+,"","",deletion,1546,725,1,FALSE
nlgn4a,127,131,5,+,"","",deletion,1547,725,1,FALSE
nlgn4a,127,131,5,+,"","",deletion,1548,725,1,FALSE
nlgn4a,127,131,5,+,"","",deletion,1549,725,1,FALSE
nlgn4a,127,131,5,+,"","",deletion,1550,725,1,FALSE
nlgn4a,127,131,5,+,"","",deletion,1551,725,1,FALSE
nlgn4a,127,131,5,+,"","",deletion,1552,725,1,FALSE
nlgn4a,127,131,5,+,"","",deletion,1553,725,1,FALSE
nlgn4a,127,131,5,+,"","",deletion,1554,725,1,FALSE
nlgn4a,127,131,5,+,"","",deletion,1555,725,1,FALSE
nlgn4a,127,131,5,+,"","",deletion,1556,725,1,FALSE
nlgn4a,127,131,5,+,"","",deletion,1557,725,1,FALSE
nlgn4a,127,131,5,+,"","",deletion,1558,725,1,FALSE
nlgn4a,127,131,5,+,"","",deletion,1559,725,1,FALSE
nlgn4a,127,131,5,+,"","",deletion,1560,725,1,FALSE
nlgn4a,127,131,5,+,"","",deletion,1561,725,1,FALSE
nlgn4a,127,131,5,+,"","",deletion,1562,725,1,FALSE
nlgn4a,127,131,5,+,"","",deletion,1563,725,1,FALSE
nlgn4a,127,131,5,+,"","",deletion,1564,725,1,FALSE
nlgn4a,127,131,5,+,"","",deletion,1565,725,1,FALSE
nlgn4a,127,131,5,+,"","",deletion,1566,725,1,FALSE
nlgn4a,127,131,5,+,"","",deletion,1567,725,1,FALSE
nlgn4a,127,131,5,+,"","",deletion,1568,725,1,FALSE
nlgn4a,127,131,5,+,"","",deletion,1569,725,1,FALSE
nlgn4a,127,131,5,+,"","",deletion,1570,725,1,FALSE
nlgn4a,127,131,5,+,"","",deletion,1571,725,1,FALSE
nlgn4a,127,131,5,+,"","",deletion,1572,725,1,FALSE
nlgn4a,127,131,5,+,"","",deletion,1573,725,1,FALSE
nlgn4a,127,131,5,+,"","",deletion,1574,725,1,FALSE
nlgn4a,127,131,5,+,"","",deletion,1575,725,1,FALSE
nlgn4a,127,131,5,+,"","",deletion,1576,725,1,FALSE
nlgn4a,127,131,5,+,"","",deletion,1577,725,1,FALSE
nlgn4a,127,131,5,+,"","",deletion,1578,725,1,FALSE
nlgn4a,127,131,5,+,"","",deletion,1579,725,1,FALSE
nlgn4a,127,131,5,+,"","",deletion,1580,725,1,FALSE
nlgn4a,127,131,5,+,"","",deletion,1581,725,1,FALSE
nlgn4a,127,131,5,+,"","",deletion,1582,725,1,FALSE
nlgn4a,127,131,5,+,"","",deletion,1583,725,1,FALSE
nlgn4a,127,131,5,+,"","",deletion,1584,725,1,FALSE
nlgn4a,127,131,5,+,"","",deletion,1585,725,1,FALSE
nlgn4a,127,131,5,+,"","",deletion,1586,725,1,FALSE
nlgn4a,127,131,5,+,"","",deletion,1587,725,1,FALSE
nlgn4a,127,131,5,+,"","",deletion,1588,725,1,FALSE
nlgn4a,127,131,5,+,"","",deletion,1589,725,1,FALSE
nlgn4a,127,131,5,+,"","",deletion,1590,725,1,FALSE
nlgn4a,127,131,5,+,"","",deletion,1591,725,1,FALSE
nlgn4a,127,131,5,+,"","",deletion,1592,716,1,FALSE
nlgn4a,127,131,5,+,"","",deletion,1593,716,1,FALSE
nlgn4a,127,131,5,+,"","",deletion,1594,716,1,FALSE
nlgn4a,127,131,5,+,"","",deletion,1595,716,1,FALSE
nlgn4a,127,131,5,+,"","",deletion,1596,716,1,FALSE
nlgn4a,127,131,5,+,"","",deletion,1597,716,1,FALSE
nlgn4a,127,131,5,+,"","",deletion,1598,716,1,FALSE
nlgn4a,127,131,5,+,"","",deletion,1599,716,1,FALSE
nlgn4a,127,131,5,+,"","",deletion,1600,707,1,FALSE
nlgn4a,133,140,8,+,"","",deletion,1602,716,1,FALSE
nlgn4a,133,140,8,+,"","",deletion,1603,716,1,FALSE
nlgn4a,133,140,8,+,"","",deletion,1604,716,1,FALSE
nlgn4a,130,134,5,+,"","",deletion,1605,716,1,FALSE
nlgn4a,130,134,5,+,"","",deletion,1606,716,1,FALSE
nlgn4a,127,131,5,+,"","",deletion,1607,716,1,FALSE
nlgn4a,127,134,8,+,"","",deletion,1608,716,1,FALSE
nlgn4a,127,134,8,+,"","",deletion,1609,716,1,FALSE
nlgn4a,127,134,8,+,"","",deletion,1610,716,1,FALSE
nlgn4a,127,134,8,+,"","",deletion,1612,716,1,FALSE
nlgn4a,127,134,8,+,"","",deletion,1613,716,1,FALSE
nlgn4a,127,134,8,+,"","",deletion,1614,716,1,FALSE
nlgn4a,127,134,8,+,"","",deletion,1615,725,1,FALSE
nlgn4a,127,134,8,+,"","",deletion,1616,725,1,FALSE
nlgn4a,127,134,8,+,"","",deletion,1617,725,1,FALSE
nlgn4a,127,134,8,+,"","",deletion,1618,725,1,FALSE
nlgn4a,127,134,8,+,"","",deletion,1619,725,1,FALSE
nlgn4a,127,134,8,+,"","",deletion,1620,725,1,FALSE
nlgn4a,127,134,8,+,"","",deletion,1621,725,1,FALSE
nlgn4a,127,134,8,+,"","",deletion,1622,725,1,FALSE
nlgn4a,127,134,8,+,"","",deletion,1623,725,1,FALSE
nlgn4a,127,134,8,+,"","",deletion,1624,725,1,FALSE
nlgn4a,127,134,8,+,"","",deletion,1625,725,1,FALSE
nlgn4a,127,134,8,+,"","",deletion,1626,725,1,FALSE
nlgn4a,127,134,8,+,"","",deletion,1627,725,1,FALSE
nlgn4a,127,134,8,+,"","",deletion,1628,725,1,FALSE
nlgn4a,127,134,8,+,"","",deletion,1629,725,1,FALSE
nlgn4a,127,134,8,+,"","",deletion,1630,725,1,FALSE
nlgn4a,127,134,8,+,"","",deletion,1631,725,1,FALSE
nlgn4a,127,134,8,+,"","",deletion,1632,725,1,FALSE
nlgn4a,127,134,8,+,"","",deletion,1633,725,1,FALSE
nlgn4a,127,134,8,+,"","",deletion,1634,725,1,FALSE
nlgn4a,127,134,8,+,"","",deletion,1635,725,1,FALSE
nlgn4a,127,134,8,+,"","",deletion,1636,725,1,FALSE
nlgn4a,127,134,8,+,"","",deletion,1637,725,1,FALSE
nlgn4a,127,134,8,+,"","",deletion,1638,725,1,FALSE
nlgn4a,127,134,8,+,"","",deletion,1639,725,1,FALSE
nlgn4a,127,134,8,+,"","",deletion,1640,725,1,FALSE
nlgn4a,127,134,8,+,"","",deletion,1641,725,1,FALSE
nlgn4a,127,134,8,+,"","",deletion,1642,725,1,FALSE
nlgn4a,127,134,8,+,"","",deletion,1643,725,1,FALSE
nlgn4a,127,134,8,+,"","",deletion,1644,725,1,FALSE
nlgn4a,127,134,8,+,"","",deletion,1645,725,1,FALSE
nlgn4a,127,134,8,+,"","",deletion,1646,725,1,FALSE
nlgn4a,127,134,8,+,"","",deletion,1647,716,1,FALSE
nlgn4a,127,134,8,+,"","",deletion,1648,716,1,FALSE
nlgn4a,127,134,8,+,"","",deletion,1649,716,1,FALSE
nlgn4a,127,134,8,+,"","",deletion,1650,716,1,FALSE
nlgn4a,127,134,8,+,"","",deletion,1651,716,1,FALSE
nlgn4a,128,134,7,+,"","",deletion,1652,716,1,FALSE
nlgn4a,126,134,9,+,"","",deletion,1653,716,1,FALSE
nlgn4a,129,137,9,+,"","",deletion,1654,716,1,FALSE
nlgn4a,129,134,6,+,"","",deletion,1656,716,1,FALSE
nlgn4a,126,134,9,+,"","",deletion,1657,716,1,FALSE
nlgn4a,126,134,9,+,"","",deletion,1658,716,1,FALSE
nlgn4a,126,134,9,+,"","",deletion,1659,716,1,FALSE
nlgn4a,126,134,9,+,"","",deletion,1660,716,1,FALSE
nlgn4a,126,134,9,+,"","",deletion,1661,716,1,FALSE
nlgn4a,126,134,9,+,"","",deletion,1662,716,1,FALSE
nlgn4a,126,134,9,+,"","",deletion,1663,716,1,FALSE
nlgn4a,126,134,9,+,"","",deletion,1664,716,1,FALSE
nlgn4a,126,134,9,+,"","",deletion,1665,716,1,FALSE
nlgn4a,126,134,9,+,"","",deletion,1666,716,1,FALSE
nlgn4a,126,134,9,+,"","",deletion,1667,716,1,FALSE
nlgn4a,126,134,9,+,"","",deletion,1668,716,1,FALSE
nlgn4a,126,134,9,+,"","",deletion,1669,716,1,FALSE
nlgn4a,126,134,9,+,"","",deletion,1670,716,1,FALSE
nlgn4a,126,134,9,+,"","",deletion,1671,716,1,FALSE
nlgn4a,126,134,9,+,"","",deletion,1672,716,1,FALSE
nlgn4a,126,134,9,+,"","",deletion,1673,716,1,FALSE
nlgn4a,126,134,9,+,"","",deletion,1674,716,1,FALSE
nlgn4a,126,134,9,+,"","",deletion,1675,716,1,FALSE
nlgn4a,126,134,9,+,"","",deletion,1676,716,1,FALSE
nlgn4a,126,134,9,+,"","",deletion,1677,716,1,FALSE
nlgn4a,126,134,9,+,"","",deletion,1678,725,1,FALSE
nlgn4a,126,134,9,+,"","",deletion,1679,725,1,FALSE
nlgn4a,126,134,9,+,"","",deletion,1680,725,1,FALSE
nlgn4a,126,134,9,+,"","",deletion,1681,725,1,FALSE
nlgn4a,126,134,9,+,"","",deletion,1682,725,1,FALSE
nlgn4a,126,134,9,+,"","",deletion,1683,725,1,FALSE
nlgn4a,126,134,9,+,"","",deletion,1684,725,1,FALSE
nlgn4a,126,134,9,+,"","",deletion,1685,725,1,FALSE
nlgn4a,126,134,9,+,"","",deletion,1686,725,1,FALSE
nlgn4a,126,134,9,+,"","",deletion,1687,725,1,FALSE
nlgn4a,126,134,9,+,"","",deletion,1688,725,1,FALSE
nlgn4a,126,134,9,+,"","",deletion,1689,725,1,FALSE
nlgn4a,126,134,9,+,"","",deletion,1690,725,1,FALSE
nlgn4a,126,134,9,+,"","",deletion,1691,725,1,FALSE
nlgn4a,126,134,9,+,"","",deletion,1692,725,1,FALSE
nlgn4a,126,134,9,+,"","",deletion,1693,725,1,FALSE
nlgn4a,126,134,9,+,"","",deletion,1694,725,1,FALSE
nlgn4a,126,134,9,+,"","",deletion,1695,725,1,FALSE
nlgn4a,126,134,9,+,"","",deletion,1696,725,1,FALSE
nlgn4a,126,134,9,+,"","",deletion,1697,725,1,FALSE
nlgn4a,126,134,9,+,"","",deletion,1698,725,1,FALSE
nlgn4a,126,134,9,+,"","",deletion,1699,725,1,FALSE
nlgn4a,126,134,9,+,"","",deletion,1700,725,1,FALSE
nlgn4a,126,134,9,+,"","",deletion,1701,725,1,FALSE
nlgn4a,126,134,9,+,"","",deletion,1702,725,1,FALSE
nlgn4a,126,134,9,+,"","",deletion,1703,725,1,FALSE
nlgn4a,126,134,9,+,"","",deletion,1704,725,1,FALSE
nlgn4a,126,134,9,+,"","",deletion,1705,725,1,FALSE
nlgn4a,126,134,9,+,"","",deletion,1706,725,1,FALSE
nlgn4a,126,134,9,+,"","",deletion,1707,725,1,FALSE
nlgn4a,126,134,9,+,"","",deletion,1708,725,1,FALSE
nlgn4a,126,134,9,+,"","",deletion,1709,725,1,FALSE
nlgn4a,126,134,9,+,"","",deletion,1710,725,1,FALSE
nlgn4a,126,134,9,+,"","",deletion,1711,725,1,FALSE
nlgn4a,126,134,9,+,"","",deletion,1712,725,1,FALSE
nlgn4a,126,134,9,+,"","",deletion,1713,725,1,FALSE
nlgn4a,126,134,9,+,"","",deletion,1714,725,1,FALSE
nlgn4a,126,134,9,+,"","",deletion,1715,725,1,FALSE
nlgn4a,126,134,9,+,"","",deletion,1716,725,1,FALSE
nlgn4a,126,134,9,+,"","",deletion,1717,725,1,FALSE
nlgn4a,126,134,9,+,"","",deletion,1718,725,1,FALSE
nlgn4a,126,134,9,+,"","",deletion,1719,725,1,FALSE
nlgn4a,126,134,9,+,"","",deletion,1720,725,1,FALSE
nlgn4a,126,134,9,+,"","",deletion,1721,725,1,FALSE
nlgn4a,126,134,9,+,"","",deletion,1722,725,1,FALSE
nlgn4a,126,134,9,+,"","",deletion,1723,725,1,FALSE
nlgn4a,126,134,9,+,"","",deletion,1724,725,1,FALSE
nlgn4a,126,134,9,+,"","",deletion,1725,725,1,FALSE
nlgn4a,126,134,9,+,"","",deletion,1726,725,1,FALSE
nlgn4a,126,134,9,+,"","",deletion,1727,725,1,FALSE
nlgn4a,126,134,9,+,"","",deletion,1728,725,1,FALSE
nlgn4a,126,134,9,+,"","",deletion,1729,725,1,FALSE
nlgn4a,126,134,9,+,"","",deletion,1730,725,1,FALSE
nlgn4a,126,134,9,+,"","",deletion,1731,725,1,FALSE
nlgn4a,126,134,9,+,"","",deletion,1732,725,1,FALSE
nlgn4a,126,134,9,+,"","",deletion,1733,725,1,FALSE
nlgn4a,126,134,9,+,"","",deletion,1734,725,1,FALSE
nlgn4a,126,134,9,+,"","",deletion,1735,725,1,FALSE
nlgn4a,126,134,9,+,"","",deletion,1736,725,1,FALSE
nlgn4a,126,134,9,+,"","",deletion,1737,725,1,FALSE
nlgn4a,126,134,9,+,"","",deletion,1738,725,1,FALSE
nlgn4a,126,134,9,+,"","",deletion,1739,725,1,FALSE
nlgn4a,126,134,9,+,"","",deletion,1740,725,1,FALSE
nlgn4a,126,134,9,+,"","",deletion,1741,725,1,FALSE
nlgn4a,126,134,9,+,"","",deletion,1742,725,1,FALSE
nlgn4a,126,134,9,+,"","",deletion,1743,725,1,FALSE
nlgn4a,126,134,9,+,"","",deletion,1744,725,1,FALSE
nlgn4a,126,134,9,+,"","",deletion,1745,725,1,FALSE
nlgn4a,126,134,9,+,"","",deletion,1746,725,1,FALSE
nlgn4a,126,134,9,+,"","",deletion,1747,725,1,FALSE
nlgn4a,126,134,9,+,"","",deletion,1748,725,1,FALSE
nlgn4a,126,134,9,+,"","",deletion,1749,725,1,FALSE
nlgn4a,126,134,9,+,"","",deletion,1750,725,1,FALSE
nlgn4a,126,134,9,+,"","",deletion,1751,725,1,FALSE
nlgn4a,126,134,9,+,"","",deletion,1752,725,1,FALSE
nlgn4a,126,134,9,+,"","",deletion,1753,725,1,FALSE
nlgn4a,126,134,9,+,"","",deletion,1754,725,1,FALSE
nlgn4a,126,134,9,+,"","",deletion,1755,725,1,FALSE
nlgn4a,126,134,9,+,"","",deletion,1756,725,1,FALSE
nlgn4a,126,134,9,+,"","",deletion,1757,725,1,FALSE
nlgn4a,126,134,9,+,"","",deletion,1758,725,1,FALSE
nlgn4a,126,134,9,+,"","",deletion,1759,725,1,FALSE
nlgn4a,126,134,9,+,"","",deletion,1760,725,1,FALSE
nlgn4a,126,134,9,+,"","",deletion,1761,725,1,FALSE
nlgn4a,126,134,9,+,"","",deletion,1762,725,1,FALSE
nlgn4a,126,134,9,+,"","",deletion,1763,725,1,FALSE
nlgn4a,126,134,9,+,"","",deletion,1764,725,1,FALSE
nlgn4a,126,134,9,+,"","",deletion,1765,725,1,FALSE
nlgn4a,126,134,9,+,"","",deletion,1766,725,1,FALSE
nlgn4a,126,134,9,+,"","",deletion,1767,725,1,FALSE
nlgn4a,126,134,9,+,"","",deletion,1768,725,1,FALSE
nlgn4a,126,134,9,+,"","",deletion,1769,725,1,FALSE
nlgn4a,126,134,9,+,"","",deletion,1770,725,1,FALSE
nlgn4a,126,134,9,+,"","",deletion,1771,725,1,FALSE
nlgn4a,126,134,9,+,"","",deletion,1772,725,1,FALSE
nlgn4a,126,134,9,+,"","",deletion,1773,725,1,FALSE
nlgn4a,126,134,9,+,"","",deletion,1774,725,1,FALSE
nlgn4a,126,134,9,+,"","",deletion,1775,725,1,FALSE
nlgn4a,126,134,9,+,"","",deletion,1776,725,1,FALSE
nlgn4a,126,134,9,+,"","",deletion,1777,725,1,FALSE
nlgn4a,126,134,9,+,"","",deletion,1778,725,1,FALSE
nlgn4a,126,134,9,+,"","",deletion,1779,725,1,FALSE
nlgn4a,126,134,9,+,"","",deletion,1780,725,1,FALSE
nlgn4a,126,134,9,+,"","",deletion,1781,725,1,FALSE
nlgn4a,126,134,9,+,"","",deletion,1782,725,1,FALSE
nlgn4a,126,134,9,+,"","",deletion,1783,725,1,FALSE
nlgn4a,126,134,9,+,"","",deletion,1784,725,1,FALSE
nlgn4a,126,134,9,+,"","",deletion,1785,725,1,FALSE
nlgn4a,126,134,9,+,"","",deletion,1786,725,1,FALSE
nlgn4a,126,134,9,+,"","",deletion,1787,725,1,FALSE
nlgn4a,126,134,9,+,"","",deletion,1788,725,1,FALSE
nlgn4a,126,134,9,+,"","",deletion,1789,725,1,FALSE
nlgn4a,126,134,9,+,"","",deletion,1790,725,1,FALSE
nlgn4a,126,134,9,+,"","",deletion,1791,725,1,FALSE
nlgn4a,126,134,9,+,"","",deletion,1792,725,1,FALSE
nlgn4a,126,134,9,+,"","",deletion,1793,725,1,FALSE
nlgn4a,126,134,9,+,"","",deletion,1794,725,1,FALSE
nlgn4a,126,134,9,+,"","",deletion,1795,725,1,FALSE
nlgn4a,126,134,9,+,"","",deletion,1796,725,1,FALSE
nlgn4a,126,134,9,+,"","",deletion,1797,725,1,FALSE
nlgn4a,126,134,9,+,"","",deletion,1798,725,1,FALSE
nlgn4a,126,134,9,+,"","",deletion,1799,725,1,FALSE
nlgn4a,126,134,9,+,"","",deletion,1800,725,1,FALSE
nlgn4a,126,134,9,+,"","",deletion,1801,725,1,FALSE
nlgn4a,126,134,9,+,"","",deletion,1802,725,1,FALSE
nlgn4a,126,134,9,+,"","",deletion,1803,725,1,FALSE
nlgn4a,126,134,9,+,"","",deletion,1804,725,1,FALSE
nlgn4a,126,134,9,+,"","",deletion,1805,725,1,FALSE
nlgn4a,126,134,9,+,"","",deletion,1806,725,1,FALSE
nlgn4a,126,134,9,+,"","",deletion,1807,725,1,FALSE
nlgn4a,126,134,9,+,"","",deletion,1808,725,1,FALSE
nlgn4a,126,134,9,+,"","",deletion,1809,725,1,FALSE
nlgn4a,126,134,9,+,"","",deletion,1810,725,1,FALSE
nlgn4a,126,134,9,+,"","",deletion,1811,725,1,FALSE
nlgn4a,126,134,9,+,"","",deletion,1812,725,1,FALSE
nlgn4a,126,134,9,+,"","",deletion,1813,725,1,FALSE
nlgn4a,126,134,9,+,"","",deletion,1814,725,1,FALSE
nlgn4a,126,134,9,+,"","",deletion,1815,725,1,FALSE
nlgn4a,126,134,9,+,"","",deletion,1816,725,1,FALSE
nlgn4a,126,134,9,+,"","",deletion,1817,725,1,FALSE
nlgn4a,126,134,9,+,"","",deletion,1818,725,1,FALSE
nlgn4a,126,134,9,+,"","",deletion,1819,725,1,FALSE
nlgn4a,126,134,9,+,"","",deletion,1820,725,1,FALSE
nlgn4a,126,134,9,+,"","",deletion,1821,725,1,FALSE
nlgn4a,126,134,9,+,"","",deletion,1822,725,1,FALSE
nlgn4a,126,134,9,+,"","",deletion,1823,725,1,FALSE
nlgn4a,126,134,9,+,"","",deletion,1824,725,1,FALSE
nlgn4a,126,134,9,+,"","",deletion,1825,725,1,FALSE
nlgn4a,126,134,9,+,"","",deletion,1826,725,1,FALSE
nlgn4a,126,134,9,+,"","",deletion,1827,725,1,FALSE
nlgn4a,126,134,9,+,"","",deletion,1828,725,1,FALSE
nlgn4a,126,134,9,+,"","",deletion,1829,725,1,FALSE
nlgn4a,126,134,9,+,"","",deletion,1830,725,1,FALSE
nlgn4a,126,134,9,+,"","",deletion,1831,725,1,FALSE
nlgn4a,126,134,9,+,"","",deletion,1832,725,1,FALSE
nlgn4a,126,134,9,+,"","",deletion,1833,725,1,FALSE
nlgn4a,126,134,9,+,"","",deletion,1834,725,1,FALSE
nlgn4a,126,134,9,+,"","",deletion,1835,725,1,FALSE
nlgn4a,126,134,9,+,"","",deletion,1836,725,1,FALSE
nlgn4a,126,134,9,+,"","",deletion,1837,725,1,FALSE
nlgn4a,126,134,9,+,"","",deletion,1838,725,1,FALSE
nlgn4a,126,134,9,+,"","",deletion,1839,725,1,FALSE
nlgn4a,126,134,9,+,"","",deletion,1840,725,1,FALSE
nlgn4a,126,134,9,+,"","",deletion,1841,725,1,FALSE
nlgn4a,126,134,9,+,"","",deletion,1842,725,1,FALSE
nlgn4a,126,134,9,+,"","",deletion,1843,725,1,FALSE
nlgn4a,126,134,9,+,"","",deletion,1844,725,1,FALSE
nlgn4a,126,134,9,+,"","",deletion,1845,725,1,FALSE
nlgn4a,126,134,9,+,"","",deletion,1846,725,1,FALSE
nlgn4a,126,134,9,+,"","",deletion,1847,725,1,FALSE
nlgn4a,126,134,9,+,"","",deletion,1848,725,1,FALSE
nlgn4a,126,134,9,+,"","",deletion,1849,725,1,FALSE
nlgn4a,126,134,9,+,"","",deletion,1850,725,1,FALSE
nlgn4a,126,134,9,+,"","",deletion,1851,725,1,FALSE
nlgn4a,126,134,9,+,"","",deletion,1852,725,1,FALSE
nlgn4a,126,134,9,+,"","",deletion,1853,725,1,FALSE
nlgn4a,126,134,9,+,"","",deletion,1854,725,1,FALSE
nlgn4a,126,134,9,+,"","",deletion,1855,725,1,FALSE
nlgn4a,126,134,9,+,"","",deletion,1856,725,1,FALSE
nlgn4a,126,134,9,+,"","",deletion,1857,725,1,FALSE
nlgn4a,126,134,9,+,"","",deletion,1858,725,1,FALSE
nlgn4a,126,134,9,+,"","",deletion,1859,725,1,FALSE
nlgn4a,126,134,9,+,"","",deletion,1860,725,1,FALSE
nlgn4a,126,134,9,+,"","",deletion,1861,725,1,FALSE
nlgn4a,126,134,9,+,"","",deletion,1862,725,1,FALSE
nlgn4a,126,134,9,+,"","",deletion,1863,725,1,FALSE
nlgn4a,126,134,9,+,"","",deletion,1864,725,1,FALSE
nlgn4a,126,134,9,+,"","",deletion,1865,725,1,FALSE
nlgn4a,126,134,9,+,"","",deletion,1866,725,1,FALSE
nlgn4a,126,134,9,+,"","",deletion,1867,725,1,FALSE
nlgn4a,126,134,9,+,"","",deletion,1868,725,1,FALSE
nlgn4a,126,134,9,+,"","",deletion,1869,725,1,FALSE
nlgn4a,126,134,9,+,"","",deletion,1870,725,1,FALSE
nlgn4a,126,134,9,+,"","",deletion,1871,725,1,FALSE
nlgn4a,126,134,9,+,"","",deletion,1872,725,1,FALSE
nlgn4a,126,134,9,+,"","",deletion,1873,725,1,FALSE
nlgn4a,126,134,9,+,"","",deletion,1874,725,1,FALSE
nlgn4a,126,134,9,+,"","",deletion,1875,725,1,FALSE
nlgn4a,126,134,9,+,"","",deletion,1876,725,1,FALSE
nlgn4a,126,134,9,+,"","",deletion,1877,725,1,FALSE
nlgn4a,126,134,9,+,"","",deletion,1878,725,1,FALSE
nlgn4a,126,134,9,+,"","",deletion,1879,725,1,FALSE
nlgn4a,126,134,9,+,"","",deletion,1880,725,1,FALSE
nlgn4a,126,134,9,+,"","",deletion,1881,725,1,FALSE
nlgn4a,126,134,9,+,"","",deletion,1882,725,1,FALSE
nlgn4a,126,134,9,+,"","",deletion,1883,725,1,FALSE
nlgn4a,126,134,9,+,"","",deletion,1884,725,1,FALSE
nlgn4a,126,134,9,+,"","",deletion,1885,725,1,FALSE
nlgn4a,126,134,9,+,"","",deletion,1886,725,1,FALSE
nlgn4a,126,134,9,+,"","",deletion,1887,725,1,FALSE
nlgn4a,126,134,9,+,"","",deletion,1888,725,1,FALSE
nlgn4a,126,134,9,+,"","",deletion,1889,725,1,FALSE
nlgn4a,126,134,9,+,"","",deletion,1890,725,1,FALSE
nlgn4a,126,134,9,+,"","",deletion,1891,725,1,FALSE
nlgn4a,126,134,9,+,"","",deletion,1892,725,1,FALSE
nlgn4a,126,134,9,+,"","",deletion,1893,725,1,FALSE
nlgn4a,126,134,9,+,"","",deletion,1894,725,1,FALSE
nlgn4a,126,134,9,+,"","",deletion,1895,725,1,FALSE
nlgn4a,126,134,9,+,"","",deletion,1896,725,1,FALSE
nlgn4a,126,134,9,+,"","",deletion,1897,725,1,FALSE
nlgn4a,126,134,9,+,"","",deletion,1898,725,1,FALSE
nlgn4a,126,134,9,+,"","",deletion,1899,725,1,FALSE
nlgn4a,126,134,9,+,"","",deletion,1900,725,1,FALSE
nlgn4a,126,134,9,+,"","",deletion,1901,725,1,FALSE
nlgn4a,126,134,9,+,"","",deletion,1902,725,1,FALSE
nlgn4a,126,134,9,+,"","",deletion,1903,725,1,FALSE
nlgn4a,126,134,9,+,"","",deletion,1904,725,1,FALSE
nlgn4a,126,134,9,+,"","",deletion,1905,725,1,FALSE
nlgn4a,126,134,9,+,"","",deletion,1906,725,1,FALSE
nlgn4a,126,134,9,+,"","",deletion,1907,725,1,FALSE
nlgn4a,126,134,9,+,"","",deletion,1908,725,1,FALSE
nlgn4a,126,134,9,+,"","",deletion,1909,725,1,FALSE
nlgn4a,126,134,9,+,"","",deletion,1910,725,1,FALSE
nlgn4a,126,134,9,+,"","",deletion,1911,725,1,FALSE
nlgn4a,126,134,9,+,"","",deletion,1912,725,1,FALSE
nlgn4a,126,134,9,+,"","",deletion,1913,725,1,FALSE
nlgn4a,126,134,9,+,"","",deletion,1914,725,1,FALSE
nlgn4a,126,134,9,+,"","",deletion,1915,725,1,FALSE
nlgn4a,126,134,9,+,"","",deletion,1916,725,1,FALSE
nlgn4a,126,134,9,+,"","",deletion,1917,725,1,FALSE
nlgn4a,126,134,9,+,"","",deletion,1918,725,1,FALSE
nlgn4a,126,134,9,+,"","",deletion,1919,725,1,FALSE
nlgn4a,126,134,9,+,"","",deletion,1920,725,1,FALSE
nlgn4a,126,134,9,+,"","",deletion,1921,725,1,FALSE
nlgn4a,126,134,9,+,"","",deletion,1922,725,1,FALSE
nlgn4a,126,134,9,+,"","",deletion,1923,725,1,FALSE
nlgn4a,126,134,9,+,"","",deletion,1924,725,1,FALSE
nlgn4a,126,134,9,+,"","",deletion,1925,725,1,FALSE
nlgn4a,126,134,9,+,"","",deletion,1926,725,1,FALSE
nlgn4a,126,134,9,+,"","",deletion,1927,725,1,FALSE
nlgn4a,126,134,9,+,"","",deletion,1928,725,1,FALSE
nlgn4a,126,134,9,+,"","",deletion,1929,725,1,FALSE
nlgn4a,126,134,9,+,"","",deletion,1930,725,1,FALSE
nlgn4a,126,134,9,+,"","",deletion,1931,725,1,FALSE
nlgn4a,126,134,9,+,"","",deletion,1932,725,1,FALSE
nlgn4a,126,134,9,+,"","",deletion,1933,725,1,FALSE
nlgn4a,126,134,9,+,"","",deletion,1934,725,1,FALSE
nlgn4a,126,134,9,+,"","",deletion,1935,725,1,FALSE
nlgn4a,126,134,9,+,"","",deletion,1936,725,1,FALSE
nlgn4a,126,134,9,+,"","",deletion,1937,725,1,FALSE
nlgn4a,126,134,9,+,"","",deletion,1938,725,1,FALSE
nlgn4a,126,134,9,+,"","",deletion,1939,725,1,FALSE
nlgn4a,126,134,9,+,"","",deletion,1940,725,1,FALSE
nlgn4a,126,134,9,+,"","",deletion,1941,725,1,FALSE
nlgn4a,126,134,9,+,"","",deletion,1942,716,1,FALSE
nlgn4a,126,134,9,+,"","",deletion,1943,716,1,FALSE
nlgn4a,126,134,9,+,"","",deletion,1944,716,1,FALSE
nlgn4a,126,134,9,+,"","",deletion,1945,716,1,FALSE
nlgn4a,126,134,9,+,"","",deletion,1946,716,1,FALSE
nlgn4a,126,134,9,+,"","",deletion,1947,716,1,FALSE
nlgn4a,126,134,9,+,"","",deletion,1948,716,1,FALSE
nlgn4a,126,134,9,+,"","",deletion,1949,716,1,FALSE
nlgn4a,126,134,9,+,"","",deletion,1950,716,1,FALSE
nlgn4a,126,134,9,+,"","",deletion,1951,716,1,FALSE
nlgn4a,126,134,9,+,"","",deletion,1952,716,1,FALSE
nlgn4a,126,134,9,+,"","",deletion,1953,716,1,FALSE
nlgn4a,126,134,9,+,"","",deletion,1954,716,1,FALSE
nlgn4a,126,134,9,+,"","",deletion,1955,716,1,FALSE
nlgn4a,133,140,8,+,"","",deletion,1958,716,1,FALSE
nlgn4a,133,140,8,+,"","",deletion,1959,716,1,FALSE
nlgn4a,126,134,9,+,"","",deletion,1960,716,1,FALSE
nlgn4a,127,131,5,+,"","",deletion,1961,716,1,FALSE
nlgn4a,127,134,8,+,"","",deletion,1962,716,1,FALSE
nlgn4a,129,134,6,+,"","",deletion,1963,716,1,FALSE
nlgn4a,128,134,7,+,"","",deletion,1964,716,1,FALSE
nlgn4a,127,131,5,+,"","",deletion,1965,716,1,FALSE
nlgn4a,127,134,8,+,"","",deletion,1966,716,1,FALSE
nlgn4a,126,134,9,+,"","",deletion,1967,716,1,FALSE
nlgn4a,134,138,5,+,"","",deletion,1969,716,1,FALSE
nlgn4a,126,134,9,+,"","",deletion,1970,707,1,FALSE
nlgn4a,134,138,5,+,"","",deletion,1972,716,1,FALSE
nlgn4a,134,138,5,+,"","",deletion,1973,716,1,FALSE
nlgn4a,127,131,5,+,"","",deletion,1974,716,1,FALSE
nlgn4a,126,134,9,+,"","",deletion,1975,716,1,FALSE
nlgn4a,126,134,9,+,"","",deletion,1976,716,1,FALSE
nlgn4a,134,138,5,+,"","",deletion,1977,716,1,FALSE
nlgn4a,129,134,6,+,"","",deletion,1978,716,1,FALSE
nlgn4a,127,131,5,+,"","",deletion,1979,716,1,FALSE
nlgn4a,134,138,5,+,"","",deletion,1980,716,1,FALSE
nlgn4a,129,134,6,+,"","",deletion,1981,716,1,FALSE
nlgn4a,128,134,7,+,"","",deletion,1982,716,1,FALSE
nlgn4a,134,138,5,+,"","",deletion,1984,716,1,FALSE
nlgn4a,127,131,5,+,"","",deletion,1985,716,1,FALSE
nlgn4a,126,134,9,+,"","",deletion,1987,716,1,FALSE
nlgn4a,134,138,5,+,"","",deletion,1988,716,1,FALSE
nlgn4a,127,131,5,+,"","",deletion,1989,716,1,FALSE
nlgn4a,135,137,3,+,"","",deletion,1990,716,1,FALSE
nlgn4a,127,131,5,+,"","",deletion,1991,707,1,FALSE
nlgn4a,135,137,3,+,"","",deletion,1992,716,1,FALSE
nlgn4a,133,140,8,+,"","",deletion,1996,716,1,FALSE
nlgn4a,126,134,9,+,"","",deletion,1997,707,1,FALSE
nlgn4a,134,138,5,+,"","",deletion,1998,716,1,FALSE
nlgn4a,129,134,6,+,"","",deletion,1999,716,1,FALSE
nlgn4a,127,131,5,+,"","",deletion,2000,707,1,FALSE
nlgn4a,127,131,5,+,"","",deletion,2003,716,1,FALSE
nlgn4a,126,134,9,+,"","",deletion,2004,716,1,FALSE
nlgn4a,134,138,5,+,"","",deletion,2006,716,1,FALSE
nlgn4a,128,134,7,+,"","",deletion,2007,716,1,FALSE
nlgn4a,128,134,7,+,"","",deletion,2008,716,1,FALSE
nlgn4a,126,134,9,+,"","",deletion,2009,716,1,FALSE
nlgn4a,126,134,9,+,"","",deletion,2010,716,1,FALSE
nlgn4a,129,134,6,+,"","",deletion,2012,716,1,FALSE
nlgn4a,126,134,9,+,"","",deletion,2014,716,1,FALSE
nlgn4a,135,137,3,+,"","",deletion,2015,716,1,FALSE
nlgn4a,126,134,9,+,"","",deletion,2016,716,1,FALSE
nlgn4a,126,134,9,+,"","",deletion,2017,716,1,FALSE
nlgn4a,126,134,9,+,"","",deletion,2018,707,1,FALSE
nlgn4a,133,140,8,+,"","",deletion,2019,716,1,FALSE
nlgn4a,129,134,6,+,"","",deletion,2020,716,1,FALSE
nlgn4a,128,134,7,+,"","",deletion,2021,707,1,FALSE
nlgn4a,133,136,4,+,"","",deletion,2022,716,1,FALSE
nlgn4a,134,138,5,+,"","",deletion,2026,716,1,FALSE
nlgn4a,126,134,9,+,"","",deletion,2028,716,1,FALSE
nlgn4a,134,138,5,+,"","",deletion,2030,716,1,FALSE
nlgn4a,127,131,5,+,"","",deletion,2031,707,1,FALSE
nlgn4a,135,137,3,+,"","",deletion,2032,716,1,FALSE
nlgn4a,127,134,8,+,"","",deletion,2034,716,1,FALSE
nlgn4a,127,131,5,+,"","",deletion,2035,716,1,FALSE
nlgn4a,134,138,5,+,"","",deletion,2036,707,1,FALSE
nlgn4a,134,138,5,+,"","",deletion,2038,716,1,FALSE
nlgn4a,133,140,8,+,"","",deletion,2039,716,1,FALSE
nlgn4a,127,131,5,+,"","",deletion,2040,716,1,FALSE
nlgn4a,133,140,8,+,"","",deletion,2042,716,1,FALSE
nlgn4a,127,131,5,+,"","",deletion,2043,716,1,FALSE
nlgn4a,127,131,5,+,"","",deletion,2046,716,1,FALSE
nlgn4a,127,131,5,+,"","",deletion,2047,716,1,FALSE
nlgn4a,126,134,9,+,"","",deletion,2048,716,1,FALSE
nlgn4a,127,131,5,+,"","",deletion,2050,716,1,FALSE
nlgn4a,126,134,9,+,"","",deletion,2051,716,1,FALSE
nlgn4a,127,131,5,+,"","",deletion,2052,716,1,FALSE
nlgn4a,126,134,9,+,"","",deletion,2053,707,1,FALSE
nlgn4a,133,140,8,+,"","",deletion,2054,716,1,FALSE
nlgn4a,133,140,8,+,"","",deletion,2055,716,1,FALSE
nlgn4a,126,134,9,+,"","",deletion,2056,716,1,FALSE
nlgn4a,134,138,5,+,"","",deletion,2061,716,1,FALSE
nlgn4a,127,131,5,+,"","",deletion,2065,716,1,FALSE
nlgn4a,126,134,9,+,"","",deletion,2066,716,1,FALSE
nlgn4a,134,138,5,+,"","",deletion,2067,716,1,FALSE
nlgn4a,127,134,8,+,"","",deletion,2068,716,1,FALSE
nlgn4a,134,138,5,+,"","",deletion,2071,716,1,FALSE
nlgn4a,134,138,5,+,"","",deletion,2074,716,1,FALSE
nlgn4a,127,131,5,+,"","",deletion,2075,716,1,FALSE
nlgn4a,134,138,5,+,"","",deletion,2076,716,1,FALSE
nlgn4a,133,136,4,+,"","",deletion,2077,716,1,FALSE
nlgn4a,127,131,5,+,"","",deletion,2078,716,1,FALSE
nlgn4a,126,134,9,+,"","",deletion,2079,707,1,FALSE
nlgn4a,133,140,8,+,"","",deletion,2080,716,1,FALSE
nlgn4a,126,134,9,+,"","",deletion,2081,716,1,FALSE
nlgn4a,127,131,5,+,"","",deletion,2083,716,1,FALSE
nlgn4a,127,134,8,+,"","",deletion,2084,716,1,FALSE
nlgn4a,126,134,9,+,"","",deletion,2085,716,1,FALSE
nlgn4a,126,134,9,+,"","",deletion,2086,716,1,FALSE
nlgn4a,134,138,5,+,"","",deletion,2089,716,1,FALSE
nlgn4a,134,138,5,+,"","",deletion,2092,716,1,FALSE
nlgn4a,127,131,5,+,"","",deletion,2094,707,1,FALSE
nlgn4a,134,138,5,+,"","",deletion,2097,716,1,FALSE
nlgn4a,126,134,9,+,"","",deletion,2098,716,1,FALSE
nlgn4a,126,134,9,+,"","",deletion,2099,716,1,FALSE
nlgn4a,134,138,5,+,"","",deletion,2104,716,1,FALSE
nlgn4a,129,134,6,+,"","",deletion,2105,716,1,FALSE
nlgn4a,126,134,9,+,"","",deletion,2106,716,1,FALSE
nlgn4a,127,131,5,+,"","",deletion,2107,716,1,FALSE
nlgn4a,128,134,7,+,"","",deletion,2109,716,1,FALSE
nlgn4a,134,138,5,+,"","",deletion,2113,716,1,FALSE
nlgn4a,133,136,4,+,"","",deletion,2114,716,1,FALSE
nlgn4a,129,134,6,+,"","",deletion,2115,716,1,FALSE
nlgn4a,126,134,9,+,"","",deletion,2116,716,1,FALSE
nlgn4a,126,134,9,+,"","",deletion,2117,716,1,FALSE
nlgn4a,126,134,9,+,"","",deletion,2118,707,1,FALSE
nlgn4a,127,134,8,+,"","",deletion,2119,716,1,FALSE
nlgn4a,134,138,5,+,"","",deletion,2121,716,1,FALSE
nlgn4a,133,140,8,+,"","",deletion,2122,716,1,FALSE
nlgn4a,128,134,7,+,"","",deletion,2123,716,1,FALSE
nlgn4a,127,134,8,+,"","",deletion,2124,716,1,FALSE
nlgn4a,134,138,5,+,"","",deletion,2127,716,1,FALSE
nlgn4a,134,138,5,+,"","",deletion,2128,716,1,FALSE
nlgn4a,127,134,8,+,"","",deletion,2129,716,1,FALSE
nlgn4a,126,134,9,+,"","",deletion,2130,707,1,FALSE
nlgn4a,133,136,4,+,"","",deletion,2132,716,1,FALSE
nlgn4a,126,134,9,+,"","",deletion,2133,716,1,FALSE
nlgn4a,126,134,9,+,"","",deletion,2135,716,1,FALSE
nlgn4a,126,134,9,+,"","",deletion,2136,716,1,FALSE
nlgn4a,126,134,9,+,"","",deletion,2141,716,1,FALSE
nlgn4a,127,131,5,+,"","",deletion,2143,716,1,FALSE
nlgn4a,134,138,5,+,"","",deletion,2145,716,1,FALSE
nlgn4a,133,140,8,+,"","",deletion,2146,716,1,FALSE
nlgn4a,127,131,5,+,"","",deletion,2147,716,1,FALSE
nlgn4a,127,131,5,+,"","",deletion,2149,716,1,FALSE
nlgn4a,127,131,5,+,"","",deletion,2150,716,1,FALSE
nlgn4a,126,134,9,+,"","",deletion,2153,716,1,FALSE
nlgn4a,126,134,9,+,"","",deletion,2155,716,1,FALSE
nlgn4a,126,134,9,+,"","",deletion,2157,716,1,FALSE
nlgn4a,127,131,5,+,"","",deletion,2159,707,1,FALSE
nlgn4a,133,140,8,+,"","",deletion,2160,716,1,FALSE
nlgn4a,129,134,6,+,"","",deletion,2161,707,1,FALSE
nlgn4a,126,134,9,+,"","",deletion,2163,716,1,FALSE
nlgn4a,126,134,9,+,"","",deletion,2164,716,1,FALSE
nlgn4a,126,134,9,+,"","",deletion,2166,716,1,FALSE
nlgn4a,133,140,8,+,"","",deletion,2167,716,1,FALSE
nlgn4a,126,134,9,+,"","",deletion,2175,716,1,FALSE
nlgn4a,126,134,9,+,"","",deletion,2177,716,1,FALSE
nlgn4a,129,134,6,+,"","",deletion,2179,707,1,FALSE
nlgn4a,127,131,5,+,"","",deletion,2180,716,1,FALSE
nlgn4a,133,140,8,+,"","",deletion,2181,716,1,FALSE
nlgn4a,126,134,9,+,"","",deletion,2182,716,1,FALSE
nlgn4a,133,140,8,+,"","",deletion,2185,716,1,FALSE
nlgn4a,129,134,6,+,"","",deletion,2187,716,1,FALSE
nlgn4a,129,134,6,+,"","",deletion,2188,716,1,FALSE
nlgn4a,134,138,5,+,"","",deletion,2189,707,1,FALSE
nlgn4a,126,134,9,+,"","",deletion,2194,707,1,FALSE
nlgn4a,134,138,5,+,"","",deletion,2195,716,1,FALSE
nlgn4a,127,131,5,+,"","",deletion,2196,716,1,FALSE
nlgn4a,134,138,5,+,"","",deletion,2198,716,1,FALSE
nlgn4a,126,134,9,+,"","",deletion,2199,716,1,FALSE
nlgn4a,127,131,5,+,"","",deletion,2200,707,1,FALSE
nlgn4a,126,134,9,+,"","",deletion,2201,716,1,FALSE
nlgn4a,127,131,5,+,"","",deletion,2204,716,1,FALSE
nlgn4a,126,134,9,+,"","",deletion,2205,707,1,FALSE
nlgn4a,133,140,8,+,"","",deletion,2206,716,1,FALSE
nlgn4a,133,140,8,+,"","",deletion,2207,716,1,FALSE
nlgn4a,128,134,7,+,"","",deletion,2208,716,1,FALSE
nlgn4a,126,134,9,+,"","",deletion,2210,698,1,FALSE
nlgn4a,127,131,5,+,"","",deletion,2213,707,1,FALSE
nlgn4a,126,134,9,+,"","",deletion,2214,716,1,FALSE
nlgn4a,126,134,9,+,"","",deletion,2215,707,1,FALSE
nlgn4a,127,131,5,+,"","",deletion,2216,716,1,FALSE
nlgn4a,127,131,5,+,"","",deletion,2217,707,1,FALSE
nlgn4a,135,137,3,+,"","",deletion,2218,716,1,FALSE
nlgn4a,135,137,3,+,"","",deletion,2219,716,1,FALSE
nlgn4a,127,131,5,+,"","",deletion,2220,716,1,FALSE
nlgn4a,126,134,9,+,"","",deletion,2222,707,1,FALSE
nlgn4a,126,134,9,+,"","",deletion,2224,707,1,FALSE
nlgn4a,129,134,6,+,"","",deletion,2225,707,1,FALSE
nlgn4a,134,138,5,+,"","",deletion,2228,716,1,FALSE
nlgn4a,128,134,7,+,"","",deletion,2229,707,1,FALSE
nlgn4a,126,134,9,+,"","",deletion,2230,716,1,FALSE
nlgn4a,129,134,6,+,"","",deletion,2231,707,1,FALSE
nlgn4a,126,134,9,+,"","",deletion,2234,716,1,FALSE
nlgn4a,95,95,1,+,T,G,mismatch,16,716,3,FALSE
nlgn4a,138,138,1,+,C,T,mismatch,31,741,3,FALSE
nlgn4a,107,107,1,+,T,C,mismatch,38,716,2,FALSE
nlgn4a,112,112,1,+,C,A,mismatch,39,716,2,FALSE
nlgn4a,116,116,1,+,G,C,mismatch,40,741,2,FALSE
nlgn4a,121,121,1,+,T,A,mismatch,41,741,2,FALSE
nlgn4a,134,134,1,+,G,A,mismatch,43,741,2,FALSE
nlgn4a,147,147,1,+,A,T,mismatch,77,741,2,FALSE
nlgn4a,129,129,1,+,G,T,mismatch,87,716,2,FALSE
nlgn4a,150,150,1,+,T,C,mismatch,91,716,2,FALSE
nlgn4a,147,147,1,+,A,G,mismatch,104,716,2,FALSE
nlgn4a,137,137,1,+,G,A,mismatch,106,716,2,FALSE
nlgn4a,66,66,1,+,A,G,mismatch,131,741,2,FALSE
nlgn4a,43,43,1,+,C,A,mismatch,132,732,1,FALSE
nlgn4a,158,158,1,+,G,C,mismatch,134,707,1,FALSE
nlgn4a,139,139,1,+,T,A,mismatch,135,707,1,FALSE
nlgn4a,49,49,1,+,T,A,mismatch,137,707,1,FALSE
nlgn4a,128,128,1,+,G,A,mismatch,140,732,1,FALSE
nlgn4a,39,39,1,+,A,G,mismatch,143,707,1,FALSE
nlgn4a,79,79,1,+,T,C,mismatch,145,707,1,FALSE
nlgn4a,118,118,1,+,T,A,mismatch,146,732,1,FALSE
nlgn4a,122,122,1,+,G,C,mismatch,147,732,1,FALSE
nlgn4a,96,96,1,+,A,G,mismatch,150,732,1,FALSE
nlgn4a,156,156,1,+,C,A,mismatch,152,707,1,FALSE
nlgn4a,137,137,1,+,G,A,mismatch,153,707,1,FALSE
nlgn4a,51,51,1,+,A,C,mismatch,156,707,1,FALSE
nlgn4a,126,126,1,+,G,T,mismatch,159,707,1,FALSE
nlgn4a,82,82,1,+,T,A,mismatch,163,707,1,FALSE
nlgn4a,34,34,1,+,G,T,mismatch,164,723,1,FALSE
nlgn4a,36,36,1,+,A,T,mismatch,164,723,1,FALSE
nlgn4a,76,76,1,+,C,G,mismatch,166,732,1,FALSE
nlgn4a,63,63,1,+,T,C,mismatch,168,707,1,FALSE
nlgn4a,128,128,1,+,G,C,mismatch,169,702,1,FALSE
nlgn4a,157,157,1,+,A,G,mismatch,172,707,1,FALSE
nlgn4a,47,47,1,+,G,C,mismatch,173,707,1,FALSE
nlgn4a,20,20,1,+,T,G,mismatch,178,716,1,FALSE
nlgn4a,21,21,1,+,G,C,mismatch,179,741,1,FALSE
nlgn4a,22,22,1,+,C,A,mismatch,180,716,1,FALSE
nlgn4a,26,26,1,+,C,A,mismatch,181,741,1,FALSE
nlgn4a,28,28,1,+,G,A,mismatch,182,716,1,FALSE
nlgn4a,28,28,1,+,G,A,mismatch,183,707,1,FALSE
nlgn4a,143,143,1,+,C,G,mismatch,183,707,1,FALSE
nlgn4a,28,28,1,+,G,C,mismatch,184,716,1,FALSE
nlgn4a,31,31,1,+,G,C,mismatch,185,732,1,FALSE
nlgn4a,129,129,1,+,G,T,mismatch,185,732,1,FALSE
nlgn4a,33,33,1,+,T,G,mismatch,186,732,1,FALSE
nlgn4a,120,120,1,+,G,A,mismatch,186,732,1,FALSE
nlgn4a,34,34,1,+,G,A,mismatch,187,732,1,FALSE
nlgn4a,90,90,1,+,C,A,mismatch,187,732,1,FALSE
nlgn4a,34,34,1,+,G,A,mismatch,188,716,1,FALSE
nlgn4a,34,34,1,+,G,C,mismatch,189,716,1,FALSE
nlgn4a,34,34,1,+,G,C,mismatch,190,716,1,FALSE
nlgn4a,34,34,1,+,G,C,mismatch,191,716,1,FALSE
nlgn4a,35,35,1,+,G,A,mismatch,192,741,1,FALSE
nlgn4a,35,35,1,+,G,A,mismatch,193,716,1,FALSE
nlgn4a,38,38,1,+,C,A,mismatch,194,716,1,FALSE
nlgn4a,38,38,1,+,C,A,mismatch,195,741,1,FALSE
nlgn4a,40,40,1,+,T,C,mismatch,196,716,1,FALSE
nlgn4a,40,40,1,+,T,C,mismatch,197,707,1,FALSE
nlgn4a,62,62,1,+,A,T,mismatch,197,707,1,FALSE
nlgn4a,40,40,1,+,T,G,mismatch,198,741,1,FALSE
nlgn4a,41,41,1,+,G,A,mismatch,199,741,1,FALSE
nlgn4a,41,41,1,+,G,A,mismatch,200,716,1,FALSE
nlgn4a,41,41,1,+,G,C,mismatch,201,741,1,FALSE
nlgn4a,41,41,1,+,G,C,mismatch,202,716,1,FALSE
nlgn4a,41,41,1,+,G,C,mismatch,203,716,1,FALSE
nlgn4a,41,41,1,+,G,C,mismatch,204,716,1,FALSE
nlgn4a,42,42,1,+,T,A,mismatch,205,741,1,FALSE
nlgn4a,43,43,1,+,C,A,mismatch,206,741,1,FALSE
nlgn4a,45,45,1,+,C,A,mismatch,207,732,1,FALSE
nlgn4a,145,145,1,+,T,C,mismatch,207,732,1,FALSE
nlgn4a,45,45,1,+,C,A,mismatch,208,741,1,FALSE
nlgn4a,45,45,1,+,C,A,mismatch,209,716,1,FALSE
nlgn4a,46,46,1,+,G,C,mismatch,210,741,1,FALSE
nlgn4a,46,46,1,+,G,C,mismatch,211,716,1,FALSE
nlgn4a,47,47,1,+,G,C,mismatch,212,741,1,FALSE
nlgn4a,47,47,1,+,G,C,mismatch,213,741,1,FALSE
nlgn4a,47,47,1,+,G,C,mismatch,214,716,1,FALSE
nlgn4a,49,49,1,+,T,C,mismatch,215,716,1,FALSE
nlgn4a,49,49,1,+,T,C,mismatch,216,716,1,FALSE
nlgn4a,49,49,1,+,T,C,mismatch,217,716,1,FALSE
nlgn4a,49,49,1,+,T,G,mismatch,218,741,1,FALSE
nlgn4a,50,50,1,+,C,A,mismatch,219,716,1,FALSE
nlgn4a,52,52,1,+,G,A,mismatch,220,741,1,FALSE
nlgn4a,52,52,1,+,G,C,mismatch,221,741,1,FALSE
nlgn4a,52,52,1,+,G,C,mismatch,222,716,1,FALSE
nlgn4a,52,52,1,+,G,C,mismatch,223,716,1,FALSE
nlgn4a,54,54,1,+,G,A,mismatch,224,698,1,FALSE
nlgn4a,116,116,1,+,G,A,mismatch,224,698,1,FALSE
nlgn4a,123,123,1,+,C,T,mismatch,224,698,1,FALSE
nlgn4a,55,55,1,+,G,A,mismatch,225,707,1,FALSE
nlgn4a,116,116,1,+,G,A,mismatch,225,707,1,FALSE
nlgn4a,55,55,1,+,G,A,mismatch,226,716,1,FALSE
nlgn4a,58,58,1,+,C,A,mismatch,227,716,1,FALSE
nlgn4a,59,59,1,+,C,A,mismatch,228,741,1,FALSE
nlgn4a,59,59,1,+,C,A,mismatch,229,741,1,FALSE
nlgn4a,60,60,1,+,C,A,mismatch,230,741,1,FALSE
nlgn4a,60,60,1,+,C,A,mismatch,231,716,1,FALSE
nlgn4a,61,61,1,+,C,A,mismatch,232,707,1,FALSE
nlgn4a,104,104,1,+,C,A,mismatch,232,707,1,FALSE
nlgn4a,63,63,1,+,T,A,mismatch,233,741,1,FALSE
nlgn4a,63,63,1,+,T,C,mismatch,234,716,1,FALSE
nlgn4a,63,63,1,+,T,G,mismatch,235,707,1,FALSE
nlgn4a,150,150,1,+,T,C,mismatch,235,707,1,FALSE
nlgn4a,63,63,1,+,T,G,mismatch,236,716,1,FALSE
nlgn4a,63,63,1,+,T,G,mismatch,237,707,1,FALSE
nlgn4a,88,88,1,+,C,G,mismatch,237,707,1,FALSE
nlgn4a,64,64,1,+,G,A,mismatch,238,716,1,FALSE
nlgn4a,64,64,1,+,G,C,mismatch,239,716,1,FALSE
nlgn4a,64,64,1,+,G,C,mismatch,240,741,1,FALSE
nlgn4a,64,64,1,+,G,C,mismatch,241,716,1,FALSE
nlgn4a,65,65,1,+,G,A,mismatch,242,716,1,FALSE
nlgn4a,65,65,1,+,G,A,mismatch,243,732,1,FALSE
nlgn4a,117,117,1,+,A,C,mismatch,243,732,1,FALSE
nlgn4a,65,65,1,+,G,C,mismatch,244,707,1,FALSE
nlgn4a,120,120,1,+,G,C,mismatch,244,707,1,FALSE
nlgn4a,65,65,1,+,G,C,mismatch,245,716,1,FALSE
nlgn4a,65,65,1,+,G,C,mismatch,246,716,1,FALSE
nlgn4a,67,67,1,+,T,A,mismatch,247,707,1,FALSE
nlgn4a,72,72,1,+,C,A,mismatch,247,707,1,FALSE
nlgn4a,67,67,1,+,T,A,mismatch,248,716,1,FALSE
nlgn4a,67,67,1,+,T,A,mismatch,249,716,1,FALSE
nlgn4a,67,67,1,+,T,G,mismatch,250,716,1,FALSE
nlgn4a,67,67,1,+,T,G,mismatch,251,707,1,FALSE
nlgn4a,152,152,1,+,G,A,mismatch,251,707,1,FALSE
nlgn4a,69,69,1,+,C,A,mismatch,252,741,1,FALSE
nlgn4a,69,69,1,+,C,A,mismatch,253,716,1,FALSE
nlgn4a,72,72,1,+,C,A,mismatch,254,707,1,FALSE
nlgn4a,107,107,1,+,T,A,mismatch,254,707,1,FALSE
nlgn4a,72,72,1,+,C,A,mismatch,255,716,1,FALSE
nlgn4a,73,73,1,+,T,A,mismatch,256,711,1,FALSE
nlgn4a,73,73,1,+,T,A,mismatch,257,716,1,FALSE
nlgn4a,73,73,1,+,T,A,mismatch,258,716,1,FALSE
nlgn4a,73,73,1,+,T,C,mismatch,259,732,1,FALSE
nlgn4a,106,106,1,+,T,G,mismatch,259,732,1,FALSE
nlgn4a,73,73,1,+,T,C,mismatch,260,716,1,FALSE
nlgn4a,73,73,1,+,T,C,mismatch,261,716,1,FALSE
nlgn4a,73,73,1,+,T,G,mismatch,262,741,1,FALSE
nlgn4a,73,73,1,+,T,G,mismatch,263,741,1,FALSE
nlgn4a,73,73,1,+,T,G,mismatch,264,741,1,FALSE
nlgn4a,74,74,1,+,T,A,mismatch,265,741,1,FALSE
nlgn4a,74,74,1,+,T,C,mismatch,266,741,1,FALSE
nlgn4a,74,74,1,+,T,C,mismatch,267,716,1,FALSE
nlgn4a,74,74,1,+,T,G,mismatch,268,707,1,FALSE
nlgn4a,143,143,1,+,C,G,mismatch,268,707,1,FALSE
nlgn4a,77,77,1,+,C,A,mismatch,269,741,1,FALSE
nlgn4a,79,79,1,+,T,A,mismatch,270,741,1,FALSE
nlgn4a,79,79,1,+,T,A,mismatch,271,732,1,FALSE
nlgn4a,127,127,1,+,C,G,mismatch,271,732,1,FALSE
nlgn4a,80,80,1,+,G,A,mismatch,272,716,1,FALSE
nlgn4a,80,80,1,+,G,C,mismatch,273,732,1,FALSE
nlgn4a,131,131,1,+,T,C,mismatch,273,732,1,FALSE
nlgn4a,80,80,1,+,G,C,mismatch,274,716,1,FALSE
nlgn4a,80,80,1,+,G,C,mismatch,275,716,1,FALSE
nlgn4a,81,81,1,+,G,A,mismatch,276,732,1,FALSE
nlgn4a,150,150,1,+,T,C,mismatch,276,732,1,FALSE
nlgn4a,81,81,1,+,G,A,mismatch,277,741,1,FALSE
nlgn4a,81,81,1,+,G,C,mismatch,278,716,1,FALSE
nlgn4a,82,82,1,+,T,A,mismatch,279,716,1,FALSE
nlgn4a,82,82,1,+,T,C,mismatch,280,711,1,FALSE
nlgn4a,82,82,1,+,T,C,mismatch,281,707,1,FALSE
nlgn4a,85,85,1,+,A,G,mismatch,281,707,1,FALSE
nlgn4a,82,82,1,+,T,G,mismatch,282,707,1,FALSE
nlgn4a,86,86,1,+,T,C,mismatch,282,707,1,FALSE
nlgn4a,82,82,1,+,T,G,mismatch,283,716,1,FALSE
nlgn4a,82,82,1,+,T,G,mismatch,284,716,1,FALSE
nlgn4a,82,82,1,+,T,G,mismatch,285,732,1,FALSE
nlgn4a,89,89,1,+,G,T,mismatch,285,732,1,FALSE
nlgn4a,83,83,1,+,T,A,mismatch,286,716,1,FALSE
nlgn4a,83,83,1,+,T,C,mismatch,287,716,1,FALSE
nlgn4a,86,86,1,+,T,A,mismatch,288,741,1,FALSE
nlgn4a,86,86,1,+,T,A,mismatch,289,716,1,FALSE
nlgn4a,86,86,1,+,T,C,mismatch,290,741,1,FALSE
nlgn4a,86,86,1,+,T,C,mismatch,291,741,1,FALSE
nlgn4a,86,86,1,+,T,C,mismatch,292,716,1,FALSE
nlgn4a,86,86,1,+,T,G,mismatch,293,732,1,FALSE
nlgn4a,108,108,1,+,T,G,mismatch,293,732,1,FALSE
nlgn4a,87,87,1,+,C,A,mismatch,294,741,1,FALSE
nlgn4a,87,87,1,+,C,A,mismatch,295,716,1,FALSE
nlgn4a,88,88,1,+,C,A,mismatch,296,716,1,FALSE
nlgn4a,89,89,1,+,G,A,mismatch,297,716,1,FALSE
nlgn4a,89,89,1,+,G,C,mismatch,298,741,1,FALSE
nlgn4a,89,89,1,+,G,C,mismatch,299,716,1,FALSE
nlgn4a,90,90,1,+,C,A,mismatch,300,698,1,FALSE
nlgn4a,120,120,1,+,G,C,mismatch,300,698,1,FALSE
nlgn4a,150,150,1,+,T,C,mismatch,300,698,1,FALSE
nlgn4a,90,90,1,+,C,A,mismatch,301,716,1,FALSE
nlgn4a,91,91,1,+,T,A,mismatch,302,716,1,FALSE
nlgn4a,91,91,1,+,T,A,mismatch,303,716,1,FALSE
nlgn4a,91,91,1,+,T,A,mismatch,304,707,1,FALSE
nlgn4a,150,150,1,+,T,G,mismatch,304,707,1,FALSE
nlgn4a,91,91,1,+,T,A,mismatch,305,707,1,FALSE
nlgn4a,156,156,1,+,C,G,mismatch,305,707,1,FALSE
nlgn4a,91,91,1,+,T,C,mismatch,306,707,1,FALSE
nlgn4a,118,118,1,+,T,G,mismatch,306,707,1,FALSE
nlgn4a,91,91,1,+,T,G,mismatch,307,716,1,FALSE
nlgn4a,92,92,1,+,G,A,mismatch,308,707,1,FALSE
nlgn4a,139,139,1,+,T,G,mismatch,308,707,1,FALSE
nlgn4a,92,92,1,+,G,C,mismatch,309,716,1,FALSE
nlgn4a,93,93,1,+,G,A,mismatch,310,716,1,FALSE
nlgn4a,93,93,1,+,G,A,mismatch,311,716,1,FALSE
nlgn4a,93,93,1,+,G,C,mismatch,312,741,1,FALSE
nlgn4a,93,93,1,+,G,C,mismatch,313,716,1,FALSE
nlgn4a,93,93,1,+,G,C,mismatch,314,716,1,FALSE
nlgn4a,93,93,1,+,G,C,mismatch,315,716,1,FALSE
nlgn4a,94,94,1,+,C,A,mismatch,316,741,1,FALSE
nlgn4a,95,95,1,+,T,A,mismatch,317,707,1,FALSE
nlgn4a,149,149,1,+,A,T,mismatch,317,707,1,FALSE
nlgn4a,95,95,1,+,T,C,mismatch,318,716,1,FALSE
nlgn4a,95,95,1,+,T,G,mismatch,319,716,1,FALSE
nlgn4a,97,97,1,+,C,A,mismatch,320,711,1,FALSE
nlgn4a,97,97,1,+,C,A,mismatch,321,741,1,FALSE
nlgn4a,97,97,1,+,C,A,mismatch,322,716,1,FALSE
nlgn4a,97,97,1,+,C,A,mismatch,323,716,1,FALSE
nlgn4a,98,98,1,+,T,A,mismatch,324,707,1,FALSE
nlgn4a,143,143,1,+,C,A,mismatch,324,707,1,FALSE
nlgn4a,98,98,1,+,T,C,mismatch,325,716,1,FALSE
nlgn4a,98,98,1,+,T,G,mismatch,326,741,1,FALSE
nlgn4a,98,98,1,+,T,G,mismatch,327,716,1,FALSE
nlgn4a,99,99,1,+,C,A,mismatch,328,707,1,FALSE
nlgn4a,102,102,1,+,C,A,mismatch,328,707,1,FALSE
nlgn4a,99,99,1,+,C,A,mismatch,329,741,1,FALSE
nlgn4a,99,99,1,+,C,A,mismatch,330,716,1,FALSE
nlgn4a,99,99,1,+,C,A,mismatch,331,716,1,FALSE
nlgn4a,100,100,1,+,T,C,mismatch,332,732,1,FALSE
nlgn4a,133,133,1,+,C,A,mismatch,332,732,1,FALSE
nlgn4a,102,102,1,+,C,A,mismatch,333,716,1,FALSE
nlgn4a,102,102,1,+,C,A,mismatch,334,716,1,FALSE
nlgn4a,102,102,1,+,C,A,mismatch,335,716,1,FALSE
nlgn4a,103,103,1,+,G,A,mismatch,336,716,1,FALSE
nlgn4a,103,103,1,+,G,A,mismatch,337,716,1,FALSE
nlgn4a,103,103,1,+,G,C,mismatch,338,732,1,FALSE
nlgn4a,107,107,1,+,T,A,mismatch,338,732,1,FALSE
nlgn4a,103,103,1,+,G,C,mismatch,339,741,1,FALSE
nlgn4a,103,103,1,+,G,C,mismatch,340,716,1,FALSE
nlgn4a,104,104,1,+,C,A,mismatch,341,741,1,FALSE
nlgn4a,104,104,1,+,C,A,mismatch,342,716,1,FALSE
nlgn4a,104,104,1,+,C,A,mismatch,343,716,1,FALSE
nlgn4a,105,105,1,+,C,A,mismatch,344,702,1,FALSE
nlgn4a,139,139,1,+,T,A,mismatch,344,702,1,FALSE
nlgn4a,106,106,1,+,T,A,mismatch,345,741,1,FALSE
nlgn4a,106,106,1,+,T,A,mismatch,346,716,1,FALSE
nlgn4a,106,106,1,+,T,C,mismatch,347,741,1,FALSE
nlgn4a,106,106,1,+,T,C,mismatch,348,741,1,FALSE
nlgn4a,106,106,1,+,T,G,mismatch,349,741,1,FALSE
nlgn4a,107,107,1,+,T,A,mismatch,350,716,1,FALSE
nlgn4a,107,107,1,+,T,A,mismatch,351,716,1,FALSE
nlgn4a,108,108,1,+,T,G,mismatch,352,741,1,FALSE
nlgn4a,108,108,1,+,T,G,mismatch,353,741,1,FALSE
nlgn4a,109,109,1,+,T,A,mismatch,354,741,1,FALSE
nlgn4a,109,109,1,+,T,A,mismatch,355,741,1,FALSE
nlgn4a,109,109,1,+,T,A,mismatch,356,716,1,FALSE
nlgn4a,109,109,1,+,T,C,mismatch,357,716,1,FALSE
nlgn4a,109,109,1,+,T,G,mismatch,358,741,1,FALSE
nlgn4a,109,109,1,+,T,G,mismatch,359,716,1,FALSE
nlgn4a,109,109,1,+,T,G,mismatch,360,716,1,FALSE
nlgn4a,109,109,1,+,T,G,mismatch,361,716,1,FALSE
nlgn4a,110,110,1,+,T,A,mismatch,362,741,1,FALSE
nlgn4a,110,110,1,+,T,A,mismatch,363,707,1,FALSE
nlgn4a,156,156,1,+,C,G,mismatch,363,707,1,FALSE
nlgn4a,110,110,1,+,T,A,mismatch,364,716,1,FALSE
nlgn4a,110,110,1,+,T,C,mismatch,365,741,1,FALSE
nlgn4a,110,110,1,+,T,C,mismatch,366,716,1,FALSE
nlgn4a,110,110,1,+,T,G,mismatch,367,741,1,FALSE
nlgn4a,110,110,1,+,T,G,mismatch,368,716,1,FALSE
nlgn4a,110,110,1,+,T,G,mismatch,369,716,1,FALSE
nlgn4a,112,112,1,+,C,A,mismatch,370,741,1,FALSE
nlgn4a,112,112,1,+,C,A,mismatch,371,741,1,FALSE
nlgn4a,112,112,1,+,C,A,mismatch,372,716,1,FALSE
nlgn4a,112,112,1,+,C,A,mismatch,373,707,1,FALSE
nlgn4a,154,154,1,+,C,T,mismatch,373,707,1,FALSE
nlgn4a,112,112,1,+,C,A,mismatch,374,716,1,FALSE
nlgn4a,113,113,1,+,C,A,mismatch,375,716,1,FALSE
nlgn4a,113,113,1,+,C,A,mismatch,376,716,1,FALSE
nlgn4a,113,113,1,+,C,A,mismatch,377,716,1,FALSE
nlgn4a,113,113,1,+,C,A,mismatch,378,707,1,FALSE
nlgn4a,140,140,1,+,G,T,mismatch,378,707,1,FALSE
nlgn4a,114,114,1,+,T,A,mismatch,379,741,1,FALSE
nlgn4a,114,114,1,+,T,A,mismatch,380,741,1,FALSE
nlgn4a,114,114,1,+,T,A,mismatch,381,716,1,FALSE
nlgn4a,115,115,1,+,G,A,mismatch,382,716,1,FALSE
nlgn4a,115,115,1,+,G,A,mismatch,383,716,1,FALSE
nlgn4a,115,115,1,+,G,C,mismatch,384,716,1,FALSE
nlgn4a,115,115,1,+,G,C,mismatch,385,707,1,FALSE
nlgn4a,138,138,1,+,C,G,mismatch,385,707,1,FALSE
nlgn4a,116,116,1,+,G,A,mismatch,386,716,1,FALSE
nlgn4a,116,116,1,+,G,A,mismatch,387,741,1,FALSE
nlgn4a,116,116,1,+,G,A,mismatch,388,716,1,FALSE
nlgn4a,116,116,1,+,G,A,mismatch,389,716,1,FALSE
nlgn4a,116,116,1,+,G,A,mismatch,390,716,1,FALSE
nlgn4a,116,116,1,+,G,C,mismatch,391,741,1,FALSE
nlgn4a,116,116,1,+,G,C,mismatch,392,716,1,FALSE
nlgn4a,118,118,1,+,T,A,mismatch,393,716,1,FALSE
nlgn4a,118,118,1,+,T,A,mismatch,394,716,1,FALSE
nlgn4a,118,118,1,+,T,C,mismatch,395,741,1,FALSE
nlgn4a,118,118,1,+,T,C,mismatch,396,741,1,FALSE
nlgn4a,118,118,1,+,T,C,mismatch,397,716,1,FALSE
nlgn4a,118,118,1,+,T,C,mismatch,398,716,1,FALSE
nlgn4a,118,118,1,+,T,G,mismatch,399,741,1,FALSE
nlgn4a,118,118,1,+,T,G,mismatch,400,716,1,FALSE
nlgn4a,118,118,1,+,T,G,mismatch,401,716,1,FALSE
nlgn4a,118,118,1,+,T,G,mismatch,402,716,1,FALSE
nlgn4a,119,119,1,+,T,A,mismatch,403,716,1,FALSE
nlgn4a,119,119,1,+,T,C,mismatch,404,716,1,FALSE
nlgn4a,119,119,1,+,T,C,mismatch,405,716,1,FALSE
nlgn4a,119,119,1,+,T,C,mismatch,406,716,1,FALSE
nlgn4a,119,119,1,+,T,G,mismatch,407,732,1,FALSE
nlgn4a,124,124,1,+,T,C,mismatch,407,732,1,FALSE
nlgn4a,119,119,1,+,T,G,mismatch,408,707,1,FALSE
nlgn4a,153,153,1,+,G,A,mismatch,408,707,1,FALSE
nlgn4a,119,119,1,+,T,G,mismatch,409,716,1,FALSE
nlgn4a,119,119,1,+,T,G,mismatch,410,716,1,FALSE
nlgn4a,119,119,1,+,T,G,mismatch,411,716,1,FALSE
nlgn4a,120,120,1,+,G,A,mismatch,412,741,1,FALSE
nlgn4a,120,120,1,+,G,A,mismatch,413,716,1,FALSE
nlgn4a,120,120,1,+,G,A,mismatch,414,716,1,FALSE
nlgn4a,120,120,1,+,G,A,mismatch,415,716,1,FALSE
nlgn4a,120,120,1,+,G,C,mismatch,416,741,1,FALSE
nlgn4a,121,121,1,+,T,A,mismatch,417,741,1,FALSE
nlgn4a,121,121,1,+,T,A,mismatch,418,741,1,FALSE
nlgn4a,121,121,1,+,T,A,mismatch,419,716,1,FALSE
nlgn4a,121,121,1,+,T,A,mismatch,420,716,1,FALSE
nlgn4a,121,121,1,+,T,A,mismatch,421,711,1,FALSE
nlgn4a,121,121,1,+,T,A,mismatch,422,716,1,FALSE
nlgn4a,121,121,1,+,T,C,mismatch,423,707,1,FALSE
nlgn4a,130,130,1,+,C,A,mismatch,423,707,1,FALSE
nlgn4a,121,121,1,+,T,C,mismatch,424,741,1,FALSE
nlgn4a,121,121,1,+,T,C,mismatch,425,716,1,FALSE
nlgn4a,121,121,1,+,T,C,mismatch,426,716,1,FALSE
nlgn4a,121,121,1,+,T,C,mismatch,427,716,1,FALSE
nlgn4a,121,121,1,+,T,C,mismatch,428,716,1,FALSE
nlgn4a,121,121,1,+,T,G,mismatch,429,716,1,FALSE
nlgn4a,121,121,1,+,T,G,mismatch,430,716,1,FALSE
nlgn4a,122,122,1,+,G,A,mismatch,431,741,1,FALSE
nlgn4a,122,122,1,+,G,A,mismatch,432,741,1,FALSE
nlgn4a,122,122,1,+,G,A,mismatch,433,741,1,FALSE
nlgn4a,122,122,1,+,G,C,mismatch,434,741,1,FALSE
nlgn4a,122,122,1,+,G,C,mismatch,435,716,1,FALSE
nlgn4a,122,122,1,+,G,C,mismatch,436,716,1,FALSE
nlgn4a,122,122,1,+,G,C,mismatch,437,716,1,FALSE
nlgn4a,122,122,1,+,G,C,mismatch,438,716,1,FALSE
nlgn4a,123,123,1,+,C,A,mismatch,439,711,1,FALSE
nlgn4a,123,123,1,+,C,A,mismatch,440,741,1,FALSE
nlgn4a,123,123,1,+,C,A,mismatch,441,716,1,FALSE
nlgn4a,123,123,1,+,C,A,mismatch,442,716,1,FALSE
nlgn4a,124,124,1,+,T,A,mismatch,443,716,1,FALSE
nlgn4a,124,124,1,+,T,A,mismatch,444,716,1,FALSE
nlgn4a,124,124,1,+,T,C,mismatch,445,716,1,FALSE
nlgn4a,124,124,1,+,T,C,mismatch,446,741,1,FALSE
nlgn4a,124,124,1,+,T,C,mismatch,447,741,1,FALSE
nlgn4a,124,124,1,+,T,C,mismatch,448,716,1,FALSE
nlgn4a,124,124,1,+,T,C,mismatch,449,716,1,FALSE
nlgn4a,124,124,1,+,T,G,mismatch,450,716,1,FALSE
nlgn4a,124,124,1,+,T,G,mismatch,451,716,1,FALSE
nlgn4a,125,125,1,+,T,A,mismatch,452,741,1,FALSE
nlgn4a,125,125,1,+,T,A,mismatch,453,716,1,FALSE
nlgn4a,125,125,1,+,T,A,mismatch,454,707,1,FALSE
nlgn4a,147,147,1,+,A,T,mismatch,454,707,1,FALSE
nlgn4a,125,125,1,+,T,A,mismatch,455,716,1,FALSE
nlgn4a,125,125,1,+,T,G,mismatch,456,716,1,FALSE
nlgn4a,126,126,1,+,G,A,mismatch,457,716,1,FALSE
nlgn4a,126,126,1,+,G,A,mismatch,458,716,1,FALSE
nlgn4a,126,126,1,+,G,A,mismatch,459,716,1,FALSE
nlgn4a,126,126,1,+,G,C,mismatch,460,741,1,FALSE
nlgn4a,128,128,1,+,G,A,mismatch,461,716,1,FALSE
nlgn4a,128,128,1,+,G,C,mismatch,462,741,1,FALSE
nlgn4a,128,128,1,+,G,C,mismatch,463,711,1,FALSE
nlgn4a,129,129,1,+,G,A,mismatch,464,741,1,FALSE
nlgn4a,129,129,1,+,G,A,mismatch,465,741,1,FALSE
nlgn4a,129,129,1,+,G,A,mismatch,466,716,1,FALSE
nlgn4a,129,129,1,+,G,C,mismatch,467,741,1,FALSE
nlgn4a,129,129,1,+,G,C,mismatch,468,741,1,FALSE
nlgn4a,129,129,1,+,G,C,mismatch,469,716,1,FALSE
nlgn4a,130,130,1,+,C,A,mismatch,476,741,1,FALSE
nlgn4a,131,131,1,+,T,A,mismatch,477,741,1,FALSE
nlgn4a,131,131,1,+,T,C,mismatch,478,716,1,FALSE
nlgn4a,136,136,1,+,G,C,mismatch,479,711,1,FALSE
nlgn4a,131,131,1,+,T,G,mismatch,485,741,1,FALSE
nlgn4a,131,131,1,+,T,G,mismatch,486,716,1,FALSE
nlgn4a,132,132,1,+,G,A,mismatch,487,741,1,FALSE
nlgn4a,132,132,1,+,G,A,mismatch,488,741,1,FALSE
nlgn4a,132,132,1,+,G,A,mismatch,489,741,1,FALSE
nlgn4a,134,134,1,+,G,A,mismatch,490,741,1,FALSE
nlgn4a,134,134,1,+,G,C,mismatch,491,716,1,FALSE
nlgn4a,134,134,1,+,G,C,mismatch,492,732,1,FALSE
nlgn4a,146,146,1,+,T,C,mismatch,492,732,1,FALSE
nlgn4a,135,135,1,+,T,A,mismatch,493,732,1,FALSE
nlgn4a,150,150,1,+,T,G,mismatch,493,732,1,FALSE
nlgn4a,135,135,1,+,T,A,mismatch,494,741,1,FALSE
nlgn4a,141,141,1,+,G,A,mismatch,495,716,1,FALSE
nlgn4a,141,141,1,+,G,C,mismatch,496,716,1,FALSE
nlgn4a,136,136,1,+,G,A,mismatch,528,741,1,FALSE
nlgn4a,137,137,1,+,G,A,mismatch,529,741,1,FALSE
nlgn4a,137,137,1,+,G,A,mismatch,530,741,1,FALSE
nlgn4a,139,139,1,+,T,C,mismatch,531,741,1,FALSE
nlgn4a,139,139,1,+,T,C,mismatch,532,741,1,FALSE
nlgn4a,139,139,1,+,T,G,mismatch,533,741,1,FALSE
nlgn4a,139,139,1,+,T,G,mismatch,534,741,1,FALSE
nlgn4a,140,140,1,+,G,C,mismatch,535,741,1,FALSE
nlgn4a,140,140,1,+,G,C,mismatch,536,741,1,FALSE
nlgn4a,142,142,1,+,C,A,mismatch,537,741,1,FALSE
nlgn4a,143,143,1,+,C,A,mismatch,538,741,1,FALSE
nlgn4a,145,145,1,+,T,A,mismatch,539,741,1,FALSE
nlgn4a,145,145,1,+,T,A,mismatch,540,741,1,FALSE
nlgn4a,145,145,1,+,T,A,mismatch,541,741,1,FALSE
nlgn4a,145,145,1,+,T,C,mismatch,542,741,1,FALSE
nlgn4a,145,145,1,+,T,C,mismatch,543,741,1,FALSE
nlgn4a,145,145,1,+,T,G,mismatch,544,741,1,FALSE
nlgn4a,146,146,1,+,T,A,mismatch,545,741,1,FALSE
nlgn4a,146,146,1,+,T,C,mismatch,546,741,1,FALSE
nlgn4a,146,146,1,+,T,G,mismatch,547,741,1,FALSE
nlgn4a,148,148,1,+,C,A,mismatch,548,741,1,FALSE
nlgn4a,150,150,1,+,T,C,mismatch,549,741,1,FALSE
nlgn4a,150,150,1,+,T,C,mismatch,550,741,1,FALSE
nlgn4a,150,150,1,+,T,C,mismatch,551,741,1,FALSE
nlgn4a,149,149,1,+,A,G,mismatch,924,741,1,FALSE
nlgn4a,149,149,1,+,A,T,mismatch,925,741,1,FALSE
nlgn4a,148,148,1,+,C,G,mismatch,926,741,1,FALSE
nlgn4a,148,148,1,+,C,T,mismatch,927,741,1,FALSE
nlgn4a,147,147,1,+,A,G,mismatch,928,741,1,FALSE
nlgn4a,147,147,1,+,A,T,mismatch,929,741,1,FALSE
nlgn4a,144,144,1,+,A,T,mismatch,930,741,1,FALSE
nlgn4a,143,143,1,+,C,T,mismatch,931,741,1,FALSE
nlgn4a,142,142,1,+,C,T,mismatch,932,741,1,FALSE
nlgn4a,142,142,1,+,C,T,mismatch,933,741,1,FALSE
nlgn4a,141,141,1,+,G,T,mismatch,934,741,1,FALSE
nlgn4a,138,138,1,+,C,G,mismatch,935,741,1,FALSE
nlgn4a,137,137,1,+,G,T,mismatch,936,741,1,FALSE
nlgn4a,136,136,1,+,G,T,mismatch,937,741,1,FALSE
nlgn4a,136,136,1,+,G,T,mismatch,938,741,1,FALSE
nlgn4a,141,141,1,+,G,C,mismatch,939,716,1,FALSE
nlgn4a,145,145,1,+,T,A,mismatch,940,716,1,FALSE
nlgn4a,145,145,1,+,T,C,mismatch,941,716,1,FALSE
nlgn4a,150,150,1,+,T,G,mismatch,942,716,1,FALSE
nlgn4a,152,152,1,+,G,A,mismatch,943,716,1,FALSE
nlgn4a,153,153,1,+,G,A,mismatch,944,716,1,FALSE
nlgn4a,153,153,1,+,G,A,mismatch,945,716,1,FALSE
nlgn4a,154,154,1,+,C,G,mismatch,1074,716,1,FALSE
nlgn4a,154,154,1,+,C,G,mismatch,1075,716,1,FALSE
nlgn4a,151,151,1,+,G,T,mismatch,1076,716,1,FALSE
nlgn4a,149,149,1,+,A,G,mismatch,1077,716,1,FALSE
nlgn4a,144,144,1,+,A,C,mismatch,1078,716,1,FALSE
nlgn4a,144,144,1,+,A,C,mismatch,1079,716,1,FALSE
nlgn4a,144,144,1,+,A,G,mismatch,1080,716,1,FALSE
nlgn4a,144,144,1,+,A,G,mismatch,1081,716,1,FALSE
nlgn4a,144,144,1,+,A,T,mismatch,1082,716,1,FALSE
nlgn4a,144,144,1,+,A,T,mismatch,1083,716,1,FALSE
nlgn4a,134,134,1,+,G,T,mismatch,1084,741,1,FALSE
nlgn4a,143,143,1,+,C,A,mismatch,1085,716,1,FALSE
nlgn4a,150,150,1,+,T,C,mismatch,1086,716,1,FALSE
nlgn4a,150,150,1,+,T,G,mismatch,1087,716,1,FALSE
nlgn4a,150,150,1,+,T,G,mismatch,1088,716,1,FALSE
nlgn4a,152,152,1,+,G,A,mismatch,1089,716,1,FALSE
nlgn4a,152,152,1,+,G,C,mismatch,1090,716,1,FALSE
nlgn4a,153,153,1,+,G,C,mismatch,1091,716,1,FALSE
nlgn4a,157,157,1,+,A,G,mismatch,1164,716,1,FALSE
nlgn4a,152,152,1,+,G,T,mismatch,1165,716,1,FALSE
nlgn4a,151,151,1,+,G,T,mismatch,1166,716,1,FALSE
nlgn4a,149,149,1,+,A,C,mismatch,1167,716,1,FALSE
nlgn4a,147,147,1,+,A,C,mismatch,1168,716,1,FALSE
nlgn4a,143,143,1,+,C,G,mismatch,1169,716,1,FALSE
nlgn4a,146,146,1,+,T,G,mismatch,1170,716,1,FALSE
nlgn4a,133,133,1,+,C,G,mismatch,1205,741,1,FALSE
nlgn4a,133,133,1,+,C,G,mismatch,1206,741,1,FALSE
nlgn4a,133,133,1,+,C,G,mismatch,1207,741,1,FALSE
nlgn4a,133,133,1,+,C,T,mismatch,1208,716,1,FALSE
nlgn4a,133,133,1,+,C,T,mismatch,1209,741,1,FALSE
nlgn4a,133,133,1,+,C,T,mismatch,1210,741,1,FALSE
nlgn4a,132,132,1,+,G,T,mismatch,1211,741,1,FALSE
nlgn4a,132,132,1,+,G,T,mismatch,1212,716,1,FALSE
nlgn4a,130,130,1,+,C,G,mismatch,1213,741,1,FALSE
nlgn4a,130,130,1,+,C,G,mismatch,1214,741,1,FALSE
nlgn4a,144,144,1,+,A,T,mismatch,1223,711,1,FALSE
nlgn4a,143,143,1,+,C,T,mismatch,1224,711,1,FALSE
nlgn4a,130,130,1,+,C,T,mismatch,1225,741,1,FALSE
nlgn4a,130,130,1,+,C,T,mismatch,1226,741,1,FALSE
nlgn4a,141,141,1,+,G,A,mismatch,1227,716,1,FALSE
nlgn4a,151,151,1,+,G,A,mismatch,1228,716,1,FALSE
nlgn4a,155,155,1,+,T,C,mismatch,1229,716,1,FALSE
nlgn4a,156,156,1,+,C,T,mismatch,1315,716,1,FALSE
nlgn4a,149,149,1,+,A,T,mismatch,1316,716,1,FALSE
nlgn4a,144,144,1,+,A,C,mismatch,1317,716,1,FALSE
nlgn4a,155,155,1,+,T,A,mismatch,1318,716,1,FALSE
nlgn4a,157,157,1,+,A,C,mismatch,1381,716,1,FALSE
nlgn4a,154,154,1,+,C,T,mismatch,1382,716,1,FALSE
nlgn4a,147,147,1,+,A,T,mismatch,1383,716,1,FALSE
nlgn4a,143,143,1,+,C,G,mismatch,1384,716,1,FALSE
nlgn4a,143,143,1,+,C,T,mismatch,1385,716,1,FALSE
nlgn4a,143,143,1,+,C,T,mismatch,1386,716,1,FALSE
nlgn4a,141,141,1,+,G,T,mismatch,1387,716,1,FALSE
nlgn4a,140,140,1,+,G,T,mismatch,1388,716,1,FALSE
nlgn4a,135,135,1,+,T,C,mismatch,1389,716,1,FALSE
nlgn4a,139,139,1,+,T,A,mismatch,1390,716,1,FALSE
nlgn4a,139,139,1,+,T,A,mismatch,1391,716,1,FALSE
nlgn4a,139,139,1,+,T,A,mismatch,1392,716,1,FALSE
nlgn4a,139,139,1,+,T,C,mismatch,1393,716,1,FALSE
nlgn4a,139,139,1,+,T,C,mismatch,1394,716,1,FALSE
nlgn4a,139,139,1,+,T,C,mismatch,1395,716,1,FALSE
nlgn4a,142,142,1,+,C,A,mismatch,1396,716,1,FALSE
nlgn4a,145,145,1,+,T,A,mismatch,1397,716,1,FALSE
nlgn4a,146,146,1,+,T,C,mismatch,1398,716,1,FALSE
nlgn4a,146,146,1,+,T,G,mismatch,1399,716,1,FALSE
nlgn4a,150,150,1,+,T,C,mismatch,1400,716,1,FALSE
nlgn4a,151,151,1,+,G,C,mismatch,1401,716,1,FALSE
nlgn4a,153,153,1,+,G,A,mismatch,1402,716,1,FALSE
nlgn4a,155,155,1,+,T,A,mismatch,1403,716,1,FALSE
nlgn4a,155,155,1,+,T,C,mismatch,1404,716,1,FALSE
nlgn4a,155,155,1,+,T,C,mismatch,1405,716,1,FALSE
nlgn4a,155,155,1,+,T,G,mismatch,1406,716,1,FALSE
nlgn4a,152,152,1,+,G,T,mismatch,1592,716,1,FALSE
nlgn4a,151,151,1,+,G,T,mismatch,1593,716,1,FALSE
nlgn4a,147,147,1,+,A,T,mismatch,1594,716,1,FALSE
nlgn4a,144,144,1,+,A,C,mismatch,1595,716,1,FALSE
nlgn4a,144,144,1,+,A,G,mismatch,1596,716,1,FALSE
nlgn4a,142,142,1,+,C,T,mismatch,1597,716,1,FALSE
nlgn4a,136,136,1,+,G,T,mismatch,1598,716,1,FALSE
nlgn4a,136,136,1,+,G,T,mismatch,1599,716,1,FALSE
nlgn4a,134,134,1,+,G,T,mismatch,1600,707,1,FALSE
nlgn4a,145,145,1,+,T,C,mismatch,1600,707,1,FALSE
nlgn4a,127,127,1,+,C,G,mismatch,1601,732,1,FALSE
nlgn4a,138,138,1,+,C,T,mismatch,1601,732,1,FALSE
nlgn4a,127,127,1,+,C,G,mismatch,1602,716,1,FALSE
nlgn4a,127,127,1,+,C,G,mismatch,1603,716,1,FALSE
nlgn4a,127,127,1,+,C,G,mismatch,1604,716,1,FALSE
nlgn4a,127,127,1,+,C,G,mismatch,1605,716,1,FALSE
nlgn4a,127,127,1,+,C,G,mismatch,1606,716,1,FALSE
nlgn4a,133,133,1,+,C,T,mismatch,1607,716,1,FALSE
nlgn4a,136,136,1,+,G,C,mismatch,1608,716,1,FALSE
nlgn4a,138,138,1,+,C,A,mismatch,1609,716,1,FALSE
nlgn4a,140,140,1,+,G,C,mismatch,1610,716,1,FALSE
nlgn4a,127,127,1,+,C,T,mismatch,1611,741,1,FALSE
nlgn4a,142,142,1,+,C,A,mismatch,1612,716,1,FALSE
nlgn4a,150,150,1,+,T,A,mismatch,1613,716,1,FALSE
nlgn4a,158,158,1,+,G,C,mismatch,1614,716,1,FALSE
nlgn4a,157,157,1,+,A,C,mismatch,1647,716,1,FALSE
nlgn4a,157,157,1,+,A,T,mismatch,1648,716,1,FALSE
nlgn4a,142,142,1,+,C,T,mismatch,1649,716,1,FALSE
nlgn4a,137,137,1,+,G,T,mismatch,1650,716,1,FALSE
nlgn4a,136,136,1,+,G,T,mismatch,1651,716,1,FALSE
nlgn4a,127,127,1,+,C,T,mismatch,1652,716,1,FALSE
nlgn4a,136,136,1,+,G,A,mismatch,1653,716,1,FALSE
nlgn4a,126,126,1,+,G,T,mismatch,1654,716,1,FALSE
nlgn4a,126,126,1,+,G,T,mismatch,1655,741,1,FALSE
nlgn4a,126,126,1,+,G,T,mismatch,1656,716,1,FALSE
nlgn4a,137,137,1,+,G,C,mismatch,1657,716,1,FALSE
nlgn4a,141,141,1,+,G,A,mismatch,1658,716,1,FALSE
nlgn4a,141,141,1,+,G,C,mismatch,1659,716,1,FALSE
nlgn4a,143,143,1,+,C,A,mismatch,1660,716,1,FALSE
nlgn4a,145,145,1,+,T,A,mismatch,1661,716,1,FALSE
nlgn4a,145,145,1,+,T,A,mismatch,1662,716,1,FALSE
nlgn4a,146,146,1,+,T,C,mismatch,1663,716,1,FALSE
nlgn4a,146,146,1,+,T,C,mismatch,1664,716,1,FALSE
nlgn4a,148,148,1,+,C,A,mismatch,1665,716,1,FALSE
nlgn4a,148,148,1,+,C,A,mismatch,1666,716,1,FALSE
nlgn4a,150,150,1,+,T,C,mismatch,1667,716,1,FALSE
nlgn4a,151,151,1,+,G,A,mismatch,1668,716,1,FALSE
nlgn4a,151,151,1,+,G,A,mismatch,1669,716,1,FALSE
nlgn4a,152,152,1,+,G,A,mismatch,1670,716,1,FALSE
nlgn4a,152,152,1,+,G,A,mismatch,1671,716,1,FALSE
nlgn4a,153,153,1,+,G,C,mismatch,1672,716,1,FALSE
nlgn4a,155,155,1,+,T,C,mismatch,1673,716,1,FALSE
nlgn4a,155,155,1,+,T,G,mismatch,1674,716,1,FALSE
nlgn4a,156,156,1,+,C,A,mismatch,1675,716,1,FALSE
nlgn4a,156,156,1,+,C,A,mismatch,1676,716,1,FALSE
nlgn4a,159,159,1,+,C,A,mismatch,1677,716,1,FALSE
nlgn4a,159,159,1,+,C,G,mismatch,1942,716,1,FALSE
nlgn4a,159,159,1,+,C,G,mismatch,1943,716,1,FALSE
nlgn4a,157,157,1,+,A,T,mismatch,1944,716,1,FALSE
nlgn4a,156,156,1,+,C,T,mismatch,1945,716,1,FALSE
nlgn4a,153,153,1,+,G,T,mismatch,1946,716,1,FALSE
nlgn4a,151,151,1,+,G,T,mismatch,1947,716,1,FALSE
nlgn4a,149,149,1,+,A,G,mismatch,1948,716,1,FALSE
nlgn4a,148,148,1,+,C,T,mismatch,1949,716,1,FALSE
nlgn4a,147,147,1,+,A,C,mismatch,1950,716,1,FALSE
nlgn4a,147,147,1,+,A,G,mismatch,1951,716,1,FALSE
nlgn4a,147,147,1,+,A,T,mismatch,1952,716,1,FALSE
nlgn4a,141,141,1,+,G,T,mismatch,1953,716,1,FALSE
nlgn4a,140,140,1,+,G,T,mismatch,1954,716,1,FALSE
nlgn4a,136,136,1,+,G,T,mismatch,1955,716,1,FALSE
nlgn4a,123,123,1,+,C,G,mismatch,1956,741,1,FALSE
nlgn4a,123,123,1,+,C,G,mismatch,1957,741,1,FALSE
nlgn4a,123,123,1,+,C,G,mismatch,1958,716,1,FALSE
nlgn4a,123,123,1,+,C,G,mismatch,1959,716,1,FALSE
nlgn4a,123,123,1,+,C,G,mismatch,1960,716,1,FALSE
nlgn4a,123,123,1,+,C,T,mismatch,1961,716,1,FALSE
nlgn4a,123,123,1,+,C,T,mismatch,1962,716,1,FALSE
nlgn4a,122,122,1,+,G,T,mismatch,1963,716,1,FALSE
nlgn4a,122,122,1,+,G,T,mismatch,1964,716,1,FALSE
nlgn4a,122,122,1,+,G,T,mismatch,1965,716,1,FALSE
nlgn4a,122,122,1,+,G,T,mismatch,1966,716,1,FALSE
nlgn4a,122,122,1,+,G,T,mismatch,1967,716,1,FALSE
nlgn4a,117,117,1,+,A,G,mismatch,1968,741,1,FALSE
nlgn4a,117,117,1,+,A,G,mismatch,1969,716,1,FALSE
nlgn4a,116,116,1,+,G,T,mismatch,1970,707,1,FALSE
nlgn4a,119,119,1,+,T,G,mismatch,1970,707,1,FALSE
nlgn4a,116,116,1,+,G,T,mismatch,1971,741,1,FALSE
nlgn4a,116,116,1,+,G,T,mismatch,1972,716,1,FALSE
nlgn4a,115,115,1,+,G,T,mismatch,1973,716,1,FALSE
nlgn4a,115,115,1,+,G,T,mismatch,1974,716,1,FALSE
nlgn4a,115,115,1,+,G,T,mismatch,1975,716,1,FALSE
nlgn4a,113,113,1,+,C,G,mismatch,1976,716,1,FALSE
nlgn4a,113,113,1,+,C,T,mismatch,1977,716,1,FALSE
nlgn4a,113,113,1,+,C,T,mismatch,1978,716,1,FALSE
nlgn4a,113,113,1,+,C,T,mismatch,1979,716,1,FALSE
nlgn4a,112,112,1,+,C,G,mismatch,1980,716,1,FALSE
nlgn4a,112,112,1,+,C,G,mismatch,1981,716,1,FALSE
nlgn4a,112,112,1,+,C,G,mismatch,1982,716,1,FALSE
nlgn4a,112,112,1,+,C,T,mismatch,1983,741,1,FALSE
nlgn4a,112,112,1,+,C,T,mismatch,1984,716,1,FALSE
nlgn4a,112,112,1,+,C,T,mismatch,1985,716,1,FALSE
nlgn4a,111,111,1,+,A,C,mismatch,1986,741,1,FALSE
nlgn4a,111,111,1,+,A,C,mismatch,1987,716,1,FALSE
nlgn4a,111,111,1,+,A,G,mismatch,1988,716,1,FALSE
nlgn4a,111,111,1,+,A,G,mismatch,1989,716,1,FALSE
nlgn4a,111,111,1,+,A,T,mismatch,1990,716,1,FALSE
nlgn4a,111,111,1,+,A,T,mismatch,1991,707,1,FALSE
nlgn4a,153,153,1,+,G,C,mismatch,1991,707,1,FALSE
nlgn4a,105,105,1,+,C,G,mismatch,1992,716,1,FALSE
nlgn4a,105,105,1,+,C,G,mismatch,1993,732,1,FALSE
nlgn4a,136,136,1,+,G,A,mismatch,1993,732,1,FALSE
nlgn4a,105,105,1,+,C,G,mismatch,1994,741,1,FALSE
nlgn4a,105,105,1,+,C,T,mismatch,1995,741,1,FALSE
nlgn4a,105,105,1,+,C,T,mismatch,1996,716,1,FALSE
nlgn4a,104,104,1,+,C,G,mismatch,1997,707,1,FALSE
nlgn4a,158,158,1,+,G,T,mismatch,1997,707,1,FALSE
nlgn4a,104,104,1,+,C,T,mismatch,1998,716,1,FALSE
nlgn4a,104,104,1,+,C,T,mismatch,1999,716,1,FALSE
nlgn4a,103,103,1,+,G,T,mismatch,2000,707,1,FALSE
nlgn4a,121,121,1,+,T,A,mismatch,2000,707,1,FALSE
nlgn4a,102,102,1,+,C,G,mismatch,2001,741,1,FALSE
nlgn4a,102,102,1,+,C,T,mismatch,2002,741,1,FALSE
nlgn4a,102,102,1,+,C,T,mismatch,2003,716,1,FALSE
nlgn4a,102,102,1,+,C,T,mismatch,2004,716,1,FALSE
nlgn4a,101,101,1,+,A,G,mismatch,2005,741,1,FALSE
nlgn4a,101,101,1,+,A,G,mismatch,2006,716,1,FALSE
nlgn4a,101,101,1,+,A,G,mismatch,2007,716,1,FALSE
nlgn4a,101,101,1,+,A,T,mismatch,2008,716,1,FALSE
nlgn4a,101,101,1,+,A,T,mismatch,2009,716,1,FALSE
nlgn4a,101,101,1,+,A,T,mismatch,2010,716,1,FALSE
nlgn4a,99,99,1,+,C,G,mismatch,2011,741,1,FALSE
nlgn4a,99,99,1,+,C,G,mismatch,2012,716,1,FALSE
nlgn4a,97,97,1,+,C,T,mismatch,2013,741,1,FALSE
nlgn4a,97,97,1,+,C,T,mismatch,2014,716,1,FALSE
nlgn4a,96,96,1,+,A,C,mismatch,2015,716,1,FALSE
nlgn4a,96,96,1,+,A,C,mismatch,2016,716,1,FALSE
nlgn4a,96,96,1,+,A,C,mismatch,2017,716,1,FALSE
nlgn4a,96,96,1,+,A,C,mismatch,2018,707,1,FALSE
nlgn4a,122,122,1,+,G,T,mismatch,2018,707,1,FALSE
nlgn4a,96,96,1,+,A,G,mismatch,2019,716,1,FALSE
nlgn4a,96,96,1,+,A,G,mismatch,2020,716,1,FALSE
nlgn4a,96,96,1,+,A,G,mismatch,2021,707,1,FALSE
nlgn4a,153,153,1,+,G,A,mismatch,2021,707,1,FALSE
nlgn4a,96,96,1,+,A,T,mismatch,2022,716,1,FALSE
nlgn4a,94,94,1,+,C,G,mismatch,2023,741,1,FALSE
nlgn4a,94,94,1,+,C,T,mismatch,2024,732,1,FALSE
nlgn4a,132,132,1,+,G,A,mismatch,2024,732,1,FALSE
nlgn4a,94,94,1,+,C,T,mismatch,2025,741,1,FALSE
nlgn4a,94,94,1,+,C,T,mismatch,2026,716,1,FALSE
nlgn4a,93,93,1,+,G,T,mismatch,2027,732,1,FALSE
nlgn4a,140,140,1,+,G,A,mismatch,2027,732,1,FALSE
nlgn4a,93,93,1,+,G,T,mismatch,2028,716,1,FALSE
nlgn4a,92,92,1,+,G,T,mismatch,2029,732,1,FALSE
nlgn4a,135,135,1,+,T,G,mismatch,2029,732,1,FALSE
nlgn4a,92,92,1,+,G,T,mismatch,2030,716,1,FALSE
nlgn4a,90,90,1,+,C,G,mismatch,2031,707,1,FALSE
nlgn4a,110,110,1,+,T,C,mismatch,2031,707,1,FALSE
nlgn4a,90,90,1,+,C,T,mismatch,2032,716,1,FALSE
nlgn4a,90,90,1,+,C,T,mismatch,2033,741,1,FALSE
nlgn4a,90,90,1,+,C,T,mismatch,2034,716,1,FALSE
nlgn4a,89,89,1,+,G,T,mismatch,2035,716,1,FALSE
nlgn4a,88,88,1,+,C,G,mismatch,2036,707,1,FALSE
nlgn4a,114,114,1,+,T,G,mismatch,2036,707,1,FALSE
nlgn4a,88,88,1,+,C,G,mismatch,2037,741,1,FALSE
nlgn4a,88,88,1,+,C,G,mismatch,2038,716,1,FALSE
nlgn4a,88,88,1,+,C,G,mismatch,2039,716,1,FALSE
nlgn4a,88,88,1,+,C,G,mismatch,2040,716,1,FALSE
nlgn4a,88,88,1,+,C,T,mismatch,2041,741,1,FALSE
nlgn4a,88,88,1,+,C,T,mismatch,2042,716,1,FALSE
nlgn4a,88,88,1,+,C,T,mismatch,2043,716,1,FALSE
nlgn4a,87,87,1,+,C,G,mismatch,2044,711,1,FALSE
nlgn4a,87,87,1,+,C,G,mismatch,2045,741,1,FALSE
nlgn4a,87,87,1,+,C,G,mismatch,2046,716,1,FALSE
nlgn4a,87,87,1,+,C,G,mismatch,2047,716,1,FALSE
nlgn4a,87,87,1,+,C,T,mismatch,2048,716,1,FALSE
nlgn4a,85,85,1,+,A,C,mismatch,2049,741,1,FALSE
nlgn4a,85,85,1,+,A,C,mismatch,2050,716,1,FALSE
nlgn4a,85,85,1,+,A,C,mismatch,2051,716,1,FALSE
nlgn4a,85,85,1,+,A,T,mismatch,2052,716,1,FALSE
nlgn4a,85,85,1,+,A,T,mismatch,2053,707,1,FALSE
nlgn4a,137,137,1,+,G,T,mismatch,2053,707,1,FALSE
nlgn4a,84,84,1,+,C,G,mismatch,2054,716,1,FALSE
nlgn4a,84,84,1,+,C,G,mismatch,2055,716,1,FALSE
nlgn4a,84,84,1,+,C,G,mismatch,2056,716,1,FALSE
nlgn4a,84,84,1,+,C,T,mismatch,2057,741,1,FALSE
nlgn4a,81,81,1,+,G,T,mismatch,2058,732,1,FALSE
nlgn4a,118,118,1,+,T,A,mismatch,2058,732,1,FALSE
nlgn4a,81,81,1,+,G,T,mismatch,2059,732,1,FALSE
nlgn4a,135,135,1,+,T,G,mismatch,2059,732,1,FALSE
nlgn4a,80,80,1,+,G,T,mismatch,2060,741,1,FALSE
nlgn4a,80,80,1,+,G,T,mismatch,2061,716,1,FALSE
nlgn4a,78,78,1,+,A,G,mismatch,2062,723,1,FALSE
nlgn4a,139,139,1,+,T,A,mismatch,2062,723,1,FALSE
nlgn4a,150,150,1,+,T,A,mismatch,2062,723,1,FALSE
nlgn4a,78,78,1,+,A,G,mismatch,2063,741,1,FALSE
nlgn4a,78,78,1,+,A,T,mismatch,2064,741,1,FALSE
nlgn4a,78,78,1,+,A,T,mismatch,2065,716,1,FALSE
nlgn4a,78,78,1,+,A,T,mismatch,2066,716,1,FALSE
nlgn4a,77,77,1,+,C,G,mismatch,2067,716,1,FALSE
nlgn4a,77,77,1,+,C,G,mismatch,2068,716,1,FALSE
nlgn4a,77,77,1,+,C,T,mismatch,2069,741,1,FALSE
nlgn4a,77,77,1,+,C,T,mismatch,2070,741,1,FALSE
nlgn4a,77,77,1,+,C,T,mismatch,2071,716,1,FALSE
nlgn4a,76,76,1,+,C,G,mismatch,2072,741,1,FALSE
nlgn4a,75,75,1,+,A,C,mismatch,2073,741,1,FALSE
nlgn4a,75,75,1,+,A,C,mismatch,2074,716,1,FALSE
nlgn4a,75,75,1,+,A,C,mismatch,2075,716,1,FALSE
nlgn4a,75,75,1,+,A,G,mismatch,2076,716,1,FALSE
nlgn4a,75,75,1,+,A,G,mismatch,2077,716,1,FALSE
nlgn4a,75,75,1,+,A,G,mismatch,2078,716,1,FALSE
nlgn4a,75,75,1,+,A,G,mismatch,2079,707,1,FALSE
nlgn4a,153,153,1,+,G,A,mismatch,2079,707,1,FALSE
nlgn4a,72,72,1,+,C,G,mismatch,2080,716,1,FALSE
nlgn4a,72,72,1,+,C,G,mismatch,2081,716,1,FALSE
nlgn4a,72,72,1,+,C,T,mismatch,2082,741,1,FALSE
nlgn4a,71,71,1,+,A,C,mismatch,2083,716,1,FALSE
nlgn4a,71,71,1,+,A,C,mismatch,2084,716,1,FALSE
nlgn4a,71,71,1,+,A,C,mismatch,2085,716,1,FALSE
nlgn4a,71,71,1,+,A,G,mismatch,2086,716,1,FALSE
nlgn4a,71,71,1,+,A,T,mismatch,2087,741,1,FALSE
nlgn4a,70,70,1,+,C,G,mismatch,2088,711,1,FALSE
nlgn4a,70,70,1,+,C,G,mismatch,2089,716,1,FALSE
nlgn4a,70,70,1,+,C,T,mismatch,2090,741,1,FALSE
nlgn4a,69,69,1,+,C,T,mismatch,2091,741,1,FALSE
nlgn4a,69,69,1,+,C,T,mismatch,2092,716,1,FALSE
nlgn4a,68,68,1,+,A,T,mismatch,2093,741,1,FALSE
nlgn4a,66,66,1,+,A,C,mismatch,2094,707,1,FALSE
nlgn4a,118,118,1,+,T,C,mismatch,2094,707,1,FALSE
nlgn4a,66,66,1,+,A,C,mismatch,2095,741,1,FALSE
nlgn4a,66,66,1,+,A,G,mismatch,2096,741,1,FALSE
nlgn4a,66,66,1,+,A,G,mismatch,2097,716,1,FALSE
nlgn4a,66,66,1,+,A,G,mismatch,2098,716,1,FALSE
nlgn4a,66,66,1,+,A,T,mismatch,2099,716,1,FALSE
nlgn4a,65,65,1,+,G,T,mismatch,2100,741,1,FALSE
nlgn4a,62,62,1,+,A,G,mismatch,2101,741,1,FALSE
nlgn4a,62,62,1,+,A,G,mismatch,2102,741,1,FALSE
nlgn4a,62,62,1,+,A,T,mismatch,2103,741,1,FALSE
nlgn4a,62,62,1,+,A,T,mismatch,2104,716,1,FALSE
nlgn4a,61,61,1,+,C,G,mismatch,2105,716,1,FALSE
nlgn4a,61,61,1,+,C,G,mismatch,2106,716,1,FALSE
nlgn4a,61,61,1,+,C,T,mismatch,2107,716,1,FALSE
nlgn4a,60,60,1,+,C,G,mismatch,2108,741,1,FALSE
nlgn4a,60,60,1,+,C,G,mismatch,2109,716,1,FALSE
nlgn4a,60,60,1,+,C,T,mismatch,2110,732,1,FALSE
nlgn4a,137,137,1,+,G,T,mismatch,2110,732,1,FALSE
nlgn4a,60,60,1,+,C,T,mismatch,2111,702,1,FALSE
nlgn4a,102,102,1,+,C,G,mismatch,2111,702,1,FALSE
nlgn4a,59,59,1,+,C,G,mismatch,2112,711,1,FALSE
nlgn4a,59,59,1,+,C,G,mismatch,2113,716,1,FALSE
nlgn4a,59,59,1,+,C,G,mismatch,2114,716,1,FALSE
nlgn4a,59,59,1,+,C,G,mismatch,2115,716,1,FALSE
nlgn4a,59,59,1,+,C,G,mismatch,2116,716,1,FALSE
nlgn4a,59,59,1,+,C,G,mismatch,2117,716,1,FALSE
nlgn4a,59,59,1,+,C,T,mismatch,2118,707,1,FALSE
nlgn4a,82,82,1,+,T,C,mismatch,2118,707,1,FALSE
nlgn4a,58,58,1,+,C,G,mismatch,2119,716,1,FALSE
nlgn4a,58,58,1,+,C,T,mismatch,2120,732,1,FALSE
nlgn4a,122,122,1,+,G,A,mismatch,2120,732,1,FALSE
nlgn4a,57,57,1,+,A,C,mismatch,2121,716,1,FALSE
nlgn4a,57,57,1,+,A,C,mismatch,2122,716,1,FALSE
nlgn4a,57,57,1,+,A,C,mismatch,2123,716,1,FALSE
nlgn4a,57,57,1,+,A,C,mismatch,2124,716,1,FALSE
nlgn4a,57,57,1,+,A,G,mismatch,2125,732,1,FALSE
nlgn4a,143,143,1,+,C,A,mismatch,2125,732,1,FALSE
nlgn4a,57,57,1,+,A,G,mismatch,2126,741,1,FALSE
nlgn4a,57,57,1,+,A,G,mismatch,2127,716,1,FALSE
nlgn4a,57,57,1,+,A,G,mismatch,2128,716,1,FALSE
nlgn4a,57,57,1,+,A,G,mismatch,2129,716,1,FALSE
nlgn4a,56,56,1,+,A,C,mismatch,2130,707,1,FALSE
nlgn4a,63,63,1,+,T,A,mismatch,2130,707,1,FALSE
nlgn4a,56,56,1,+,A,C,mismatch,2131,741,1,FALSE
nlgn4a,56,56,1,+,A,T,mismatch,2132,716,1,FALSE
nlgn4a,56,56,1,+,A,T,mismatch,2133,716,1,FALSE
nlgn4a,55,55,1,+,G,T,mismatch,2134,741,1,FALSE
nlgn4a,55,55,1,+,G,T,mismatch,2135,716,1,FALSE
nlgn4a,55,55,1,+,G,T,mismatch,2136,716,1,FALSE
nlgn4a,53,53,1,+,A,C,mismatch,2137,741,1,FALSE
nlgn4a,53,53,1,+,A,C,mismatch,2138,732,1,FALSE
nlgn4a,65,65,1,+,G,T,mismatch,2138,732,1,FALSE
nlgn4a,53,53,1,+,A,G,mismatch,2139,741,1,FALSE
nlgn4a,53,53,1,+,A,G,mismatch,2140,741,1,FALSE
nlgn4a,53,53,1,+,A,G,mismatch,2141,716,1,FALSE
nlgn4a,52,52,1,+,G,T,mismatch,2142,741,1,FALSE
nlgn4a,52,52,1,+,G,T,mismatch,2143,716,1,FALSE
nlgn4a,51,51,1,+,A,C,mismatch,2144,741,1,FALSE
nlgn4a,51,51,1,+,A,C,mismatch,2145,716,1,FALSE
nlgn4a,51,51,1,+,A,T,mismatch,2146,716,1,FALSE
nlgn4a,51,51,1,+,A,T,mismatch,2147,716,1,FALSE
nlgn4a,50,50,1,+,C,G,mismatch,2148,741,1,FALSE
nlgn4a,50,50,1,+,C,G,mismatch,2149,716,1,FALSE
nlgn4a,50,50,1,+,C,G,mismatch,2150,716,1,FALSE
nlgn4a,48,48,1,+,C,G,mismatch,2151,741,1,FALSE
nlgn4a,48,48,1,+,C,T,mismatch,2152,741,1,FALSE
nlgn4a,48,48,1,+,C,T,mismatch,2153,716,1,FALSE
nlgn4a,47,47,1,+,G,T,mismatch,2154,741,1,FALSE
nlgn4a,47,47,1,+,G,T,mismatch,2155,716,1,FALSE
nlgn4a,46,46,1,+,G,T,mismatch,2156,732,1,FALSE
nlgn4a,92,92,1,+,G,A,mismatch,2156,732,1,FALSE
nlgn4a,46,46,1,+,G,T,mismatch,2157,716,1,FALSE
nlgn4a,45,45,1,+,C,G,mismatch,2158,741,1,FALSE
nlgn4a,45,45,1,+,C,T,mismatch,2159,707,1,FALSE
nlgn4a,54,54,1,+,G,A,mismatch,2159,707,1,FALSE
nlgn4a,45,45,1,+,C,T,mismatch,2160,716,1,FALSE
nlgn4a,44,44,1,+,A,C,mismatch,2161,707,1,FALSE
nlgn4a,109,109,1,+,T,G,mismatch,2161,707,1,FALSE
nlgn4a,44,44,1,+,A,G,mismatch,2162,711,1,FALSE
nlgn4a,44,44,1,+,A,T,mismatch,2163,716,1,FALSE
nlgn4a,44,44,1,+,A,T,mismatch,2164,716,1,FALSE
nlgn4a,41,41,1,+,G,T,mismatch,2165,732,1,FALSE
nlgn4a,107,107,1,+,T,C,mismatch,2165,732,1,FALSE
nlgn4a,38,38,1,+,C,G,mismatch,2166,716,1,FALSE
nlgn4a,38,38,1,+,C,T,mismatch,2167,716,1,FALSE
nlgn4a,37,37,1,+,C,G,mismatch,2168,741,1,FALSE
nlgn4a,37,37,1,+,C,G,mismatch,2169,741,1,FALSE
nlgn4a,36,36,1,+,A,C,mismatch,2170,723,1,FALSE
nlgn4a,82,82,1,+,T,C,mismatch,2170,723,1,FALSE
nlgn4a,132,132,1,+,G,A,mismatch,2170,723,1,FALSE
nlgn4a,35,35,1,+,G,T,mismatch,2171,741,1,FALSE
nlgn4a,32,32,1,+,C,G,mismatch,2172,741,1,FALSE
nlgn4a,32,32,1,+,C,T,mismatch,2173,741,1,FALSE
nlgn4a,31,31,1,+,G,T,mismatch,2174,741,1,FALSE
nlgn4a,31,31,1,+,G,T,mismatch,2175,716,1,FALSE
nlgn4a,30,30,1,+,A,C,mismatch,2176,741,1,FALSE
nlgn4a,30,30,1,+,A,T,mismatch,2177,716,1,FALSE
nlgn4a,29,29,1,+,C,T,mismatch,2178,741,1,FALSE
nlgn4a,29,29,1,+,C,T,mismatch,2179,707,1,FALSE
nlgn4a,127,127,1,+,C,G,mismatch,2179,707,1,FALSE
nlgn4a,28,28,1,+,G,T,mismatch,2180,716,1,FALSE
nlgn4a,27,27,1,+,C,G,mismatch,2181,716,1,FALSE
nlgn4a,26,26,1,+,C,G,mismatch,2182,716,1,FALSE
nlgn4a,26,26,1,+,C,T,mismatch,2183,732,1,FALSE
nlgn4a,136,136,1,+,G,T,mismatch,2183,732,1,FALSE
nlgn4a,25,25,1,+,A,C,mismatch,2184,741,1,FALSE
nlgn4a,25,25,1,+,A,T,mismatch,2185,716,1,FALSE
nlgn4a,24,24,1,+,A,G,mismatch,2186,741,1,FALSE
nlgn4a,24,24,1,+,A,G,mismatch,2187,716,1,FALSE
nlgn4a,24,24,1,+,A,T,mismatch,2188,716,1,FALSE
nlgn4a,23,23,1,+,C,T,mismatch,2189,707,1,FALSE
nlgn4a,111,111,1,+,A,C,mismatch,2189,707,1,FALSE
nlgn4a,21,21,1,+,G,T,mismatch,2190,732,1,FALSE
nlgn4a,95,95,1,+,T,A,mismatch,2190,732,1,FALSE
nlgn4a,21,21,1,+,G,T,mismatch,2191,741,1,FALSE
nlgn4a,94,94,1,+,C,T,mismatch,2192,732,1,FALSE
nlgn4a,32,32,1,+,C,T,mismatch,2194,707,1,FALSE
nlgn4a,146,146,1,+,T,G,mismatch,2200,707,1,FALSE
nlgn4a,115,115,1,+,G,A,mismatch,2205,707,1,FALSE
nlgn4a,141,141,1,+,G,T,mismatch,2210,698,1,FALSE
nlgn4a,151,151,1,+,G,C,mismatch,2210,698,1,FALSE
nlgn4a,54,54,1,+,G,C,mismatch,2213,707,1,FALSE
nlgn4a,32,32,1,+,C,A,mismatch,2215,707,1,FALSE
nlgn4a,147,147,1,+,A,C,mismatch,2217,707,1,FALSE
nlgn4a,129,129,1,+,G,C,mismatch,2221,732,1,FALSE
nlgn4a,116,116,1,+,G,T,mismatch,2222,707,1,FALSE
nlgn4a,96,96,1,+,A,T,mismatch,2224,707,1,FALSE
nlgn4a,81,81,1,+,G,A,mismatch,2225,707,1,FALSE
nlgn4a,137,137,1,+,G,A,mismatch,2229,707,1,FALSE
nlgn4a,108,108,1,+,T,C,mismatch,2231,707,1,FALSE
nlgn4a,130,130,1,-,"",A,insertion,11,720,7,FALSE
nlgn4a,130,130,1,-,"",T,insertion,13,720,5,FALSE
nlgn4a,131,131,1,-,"",C,insertion,42,720,2,FALSE
nlgn4a,130,130,1,-,"",A,insertion,169,711,1,FALSE
nlgn4a,130,130,1,-,"",A,insertion,256,720,1,FALSE
nlgn4a,130,130,1,-,"",A,insertion,280,720,1,FALSE
nlgn4a,131,131,1,-,"",C,insertion,320,711,1,FALSE
nlgn4a,130,130,1,-,"",T,insertion,344,702,1,FALSE
nlgn4a,130,130,1,-,"",T,insertion,421,720,1,FALSE
nlgn4a,130,130,1,-,"",A,insertion,439,711,1,FALSE
nlgn4a,130,130,1,-,"",T,insertion,463,702,1,FALSE
nlgn4a,130,130,1,-,"",A,insertion,470,711,1,FALSE
nlgn4a,130,130,1,-,"",A,insertion,471,702,1,FALSE
nlgn4a,130,130,1,-,"",A,insertion,472,711,1,FALSE
nlgn4a,130,130,1,-,"",A,insertion,473,702,1,FALSE
nlgn4a,130,130,1,-,"",A,insertion,474,693,1,FALSE
nlgn4a,130,130,1,-,"",A,insertion,475,693,1,FALSE
nlgn4a,131,131,1,-,"",C,insertion,479,711,1,FALSE
nlgn4a,131,131,1,-,"",C,insertion,480,702,1,FALSE
nlgn4a,131,131,1,-,"",C,insertion,481,711,1,FALSE
nlgn4a,131,131,1,-,"",C,insertion,482,693,1,FALSE
nlgn4a,131,131,1,-,"",C,insertion,483,702,1,FALSE
nlgn4a,131,131,1,-,"",C,insertion,484,702,1,FALSE
nlgn4a,130,130,1,-,"",T,insertion,1215,702,1,FALSE
nlgn4a,130,130,1,-,"",T,insertion,1216,711,1,FALSE
nlgn4a,130,130,1,-,"",T,insertion,1217,702,1,FALSE
nlgn4a,130,130,1,-,"",T,insertion,1218,693,1,FALSE
nlgn4a,130,130,1,-,"",T,insertion,1219,702,1,FALSE
nlgn4a,130,130,1,-,"",T,insertion,1220,711,1,FALSE
nlgn4a,130,130,1,-,"",T,insertion,1221,702,1,FALSE
nlgn4a,130,130,1,-,"",T,insertion,1222,711,1,FALSE
nlgn4a,130,130,1,-,"",T,insertion,1223,711,1,FALSE
nlgn4a,130,130,1,-,"",T,insertion,1224,711,1,FALSE
nlgn4a,131,131,1,-,"",C,insertion,2044,711,1,FALSE
nlgn4a,130,130,1,-,"",A,insertion,2088,720,1,FALSE
nlgn4a,130,130,1,-,"",T,insertion,2111,720,1,FALSE
nlgn4a,130,130,1,-,"",A,insertion,2112,702,1,FALSE
nlgn4a,130,130,1,-,"",A,insertion,2162,693,1,FALSE
nlgn4a,130,130,1,-,"",T,insertion,2203,684,1,FALSE
nlgn4a,126,134,9,-,"","",deletion,2,725,117,FALSE
nlgn4a,127,131,5,-,"","",deletion,3,725,80,FALSE
nlgn4a,134,138,5,-,"","",deletion,4,725,57,FALSE
nlgn4a,129,134,6,-,"","",deletion,5,725,38,FALSE
nlgn4a,128,134,7,-,"","",deletion,6,725,33,FALSE
nlgn4a,133,140,8,-,"","",deletion,7,725,31,FALSE
nlgn4a,127,134,8,-,"","",deletion,8,725,13,FALSE
nlgn4a,133,136,4,-,"","",deletion,9,725,12,FALSE
nlgn4a,135,137,3,-,"","",deletion,10,725,11,FALSE
nlgn4a,126,134,9,-,"","",deletion,16,725,3,FALSE
nlgn4a,134,138,5,-,"","",deletion,32,716,3,FALSE
nlgn4a,134,138,5,-,"","",deletion,33,716,3,FALSE
nlgn4a,127,131,5,-,"","",deletion,34,716,3,FALSE
nlgn4a,126,134,9,-,"","",deletion,35,716,3,FALSE
nlgn4a,126,134,9,-,"","",deletion,36,716,3,FALSE
nlgn4a,126,134,9,-,"","",deletion,37,716,3,FALSE
nlgn4a,126,134,9,-,"","",deletion,38,725,2,FALSE
nlgn4a,126,134,9,-,"","",deletion,39,725,2,FALSE
nlgn4a,134,138,5,-,"","",deletion,78,716,2,FALSE
nlgn4a,134,138,5,-,"","",deletion,79,716,2,FALSE
nlgn4a,134,138,5,-,"","",deletion,80,716,2,FALSE
nlgn4a,134,138,5,-,"","",deletion,81,716,2,FALSE
nlgn4a,134,138,5,-,"","",deletion,82,716,2,FALSE
nlgn4a,133,140,8,-,"","",deletion,83,716,2,FALSE
nlgn4a,133,140,8,-,"","",deletion,84,716,2,FALSE
nlgn4a,133,140,8,-,"","",deletion,85,716,2,FALSE
nlgn4a,133,136,4,-,"","",deletion,86,716,2,FALSE
nlgn4a,129,134,6,-,"","",deletion,87,725,2,FALSE
nlgn4a,129,134,6,-,"","",deletion,88,716,2,FALSE
nlgn4a,129,134,6,-,"","",deletion,89,716,2,FALSE
nlgn4a,128,134,7,-,"","",deletion,90,716,2,FALSE
nlgn4a,127,131,5,-,"","",deletion,91,725,2,FALSE
nlgn4a,127,131,5,-,"","",deletion,92,716,2,FALSE
nlgn4a,127,131,5,-,"","",deletion,93,716,2,FALSE
nlgn4a,127,131,5,-,"","",deletion,94,716,2,FALSE
nlgn4a,127,131,5,-,"","",deletion,95,716,2,FALSE
nlgn4a,127,131,5,-,"","",deletion,96,716,2,FALSE
nlgn4a,127,131,5,-,"","",deletion,97,716,2,FALSE
nlgn4a,127,131,5,-,"","",deletion,98,716,2,FALSE
nlgn4a,127,131,5,-,"","",deletion,99,716,2,FALSE
nlgn4a,127,131,5,-,"","",deletion,100,716,2,FALSE
nlgn4a,127,131,5,-,"","",deletion,101,716,2,FALSE
nlgn4a,127,131,5,-,"","",deletion,102,716,2,FALSE
nlgn4a,127,131,5,-,"","",deletion,103,716,2,FALSE
nlgn4a,127,131,5,-,"","",deletion,104,725,2,FALSE
nlgn4a,127,134,8,-,"","",deletion,105,716,2,FALSE
nlgn4a,126,134,9,-,"","",deletion,106,725,2,FALSE
nlgn4a,126,134,9,-,"","",deletion,107,716,2,FALSE
nlgn4a,126,134,9,-,"","",deletion,108,716,2,FALSE
nlgn4a,126,134,9,-,"","",deletion,109,716,2,FALSE
nlgn4a,126,134,9,-,"","",deletion,110,716,2,FALSE
nlgn4a,126,134,9,-,"","",deletion,111,716,2,FALSE
nlgn4a,126,134,9,-,"","",deletion,112,716,2,FALSE
nlgn4a,126,134,9,-,"","",deletion,113,716,2,FALSE
nlgn4a,126,134,9,-,"","",deletion,114,716,2,FALSE
nlgn4a,126,134,9,-,"","",deletion,115,716,2,FALSE
nlgn4a,126,134,9,-,"","",deletion,116,716,2,FALSE
nlgn4a,126,134,9,-,"","",deletion,117,716,2,FALSE
nlgn4a,126,134,9,-,"","",deletion,118,716,2,FALSE
nlgn4a,126,134,9,-,"","",deletion,119,716,2,FALSE
nlgn4a,126,134,9,-,"","",deletion,120,716,2,FALSE
nlgn4a,126,134,9,-,"","",deletion,121,716,2,FALSE
nlgn4a,126,134,9,-,"","",deletion,122,716,2,FALSE
nlgn4a,126,134,9,-,"","",deletion,123,716,2,FALSE
nlgn4a,126,134,9,-,"","",deletion,124,716,2,FALSE
nlgn4a,126,134,9,-,"","",deletion,125,716,2,FALSE
nlgn4a,126,134,9,-,"","",deletion,126,716,2,FALSE
nlgn4a,126,134,9,-,"","",deletion,127,716,2,FALSE
nlgn4a,126,134,9,-,"","",deletion,128,716,2,FALSE
nlgn4a,126,134,9,-,"","",deletion,129,716,2,FALSE
nlgn4a,126,134,9,-,"","",deletion,130,716,2,FALSE
nlgn4a,127,134,8,-,"","",deletion,134,725,1,FALSE
nlgn4a,126,134,9,-,"","",deletion,135,698,1,FALSE
nlgn4a,134,138,5,-,"","",deletion,136,725,1,FALSE
nlgn4a,129,134,6,-,"","",deletion,137,725,1,FALSE
nlgn4a,127,131,5,-,"","",deletion,139,716,1,FALSE
nlgn4a,134,138,5,-,"","",deletion,141,716,1,FALSE
nlgn4a,127,131,5,-,"","",deletion,142,698,1,FALSE
nlgn4a,133,140,8,-,"","",deletion,143,707,1,FALSE
nlgn4a,126,134,9,-,"","",deletion,144,725,1,FALSE
nlgn4a,135,137,3,-,"","",deletion,145,707,1,FALSE
nlgn4a,134,138,5,-,"","",deletion,149,689,1,FALSE
nlgn4a,128,134,7,-,"","",deletion,151,698,1,FALSE
nlgn4a,126,134,9,-,"","",deletion,152,716,1,FALSE
nlgn4a,129,134,6,-,"","",deletion,153,725,1,FALSE
nlgn4a,127,131,5,-,"","",deletion,154,725,1,FALSE
nlgn4a,126,134,9,-,"","",deletion,155,716,1,FALSE
nlgn4a,127,131,5,-,"","",deletion,156,716,1,FALSE
nlgn4a,135,137,3,-,"","",deletion,159,707,1,FALSE
nlgn4a,126,134,9,-,"","",deletion,160,716,1,FALSE
nlgn4a,126,134,9,-,"","",deletion,162,725,1,FALSE
nlgn4a,127,131,5,-,"","",deletion,163,725,1,FALSE
nlgn4a,129,134,6,-,"","",deletion,165,725,1,FALSE
nlgn4a,127,131,5,-,"","",deletion,167,716,1,FALSE
nlgn4a,126,134,9,-,"","",deletion,168,698,1,FALSE
nlgn4a,134,138,5,-,"","",deletion,171,716,1,FALSE
nlgn4a,128,134,7,-,"","",deletion,172,716,1,FALSE
nlgn4a,134,138,5,-,"","",deletion,173,716,1,FALSE
nlgn4a,128,134,7,-,"","",deletion,176,725,1,FALSE
nlgn4a,126,134,9,-,"","",deletion,177,707,1,FALSE
nlgn4a,126,134,9,-,"","",deletion,178,716,1,FALSE
nlgn4a,134,138,5,-,"","",deletion,180,725,1,FALSE
nlgn4a,133,140,8,-,"","",deletion,182,725,1,FALSE
nlgn4a,126,134,9,-,"","",deletion,183,698,1,FALSE
nlgn4a,127,131,5,-,"","",deletion,184,725,1,FALSE
nlgn4a,129,134,6,-,"","",deletion,188,725,1,FALSE
nlgn4a,133,140,8,-,"","",deletion,189,716,1,FALSE
nlgn4a,127,131,5,-,"","",deletion,190,716,1,FALSE
nlgn4a,126,134,9,-,"","",deletion,191,725,1,FALSE
nlgn4a,127,131,5,-,"","",deletion,193,725,1,FALSE
nlgn4a,135,137,3,-,"","",deletion,194,725,1,FALSE
nlgn4a,127,131,5,-,"","",deletion,196,707,1,FALSE
nlgn4a,134,138,5,-,"","",deletion,197,707,1,FALSE
nlgn4a,126,134,9,-,"","",deletion,200,707,1,FALSE
nlgn4a,129,134,6,-,"","",deletion,202,725,1,FALSE
nlgn4a,127,131,5,-,"","",deletion,203,707,1,FALSE
nlgn4a,126,134,9,-,"","",deletion,204,716,1,FALSE
nlgn4a,134,138,5,-,"","",deletion,209,725,1,FALSE
nlgn4a,133,140,8,-,"","",deletion,211,725,1,FALSE
nlgn4a,129,134,6,-,"","",deletion,214,725,1,FALSE
nlgn4a,135,137,3,-,"","",deletion,215,716,1,FALSE
nlgn4a,127,131,5,-,"","",deletion,216,716,1,FALSE
nlgn4a,126,134,9,-,"","",deletion,217,698,1,FALSE
nlgn4a,129,134,6,-,"","",deletion,219,716,1,FALSE
nlgn4a,133,140,8,-,"","",deletion,222,716,1,FALSE
nlgn4a,126,134,9,-,"","",deletion,223,716,1,FALSE
nlgn4a,127,131,5,-,"","",deletion,224,716,1,FALSE
nlgn4a,126,134,9,-,"","",deletion,225,725,1,FALSE
nlgn4a,126,134,9,-,"","",deletion,226,716,1,FALSE
nlgn4a,137,141,5,-,"","",deletion,227,698,1,FALSE
nlgn4a,127,135,9,-,"","",deletion,231,716,1,FALSE
nlgn4a,134,138,5,-,"","",deletion,232,707,1,FALSE
nlgn4a,126,134,9,-,"","",deletion,234,716,1,FALSE
nlgn4a,127,131,5,-,"","",deletion,235,707,1,FALSE
nlgn4a,126,134,9,-,"","",deletion,236,716,1,FALSE
nlgn4a,133,136,4,-,"","",deletion,237,716,1,FALSE
nlgn4a,126,134,9,-,"","",deletion,238,725,1,FALSE
nlgn4a,135,137,3,-,"","",deletion,239,725,1,FALSE
nlgn4a,127,131,5,-,"","",deletion,241,716,1,FALSE
nlgn4a,127,131,5,-,"","",deletion,242,725,1,FALSE
nlgn4a,137,141,5,-,"","",deletion,244,707,1,FALSE
nlgn4a,128,134,7,-,"","",deletion,245,725,1,FALSE
nlgn4a,126,134,9,-,"","",deletion,246,725,1,FALSE
nlgn4a,126,134,9,-,"","",deletion,247,725,1,FALSE
nlgn4a,127,131,5,-,"","",deletion,248,725,1,FALSE
nlgn4a,127,134,8,-,"","",deletion,249,725,1,FALSE
nlgn4a,129,134,6,-,"","",deletion,250,716,1,FALSE
nlgn4a,127,134,8,-,"","",deletion,251,716,1,FALSE
nlgn4a,127,131,5,-,"","",deletion,253,725,1,FALSE
nlgn4a,126,134,9,-,"","",deletion,254,716,1,FALSE
nlgn4a,126,134,9,-,"","",deletion,255,707,1,FALSE
nlgn4a,133,136,4,-,"","",deletion,257,725,1,FALSE
nlgn4a,127,134,8,-,"","",deletion,258,707,1,FALSE
nlgn4a,129,134,6,-,"","",deletion,260,716,1,FALSE
nlgn4a,128,134,7,-,"","",deletion,261,716,1,FALSE
nlgn4a,126,134,9,-,"","",deletion,267,716,1,FALSE
nlgn4a,134,138,5,-,"","",deletion,268,716,1,FALSE
nlgn4a,126,134,9,-,"","",deletion,272,707,1,FALSE
nlgn4a,127,131,5,-,"","",deletion,274,716,1,FALSE
nlgn4a,126,134,9,-,"","",deletion,275,725,1,FALSE
nlgn4a,126,134,9,-,"","",deletion,278,716,1,FALSE
nlgn4a,126,134,9,-,"","",deletion,279,698,1,FALSE
nlgn4a,127,131,5,-,"","",deletion,281,698,1,FALSE
nlgn4a,133,140,8,-,"","",deletion,282,725,1,FALSE
nlgn4a,135,137,3,-,"","",deletion,283,725,1,FALSE
nlgn4a,129,134,6,-,"","",deletion,284,725,1,FALSE
nlgn4a,135,137,3,-,"","",deletion,286,725,1,FALSE
nlgn4a,127,135,9,-,"","",deletion,287,707,1,FALSE
nlgn4a,129,134,6,-,"","",deletion,289,725,1,FALSE
nlgn4a,128,134,7,-,"","",deletion,292,716,1,FALSE
nlgn4a,128,134,7,-,"","",deletion,295,716,1,FALSE
nlgn4a,131,136,6,-,"","",deletion,296,707,1,FALSE
nlgn4a,133,140,8,-,"","",deletion,297,725,1,FALSE
nlgn4a,126,134,9,-,"","",deletion,299,707,1,FALSE
nlgn4a,134,138,5,-,"","",deletion,300,725,1,FALSE
nlgn4a,126,134,9,-,"","",deletion,301,716,1,FALSE
nlgn4a,135,137,3,-,"","",deletion,302,716,1,FALSE
nlgn4a,134,138,5,-,"","",deletion,303,725,1,FALSE
nlgn4a,127,131,5,-,"","",deletion,304,707,1,FALSE
nlgn4a,126,134,9,-,"","",deletion,305,707,1,FALSE
nlgn4a,126,134,9,-,"","",deletion,306,725,1,FALSE
nlgn4a,126,134,9,-,"","",deletion,307,716,1,FALSE
nlgn4a,128,134,7,-,"","",deletion,308,716,1,FALSE
nlgn4a,133,140,8,-,"","",deletion,309,707,1,FALSE
nlgn4a,129,134,6,-,"","",deletion,310,725,1,FALSE
nlgn4a,127,131,5,-,"","",deletion,311,716,1,FALSE
nlgn4a,134,138,5,-,"","",deletion,313,707,1,FALSE
nlgn4a,127,131,5,-,"","",deletion,314,725,1,FALSE
nlgn4a,126,134,9,-,"","",deletion,315,716,1,FALSE
nlgn4a,126,134,9,-,"","",deletion,317,698,1,FALSE
nlgn4a,126,134,9,-,"","",deletion,318,707,1,FALSE
nlgn4a,126,134,9,-,"","",deletion,319,707,1,FALSE
nlgn4a,129,134,6,-,"","",deletion,322,725,1,FALSE
nlgn4a,128,134,7,-,"","",deletion,323,725,1,FALSE
nlgn4a,127,131,5,-,"","",deletion,324,716,1,FALSE
nlgn4a,127,134,8,-,"","",deletion,325,716,1,FALSE
nlgn4a,127,134,8,-,"","",deletion,327,707,1,FALSE
nlgn4a,127,131,5,-,"","",deletion,328,716,1,FALSE
nlgn4a,128,134,7,-,"","",deletion,330,707,1,FALSE
nlgn4a,127,134,8,-,"","",deletion,331,698,1,FALSE
nlgn4a,133,140,8,-,"","",deletion,333,725,1,FALSE
nlgn4a,126,134,9,-,"","",deletion,334,716,1,FALSE
nlgn4a,126,134,9,-,"","",deletion,335,707,1,FALSE
nlgn4a,129,134,6,-,"","",deletion,336,725,1,FALSE
nlgn4a,127,131,5,-,"","",deletion,337,716,1,FALSE
nlgn4a,127,134,8,-,"","",deletion,340,707,1,FALSE
nlgn4a,127,131,5,-,"","",deletion,342,698,1,FALSE
nlgn4a,127,131,5,-,"","",deletion,343,707,1,FALSE
nlgn4a,126,134,9,-,"","",deletion,346,716,1,FALSE
nlgn4a,127,131,5,-,"","",deletion,350,707,1,FALSE
nlgn4a,127,134,8,-,"","",deletion,351,725,1,FALSE
nlgn4a,126,134,9,-,"","",deletion,356,716,1,FALSE
nlgn4a,126,134,9,-,"","",deletion,357,716,1,FALSE
nlgn4a,133,140,8,-,"","",deletion,359,725,1,FALSE
nlgn4a,129,134,6,-,"","",deletion,360,707,1,FALSE
nlgn4a,127,131,5,-,"","",deletion,361,707,1,FALSE
nlgn4a,133,140,8,-,"","",deletion,363,716,1,FALSE
nlgn4a,126,134,9,-,"","",deletion,364,716,1,FALSE
nlgn4a,126,134,9,-,"","",deletion,366,707,1,FALSE
nlgn4a,134,138,5,-,"","",deletion,368,707,1,FALSE
nlgn4a,126,134,9,-,"","",deletion,369,725,1,FALSE
nlgn4a,133,136,4,-,"","",deletion,372,698,1,FALSE
nlgn4a,129,134,6,-,"","",deletion,373,716,1,FALSE
nlgn4a,128,134,7,-,"","",deletion,374,725,1,FALSE
nlgn4a,134,138,5,-,"","",deletion,375,716,1,FALSE
nlgn4a,133,136,4,-,"","",deletion,376,725,1,FALSE
nlgn4a,126,134,9,-,"","",deletion,377,689,1,FALSE
nlgn4a,126,134,9,-,"","",deletion,378,716,1,FALSE
nlgn4a,126,134,9,-,"","",deletion,381,716,1,FALSE
nlgn4a,134,138,5,-,"","",deletion,382,725,1,FALSE
nlgn4a,127,134,8,-,"","",deletion,383,716,1,FALSE
nlgn4a,133,136,4,-,"","",deletion,384,716,1,FALSE
nlgn4a,127,134,8,-,"","",deletion,385,707,1,FALSE
nlgn4a,135,137,3,-,"","",deletion,386,725,1,FALSE
nlgn4a,134,138,5,-,"","",deletion,388,707,1,FALSE
nlgn4a,126,134,9,-,"","",deletion,389,707,1,FALSE
nlgn4a,126,134,9,-,"","",deletion,390,716,1,FALSE
nlgn4a,126,134,9,-,"","",deletion,392,698,1,FALSE
nlgn4a,129,134,6,-,"","",deletion,393,716,1,FALSE
nlgn4a,126,134,9,-,"","",deletion,394,725,1,FALSE
nlgn4a,126,134,9,-,"","",deletion,397,716,1,FALSE
nlgn4a,126,134,9,-,"","",deletion,398,725,1,FALSE
nlgn4a,134,138,5,-,"","",deletion,400,725,1,FALSE
nlgn4a,127,131,5,-,"","",deletion,401,716,1,FALSE
nlgn4a,127,134,8,-,"","",deletion,402,716,1,FALSE
nlgn4a,129,134,6,-,"","",deletion,403,716,1,FALSE
nlgn4a,133,140,8,-,"","",deletion,404,725,1,FALSE
nlgn4a,126,134,9,-,"","",deletion,405,716,1,FALSE
nlgn4a,126,134,9,-,"","",deletion,406,725,1,FALSE
nlgn4a,133,136,4,-,"","",deletion,408,707,1,FALSE
nlgn4a,129,134,6,-,"","",deletion,409,707,1,FALSE
nlgn4a,127,131,5,-,"","",deletion,410,716,1,FALSE
nlgn4a,126,134,9,-,"","",deletion,411,707,1,FALSE
nlgn4a,133,140,8,-,"","",deletion,413,716,1,FALSE
nlgn4a,127,134,8,-,"","",deletion,414,716,1,FALSE
nlgn4a,129,137,9,-,"","",deletion,415,707,1,FALSE
nlgn4a,134,138,5,-,"","",deletion,419,707,1,FALSE
nlgn4a,133,136,4,-,"","",deletion,420,725,1,FALSE
nlgn4a,126,134,9,-,"","",deletion,422,689,1,FALSE
nlgn4a,134,138,5,-,"","",deletion,423,707,1,FALSE
nlgn4a,134,138,5,-,"","",deletion,425,716,1,FALSE
nlgn4a,126,134,9,-,"","",deletion,426,725,1,FALSE
nlgn4a,126,134,9,-,"","",deletion,427,707,1,FALSE
nlgn4a,126,134,9,-,"","",deletion,428,716,1,FALSE
nlgn4a,133,140,8,-,"","",deletion,429,716,1,FALSE
nlgn4a,127,131,5,-,"","",deletion,430,716,1,FALSE
nlgn4a,134,138,5,-,"","",deletion,435,716,1,FALSE
nlgn4a,128,134,7,-,"","",deletion,436,707,1,FALSE
nlgn4a,128,134,7,-,"","",deletion,437,698,1,FALSE
nlgn4a,126,134,9,-,"","",deletion,438,725,1,FALSE
nlgn4a,127,131,5,-,"","",deletion,441,716,1,FALSE
nlgn4a,126,134,9,-,"","",deletion,442,716,1,FALSE
nlgn4a,134,138,5,-,"","",deletion,443,725,1,FALSE
nlgn4a,133,140,8,-,"","",deletion,444,716,1,FALSE
nlgn4a,135,137,3,-,"","",deletion,445,716,1,FALSE
nlgn4a,133,140,8,-,"","",deletion,448,725,1,FALSE
nlgn4a,126,134,9,-,"","",deletion,449,725,1,FALSE
nlgn4a,134,138,5,-,"","",deletion,450,725,1,FALSE
nlgn4a,126,134,9,-,"","",deletion,451,725,1,FALSE
nlgn4a,127,131,5,-,"","",deletion,453,725,1,FALSE
nlgn4a,127,131,5,-,"","",deletion,454,716,1,FALSE
nlgn4a,126,134,9,-,"","",deletion,455,716,1,FALSE
nlgn4a,127,131,5,-,"","",deletion,456,725,1,FALSE
nlgn4a,128,134,7,-,"","",deletion,457,716,1,FALSE
nlgn4a,127,131,5,-,"","",deletion,458,716,1,FALSE
nlgn4a,126,134,9,-,"","",deletion,459,707,1,FALSE
nlgn4a,134,138,5,-,"","",deletion,461,716,1,FALSE
nlgn4a,134,138,5,-,"","",deletion,466,716,1,FALSE
nlgn4a,134,138,5,-,"","",deletion,469,716,1,FALSE
nlgn4a,133,140,8,-,"","",deletion,478,716,1,FALSE
nlgn4a,133,140,8,-,"","",deletion,486,725,1,FALSE
nlgn4a,134,138,5,-,"","",deletion,491,716,1,FALSE
nlgn4a,135,137,3,-,"","",deletion,495,707,1,FALSE
nlgn4a,135,137,3,-,"","",deletion,496,725,1,FALSE
nlgn4a,135,137,3,-,"","",deletion,497,698,1,FALSE
nlgn4a,135,137,3,-,"","",deletion,498,707,1,FALSE
nlgn4a,135,137,3,-,"","",deletion,499,707,1,FALSE
nlgn4a,135,137,3,-,"","",deletion,500,698,1,FALSE
nlgn4a,135,137,3,-,"","",deletion,501,716,1,FALSE
nlgn4a,135,137,3,-,"","",deletion,502,698,1,FALSE
nlgn4a,135,137,3,-,"","",deletion,503,707,1,FALSE
nlgn4a,135,137,3,-,"","",deletion,504,716,1,FALSE
nlgn4a,135,137,3,-,"","",deletion,505,716,1,FALSE
nlgn4a,135,137,3,-,"","",deletion,506,698,1,FALSE
nlgn4a,136,138,3,-,"","",deletion,507,725,1,FALSE
nlgn4a,135,137,3,-,"","",deletion,508,716,1,FALSE
nlgn4a,135,137,3,-,"","",deletion,509,707,1,FALSE
nlgn4a,135,137,3,-,"","",deletion,510,716,1,FALSE
nlgn4a,135,137,3,-,"","",deletion,511,716,1,FALSE
nlgn4a,135,137,3,-,"","",deletion,512,716,1,FALSE
nlgn4a,135,137,3,-,"","",deletion,513,716,1,FALSE
nlgn4a,135,137,3,-,"","",deletion,514,716,1,FALSE
nlgn4a,135,137,3,-,"","",deletion,515,707,1,FALSE
nlgn4a,135,137,3,-,"","",deletion,516,716,1,FALSE
nlgn4a,135,137,3,-,"","",deletion,517,716,1,FALSE
nlgn4a,135,137,3,-,"","",deletion,518,716,1,FALSE
nlgn4a,135,137,3,-,"","",deletion,519,716,1,FALSE
nlgn4a,135,137,3,-,"","",deletion,520,716,1,FALSE
nlgn4a,135,137,3,-,"","",deletion,521,707,1,FALSE
nlgn4a,135,137,3,-,"","",deletion,522,689,1,FALSE
nlgn4a,135,137,3,-,"","",deletion,523,707,1,FALSE
nlgn4a,135,137,3,-,"","",deletion,524,698,1,FALSE
nlgn4a,135,137,3,-,"","",deletion,525,707,1,FALSE
nlgn4a,135,137,3,-,"","",deletion,526,707,1,FALSE
nlgn4a,135,137,3,-,"","",deletion,527,707,1,FALSE
nlgn4a,159,159,1,-,"","",deletion,679,725,1,FALSE
nlgn4a,137,141,5,-,"","",deletion,939,716,1,FALSE
nlgn4a,134,138,5,-,"","",deletion,940,725,1,FALSE
nlgn4a,134,138,5,-,"","",deletion,941,716,1,FALSE
nlgn4a,134,138,5,-,"","",deletion,942,716,1,FALSE
nlgn4a,134,138,5,-,"","",deletion,943,716,1,FALSE
nlgn4a,134,138,5,-,"","",deletion,944,707,1,FALSE
nlgn4a,134,138,5,-,"","",deletion,945,725,1,FALSE
nlgn4a,134,138,5,-,"","",deletion,946,707,1,FALSE
nlgn4a,134,138,5,-,"","",deletion,947,707,1,FALSE
nlgn4a,134,138,5,-,"","",deletion,948,689,1,FALSE
nlgn4a,134,138,5,-,"","",deletion,949,698,1,FALSE
nlgn4a,134,138,5,-,"","",deletion,950,698,1,FALSE
nlgn4a,134,138,5,-,"","",deletion,951,707,1,FALSE
nlgn4a,134,138,5,-,"","",deletion,952,707,1,FALSE
nlgn4a,134,138,5,-,"","",deletion,953,707,1,FALSE
nlgn4a,134,138,5,-,"","",deletion,954,680,1,FALSE
nlgn4a,134,138,5,-,"","",deletion,955,716,1,FALSE
nlgn4a,134,138,5,-,"","",deletion,956,698,1,FALSE
nlgn4a,134,138,5,-,"","",deletion,957,707,1,FALSE
nlgn4a,134,138,5,-,"","",deletion,958,716,1,FALSE
nlgn4a,134,138,5,-,"","",deletion,959,707,1,FALSE
nlgn4a,134,138,5,-,"","",deletion,960,707,1,FALSE
nlgn4a,134,138,5,-,"","",deletion,961,716,1,FALSE
nlgn4a,134,138,5,-,"","",deletion,962,716,1,FALSE
nlgn4a,134,138,5,-,"","",deletion,963,716,1,FALSE
nlgn4a,134,138,5,-,"","",deletion,964,716,1,FALSE
nlgn4a,134,138,5,-,"","",deletion,965,716,1,FALSE
nlgn4a,134,138,5,-,"","",deletion,966,707,1,FALSE
nlgn4a,134,138,5,-,"","",deletion,967,689,1,FALSE
nlgn4a,134,138,5,-,"","",deletion,968,698,1,FALSE
nlgn4a,134,138,5,-,"","",deletion,969,716,1,FALSE
nlgn4a,134,138,5,-,"","",deletion,970,716,1,FALSE
nlgn4a,134,138,5,-,"","",deletion,971,716,1,FALSE
nlgn4a,134,138,5,-,"","",deletion,972,698,1,FALSE
nlgn4a,134,138,5,-,"","",deletion,973,716,1,FALSE
nlgn4a,134,138,5,-,"","",deletion,974,707,1,FALSE
nlgn4a,134,138,5,-,"","",deletion,975,716,1,FALSE
nlgn4a,134,138,5,-,"","",deletion,976,707,1,FALSE
nlgn4a,134,138,5,-,"","",deletion,977,716,1,FALSE
nlgn4a,134,138,5,-,"","",deletion,978,707,1,FALSE
nlgn4a,134,138,5,-,"","",deletion,979,698,1,FALSE
nlgn4a,134,138,5,-,"","",deletion,980,716,1,FALSE
nlgn4a,134,138,5,-,"","",deletion,981,707,1,FALSE
nlgn4a,134,138,5,-,"","",deletion,982,689,1,FALSE
nlgn4a,131,135,5,-,"","",deletion,983,716,1,FALSE
nlgn4a,134,138,5,-,"","",deletion,984,716,1,FALSE
nlgn4a,134,138,5,-,"","",deletion,985,707,1,FALSE
nlgn4a,134,138,5,-,"","",deletion,986,716,1,FALSE
nlgn4a,134,138,5,-,"","",deletion,987,707,1,FALSE
nlgn4a,134,138,5,-,"","",deletion,988,716,1,FALSE
nlgn4a,134,138,5,-,"","",deletion,989,716,1,FALSE
nlgn4a,134,138,5,-,"","",deletion,990,716,1,FALSE
nlgn4a,134,138,5,-,"","",deletion,991,716,1,FALSE
nlgn4a,134,138,5,-,"","",deletion,992,716,1,FALSE
nlgn4a,134,138,5,-,"","",deletion,993,716,1,FALSE
nlgn4a,134,138,5,-,"","",deletion,994,716,1,FALSE
nlgn4a,134,138,5,-,"","",deletion,995,716,1,FALSE
nlgn4a,134,138,5,-,"","",deletion,996,716,1,FALSE
nlgn4a,134,138,5,-,"","",deletion,997,716,1,FALSE
nlgn4a,134,138,5,-,"","",deletion,998,716,1,FALSE
nlgn4a,134,138,5,-,"","",deletion,999,707,1,FALSE
nlgn4a,134,138,5,-,"","",deletion,1000,707,1,FALSE
nlgn4a,134,138,5,-,"","",deletion,1001,716,1,FALSE
nlgn4a,134,138,5,-,"","",deletion,1002,716,1,FALSE
nlgn4a,134,138,5,-,"","",deletion,1003,716,1,FALSE
nlgn4a,134,138,5,-,"","",deletion,1004,716,1,FALSE
nlgn4a,134,138,5,-,"","",deletion,1005,707,1,FALSE
nlgn4a,134,138,5,-,"","",deletion,1006,716,1,FALSE
nlgn4a,134,138,5,-,"","",deletion,1007,716,1,FALSE
nlgn4a,134,138,5,-,"","",deletion,1008,716,1,FALSE
nlgn4a,134,138,5,-,"","",deletion,1009,716,1,FALSE
nlgn4a,134,138,5,-,"","",deletion,1010,716,1,FALSE
nlgn4a,134,138,5,-,"","",deletion,1011,707,1,FALSE
nlgn4a,134,138,5,-,"","",deletion,1012,716,1,FALSE
nlgn4a,134,138,5,-,"","",deletion,1013,707,1,FALSE
nlgn4a,134,138,5,-,"","",deletion,1014,716,1,FALSE
nlgn4a,134,138,5,-,"","",deletion,1015,716,1,FALSE
nlgn4a,134,138,5,-,"","",deletion,1016,716,1,FALSE
nlgn4a,134,138,5,-,"","",deletion,1017,698,1,FALSE
nlgn4a,134,138,5,-,"","",deletion,1018,716,1,FALSE
nlgn4a,134,138,5,-,"","",deletion,1019,716,1,FALSE
nlgn4a,134,138,5,-,"","",deletion,1020,716,1,FALSE
nlgn4a,134,138,5,-,"","",deletion,1021,716,1,FALSE
nlgn4a,134,138,5,-,"","",deletion,1022,716,1,FALSE
nlgn4a,134,138,5,-,"","",deletion,1023,707,1,FALSE
nlgn4a,134,138,5,-,"","",deletion,1024,716,1,FALSE
nlgn4a,134,138,5,-,"","",deletion,1025,716,1,FALSE
nlgn4a,134,138,5,-,"","",deletion,1026,716,1,FALSE
nlgn4a,134,138,5,-,"","",deletion,1027,698,1,FALSE
nlgn4a,134,138,5,-,"","",deletion,1028,698,1,FALSE
nlgn4a,134,138,5,-,"","",deletion,1029,698,1,FALSE
nlgn4a,134,138,5,-,"","",deletion,1030,716,1,FALSE
nlgn4a,134,138,5,-,"","",deletion,1031,707,1,FALSE
nlgn4a,134,138,5,-,"","",deletion,1032,716,1,FALSE
nlgn4a,134,138,5,-,"","",deletion,1033,716,1,FALSE
nlgn4a,134,138,5,-,"","",deletion,1034,716,1,FALSE
nlgn4a,134,138,5,-,"","",deletion,1035,716,1,FALSE
nlgn4a,134,138,5,-,"","",deletion,1036,698,1,FALSE
nlgn4a,134,138,5,-,"","",deletion,1037,707,1,FALSE
nlgn4a,134,138,5,-,"","",deletion,1038,698,1,FALSE
nlgn4a,134,138,5,-,"","",deletion,1039,707,1,FALSE
nlgn4a,134,138,5,-,"","",deletion,1040,707,1,FALSE
nlgn4a,134,138,5,-,"","",deletion,1041,707,1,FALSE
nlgn4a,134,138,5,-,"","",deletion,1042,716,1,FALSE
nlgn4a,134,138,5,-,"","",deletion,1043,689,1,FALSE
nlgn4a,134,138,5,-,"","",deletion,1044,707,1,FALSE
nlgn4a,134,138,5,-,"","",deletion,1045,716,1,FALSE
nlgn4a,134,138,5,-,"","",deletion,1046,707,1,FALSE
nlgn4a,134,138,5,-,"","",deletion,1047,707,1,FALSE
nlgn4a,134,138,5,-,"","",deletion,1048,716,1,FALSE
nlgn4a,134,138,5,-,"","",deletion,1049,707,1,FALSE
nlgn4a,134,138,5,-,"","",deletion,1050,716,1,FALSE
nlgn4a,134,138,5,-,"","",deletion,1051,698,1,FALSE
nlgn4a,134,138,5,-,"","",deletion,1052,716,1,FALSE
nlgn4a,134,138,5,-,"","",deletion,1053,707,1,FALSE
nlgn4a,134,138,5,-,"","",deletion,1054,707,1,FALSE
nlgn4a,134,138,5,-,"","",deletion,1055,707,1,FALSE
nlgn4a,134,138,5,-,"","",deletion,1056,707,1,FALSE
nlgn4a,134,138,5,-,"","",deletion,1057,698,1,FALSE
nlgn4a,134,138,5,-,"","",deletion,1058,716,1,FALSE
nlgn4a,134,138,5,-,"","",deletion,1059,707,1,FALSE
nlgn4a,134,138,5,-,"","",deletion,1060,707,1,FALSE
nlgn4a,134,138,5,-,"","",deletion,1061,716,1,FALSE
nlgn4a,134,138,5,-,"","",deletion,1062,707,1,FALSE
nlgn4a,134,138,5,-,"","",deletion,1063,716,1,FALSE
nlgn4a,134,138,5,-,"","",deletion,1064,707,1,FALSE
nlgn4a,134,138,5,-,"","",deletion,1065,716,1,FALSE
nlgn4a,134,138,5,-,"","",deletion,1066,698,1,FALSE
nlgn4a,134,138,5,-,"","",deletion,1067,716,1,FALSE
nlgn4a,134,138,5,-,"","",deletion,1068,716,1,FALSE
nlgn4a,134,138,5,-,"","",deletion,1069,707,1,FALSE
nlgn4a,134,138,5,-,"","",deletion,1070,698,1,FALSE
nlgn4a,134,138,5,-,"","",deletion,1071,707,1,FALSE
nlgn4a,134,138,5,-,"","",deletion,1072,698,1,FALSE
nlgn4a,134,138,5,-,"","",deletion,1073,716,1,FALSE
nlgn4a,134,138,5,-,"","",deletion,1074,725,1,FALSE
nlgn4a,134,138,5,-,"","",deletion,1075,716,1,FALSE
nlgn4a,134,138,5,-,"","",deletion,1076,725,1,FALSE
nlgn4a,134,138,5,-,"","",deletion,1077,725,1,FALSE
nlgn4a,134,138,5,-,"","",deletion,1078,707,1,FALSE
nlgn4a,134,138,5,-,"","",deletion,1079,707,1,FALSE
nlgn4a,134,138,5,-,"","",deletion,1080,716,1,FALSE
nlgn4a,134,138,5,-,"","",deletion,1081,716,1,FALSE
nlgn4a,134,138,5,-,"","",deletion,1082,725,1,FALSE
nlgn4a,134,138,5,-,"","",deletion,1083,698,1,FALSE
nlgn4a,133,140,8,-,"","",deletion,1085,698,1,FALSE
nlgn4a,133,140,8,-,"","",deletion,1086,716,1,FALSE
nlgn4a,133,140,8,-,"","",deletion,1087,707,1,FALSE
nlgn4a,133,140,8,-,"","",deletion,1088,725,1,FALSE
nlgn4a,133,140,8,-,"","",deletion,1089,707,1,FALSE
nlgn4a,133,140,8,-,"","",deletion,1090,716,1,FALSE
nlgn4a,133,140,8,-,"","",deletion,1091,707,1,FALSE
nlgn4a,133,140,8,-,"","",deletion,1092,707,1,FALSE
nlgn4a,133,140,8,-,"","",deletion,1093,698,1,FALSE
nlgn4a,133,140,8,-,"","",deletion,1094,716,1,FALSE
nlgn4a,133,140,8,-,"","",deletion,1095,680,1,FALSE
nlgn4a,133,140,8,-,"","",deletion,1096,707,1,FALSE
nlgn4a,133,140,8,-,"","",deletion,1097,716,1,FALSE
nlgn4a,133,140,8,-,"","",deletion,1098,716,1,FALSE
nlgn4a,133,140,8,-,"","",deletion,1099,716,1,FALSE
nlgn4a,133,140,8,-,"","",deletion,1100,707,1,FALSE
nlgn4a,133,140,8,-,"","",deletion,1101,707,1,FALSE
nlgn4a,133,140,8,-,"","",deletion,1102,716,1,FALSE
nlgn4a,133,140,8,-,"","",deletion,1103,716,1,FALSE
nlgn4a,133,140,8,-,"","",deletion,1104,707,1,FALSE
nlgn4a,133,140,8,-,"","",deletion,1105,716,1,FALSE
nlgn4a,133,140,8,-,"","",deletion,1106,707,1,FALSE
nlgn4a,133,140,8,-,"","",deletion,1107,716,1,FALSE
nlgn4a,133,140,8,-,"","",deletion,1108,716,1,FALSE
nlgn4a,133,140,8,-,"","",deletion,1109,707,1,FALSE
nlgn4a,133,140,8,-,"","",deletion,1110,716,1,FALSE
nlgn4a,133,140,8,-,"","",deletion,1111,716,1,FALSE
nlgn4a,133,140,8,-,"","",deletion,1112,716,1,FALSE
nlgn4a,133,140,8,-,"","",deletion,1113,716,1,FALSE
nlgn4a,133,140,8,-,"","",deletion,1114,716,1,FALSE
nlgn4a,133,140,8,-,"","",deletion,1115,707,1,FALSE
nlgn4a,133,140,8,-,"","",deletion,1116,707,1,FALSE
nlgn4a,135,142,8,-,"","",deletion,1117,716,1,FALSE
nlgn4a,133,140,8,-,"","",deletion,1118,716,1,FALSE
nlgn4a,133,140,8,-,"","",deletion,1119,716,1,FALSE
nlgn4a,133,140,8,-,"","",deletion,1120,716,1,FALSE
nlgn4a,133,140,8,-,"","",deletion,1121,716,1,FALSE
nlgn4a,133,140,8,-,"","",deletion,1122,716,1,FALSE
nlgn4a,133,140,8,-,"","",deletion,1123,716,1,FALSE
nlgn4a,133,140,8,-,"","",deletion,1124,707,1,FALSE
nlgn4a,133,140,8,-,"","",deletion,1125,716,1,FALSE
nlgn4a,133,140,8,-,"","",deletion,1126,707,1,FALSE
nlgn4a,133,140,8,-,"","",deletion,1127,716,1,FALSE
nlgn4a,133,140,8,-,"","",deletion,1128,716,1,FALSE
nlgn4a,133,140,8,-,"","",deletion,1129,698,1,FALSE
nlgn4a,133,140,8,-,"","",deletion,1130,716,1,FALSE
nlgn4a,133,140,8,-,"","",deletion,1131,716,1,FALSE
nlgn4a,133,140,8,-,"","",deletion,1132,716,1,FALSE
nlgn4a,133,140,8,-,"","",deletion,1133,707,1,FALSE
nlgn4a,133,140,8,-,"","",deletion,1134,707,1,FALSE
nlgn4a,133,140,8,-,"","",deletion,1135,707,1,FALSE
nlgn4a,133,140,8,-,"","",deletion,1136,707,1,FALSE
nlgn4a,133,140,8,-,"","",deletion,1137,716,1,FALSE
nlgn4a,133,140,8,-,"","",deletion,1138,716,1,FALSE
nlgn4a,133,140,8,-,"","",deletion,1139,716,1,FALSE
nlgn4a,133,140,8,-,"","",deletion,1140,707,1,FALSE
nlgn4a,133,140,8,-,"","",deletion,1141,716,1,FALSE
nlgn4a,133,140,8,-,"","",deletion,1142,707,1,FALSE
nlgn4a,133,140,8,-,"","",deletion,1143,707,1,FALSE
nlgn4a,133,140,8,-,"","",deletion,1144,689,1,FALSE
nlgn4a,133,140,8,-,"","",deletion,1145,707,1,FALSE
nlgn4a,133,140,8,-,"","",deletion,1146,707,1,FALSE
nlgn4a,133,140,8,-,"","",deletion,1147,698,1,FALSE
nlgn4a,134,141,8,-,"","",deletion,1148,707,1,FALSE
nlgn4a,133,140,8,-,"","",deletion,1149,707,1,FALSE
nlgn4a,133,140,8,-,"","",deletion,1150,707,1,FALSE
nlgn4a,133,140,8,-,"","",deletion,1151,698,1,FALSE
nlgn4a,133,140,8,-,"","",deletion,1152,698,1,FALSE
nlgn4a,133,140,8,-,"","",deletion,1153,698,1,FALSE
nlgn4a,133,140,8,-,"","",deletion,1154,716,1,FALSE
nlgn4a,133,140,8,-,"","",deletion,1155,698,1,FALSE
nlgn4a,133,140,8,-,"","",deletion,1156,698,1,FALSE
nlgn4a,133,140,8,-,"","",deletion,1157,716,1,FALSE
nlgn4a,133,140,8,-,"","",deletion,1158,707,1,FALSE
nlgn4a,133,140,8,-,"","",deletion,1159,698,1,FALSE
nlgn4a,133,140,8,-,"","",deletion,1160,707,1,FALSE
nlgn4a,133,140,8,-,"","",deletion,1161,716,1,FALSE
nlgn4a,133,140,8,-,"","",deletion,1162,698,1,FALSE
nlgn4a,133,140,8,-,"","",deletion,1163,707,1,FALSE
nlgn4a,133,140,8,-,"","",deletion,1164,716,1,FALSE
nlgn4a,133,140,8,-,"","",deletion,1165,707,1,FALSE
nlgn4a,133,140,8,-,"","",deletion,1166,698,1,FALSE
nlgn4a,133,140,8,-,"","",deletion,1167,716,1,FALSE
nlgn4a,133,140,8,-,"","",deletion,1168,725,1,FALSE
nlgn4a,133,140,8,-,"","",deletion,1169,707,1,FALSE
nlgn4a,133,136,4,-,"","",deletion,1170,716,1,FALSE
nlgn4a,133,136,4,-,"","",deletion,1171,716,1,FALSE
nlgn4a,133,136,4,-,"","",deletion,1172,707,1,FALSE
nlgn4a,133,136,4,-,"","",deletion,1173,707,1,FALSE
nlgn4a,133,136,4,-,"","",deletion,1174,707,1,FALSE
nlgn4a,133,136,4,-,"","",deletion,1175,698,1,FALSE
nlgn4a,133,136,4,-,"","",deletion,1176,716,1,FALSE
nlgn4a,133,136,4,-,"","",deletion,1177,716,1,FALSE
nlgn4a,133,136,4,-,"","",deletion,1178,680,1,FALSE
nlgn4a,133,136,4,-,"","",deletion,1179,716,1,FALSE
nlgn4a,133,136,4,-,"","",deletion,1180,707,1,FALSE
nlgn4a,133,136,4,-,"","",deletion,1181,716,1,FALSE
nlgn4a,133,136,4,-,"","",deletion,1182,716,1,FALSE
nlgn4a,133,136,4,-,"","",deletion,1183,716,1,FALSE
nlgn4a,133,136,4,-,"","",deletion,1184,716,1,FALSE
nlgn4a,133,136,4,-,"","",deletion,1185,716,1,FALSE
nlgn4a,133,136,4,-,"","",deletion,1186,716,1,FALSE
nlgn4a,139,142,4,-,"","",deletion,1187,716,1,FALSE
nlgn4a,133,136,4,-,"","",deletion,1188,716,1,FALSE
nlgn4a,133,136,4,-,"","",deletion,1189,716,1,FALSE
nlgn4a,133,136,4,-,"","",deletion,1190,716,1,FALSE
nlgn4a,133,136,4,-,"","",deletion,1191,716,1,FALSE
nlgn4a,133,136,4,-,"","",deletion,1192,716,1,FALSE
nlgn4a,133,136,4,-,"","",deletion,1193,716,1,FALSE
nlgn4a,133,136,4,-,"","",deletion,1194,707,1,FALSE
nlgn4a,133,136,4,-,"","",deletion,1195,707,1,FALSE
nlgn4a,133,136,4,-,"","",deletion,1196,716,1,FALSE
nlgn4a,133,136,4,-,"","",deletion,1197,716,1,FALSE
nlgn4a,133,136,4,-,"","",deletion,1198,716,1,FALSE
nlgn4a,133,136,4,-,"","",deletion,1199,707,1,FALSE
nlgn4a,133,136,4,-,"","",deletion,1200,716,1,FALSE
nlgn4a,133,136,4,-,"","",deletion,1201,698,1,FALSE
nlgn4a,133,136,4,-,"","",deletion,1202,707,1,FALSE
nlgn4a,133,136,4,-,"","",deletion,1203,707,1,FALSE
nlgn4a,134,137,4,-,"","",deletion,1204,707,1,FALSE
nlgn4a,133,140,8,-,"","",deletion,1208,716,1,FALSE
nlgn4a,134,138,5,-,"","",deletion,1212,707,1,FALSE
nlgn4a,129,134,6,-,"","",deletion,1227,716,1,FALSE
nlgn4a,129,134,6,-,"","",deletion,1228,716,1,FALSE
nlgn4a,129,134,6,-,"","",deletion,1229,707,1,FALSE
nlgn4a,129,134,6,-,"","",deletion,1230,716,1,FALSE
nlgn4a,129,134,6,-,"","",deletion,1231,707,1,FALSE
nlgn4a,129,134,6,-,"","",deletion,1232,698,1,FALSE
nlgn4a,129,134,6,-,"","",deletion,1233,716,1,FALSE
nlgn4a,129,134,6,-,"","",deletion,1234,707,1,FALSE
nlgn4a,129,134,6,-,"","",deletion,1235,707,1,FALSE
nlgn4a,129,134,6,-,"","",deletion,1236,707,1,FALSE
nlgn4a,129,134,6,-,"","",deletion,1237,716,1,FALSE
nlgn4a,129,134,6,-,"","",deletion,1238,680,1,FALSE
nlgn4a,129,134,6,-,"","",deletion,1239,716,1,FALSE
nlgn4a,129,134,6,-,"","",deletion,1240,707,1,FALSE
nlgn4a,129,134,6,-,"","",deletion,1241,716,1,FALSE
nlgn4a,129,134,6,-,"","",deletion,1242,707,1,FALSE
nlgn4a,129,134,6,-,"","",deletion,1243,698,1,FALSE
nlgn4a,129,134,6,-,"","",deletion,1244,716,1,FALSE
nlgn4a,129,134,6,-,"","",deletion,1245,707,1,FALSE
nlgn4a,129,134,6,-,"","",deletion,1246,680,1,FALSE
nlgn4a,129,134,6,-,"","",deletion,1247,689,1,FALSE
nlgn4a,129,134,6,-,"","",deletion,1248,716,1,FALSE
nlgn4a,129,134,6,-,"","",deletion,1249,698,1,FALSE
nlgn4a,129,134,6,-,"","",deletion,1250,707,1,FALSE
nlgn4a,129,134,6,-,"","",deletion,1251,716,1,FALSE
nlgn4a,129,134,6,-,"","",deletion,1252,680,1,FALSE
nlgn4a,129,134,6,-,"","",deletion,1253,707,1,FALSE
nlgn4a,129,134,6,-,"","",deletion,1254,716,1,FALSE
nlgn4a,129,134,6,-,"","",deletion,1255,707,1,FALSE
nlgn4a,129,134,6,-,"","",deletion,1256,707,1,FALSE
nlgn4a,110,110,1,-,"","",deletion,1257,691,1,FALSE
nlgn4a,129,134,6,-,"","",deletion,1257,691,1,FALSE
nlgn4a,124,129,6,-,"","",deletion,1258,707,1,FALSE
nlgn4a,129,134,6,-,"","",deletion,1259,707,1,FALSE
nlgn4a,129,134,6,-,"","",deletion,1260,707,1,FALSE
nlgn4a,129,134,6,-,"","",deletion,1261,716,1,FALSE
nlgn4a,129,134,6,-,"","",deletion,1262,716,1,FALSE
nlgn4a,129,134,6,-,"","",deletion,1263,707,1,FALSE
nlgn4a,129,134,6,-,"","",deletion,1264,707,1,FALSE
nlgn4a,129,134,6,-,"","",deletion,1265,716,1,FALSE
nlgn4a,129,134,6,-,"","",deletion,1266,716,1,FALSE
nlgn4a,129,134,6,-,"","",deletion,1267,716,1,FALSE
nlgn4a,129,134,6,-,"","",deletion,1268,716,1,FALSE
nlgn4a,129,134,6,-,"","",deletion,1269,716,1,FALSE
nlgn4a,129,134,6,-,"","",deletion,1270,716,1,FALSE
nlgn4a,129,134,6,-,"","",deletion,1271,716,1,FALSE
nlgn4a,129,134,6,-,"","",deletion,1272,707,1,FALSE
nlgn4a,129,134,6,-,"","",deletion,1273,716,1,FALSE
nlgn4a,129,134,6,-,"","",deletion,1274,716,1,FALSE
nlgn4a,129,134,6,-,"","",deletion,1275,716,1,FALSE
nlgn4a,129,134,6,-,"","",deletion,1276,707,1,FALSE
nlgn4a,129,134,6,-,"","",deletion,1277,716,1,FALSE
nlgn4a,129,134,6,-,"","",deletion,1278,716,1,FALSE
nlgn4a,130,135,6,-,"","",deletion,1279,716,1,FALSE
nlgn4a,130,135,6,-,"","",deletion,1280,716,1,FALSE
nlgn4a,129,134,6,-,"","",deletion,1281,716,1,FALSE
nlgn4a,129,134,6,-,"","",deletion,1282,707,1,FALSE
nlgn4a,129,134,6,-,"","",deletion,1283,707,1,FALSE
nlgn4a,129,134,6,-,"","",deletion,1284,716,1,FALSE
nlgn4a,129,134,6,-,"","",deletion,1285,716,1,FALSE
nlgn4a,129,134,6,-,"","",deletion,1286,716,1,FALSE
nlgn4a,129,134,6,-,"","",deletion,1287,716,1,FALSE
nlgn4a,129,134,6,-,"","",deletion,1288,707,1,FALSE
nlgn4a,129,134,6,-,"","",deletion,1289,716,1,FALSE
nlgn4a,129,134,6,-,"","",deletion,1290,707,1,FALSE
nlgn4a,129,134,6,-,"","",deletion,1291,707,1,FALSE
nlgn4a,129,134,6,-,"","",deletion,1292,698,1,FALSE
nlgn4a,129,134,6,-,"","",deletion,1293,716,1,FALSE
nlgn4a,129,134,6,-,"","",deletion,1294,716,1,FALSE
nlgn4a,129,134,6,-,"","",deletion,1295,716,1,FALSE
nlgn4a,129,134,6,-,"","",deletion,1296,707,1,FALSE
nlgn4a,129,134,6,-,"","",deletion,1297,707,1,FALSE
nlgn4a,129,134,6,-,"","",deletion,1298,707,1,FALSE
nlgn4a,129,134,6,-,"","",deletion,1299,716,1,FALSE
nlgn4a,129,134,6,-,"","",deletion,1300,716,1,FALSE
nlgn4a,129,134,6,-,"","",deletion,1301,707,1,FALSE
nlgn4a,129,134,6,-,"","",deletion,1302,698,1,FALSE
nlgn4a,129,134,6,-,"","",deletion,1303,707,1,FALSE
nlgn4a,129,134,6,-,"","",deletion,1304,698,1,FALSE
nlgn4a,129,134,6,-,"","",deletion,1305,716,1,FALSE
nlgn4a,129,134,6,-,"","",deletion,1306,716,1,FALSE
nlgn4a,129,134,6,-,"","",deletion,1307,689,1,FALSE
nlgn4a,129,134,6,-,"","",deletion,1308,716,1,FALSE
nlgn4a,129,134,6,-,"","",deletion,1309,707,1,FALSE
nlgn4a,129,134,6,-,"","",deletion,1310,716,1,FALSE
nlgn4a,129,134,6,-,"","",deletion,1311,698,1,FALSE
nlgn4a,129,134,6,-,"","",deletion,1312,707,1,FALSE
nlgn4a,129,134,6,-,"","",deletion,1313,689,1,FALSE
nlgn4a,129,134,6,-,"","",deletion,1314,707,1,FALSE
nlgn4a,129,134,6,-,"","",deletion,1315,725,1,FALSE
nlgn4a,129,134,6,-,"","",deletion,1316,725,1,FALSE
nlgn4a,129,134,6,-,"","",deletion,1317,716,1,FALSE
nlgn4a,128,134,7,-,"","",deletion,1318,707,1,FALSE
nlgn4a,128,134,7,-,"","",deletion,1319,716,1,FALSE
nlgn4a,128,134,7,-,"","",deletion,1320,707,1,FALSE
nlgn4a,128,134,7,-,"","",deletion,1321,716,1,FALSE
nlgn4a,128,134,7,-,"","",deletion,1322,716,1,FALSE
nlgn4a,128,134,7,-,"","",deletion,1323,707,1,FALSE
nlgn4a,128,134,7,-,"","",deletion,1324,689,1,FALSE
nlgn4a,128,134,7,-,"","",deletion,1325,698,1,FALSE
nlgn4a,128,134,7,-,"","",deletion,1326,689,1,FALSE
nlgn4a,128,134,7,-,"","",deletion,1327,698,1,FALSE
nlgn4a,128,134,7,-,"","",deletion,1328,716,1,FALSE
nlgn4a,128,134,7,-,"","",deletion,1329,707,1,FALSE
nlgn4a,128,134,7,-,"","",deletion,1330,716,1,FALSE
nlgn4a,128,134,7,-,"","",deletion,1331,716,1,FALSE
nlgn4a,128,134,7,-,"","",deletion,1332,716,1,FALSE
nlgn4a,128,134,7,-,"","",deletion,1333,716,1,FALSE
nlgn4a,128,134,7,-,"","",deletion,1334,716,1,FALSE
nlgn4a,128,134,7,-,"","",deletion,1335,716,1,FALSE
nlgn4a,128,134,7,-,"","",deletion,1336,716,1,FALSE
nlgn4a,128,134,7,-,"","",deletion,1337,707,1,FALSE
nlgn4a,128,134,7,-,"","",deletion,1338,716,1,FALSE
nlgn4a,128,134,7,-,"","",deletion,1339,707,1,FALSE
nlgn4a,128,134,7,-,"","",deletion,1340,716,1,FALSE
nlgn4a,128,134,7,-,"","",deletion,1341,716,1,FALSE
nlgn4a,128,134,7,-,"","",deletion,1342,707,1,FALSE
nlgn4a,128,134,7,-,"","",deletion,1343,716,1,FALSE
nlgn4a,128,134,7,-,"","",deletion,1344,716,1,FALSE
nlgn4a,127,133,7,-,"","",deletion,1345,725,1,FALSE
nlgn4a,128,134,7,-,"","",deletion,1346,716,1,FALSE
nlgn4a,128,134,7,-,"","",deletion,1347,707,1,FALSE
nlgn4a,128,134,7,-,"","",deletion,1348,716,1,FALSE
nlgn4a,128,134,7,-,"","",deletion,1349,707,1,FALSE
nlgn4a,128,134,7,-,"","",deletion,1350,716,1,FALSE
nlgn4a,128,134,7,-,"","",deletion,1351,716,1,FALSE
nlgn4a,128,134,7,-,"","",deletion,1352,716,1,FALSE
nlgn4a,128,134,7,-,"","",deletion,1353,716,1,FALSE
nlgn4a,128,134,7,-,"","",deletion,1354,707,1,FALSE
nlgn4a,128,134,7,-,"","",deletion,1355,707,1,FALSE
nlgn4a,128,134,7,-,"","",deletion,1356,716,1,FALSE
nlgn4a,128,134,7,-,"","",deletion,1357,716,1,FALSE
nlgn4a,128,134,7,-,"","",deletion,1358,716,1,FALSE
nlgn4a,130,136,7,-,"","",deletion,1359,707,1,FALSE
nlgn4a,128,134,7,-,"","",deletion,1360,716,1,FALSE
nlgn4a,131,137,7,-,"","",deletion,1361,689,1,FALSE
nlgn4a,128,134,7,-,"","",deletion,1362,707,1,FALSE
nlgn4a,128,134,7,-,"","",deletion,1363,716,1,FALSE
nlgn4a,128,134,7,-,"","",deletion,1364,698,1,FALSE
nlgn4a,128,134,7,-,"","",deletion,1365,707,1,FALSE
nlgn4a,128,134,7,-,"","",deletion,1366,707,1,FALSE
nlgn4a,128,134,7,-,"","",deletion,1367,716,1,FALSE
nlgn4a,128,134,7,-,"","",deletion,1368,707,1,FALSE
nlgn4a,128,134,7,-,"","",deletion,1369,707,1,FALSE
nlgn4a,128,134,7,-,"","",deletion,1370,716,1,FALSE
nlgn4a,128,134,7,-,"","",deletion,1371,716,1,FALSE
nlgn4a,128,134,7,-,"","",deletion,1372,716,1,FALSE
nlgn4a,128,134,7,-,"","",deletion,1373,680,1,FALSE
nlgn4a,128,134,7,-,"","",deletion,1374,698,1,FALSE
nlgn4a,128,134,7,-,"","",deletion,1375,689,1,FALSE
nlgn4a,128,134,7,-,"","",deletion,1376,707,1,FALSE
nlgn4a,128,134,7,-,"","",deletion,1377,716,1,FALSE
nlgn4a,128,134,7,-,"","",deletion,1378,707,1,FALSE
nlgn4a,128,134,7,-,"","",deletion,1379,689,1,FALSE
nlgn4a,128,134,7,-,"","",deletion,1380,716,1,FALSE
nlgn4a,128,134,7,-,"","",deletion,1381,725,1,FALSE
nlgn4a,128,134,7,-,"","",deletion,1382,716,1,FALSE
nlgn4a,128,134,7,-,"","",deletion,1383,716,1,FALSE
nlgn4a,128,134,7,-,"","",deletion,1384,716,1,FALSE
nlgn4a,128,134,7,-,"","",deletion,1385,707,1,FALSE
nlgn4a,128,134,7,-,"","",deletion,1386,716,1,FALSE
nlgn4a,128,134,7,-,"","",deletion,1387,707,1,FALSE
nlgn4a,128,134,7,-,"","",deletion,1388,707,1,FALSE
nlgn4a,127,131,5,-,"","",deletion,1389,689,1,FALSE
nlgn4a,127,131,5,-,"","",deletion,1390,716,1,FALSE
nlgn4a,128,132,5,-,"","",deletion,1391,716,1,FALSE
nlgn4a,127,131,5,-,"","",deletion,1392,707,1,FALSE
nlgn4a,127,131,5,-,"","",deletion,1393,707,1,FALSE
nlgn4a,127,131,5,-,"","",deletion,1394,716,1,FALSE
nlgn4a,127,131,5,-,"","",deletion,1395,716,1,FALSE
nlgn4a,127,131,5,-,"","",deletion,1396,716,1,FALSE
nlgn4a,127,131,5,-,"","",deletion,1397,725,1,FALSE
nlgn4a,127,131,5,-,"","",deletion,1398,707,1,FALSE
nlgn4a,127,131,5,-,"","",deletion,1399,707,1,FALSE
nlgn4a,127,131,5,-,"","",deletion,1400,689,1,FALSE
nlgn4a,127,131,5,-,"","",deletion,1401,716,1,FALSE
nlgn4a,127,131,5,-,"","",deletion,1402,716,1,FALSE
nlgn4a,128,132,5,-,"","",deletion,1403,716,1,FALSE
nlgn4a,127,131,5,-,"","",deletion,1404,698,1,FALSE
nlgn4a,127,131,5,-,"","",deletion,1405,689,1,FALSE
nlgn4a,127,131,5,-,"","",deletion,1406,725,1,FALSE
nlgn4a,127,131,5,-,"","",deletion,1407,698,1,FALSE
nlgn4a,127,131,5,-,"","",deletion,1408,698,1,FALSE
nlgn4a,127,131,5,-,"","",deletion,1409,716,1,FALSE
nlgn4a,127,131,5,-,"","",deletion,1410,707,1,FALSE
nlgn4a,127,131,5,-,"","",deletion,1411,689,1,FALSE
nlgn4a,127,131,5,-,"","",deletion,1412,680,1,FALSE
nlgn4a,127,131,5,-,"","",deletion,1413,698,1,FALSE
nlgn4a,130,134,5,-,"","",deletion,1414,707,1,FALSE
nlgn4a,127,131,5,-,"","",deletion,1415,707,1,FALSE
nlgn4a,127,131,5,-,"","",deletion,1416,707,1,FALSE
nlgn4a,127,131,5,-,"","",deletion,1417,698,1,FALSE
nlgn4a,127,131,5,-,"","",deletion,1418,707,1,FALSE
nlgn4a,127,131,5,-,"","",deletion,1419,707,1,FALSE
nlgn4a,127,131,5,-,"","",deletion,1420,689,1,FALSE
nlgn4a,127,131,5,-,"","",deletion,1421,716,1,FALSE
nlgn4a,127,131,5,-,"","",deletion,1422,716,1,FALSE
nlgn4a,127,131,5,-,"","",deletion,1423,716,1,FALSE
nlgn4a,127,131,5,-,"","",deletion,1424,707,1,FALSE
nlgn4a,127,131,5,-,"","",deletion,1425,698,1,FALSE
nlgn4a,127,131,5,-,"","",deletion,1426,707,1,FALSE
nlgn4a,127,131,5,-,"","",deletion,1427,716,1,FALSE
nlgn4a,127,131,5,-,"","",deletion,1428,716,1,FALSE
nlgn4a,127,131,5,-,"","",deletion,1429,698,1,FALSE
nlgn4a,127,131,5,-,"","",deletion,1430,698,1,FALSE
nlgn4a,127,131,5,-,"","",deletion,1431,707,1,FALSE
nlgn4a,127,131,5,-,"","",deletion,1432,707,1,FALSE
nlgn4a,127,131,5,-,"","",deletion,1433,707,1,FALSE
nlgn4a,127,131,5,-,"","",deletion,1434,707,1,FALSE
nlgn4a,127,131,5,-,"","",deletion,1435,716,1,FALSE
nlgn4a,127,131,5,-,"","",deletion,1436,716,1,FALSE
nlgn4a,127,131,5,-,"","",deletion,1437,716,1,FALSE
nlgn4a,127,131,5,-,"","",deletion,1438,716,1,FALSE
nlgn4a,127,131,5,-,"","",deletion,1439,707,1,FALSE
nlgn4a,127,131,5,-,"","",deletion,1440,716,1,FALSE
nlgn4a,127,131,5,-,"","",deletion,1441,707,1,FALSE
nlgn4a,127,131,5,-,"","",deletion,1442,716,1,FALSE
nlgn4a,127,131,5,-,"","",deletion,1443,707,1,FALSE
nlgn4a,127,131,5,-,"","",deletion,1444,716,1,FALSE
nlgn4a,127,131,5,-,"","",deletion,1445,707,1,FALSE
nlgn4a,127,131,5,-,"","",deletion,1446,707,1,FALSE
nlgn4a,127,131,5,-,"","",deletion,1447,716,1,FALSE
nlgn4a,127,131,5,-,"","",deletion,1448,689,1,FALSE
nlgn4a,127,131,5,-,"","",deletion,1449,716,1,FALSE
nlgn4a,127,131,5,-,"","",deletion,1450,707,1,FALSE
nlgn4a,127,131,5,-,"","",deletion,1451,707,1,FALSE
nlgn4a,127,131,5,-,"","",deletion,1452,707,1,FALSE
nlgn4a,127,131,5,-,"","",deletion,1453,716,1,FALSE
nlgn4a,127,131,5,-,"","",deletion,1454,707,1,FALSE
nlgn4a,127,131,5,-,"","",deletion,1455,707,1,FALSE
nlgn4a,127,131,5,-,"","",deletion,1456,689,1,FALSE
nlgn4a,127,131,5,-,"","",deletion,1457,716,1,FALSE
nlgn4a,127,131,5,-,"","",deletion,1458,698,1,FALSE
nlgn4a,127,131,5,-,"","",deletion,1459,689,1,FALSE
nlgn4a,127,131,5,-,"","",deletion,1460,707,1,FALSE
nlgn4a,127,131,5,-,"","",deletion,1461,707,1,FALSE
nlgn4a,127,131,5,-,"","",deletion,1462,707,1,FALSE
nlgn4a,127,131,5,-,"","",deletion,1463,716,1,FALSE
nlgn4a,127,131,5,-,"","",deletion,1464,716,1,FALSE
nlgn4a,127,131,5,-,"","",deletion,1465,707,1,FALSE
nlgn4a,127,131,5,-,"","",deletion,1466,716,1,FALSE
nlgn4a,127,131,5,-,"","",deletion,1467,707,1,FALSE
nlgn4a,127,131,5,-,"","",deletion,1468,716,1,FALSE
nlgn4a,127,131,5,-,"","",deletion,1469,707,1,FALSE
nlgn4a,127,131,5,-,"","",deletion,1470,707,1,FALSE
nlgn4a,127,131,5,-,"","",deletion,1471,707,1,FALSE
nlgn4a,127,131,5,-,"","",deletion,1472,698,1,FALSE
nlgn4a,127,131,5,-,"","",deletion,1473,716,1,FALSE
nlgn4a,127,131,5,-,"","",deletion,1474,716,1,FALSE
nlgn4a,127,131,5,-,"","",deletion,1475,716,1,FALSE
nlgn4a,127,131,5,-,"","",deletion,1476,707,1,FALSE
nlgn4a,127,131,5,-,"","",deletion,1477,707,1,FALSE
nlgn4a,127,131,5,-,"","",deletion,1478,707,1,FALSE
nlgn4a,127,131,5,-,"","",deletion,1479,716,1,FALSE
nlgn4a,127,131,5,-,"","",deletion,1480,698,1,FALSE
nlgn4a,127,131,5,-,"","",deletion,1481,707,1,FALSE
nlgn4a,127,131,5,-,"","",deletion,1482,707,1,FALSE
nlgn4a,127,131,5,-,"","",deletion,1483,707,1,FALSE
nlgn4a,127,131,5,-,"","",deletion,1484,716,1,FALSE
nlgn4a,127,131,5,-,"","",deletion,1485,707,1,FALSE
nlgn4a,127,131,5,-,"","",deletion,1486,716,1,FALSE
nlgn4a,127,131,5,-,"","",deletion,1487,707,1,FALSE
nlgn4a,127,131,5,-,"","",deletion,1488,698,1,FALSE
nlgn4a,128,132,5,-,"","",deletion,1489,707,1,FALSE
nlgn4a,127,131,5,-,"","",deletion,1490,716,1,FALSE
nlgn4a,127,131,5,-,"","",deletion,1491,716,1,FALSE
nlgn4a,127,131,5,-,"","",deletion,1492,716,1,FALSE
nlgn4a,127,131,5,-,"","",deletion,1493,716,1,FALSE
nlgn4a,127,131,5,-,"","",deletion,1494,716,1,FALSE
nlgn4a,127,131,5,-,"","",deletion,1495,716,1,FALSE
nlgn4a,127,131,5,-,"","",deletion,1496,716,1,FALSE
nlgn4a,127,131,5,-,"","",deletion,1497,716,1,FALSE
nlgn4a,127,131,5,-,"","",deletion,1498,716,1,FALSE
nlgn4a,127,131,5,-,"","",deletion,1499,716,1,FALSE
nlgn4a,127,131,5,-,"","",deletion,1500,707,1,FALSE
nlgn4a,127,131,5,-,"","",deletion,1501,716,1,FALSE
nlgn4a,127,131,5,-,"","",deletion,1502,716,1,FALSE
nlgn4a,127,131,5,-,"","",deletion,1503,716,1,FALSE
nlgn4a,127,131,5,-,"","",deletion,1504,707,1,FALSE
nlgn4a,127,131,5,-,"","",deletion,1505,716,1,FALSE
nlgn4a,127,131,5,-,"","",deletion,1506,716,1,FALSE
nlgn4a,127,131,5,-,"","",deletion,1507,716,1,FALSE
nlgn4a,127,131,5,-,"","",deletion,1508,716,1,FALSE
nlgn4a,127,131,5,-,"","",deletion,1509,707,1,FALSE
nlgn4a,127,131,5,-,"","",deletion,1510,716,1,FALSE
nlgn4a,127,131,5,-,"","",deletion,1511,716,1,FALSE
nlgn4a,127,131,5,-,"","",deletion,1512,707,1,FALSE
nlgn4a,127,131,5,-,"","",deletion,1513,707,1,FALSE
nlgn4a,127,131,5,-,"","",deletion,1514,707,1,FALSE
nlgn4a,127,131,5,-,"","",deletion,1515,716,1,FALSE
nlgn4a,127,131,5,-,"","",deletion,1516,716,1,FALSE
nlgn4a,127,131,5,-,"","",deletion,1517,716,1,FALSE
nlgn4a,127,131,5,-,"","",deletion,1518,707,1,FALSE
nlgn4a,127,131,5,-,"","",deletion,1519,707,1,FALSE
nlgn4a,127,131,5,-,"","",deletion,1520,707,1,FALSE
nlgn4a,127,131,5,-,"","",deletion,1521,707,1,FALSE
nlgn4a,127,131,5,-,"","",deletion,1522,716,1,FALSE
nlgn4a,127,131,5,-,"","",deletion,1523,716,1,FALSE
nlgn4a,127,131,5,-,"","",deletion,1524,716,1,FALSE
nlgn4a,127,131,5,-,"","",deletion,1525,707,1,FALSE
nlgn4a,127,131,5,-,"","",deletion,1526,716,1,FALSE
nlgn4a,127,131,5,-,"","",deletion,1527,698,1,FALSE
nlgn4a,127,131,5,-,"","",deletion,1528,716,1,FALSE
nlgn4a,127,131,5,-,"","",deletion,1529,716,1,FALSE
nlgn4a,127,131,5,-,"","",deletion,1530,716,1,FALSE
nlgn4a,127,131,5,-,"","",deletion,1531,707,1,FALSE
nlgn4a,127,131,5,-,"","",deletion,1532,698,1,FALSE
nlgn4a,127,131,5,-,"","",deletion,1533,707,1,FALSE
nlgn4a,127,131,5,-,"","",deletion,1534,716,1,FALSE
nlgn4a,127,131,5,-,"","",deletion,1535,707,1,FALSE
nlgn4a,127,131,5,-,"","",deletion,1536,707,1,FALSE
nlgn4a,127,131,5,-,"","",deletion,1537,716,1,FALSE
nlgn4a,127,131,5,-,"","",deletion,1538,707,1,FALSE
nlgn4a,127,131,5,-,"","",deletion,1539,716,1,FALSE
nlgn4a,127,131,5,-,"","",deletion,1540,689,1,FALSE
nlgn4a,127,131,5,-,"","",deletion,1541,698,1,FALSE
nlgn4a,127,131,5,-,"","",deletion,1542,698,1,FALSE
nlgn4a,127,131,5,-,"","",deletion,1543,689,1,FALSE
nlgn4a,127,131,5,-,"","",deletion,1544,716,1,FALSE
nlgn4a,127,131,5,-,"","",deletion,1545,707,1,FALSE
nlgn4a,127,131,5,-,"","",deletion,1546,707,1,FALSE
nlgn4a,127,131,5,-,"","",deletion,1547,716,1,FALSE
nlgn4a,127,131,5,-,"","",deletion,1548,707,1,FALSE
nlgn4a,127,131,5,-,"","",deletion,1549,707,1,FALSE
nlgn4a,127,131,5,-,"","",deletion,1550,716,1,FALSE
nlgn4a,127,131,5,-,"","",deletion,1551,707,1,FALSE
nlgn4a,127,131,5,-,"","",deletion,1552,716,1,FALSE
nlgn4a,127,131,5,-,"","",deletion,1553,707,1,FALSE
nlgn4a,127,131,5,-,"","",deletion,1554,707,1,FALSE
nlgn4a,127,131,5,-,"","",deletion,1555,707,1,FALSE
nlgn4a,127,131,5,-,"","",deletion,1556,707,1,FALSE
nlgn4a,127,131,5,-,"","",deletion,1557,707,1,FALSE
nlgn4a,127,131,5,-,"","",deletion,1558,716,1,FALSE
nlgn4a,127,131,5,-,"","",deletion,1559,716,1,FALSE
nlgn4a,127,131,5,-,"","",deletion,1560,716,1,FALSE
nlgn4a,127,131,5,-,"","",deletion,1561,716,1,FALSE
nlgn4a,127,131,5,-,"","",deletion,1562,698,1,FALSE
nlgn4a,127,131,5,-,"","",deletion,1563,707,1,FALSE
nlgn4a,127,131,5,-,"","",deletion,1564,680,1,FALSE
nlgn4a,127,131,5,-,"","",deletion,1565,707,1,FALSE
nlgn4a,127,131,5,-,"","",deletion,1566,716,1,FALSE
nlgn4a,127,131,5,-,"","",deletion,1567,716,1,FALSE
nlgn4a,127,131,5,-,"","",deletion,1568,707,1,FALSE
nlgn4a,127,131,5,-,"","",deletion,1569,716,1,FALSE
nlgn4a,127,131,5,-,"","",deletion,1570,707,1,FALSE
nlgn4a,127,131,5,-,"","",deletion,1571,707,1,FALSE
nlgn4a,127,131,5,-,"","",deletion,1572,698,1,FALSE
nlgn4a,127,131,5,-,"","",deletion,1573,707,1,FALSE
nlgn4a,127,131,5,-,"","",deletion,1574,707,1,FALSE
nlgn4a,127,131,5,-,"","",deletion,1575,716,1,FALSE
nlgn4a,127,131,5,-,"","",deletion,1576,707,1,FALSE
nlgn4a,127,131,5,-,"","",deletion,1577,680,1,FALSE
nlgn4a,127,131,5,-,"","",deletion,1578,689,1,FALSE
nlgn4a,127,131,5,-,"","",deletion,1579,716,1,FALSE
nlgn4a,127,131,5,-,"","",deletion,1580,707,1,FALSE
nlgn4a,127,131,5,-,"","",deletion,1581,689,1,FALSE
nlgn4a,127,131,5,-,"","",deletion,1582,707,1,FALSE
nlgn4a,127,131,5,-,"","",deletion,1583,716,1,FALSE
nlgn4a,128,132,5,-,"","",deletion,1584,689,1,FALSE
nlgn4a,127,131,5,-,"","",deletion,1585,707,1,FALSE
nlgn4a,127,131,5,-,"","",deletion,1586,698,1,FALSE
nlgn4a,127,131,5,-,"","",deletion,1587,707,1,FALSE
nlgn4a,127,131,5,-,"","",deletion,1588,680,1,FALSE
nlgn4a,127,131,5,-,"","",deletion,1589,707,1,FALSE
nlgn4a,127,131,5,-,"","",deletion,1590,698,1,FALSE
nlgn4a,127,131,5,-,"","",deletion,1591,716,1,FALSE
nlgn4a,127,131,5,-,"","",deletion,1592,707,1,FALSE
nlgn4a,127,131,5,-,"","",deletion,1593,716,1,FALSE
nlgn4a,127,131,5,-,"","",deletion,1594,725,1,FALSE
nlgn4a,127,131,5,-,"","",deletion,1595,689,1,FALSE
nlgn4a,127,131,5,-,"","",deletion,1596,716,1,FALSE
nlgn4a,127,131,5,-,"","",deletion,1597,716,1,FALSE
nlgn4a,127,131,5,-,"","",deletion,1598,698,1,FALSE
nlgn4a,127,131,5,-,"","",deletion,1599,707,1,FALSE
nlgn4a,127,131,5,-,"","",deletion,1600,725,1,FALSE
nlgn4a,133,140,8,-,"","",deletion,1602,707,1,FALSE
nlgn4a,127,134,8,-,"","",deletion,1603,716,1,FALSE
nlgn4a,133,140,8,-,"","",deletion,1604,707,1,FALSE
nlgn4a,127,131,5,-,"","",deletion,1605,689,1,FALSE
nlgn4a,127,131,5,-,"","",deletion,1606,707,1,FALSE
nlgn4a,127,131,5,-,"","",deletion,1607,698,1,FALSE
nlgn4a,127,134,8,-,"","",deletion,1608,716,1,FALSE
nlgn4a,127,134,8,-,"","",deletion,1609,707,1,FALSE
nlgn4a,127,134,8,-,"","",deletion,1610,707,1,FALSE
nlgn4a,127,134,8,-,"","",deletion,1612,707,1,FALSE
nlgn4a,127,134,8,-,"","",deletion,1613,716,1,FALSE
nlgn4a,127,134,8,-,"","",deletion,1614,716,1,FALSE
nlgn4a,127,134,8,-,"","",deletion,1615,707,1,FALSE
nlgn4a,127,134,8,-,"","",deletion,1616,716,1,FALSE
nlgn4a,127,134,8,-,"","",deletion,1617,707,1,FALSE
nlgn4a,127,134,8,-,"","",deletion,1618,698,1,FALSE
nlgn4a,127,134,8,-,"","",deletion,1619,689,1,FALSE
nlgn4a,127,134,8,-,"","",deletion,1620,707,1,FALSE
nlgn4a,127,134,8,-,"","",deletion,1621,716,1,FALSE
nlgn4a,127,134,8,-,"","",deletion,1622,716,1,FALSE
nlgn4a,127,134,8,-,"","",deletion,1623,716,1,FALSE
nlgn4a,127,134,8,-,"","",deletion,1624,716,1,FALSE
nlgn4a,127,134,8,-,"","",deletion,1625,716,1,FALSE
nlgn4a,127,134,8,-,"","",deletion,1626,716,1,FALSE
nlgn4a,127,134,8,-,"","",deletion,1627,716,1,FALSE
nlgn4a,127,134,8,-,"","",deletion,1628,716,1,FALSE
nlgn4a,127,134,8,-,"","",deletion,1629,707,1,FALSE
nlgn4a,127,134,8,-,"","",deletion,1630,716,1,FALSE
nlgn4a,127,134,8,-,"","",deletion,1631,707,1,FALSE
nlgn4a,127,134,8,-,"","",deletion,1632,716,1,FALSE
nlgn4a,127,134,8,-,"","",deletion,1633,716,1,FALSE
nlgn4a,127,134,8,-,"","",deletion,1634,707,1,FALSE
nlgn4a,127,134,8,-,"","",deletion,1635,716,1,FALSE
nlgn4a,127,134,8,-,"","",deletion,1636,680,1,FALSE
nlgn4a,127,134,8,-,"","",deletion,1637,707,1,FALSE
nlgn4a,127,134,8,-,"","",deletion,1638,716,1,FALSE
nlgn4a,127,134,8,-,"","",deletion,1639,707,1,FALSE
nlgn4a,127,134,8,-,"","",deletion,1640,698,1,FALSE
nlgn4a,127,134,8,-,"","",deletion,1641,707,1,FALSE
nlgn4a,125,132,8,-,"","",deletion,1642,707,1,FALSE
nlgn4a,127,134,8,-,"","",deletion,1643,716,1,FALSE
nlgn4a,127,134,8,-,"","",deletion,1644,707,1,FALSE
nlgn4a,127,134,8,-,"","",deletion,1645,716,1,FALSE
nlgn4a,127,134,8,-,"","",deletion,1646,716,1,FALSE
nlgn4a,127,134,8,-,"","",deletion,1647,707,1,FALSE
nlgn4a,127,134,8,-,"","",deletion,1648,707,1,FALSE
nlgn4a,127,134,8,-,"","",deletion,1649,716,1,FALSE
nlgn4a,127,134,8,-,"","",deletion,1650,725,1,FALSE
nlgn4a,127,134,8,-,"","",deletion,1651,725,1,FALSE
nlgn4a,128,134,7,-,"","",deletion,1652,698,1,FALSE
nlgn4a,126,134,9,-,"","",deletion,1653,725,1,FALSE
nlgn4a,126,134,9,-,"","",deletion,1654,725,1,FALSE
nlgn4a,129,134,6,-,"","",deletion,1656,716,1,FALSE
nlgn4a,126,134,9,-,"","",deletion,1657,725,1,FALSE
nlgn4a,126,134,9,-,"","",deletion,1658,698,1,FALSE
nlgn4a,126,134,9,-,"","",deletion,1659,725,1,FALSE
nlgn4a,126,134,9,-,"","",deletion,1660,698,1,FALSE
nlgn4a,126,134,9,-,"","",deletion,1661,680,1,FALSE
nlgn4a,126,134,9,-,"","",deletion,1662,698,1,FALSE
nlgn4a,126,134,9,-,"","",deletion,1663,698,1,FALSE
nlgn4a,126,134,9,-,"","",deletion,1664,725,1,FALSE
nlgn4a,126,134,9,-,"","",deletion,1665,707,1,FALSE
nlgn4a,126,134,9,-,"","",deletion,1666,716,1,FALSE
nlgn4a,126,134,9,-,"","",deletion,1667,716,1,FALSE
nlgn4a,126,134,9,-,"","",deletion,1668,725,1,FALSE
nlgn4a,126,134,9,-,"","",deletion,1669,707,1,FALSE
nlgn4a,126,134,9,-,"","",deletion,1670,716,1,FALSE
nlgn4a,126,134,9,-,"","",deletion,1671,725,1,FALSE
nlgn4a,126,134,9,-,"","",deletion,1672,707,1,FALSE
nlgn4a,126,134,9,-,"","",deletion,1673,725,1,FALSE
nlgn4a,126,134,9,-,"","",deletion,1674,707,1,FALSE
nlgn4a,126,134,9,-,"","",deletion,1675,725,1,FALSE
nlgn4a,126,134,9,-,"","",deletion,1676,716,1,FALSE
nlgn4a,124,132,9,-,"","",deletion,1677,707,1,FALSE
nlgn4a,126,134,9,-,"","",deletion,1678,698,1,FALSE
nlgn4a,126,134,9,-,"","",deletion,1679,698,1,FALSE
nlgn4a,126,134,9,-,"","",deletion,1680,698,1,FALSE
nlgn4a,126,134,9,-,"","",deletion,1681,716,1,FALSE
nlgn4a,126,134,9,-,"","",deletion,1682,707,1,FALSE
nlgn4a,126,134,9,-,"","",deletion,1683,707,1,FALSE
nlgn4a,126,134,9,-,"","",deletion,1684,716,1,FALSE
nlgn4a,126,134,9,-,"","",deletion,1685,707,1,FALSE
nlgn4a,126,134,9,-,"","",deletion,1686,707,1,FALSE
nlgn4a,126,134,9,-,"","",deletion,1687,707,1,FALSE
nlgn4a,126,134,9,-,"","",deletion,1688,707,1,FALSE
nlgn4a,126,134,9,-,"","",deletion,1689,716,1,FALSE
nlgn4a,126,134,9,-,"","",deletion,1690,716,1,FALSE
nlgn4a,126,134,9,-,"","",deletion,1691,707,1,FALSE
nlgn4a,126,134,9,-,"","",deletion,1692,716,1,FALSE
nlgn4a,126,134,9,-,"","",deletion,1693,707,1,FALSE
nlgn4a,126,134,9,-,"","",deletion,1694,680,1,FALSE
nlgn4a,126,134,9,-,"","",deletion,1695,716,1,FALSE
nlgn4a,126,134,9,-,"","",deletion,1696,707,1,FALSE
nlgn4a,126,134,9,-,"","",deletion,1697,707,1,FALSE
nlgn4a,126,134,9,-,"","",deletion,1698,698,1,FALSE
nlgn4a,126,134,9,-,"","",deletion,1699,698,1,FALSE
nlgn4a,126,134,9,-,"","",deletion,1700,716,1,FALSE
nlgn4a,126,134,9,-,"","",deletion,1701,689,1,FALSE
nlgn4a,126,134,9,-,"","",deletion,1702,716,1,FALSE
nlgn4a,126,134,9,-,"","",deletion,1703,716,1,FALSE
nlgn4a,126,134,9,-,"","",deletion,1704,698,1,FALSE
nlgn4a,126,134,9,-,"","",deletion,1705,716,1,FALSE
nlgn4a,126,134,9,-,"","",deletion,1706,716,1,FALSE
nlgn4a,126,134,9,-,"","",deletion,1707,689,1,FALSE
nlgn4a,126,134,9,-,"","",deletion,1708,716,1,FALSE
nlgn4a,126,134,9,-,"","",deletion,1709,698,1,FALSE
nlgn4a,126,134,9,-,"","",deletion,1710,716,1,FALSE
nlgn4a,126,134,9,-,"","",deletion,1711,698,1,FALSE
nlgn4a,126,134,9,-,"","",deletion,1712,716,1,FALSE
nlgn4a,126,134,9,-,"","",deletion,1713,716,1,FALSE
nlgn4a,126,134,9,-,"","",deletion,1714,689,1,FALSE
nlgn4a,126,134,9,-,"","",deletion,1715,698,1,FALSE
nlgn4a,126,134,9,-,"","",deletion,1716,698,1,FALSE
nlgn4a,126,134,9,-,"","",deletion,1717,716,1,FALSE
nlgn4a,126,134,9,-,"","",deletion,1718,698,1,FALSE
nlgn4a,126,134,9,-,"","",deletion,1719,698,1,FALSE
nlgn4a,126,134,9,-,"","",deletion,1720,716,1,FALSE
nlgn4a,126,134,9,-,"","",deletion,1721,707,1,FALSE
nlgn4a,126,134,9,-,"","",deletion,1722,698,1,FALSE
nlgn4a,126,134,9,-,"","",deletion,1723,707,1,FALSE
nlgn4a,126,134,9,-,"","",deletion,1724,716,1,FALSE
nlgn4a,126,134,9,-,"","",deletion,1725,707,1,FALSE
nlgn4a,126,134,9,-,"","",deletion,1726,698,1,FALSE
nlgn4a,126,134,9,-,"","",deletion,1727,698,1,FALSE
nlgn4a,126,134,9,-,"","",deletion,1728,716,1,FALSE
nlgn4a,126,134,9,-,"","",deletion,1729,707,1,FALSE
nlgn4a,126,134,9,-,"","",deletion,1730,698,1,FALSE
nlgn4a,126,134,9,-,"","",deletion,1731,707,1,FALSE
nlgn4a,126,134,9,-,"","",deletion,1732,716,1,FALSE
nlgn4a,126,134,9,-,"","",deletion,1733,716,1,FALSE
nlgn4a,126,134,9,-,"","",deletion,1734,707,1,FALSE
nlgn4a,126,134,9,-,"","",deletion,1735,707,1,FALSE
nlgn4a,126,134,9,-,"","",deletion,1736,716,1,FALSE
nlgn4a,126,134,9,-,"","",deletion,1737,716,1,FALSE
nlgn4a,126,134,9,-,"","",deletion,1738,707,1,FALSE
nlgn4a,126,134,9,-,"","",deletion,1739,707,1,FALSE
nlgn4a,126,134,9,-,"","",deletion,1740,707,1,FALSE
nlgn4a,126,134,9,-,"","",deletion,1741,716,1,FALSE
nlgn4a,126,134,9,-,"","",deletion,1742,707,1,FALSE
nlgn4a,126,134,9,-,"","",deletion,1743,707,1,FALSE
nlgn4a,126,134,9,-,"","",deletion,1744,716,1,FALSE
nlgn4a,126,134,9,-,"","",deletion,1745,716,1,FALSE
nlgn4a,126,134,9,-,"","",deletion,1746,716,1,FALSE
nlgn4a,126,134,9,-,"","",deletion,1747,698,1,FALSE
nlgn4a,126,134,9,-,"","",deletion,1748,716,1,FALSE
nlgn4a,126,134,9,-,"","",deletion,1749,716,1,FALSE
nlgn4a,126,134,9,-,"","",deletion,1750,707,1,FALSE
nlgn4a,127,135,9,-,"","",deletion,1751,698,1,FALSE
nlgn4a,126,134,9,-,"","",deletion,1752,716,1,FALSE
nlgn4a,126,134,9,-,"","",deletion,1753,698,1,FALSE
nlgn4a,126,134,9,-,"","",deletion,1754,707,1,FALSE
nlgn4a,126,134,9,-,"","",deletion,1755,707,1,FALSE
nlgn4a,126,134,9,-,"","",deletion,1756,707,1,FALSE
nlgn4a,126,134,9,-,"","",deletion,1757,716,1,FALSE
nlgn4a,126,134,9,-,"","",deletion,1758,716,1,FALSE
nlgn4a,126,134,9,-,"","",deletion,1759,716,1,FALSE
nlgn4a,126,134,9,-,"","",deletion,1760,707,1,FALSE
nlgn4a,126,134,9,-,"","",deletion,1761,716,1,FALSE
nlgn4a,126,134,9,-,"","",deletion,1762,698,1,FALSE
nlgn4a,126,134,9,-,"","",deletion,1763,707,1,FALSE
nlgn4a,126,134,9,-,"","",deletion,1764,707,1,FALSE
nlgn4a,126,134,9,-,"","",deletion,1765,716,1,FALSE
nlgn4a,126,134,9,-,"","",deletion,1766,707,1,FALSE
nlgn4a,126,134,9,-,"","",deletion,1767,716,1,FALSE
nlgn4a,126,134,9,-,"","",deletion,1768,716,1,FALSE
nlgn4a,126,134,9,-,"","",deletion,1769,698,1,FALSE
nlgn4a,126,134,9,-,"","",deletion,1770,707,1,FALSE
nlgn4a,126,134,9,-,"","",deletion,1771,716,1,FALSE
nlgn4a,126,134,9,-,"","",deletion,1772,707,1,FALSE
nlgn4a,126,134,9,-,"","",deletion,1773,698,1,FALSE
nlgn4a,126,134,9,-,"","",deletion,1774,707,1,FALSE
nlgn4a,126,134,9,-,"","",deletion,1775,698,1,FALSE
nlgn4a,126,134,9,-,"","",deletion,1776,689,1,FALSE
nlgn4a,126,134,9,-,"","",deletion,1777,707,1,FALSE
nlgn4a,126,134,9,-,"","",deletion,1778,716,1,FALSE
nlgn4a,126,134,9,-,"","",deletion,1779,716,1,FALSE
nlgn4a,126,134,9,-,"","",deletion,1780,707,1,FALSE
nlgn4a,126,134,9,-,"","",deletion,1781,707,1,FALSE
nlgn4a,126,134,9,-,"","",deletion,1782,707,1,FALSE
nlgn4a,126,134,9,-,"","",deletion,1783,707,1,FALSE
nlgn4a,126,134,9,-,"","",deletion,1784,716,1,FALSE
nlgn4a,126,134,9,-,"","",deletion,1785,716,1,FALSE
nlgn4a,126,134,9,-,"","",deletion,1786,707,1,FALSE
nlgn4a,126,134,9,-,"","",deletion,1787,707,1,FALSE
nlgn4a,126,134,9,-,"","",deletion,1788,707,1,FALSE
nlgn4a,126,134,9,-,"","",deletion,1789,716,1,FALSE
nlgn4a,126,134,9,-,"","",deletion,1790,707,1,FALSE
nlgn4a,126,134,9,-,"","",deletion,1791,716,1,FALSE
nlgn4a,126,134,9,-,"","",deletion,1792,716,1,FALSE
nlgn4a,126,134,9,-,"","",deletion,1793,716,1,FALSE
nlgn4a,126,134,9,-,"","",deletion,1794,707,1,FALSE
nlgn4a,126,134,9,-,"","",deletion,1795,707,1,FALSE
nlgn4a,126,134,9,-,"","",deletion,1796,698,1,FALSE
nlgn4a,126,134,9,-,"","",deletion,1797,716,1,FALSE
nlgn4a,126,134,9,-,"","",deletion,1798,716,1,FALSE
nlgn4a,126,134,9,-,"","",deletion,1799,716,1,FALSE
nlgn4a,126,134,9,-,"","",deletion,1800,716,1,FALSE
nlgn4a,126,134,9,-,"","",deletion,1801,716,1,FALSE
nlgn4a,126,134,9,-,"","",deletion,1802,716,1,FALSE
nlgn4a,126,134,9,-,"","",deletion,1803,716,1,FALSE
nlgn4a,126,134,9,-,"","",deletion,1804,707,1,FALSE
nlgn4a,126,134,9,-,"","",deletion,1805,716,1,FALSE
nlgn4a,126,134,9,-,"","",deletion,1806,716,1,FALSE
nlgn4a,126,134,9,-,"","",deletion,1807,716,1,FALSE
nlgn4a,126,134,9,-,"","",deletion,1808,716,1,FALSE
nlgn4a,126,134,9,-,"","",deletion,1809,716,1,FALSE
nlgn4a,126,134,9,-,"","",deletion,1810,707,1,FALSE
nlgn4a,126,134,9,-,"","",deletion,1811,716,1,FALSE
nlgn4a,126,134,9,-,"","",deletion,1812,716,1,FALSE
nlgn4a,126,134,9,-,"","",deletion,1813,716,1,FALSE
nlgn4a,126,134,9,-,"","",deletion,1814,716,1,FALSE
nlgn4a,126,134,9,-,"","",deletion,1815,716,1,FALSE
nlgn4a,126,134,9,-,"","",deletion,1816,707,1,FALSE
nlgn4a,126,134,9,-,"","",deletion,1817,707,1,FALSE
nlgn4a,126,134,9,-,"","",deletion,1818,716,1,FALSE
nlgn4a,126,134,9,-,"","",deletion,1819,707,1,FALSE
nlgn4a,126,134,9,-,"","",deletion,1820,716,1,FALSE
nlgn4a,126,134,9,-,"","",deletion,1821,716,1,FALSE
nlgn4a,126,134,9,-,"","",deletion,1822,707,1,FALSE
nlgn4a,126,134,9,-,"","",deletion,1823,707,1,FALSE
nlgn4a,126,134,9,-,"","",deletion,1824,716,1,FALSE
nlgn4a,126,134,9,-,"","",deletion,1825,716,1,FALSE
nlgn4a,126,134,9,-,"","",deletion,1826,716,1,FALSE
nlgn4a,126,134,9,-,"","",deletion,1827,707,1,FALSE
nlgn4a,127,135,9,-,"","",deletion,1828,716,1,FALSE
nlgn4a,127,135,9,-,"","",deletion,1829,707,1,FALSE
nlgn4a,129,137,9,-,"","",deletion,1830,707,1,FALSE
nlgn4a,129,137,9,-,"","",deletion,1831,716,1,FALSE
nlgn4a,126,134,9,-,"","",deletion,1832,716,1,FALSE
nlgn4a,126,134,9,-,"","",deletion,1833,707,1,FALSE
nlgn4a,126,134,9,-,"","",deletion,1834,707,1,FALSE
nlgn4a,126,134,9,-,"","",deletion,1835,716,1,FALSE
nlgn4a,126,134,9,-,"","",deletion,1836,707,1,FALSE
nlgn4a,126,134,9,-,"","",deletion,1837,707,1,FALSE
nlgn4a,126,134,9,-,"","",deletion,1838,707,1,FALSE
nlgn4a,126,134,9,-,"","",deletion,1839,707,1,FALSE
nlgn4a,126,134,9,-,"","",deletion,1840,707,1,FALSE
nlgn4a,126,134,9,-,"","",deletion,1841,707,1,FALSE
nlgn4a,126,134,9,-,"","",deletion,1842,707,1,FALSE
nlgn4a,126,134,9,-,"","",deletion,1843,716,1,FALSE
nlgn4a,126,134,9,-,"","",deletion,1844,716,1,FALSE
nlgn4a,126,134,9,-,"","",deletion,1845,716,1,FALSE
nlgn4a,126,134,9,-,"","",deletion,1846,707,1,FALSE
nlgn4a,126,134,9,-,"","",deletion,1847,716,1,FALSE
nlgn4a,126,134,9,-,"","",deletion,1848,707,1,FALSE
nlgn4a,126,134,9,-,"","",deletion,1849,716,1,FALSE
nlgn4a,126,134,9,-,"","",deletion,1850,716,1,FALSE
nlgn4a,126,134,9,-,"","",deletion,1851,716,1,FALSE
nlgn4a,126,134,9,-,"","",deletion,1852,707,1,FALSE
nlgn4a,126,134,9,-,"","",deletion,1853,707,1,FALSE
nlgn4a,126,134,9,-,"","",deletion,1854,716,1,FALSE
nlgn4a,126,134,9,-,"","",deletion,1855,716,1,FALSE
nlgn4a,126,134,9,-,"","",deletion,1856,716,1,FALSE
nlgn4a,126,134,9,-,"","",deletion,1857,716,1,FALSE
nlgn4a,126,134,9,-,"","",deletion,1858,716,1,FALSE
nlgn4a,126,134,9,-,"","",deletion,1859,716,1,FALSE
nlgn4a,126,134,9,-,"","",deletion,1860,698,1,FALSE
nlgn4a,126,134,9,-,"","",deletion,1861,707,1,FALSE
nlgn4a,126,134,9,-,"","",deletion,1862,716,1,FALSE
nlgn4a,126,134,9,-,"","",deletion,1863,698,1,FALSE
nlgn4a,126,134,9,-,"","",deletion,1864,716,1,FALSE
nlgn4a,126,134,9,-,"","",deletion,1865,707,1,FALSE
nlgn4a,126,134,9,-,"","",deletion,1866,716,1,FALSE
nlgn4a,126,134,9,-,"","",deletion,1867,671,1,FALSE
nlgn4a,126,134,9,-,"","",deletion,1868,707,1,FALSE
nlgn4a,126,134,9,-,"","",deletion,1869,689,1,FALSE
nlgn4a,126,134,9,-,"","",deletion,1870,707,1,FALSE
nlgn4a,126,134,9,-,"","",deletion,1871,698,1,FALSE
nlgn4a,126,134,9,-,"","",deletion,1872,707,1,FALSE
nlgn4a,126,134,9,-,"","",deletion,1873,716,1,FALSE
nlgn4a,126,134,9,-,"","",deletion,1874,680,1,FALSE
nlgn4a,126,134,9,-,"","",deletion,1875,698,1,FALSE
nlgn4a,126,134,9,-,"","",deletion,1876,707,1,FALSE
nlgn4a,126,134,9,-,"","",deletion,1877,716,1,FALSE
nlgn4a,127,135,9,-,"","",deletion,1878,707,1,FALSE
nlgn4a,126,134,9,-,"","",deletion,1879,698,1,FALSE
nlgn4a,126,134,9,-,"","",deletion,1880,707,1,FALSE
nlgn4a,126,134,9,-,"","",deletion,1881,716,1,FALSE
nlgn4a,126,134,9,-,"","",deletion,1882,707,1,FALSE
nlgn4a,126,134,9,-,"","",deletion,1883,707,1,FALSE
nlgn4a,126,134,9,-,"","",deletion,1884,707,1,FALSE
nlgn4a,126,134,9,-,"","",deletion,1885,716,1,FALSE
nlgn4a,126,134,9,-,"","",deletion,1886,716,1,FALSE
nlgn4a,126,134,9,-,"","",deletion,1887,716,1,FALSE
nlgn4a,126,134,9,-,"","",deletion,1888,707,1,FALSE
nlgn4a,126,134,9,-,"","",deletion,1889,707,1,FALSE
nlgn4a,126,134,9,-,"","",deletion,1890,707,1,FALSE
nlgn4a,126,134,9,-,"","",deletion,1891,707,1,FALSE
nlgn4a,126,134,9,-,"","",deletion,1892,698,1,FALSE
nlgn4a,126,134,9,-,"","",deletion,1893,707,1,FALSE
nlgn4a,127,135,9,-,"","",deletion,1894,689,1,FALSE
nlgn4a,126,134,9,-,"","",deletion,1895,716,1,FALSE
nlgn4a,126,134,9,-,"","",deletion,1896,707,1,FALSE
nlgn4a,126,134,9,-,"","",deletion,1897,716,1,FALSE
nlgn4a,126,134,9,-,"","",deletion,1898,707,1,FALSE
nlgn4a,126,134,9,-,"","",deletion,1899,689,1,FALSE
nlgn4a,126,134,9,-,"","",deletion,1900,716,1,FALSE
nlgn4a,126,134,9,-,"","",deletion,1901,689,1,FALSE
nlgn4a,126,134,9,-,"","",deletion,1902,716,1,FALSE
nlgn4a,126,134,9,-,"","",deletion,1903,698,1,FALSE
nlgn4a,126,134,9,-,"","",deletion,1904,707,1,FALSE
nlgn4a,126,134,9,-,"","",deletion,1905,707,1,FALSE
nlgn4a,126,134,9,-,"","",deletion,1906,716,1,FALSE
nlgn4a,126,134,9,-,"","",deletion,1907,707,1,FALSE
nlgn4a,126,134,9,-,"","",deletion,1908,707,1,FALSE
nlgn4a,126,134,9,-,"","",deletion,1909,716,1,FALSE
nlgn4a,126,134,9,-,"","",deletion,1910,707,1,FALSE
nlgn4a,126,134,9,-,"","",deletion,1911,707,1,FALSE
nlgn4a,126,134,9,-,"","",deletion,1912,707,1,FALSE
nlgn4a,126,134,9,-,"","",deletion,1913,707,1,FALSE
nlgn4a,126,134,9,-,"","",deletion,1914,698,1,FALSE
nlgn4a,126,134,9,-,"","",deletion,1915,716,1,FALSE
nlgn4a,126,134,9,-,"","",deletion,1916,698,1,FALSE
nlgn4a,126,134,9,-,"","",deletion,1917,716,1,FALSE
nlgn4a,126,134,9,-,"","",deletion,1918,698,1,FALSE
nlgn4a,126,134,9,-,"","",deletion,1919,716,1,FALSE
nlgn4a,126,134,9,-,"","",deletion,1920,698,1,FALSE
nlgn4a,126,134,9,-,"","",deletion,1921,689,1,FALSE
nlgn4a,126,134,9,-,"","",deletion,1922,707,1,FALSE
nlgn4a,126,134,9,-,"","",deletion,1923,680,1,FALSE
nlgn4a,126,134,9,-,"","",deletion,1924,698,1,FALSE
nlgn4a,126,134,9,-,"","",deletion,1925,698,1,FALSE
nlgn4a,126,134,9,-,"","",deletion,1926,716,1,FALSE
nlgn4a,126,134,9,-,"","",deletion,1927,707,1,FALSE
nlgn4a,126,134,9,-,"","",deletion,1928,716,1,FALSE
nlgn4a,126,134,9,-,"","",deletion,1929,716,1,FALSE
nlgn4a,126,134,9,-,"","",deletion,1930,716,1,FALSE
nlgn4a,126,134,9,-,"","",deletion,1931,671,1,FALSE
nlgn4a,126,134,9,-,"","",deletion,1932,716,1,FALSE
nlgn4a,126,134,9,-,"","",deletion,1933,698,1,FALSE
nlgn4a,126,134,9,-,"","",deletion,1934,716,1,FALSE
nlgn4a,126,134,9,-,"","",deletion,1935,707,1,FALSE
nlgn4a,126,134,9,-,"","",deletion,1936,716,1,FALSE
nlgn4a,126,134,9,-,"","",deletion,1937,707,1,FALSE
nlgn4a,126,134,9,-,"","",deletion,1938,680,1,FALSE
nlgn4a,126,134,9,-,"","",deletion,1939,707,1,FALSE
nlgn4a,126,134,9,-,"","",deletion,1940,716,1,FALSE
nlgn4a,126,134,9,-,"","",deletion,1941,698,1,FALSE
nlgn4a,126,134,9,-,"","",deletion,1942,680,1,FALSE
nlgn4a,126,134,9,-,"","",deletion,1943,725,1,FALSE
nlgn4a,126,134,9,-,"","",deletion,1944,725,1,FALSE
nlgn4a,126,134,9,-,"","",deletion,1945,716,1,FALSE
nlgn4a,126,134,9,-,"","",deletion,1946,707,1,FALSE
nlgn4a,126,134,9,-,"","",deletion,1947,716,1,FALSE
nlgn4a,126,134,9,-,"","",deletion,1948,707,1,FALSE
nlgn4a,126,134,9,-,"","",deletion,1949,725,1,FALSE
nlgn4a,126,134,9,-,"","",deletion,1950,707,1,FALSE
nlgn4a,126,134,9,-,"","",deletion,1951,707,1,FALSE
nlgn4a,126,134,9,-,"","",deletion,1952,716,1,FALSE
nlgn4a,126,134,9,-,"","",deletion,1953,725,1,FALSE
nlgn4a,126,134,9,-,"","",deletion,1954,698,1,FALSE
nlgn4a,126,134,9,-,"","",deletion,1955,698,1,FALSE
nlgn4a,133,140,8,-,"","",deletion,1958,716,1,FALSE
nlgn4a,133,140,8,-,"","",deletion,1959,716,1,FALSE
nlgn4a,126,134,9,-,"","",deletion,1960,716,1,FALSE
nlgn4a,127,131,5,-,"","",deletion,1961,725,1,FALSE
nlgn4a,127,134,8,-,"","",deletion,1962,707,1,FALSE
nlgn4a,129,134,6,-,"","",deletion,1963,716,1,FALSE
nlgn4a,128,134,7,-,"","",deletion,1964,716,1,FALSE
nlgn4a,127,131,5,-,"","",deletion,1965,716,1,FALSE
nlgn4a,127,134,8,-,"","",deletion,1966,725,1,FALSE
nlgn4a,126,134,9,-,"","",deletion,1967,725,1,FALSE
nlgn4a,134,138,5,-,"","",deletion,1969,725,1,FALSE
nlgn4a,126,134,9,-,"","",deletion,1970,698,1,FALSE
nlgn4a,134,138,5,-,"","",deletion,1972,716,1,FALSE
nlgn4a,134,138,5,-,"","",deletion,1973,716,1,FALSE
nlgn4a,127,131,5,-,"","",deletion,1974,698,1,FALSE
nlgn4a,126,134,9,-,"","",deletion,1975,707,1,FALSE
nlgn4a,126,134,9,-,"","",deletion,1976,716,1,FALSE
nlgn4a,134,138,5,-,"","",deletion,1977,716,1,FALSE
nlgn4a,129,134,6,-,"","",deletion,1978,716,1,FALSE
nlgn4a,127,131,5,-,"","",deletion,1979,707,1,FALSE
nlgn4a,134,138,5,-,"","",deletion,1980,716,1,FALSE
nlgn4a,129,134,6,-,"","",deletion,1981,707,1,FALSE
nlgn4a,127,133,7,-,"","",deletion,1982,725,1,FALSE
nlgn4a,134,138,5,-,"","",deletion,1984,716,1,FALSE
nlgn4a,127,131,5,-,"","",deletion,1985,716,1,FALSE
nlgn4a,126,134,9,-,"","",deletion,1987,707,1,FALSE
nlgn4a,134,138,5,-,"","",deletion,1988,698,1,FALSE
nlgn4a,127,131,5,-,"","",deletion,1989,698,1,FALSE
nlgn4a,135,137,3,-,"","",deletion,1990,716,1,FALSE
nlgn4a,127,131,5,-,"","",deletion,1991,716,1,FALSE
nlgn4a,135,137,3,-,"","",deletion,1992,725,1,FALSE
nlgn4a,133,140,8,-,"","",deletion,1996,707,1,FALSE
nlgn4a,126,134,9,-,"","",deletion,1997,716,1,FALSE
nlgn4a,134,138,5,-,"","",deletion,1998,698,1,FALSE
nlgn4a,129,134,6,-,"","",deletion,1999,716,1,FALSE
nlgn4a,127,131,5,-,"","",deletion,2000,698,1,FALSE
nlgn4a,127,131,5,-,"","",deletion,2003,725,1,FALSE
nlgn4a,126,134,9,-,"","",deletion,2004,716,1,FALSE
nlgn4a,134,138,5,-,"","",deletion,2006,698,1,FALSE
nlgn4a,128,134,7,-,"","",deletion,2007,716,1,FALSE
nlgn4a,128,134,7,-,"","",deletion,2008,725,1,FALSE
nlgn4a,126,134,9,-,"","",deletion,2009,707,1,FALSE
nlgn4a,126,134,9,-,"","",deletion,2010,725,1,FALSE
nlgn4a,129,134,6,-,"","",deletion,2012,725,1,FALSE
nlgn4a,126,134,9,-,"","",deletion,2014,725,1,FALSE
nlgn4a,135,137,3,-,"","",deletion,2015,716,1,FALSE
nlgn4a,126,134,9,-,"","",deletion,2016,725,1,FALSE
nlgn4a,126,134,9,-,"","",deletion,2017,707,1,FALSE
nlgn4a,126,134,9,-,"","",deletion,2018,707,1,FALSE
nlgn4a,133,140,8,-,"","",deletion,2019,716,1,FALSE
nlgn4a,129,134,6,-,"","",deletion,2020,716,1,FALSE
nlgn4a,128,134,7,-,"","",deletion,2021,725,1,FALSE
nlgn4a,133,136,4,-,"","",deletion,2022,725,1,FALSE
nlgn4a,134,138,5,-,"","",deletion,2026,716,1,FALSE
nlgn4a,126,134,9,-,"","",deletion,2028,707,1,FALSE
nlgn4a,134,138,5,-,"","",deletion,2030,707,1,FALSE
nlgn4a,127,131,5,-,"","",deletion,2031,725,1,FALSE
nlgn4a,135,137,3,-,"","",deletion,2032,725,1,FALSE
nlgn4a,127,134,8,-,"","",deletion,2034,725,1,FALSE
nlgn4a,127,131,5,-,"","",deletion,2035,716,1,FALSE
nlgn4a,134,138,5,-,"","",deletion,2036,716,1,FALSE
nlgn4a,134,138,5,-,"","",deletion,2038,716,1,FALSE
nlgn4a,133,140,8,-,"","",deletion,2039,725,1,FALSE
nlgn4a,127,131,5,-,"","",deletion,2040,716,1,FALSE
nlgn4a,133,140,8,-,"","",deletion,2042,707,1,FALSE
nlgn4a,127,131,5,-,"","",deletion,2043,716,1,FALSE
nlgn4a,127,131,5,-,"","",deletion,2046,707,1,FALSE
nlgn4a,127,131,5,-,"","",deletion,2047,725,1,FALSE
nlgn4a,126,134,9,-,"","",deletion,2048,725,1,FALSE
nlgn4a,127,131,5,-,"","",deletion,2050,716,1,FALSE
nlgn4a,126,134,9,-,"","",deletion,2051,707,1,FALSE
nlgn4a,127,131,5,-,"","",deletion,2052,707,1,FALSE
nlgn4a,126,134,9,-,"","",deletion,2053,716,1,FALSE
nlgn4a,133,140,8,-,"","",deletion,2054,716,1,FALSE
nlgn4a,133,140,8,-,"","",deletion,2055,725,1,FALSE
nlgn4a,126,134,9,-,"","",deletion,2056,707,1,FALSE
nlgn4a,134,138,5,-,"","",deletion,2061,725,1,FALSE
nlgn4a,127,131,5,-,"","",deletion,2065,725,1,FALSE
nlgn4a,126,134,9,-,"","",deletion,2066,716,1,FALSE
nlgn4a,134,138,5,-,"","",deletion,2067,707,1,FALSE
nlgn4a,127,134,8,-,"","",deletion,2068,716,1,FALSE
nlgn4a,134,138,5,-,"","",deletion,2071,716,1,FALSE
nlgn4a,134,138,5,-,"","",deletion,2074,707,1,FALSE
nlgn4a,127,131,5,-,"","",deletion,2075,716,1,FALSE
nlgn4a,134,138,5,-,"","",deletion,2076,725,1,FALSE
nlgn4a,133,136,4,-,"","",deletion,2077,725,1,FALSE
nlgn4a,127,131,5,-,"","",deletion,2078,716,1,FALSE
nlgn4a,126,134,9,-,"","",deletion,2079,725,1,FALSE
nlgn4a,133,140,8,-,"","",deletion,2080,725,1,FALSE
nlgn4a,126,134,9,-,"","",deletion,2081,716,1,FALSE
nlgn4a,127,131,5,-,"","",deletion,2083,698,1,FALSE
nlgn4a,127,134,8,-,"","",deletion,2084,725,1,FALSE
nlgn4a,126,134,9,-,"","",deletion,2085,716,1,FALSE
nlgn4a,126,134,9,-,"","",deletion,2086,698,1,FALSE
nlgn4a,134,138,5,-,"","",deletion,2089,716,1,FALSE
nlgn4a,134,138,5,-,"","",deletion,2092,716,1,FALSE
nlgn4a,127,131,5,-,"","",deletion,2094,707,1,FALSE
nlgn4a,134,138,5,-,"","",deletion,2097,716,1,FALSE
nlgn4a,126,134,9,-,"","",deletion,2098,725,1,FALSE
nlgn4a,126,134,9,-,"","",deletion,2099,707,1,FALSE
nlgn4a,134,138,5,-,"","",deletion,2104,716,1,FALSE
nlgn4a,129,134,6,-,"","",deletion,2105,725,1,FALSE
nlgn4a,126,134,9,-,"","",deletion,2106,707,1,FALSE
nlgn4a,127,131,5,-,"","",deletion,2107,725,1,FALSE
nlgn4a,128,134,7,-,"","",deletion,2109,716,1,FALSE
nlgn4a,134,138,5,-,"","",deletion,2113,707,1,FALSE
nlgn4a,133,136,4,-,"","",deletion,2114,716,1,FALSE
nlgn4a,129,134,6,-,"","",deletion,2115,698,1,FALSE
nlgn4a,126,134,9,-,"","",deletion,2116,725,1,FALSE
nlgn4a,126,134,9,-,"","",deletion,2117,707,1,FALSE
nlgn4a,126,134,9,-,"","",deletion,2118,707,1,FALSE
nlgn4a,127,134,8,-,"","",deletion,2119,725,1,FALSE
nlgn4a,134,138,5,-,"","",deletion,2121,716,1,FALSE
nlgn4a,133,140,8,-,"","",deletion,2122,716,1,FALSE
nlgn4a,128,134,7,-,"","",deletion,2123,707,1,FALSE
nlgn4a,127,134,8,-,"","",deletion,2124,716,1,FALSE
nlgn4a,134,138,5,-,"","",deletion,2127,716,1,FALSE
nlgn4a,134,138,5,-,"","",deletion,2128,725,1,FALSE
nlgn4a,127,134,8,-,"","",deletion,2129,716,1,FALSE
nlgn4a,126,134,9,-,"","",deletion,2130,707,1,FALSE
nlgn4a,133,136,4,-,"","",deletion,2132,716,1,FALSE
nlgn4a,126,134,9,-,"","",deletion,2133,725,1,FALSE
nlgn4a,126,134,9,-,"","",deletion,2135,725,1,FALSE
nlgn4a,126,134,9,-,"","",deletion,2136,698,1,FALSE
nlgn4a,126,134,9,-,"","",deletion,2141,725,1,FALSE
nlgn4a,127,131,5,-,"","",deletion,2143,716,1,FALSE
nlgn4a,134,138,5,-,"","",deletion,2145,707,1,FALSE
nlgn4a,133,140,8,-,"","",deletion,2146,716,1,FALSE
nlgn4a,127,131,5,-,"","",deletion,2147,716,1,FALSE
nlgn4a,127,131,5,-,"","",deletion,2149,689,1,FALSE
nlgn4a,127,131,5,-,"","",deletion,2150,725,1,FALSE
nlgn4a,126,134,9,-,"","",deletion,2153,698,1,FALSE
nlgn4a,126,134,9,-,"","",deletion,2155,707,1,FALSE
nlgn4a,126,134,9,-,"","",deletion,2157,716,1,FALSE
nlgn4a,127,131,5,-,"","",deletion,2159,725,1,FALSE
nlgn4a,133,140,8,-,"","",deletion,2160,707,1,FALSE
nlgn4a,129,134,6,-,"","",deletion,2161,698,1,FALSE
nlgn4a,126,134,9,-,"","",deletion,2163,725,1,FALSE
nlgn4a,126,134,9,-,"","",deletion,2164,707,1,FALSE
nlgn4a,125,133,9,-,"","",deletion,2166,716,1,FALSE
nlgn4a,133,140,8,-,"","",deletion,2167,698,1,FALSE
nlgn4a,126,134,9,-,"","",deletion,2175,725,1,FALSE
nlgn4a,126,134,9,-,"","",deletion,2177,725,1,FALSE
nlgn4a,129,134,6,-,"","",deletion,2179,707,1,FALSE
nlgn4a,127,131,5,-,"","",deletion,2180,725,1,FALSE
nlgn4a,133,140,8,-,"","",deletion,2181,725,1,FALSE
nlgn4a,126,134,9,-,"","",deletion,2182,707,1,FALSE
nlgn4a,133,140,8,-,"","",deletion,2185,725,1,FALSE
nlgn4a,129,134,6,-,"","",deletion,2187,707,1,FALSE
nlgn4a,129,134,6,-,"","",deletion,2188,716,1,FALSE
nlgn4a,134,138,5,-,"","",deletion,2189,689,1,FALSE
nlgn4a,126,134,9,-,"","",deletion,2194,716,1,FALSE
nlgn4a,134,138,5,-,"","",deletion,2195,725,1,FALSE
nlgn4a,127,131,5,-,"","",deletion,2196,698,1,FALSE
nlgn4a,134,138,5,-,"","",deletion,2198,707,1,FALSE
nlgn4a,126,134,9,-,"","",deletion,2199,725,1,FALSE
nlgn4a,127,131,5,-,"","",deletion,2200,707,1,FALSE
nlgn4a,126,134,9,-,"","",deletion,2201,707,1,FALSE
nlgn4a,128,132,5,-,"","",deletion,2204,707,1,FALSE
nlgn4a,126,134,9,-,"","",deletion,2205,725,1,FALSE
nlgn4a,133,140,8,-,"","",deletion,2206,716,1,FALSE
nlgn4a,133,140,8,-,"","",deletion,2207,716,1,FALSE
nlgn4a,128,134,7,-,"","",deletion,2208,698,1,FALSE
nlgn4a,126,134,9,-,"","",deletion,2210,716,1,FALSE
nlgn4a,127,131,5,-,"","",deletion,2213,698,1,FALSE
nlgn4a,126,134,9,-,"","",deletion,2214,725,1,FALSE
nlgn4a,126,134,9,-,"","",deletion,2215,725,1,FALSE
nlgn4a,127,131,5,-,"","",deletion,2216,716,1,FALSE
nlgn4a,127,131,5,-,"","",deletion,2217,716,1,FALSE
nlgn4a,135,137,3,-,"","",deletion,2218,707,1,FALSE
nlgn4a,135,137,3,-,"","",deletion,2219,716,1,FALSE
nlgn4a,127,131,5,-,"","",deletion,2220,707,1,FALSE
nlgn4a,126,134,9,-,"","",deletion,2222,716,1,FALSE
nlgn4a,126,134,9,-,"","",deletion,2224,725,1,FALSE
nlgn4a,129,134,6,-,"","",deletion,2225,716,1,FALSE
nlgn4a,134,138,5,-,"","",deletion,2228,725,1,FALSE
nlgn4a,128,134,7,-,"","",deletion,2229,698,1,FALSE
nlgn4a,126,134,9,-,"","",deletion,2230,698,1,FALSE
nlgn4a,129,134,6,-,"","",deletion,2231,707,1,FALSE
nlgn4a,126,134,9,-,"","",deletion,2234,689,1,FALSE
nlgn4a,126,126,1,-,G,C,mismatch,12,741,5,FALSE
nlgn4a,103,103,1,-,G,T,mismatch,14,741,4,FALSE
nlgn4a,126,126,1,-,G,A,mismatch,15,741,4,FALSE
nlgn4a,210,210,1,-,C,T,mismatch,18,741,3,FALSE
nlgn4a,129,129,1,-,G,T,mismatch,19,741,3,FALSE
nlgn4a,117,117,1,-,A,T,mismatch,20,741,3,FALSE
nlgn4a,111,111,1,-,A,G,mismatch,21,741,3,FALSE
nlgn4a,106,106,1,-,T,C,mismatch,22,741,3,FALSE
nlgn4a,106,106,1,-,T,A,mismatch,23,741,3,FALSE
nlgn4a,107,107,1,-,T,A,mismatch,24,741,3,FALSE
nlgn4a,114,114,1,-,T,A,mismatch,25,741,3,FALSE
nlgn4a,119,119,1,-,T,G,mismatch,26,741,3,FALSE
nlgn4a,121,121,1,-,T,G,mismatch,27,741,3,FALSE
nlgn4a,125,125,1,-,T,A,mismatch,28,741,3,FALSE
nlgn4a,139,139,1,-,T,G,mismatch,29,741,3,FALSE
nlgn4a,203,203,1,-,G,C,mismatch,30,741,3,FALSE
nlgn4a,111,111,1,-,A,G,mismatch,32,716,3,FALSE
nlgn4a,101,101,1,-,A,C,mismatch,33,716,3,FALSE
nlgn4a,104,104,1,-,C,T,mismatch,34,716,3,FALSE
nlgn4a,122,122,1,-,G,T,mismatch,35,716,3,FALSE
nlgn4a,105,105,1,-,C,A,mismatch,36,716,3,FALSE
nlgn4a,151,151,1,-,G,C,mismatch,37,716,3,FALSE
nlgn4a,215,215,1,-,G,T,mismatch,44,741,2,FALSE
nlgn4a,197,197,1,-,A,C,mismatch,45,741,2,FALSE
nlgn4a,175,175,1,-,C,T,mismatch,46,741,2,FALSE
nlgn4a,165,165,1,-,C,G,mismatch,47,741,2,FALSE
nlgn4a,160,160,1,-,A,G,mismatch,48,741,2,FALSE
nlgn4a,157,157,1,-,A,G,mismatch,49,741,2,FALSE
nlgn4a,149,149,1,-,A,C,mismatch,50,741,2,FALSE
nlgn4a,134,134,1,-,G,T,mismatch,51,741,2,FALSE
nlgn4a,133,133,1,-,C,T,mismatch,52,741,2,FALSE
nlgn4a,130,130,1,-,C,G,mismatch,53,741,2,FALSE
nlgn4a,123,123,1,-,C,T,mismatch,54,741,2,FALSE
nlgn4a,116,116,1,-,G,T,mismatch,55,741,2,FALSE
nlgn4a,113,113,1,-,C,T,mismatch,56,741,2,FALSE
nlgn4a,113,113,1,-,C,G,mismatch,57,741,2,FALSE
nlgn4a,111,111,1,-,A,C,mismatch,58,741,2,FALSE
nlgn4a,105,105,1,-,C,A,mismatch,59,741,2,FALSE
nlgn4a,108,108,1,-,T,C,mismatch,60,741,2,FALSE
nlgn4a,109,109,1,-,T,G,mismatch,61,741,2,FALSE
nlgn4a,110,110,1,-,T,C,mismatch,62,741,2,FALSE
nlgn4a,113,113,1,-,C,A,mismatch,63,741,2,FALSE
nlgn4a,114,114,1,-,T,G,mismatch,64,741,2,FALSE
nlgn4a,118,118,1,-,T,C,mismatch,65,741,2,FALSE
nlgn4a,136,136,1,-,G,A,mismatch,66,741,2,FALSE
nlgn4a,138,138,1,-,C,A,mismatch,67,741,2,FALSE
nlgn4a,146,146,1,-,T,C,mismatch,68,741,2,FALSE
nlgn4a,146,146,1,-,T,A,mismatch,69,741,2,FALSE
nlgn4a,148,148,1,-,C,A,mismatch,70,741,2,FALSE
nlgn4a,156,156,1,-,C,A,mismatch,71,741,2,FALSE
nlgn4a,161,161,1,-,G,A,mismatch,72,741,2,FALSE
nlgn4a,167,167,1,-,T,G,mismatch,73,741,2,FALSE
nlgn4a,175,175,1,-,C,A,mismatch,74,741,2,FALSE
nlgn4a,186,186,1,-,G,C,mismatch,75,741,2,FALSE
nlgn4a,127,127,1,-,C,T,mismatch,78,716,2,FALSE
nlgn4a,105,105,1,-,C,A,mismatch,79,716,2,FALSE
nlgn4a,121,121,1,-,T,A,mismatch,80,716,2,FALSE
nlgn4a,125,125,1,-,T,A,mismatch,81,716,2,FALSE
nlgn4a,100,100,1,-,T,G,mismatch,83,716,2,FALSE
nlgn4a,119,119,1,-,T,G,mismatch,84,716,2,FALSE
nlgn4a,173,173,1,-,T,G,mismatch,85,716,2,FALSE
nlgn4a,105,105,1,-,C,T,mismatch,86,716,2,FALSE
nlgn4a,145,145,1,-,T,C,mismatch,88,716,2,FALSE
nlgn4a,202,202,1,-,T,G,mismatch,89,716,2,FALSE
nlgn4a,143,143,1,-,C,T,mismatch,90,716,2,FALSE
nlgn4a,194,194,1,-,A,T,mismatch,92,716,2,FALSE
nlgn4a,177,177,1,-,A,T,mismatch,93,716,2,FALSE
nlgn4a,148,148,1,-,C,G,mismatch,94,716,2,FALSE
nlgn4a,147,147,1,-,A,G,mismatch,95,716,2,FALSE
nlgn4a,142,142,1,-,C,T,mismatch,96,716,2,FALSE
nlgn4a,113,113,1,-,C,G,mismatch,97,716,2,FALSE
nlgn4a,100,100,1,-,T,G,mismatch,98,716,2,FALSE
nlgn4a,107,107,1,-,T,G,mismatch,99,716,2,FALSE
nlgn4a,115,115,1,-,G,A,mismatch,100,716,2,FALSE
nlgn4a,118,118,1,-,T,C,mismatch,101,716,2,FALSE
nlgn4a,120,120,1,-,G,A,mismatch,102,716,2,FALSE
nlgn4a,126,126,1,-,G,A,mismatch,103,716,2,FALSE
nlgn4a,100,100,1,-,T,A,mismatch,105,716,2,FALSE
nlgn4a,204,204,1,-,A,T,mismatch,108,716,2,FALSE
nlgn4a,181,181,1,-,A,T,mismatch,109,716,2,FALSE
nlgn4a,177,177,1,-,A,T,mismatch,110,716,2,FALSE
nlgn4a,162,162,1,-,C,G,mismatch,111,716,2,FALSE
nlgn4a,144,144,1,-,A,T,mismatch,112,716,2,FALSE
nlgn4a,144,144,1,-,A,G,mismatch,113,716,2,FALSE
nlgn4a,116,116,1,-,G,T,mismatch,114,716,2,FALSE
nlgn4a,113,113,1,-,C,T,mismatch,115,716,2,FALSE
nlgn4a,111,111,1,-,A,G,mismatch,116,716,2,FALSE
nlgn4a,103,103,1,-,G,T,mismatch,117,716,2,FALSE
nlgn4a,97,97,1,-,C,G,mismatch,118,716,2,FALSE
nlgn4a,94,94,1,-,C,G,mismatch,119,716,2,FALSE
nlgn4a,95,95,1,-,T,G,mismatch,120,716,2,FALSE
nlgn4a,95,95,1,-,T,C,mismatch,121,716,2,FALSE
nlgn4a,95,95,1,-,T,A,mismatch,122,716,2,FALSE
nlgn4a,100,100,1,-,T,A,mismatch,123,716,2,FALSE
nlgn4a,114,114,1,-,T,G,mismatch,124,716,2,FALSE
nlgn4a,118,118,1,-,T,G,mismatch,125,716,2,FALSE
nlgn4a,119,119,1,-,T,A,mismatch,126,716,2,FALSE
nlgn4a,120,120,1,-,G,A,mismatch,127,716,2,FALSE
nlgn4a,125,125,1,-,T,C,mismatch,128,716,2,FALSE
nlgn4a,125,125,1,-,T,A,mismatch,129,716,2,FALSE
nlgn4a,139,139,1,-,T,A,mismatch,130,716,2,FALSE
nlgn4a,135,135,1,-,T,C,mismatch,133,732,1,FALSE
nlgn4a,99,99,1,-,C,T,mismatch,135,698,1,FALSE
nlgn4a,115,115,1,-,G,T,mismatch,135,698,1,FALSE
nlgn4a,187,187,1,-,G,T,mismatch,135,698,1,FALSE
nlgn4a,126,126,1,-,G,C,mismatch,138,741,1,FALSE
nlgn4a,114,114,1,-,T,G,mismatch,139,716,1,FALSE
nlgn4a,137,137,1,-,G,T,mismatch,140,732,1,FALSE
nlgn4a,214,214,1,-,T,G,mismatch,140,732,1,FALSE
nlgn4a,145,145,1,-,T,G,mismatch,141,716,1,FALSE
nlgn4a,139,139,1,-,T,A,mismatch,142,698,1,FALSE
nlgn4a,154,154,1,-,C,G,mismatch,142,698,1,FALSE
nlgn4a,172,172,1,-,T,A,mismatch,142,698,1,FALSE
nlgn4a,151,151,1,-,G,C,mismatch,143,707,1,FALSE
nlgn4a,155,155,1,-,T,C,mismatch,143,707,1,FALSE
nlgn4a,162,162,1,-,C,G,mismatch,145,707,1,FALSE
nlgn4a,205,205,1,-,A,T,mismatch,145,707,1,FALSE
nlgn4a,148,148,1,-,C,G,mismatch,147,723,1,FALSE
nlgn4a,167,167,1,-,T,A,mismatch,147,723,1,FALSE
nlgn4a,184,184,1,-,A,T,mismatch,147,723,1,FALSE
nlgn4a,182,182,1,-,C,A,mismatch,149,689,1,FALSE
nlgn4a,197,197,1,-,A,G,mismatch,149,689,1,FALSE
nlgn4a,164,164,1,-,C,T,mismatch,151,698,1,FALSE
nlgn4a,185,185,1,-,T,G,mismatch,151,698,1,FALSE
nlgn4a,207,207,1,-,A,T,mismatch,152,716,1,FALSE
nlgn4a,94,94,1,-,C,A,mismatch,155,716,1,FALSE
nlgn4a,123,123,1,-,C,T,mismatch,157,723,1,FALSE
nlgn4a,127,127,1,-,C,A,mismatch,157,723,1,FALSE
nlgn4a,155,155,1,-,T,G,mismatch,157,723,1,FALSE
nlgn4a,148,148,1,-,C,T,mismatch,158,732,1,FALSE
nlgn4a,196,196,1,-,G,A,mismatch,158,732,1,FALSE
nlgn4a,129,129,1,-,G,A,mismatch,159,707,1,FALSE
nlgn4a,112,112,1,-,C,G,mismatch,160,716,1,FALSE
nlgn4a,135,135,1,-,T,A,mismatch,161,741,1,FALSE
nlgn4a,126,126,1,-,G,A,mismatch,164,714,1,FALSE
nlgn4a,151,151,1,-,G,A,mismatch,164,714,1,FALSE
nlgn4a,170,170,1,-,T,A,mismatch,164,714,1,FALSE
nlgn4a,185,185,1,-,T,G,mismatch,164,714,1,FALSE
nlgn4a,114,114,1,-,T,C,mismatch,166,732,1,FALSE
nlgn4a,182,182,1,-,C,G,mismatch,166,732,1,FALSE
nlgn4a,225,225,1,-,A,C,mismatch,167,716,1,FALSE
nlgn4a,156,156,1,-,C,A,mismatch,168,698,1,FALSE
nlgn4a,170,170,1,-,T,C,mismatch,168,698,1,FALSE
nlgn4a,183,183,1,-,T,G,mismatch,168,698,1,FALSE
nlgn4a,208,208,1,-,C,A,mismatch,169,711,1,FALSE
nlgn4a,145,145,1,-,T,A,mismatch,170,741,1,FALSE
nlgn4a,152,152,1,-,G,A,mismatch,171,716,1,FALSE
nlgn4a,139,139,1,-,T,G,mismatch,172,716,1,FALSE
nlgn4a,113,113,1,-,C,A,mismatch,173,716,1,FALSE
nlgn4a,132,132,1,-,G,A,mismatch,174,714,1,FALSE
nlgn4a,146,146,1,-,T,A,mismatch,174,714,1,FALSE
nlgn4a,154,154,1,-,C,A,mismatch,175,732,1,FALSE
nlgn4a,189,189,1,-,A,G,mismatch,175,732,1,FALSE
nlgn4a,112,112,1,-,C,G,mismatch,177,707,1,FALSE
nlgn4a,122,122,1,-,G,T,mismatch,177,707,1,FALSE
nlgn4a,203,203,1,-,G,T,mismatch,178,716,1,FALSE
nlgn4a,153,153,1,-,G,T,mismatch,179,732,1,FALSE
nlgn4a,197,197,1,-,A,C,mismatch,181,741,1,FALSE
nlgn4a,97,97,1,-,C,T,mismatch,183,698,1,FALSE
nlgn4a,177,177,1,-,A,T,mismatch,183,698,1,FALSE
nlgn4a,191,191,1,-,G,A,mismatch,183,698,1,FALSE
nlgn4a,126,126,1,-,G,T,mismatch,185,732,1,FALSE
nlgn4a,171,171,1,-,G,A,mismatch,185,732,1,FALSE
nlgn4a,107,107,1,-,T,C,mismatch,187,732,1,FALSE
nlgn4a,147,147,1,-,A,T,mismatch,187,732,1,FALSE
nlgn4a,189,189,1,-,A,T,mismatch,189,716,1,FALSE
nlgn4a,105,105,1,-,C,A,mismatch,190,716,1,FALSE
nlgn4a,132,132,1,-,G,A,mismatch,192,732,1,FALSE
nlgn4a,226,226,1,-,T,G,mismatch,195,741,1,FALSE
nlgn4a,98,98,1,-,T,C,mismatch,196,707,1,FALSE
nlgn4a,101,101,1,-,A,T,mismatch,196,707,1,FALSE
nlgn4a,175,175,1,-,C,G,mismatch,197,707,1,FALSE
nlgn4a,187,187,1,-,G,A,mismatch,197,707,1,FALSE
nlgn4a,107,107,1,-,T,A,mismatch,198,732,1,FALSE
nlgn4a,139,139,1,-,T,C,mismatch,198,732,1,FALSE
nlgn4a,104,104,1,-,C,T,mismatch,200,707,1,FALSE
nlgn4a,145,145,1,-,T,C,mismatch,200,707,1,FALSE
nlgn4a,135,135,1,-,T,C,mismatch,203,707,1,FALSE
nlgn4a,158,158,1,-,G,A,mismatch,203,707,1,FALSE
nlgn4a,208,208,1,-,C,T,mismatch,204,716,1,FALSE
nlgn4a,136,136,1,-,G,A,mismatch,205,732,1,FALSE
nlgn4a,171,171,1,-,G,T,mismatch,205,732,1,FALSE
nlgn4a,173,173,1,-,T,C,mismatch,206,741,1,FALSE
nlgn4a,115,115,1,-,G,C,mismatch,207,723,1,FALSE
nlgn4a,127,127,1,-,C,T,mismatch,207,723,1,FALSE
nlgn4a,198,198,1,-,G,C,mismatch,207,723,1,FALSE
nlgn4a,214,214,1,-,T,C,mismatch,208,741,1,FALSE
nlgn4a,178,178,1,-,C,T,mismatch,212,741,1,FALSE
nlgn4a,108,108,1,-,T,G,mismatch,213,741,1,FALSE
nlgn4a,126,126,1,-,G,C,mismatch,216,716,1,FALSE
nlgn4a,173,173,1,-,T,A,mismatch,217,698,1,FALSE
nlgn4a,193,193,1,-,T,C,mismatch,217,698,1,FALSE
nlgn4a,115,115,1,-,G,A,mismatch,219,716,1,FALSE
nlgn4a,176,176,1,-,G,A,mismatch,220,741,1,FALSE
nlgn4a,103,103,1,-,G,T,mismatch,221,723,1,FALSE
nlgn4a,171,171,1,-,G,A,mismatch,221,723,1,FALSE
nlgn4a,212,212,1,-,T,C,mismatch,222,716,1,FALSE
nlgn4a,200,200,1,-,C,A,mismatch,223,716,1,FALSE
nlgn4a,148,148,1,-,C,T,mismatch,224,716,1,FALSE
nlgn4a,145,145,1,-,T,G,mismatch,226,716,1,FALSE
nlgn4a,134,134,1,-,G,T,mismatch,227,698,1,FALSE
nlgn4a,200,200,1,-,C,T,mismatch,227,698,1,FALSE
nlgn4a,205,205,1,-,A,T,mismatch,227,698,1,FALSE
nlgn4a,158,158,1,-,G,C,mismatch,228,723,1,FALSE
nlgn4a,193,193,1,-,T,A,mismatch,228,723,1,FALSE
nlgn4a,206,206,1,-,A,T,mismatch,228,723,1,FALSE
nlgn4a,103,103,1,-,G,C,mismatch,229,732,1,FALSE
nlgn4a,178,178,1,-,C,G,mismatch,229,732,1,FALSE
nlgn4a,98,98,1,-,T,C,mismatch,231,716,1,FALSE
nlgn4a,104,104,1,-,C,G,mismatch,232,707,1,FALSE
nlgn4a,148,148,1,-,C,T,mismatch,232,707,1,FALSE
nlgn4a,128,128,1,-,G,T,mismatch,233,732,1,FALSE
nlgn4a,183,183,1,-,T,A,mismatch,233,732,1,FALSE
nlgn4a,172,172,1,-,T,G,mismatch,234,716,1,FALSE
nlgn4a,100,100,1,-,T,C,mismatch,235,707,1,FALSE
nlgn4a,172,172,1,-,T,C,mismatch,235,707,1,FALSE
nlgn4a,159,159,1,-,C,T,mismatch,236,716,1,FALSE
nlgn4a,173,173,1,-,T,C,mismatch,237,716,1,FALSE
nlgn4a,182,182,1,-,C,T,mismatch,241,716,1,FALSE
nlgn4a,124,124,1,-,T,G,mismatch,244,707,1,FALSE
nlgn4a,134,134,1,-,G,T,mismatch,244,707,1,FALSE
nlgn4a,123,123,1,-,C,T,mismatch,250,716,1,FALSE
nlgn4a,155,155,1,-,T,G,mismatch,251,716,1,FALSE
nlgn4a,112,112,1,-,C,G,mismatch,254,716,1,FALSE
nlgn4a,151,151,1,-,G,C,mismatch,255,707,1,FALSE
nlgn4a,109,109,1,-,T,G,mismatch,258,707,1,FALSE
nlgn4a,172,172,1,-,T,G,mismatch,258,707,1,FALSE
nlgn4a,214,214,1,-,T,C,mismatch,259,732,1,FALSE
nlgn4a,229,229,1,-,T,A,mismatch,259,732,1,FALSE
nlgn4a,125,125,1,-,T,C,mismatch,260,716,1,FALSE
nlgn4a,178,178,1,-,C,T,mismatch,261,716,1,FALSE
nlgn4a,139,139,1,-,T,A,mismatch,262,732,1,FALSE
nlgn4a,174,174,1,-,A,C,mismatch,262,732,1,FALSE
nlgn4a,166,166,1,-,C,A,mismatch,263,741,1,FALSE
nlgn4a,184,184,1,-,A,G,mismatch,264,732,1,FALSE
nlgn4a,209,209,1,-,A,G,mismatch,267,716,1,FALSE
nlgn4a,133,133,1,-,C,G,mismatch,268,716,1,FALSE
nlgn4a,140,140,1,-,G,T,mismatch,269,723,1,FALSE
nlgn4a,197,197,1,-,A,G,mismatch,269,723,1,FALSE
nlgn4a,150,150,1,-,T,G,mismatch,271,732,1,FALSE
nlgn4a,204,204,1,-,A,G,mismatch,271,732,1,FALSE
nlgn4a,106,106,1,-,T,C,mismatch,272,707,1,FALSE
nlgn4a,121,121,1,-,T,G,mismatch,272,707,1,FALSE
nlgn4a,119,119,1,-,T,G,mismatch,273,714,1,FALSE
nlgn4a,133,133,1,-,C,G,mismatch,273,714,1,FALSE
nlgn4a,140,140,1,-,G,A,mismatch,273,714,1,FALSE
nlgn4a,119,119,1,-,T,C,mismatch,274,716,1,FALSE
nlgn4a,123,123,1,-,C,A,mismatch,278,716,1,FALSE
nlgn4a,121,121,1,-,T,C,mismatch,279,698,1,FALSE
nlgn4a,150,150,1,-,T,A,mismatch,279,698,1,FALSE
nlgn4a,211,211,1,-,C,A,mismatch,279,698,1,FALSE
nlgn4a,98,98,1,-,T,G,mismatch,281,698,1,FALSE
nlgn4a,218,218,1,-,C,T,mismatch,281,698,1,FALSE
nlgn4a,230,230,1,-,A,T,mismatch,281,698,1,FALSE
nlgn4a,153,153,1,-,G,T,mismatch,285,741,1,FALSE
nlgn4a,126,126,1,-,G,C,mismatch,287,707,1,FALSE
nlgn4a,142,142,1,-,C,T,mismatch,287,707,1,FALSE
nlgn4a,110,110,1,-,T,A,mismatch,288,732,1,FALSE
nlgn4a,155,155,1,-,T,C,mismatch,288,732,1,FALSE
nlgn4a,150,150,1,-,T,C,mismatch,290,741,1,FALSE
nlgn4a,169,169,1,-,T,A,mismatch,291,741,1,FALSE
nlgn4a,116,116,1,-,G,T,mismatch,292,716,1,FALSE
nlgn4a,162,162,1,-,C,G,mismatch,294,741,1,FALSE
nlgn4a,102,102,1,-,C,A,mismatch,295,716,1,FALSE
nlgn4a,129,129,1,-,G,T,mismatch,296,707,1,FALSE
nlgn4a,177,177,1,-,A,C,mismatch,296,707,1,FALSE
nlgn4a,103,103,1,-,G,A,mismatch,298,732,1,FALSE
nlgn4a,194,194,1,-,A,T,mismatch,298,732,1,FALSE
nlgn4a,173,173,1,-,T,G,mismatch,299,707,1,FALSE
nlgn4a,231,231,1,-,G,T,mismatch,299,707,1,FALSE
nlgn4a,107,107,1,-,T,C,mismatch,301,716,1,FALSE
nlgn4a,187,187,1,-,G,T,mismatch,302,716,1,FALSE
nlgn4a,122,122,1,-,G,A,mismatch,304,707,1,FALSE
nlgn4a,164,164,1,-,C,A,mismatch,304,707,1,FALSE
nlgn4a,114,114,1,-,T,C,mismatch,305,707,1,FALSE
nlgn4a,120,120,1,-,G,C,mismatch,305,707,1,FALSE
nlgn4a,190,190,1,-,A,T,mismatch,307,716,1,FALSE
nlgn4a,119,119,1,-,T,C,mismatch,308,716,1,FALSE
nlgn4a,132,132,1,-,G,T,mismatch,309,707,1,FALSE
nlgn4a,232,232,1,-,G,C,mismatch,309,707,1,FALSE
nlgn4a,98,98,1,-,T,G,mismatch,311,716,1,FALSE
nlgn4a,113,113,1,-,C,T,mismatch,312,732,1,FALSE
nlgn4a,129,129,1,-,G,T,mismatch,312,732,1,FALSE
nlgn4a,102,102,1,-,C,T,mismatch,313,707,1,FALSE
nlgn4a,149,149,1,-,A,C,mismatch,313,707,1,FALSE
nlgn4a,112,112,1,-,C,G,mismatch,315,716,1,FALSE
nlgn4a,144,144,1,-,A,C,mismatch,317,698,1,FALSE
nlgn4a,185,185,1,-,T,A,mismatch,317,698,1,FALSE
nlgn4a,110,110,1,-,T,A,mismatch,318,707,1,FALSE
nlgn4a,145,145,1,-,T,C,mismatch,318,707,1,FALSE
nlgn4a,107,107,1,-,T,G,mismatch,319,707,1,FALSE
nlgn4a,228,228,1,-,C,G,mismatch,319,707,1,FALSE
nlgn4a,105,105,1,-,C,A,mismatch,320,711,1,FALSE
nlgn4a,122,122,1,-,G,C,mismatch,321,741,1,FALSE
nlgn4a,154,154,1,-,C,A,mismatch,324,716,1,FALSE
nlgn4a,179,179,1,-,A,G,mismatch,325,716,1,FALSE
nlgn4a,96,96,1,-,A,C,mismatch,327,707,1,FALSE
nlgn4a,104,104,1,-,C,A,mismatch,327,707,1,FALSE
nlgn4a,134,134,1,-,G,T,mismatch,328,716,1,FALSE
nlgn4a,108,108,1,-,T,G,mismatch,330,707,1,FALSE
nlgn4a,192,192,1,-,C,T,mismatch,330,707,1,FALSE
nlgn4a,110,110,1,-,T,C,mismatch,331,698,1,FALSE
nlgn4a,191,191,1,-,G,A,mismatch,331,698,1,FALSE
nlgn4a,229,229,1,-,T,A,mismatch,331,698,1,FALSE
nlgn4a,123,123,1,-,C,G,mismatch,332,732,1,FALSE
nlgn4a,144,144,1,-,A,T,mismatch,332,732,1,FALSE
nlgn4a,171,171,1,-,G,T,mismatch,334,716,1,FALSE
nlgn4a,110,110,1,-,T,A,mismatch,335,707,1,FALSE
nlgn4a,157,157,1,-,A,G,mismatch,335,707,1,FALSE
nlgn4a,215,215,1,-,G,T,mismatch,337,716,1,FALSE
nlgn4a,131,131,1,-,T,G,mismatch,339,741,1,FALSE
nlgn4a,96,96,1,-,A,C,mismatch,340,707,1,FALSE
nlgn4a,174,174,1,-,A,G,mismatch,340,707,1,FALSE
nlgn4a,213,213,1,-,C,A,mismatch,341,741,1,FALSE
nlgn4a,110,110,1,-,T,A,mismatch,342,698,1,FALSE
nlgn4a,142,142,1,-,C,A,mismatch,342,698,1,FALSE
nlgn4a,154,154,1,-,C,T,mismatch,342,698,1,FALSE
nlgn4a,101,101,1,-,A,G,mismatch,343,707,1,FALSE
nlgn4a,107,107,1,-,T,G,mismatch,343,707,1,FALSE
nlgn4a,164,164,1,-,C,T,mismatch,344,702,1,FALSE
nlgn4a,204,204,1,-,A,T,mismatch,344,702,1,FALSE
nlgn4a,170,170,1,-,T,A,mismatch,346,716,1,FALSE
nlgn4a,209,209,1,-,A,G,mismatch,347,714,1,FALSE
nlgn4a,138,138,1,-,C,A,mismatch,348,741,1,FALSE
nlgn4a,110,110,1,-,T,A,mismatch,349,741,1,FALSE
nlgn4a,120,120,1,-,G,C,mismatch,350,707,1,FALSE
nlgn4a,233,233,1,-,G,A,mismatch,352,732,1,FALSE
nlgn4a,182,182,1,-,C,T,mismatch,353,732,1,FALSE
nlgn4a,217,217,1,-,C,A,mismatch,353,732,1,FALSE
nlgn4a,111,111,1,-,A,G,mismatch,354,741,1,FALSE
nlgn4a,176,176,1,-,G,A,mismatch,355,741,1,FALSE
nlgn4a,102,102,1,-,C,A,mismatch,356,716,1,FALSE
nlgn4a,149,149,1,-,A,T,mismatch,357,716,1,FALSE
nlgn4a,173,173,1,-,T,C,mismatch,360,707,1,FALSE
nlgn4a,113,113,1,-,C,T,mismatch,361,707,1,FALSE
nlgn4a,194,194,1,-,A,C,mismatch,361,707,1,FALSE
nlgn4a,105,105,1,-,C,T,mismatch,362,723,1,FALSE
nlgn4a,154,154,1,-,C,G,mismatch,362,723,1,FALSE
nlgn4a,211,211,1,-,C,A,mismatch,362,723,1,FALSE
nlgn4a,111,111,1,-,A,C,mismatch,364,716,1,FALSE
nlgn4a,111,111,1,-,A,G,mismatch,365,732,1,FALSE
nlgn4a,120,120,1,-,G,C,mismatch,365,732,1,FALSE
nlgn4a,137,137,1,-,G,T,mismatch,366,707,1,FALSE
nlgn4a,231,231,1,-,G,C,mismatch,366,707,1,FALSE
nlgn4a,143,143,1,-,C,G,mismatch,368,707,1,FALSE
nlgn4a,147,147,1,-,A,G,mismatch,368,707,1,FALSE
nlgn4a,105,105,1,-,C,T,mismatch,370,732,1,FALSE
nlgn4a,154,154,1,-,C,G,mismatch,370,732,1,FALSE
nlgn4a,121,121,1,-,T,A,mismatch,371,732,1,FALSE
nlgn4a,132,132,1,-,G,A,mismatch,371,732,1,FALSE
nlgn4a,130,130,1,-,C,T,mismatch,372,698,1,FALSE
nlgn4a,143,143,1,-,C,T,mismatch,372,698,1,FALSE
nlgn4a,214,214,1,-,T,A,mismatch,372,698,1,FALSE
nlgn4a,153,153,1,-,G,C,mismatch,373,716,1,FALSE
nlgn4a,121,121,1,-,T,A,mismatch,375,716,1,FALSE
nlgn4a,107,107,1,-,T,C,mismatch,377,689,1,FALSE
nlgn4a,117,117,1,-,A,C,mismatch,377,689,1,FALSE
nlgn4a,176,176,1,-,G,T,mismatch,377,689,1,FALSE
nlgn4a,203,203,1,-,G,A,mismatch,377,689,1,FALSE
nlgn4a,165,165,1,-,C,G,mismatch,378,716,1,FALSE
nlgn4a,199,199,1,-,G,C,mismatch,381,716,1,FALSE
nlgn4a,153,153,1,-,G,C,mismatch,383,716,1,FALSE
nlgn4a,206,206,1,-,A,T,mismatch,384,716,1,FALSE
nlgn4a,107,107,1,-,T,G,mismatch,385,707,1,FALSE
nlgn4a,119,119,1,-,T,G,mismatch,385,707,1,FALSE
nlgn4a,110,110,1,-,T,A,mismatch,387,732,1,FALSE
nlgn4a,150,150,1,-,T,C,mismatch,387,732,1,FALSE
nlgn4a,99,99,1,-,C,G,mismatch,388,707,1,FALSE
nlgn4a,205,205,1,-,A,T,mismatch,388,707,1,FALSE
nlgn4a,104,104,1,-,C,T,mismatch,389,707,1,FALSE
nlgn4a,160,160,1,-,A,G,mismatch,390,716,1,FALSE
nlgn4a,136,136,1,-,G,T,mismatch,391,732,1,FALSE
nlgn4a,205,205,1,-,A,G,mismatch,391,732,1,FALSE
nlgn4a,104,104,1,-,C,T,mismatch,392,698,1,FALSE
nlgn4a,142,142,1,-,C,G,mismatch,392,698,1,FALSE
nlgn4a,211,211,1,-,C,T,mismatch,392,698,1,FALSE
nlgn4a,119,119,1,-,T,C,mismatch,393,716,1,FALSE
nlgn4a,184,184,1,-,A,C,mismatch,395,741,1,FALSE
nlgn4a,171,171,1,-,G,T,mismatch,397,716,1,FALSE
nlgn4a,122,122,1,-,G,A,mismatch,399,723,1,FALSE
nlgn4a,143,143,1,-,C,G,mismatch,399,723,1,FALSE
nlgn4a,232,232,1,-,G,T,mismatch,401,716,1,FALSE
nlgn4a,227,227,1,-,T,G,mismatch,402,716,1,FALSE
nlgn4a,156,156,1,-,C,T,mismatch,403,716,1,FALSE
nlgn4a,163,163,1,-,A,C,mismatch,405,716,1,FALSE
nlgn4a,140,140,1,-,G,C,mismatch,407,741,1,FALSE
nlgn4a,104,104,1,-,C,G,mismatch,408,707,1,FALSE
nlgn4a,198,198,1,-,G,A,mismatch,408,707,1,FALSE
nlgn4a,179,179,1,-,A,G,mismatch,409,707,1,FALSE
nlgn4a,119,119,1,-,T,C,mismatch,410,716,1,FALSE
nlgn4a,147,147,1,-,A,G,mismatch,411,707,1,FALSE
nlgn4a,190,190,1,-,A,C,mismatch,411,707,1,FALSE
nlgn4a,136,136,1,-,G,A,mismatch,412,732,1,FALSE
nlgn4a,146,146,1,-,T,A,mismatch,412,732,1,FALSE
nlgn4a,223,223,1,-,A,G,mismatch,413,716,1,FALSE
nlgn4a,107,107,1,-,T,A,mismatch,414,716,1,FALSE
nlgn4a,109,109,1,-,T,G,mismatch,415,707,1,FALSE
nlgn4a,126,126,1,-,G,T,mismatch,415,707,1,FALSE
nlgn4a,114,114,1,-,T,C,mismatch,417,732,1,FALSE
nlgn4a,162,162,1,-,C,T,mismatch,417,732,1,FALSE
nlgn4a,164,164,1,-,C,T,mismatch,419,707,1,FALSE
nlgn4a,102,102,1,-,C,G,mismatch,422,689,1,FALSE
nlgn4a,196,196,1,-,G,C,mismatch,422,689,1,FALSE
nlgn4a,214,214,1,-,T,C,mismatch,422,689,1,FALSE
nlgn4a,156,156,1,-,C,G,mismatch,423,707,1,FALSE
nlgn4a,168,168,1,-,A,C,mismatch,423,707,1,FALSE
nlgn4a,104,104,1,-,C,A,mismatch,424,741,1,FALSE
nlgn4a,153,153,1,-,G,T,mismatch,425,716,1,FALSE
nlgn4a,98,98,1,-,T,C,mismatch,427,707,1,FALSE
nlgn4a,104,104,1,-,C,A,mismatch,427,707,1,FALSE
nlgn4a,119,119,1,-,T,G,mismatch,428,716,1,FALSE
nlgn4a,109,109,1,-,T,G,mismatch,429,716,1,FALSE
nlgn4a,135,135,1,-,T,C,mismatch,430,716,1,FALSE
nlgn4a,127,127,1,-,C,T,mismatch,431,732,1,FALSE
nlgn4a,157,157,1,-,A,C,mismatch,431,732,1,FALSE
nlgn4a,162,162,1,-,C,A,mismatch,433,741,1,FALSE
nlgn4a,180,180,1,-,A,T,mismatch,434,741,1,FALSE
nlgn4a,170,170,1,-,T,A,mismatch,435,716,1,FALSE
nlgn4a,100,100,1,-,T,A,mismatch,436,707,1,FALSE
nlgn4a,148,148,1,-,C,G,mismatch,436,707,1,FALSE
nlgn4a,96,96,1,-,A,G,mismatch,437,698,1,FALSE
nlgn4a,169,169,1,-,T,G,mismatch,437,698,1,FALSE
nlgn4a,131,131,1,-,T,A,mismatch,439,711,1,FALSE
nlgn4a,146,146,1,-,T,G,mismatch,440,732,1,FALSE
nlgn4a,221,221,1,-,T,A,mismatch,440,732,1,FALSE
nlgn4a,141,141,1,-,G,A,mismatch,441,716,1,FALSE
nlgn4a,190,190,1,-,A,C,mismatch,442,716,1,FALSE
nlgn4a,170,170,1,-,T,A,mismatch,445,716,1,FALSE
nlgn4a,184,184,1,-,A,T,mismatch,446,732,1,FALSE
nlgn4a,190,190,1,-,A,C,mismatch,446,732,1,FALSE
nlgn4a,143,143,1,-,C,G,mismatch,447,741,1,FALSE
nlgn4a,211,211,1,-,C,T,mismatch,452,741,1,FALSE
nlgn4a,107,107,1,-,T,G,mismatch,454,716,1,FALSE
nlgn4a,149,149,1,-,A,G,mismatch,457,716,1,FALSE
nlgn4a,174,174,1,-,A,C,mismatch,458,716,1,FALSE
nlgn4a,123,123,1,-,C,A,mismatch,459,707,1,FALSE
nlgn4a,202,202,1,-,T,C,mismatch,459,707,1,FALSE
nlgn4a,127,127,1,-,C,A,mismatch,460,741,1,FALSE
nlgn4a,174,174,1,-,A,G,mismatch,461,716,1,FALSE
nlgn4a,190,190,1,-,A,G,mismatch,462,741,1,FALSE
nlgn4a,120,120,1,-,G,A,mismatch,463,702,1,FALSE
nlgn4a,106,106,1,-,T,A,mismatch,464,723,1,FALSE
nlgn4a,128,128,1,-,G,A,mismatch,464,723,1,FALSE
nlgn4a,130,130,1,-,C,G,mismatch,464,723,1,FALSE
nlgn4a,105,105,1,-,C,A,mismatch,465,741,1,FALSE
nlgn4a,123,123,1,-,C,G,mismatch,466,716,1,FALSE
nlgn4a,189,189,1,-,A,T,mismatch,468,732,1,FALSE
nlgn4a,191,191,1,-,G,A,mismatch,468,732,1,FALSE
nlgn4a,181,181,1,-,A,G,mismatch,469,716,1,FALSE
nlgn4a,187,187,1,-,G,T,mismatch,470,711,1,FALSE
nlgn4a,173,173,1,-,T,C,mismatch,471,702,1,FALSE
nlgn4a,181,181,1,-,A,T,mismatch,471,702,1,FALSE
nlgn4a,151,151,1,-,G,T,mismatch,472,711,1,FALSE
nlgn4a,115,115,1,-,G,T,mismatch,473,702,1,FALSE
nlgn4a,131,131,1,-,T,G,mismatch,473,702,1,FALSE
nlgn4a,109,109,1,-,T,A,mismatch,474,693,1,FALSE
nlgn4a,146,146,1,-,T,C,mismatch,474,693,1,FALSE
nlgn4a,203,203,1,-,G,C,mismatch,474,693,1,FALSE
nlgn4a,123,123,1,-,C,T,mismatch,475,693,1,FALSE
nlgn4a,176,176,1,-,G,C,mismatch,475,693,1,FALSE
nlgn4a,145,145,1,-,T,C,mismatch,477,732,1,FALSE
nlgn4a,155,155,1,-,T,A,mismatch,477,732,1,FALSE
nlgn4a,174,174,1,-,A,C,mismatch,478,716,1,FALSE
nlgn4a,217,217,1,-,C,T,mismatch,479,711,1,FALSE
nlgn4a,108,108,1,-,T,A,mismatch,480,702,1,FALSE
nlgn4a,184,184,1,-,A,G,mismatch,480,702,1,FALSE
nlgn4a,129,129,1,-,G,T,mismatch,481,711,1,FALSE
nlgn4a,105,105,1,-,C,T,mismatch,482,693,1,FALSE
nlgn4a,163,163,1,-,A,C,mismatch,482,693,1,FALSE
nlgn4a,183,183,1,-,T,G,mismatch,482,693,1,FALSE
nlgn4a,107,107,1,-,T,C,mismatch,483,702,1,FALSE
nlgn4a,211,211,1,-,C,A,mismatch,483,702,1,FALSE
nlgn4a,160,160,1,-,A,C,mismatch,484,702,1,FALSE
nlgn4a,109,109,1,-,T,G,mismatch,485,732,1,FALSE
nlgn4a,117,117,1,-,A,T,mismatch,485,732,1,FALSE
nlgn4a,137,137,1,-,G,C,mismatch,487,732,1,FALSE
nlgn4a,178,178,1,-,C,G,mismatch,487,732,1,FALSE
nlgn4a,141,141,1,-,G,T,mismatch,488,732,1,FALSE
nlgn4a,177,177,1,-,A,G,mismatch,488,732,1,FALSE
nlgn4a,135,135,1,-,T,C,mismatch,489,741,1,FALSE
nlgn4a,118,118,1,-,T,G,mismatch,490,732,1,FALSE
nlgn4a,122,122,1,-,G,A,mismatch,490,732,1,FALSE
nlgn4a,156,156,1,-,C,G,mismatch,491,716,1,FALSE
nlgn4a,189,189,1,-,A,T,mismatch,492,732,1,FALSE
nlgn4a,203,203,1,-,G,T,mismatch,492,732,1,FALSE
nlgn4a,106,106,1,-,T,A,mismatch,493,732,1,FALSE
nlgn4a,118,118,1,-,T,G,mismatch,493,732,1,FALSE
nlgn4a,113,113,1,-,C,G,mismatch,494,732,1,FALSE
nlgn4a,140,140,1,-,G,A,mismatch,494,732,1,FALSE
nlgn4a,191,191,1,-,G,T,mismatch,495,707,1,FALSE
nlgn4a,225,225,1,-,A,G,mismatch,495,707,1,FALSE
nlgn4a,111,111,1,-,A,G,mismatch,497,698,1,FALSE
nlgn4a,172,172,1,-,T,C,mismatch,497,698,1,FALSE
nlgn4a,225,225,1,-,A,C,mismatch,497,698,1,FALSE
nlgn4a,173,173,1,-,T,A,mismatch,498,707,1,FALSE
nlgn4a,196,196,1,-,G,T,mismatch,498,707,1,FALSE
nlgn4a,122,122,1,-,G,C,mismatch,499,707,1,FALSE
nlgn4a,184,184,1,-,A,T,mismatch,499,707,1,FALSE
nlgn4a,102,102,1,-,C,A,mismatch,500,698,1,FALSE
nlgn4a,146,146,1,-,T,G,mismatch,500,698,1,FALSE
nlgn4a,181,181,1,-,A,T,mismatch,500,698,1,FALSE
nlgn4a,177,177,1,-,A,T,mismatch,501,716,1,FALSE
nlgn4a,108,108,1,-,T,G,mismatch,502,698,1,FALSE
nlgn4a,149,149,1,-,A,C,mismatch,502,698,1,FALSE
nlgn4a,163,163,1,-,A,T,mismatch,502,698,1,FALSE
nlgn4a,115,115,1,-,G,C,mismatch,503,707,1,FALSE
nlgn4a,157,157,1,-,A,C,mismatch,503,707,1,FALSE
nlgn4a,156,156,1,-,C,G,mismatch,504,716,1,FALSE
nlgn4a,153,153,1,-,G,T,mismatch,505,716,1,FALSE
nlgn4a,114,114,1,-,T,A,mismatch,506,698,1,FALSE
nlgn4a,131,131,1,-,T,G,mismatch,506,698,1,FALSE
nlgn4a,149,149,1,-,A,G,mismatch,506,698,1,FALSE
nlgn4a,126,126,1,-,G,T,mismatch,508,716,1,FALSE
nlgn4a,100,100,1,-,T,A,mismatch,509,707,1,FALSE
nlgn4a,123,123,1,-,C,G,mismatch,509,707,1,FALSE
nlgn4a,112,112,1,-,C,G,mismatch,510,716,1,FALSE
nlgn4a,104,104,1,-,C,G,mismatch,511,716,1,FALSE
nlgn4a,102,102,1,-,C,T,mismatch,512,716,1,FALSE
nlgn4a,106,106,1,-,T,G,mismatch,513,716,1,FALSE
nlgn4a,106,106,1,-,T,A,mismatch,514,716,1,FALSE
nlgn4a,101,101,1,-,A,C,mismatch,515,707,1,FALSE
nlgn4a,112,112,1,-,C,A,mismatch,515,707,1,FALSE
nlgn4a,118,118,1,-,T,C,mismatch,516,716,1,FALSE
nlgn4a,121,121,1,-,T,C,mismatch,517,716,1,FALSE
nlgn4a,150,150,1,-,T,G,mismatch,518,716,1,FALSE
nlgn4a,155,155,1,-,T,C,mismatch,519,716,1,FALSE
nlgn4a,158,158,1,-,G,C,mismatch,520,716,1,FALSE
nlgn4a,114,114,1,-,T,C,mismatch,521,707,1,FALSE
nlgn4a,173,173,1,-,T,C,mismatch,521,707,1,FALSE
nlgn4a,109,109,1,-,T,A,mismatch,522,689,1,FALSE
nlgn4a,116,116,1,-,G,T,mismatch,522,689,1,FALSE
nlgn4a,167,167,1,-,T,C,mismatch,522,689,1,FALSE
nlgn4a,176,176,1,-,G,C,mismatch,522,689,1,FALSE
nlgn4a,115,115,1,-,G,T,mismatch,523,707,1,FALSE
nlgn4a,183,183,1,-,T,A,mismatch,523,707,1,FALSE
nlgn4a,105,105,1,-,C,A,mismatch,524,698,1,FALSE
nlgn4a,178,178,1,-,C,T,mismatch,524,698,1,FALSE
nlgn4a,187,187,1,-,G,A,mismatch,524,698,1,FALSE
nlgn4a,112,112,1,-,C,A,mismatch,525,707,1,FALSE
nlgn4a,192,192,1,-,C,A,mismatch,525,707,1,FALSE
nlgn4a,111,111,1,-,A,C,mismatch,526,707,1,FALSE
nlgn4a,201,201,1,-,T,C,mismatch,526,707,1,FALSE
nlgn4a,129,129,1,-,G,A,mismatch,527,707,1,FALSE
nlgn4a,232,232,1,-,G,A,mismatch,527,707,1,FALSE
nlgn4a,125,125,1,-,T,C,mismatch,528,741,1,FALSE
nlgn4a,184,184,1,-,A,C,mismatch,529,741,1,FALSE
nlgn4a,150,150,1,-,T,A,mismatch,530,741,1,FALSE
nlgn4a,113,113,1,-,C,A,mismatch,531,723,1,FALSE
nlgn4a,127,127,1,-,C,G,mismatch,531,723,1,FALSE
nlgn4a,151,151,1,-,G,T,mismatch,531,723,1,FALSE
nlgn4a,143,143,1,-,C,T,mismatch,532,741,1,FALSE
nlgn4a,161,161,1,-,G,C,mismatch,534,741,1,FALSE
nlgn4a,111,111,1,-,A,G,mismatch,535,723,1,FALSE
nlgn4a,124,124,1,-,T,A,mismatch,535,723,1,FALSE
nlgn4a,157,157,1,-,A,C,mismatch,535,723,1,FALSE
nlgn4a,136,136,1,-,G,T,mismatch,537,732,1,FALSE
nlgn4a,195,195,1,-,A,C,mismatch,537,732,1,FALSE
nlgn4a,161,161,1,-,G,A,mismatch,539,723,1,FALSE
nlgn4a,169,169,1,-,T,A,mismatch,539,723,1,FALSE
nlgn4a,178,178,1,-,C,G,mismatch,539,723,1,FALSE
nlgn4a,146,146,1,-,T,G,mismatch,540,732,1,FALSE
nlgn4a,153,153,1,-,G,T,mismatch,540,732,1,FALSE
nlgn4a,154,154,1,-,C,A,mismatch,542,741,1,FALSE
nlgn4a,142,142,1,-,C,G,mismatch,544,732,1,FALSE
nlgn4a,172,172,1,-,T,C,mismatch,544,732,1,FALSE
nlgn4a,119,119,1,-,T,A,mismatch,545,732,1,FALSE
nlgn4a,169,169,1,-,T,C,mismatch,545,732,1,FALSE
nlgn4a,199,199,1,-,G,T,mismatch,547,741,1,FALSE
nlgn4a,131,131,1,-,T,G,mismatch,548,741,1,FALSE
nlgn4a,218,218,1,-,C,G,mismatch,549,741,1,FALSE
nlgn4a,165,165,1,-,C,T,mismatch,550,741,1,FALSE
nlgn4a,229,229,1,-,T,C,mismatch,551,741,1,FALSE
nlgn4a,107,107,1,-,T,G,mismatch,554,732,1,FALSE
nlgn4a,203,203,1,-,G,C,mismatch,555,732,1,FALSE
nlgn4a,135,135,1,-,T,A,mismatch,557,714,1,FALSE
nlgn4a,171,171,1,-,G,A,mismatch,557,714,1,FALSE
nlgn4a,180,180,1,-,A,T,mismatch,557,714,1,FALSE
nlgn4a,109,109,1,-,T,G,mismatch,558,714,1,FALSE
nlgn4a,114,114,1,-,T,C,mismatch,558,714,1,FALSE
nlgn4a,139,139,1,-,T,C,mismatch,558,714,1,FALSE
nlgn4a,188,188,1,-,C,T,mismatch,560,732,1,FALSE
nlgn4a,169,169,1,-,T,G,mismatch,561,723,1,FALSE
nlgn4a,178,178,1,-,C,T,mismatch,561,723,1,FALSE
nlgn4a,104,104,1,-,C,T,mismatch,562,732,1,FALSE
nlgn4a,155,155,1,-,T,C,mismatch,563,732,1,FALSE
nlgn4a,107,107,1,-,T,A,mismatch,565,732,1,FALSE
nlgn4a,163,163,1,-,A,T,mismatch,566,723,1,FALSE
nlgn4a,204,204,1,-,A,T,mismatch,566,723,1,FALSE
nlgn4a,196,196,1,-,G,T,mismatch,568,732,1,FALSE
nlgn4a,143,143,1,-,C,G,mismatch,569,732,1,FALSE
nlgn4a,106,106,1,-,T,C,mismatch,570,723,1,FALSE
nlgn4a,148,148,1,-,C,G,mismatch,570,723,1,FALSE
nlgn4a,217,217,1,-,C,A,mismatch,573,723,1,FALSE
nlgn4a,231,231,1,-,G,T,mismatch,573,723,1,FALSE
nlgn4a,161,161,1,-,G,C,mismatch,574,732,1,FALSE
nlgn4a,211,211,1,-,C,T,mismatch,575,723,1,FALSE
nlgn4a,227,227,1,-,T,G,mismatch,575,723,1,FALSE
nlgn4a,110,110,1,-,T,C,mismatch,577,705,1,FALSE
nlgn4a,133,133,1,-,C,T,mismatch,577,705,1,FALSE
nlgn4a,136,136,1,-,G,C,mismatch,577,705,1,FALSE
nlgn4a,217,217,1,-,C,G,mismatch,577,705,1,FALSE
nlgn4a,115,115,1,-,G,A,mismatch,579,723,1,FALSE
nlgn4a,132,132,1,-,G,C,mismatch,579,723,1,FALSE
nlgn4a,194,194,1,-,A,G,mismatch,580,732,1,FALSE
nlgn4a,111,111,1,-,A,G,mismatch,582,723,1,FALSE
nlgn4a,128,128,1,-,G,A,mismatch,582,723,1,FALSE
nlgn4a,158,158,1,-,G,A,mismatch,583,723,1,FALSE
nlgn4a,198,198,1,-,G,T,mismatch,583,723,1,FALSE
nlgn4a,231,231,1,-,G,T,mismatch,583,723,1,FALSE
nlgn4a,186,186,1,-,G,T,mismatch,584,732,1,FALSE
nlgn4a,230,230,1,-,A,T,mismatch,584,732,1,FALSE
nlgn4a,228,228,1,-,C,T,mismatch,585,741,1,FALSE
nlgn4a,135,135,1,-,T,G,mismatch,586,732,1,FALSE
nlgn4a,228,228,1,-,C,T,mismatch,586,732,1,FALSE
nlgn4a,165,165,1,-,C,T,mismatch,587,732,1,FALSE
nlgn4a,228,228,1,-,C,G,mismatch,587,732,1,FALSE
nlgn4a,169,169,1,-,T,C,mismatch,588,732,1,FALSE
nlgn4a,228,228,1,-,C,G,mismatch,588,732,1,FALSE
nlgn4a,187,187,1,-,G,A,mismatch,589,723,1,FALSE
nlgn4a,206,206,1,-,A,G,mismatch,589,723,1,FALSE
nlgn4a,225,225,1,-,A,T,mismatch,589,723,1,FALSE
nlgn4a,130,130,1,-,C,T,mismatch,590,732,1,FALSE
nlgn4a,225,225,1,-,A,T,mismatch,590,732,1,FALSE
nlgn4a,223,223,1,-,A,T,mismatch,591,723,1,FALSE
nlgn4a,223,223,1,-,A,G,mismatch,592,741,1,FALSE
nlgn4a,223,223,1,-,A,C,mismatch,593,741,1,FALSE
nlgn4a,222,222,1,-,G,T,mismatch,594,741,1,FALSE
nlgn4a,151,151,1,-,G,A,mismatch,595,732,1,FALSE
nlgn4a,220,220,1,-,A,T,mismatch,595,732,1,FALSE
nlgn4a,220,220,1,-,A,G,mismatch,596,741,1,FALSE
nlgn4a,220,220,1,-,A,C,mismatch,597,741,1,FALSE
nlgn4a,162,162,1,-,C,T,mismatch,598,723,1,FALSE
nlgn4a,199,199,1,-,G,A,mismatch,598,723,1,FALSE
nlgn4a,219,219,1,-,A,T,mismatch,598,723,1,FALSE
nlgn4a,219,219,1,-,A,C,mismatch,599,741,1,FALSE
nlgn4a,123,123,1,-,C,G,mismatch,600,714,1,FALSE
nlgn4a,131,131,1,-,T,G,mismatch,600,714,1,FALSE
nlgn4a,149,149,1,-,A,T,mismatch,600,714,1,FALSE
nlgn4a,218,218,1,-,C,G,mismatch,600,714,1,FALSE
nlgn4a,146,146,1,-,T,A,mismatch,601,714,1,FALSE
nlgn4a,152,152,1,-,G,C,mismatch,601,714,1,FALSE
nlgn4a,172,172,1,-,T,C,mismatch,601,714,1,FALSE
nlgn4a,218,218,1,-,C,G,mismatch,601,714,1,FALSE
nlgn4a,146,146,1,-,T,C,mismatch,602,732,1,FALSE
nlgn4a,217,217,1,-,C,T,mismatch,602,732,1,FALSE
nlgn4a,217,217,1,-,C,G,mismatch,603,741,1,FALSE
nlgn4a,169,169,1,-,T,C,mismatch,604,714,1,FALSE
nlgn4a,187,187,1,-,G,T,mismatch,604,714,1,FALSE
nlgn4a,199,199,1,-,G,A,mismatch,604,714,1,FALSE
nlgn4a,217,217,1,-,C,G,mismatch,604,714,1,FALSE
nlgn4a,117,117,1,-,A,T,mismatch,605,714,1,FALSE
nlgn4a,175,175,1,-,C,G,mismatch,605,714,1,FALSE
nlgn4a,194,194,1,-,A,T,mismatch,605,714,1,FALSE
nlgn4a,216,216,1,-,C,G,mismatch,605,714,1,FALSE
nlgn4a,103,103,1,-,G,C,mismatch,606,705,1,FALSE
nlgn4a,118,118,1,-,T,C,mismatch,606,705,1,FALSE
nlgn4a,134,134,1,-,G,A,mismatch,606,705,1,FALSE
nlgn4a,159,159,1,-,C,G,mismatch,606,705,1,FALSE
nlgn4a,213,213,1,-,C,G,mismatch,606,705,1,FALSE
nlgn4a,146,146,1,-,T,C,mismatch,607,714,1,FALSE
nlgn4a,166,166,1,-,C,G,mismatch,607,714,1,FALSE
nlgn4a,198,198,1,-,G,A,mismatch,607,714,1,FALSE
nlgn4a,213,213,1,-,C,G,mismatch,607,714,1,FALSE
nlgn4a,211,211,1,-,C,G,mismatch,608,741,1,FALSE
nlgn4a,185,185,1,-,T,G,mismatch,609,732,1,FALSE
nlgn4a,209,209,1,-,A,T,mismatch,609,732,1,FALSE
nlgn4a,209,209,1,-,A,G,mismatch,610,741,1,FALSE
nlgn4a,145,145,1,-,T,G,mismatch,611,723,1,FALSE
nlgn4a,204,204,1,-,A,G,mismatch,611,723,1,FALSE
nlgn4a,208,208,1,-,C,T,mismatch,611,723,1,FALSE
nlgn4a,179,179,1,-,A,C,mismatch,612,732,1,FALSE
nlgn4a,207,207,1,-,A,T,mismatch,612,732,1,FALSE
nlgn4a,207,207,1,-,A,T,mismatch,613,741,1,FALSE
nlgn4a,207,207,1,-,A,C,mismatch,614,741,1,FALSE
nlgn4a,158,158,1,-,G,C,mismatch,615,732,1,FALSE
nlgn4a,206,206,1,-,A,T,mismatch,615,732,1,FALSE
nlgn4a,206,206,1,-,A,G,mismatch,616,741,1,FALSE
nlgn4a,205,205,1,-,A,T,mismatch,617,741,1,FALSE
nlgn4a,205,205,1,-,A,C,mismatch,618,741,1,FALSE
nlgn4a,163,163,1,-,A,T,mismatch,619,732,1,FALSE
nlgn4a,204,204,1,-,A,T,mismatch,619,732,1,FALSE
nlgn4a,204,204,1,-,A,G,mismatch,620,741,1,FALSE
nlgn4a,204,204,1,-,A,C,mismatch,621,741,1,FALSE
nlgn4a,203,203,1,-,G,T,mismatch,622,741,1,FALSE
nlgn4a,200,200,1,-,C,T,mismatch,623,741,1,FALSE
nlgn4a,116,116,1,-,G,A,mismatch,624,723,1,FALSE
nlgn4a,134,134,1,-,G,C,mismatch,624,723,1,FALSE
nlgn4a,200,200,1,-,C,G,mismatch,624,723,1,FALSE
nlgn4a,117,117,1,-,A,G,mismatch,625,732,1,FALSE
nlgn4a,199,199,1,-,G,T,mismatch,625,732,1,FALSE
nlgn4a,199,199,1,-,G,T,mismatch,626,741,1,FALSE
nlgn4a,198,198,1,-,G,T,mismatch,627,741,1,FALSE
nlgn4a,197,197,1,-,A,G,mismatch,628,741,1,FALSE
nlgn4a,151,151,1,-,G,T,mismatch,629,732,1,FALSE
nlgn4a,195,195,1,-,A,T,mismatch,629,732,1,FALSE
nlgn4a,118,118,1,-,T,G,mismatch,630,723,1,FALSE
nlgn4a,120,120,1,-,G,T,mismatch,630,723,1,FALSE
nlgn4a,195,195,1,-,A,T,mismatch,630,723,1,FALSE
nlgn4a,137,137,1,-,G,A,mismatch,631,732,1,FALSE
nlgn4a,195,195,1,-,A,T,mismatch,631,732,1,FALSE
nlgn4a,108,108,1,-,T,A,mismatch,632,705,1,FALSE
nlgn4a,111,111,1,-,A,T,mismatch,632,705,1,FALSE
nlgn4a,151,151,1,-,G,T,mismatch,632,705,1,FALSE
nlgn4a,173,173,1,-,T,G,mismatch,632,705,1,FALSE
nlgn4a,195,195,1,-,A,C,mismatch,632,705,1,FALSE
nlgn4a,194,194,1,-,A,C,mismatch,633,741,1,FALSE
nlgn4a,152,152,1,-,G,T,mismatch,634,732,1,FALSE
nlgn4a,190,190,1,-,A,T,mismatch,634,732,1,FALSE
nlgn4a,131,131,1,-,T,A,mismatch,635,723,1,FALSE
nlgn4a,140,140,1,-,G,A,mismatch,635,723,1,FALSE
nlgn4a,190,190,1,-,A,T,mismatch,635,723,1,FALSE
nlgn4a,103,103,1,-,G,C,mismatch,636,696,1,FALSE
nlgn4a,119,119,1,-,T,G,mismatch,636,696,1,FALSE
nlgn4a,150,150,1,-,T,G,mismatch,636,696,1,FALSE
nlgn4a,173,173,1,-,T,G,mismatch,636,696,1,FALSE
nlgn4a,182,182,1,-,C,A,mismatch,636,696,1,FALSE
nlgn4a,189,189,1,-,A,T,mismatch,636,696,1,FALSE
nlgn4a,109,109,1,-,T,C,mismatch,637,732,1,FALSE
nlgn4a,189,189,1,-,A,G,mismatch,637,732,1,FALSE
nlgn4a,152,152,1,-,G,C,mismatch,638,732,1,FALSE
nlgn4a,189,189,1,-,A,G,mismatch,638,732,1,FALSE
nlgn4a,112,112,1,-,C,T,mismatch,639,732,1,FALSE
nlgn4a,189,189,1,-,A,C,mismatch,639,732,1,FALSE
nlgn4a,189,189,1,-,A,C,mismatch,640,741,1,FALSE
nlgn4a,116,116,1,-,G,A,mismatch,641,732,1,FALSE
nlgn4a,189,189,1,-,A,C,mismatch,641,732,1,FALSE
nlgn4a,107,107,1,-,T,A,mismatch,642,732,1,FALSE
nlgn4a,188,188,1,-,C,T,mismatch,642,732,1,FALSE
nlgn4a,147,147,1,-,A,C,mismatch,643,732,1,FALSE
nlgn4a,188,188,1,-,C,G,mismatch,643,732,1,FALSE
nlgn4a,188,188,1,-,C,G,mismatch,644,741,1,FALSE
nlgn4a,105,105,1,-,C,G,mismatch,645,732,1,FALSE
nlgn4a,187,187,1,-,G,T,mismatch,645,732,1,FALSE
nlgn4a,143,143,1,-,C,T,mismatch,646,732,1,FALSE
nlgn4a,186,186,1,-,G,T,mismatch,646,732,1,FALSE
nlgn4a,167,167,1,-,T,A,mismatch,647,732,1,FALSE
nlgn4a,184,184,1,-,A,T,mismatch,647,732,1,FALSE
nlgn4a,184,184,1,-,A,G,mismatch,648,741,1,FALSE
nlgn4a,142,142,1,-,C,G,mismatch,649,732,1,FALSE
nlgn4a,184,184,1,-,A,C,mismatch,649,732,1,FALSE
nlgn4a,106,106,1,-,T,A,mismatch,650,723,1,FALSE
nlgn4a,115,115,1,-,G,T,mismatch,650,723,1,FALSE
nlgn4a,184,184,1,-,A,C,mismatch,650,723,1,FALSE
nlgn4a,184,184,1,-,A,C,mismatch,651,741,1,FALSE
nlgn4a,130,130,1,-,C,A,mismatch,652,732,1,FALSE
nlgn4a,181,181,1,-,A,T,mismatch,652,732,1,FALSE
nlgn4a,181,181,1,-,A,C,mismatch,653,741,1,FALSE
nlgn4a,180,180,1,-,A,T,mismatch,654,741,1,FALSE
nlgn4a,180,180,1,-,A,G,mismatch,655,741,1,FALSE
nlgn4a,109,109,1,-,T,C,mismatch,656,732,1,FALSE
nlgn4a,180,180,1,-,A,G,mismatch,656,732,1,FALSE
nlgn4a,180,180,1,-,A,C,mismatch,657,741,1,FALSE
nlgn4a,179,179,1,-,A,T,mismatch,658,741,1,FALSE
nlgn4a,118,118,1,-,T,G,mismatch,659,723,1,FALSE
nlgn4a,127,127,1,-,C,A,mismatch,659,723,1,FALSE
nlgn4a,179,179,1,-,A,T,mismatch,659,723,1,FALSE
nlgn4a,104,104,1,-,C,T,mismatch,660,732,1,FALSE
nlgn4a,179,179,1,-,A,C,mismatch,660,732,1,FALSE
nlgn4a,147,147,1,-,A,G,mismatch,661,732,1,FALSE
nlgn4a,177,177,1,-,A,T,mismatch,661,732,1,FALSE
nlgn4a,177,177,1,-,A,G,mismatch,662,741,1,FALSE
nlgn4a,153,153,1,-,G,T,mismatch,663,723,1,FALSE
nlgn4a,174,174,1,-,A,C,mismatch,663,723,1,FALSE
nlgn4a,177,177,1,-,A,C,mismatch,663,723,1,FALSE
nlgn4a,139,139,1,-,T,A,mismatch,664,732,1,FALSE
nlgn4a,177,177,1,-,A,C,mismatch,664,732,1,FALSE
nlgn4a,176,176,1,-,G,T,mismatch,665,741,1,FALSE
nlgn4a,118,118,1,-,T,C,mismatch,666,732,1,FALSE
nlgn4a,176,176,1,-,G,T,mismatch,666,732,1,FALSE
nlgn4a,142,142,1,-,C,A,mismatch,667,732,1,FALSE
nlgn4a,175,175,1,-,C,G,mismatch,667,732,1,FALSE
nlgn4a,159,159,1,-,C,T,mismatch,668,732,1,FALSE
nlgn4a,171,171,1,-,G,T,mismatch,668,732,1,FALSE
nlgn4a,171,171,1,-,G,T,mismatch,669,741,1,FALSE
nlgn4a,113,113,1,-,C,T,mismatch,670,723,1,FALSE
nlgn4a,164,164,1,-,C,G,mismatch,670,723,1,FALSE
nlgn4a,168,168,1,-,A,C,mismatch,670,723,1,FALSE
nlgn4a,166,166,1,-,C,T,mismatch,671,741,1,FALSE
nlgn4a,110,110,1,-,T,G,mismatch,672,732,1,FALSE
nlgn4a,165,165,1,-,C,T,mismatch,672,732,1,FALSE
nlgn4a,139,139,1,-,T,A,mismatch,673,732,1,FALSE
nlgn4a,165,165,1,-,C,T,mismatch,673,732,1,FALSE
nlgn4a,163,163,1,-,A,G,mismatch,674,741,1,FALSE
nlgn4a,103,103,1,-,G,C,mismatch,675,714,1,FALSE
nlgn4a,139,139,1,-,T,A,mismatch,675,714,1,FALSE
nlgn4a,145,145,1,-,T,A,mismatch,675,714,1,FALSE
nlgn4a,163,163,1,-,A,G,mismatch,675,714,1,FALSE
nlgn4a,142,142,1,-,C,G,mismatch,676,723,1,FALSE
nlgn4a,153,153,1,-,G,T,mismatch,676,723,1,FALSE
nlgn4a,162,162,1,-,C,T,mismatch,676,723,1,FALSE
nlgn4a,162,162,1,-,C,G,mismatch,677,741,1,FALSE
nlgn4a,159,159,1,-,C,G,mismatch,678,741,1,FALSE
nlgn4a,132,132,1,-,G,A,mismatch,680,732,1,FALSE
nlgn4a,157,157,1,-,A,G,mismatch,680,732,1,FALSE
nlgn4a,157,157,1,-,A,C,mismatch,681,741,1,FALSE
nlgn4a,131,131,1,-,T,A,mismatch,682,732,1,FALSE
nlgn4a,157,157,1,-,A,C,mismatch,682,732,1,FALSE
nlgn4a,154,154,1,-,C,T,mismatch,683,741,1,FALSE
nlgn4a,153,153,1,-,G,T,mismatch,684,741,1,FALSE
nlgn4a,121,121,1,-,T,A,mismatch,685,732,1,FALSE
nlgn4a,152,152,1,-,G,T,mismatch,685,732,1,FALSE
nlgn4a,138,138,1,-,C,G,mismatch,686,732,1,FALSE
nlgn4a,149,149,1,-,A,G,mismatch,686,732,1,FALSE
nlgn4a,147,147,1,-,A,C,mismatch,687,741,1,FALSE
nlgn4a,122,122,1,-,G,A,mismatch,688,723,1,FALSE
nlgn4a,111,111,1,-,A,G,mismatch,689,732,1,FALSE
nlgn4a,143,143,1,-,C,G,mismatch,689,732,1,FALSE
nlgn4a,143,143,1,-,C,G,mismatch,690,741,1,FALSE
nlgn4a,119,119,1,-,T,G,mismatch,691,732,1,FALSE
nlgn4a,142,142,1,-,C,T,mismatch,691,732,1,FALSE
nlgn4a,122,122,1,-,G,C,mismatch,692,732,1,FALSE
nlgn4a,142,142,1,-,C,T,mismatch,692,732,1,FALSE
nlgn4a,142,142,1,-,C,G,mismatch,693,741,1,FALSE
nlgn4a,140,140,1,-,G,T,mismatch,694,741,1,FALSE
nlgn4a,114,114,1,-,T,G,mismatch,695,732,1,FALSE
nlgn4a,140,140,1,-,G,T,mismatch,695,732,1,FALSE
nlgn4a,138,138,1,-,C,T,mismatch,696,741,1,FALSE
nlgn4a,103,103,1,-,G,A,mismatch,697,732,1,FALSE
nlgn4a,138,138,1,-,C,T,mismatch,697,732,1,FALSE
nlgn4a,120,120,1,-,G,T,mismatch,698,732,1,FALSE
nlgn4a,138,138,1,-,C,G,mismatch,698,732,1,FALSE
nlgn4a,138,138,1,-,C,G,mismatch,699,741,1,FALSE
nlgn4a,115,115,1,-,G,A,mismatch,700,714,1,FALSE
nlgn4a,130,130,1,-,C,G,mismatch,700,714,1,FALSE
nlgn4a,132,132,1,-,G,C,mismatch,700,714,1,FALSE
nlgn4a,136,136,1,-,G,T,mismatch,700,714,1,FALSE
nlgn4a,116,116,1,-,G,A,mismatch,701,732,1,FALSE
nlgn4a,134,134,1,-,G,T,mismatch,701,732,1,FALSE
nlgn4a,114,114,1,-,T,A,mismatch,702,723,1,FALSE
nlgn4a,124,124,1,-,T,G,mismatch,702,723,1,FALSE
nlgn4a,134,134,1,-,G,T,mismatch,702,723,1,FALSE
nlgn4a,110,110,1,-,T,A,mismatch,703,732,1,FALSE
nlgn4a,133,133,1,-,C,T,mismatch,703,732,1,FALSE
nlgn4a,133,133,1,-,C,G,mismatch,705,741,1,FALSE
nlgn4a,132,132,1,-,G,T,mismatch,706,741,1,FALSE
nlgn4a,120,120,1,-,G,T,mismatch,707,732,1,FALSE
nlgn4a,130,130,1,-,C,G,mismatch,707,732,1,FALSE
nlgn4a,108,108,1,-,T,C,mismatch,708,732,1,FALSE
nlgn4a,129,129,1,-,G,T,mismatch,708,732,1,FALSE
nlgn4a,128,128,1,-,G,T,mismatch,709,741,1,FALSE
nlgn4a,117,117,1,-,A,G,mismatch,710,732,1,FALSE
nlgn4a,127,127,1,-,C,T,mismatch,710,732,1,FALSE
nlgn4a,103,103,1,-,G,T,mismatch,711,732,1,FALSE
nlgn4a,127,127,1,-,C,G,mismatch,711,732,1,FALSE
nlgn4a,108,108,1,-,T,C,mismatch,712,732,1,FALSE
nlgn4a,127,127,1,-,C,G,mismatch,712,732,1,FALSE
nlgn4a,123,123,1,-,C,T,mismatch,713,732,1,FALSE
nlgn4a,126,126,1,-,G,T,mismatch,713,732,1,FALSE
nlgn4a,123,123,1,-,C,G,mismatch,715,741,1,FALSE
nlgn4a,109,109,1,-,T,A,mismatch,716,723,1,FALSE
nlgn4a,122,122,1,-,G,T,mismatch,717,741,1,FALSE
nlgn4a,112,112,1,-,C,T,mismatch,718,732,1,FALSE
nlgn4a,120,120,1,-,G,T,mismatch,718,732,1,FALSE
nlgn4a,120,120,1,-,G,T,mismatch,719,741,1,FALSE
nlgn4a,106,106,1,-,T,C,mismatch,720,723,1,FALSE
nlgn4a,109,109,1,-,T,C,mismatch,720,723,1,FALSE
nlgn4a,120,120,1,-,G,T,mismatch,720,723,1,FALSE
nlgn4a,117,117,1,-,A,G,mismatch,721,741,1,FALSE
nlgn4a,117,117,1,-,A,C,mismatch,722,741,1,FALSE
nlgn4a,110,110,1,-,T,G,mismatch,723,732,1,FALSE
nlgn4a,116,116,1,-,G,T,mismatch,723,732,1,FALSE
nlgn4a,115,115,1,-,G,T,mismatch,724,741,1,FALSE
nlgn4a,112,112,1,-,C,T,mismatch,726,741,1,FALSE
nlgn4a,112,112,1,-,C,G,mismatch,727,741,1,FALSE
nlgn4a,111,111,1,-,A,T,mismatch,728,741,1,FALSE
nlgn4a,105,105,1,-,C,G,mismatch,729,741,1,FALSE
nlgn4a,104,104,1,-,C,T,mismatch,730,741,1,FALSE
nlgn4a,104,104,1,-,C,G,mismatch,731,741,1,FALSE
nlgn4a,103,103,1,-,G,C,mismatch,732,741,1,FALSE
nlgn4a,103,103,1,-,G,A,mismatch,733,741,1,FALSE
nlgn4a,104,104,1,-,C,A,mismatch,734,741,1,FALSE
nlgn4a,106,106,1,-,T,G,mismatch,735,741,1,FALSE
nlgn4a,105,105,1,-,C,G,mismatch,736,732,1,FALSE
nlgn4a,107,107,1,-,T,G,mismatch,736,732,1,FALSE
nlgn4a,107,107,1,-,T,G,mismatch,737,741,1,FALSE
nlgn4a,107,107,1,-,T,C,mismatch,738,741,1,FALSE
nlgn4a,103,103,1,-,G,T,mismatch,739,732,1,FALSE
nlgn4a,109,109,1,-,T,C,mismatch,739,732,1,FALSE
nlgn4a,110,110,1,-,T,G,mismatch,740,741,1,FALSE
nlgn4a,110,110,1,-,T,A,mismatch,741,741,1,FALSE
nlgn4a,112,112,1,-,C,A,mismatch,742,741,1,FALSE
nlgn4a,115,115,1,-,G,C,mismatch,743,741,1,FALSE
nlgn4a,104,104,1,-,C,T,mismatch,744,732,1,FALSE
nlgn4a,116,116,1,-,G,C,mismatch,744,732,1,FALSE
nlgn4a,108,108,1,-,T,A,mismatch,745,732,1,FALSE
nlgn4a,116,116,1,-,G,C,mismatch,745,732,1,FALSE
nlgn4a,116,116,1,-,G,A,mismatch,746,741,1,FALSE
nlgn4a,118,118,1,-,T,G,mismatch,747,741,1,FALSE
nlgn4a,118,118,1,-,T,A,mismatch,748,741,1,FALSE
nlgn4a,119,119,1,-,T,C,mismatch,749,741,1,FALSE
nlgn4a,120,120,1,-,G,A,mismatch,750,741,1,FALSE
nlgn4a,109,109,1,-,T,C,mismatch,751,732,1,FALSE
nlgn4a,121,121,1,-,T,G,mismatch,751,732,1,FALSE
nlgn4a,121,121,1,-,T,C,mismatch,752,741,1,FALSE
nlgn4a,116,116,1,-,G,C,mismatch,753,732,1,FALSE
nlgn4a,121,121,1,-,T,A,mismatch,753,732,1,FALSE
nlgn4a,122,122,1,-,G,C,mismatch,754,741,1,FALSE
nlgn4a,123,123,1,-,C,A,mismatch,755,741,1,FALSE
nlgn4a,106,106,1,-,T,A,mismatch,756,732,1,FALSE
nlgn4a,124,124,1,-,T,C,mismatch,756,732,1,FALSE
nlgn4a,124,124,1,-,T,A,mismatch,757,741,1,FALSE
nlgn4a,125,125,1,-,T,G,mismatch,758,741,1,FALSE
nlgn4a,125,125,1,-,T,C,mismatch,759,741,1,FALSE
nlgn4a,106,106,1,-,T,G,mismatch,760,732,1,FALSE
nlgn4a,125,125,1,-,T,A,mismatch,760,732,1,FALSE
nlgn4a,103,103,1,-,G,T,mismatch,761,732,1,FALSE
nlgn4a,126,126,1,-,G,C,mismatch,761,732,1,FALSE
nlgn4a,105,105,1,-,C,A,mismatch,762,723,1,FALSE
nlgn4a,114,114,1,-,T,G,mismatch,762,723,1,FALSE
nlgn4a,126,126,1,-,G,A,mismatch,762,723,1,FALSE
nlgn4a,115,115,1,-,G,C,mismatch,763,732,1,FALSE
nlgn4a,127,127,1,-,C,A,mismatch,763,732,1,FALSE
nlgn4a,128,128,1,-,G,C,mismatch,764,741,1,FALSE
nlgn4a,128,128,1,-,G,A,mismatch,765,741,1,FALSE
nlgn4a,129,129,1,-,G,C,mismatch,766,741,1,FALSE
nlgn4a,114,114,1,-,T,C,mismatch,767,732,1,FALSE
nlgn4a,129,129,1,-,G,A,mismatch,767,732,1,FALSE
nlgn4a,130,130,1,-,C,A,mismatch,768,741,1,FALSE
nlgn4a,105,105,1,-,C,G,mismatch,769,732,1,FALSE
nlgn4a,131,131,1,-,T,C,mismatch,769,732,1,FALSE
nlgn4a,131,131,1,-,T,C,mismatch,770,741,1,FALSE
nlgn4a,115,115,1,-,G,C,mismatch,771,732,1,FALSE
nlgn4a,131,131,1,-,T,C,mismatch,771,732,1,FALSE
nlgn4a,126,126,1,-,G,T,mismatch,772,732,1,FALSE
nlgn4a,131,131,1,-,T,A,mismatch,772,732,1,FALSE
nlgn4a,131,131,1,-,T,A,mismatch,773,741,1,FALSE
nlgn4a,132,132,1,-,G,A,mismatch,774,741,1,FALSE
nlgn4a,130,130,1,-,C,T,mismatch,775,732,1,FALSE
nlgn4a,134,134,1,-,G,A,mismatch,775,732,1,FALSE
nlgn4a,121,121,1,-,T,A,mismatch,776,732,1,FALSE
nlgn4a,134,134,1,-,G,A,mismatch,776,732,1,FALSE
nlgn4a,135,135,1,-,T,G,mismatch,777,741,1,FALSE
nlgn4a,120,120,1,-,G,A,mismatch,778,723,1,FALSE
nlgn4a,122,122,1,-,G,A,mismatch,778,723,1,FALSE
nlgn4a,135,135,1,-,T,G,mismatch,778,723,1,FALSE
nlgn4a,106,106,1,-,T,A,mismatch,779,723,1,FALSE
nlgn4a,123,123,1,-,C,T,mismatch,779,723,1,FALSE
nlgn4a,135,135,1,-,T,C,mismatch,779,723,1,FALSE
nlgn4a,135,135,1,-,T,C,mismatch,780,741,1,FALSE
nlgn4a,135,135,1,-,T,A,mismatch,781,741,1,FALSE
nlgn4a,115,115,1,-,G,T,mismatch,782,732,1,FALSE
nlgn4a,136,136,1,-,G,C,mismatch,782,732,1,FALSE
nlgn4a,121,121,1,-,T,C,mismatch,783,723,1,FALSE
nlgn4a,134,134,1,-,G,A,mismatch,783,723,1,FALSE
nlgn4a,136,136,1,-,G,C,mismatch,783,723,1,FALSE
nlgn4a,108,108,1,-,T,C,mismatch,784,732,1,FALSE
nlgn4a,136,136,1,-,G,A,mismatch,784,732,1,FALSE
nlgn4a,137,137,1,-,G,C,mismatch,785,741,1,FALSE
nlgn4a,108,108,1,-,T,A,mismatch,786,732,1,FALSE
nlgn4a,139,139,1,-,T,C,mismatch,786,732,1,FALSE
nlgn4a,140,140,1,-,G,C,mismatch,787,741,1,FALSE
nlgn4a,140,140,1,-,G,A,mismatch,788,741,1,FALSE
nlgn4a,141,141,1,-,G,C,mismatch,789,741,1,FALSE
nlgn4a,141,141,1,-,G,A,mismatch,790,741,1,FALSE
nlgn4a,108,108,1,-,T,A,mismatch,791,732,1,FALSE
nlgn4a,141,141,1,-,G,A,mismatch,791,732,1,FALSE
nlgn4a,117,117,1,-,A,C,mismatch,792,732,1,FALSE
nlgn4a,142,142,1,-,C,A,mismatch,792,732,1,FALSE
nlgn4a,106,106,1,-,T,C,mismatch,793,723,1,FALSE
nlgn4a,127,127,1,-,C,A,mismatch,793,723,1,FALSE
nlgn4a,142,142,1,-,C,A,mismatch,793,723,1,FALSE
nlgn4a,135,135,1,-,T,A,mismatch,794,732,1,FALSE
nlgn4a,142,142,1,-,C,A,mismatch,794,732,1,FALSE
nlgn4a,143,143,1,-,C,A,mismatch,795,741,1,FALSE
nlgn4a,145,145,1,-,T,G,mismatch,796,741,1,FALSE
nlgn4a,120,120,1,-,G,A,mismatch,797,732,1,FALSE
nlgn4a,145,145,1,-,T,G,mismatch,797,732,1,FALSE
nlgn4a,145,145,1,-,T,C,mismatch,798,741,1,FALSE
nlgn4a,146,146,1,-,T,G,mismatch,799,741,1,FALSE
nlgn4a,109,109,1,-,T,G,mismatch,800,732,1,FALSE
nlgn4a,146,146,1,-,T,C,mismatch,800,732,1,FALSE
nlgn4a,114,114,1,-,T,G,mismatch,801,732,1,FALSE
nlgn4a,146,146,1,-,T,C,mismatch,801,732,1,FALSE
nlgn4a,105,105,1,-,C,G,mismatch,802,732,1,FALSE
nlgn4a,148,148,1,-,C,A,mismatch,802,732,1,FALSE
nlgn4a,140,140,1,-,G,A,mismatch,803,714,1,FALSE
nlgn4a,148,148,1,-,C,A,mismatch,803,714,1,FALSE
nlgn4a,125,125,1,-,T,A,mismatch,804,732,1,FALSE
nlgn4a,150,150,1,-,T,C,mismatch,804,732,1,FALSE
nlgn4a,147,147,1,-,A,C,mismatch,805,732,1,FALSE
nlgn4a,150,150,1,-,T,A,mismatch,805,732,1,FALSE
nlgn4a,151,151,1,-,G,C,mismatch,806,741,1,FALSE
nlgn4a,152,152,1,-,G,A,mismatch,807,741,1,FALSE
nlgn4a,106,106,1,-,T,G,mismatch,808,732,1,FALSE
nlgn4a,152,152,1,-,G,A,mismatch,808,732,1,FALSE
nlgn4a,114,114,1,-,T,G,mismatch,809,723,1,FALSE
nlgn4a,150,150,1,-,T,G,mismatch,809,723,1,FALSE
nlgn4a,153,153,1,-,G,C,mismatch,809,723,1,FALSE
nlgn4a,137,137,1,-,G,A,mismatch,810,732,1,FALSE
nlgn4a,154,154,1,-,C,A,mismatch,810,732,1,FALSE
nlgn4a,155,155,1,-,T,A,mismatch,811,741,1,FALSE
nlgn4a,126,126,1,-,G,C,mismatch,812,732,1,FALSE
nlgn4a,159,159,1,-,C,A,mismatch,812,732,1,FALSE
nlgn4a,144,144,1,-,A,T,mismatch,813,732,1,FALSE
nlgn4a,161,161,1,-,G,C,mismatch,813,732,1,FALSE
nlgn4a,164,164,1,-,C,A,mismatch,814,741,1,FALSE
nlgn4a,165,165,1,-,C,A,mismatch,815,741,1,FALSE
nlgn4a,154,154,1,-,C,A,mismatch,816,723,1,FALSE
nlgn4a,160,160,1,-,A,G,mismatch,816,723,1,FALSE
nlgn4a,166,166,1,-,C,A,mismatch,816,723,1,FALSE
nlgn4a,167,167,1,-,T,C,mismatch,817,741,1,FALSE
nlgn4a,123,123,1,-,C,A,mismatch,818,732,1,FALSE
nlgn4a,167,167,1,-,T,C,mismatch,818,732,1,FALSE
nlgn4a,141,141,1,-,G,T,mismatch,819,732,1,FALSE
nlgn4a,167,167,1,-,T,A,mismatch,819,732,1,FALSE
nlgn4a,133,133,1,-,C,T,mismatch,820,732,1,FALSE
nlgn4a,169,169,1,-,T,C,mismatch,820,732,1,FALSE
nlgn4a,128,128,1,-,G,A,mismatch,821,714,1,FALSE
nlgn4a,140,140,1,-,G,C,mismatch,821,714,1,FALSE
nlgn4a,153,153,1,-,G,T,mismatch,821,714,1,FALSE
nlgn4a,169,169,1,-,T,A,mismatch,821,714,1,FALSE
nlgn4a,127,127,1,-,C,T,mismatch,822,732,1,FALSE
nlgn4a,169,169,1,-,T,A,mismatch,822,732,1,FALSE
nlgn4a,139,139,1,-,T,A,mismatch,823,732,1,FALSE
nlgn4a,170,170,1,-,T,G,mismatch,823,732,1,FALSE
nlgn4a,170,170,1,-,T,C,mismatch,824,741,1,FALSE
nlgn4a,171,171,1,-,G,C,mismatch,825,741,1,FALSE
nlgn4a,118,118,1,-,T,G,mismatch,826,723,1,FALSE
nlgn4a,166,166,1,-,C,T,mismatch,826,723,1,FALSE
nlgn4a,171,171,1,-,G,A,mismatch,826,723,1,FALSE
nlgn4a,171,171,1,-,G,A,mismatch,827,741,1,FALSE
nlgn4a,105,105,1,-,C,G,mismatch,828,732,1,FALSE
nlgn4a,172,172,1,-,T,G,mismatch,828,732,1,FALSE
nlgn4a,172,172,1,-,T,G,mismatch,829,741,1,FALSE
nlgn4a,170,170,1,-,T,G,mismatch,830,732,1,FALSE
nlgn4a,172,172,1,-,T,C,mismatch,830,732,1,FALSE
nlgn4a,173,173,1,-,T,G,mismatch,831,741,1,FALSE
nlgn4a,140,140,1,-,G,C,mismatch,832,732,1,FALSE
nlgn4a,173,173,1,-,T,G,mismatch,832,732,1,FALSE
nlgn4a,132,132,1,-,G,T,mismatch,833,732,1,FALSE
nlgn4a,173,173,1,-,T,C,mismatch,833,732,1,FALSE
nlgn4a,173,173,1,-,T,C,mismatch,834,741,1,FALSE
nlgn4a,178,178,1,-,C,A,mismatch,835,741,1,FALSE
nlgn4a,118,118,1,-,T,C,mismatch,836,732,1,FALSE
nlgn4a,178,178,1,-,C,A,mismatch,836,732,1,FALSE
nlgn4a,109,109,1,-,T,G,mismatch,837,732,1,FALSE
nlgn4a,183,183,1,-,T,G,mismatch,837,732,1,FALSE
nlgn4a,173,173,1,-,T,C,mismatch,838,732,1,FALSE
nlgn4a,183,183,1,-,T,G,mismatch,838,732,1,FALSE
nlgn4a,111,111,1,-,A,T,mismatch,839,732,1,FALSE
nlgn4a,183,183,1,-,T,C,mismatch,839,732,1,FALSE
nlgn4a,185,185,1,-,T,C,mismatch,840,741,1,FALSE
nlgn4a,134,134,1,-,G,C,mismatch,841,732,1,FALSE
nlgn4a,185,185,1,-,T,C,mismatch,841,732,1,FALSE
nlgn4a,131,131,1,-,T,G,mismatch,842,732,1,FALSE
nlgn4a,185,185,1,-,T,A,mismatch,842,732,1,FALSE
nlgn4a,106,106,1,-,T,A,mismatch,843,723,1,FALSE
nlgn4a,149,149,1,-,A,T,mismatch,843,723,1,FALSE
nlgn4a,186,186,1,-,G,C,mismatch,843,723,1,FALSE
nlgn4a,156,156,1,-,C,A,mismatch,844,732,1,FALSE
nlgn4a,187,187,1,-,G,C,mismatch,844,732,1,FALSE
nlgn4a,187,187,1,-,G,A,mismatch,845,741,1,FALSE
nlgn4a,188,188,1,-,C,A,mismatch,846,741,1,FALSE
nlgn4a,105,105,1,-,C,A,mismatch,847,732,1,FALSE
nlgn4a,188,188,1,-,C,A,mismatch,847,732,1,FALSE
nlgn4a,136,136,1,-,G,A,mismatch,848,723,1,FALSE
nlgn4a,147,147,1,-,A,G,mismatch,848,723,1,FALSE
nlgn4a,191,191,1,-,G,C,mismatch,848,723,1,FALSE
nlgn4a,191,191,1,-,G,C,mismatch,849,741,1,FALSE
nlgn4a,106,106,1,-,T,G,mismatch,850,732,1,FALSE
nlgn4a,191,191,1,-,G,C,mismatch,850,732,1,FALSE
nlgn4a,193,193,1,-,T,G,mismatch,851,741,1,FALSE
nlgn4a,120,120,1,-,G,T,mismatch,852,723,1,FALSE
nlgn4a,145,145,1,-,T,C,mismatch,852,723,1,FALSE
nlgn4a,193,193,1,-,T,G,mismatch,852,723,1,FALSE
nlgn4a,193,193,1,-,T,C,mismatch,853,741,1,FALSE
nlgn4a,124,124,1,-,T,C,mismatch,854,723,1,FALSE
nlgn4a,129,129,1,-,G,C,mismatch,854,723,1,FALSE
nlgn4a,193,193,1,-,T,C,mismatch,854,723,1,FALSE
nlgn4a,104,104,1,-,C,G,mismatch,855,723,1,FALSE
nlgn4a,133,133,1,-,C,A,mismatch,855,723,1,FALSE
nlgn4a,193,193,1,-,T,C,mismatch,855,723,1,FALSE
nlgn4a,172,172,1,-,T,G,mismatch,856,723,1,FALSE
nlgn4a,189,189,1,-,A,T,mismatch,856,723,1,FALSE
nlgn4a,193,193,1,-,T,A,mismatch,856,723,1,FALSE
nlgn4a,176,176,1,-,G,T,mismatch,857,732,1,FALSE
nlgn4a,193,193,1,-,T,A,mismatch,857,732,1,FALSE
nlgn4a,152,152,1,-,G,T,mismatch,858,732,1,FALSE
nlgn4a,196,196,1,-,G,A,mismatch,858,732,1,FALSE
nlgn4a,151,151,1,-,G,T,mismatch,859,732,1,FALSE
nlgn4a,196,196,1,-,G,A,mismatch,859,732,1,FALSE
nlgn4a,199,199,1,-,G,C,mismatch,860,741,1,FALSE
nlgn4a,199,199,1,-,G,A,mismatch,861,741,1,FALSE
nlgn4a,130,130,1,-,C,G,mismatch,862,723,1,FALSE
nlgn4a,147,147,1,-,A,T,mismatch,862,723,1,FALSE
nlgn4a,201,201,1,-,T,G,mismatch,862,723,1,FALSE
nlgn4a,201,201,1,-,T,G,mismatch,863,741,1,FALSE
nlgn4a,142,142,1,-,C,T,mismatch,864,732,1,FALSE
nlgn4a,201,201,1,-,T,A,mismatch,864,732,1,FALSE
nlgn4a,201,201,1,-,T,A,mismatch,865,741,1,FALSE
nlgn4a,128,128,1,-,G,T,mismatch,866,723,1,FALSE
nlgn4a,138,138,1,-,C,T,mismatch,866,723,1,FALSE
nlgn4a,202,202,1,-,T,C,mismatch,866,723,1,FALSE
nlgn4a,203,203,1,-,G,A,mismatch,867,741,1,FALSE
nlgn4a,208,208,1,-,C,A,mismatch,868,741,1,FALSE
nlgn4a,123,123,1,-,C,A,mismatch,869,714,1,FALSE
nlgn4a,192,192,1,-,C,T,mismatch,869,714,1,FALSE
nlgn4a,196,196,1,-,G,A,mismatch,869,714,1,FALSE
nlgn4a,208,208,1,-,C,A,mismatch,869,714,1,FALSE
nlgn4a,121,121,1,-,T,A,mismatch,870,714,1,FALSE
nlgn4a,132,132,1,-,G,T,mismatch,870,714,1,FALSE
nlgn4a,197,197,1,-,A,T,mismatch,870,714,1,FALSE
nlgn4a,210,210,1,-,C,A,mismatch,870,714,1,FALSE
nlgn4a,130,130,1,-,C,G,mismatch,871,732,1,FALSE
nlgn4a,210,210,1,-,C,A,mismatch,871,732,1,FALSE
nlgn4a,210,210,1,-,C,A,mismatch,872,741,1,FALSE
nlgn4a,187,187,1,-,G,T,mismatch,873,732,1,FALSE
nlgn4a,211,211,1,-,C,A,mismatch,873,732,1,FALSE
nlgn4a,126,126,1,-,G,C,mismatch,874,723,1,FALSE
nlgn4a,156,156,1,-,C,G,mismatch,874,723,1,FALSE
nlgn4a,212,212,1,-,T,G,mismatch,874,723,1,FALSE
nlgn4a,109,109,1,-,T,G,mismatch,875,705,1,FALSE
nlgn4a,145,145,1,-,T,A,mismatch,875,705,1,FALSE
nlgn4a,159,159,1,-,C,T,mismatch,875,705,1,FALSE
nlgn4a,182,182,1,-,C,A,mismatch,875,705,1,FALSE
nlgn4a,212,212,1,-,T,G,mismatch,875,705,1,FALSE
nlgn4a,212,212,1,-,T,C,mismatch,876,741,1,FALSE
nlgn4a,193,193,1,-,T,G,mismatch,877,732,1,FALSE
nlgn4a,212,212,1,-,T,C,mismatch,877,732,1,FALSE
nlgn4a,213,213,1,-,C,A,mismatch,878,741,1,FALSE
nlgn4a,215,215,1,-,G,A,mismatch,879,741,1,FALSE
nlgn4a,218,218,1,-,C,A,mismatch,880,741,1,FALSE
nlgn4a,221,221,1,-,T,C,mismatch,881,741,1,FALSE
nlgn4a,120,120,1,-,G,T,mismatch,882,696,1,FALSE
nlgn4a,131,131,1,-,T,G,mismatch,882,696,1,FALSE
nlgn4a,137,137,1,-,G,A,mismatch,882,696,1,FALSE
nlgn4a,203,203,1,-,G,A,mismatch,882,696,1,FALSE
nlgn4a,211,211,1,-,C,A,mismatch,882,696,1,FALSE
nlgn4a,222,222,1,-,G,C,mismatch,882,696,1,FALSE
nlgn4a,172,172,1,-,T,A,mismatch,883,723,1,FALSE
nlgn4a,177,177,1,-,A,C,mismatch,883,723,1,FALSE
nlgn4a,222,222,1,-,G,A,mismatch,883,723,1,FALSE
nlgn4a,103,103,1,-,G,C,mismatch,884,705,1,FALSE
nlgn4a,149,149,1,-,A,T,mismatch,884,705,1,FALSE
nlgn4a,157,157,1,-,A,C,mismatch,884,705,1,FALSE
nlgn4a,206,206,1,-,A,C,mismatch,884,705,1,FALSE
nlgn4a,224,224,1,-,G,C,mismatch,884,705,1,FALSE
nlgn4a,207,207,1,-,A,G,mismatch,885,732,1,FALSE
nlgn4a,224,224,1,-,G,A,mismatch,885,732,1,FALSE
nlgn4a,113,113,1,-,C,A,mismatch,886,732,1,FALSE
nlgn4a,224,224,1,-,G,A,mismatch,886,732,1,FALSE
nlgn4a,151,151,1,-,G,T,mismatch,887,732,1,FALSE
nlgn4a,226,226,1,-,T,G,mismatch,887,732,1,FALSE
nlgn4a,214,214,1,-,T,G,mismatch,888,732,1,FALSE
nlgn4a,226,226,1,-,T,C,mismatch,888,732,1,FALSE
nlgn4a,112,112,1,-,C,G,mismatch,889,714,1,FALSE
nlgn4a,121,121,1,-,T,C,mismatch,889,714,1,FALSE
nlgn4a,132,132,1,-,G,C,mismatch,889,714,1,FALSE
nlgn4a,227,227,1,-,T,C,mismatch,889,714,1,FALSE
nlgn4a,113,113,1,-,C,T,mismatch,890,723,1,FALSE
nlgn4a,140,140,1,-,G,C,mismatch,890,723,1,FALSE
nlgn4a,229,229,1,-,T,G,mismatch,890,723,1,FALSE
nlgn4a,120,120,1,-,G,T,mismatch,891,723,1,FALSE
nlgn4a,124,124,1,-,T,C,mismatch,891,723,1,FALSE
nlgn4a,231,231,1,-,G,C,mismatch,891,723,1,FALSE
nlgn4a,149,149,1,-,A,G,mismatch,892,723,1,FALSE
nlgn4a,200,200,1,-,C,A,mismatch,892,723,1,FALSE
nlgn4a,231,231,1,-,G,A,mismatch,892,723,1,FALSE
nlgn4a,103,103,1,-,G,T,mismatch,893,705,1,FALSE
nlgn4a,151,151,1,-,G,C,mismatch,893,705,1,FALSE
nlgn4a,165,165,1,-,C,T,mismatch,893,705,1,FALSE
nlgn4a,187,187,1,-,G,T,mismatch,893,705,1,FALSE
nlgn4a,175,175,1,-,C,T,mismatch,894,732,1,FALSE
nlgn4a,104,104,1,-,C,T,mismatch,896,723,1,FALSE
nlgn4a,204,204,1,-,A,G,mismatch,896,723,1,FALSE
nlgn4a,105,105,1,-,C,A,mismatch,898,732,1,FALSE
nlgn4a,120,120,1,-,G,C,mismatch,899,732,1,FALSE
nlgn4a,104,104,1,-,C,G,mismatch,902,732,1,FALSE
nlgn4a,186,186,1,-,G,A,mismatch,904,732,1,FALSE
nlgn4a,167,167,1,-,T,G,mismatch,905,732,1,FALSE
nlgn4a,103,103,1,-,G,C,mismatch,906,714,1,FALSE
nlgn4a,122,122,1,-,G,A,mismatch,906,714,1,FALSE
nlgn4a,171,171,1,-,G,C,mismatch,906,714,1,FALSE
nlgn4a,115,115,1,-,G,A,mismatch,907,714,1,FALSE
nlgn4a,121,121,1,-,T,G,mismatch,907,714,1,FALSE
nlgn4a,212,212,1,-,T,C,mismatch,907,714,1,FALSE
nlgn4a,151,151,1,-,G,T,mismatch,908,732,1,FALSE
nlgn4a,141,141,1,-,G,T,mismatch,909,714,1,FALSE
nlgn4a,189,189,1,-,A,C,mismatch,909,714,1,FALSE
nlgn4a,231,231,1,-,G,T,mismatch,909,714,1,FALSE
nlgn4a,125,125,1,-,T,A,mismatch,910,723,1,FALSE
nlgn4a,211,211,1,-,C,T,mismatch,910,723,1,FALSE
nlgn4a,160,160,1,-,A,G,mismatch,911,732,1,FALSE
nlgn4a,123,123,1,-,C,A,mismatch,912,723,1,FALSE
nlgn4a,156,156,1,-,C,T,mismatch,912,723,1,FALSE
nlgn4a,181,181,1,-,A,C,mismatch,914,732,1,FALSE
nlgn4a,180,180,1,-,A,T,mismatch,916,723,1,FALSE
nlgn4a,229,229,1,-,T,A,mismatch,916,723,1,FALSE
nlgn4a,177,177,1,-,A,G,mismatch,918,732,1,FALSE
nlgn4a,110,110,1,-,T,C,mismatch,919,723,1,FALSE
nlgn4a,182,182,1,-,C,G,mismatch,919,723,1,FALSE
nlgn4a,108,108,1,-,T,C,mismatch,921,732,1,FALSE
nlgn4a,125,125,1,-,T,C,mismatch,922,723,1,FALSE
nlgn4a,132,132,1,-,G,C,mismatch,922,723,1,FALSE
nlgn4a,142,142,1,-,C,A,mismatch,923,714,1,FALSE
nlgn4a,159,159,1,-,C,A,mismatch,923,714,1,FALSE
nlgn4a,198,198,1,-,G,A,mismatch,923,714,1,FALSE
nlgn4a,111,111,1,-,A,T,mismatch,924,732,1,FALSE
nlgn4a,134,134,1,-,G,A,mismatch,924,732,1,FALSE
nlgn4a,147,147,1,-,A,G,mismatch,925,741,1,FALSE
nlgn4a,110,110,1,-,T,A,mismatch,926,732,1,FALSE
nlgn4a,178,178,1,-,C,T,mismatch,926,732,1,FALSE
nlgn4a,109,109,1,-,T,G,mismatch,927,741,1,FALSE
nlgn4a,115,115,1,-,G,T,mismatch,928,741,1,FALSE
nlgn4a,106,106,1,-,T,G,mismatch,929,723,1,FALSE
nlgn4a,129,129,1,-,G,T,mismatch,929,723,1,FALSE
nlgn4a,191,191,1,-,G,C,mismatch,930,741,1,FALSE
nlgn4a,171,171,1,-,G,C,mismatch,933,741,1,FALSE
nlgn4a,105,105,1,-,C,A,mismatch,936,741,1,FALSE
nlgn4a,115,115,1,-,G,C,mismatch,938,741,1,FALSE
nlgn4a,134,134,1,-,G,T,mismatch,939,716,1,FALSE
nlgn4a,208,208,1,-,C,T,mismatch,941,716,1,FALSE
nlgn4a,222,222,1,-,G,C,mismatch,942,716,1,FALSE
nlgn4a,112,112,1,-,C,T,mismatch,943,716,1,FALSE
nlgn4a,107,107,1,-,T,C,mismatch,944,707,1,FALSE
nlgn4a,153,153,1,-,G,T,mismatch,944,707,1,FALSE
nlgn4a,130,130,1,-,C,A,mismatch,946,707,1,FALSE
nlgn4a,121,121,1,-,T,G,mismatch,947,707,1,FALSE
nlgn4a,121,121,1,-,T,C,mismatch,948,689,1,FALSE
nlgn4a,188,188,1,-,C,A,mismatch,948,689,1,FALSE
nlgn4a,192,192,1,-,C,A,mismatch,948,689,1,FALSE
nlgn4a,209,209,1,-,A,T,mismatch,949,698,1,FALSE
nlgn4a,219,219,1,-,A,T,mismatch,949,698,1,FALSE
nlgn4a,164,164,1,-,C,G,mismatch,950,698,1,FALSE
nlgn4a,213,213,1,-,C,T,mismatch,950,698,1,FALSE
nlgn4a,129,129,1,-,G,A,mismatch,951,707,1,FALSE
nlgn4a,225,225,1,-,A,G,mismatch,951,707,1,FALSE
nlgn4a,187,187,1,-,G,A,mismatch,952,707,1,FALSE
nlgn4a,219,219,1,-,A,C,mismatch,952,707,1,FALSE
nlgn4a,123,123,1,-,C,A,mismatch,953,707,1,FALSE
nlgn4a,216,216,1,-,C,T,mismatch,953,707,1,FALSE
nlgn4a,121,121,1,-,T,C,mismatch,954,680,1,FALSE
nlgn4a,140,140,1,-,G,A,mismatch,954,680,1,FALSE
nlgn4a,147,147,1,-,A,G,mismatch,954,680,1,FALSE
nlgn4a,169,169,1,-,T,A,mismatch,954,680,1,FALSE
nlgn4a,216,216,1,-,C,T,mismatch,954,680,1,FALSE
nlgn4a,216,216,1,-,C,G,mismatch,955,716,1,FALSE
nlgn4a,106,106,1,-,T,G,mismatch,956,698,1,FALSE
nlgn4a,150,150,1,-,T,C,mismatch,956,698,1,FALSE
nlgn4a,213,213,1,-,C,G,mismatch,956,698,1,FALSE
nlgn4a,160,160,1,-,A,C,mismatch,957,707,1,FALSE
nlgn4a,207,207,1,-,A,G,mismatch,957,707,1,FALSE
nlgn4a,205,205,1,-,A,C,mismatch,958,716,1,FALSE
nlgn4a,98,98,1,-,T,A,mismatch,959,707,1,FALSE
nlgn4a,197,197,1,-,A,T,mismatch,959,707,1,FALSE
nlgn4a,147,147,1,-,A,C,mismatch,960,707,1,FALSE
nlgn4a,197,197,1,-,A,C,mismatch,960,707,1,FALSE
nlgn4a,195,195,1,-,A,T,mismatch,961,716,1,FALSE
nlgn4a,195,195,1,-,A,C,mismatch,962,716,1,FALSE
nlgn4a,194,194,1,-,A,T,mismatch,963,716,1,FALSE
nlgn4a,194,194,1,-,A,G,mismatch,964,716,1,FALSE
nlgn4a,190,190,1,-,A,T,mismatch,965,716,1,FALSE
nlgn4a,112,112,1,-,C,A,mismatch,966,707,1,FALSE
nlgn4a,190,190,1,-,A,T,mismatch,966,707,1,FALSE
nlgn4a,108,108,1,-,T,C,mismatch,967,689,1,FALSE
nlgn4a,126,126,1,-,G,C,mismatch,967,689,1,FALSE
nlgn4a,185,185,1,-,T,G,mismatch,967,689,1,FALSE
nlgn4a,190,190,1,-,A,G,mismatch,967,689,1,FALSE
nlgn4a,101,101,1,-,A,C,mismatch,968,698,1,FALSE
nlgn4a,181,181,1,-,A,C,mismatch,968,698,1,FALSE
nlgn4a,190,190,1,-,A,C,mismatch,968,698,1,FALSE
nlgn4a,190,190,1,-,A,C,mismatch,969,716,1,FALSE
nlgn4a,189,189,1,-,A,G,mismatch,970,716,1,FALSE
nlgn4a,186,186,1,-,G,T,mismatch,971,716,1,FALSE
nlgn4a,108,108,1,-,T,A,mismatch,972,698,1,FALSE
nlgn4a,121,121,1,-,T,G,mismatch,972,698,1,FALSE
nlgn4a,184,184,1,-,A,C,mismatch,972,698,1,FALSE
nlgn4a,181,181,1,-,A,G,mismatch,973,716,1,FALSE
nlgn4a,118,118,1,-,T,A,mismatch,974,707,1,FALSE
nlgn4a,180,180,1,-,A,C,mismatch,974,707,1,FALSE
nlgn4a,178,178,1,-,C,T,mismatch,975,716,1,FALSE
nlgn4a,153,153,1,-,G,T,mismatch,976,707,1,FALSE
nlgn4a,177,177,1,-,A,T,mismatch,976,707,1,FALSE
nlgn4a,177,177,1,-,A,T,mismatch,977,716,1,FALSE
nlgn4a,154,154,1,-,C,T,mismatch,978,707,1,FALSE
nlgn4a,174,174,1,-,A,C,mismatch,978,707,1,FALSE
nlgn4a,109,109,1,-,T,A,mismatch,979,698,1,FALSE
nlgn4a,118,118,1,-,T,C,mismatch,979,698,1,FALSE
nlgn4a,174,174,1,-,A,C,mismatch,979,698,1,FALSE
nlgn4a,166,166,1,-,C,G,mismatch,980,716,1,FALSE
nlgn4a,113,113,1,-,C,A,mismatch,981,707,1,FALSE
nlgn4a,166,166,1,-,C,G,mismatch,981,707,1,FALSE
nlgn4a,142,142,1,-,C,G,mismatch,982,689,1,FALSE
nlgn4a,151,151,1,-,G,A,mismatch,982,689,1,FALSE
nlgn4a,161,161,1,-,G,T,mismatch,982,689,1,FALSE
nlgn4a,165,165,1,-,C,T,mismatch,982,689,1,FALSE
nlgn4a,165,165,1,-,C,G,mismatch,983,716,1,FALSE
nlgn4a,164,164,1,-,C,T,mismatch,984,716,1,FALSE
nlgn4a,109,109,1,-,T,G,mismatch,985,707,1,FALSE
nlgn4a,164,164,1,-,C,G,mismatch,985,707,1,FALSE
nlgn4a,163,163,1,-,A,G,mismatch,986,716,1,FALSE
nlgn4a,108,108,1,-,T,G,mismatch,987,707,1,FALSE
nlgn4a,157,157,1,-,A,T,mismatch,987,707,1,FALSE
nlgn4a,156,156,1,-,C,G,mismatch,988,716,1,FALSE
nlgn4a,154,154,1,-,C,G,mismatch,989,716,1,FALSE
nlgn4a,149,149,1,-,A,T,mismatch,990,716,1,FALSE
nlgn4a,149,149,1,-,A,G,mismatch,991,716,1,FALSE
nlgn4a,148,148,1,-,C,G,mismatch,992,716,1,FALSE
nlgn4a,147,147,1,-,A,G,mismatch,993,716,1,FALSE
nlgn4a,147,147,1,-,A,C,mismatch,994,716,1,FALSE
nlgn4a,141,141,1,-,G,T,mismatch,995,716,1,FALSE
nlgn4a,133,133,1,-,C,T,mismatch,996,716,1,FALSE
nlgn4a,130,130,1,-,C,T,mismatch,997,716,1,FALSE
nlgn4a,130,130,1,-,C,G,mismatch,998,716,1,FALSE
nlgn4a,120,120,1,-,G,A,mismatch,999,707,1,FALSE
nlgn4a,127,127,1,-,C,T,mismatch,999,707,1,FALSE
nlgn4a,115,115,1,-,G,T,mismatch,1000,707,1,FALSE
nlgn4a,126,126,1,-,G,T,mismatch,1000,707,1,FALSE
nlgn4a,115,115,1,-,G,T,mismatch,1001,716,1,FALSE
nlgn4a,113,113,1,-,C,G,mismatch,1002,716,1,FALSE
nlgn4a,112,112,1,-,C,T,mismatch,1003,716,1,FALSE
nlgn4a,111,111,1,-,A,T,mismatch,1004,716,1,FALSE
nlgn4a,109,109,1,-,T,C,mismatch,1005,707,1,FALSE
nlgn4a,111,111,1,-,A,T,mismatch,1005,707,1,FALSE
nlgn4a,111,111,1,-,A,C,mismatch,1006,716,1,FALSE
nlgn4a,105,105,1,-,C,G,mismatch,1007,716,1,FALSE
nlgn4a,104,104,1,-,C,G,mismatch,1008,716,1,FALSE
nlgn4a,103,103,1,-,G,T,mismatch,1009,716,1,FALSE
nlgn4a,99,99,1,-,C,T,mismatch,1010,716,1,FALSE
nlgn4a,102,102,1,-,C,G,mismatch,1011,707,1,FALSE
nlgn4a,105,105,1,-,C,A,mismatch,1011,707,1,FALSE
nlgn4a,106,106,1,-,T,C,mismatch,1012,716,1,FALSE
nlgn4a,98,98,1,-,T,G,mismatch,1013,707,1,FALSE
nlgn4a,106,106,1,-,T,A,mismatch,1013,707,1,FALSE
nlgn4a,107,107,1,-,T,C,mismatch,1014,716,1,FALSE
nlgn4a,108,108,1,-,T,C,mismatch,1015,716,1,FALSE
nlgn4a,109,109,1,-,T,A,mismatch,1016,716,1,FALSE
nlgn4a,99,99,1,-,C,T,mismatch,1017,698,1,FALSE
nlgn4a,110,110,1,-,T,G,mismatch,1018,716,1,FALSE
nlgn4a,110,110,1,-,T,C,mismatch,1019,716,1,FALSE
nlgn4a,112,112,1,-,C,A,mismatch,1020,716,1,FALSE
nlgn4a,114,114,1,-,T,G,mismatch,1021,716,1,FALSE
nlgn4a,115,115,1,-,G,A,mismatch,1022,716,1,FALSE
nlgn4a,106,106,1,-,T,C,mismatch,1023,707,1,FALSE
nlgn4a,116,116,1,-,G,C,mismatch,1023,707,1,FALSE
nlgn4a,119,119,1,-,T,A,mismatch,1024,716,1,FALSE
nlgn4a,123,123,1,-,C,A,mismatch,1025,716,1,FALSE
nlgn4a,126,126,1,-,G,A,mismatch,1026,716,1,FALSE
nlgn4a,98,98,1,-,T,A,mismatch,1027,698,1,FALSE
nlgn4a,103,103,1,-,G,A,mismatch,1027,698,1,FALSE
nlgn4a,128,128,1,-,G,C,mismatch,1027,698,1,FALSE
nlgn4a,131,131,1,-,T,C,mismatch,1028,698,1,FALSE
nlgn4a,141,141,1,-,G,C,mismatch,1029,698,1,FALSE
nlgn4a,143,143,1,-,C,A,mismatch,1030,716,1,FALSE
nlgn4a,122,122,1,-,G,T,mismatch,1031,707,1,FALSE
nlgn4a,145,145,1,-,T,C,mismatch,1031,707,1,FALSE
nlgn4a,145,145,1,-,T,C,mismatch,1032,716,1,FALSE
nlgn4a,146,146,1,-,T,A,mismatch,1033,716,1,FALSE
nlgn4a,148,148,1,-,C,A,mismatch,1034,716,1,FALSE
nlgn4a,150,150,1,-,T,A,mismatch,1035,716,1,FALSE
nlgn4a,103,103,1,-,G,A,mismatch,1036,698,1,FALSE
nlgn4a,124,124,1,-,T,G,mismatch,1036,698,1,FALSE
nlgn4a,150,150,1,-,T,A,mismatch,1036,698,1,FALSE
nlgn4a,128,128,1,-,G,T,mismatch,1037,707,1,FALSE
nlgn4a,156,156,1,-,C,A,mismatch,1037,707,1,FALSE
nlgn4a,111,111,1,-,A,G,mismatch,1038,698,1,FALSE
nlgn4a,124,124,1,-,T,G,mismatch,1038,698,1,FALSE
nlgn4a,158,158,1,-,G,A,mismatch,1038,698,1,FALSE
nlgn4a,105,105,1,-,C,A,mismatch,1039,707,1,FALSE
nlgn4a,161,161,1,-,G,C,mismatch,1039,707,1,FALSE
nlgn4a,128,128,1,-,G,C,mismatch,1040,707,1,FALSE
nlgn4a,161,161,1,-,G,A,mismatch,1040,707,1,FALSE
nlgn4a,122,122,1,-,G,T,mismatch,1041,707,1,FALSE
nlgn4a,167,167,1,-,T,C,mismatch,1041,707,1,FALSE
nlgn4a,169,169,1,-,T,C,mismatch,1042,716,1,FALSE
nlgn4a,110,110,1,-,T,C,mismatch,1043,689,1,FALSE
nlgn4a,128,128,1,-,G,C,mismatch,1043,689,1,FALSE
nlgn4a,133,133,1,-,C,T,mismatch,1043,689,1,FALSE
nlgn4a,171,171,1,-,G,C,mismatch,1043,689,1,FALSE
nlgn4a,149,149,1,-,A,T,mismatch,1044,707,1,FALSE
nlgn4a,172,172,1,-,T,G,mismatch,1044,707,1,FALSE
nlgn4a,172,172,1,-,T,C,mismatch,1045,716,1,FALSE
nlgn4a,141,141,1,-,G,A,mismatch,1046,707,1,FALSE
nlgn4a,173,173,1,-,T,A,mismatch,1046,707,1,FALSE
nlgn4a,145,145,1,-,T,C,mismatch,1047,707,1,FALSE
nlgn4a,173,173,1,-,T,A,mismatch,1047,707,1,FALSE
nlgn4a,175,175,1,-,C,A,mismatch,1048,716,1,FALSE
nlgn4a,162,162,1,-,C,T,mismatch,1049,707,1,FALSE
nlgn4a,183,183,1,-,T,C,mismatch,1049,707,1,FALSE
nlgn4a,183,183,1,-,T,C,mismatch,1050,716,1,FALSE
nlgn4a,98,98,1,-,T,G,mismatch,1051,698,1,FALSE
nlgn4a,130,130,1,-,C,T,mismatch,1051,698,1,FALSE
nlgn4a,185,185,1,-,T,C,mismatch,1051,698,1,FALSE
nlgn4a,185,185,1,-,T,A,mismatch,1052,716,1,FALSE
nlgn4a,98,98,1,-,T,A,mismatch,1053,707,1,FALSE
nlgn4a,185,185,1,-,T,A,mismatch,1053,707,1,FALSE
nlgn4a,101,101,1,-,A,T,mismatch,1054,707,1,FALSE
nlgn4a,186,186,1,-,G,A,mismatch,1054,707,1,FALSE
nlgn4a,104,104,1,-,C,G,mismatch,1055,707,1,FALSE
nlgn4a,187,187,1,-,G,C,mismatch,1055,707,1,FALSE
nlgn4a,183,183,1,-,T,C,mismatch,1056,707,1,FALSE
nlgn4a,191,191,1,-,G,C,mismatch,1056,707,1,FALSE
nlgn4a,145,145,1,-,T,A,mismatch,1057,698,1,FALSE
nlgn4a,188,188,1,-,C,T,mismatch,1057,698,1,FALSE
nlgn4a,196,196,1,-,G,C,mismatch,1057,698,1,FALSE
nlgn4a,196,196,1,-,G,A,mismatch,1058,716,1,FALSE
nlgn4a,163,163,1,-,A,C,mismatch,1059,707,1,FALSE
nlgn4a,198,198,1,-,G,C,mismatch,1059,707,1,FALSE
nlgn4a,99,99,1,-,C,A,mismatch,1060,707,1,FALSE
nlgn4a,202,202,1,-,T,G,mismatch,1060,707,1,FALSE
nlgn4a,202,202,1,-,T,A,mismatch,1061,716,1,FALSE
nlgn4a,151,151,1,-,G,C,mismatch,1062,707,1,FALSE
nlgn4a,203,203,1,-,G,A,mismatch,1062,707,1,FALSE
nlgn4a,212,212,1,-,T,G,mismatch,1063,716,1,FALSE
nlgn4a,181,181,1,-,A,T,mismatch,1064,707,1,FALSE
nlgn4a,214,214,1,-,T,C,mismatch,1064,707,1,FALSE
nlgn4a,217,217,1,-,C,A,mismatch,1065,716,1,FALSE
nlgn4a,128,128,1,-,G,T,mismatch,1066,698,1,FALSE
nlgn4a,215,215,1,-,G,A,mismatch,1066,698,1,FALSE
nlgn4a,218,218,1,-,C,A,mismatch,1066,698,1,FALSE
nlgn4a,222,222,1,-,G,A,mismatch,1067,716,1,FALSE
nlgn4a,227,227,1,-,T,G,mismatch,1068,716,1,FALSE
nlgn4a,101,101,1,-,A,T,mismatch,1069,707,1,FALSE
nlgn4a,229,229,1,-,T,C,mismatch,1069,707,1,FALSE
nlgn4a,110,110,1,-,T,G,mismatch,1070,698,1,FALSE
nlgn4a,192,192,1,-,C,G,mismatch,1070,698,1,FALSE
nlgn4a,231,231,1,-,G,C,mismatch,1070,698,1,FALSE
nlgn4a,98,98,1,-,T,A,mismatch,1071,707,1,FALSE
nlgn4a,147,147,1,-,A,G,mismatch,1072,698,1,FALSE
nlgn4a,226,226,1,-,T,A,mismatch,1072,698,1,FALSE
nlgn4a,175,175,1,-,C,G,mismatch,1078,707,1,FALSE
nlgn4a,159,159,1,-,C,G,mismatch,1079,707,1,FALSE
nlgn4a,179,179,1,-,A,G,mismatch,1079,707,1,FALSE
nlgn4a,115,115,1,-,G,A,mismatch,1080,716,1,FALSE
nlgn4a,124,124,1,-,T,A,mismatch,1081,716,1,FALSE
nlgn4a,117,117,1,-,A,C,mismatch,1083,698,1,FALSE
nlgn4a,125,125,1,-,T,C,mismatch,1083,698,1,FALSE
nlgn4a,170,170,1,-,T,G,mismatch,1083,698,1,FALSE
nlgn4a,110,110,1,-,T,G,mismatch,1084,732,1,FALSE
nlgn4a,197,197,1,-,A,G,mismatch,1084,732,1,FALSE
nlgn4a,106,106,1,-,T,C,mismatch,1085,698,1,FALSE
nlgn4a,178,178,1,-,C,A,mismatch,1086,716,1,FALSE
nlgn4a,118,118,1,-,T,A,mismatch,1087,707,1,FALSE
nlgn4a,127,127,1,-,C,G,mismatch,1087,707,1,FALSE
nlgn4a,101,101,1,-,A,T,mismatch,1089,707,1,FALSE
nlgn4a,112,112,1,-,C,G,mismatch,1089,707,1,FALSE
nlgn4a,128,128,1,-,G,A,mismatch,1090,716,1,FALSE
nlgn4a,160,160,1,-,A,C,mismatch,1091,707,1,FALSE
nlgn4a,174,174,1,-,A,C,mismatch,1091,707,1,FALSE
nlgn4a,146,146,1,-,T,G,mismatch,1092,707,1,FALSE
nlgn4a,97,97,1,-,C,G,mismatch,1093,698,1,FALSE
nlgn4a,195,195,1,-,A,C,mismatch,1093,698,1,FALSE
nlgn4a,225,225,1,-,A,T,mismatch,1093,698,1,FALSE
nlgn4a,220,220,1,-,A,T,mismatch,1094,716,1,FALSE
nlgn4a,142,142,1,-,C,A,mismatch,1095,680,1,FALSE
nlgn4a,147,147,1,-,A,C,mismatch,1095,680,1,FALSE
nlgn4a,190,190,1,-,A,T,mismatch,1095,680,1,FALSE
nlgn4a,193,193,1,-,T,C,mismatch,1095,680,1,FALSE
nlgn4a,217,217,1,-,C,G,mismatch,1095,680,1,FALSE
nlgn4a,175,175,1,-,C,A,mismatch,1096,707,1,FALSE
nlgn4a,216,216,1,-,C,T,mismatch,1096,707,1,FALSE
nlgn4a,213,213,1,-,C,G,mismatch,1097,716,1,FALSE
nlgn4a,206,206,1,-,A,C,mismatch,1098,716,1,FALSE
nlgn4a,203,203,1,-,G,T,mismatch,1099,716,1,FALSE
nlgn4a,116,116,1,-,G,A,mismatch,1100,707,1,FALSE
nlgn4a,197,197,1,-,A,T,mismatch,1100,707,1,FALSE
nlgn4a,173,173,1,-,T,G,mismatch,1101,707,1,FALSE
nlgn4a,195,195,1,-,A,C,mismatch,1101,707,1,FALSE
nlgn4a,189,189,1,-,A,T,mismatch,1102,716,1,FALSE
nlgn4a,189,189,1,-,A,C,mismatch,1103,716,1,FALSE
nlgn4a,97,97,1,-,C,A,mismatch,1104,707,1,FALSE
nlgn4a,189,189,1,-,A,C,mismatch,1104,707,1,FALSE
nlgn4a,182,182,1,-,C,T,mismatch,1105,716,1,FALSE
nlgn4a,158,158,1,-,G,C,mismatch,1106,707,1,FALSE
nlgn4a,181,181,1,-,A,T,mismatch,1106,707,1,FALSE
nlgn4a,180,180,1,-,A,C,mismatch,1107,716,1,FALSE
nlgn4a,177,177,1,-,A,T,mismatch,1108,716,1,FALSE
nlgn4a,124,124,1,-,T,A,mismatch,1109,707,1,FALSE
nlgn4a,177,177,1,-,A,C,mismatch,1109,707,1,FALSE
nlgn4a,175,175,1,-,C,T,mismatch,1110,716,1,FALSE
nlgn4a,175,175,1,-,C,G,mismatch,1111,716,1,FALSE
nlgn4a,164,164,1,-,C,T,mismatch,1112,716,1,FALSE
nlgn4a,163,163,1,-,A,T,mismatch,1113,716,1,FALSE
nlgn4a,157,157,1,-,A,T,mismatch,1114,716,1,FALSE
nlgn4a,98,98,1,-,T,A,mismatch,1115,707,1,FALSE
nlgn4a,157,157,1,-,A,C,mismatch,1115,707,1,FALSE
nlgn4a,112,112,1,-,C,T,mismatch,1116,707,1,FALSE
nlgn4a,154,154,1,-,C,T,mismatch,1116,707,1,FALSE
nlgn4a,133,133,1,-,C,G,mismatch,1117,716,1,FALSE
nlgn4a,122,122,1,-,G,T,mismatch,1118,716,1,FALSE
nlgn4a,101,101,1,-,A,T,mismatch,1119,716,1,FALSE
nlgn4a,101,101,1,-,A,C,mismatch,1120,716,1,FALSE
nlgn4a,96,96,1,-,A,G,mismatch,1121,716,1,FALSE
nlgn4a,97,97,1,-,C,A,mismatch,1122,716,1,FALSE
nlgn4a,105,105,1,-,C,A,mismatch,1123,716,1,FALSE
nlgn4a,96,96,1,-,A,T,mismatch,1124,707,1,FALSE
nlgn4a,109,109,1,-,T,A,mismatch,1124,707,1,FALSE
nlgn4a,109,109,1,-,T,A,mismatch,1125,716,1,FALSE
nlgn4a,107,107,1,-,T,A,mismatch,1126,707,1,FALSE
nlgn4a,110,110,1,-,T,A,mismatch,1126,707,1,FALSE
nlgn4a,112,112,1,-,C,A,mismatch,1127,716,1,FALSE
nlgn4a,115,115,1,-,G,A,mismatch,1128,716,1,FALSE
nlgn4a,107,107,1,-,T,G,mismatch,1129,698,1,FALSE
nlgn4a,110,110,1,-,T,G,mismatch,1129,698,1,FALSE
nlgn4a,116,116,1,-,G,C,mismatch,1129,698,1,FALSE
nlgn4a,121,121,1,-,T,G,mismatch,1130,716,1,FALSE
nlgn4a,124,124,1,-,T,C,mismatch,1131,716,1,FALSE
nlgn4a,124,124,1,-,T,A,mismatch,1132,716,1,FALSE
nlgn4a,97,97,1,-,C,A,mismatch,1133,707,1,FALSE
nlgn4a,129,129,1,-,G,A,mismatch,1133,707,1,FALSE
nlgn4a,122,122,1,-,G,A,mismatch,1134,707,1,FALSE
nlgn4a,132,132,1,-,G,C,mismatch,1134,707,1,FALSE
nlgn4a,115,115,1,-,G,T,mismatch,1135,707,1,FALSE
nlgn4a,142,142,1,-,C,A,mismatch,1135,707,1,FALSE
nlgn4a,124,124,1,-,T,C,mismatch,1136,707,1,FALSE
nlgn4a,143,143,1,-,C,A,mismatch,1136,707,1,FALSE
nlgn4a,152,152,1,-,G,A,mismatch,1137,716,1,FALSE
nlgn4a,153,153,1,-,G,C,mismatch,1138,716,1,FALSE
nlgn4a,155,155,1,-,T,A,mismatch,1139,716,1,FALSE
nlgn4a,132,132,1,-,G,C,mismatch,1140,707,1,FALSE
nlgn4a,159,159,1,-,C,A,mismatch,1140,707,1,FALSE
nlgn4a,162,162,1,-,C,A,mismatch,1141,716,1,FALSE
nlgn4a,145,145,1,-,T,A,mismatch,1142,707,1,FALSE
nlgn4a,165,165,1,-,C,A,mismatch,1142,707,1,FALSE
nlgn4a,109,109,1,-,T,G,mismatch,1143,707,1,FALSE
nlgn4a,169,169,1,-,T,G,mismatch,1143,707,1,FALSE
nlgn4a,95,95,1,-,T,C,mismatch,1144,689,1,FALSE
nlgn4a,112,112,1,-,C,A,mismatch,1144,689,1,FALSE
nlgn4a,151,151,1,-,G,A,mismatch,1144,689,1,FALSE
nlgn4a,175,175,1,-,C,A,mismatch,1144,689,1,FALSE
nlgn4a,156,156,1,-,C,T,mismatch,1145,707,1,FALSE
nlgn4a,183,183,1,-,T,G,mismatch,1145,707,1,FALSE
nlgn4a,142,142,1,-,C,A,mismatch,1146,707,1,FALSE
nlgn4a,185,185,1,-,T,A,mismatch,1146,707,1,FALSE
nlgn4a,101,101,1,-,A,T,mismatch,1147,698,1,FALSE
nlgn4a,125,125,1,-,T,A,mismatch,1147,698,1,FALSE
nlgn4a,187,187,1,-,G,C,mismatch,1147,698,1,FALSE
nlgn4a,133,133,1,-,C,T,mismatch,1148,707,1,FALSE
nlgn4a,191,191,1,-,G,C,mismatch,1148,707,1,FALSE
nlgn4a,101,101,1,-,A,G,mismatch,1149,707,1,FALSE
nlgn4a,193,193,1,-,T,G,mismatch,1149,707,1,FALSE
nlgn4a,160,160,1,-,A,G,mismatch,1150,707,1,FALSE
nlgn4a,199,199,1,-,G,A,mismatch,1150,707,1,FALSE
nlgn4a,98,98,1,-,T,G,mismatch,1151,698,1,FALSE
nlgn4a,184,184,1,-,A,C,mismatch,1151,698,1,FALSE
nlgn4a,201,201,1,-,T,C,mismatch,1151,698,1,FALSE
nlgn4a,124,124,1,-,T,A,mismatch,1152,698,1,FALSE
nlgn4a,185,185,1,-,T,G,mismatch,1152,698,1,FALSE
nlgn4a,202,202,1,-,T,G,mismatch,1152,698,1,FALSE
nlgn4a,104,104,1,-,C,G,mismatch,1153,698,1,FALSE
nlgn4a,112,112,1,-,C,G,mismatch,1153,698,1,FALSE
nlgn4a,202,202,1,-,T,C,mismatch,1153,698,1,FALSE
nlgn4a,213,213,1,-,C,A,mismatch,1154,716,1,FALSE
nlgn4a,96,96,1,-,A,G,mismatch,1155,698,1,FALSE
nlgn4a,106,106,1,-,T,C,mismatch,1155,698,1,FALSE
nlgn4a,221,221,1,-,T,A,mismatch,1155,698,1,FALSE
nlgn4a,172,172,1,-,T,G,mismatch,1156,698,1,FALSE
nlgn4a,207,207,1,-,A,G,mismatch,1156,698,1,FALSE
nlgn4a,228,228,1,-,C,A,mismatch,1156,698,1,FALSE
nlgn4a,229,229,1,-,T,G,mismatch,1157,716,1,FALSE
nlgn4a,181,181,1,-,A,T,mismatch,1158,707,1,FALSE
nlgn4a,101,101,1,-,A,G,mismatch,1159,698,1,FALSE
nlgn4a,121,121,1,-,T,C,mismatch,1159,698,1,FALSE
nlgn4a,152,152,1,-,G,C,mismatch,1160,707,1,FALSE
nlgn4a,127,127,1,-,C,A,mismatch,1162,698,1,FALSE
nlgn4a,131,131,1,-,T,A,mismatch,1162,698,1,FALSE
nlgn4a,120,120,1,-,G,C,mismatch,1163,707,1,FALSE
nlgn4a,127,127,1,-,C,G,mismatch,1164,716,1,FALSE
nlgn4a,107,107,1,-,T,A,mismatch,1165,707,1,FALSE
nlgn4a,196,196,1,-,G,A,mismatch,1165,707,1,FALSE
nlgn4a,131,131,1,-,T,C,mismatch,1166,698,1,FALSE
nlgn4a,189,189,1,-,A,G,mismatch,1166,698,1,FALSE
nlgn4a,196,196,1,-,G,A,mismatch,1166,698,1,FALSE
nlgn4a,201,201,1,-,T,A,mismatch,1167,716,1,FALSE
nlgn4a,99,99,1,-,C,G,mismatch,1169,707,1,FALSE
nlgn4a,207,207,1,-,A,C,mismatch,1169,707,1,FALSE
nlgn4a,141,141,1,-,G,C,mismatch,1172,707,1,FALSE
nlgn4a,209,209,1,-,A,T,mismatch,1172,707,1,FALSE
nlgn4a,123,123,1,-,C,A,mismatch,1173,707,1,FALSE
nlgn4a,206,206,1,-,A,C,mismatch,1173,707,1,FALSE
nlgn4a,157,157,1,-,A,C,mismatch,1174,707,1,FALSE
nlgn4a,205,205,1,-,A,C,mismatch,1174,707,1,FALSE
nlgn4a,110,110,1,-,T,C,mismatch,1175,698,1,FALSE
nlgn4a,141,141,1,-,G,C,mismatch,1175,698,1,FALSE
nlgn4a,205,205,1,-,A,C,mismatch,1175,698,1,FALSE
nlgn4a,195,195,1,-,A,C,mismatch,1176,716,1,FALSE
nlgn4a,184,184,1,-,A,C,mismatch,1177,716,1,FALSE
nlgn4a,101,101,1,-,A,T,mismatch,1178,680,1,FALSE
nlgn4a,117,117,1,-,A,C,mismatch,1178,680,1,FALSE
nlgn4a,120,120,1,-,G,C,mismatch,1178,680,1,FALSE
nlgn4a,145,145,1,-,T,G,mismatch,1178,680,1,FALSE
nlgn4a,184,184,1,-,A,C,mismatch,1178,680,1,FALSE
nlgn4a,181,181,1,-,A,G,mismatch,1179,716,1,FALSE
nlgn4a,118,118,1,-,T,A,mismatch,1180,707,1,FALSE
nlgn4a,171,171,1,-,G,T,mismatch,1180,707,1,FALSE
nlgn4a,162,162,1,-,C,T,mismatch,1181,716,1,FALSE
nlgn4a,161,161,1,-,G,T,mismatch,1182,716,1,FALSE
nlgn4a,152,152,1,-,G,T,mismatch,1183,716,1,FALSE
nlgn4a,147,147,1,-,A,G,mismatch,1184,716,1,FALSE
nlgn4a,144,144,1,-,A,T,mismatch,1185,716,1,FALSE
nlgn4a,144,144,1,-,A,G,mismatch,1186,716,1,FALSE
nlgn4a,133,133,1,-,C,G,mismatch,1187,716,1,FALSE
nlgn4a,123,123,1,-,C,G,mismatch,1188,716,1,FALSE
nlgn4a,122,122,1,-,G,T,mismatch,1189,716,1,FALSE
nlgn4a,105,105,1,-,C,G,mismatch,1190,716,1,FALSE
nlgn4a,108,108,1,-,T,A,mismatch,1191,716,1,FALSE
nlgn4a,123,123,1,-,C,A,mismatch,1192,716,1,FALSE
nlgn4a,131,131,1,-,T,C,mismatch,1193,716,1,FALSE
nlgn4a,111,111,1,-,A,G,mismatch,1194,707,1,FALSE
nlgn4a,131,131,1,-,T,A,mismatch,1194,707,1,FALSE
nlgn4a,110,110,1,-,T,A,mismatch,1195,707,1,FALSE
nlgn4a,132,132,1,-,G,C,mismatch,1195,707,1,FALSE
nlgn4a,141,141,1,-,G,C,mismatch,1196,716,1,FALSE
nlgn4a,146,146,1,-,T,G,mismatch,1197,716,1,FALSE
nlgn4a,151,151,1,-,G,C,mismatch,1198,716,1,FALSE
nlgn4a,149,149,1,-,A,G,mismatch,1199,707,1,FALSE
nlgn4a,164,164,1,-,C,A,mismatch,1199,707,1,FALSE
nlgn4a,167,167,1,-,T,G,mismatch,1200,716,1,FALSE
nlgn4a,126,126,1,-,G,C,mismatch,1201,698,1,FALSE
nlgn4a,198,198,1,-,G,C,mismatch,1201,698,1,FALSE
nlgn4a,215,215,1,-,G,A,mismatch,1201,698,1,FALSE
nlgn4a,117,117,1,-,A,T,mismatch,1202,707,1,FALSE
nlgn4a,224,224,1,-,G,C,mismatch,1202,707,1,FALSE
nlgn4a,187,187,1,-,G,A,mismatch,1203,707,1,FALSE
nlgn4a,189,189,1,-,A,G,mismatch,1204,707,1,FALSE
nlgn4a,116,116,1,-,G,C,mismatch,1206,723,1,FALSE
nlgn4a,188,188,1,-,C,T,mismatch,1206,723,1,FALSE
nlgn4a,217,217,1,-,C,A,mismatch,1206,723,1,FALSE
nlgn4a,116,116,1,-,G,C,mismatch,1208,716,1,FALSE
nlgn4a,187,187,1,-,G,T,mismatch,1210,732,1,FALSE
nlgn4a,227,227,1,-,T,C,mismatch,1210,732,1,FALSE
nlgn4a,136,136,1,-,G,C,mismatch,1211,741,1,FALSE
nlgn4a,120,120,1,-,G,A,mismatch,1212,707,1,FALSE
nlgn4a,128,128,1,-,G,T,mismatch,1212,707,1,FALSE
nlgn4a,105,105,1,-,C,A,mismatch,1213,732,1,FALSE
nlgn4a,186,186,1,-,G,T,mismatch,1213,732,1,FALSE
nlgn4a,145,145,1,-,T,C,mismatch,1214,732,1,FALSE
nlgn4a,148,148,1,-,C,G,mismatch,1214,732,1,FALSE
nlgn4a,131,131,1,-,T,G,mismatch,1215,702,1,FALSE
nlgn4a,206,206,1,-,A,T,mismatch,1216,711,1,FALSE
nlgn4a,117,117,1,-,A,G,mismatch,1217,702,1,FALSE
nlgn4a,195,195,1,-,A,C,mismatch,1217,702,1,FALSE
nlgn4a,126,126,1,-,G,T,mismatch,1218,693,1,FALSE
nlgn4a,184,184,1,-,A,T,mismatch,1218,693,1,FALSE
nlgn4a,194,194,1,-,A,C,mismatch,1218,693,1,FALSE
nlgn4a,110,110,1,-,T,A,mismatch,1219,702,1,FALSE
nlgn4a,177,177,1,-,A,T,mismatch,1219,702,1,FALSE
nlgn4a,125,125,1,-,T,C,mismatch,1220,711,1,FALSE
nlgn4a,178,178,1,-,C,T,mismatch,1221,702,1,FALSE
nlgn4a,191,191,1,-,G,C,mismatch,1221,702,1,FALSE
nlgn4a,222,222,1,-,G,C,mismatch,1222,711,1,FALSE
nlgn4a,125,125,1,-,T,G,mismatch,1223,711,1,FALSE
nlgn4a,106,106,1,-,T,C,mismatch,1224,711,1,FALSE
nlgn4a,116,116,1,-,G,T,mismatch,1225,732,1,FALSE
nlgn4a,130,130,1,-,C,G,mismatch,1225,732,1,FALSE
nlgn4a,119,119,1,-,T,G,mismatch,1226,741,1,FALSE
nlgn4a,115,115,1,-,G,T,mismatch,1227,716,1,FALSE
nlgn4a,106,106,1,-,T,G,mismatch,1228,716,1,FALSE
nlgn4a,106,106,1,-,T,C,mismatch,1229,707,1,FALSE
nlgn4a,187,187,1,-,G,C,mismatch,1229,707,1,FALSE
nlgn4a,151,151,1,-,G,T,mismatch,1231,707,1,FALSE
nlgn4a,102,102,1,-,C,G,mismatch,1232,698,1,FALSE
nlgn4a,143,143,1,-,C,G,mismatch,1232,698,1,FALSE
nlgn4a,230,230,1,-,A,G,mismatch,1233,716,1,FALSE
nlgn4a,165,165,1,-,C,A,mismatch,1234,707,1,FALSE
nlgn4a,230,230,1,-,A,C,mismatch,1234,707,1,FALSE
nlgn4a,151,151,1,-,G,T,mismatch,1235,707,1,FALSE
nlgn4a,218,218,1,-,C,T,mismatch,1235,707,1,FALSE
nlgn4a,139,139,1,-,T,A,mismatch,1236,707,1,FALSE
nlgn4a,210,210,1,-,C,T,mismatch,1236,707,1,FALSE
nlgn4a,208,208,1,-,C,G,mismatch,1237,716,1,FALSE
nlgn4a,127,127,1,-,C,A,mismatch,1238,680,1,FALSE
nlgn4a,142,142,1,-,C,A,mismatch,1238,680,1,FALSE
nlgn4a,165,165,1,-,C,A,mismatch,1238,680,1,FALSE
nlgn4a,187,187,1,-,G,C,mismatch,1238,680,1,FALSE
nlgn4a,208,208,1,-,C,G,mismatch,1238,680,1,FALSE
nlgn4a,204,204,1,-,A,T,mismatch,1239,716,1,FALSE
nlgn4a,182,182,1,-,C,G,mismatch,1240,707,1,FALSE
nlgn4a,200,200,1,-,C,G,mismatch,1240,707,1,FALSE
nlgn4a,200,200,1,-,C,G,mismatch,1241,716,1,FALSE
nlgn4a,165,165,1,-,C,A,mismatch,1242,707,1,FALSE
nlgn4a,199,199,1,-,G,T,mismatch,1242,707,1,FALSE
nlgn4a,108,108,1,-,T,G,mismatch,1243,698,1,FALSE
nlgn4a,170,170,1,-,T,C,mismatch,1243,698,1,FALSE
nlgn4a,189,189,1,-,A,T,mismatch,1243,698,1,FALSE
nlgn4a,182,182,1,-,C,T,mismatch,1244,716,1,FALSE
nlgn4a,157,157,1,-,A,G,mismatch,1245,707,1,FALSE
nlgn4a,182,182,1,-,C,G,mismatch,1245,707,1,FALSE
nlgn4a,119,119,1,-,T,C,mismatch,1246,680,1,FALSE
nlgn4a,158,158,1,-,G,T,mismatch,1246,680,1,FALSE
nlgn4a,181,181,1,-,A,C,mismatch,1246,680,1,FALSE
nlgn4a,112,112,1,-,C,T,mismatch,1247,689,1,FALSE
nlgn4a,117,117,1,-,A,T,mismatch,1247,689,1,FALSE
nlgn4a,151,151,1,-,G,C,mismatch,1247,689,1,FALSE
nlgn4a,180,180,1,-,A,G,mismatch,1247,689,1,FALSE
nlgn4a,178,178,1,-,C,G,mismatch,1248,716,1,FALSE
nlgn4a,177,177,1,-,A,G,mismatch,1249,698,1,FALSE
nlgn4a,150,150,1,-,T,G,mismatch,1250,707,1,FALSE
nlgn4a,177,177,1,-,A,G,mismatch,1250,707,1,FALSE
nlgn4a,165,165,1,-,C,T,mismatch,1251,716,1,FALSE
nlgn4a,104,104,1,-,C,T,mismatch,1252,680,1,FALSE
nlgn4a,107,107,1,-,T,A,mismatch,1252,680,1,FALSE
nlgn4a,110,110,1,-,T,C,mismatch,1252,680,1,FALSE
nlgn4a,138,138,1,-,C,T,mismatch,1252,680,1,FALSE
nlgn4a,165,165,1,-,C,G,mismatch,1252,680,1,FALSE
nlgn4a,146,146,1,-,T,C,mismatch,1253,707,1,FALSE
nlgn4a,163,163,1,-,A,C,mismatch,1253,707,1,FALSE
nlgn4a,159,159,1,-,C,T,mismatch,1254,716,1,FALSE
nlgn4a,100,100,1,-,T,G,mismatch,1255,707,1,FALSE
nlgn4a,157,157,1,-,A,T,mismatch,1255,707,1,FALSE
nlgn4a,144,144,1,-,A,C,mismatch,1256,707,1,FALSE
nlgn4a,152,152,1,-,G,T,mismatch,1256,707,1,FALSE
nlgn4a,152,152,1,-,G,T,mismatch,1257,691,1,FALSE
nlgn4a,108,108,1,-,T,C,mismatch,1258,707,1,FALSE
nlgn4a,149,149,1,-,A,G,mismatch,1258,707,1,FALSE
nlgn4a,139,139,1,-,T,A,mismatch,1259,707,1,FALSE
nlgn4a,149,149,1,-,A,G,mismatch,1259,707,1,FALSE
nlgn4a,116,116,1,-,G,A,mismatch,1260,707,1,FALSE
nlgn4a,148,148,1,-,C,T,mismatch,1260,707,1,FALSE
nlgn4a,147,147,1,-,A,G,mismatch,1261,716,1,FALSE
nlgn4a,144,144,1,-,A,G,mismatch,1262,716,1,FALSE
nlgn4a,106,106,1,-,T,G,mismatch,1263,707,1,FALSE
nlgn4a,142,142,1,-,C,G,mismatch,1263,707,1,FALSE
nlgn4a,108,108,1,-,T,G,mismatch,1264,707,1,FALSE
nlgn4a,120,120,1,-,G,T,mismatch,1264,707,1,FALSE
nlgn4a,117,117,1,-,A,G,mismatch,1265,716,1,FALSE
nlgn4a,113,113,1,-,C,T,mismatch,1266,716,1,FALSE
nlgn4a,102,102,1,-,C,T,mismatch,1267,716,1,FALSE
nlgn4a,101,101,1,-,A,G,mismatch,1268,716,1,FALSE
nlgn4a,102,102,1,-,C,A,mismatch,1269,716,1,FALSE
nlgn4a,103,103,1,-,G,A,mismatch,1270,716,1,FALSE
nlgn4a,106,106,1,-,T,G,mismatch,1271,716,1,FALSE
nlgn4a,98,98,1,-,T,A,mismatch,1272,707,1,FALSE
nlgn4a,106,106,1,-,T,A,mismatch,1272,707,1,FALSE
nlgn4a,107,107,1,-,T,A,mismatch,1273,716,1,FALSE
nlgn4a,108,108,1,-,T,A,mismatch,1274,716,1,FALSE
nlgn4a,109,109,1,-,T,C,mismatch,1275,716,1,FALSE
nlgn4a,108,108,1,-,T,G,mismatch,1276,707,1,FALSE
nlgn4a,110,110,1,-,T,C,mismatch,1276,707,1,FALSE
nlgn4a,112,112,1,-,C,A,mismatch,1277,716,1,FALSE
nlgn4a,121,121,1,-,T,A,mismatch,1278,716,1,FALSE
nlgn4a,129,129,1,-,G,C,mismatch,1279,716,1,FALSE
nlgn4a,129,129,1,-,G,A,mismatch,1280,716,1,FALSE
nlgn4a,140,140,1,-,G,A,mismatch,1281,716,1,FALSE
nlgn4a,122,122,1,-,G,T,mismatch,1282,707,1,FALSE
nlgn4a,145,145,1,-,T,A,mismatch,1282,707,1,FALSE
nlgn4a,99,99,1,-,C,G,mismatch,1283,707,1,FALSE
nlgn4a,152,152,1,-,G,A,mismatch,1283,707,1,FALSE
nlgn4a,158,158,1,-,G,C,mismatch,1284,716,1,FALSE
nlgn4a,159,159,1,-,C,A,mismatch,1285,716,1,FALSE
nlgn4a,162,162,1,-,C,A,mismatch,1286,716,1,FALSE
nlgn4a,172,172,1,-,T,C,mismatch,1287,716,1,FALSE
nlgn4a,123,123,1,-,C,T,mismatch,1288,707,1,FALSE
nlgn4a,176,176,1,-,G,C,mismatch,1288,707,1,FALSE
nlgn4a,178,178,1,-,C,A,mismatch,1289,716,1,FALSE
nlgn4a,127,127,1,-,C,A,mismatch,1290,707,1,FALSE
nlgn4a,178,178,1,-,C,A,mismatch,1290,707,1,FALSE
nlgn4a,107,107,1,-,T,G,mismatch,1291,707,1,FALSE
nlgn4a,182,182,1,-,C,A,mismatch,1291,707,1,FALSE
nlgn4a,100,100,1,-,T,C,mismatch,1292,698,1,FALSE
nlgn4a,124,124,1,-,T,G,mismatch,1292,698,1,FALSE
nlgn4a,183,183,1,-,T,C,mismatch,1292,698,1,FALSE
nlgn4a,186,186,1,-,G,C,mismatch,1293,716,1,FALSE
nlgn4a,188,188,1,-,C,A,mismatch,1294,716,1,FALSE
nlgn4a,191,191,1,-,G,C,mismatch,1295,716,1,FALSE
nlgn4a,116,116,1,-,G,T,mismatch,1296,707,1,FALSE
nlgn4a,192,192,1,-,C,A,mismatch,1296,707,1,FALSE
nlgn4a,110,110,1,-,T,A,mismatch,1297,707,1,FALSE
nlgn4a,212,212,1,-,T,C,mismatch,1297,707,1,FALSE
nlgn4a,156,156,1,-,C,G,mismatch,1298,707,1,FALSE
nlgn4a,212,212,1,-,T,A,mismatch,1298,707,1,FALSE
nlgn4a,212,212,1,-,T,A,mismatch,1299,716,1,FALSE
nlgn4a,214,214,1,-,T,G,mismatch,1300,716,1,FALSE
nlgn4a,112,112,1,-,C,A,mismatch,1301,707,1,FALSE
nlgn4a,214,214,1,-,T,A,mismatch,1301,707,1,FALSE
nlgn4a,101,101,1,-,A,C,mismatch,1302,698,1,FALSE
nlgn4a,125,125,1,-,T,C,mismatch,1302,698,1,FALSE
nlgn4a,214,214,1,-,T,A,mismatch,1302,698,1,FALSE
nlgn4a,156,156,1,-,C,G,mismatch,1303,707,1,FALSE
nlgn4a,215,215,1,-,G,C,mismatch,1303,707,1,FALSE
nlgn4a,122,122,1,-,G,T,mismatch,1304,698,1,FALSE
nlgn4a,180,180,1,-,A,T,mismatch,1304,698,1,FALSE
nlgn4a,217,217,1,-,C,A,mismatch,1304,698,1,FALSE
nlgn4a,226,226,1,-,T,G,mismatch,1305,716,1,FALSE
nlgn4a,227,227,1,-,T,G,mismatch,1306,716,1,FALSE
nlgn4a,99,99,1,-,C,G,mismatch,1307,689,1,FALSE
nlgn4a,119,119,1,-,T,C,mismatch,1307,689,1,FALSE
nlgn4a,193,193,1,-,T,G,mismatch,1307,689,1,FALSE
nlgn4a,227,227,1,-,T,A,mismatch,1307,689,1,FALSE
nlgn4a,231,231,1,-,G,A,mismatch,1308,716,1,FALSE
nlgn4a,142,142,1,-,C,T,mismatch,1309,707,1,FALSE
nlgn4a,118,118,1,-,T,C,mismatch,1311,698,1,FALSE
nlgn4a,144,144,1,-,A,C,mismatch,1311,698,1,FALSE
nlgn4a,186,186,1,-,G,C,mismatch,1312,707,1,FALSE
nlgn4a,118,118,1,-,T,A,mismatch,1313,689,1,FALSE
nlgn4a,139,139,1,-,T,G,mismatch,1313,689,1,FALSE
nlgn4a,146,146,1,-,T,G,mismatch,1313,689,1,FALSE
nlgn4a,230,230,1,-,A,C,mismatch,1314,707,1,FALSE
nlgn4a,161,161,1,-,G,C,mismatch,1317,716,1,FALSE
nlgn4a,233,233,1,-,G,T,mismatch,1318,707,1,FALSE
nlgn4a,100,100,1,-,T,G,mismatch,1320,707,1,FALSE
nlgn4a,141,141,1,-,G,C,mismatch,1323,707,1,FALSE
nlgn4a,230,230,1,-,A,T,mismatch,1323,707,1,FALSE
nlgn4a,105,105,1,-,C,G,mismatch,1324,689,1,FALSE
nlgn4a,151,151,1,-,G,A,mismatch,1324,689,1,FALSE
nlgn4a,159,159,1,-,C,G,mismatch,1324,689,1,FALSE
nlgn4a,230,230,1,-,A,G,mismatch,1324,689,1,FALSE
nlgn4a,96,96,1,-,A,T,mismatch,1325,698,1,FALSE
nlgn4a,102,102,1,-,C,G,mismatch,1325,698,1,FALSE
nlgn4a,225,225,1,-,A,C,mismatch,1325,698,1,FALSE
nlgn4a,100,100,1,-,T,C,mismatch,1326,689,1,FALSE
nlgn4a,126,126,1,-,G,T,mismatch,1326,689,1,FALSE
nlgn4a,200,200,1,-,C,T,mismatch,1326,689,1,FALSE
nlgn4a,219,219,1,-,A,T,mismatch,1326,689,1,FALSE
nlgn4a,115,115,1,-,G,C,mismatch,1327,698,1,FALSE
nlgn4a,181,181,1,-,A,G,mismatch,1327,698,1,FALSE
nlgn4a,210,210,1,-,C,T,mismatch,1327,698,1,FALSE
nlgn4a,205,205,1,-,A,G,mismatch,1328,716,1,FALSE
nlgn4a,136,136,1,-,G,T,mismatch,1329,707,1,FALSE
nlgn4a,204,204,1,-,A,G,mismatch,1329,707,1,FALSE
nlgn4a,192,192,1,-,C,G,mismatch,1330,716,1,FALSE
nlgn4a,188,188,1,-,C,T,mismatch,1331,716,1,FALSE
nlgn4a,184,184,1,-,A,G,mismatch,1332,716,1,FALSE
nlgn4a,179,179,1,-,A,G,mismatch,1333,716,1,FALSE
nlgn4a,175,175,1,-,C,T,mismatch,1334,716,1,FALSE
nlgn4a,171,171,1,-,G,T,mismatch,1335,716,1,FALSE
nlgn4a,162,162,1,-,C,T,mismatch,1336,716,1,FALSE
nlgn4a,102,102,1,-,C,T,mismatch,1337,707,1,FALSE
nlgn4a,160,160,1,-,A,G,mismatch,1337,707,1,FALSE
nlgn4a,157,157,1,-,A,T,mismatch,1338,716,1,FALSE
nlgn4a,108,108,1,-,T,A,mismatch,1339,707,1,FALSE
nlgn4a,156,156,1,-,C,T,mismatch,1339,707,1,FALSE
nlgn4a,148,148,1,-,C,G,mismatch,1340,716,1,FALSE
nlgn4a,147,147,1,-,A,T,mismatch,1341,716,1,FALSE
nlgn4a,110,110,1,-,T,C,mismatch,1342,707,1,FALSE
nlgn4a,144,144,1,-,A,T,mismatch,1342,707,1,FALSE
nlgn4a,144,144,1,-,A,G,mismatch,1343,716,1,FALSE
nlgn4a,136,136,1,-,G,T,mismatch,1344,716,1,FALSE
nlgn4a,123,123,1,-,C,T,mismatch,1346,716,1,FALSE
nlgn4a,100,100,1,-,T,G,mismatch,1347,707,1,FALSE
nlgn4a,120,120,1,-,G,T,mismatch,1347,707,1,FALSE
nlgn4a,117,117,1,-,A,G,mismatch,1348,716,1,FALSE
nlgn4a,96,96,1,-,A,C,mismatch,1349,707,1,FALSE
nlgn4a,112,112,1,-,C,G,mismatch,1349,707,1,FALSE
nlgn4a,104,104,1,-,C,G,mismatch,1350,716,1,FALSE
nlgn4a,101,101,1,-,A,T,mismatch,1351,716,1,FALSE
nlgn4a,99,99,1,-,C,G,mismatch,1352,716,1,FALSE
nlgn4a,98,98,1,-,T,G,mismatch,1353,716,1,FALSE
nlgn4a,98,98,1,-,T,G,mismatch,1354,707,1,FALSE
nlgn4a,105,105,1,-,C,A,mismatch,1354,707,1,FALSE
nlgn4a,104,104,1,-,C,A,mismatch,1355,707,1,FALSE
nlgn4a,107,107,1,-,T,G,mismatch,1355,707,1,FALSE
nlgn4a,115,115,1,-,G,A,mismatch,1356,716,1,FALSE
nlgn4a,118,118,1,-,T,C,mismatch,1357,716,1,FALSE
nlgn4a,126,126,1,-,G,C,mismatch,1358,716,1,FALSE
nlgn4a,106,106,1,-,T,G,mismatch,1359,707,1,FALSE
nlgn4a,128,128,1,-,G,C,mismatch,1359,707,1,FALSE
nlgn4a,136,136,1,-,G,C,mismatch,1360,716,1,FALSE
nlgn4a,96,96,1,-,A,C,mismatch,1361,689,1,FALSE
nlgn4a,106,106,1,-,T,G,mismatch,1361,689,1,FALSE
nlgn4a,125,125,1,-,T,C,mismatch,1361,689,1,FALSE
nlgn4a,128,128,1,-,G,T,mismatch,1361,689,1,FALSE
nlgn4a,107,107,1,-,T,C,mismatch,1362,707,1,FALSE
nlgn4a,140,140,1,-,G,A,mismatch,1362,707,1,FALSE
nlgn4a,142,142,1,-,C,A,mismatch,1363,716,1,FALSE
nlgn4a,124,124,1,-,T,G,mismatch,1364,698,1,FALSE
nlgn4a,137,137,1,-,G,A,mismatch,1364,698,1,FALSE
nlgn4a,143,143,1,-,C,A,mismatch,1364,698,1,FALSE
nlgn4a,107,107,1,-,T,G,mismatch,1365,707,1,FALSE
nlgn4a,153,153,1,-,G,C,mismatch,1365,707,1,FALSE
nlgn4a,148,148,1,-,C,G,mismatch,1366,707,1,FALSE
nlgn4a,159,159,1,-,C,A,mismatch,1366,707,1,FALSE
nlgn4a,162,162,1,-,C,A,mismatch,1367,716,1,FALSE
nlgn4a,109,109,1,-,T,C,mismatch,1368,707,1,FALSE
nlgn4a,167,167,1,-,T,G,mismatch,1368,707,1,FALSE
nlgn4a,166,166,1,-,C,T,mismatch,1369,707,1,FALSE
nlgn4a,169,169,1,-,T,G,mismatch,1369,707,1,FALSE
nlgn4a,173,173,1,-,T,C,mismatch,1370,716,1,FALSE
nlgn4a,183,183,1,-,T,G,mismatch,1371,716,1,FALSE
nlgn4a,187,187,1,-,G,A,mismatch,1372,716,1,FALSE
nlgn4a,112,112,1,-,C,A,mismatch,1373,680,1,FALSE
nlgn4a,117,117,1,-,A,G,mismatch,1373,680,1,FALSE
nlgn4a,158,158,1,-,G,A,mismatch,1373,680,1,FALSE
nlgn4a,181,181,1,-,A,C,mismatch,1373,680,1,FALSE
nlgn4a,193,193,1,-,T,C,mismatch,1373,680,1,FALSE
nlgn4a,117,117,1,-,A,T,mismatch,1374,698,1,FALSE
nlgn4a,186,186,1,-,G,C,mismatch,1374,698,1,FALSE
nlgn4a,221,221,1,-,T,A,mismatch,1374,698,1,FALSE
nlgn4a,100,100,1,-,T,A,mismatch,1375,689,1,FALSE
nlgn4a,145,145,1,-,T,C,mismatch,1375,689,1,FALSE
nlgn4a,221,221,1,-,T,A,mismatch,1375,689,1,FALSE
nlgn4a,228,228,1,-,C,A,mismatch,1375,689,1,FALSE
nlgn4a,104,104,1,-,C,A,mismatch,1376,707,1,FALSE
nlgn4a,229,229,1,-,T,A,mismatch,1376,707,1,FALSE
nlgn4a,119,119,1,-,T,A,mismatch,1378,707,1,FALSE
nlgn4a,100,100,1,-,T,C,mismatch,1379,689,1,FALSE
nlgn4a,168,168,1,-,A,G,mismatch,1379,689,1,FALSE
nlgn4a,215,215,1,-,G,T,mismatch,1379,689,1,FALSE
nlgn4a,109,109,1,-,T,G,mismatch,1382,716,1,FALSE
nlgn4a,141,141,1,-,G,A,mismatch,1383,716,1,FALSE
nlgn4a,101,101,1,-,A,T,mismatch,1384,716,1,FALSE
nlgn4a,148,148,1,-,C,A,mismatch,1385,707,1,FALSE
nlgn4a,205,205,1,-,A,G,mismatch,1385,707,1,FALSE
nlgn4a,127,127,1,-,C,A,mismatch,1386,716,1,FALSE
nlgn4a,99,99,1,-,C,T,mismatch,1387,707,1,FALSE
nlgn4a,114,114,1,-,T,G,mismatch,1387,707,1,FALSE
nlgn4a,114,114,1,-,T,C,mismatch,1388,707,1,FALSE
nlgn4a,139,139,1,-,T,A,mismatch,1388,707,1,FALSE
nlgn4a,122,122,1,-,G,C,mismatch,1389,689,1,FALSE
nlgn4a,169,169,1,-,T,A,mismatch,1389,689,1,FALSE
nlgn4a,172,172,1,-,T,C,mismatch,1389,689,1,FALSE
nlgn4a,200,200,1,-,C,G,mismatch,1389,689,1,FALSE
nlgn4a,134,134,1,-,G,T,mismatch,1390,716,1,FALSE
nlgn4a,109,109,1,-,T,A,mismatch,1391,716,1,FALSE
nlgn4a,109,109,1,-,T,C,mismatch,1392,707,1,FALSE
nlgn4a,150,150,1,-,T,A,mismatch,1392,707,1,FALSE
nlgn4a,104,104,1,-,C,G,mismatch,1393,707,1,FALSE
nlgn4a,205,205,1,-,A,G,mismatch,1393,707,1,FALSE
nlgn4a,100,100,1,-,T,G,mismatch,1394,716,1,FALSE
nlgn4a,106,106,1,-,T,C,mismatch,1396,716,1,FALSE
nlgn4a,106,106,1,-,T,A,mismatch,1398,707,1,FALSE
nlgn4a,220,220,1,-,A,T,mismatch,1398,707,1,FALSE
nlgn4a,179,179,1,-,A,G,mismatch,1399,707,1,FALSE
nlgn4a,187,187,1,-,G,A,mismatch,1399,707,1,FALSE
nlgn4a,104,104,1,-,C,T,mismatch,1400,689,1,FALSE
nlgn4a,124,124,1,-,T,G,mismatch,1400,689,1,FALSE
nlgn4a,133,133,1,-,C,T,mismatch,1400,689,1,FALSE
nlgn4a,139,139,1,-,T,G,mismatch,1400,689,1,FALSE
nlgn4a,224,224,1,-,G,T,mismatch,1401,716,1,FALSE
nlgn4a,111,111,1,-,A,T,mismatch,1402,716,1,FALSE
nlgn4a,127,127,1,-,C,T,mismatch,1403,716,1,FALSE
nlgn4a,99,99,1,-,C,A,mismatch,1404,698,1,FALSE
nlgn4a,105,105,1,-,C,T,mismatch,1404,698,1,FALSE
nlgn4a,202,202,1,-,T,A,mismatch,1404,698,1,FALSE
nlgn4a,167,167,1,-,T,A,mismatch,1405,689,1,FALSE
nlgn4a,170,170,1,-,T,C,mismatch,1405,689,1,FALSE
nlgn4a,201,201,1,-,T,G,mismatch,1405,689,1,FALSE
nlgn4a,215,215,1,-,G,A,mismatch,1405,689,1,FALSE
nlgn4a,145,145,1,-,T,G,mismatch,1407,698,1,FALSE
nlgn4a,147,147,1,-,A,G,mismatch,1407,698,1,FALSE
nlgn4a,118,118,1,-,T,C,mismatch,1408,698,1,FALSE
nlgn4a,119,119,1,-,T,A,mismatch,1410,707,1,FALSE
nlgn4a,221,221,1,-,T,G,mismatch,1411,689,1,FALSE
nlgn4a,105,105,1,-,C,G,mismatch,1412,680,1,FALSE
nlgn4a,123,123,1,-,C,A,mismatch,1412,680,1,FALSE
nlgn4a,152,152,1,-,G,T,mismatch,1412,680,1,FALSE
nlgn4a,168,168,1,-,A,C,mismatch,1412,680,1,FALSE
nlgn4a,137,137,1,-,G,A,mismatch,1413,698,1,FALSE
nlgn4a,180,180,1,-,A,T,mismatch,1413,698,1,FALSE
nlgn4a,127,127,1,-,C,G,mismatch,1414,707,1,FALSE
nlgn4a,137,137,1,-,G,C,mismatch,1415,707,1,FALSE
nlgn4a,188,188,1,-,C,T,mismatch,1416,707,1,FALSE
nlgn4a,151,151,1,-,G,A,mismatch,1417,698,1,FALSE
nlgn4a,181,181,1,-,A,C,mismatch,1417,698,1,FALSE
nlgn4a,101,101,1,-,A,T,mismatch,1418,707,1,FALSE
nlgn4a,113,113,1,-,C,A,mismatch,1419,707,1,FALSE
nlgn4a,162,162,1,-,C,T,mismatch,1420,689,1,FALSE
nlgn4a,171,171,1,-,G,C,mismatch,1420,689,1,FALSE
nlgn4a,207,207,1,-,A,T,mismatch,1420,689,1,FALSE
nlgn4a,109,109,1,-,T,A,mismatch,1424,707,1,FALSE
nlgn4a,137,137,1,-,G,C,mismatch,1425,698,1,FALSE
nlgn4a,210,210,1,-,C,A,mismatch,1425,698,1,FALSE
nlgn4a,230,230,1,-,A,C,mismatch,1425,698,1,FALSE
nlgn4a,105,105,1,-,C,T,mismatch,1426,707,1,FALSE
nlgn4a,225,225,1,-,A,T,mismatch,1426,707,1,FALSE
nlgn4a,223,223,1,-,A,G,mismatch,1427,716,1,FALSE
nlgn4a,220,220,1,-,A,T,mismatch,1428,716,1,FALSE
nlgn4a,99,99,1,-,C,G,mismatch,1429,698,1,FALSE
nlgn4a,151,151,1,-,G,C,mismatch,1429,698,1,FALSE
nlgn4a,220,220,1,-,A,C,mismatch,1429,698,1,FALSE
nlgn4a,158,158,1,-,G,C,mismatch,1430,698,1,FALSE
nlgn4a,196,196,1,-,G,T,mismatch,1430,698,1,FALSE
nlgn4a,217,217,1,-,C,G,mismatch,1430,698,1,FALSE
nlgn4a,104,104,1,-,C,T,mismatch,1431,707,1,FALSE
nlgn4a,215,215,1,-,G,T,mismatch,1431,707,1,FALSE
nlgn4a,178,178,1,-,C,T,mismatch,1432,707,1,FALSE
nlgn4a,211,211,1,-,C,T,mismatch,1432,707,1,FALSE
nlgn4a,179,179,1,-,A,C,mismatch,1433,707,1,FALSE
nlgn4a,211,211,1,-,C,G,mismatch,1433,707,1,FALSE
nlgn4a,202,202,1,-,T,A,mismatch,1434,707,1,FALSE
nlgn4a,210,210,1,-,C,T,mismatch,1434,707,1,FALSE
nlgn4a,208,208,1,-,C,G,mismatch,1435,716,1,FALSE
nlgn4a,207,207,1,-,A,C,mismatch,1436,716,1,FALSE
nlgn4a,206,206,1,-,A,G,mismatch,1437,716,1,FALSE
nlgn4a,205,205,1,-,A,C,mismatch,1438,716,1,FALSE
nlgn4a,155,155,1,-,T,C,mismatch,1439,707,1,FALSE
nlgn4a,204,204,1,-,A,G,mismatch,1439,707,1,FALSE
nlgn4a,203,203,1,-,G,T,mismatch,1440,716,1,FALSE
nlgn4a,119,119,1,-,T,G,mismatch,1441,707,1,FALSE
nlgn4a,203,203,1,-,G,T,mismatch,1441,707,1,FALSE
nlgn4a,198,198,1,-,G,T,mismatch,1442,716,1,FALSE
nlgn4a,100,100,1,-,T,G,mismatch,1443,707,1,FALSE
nlgn4a,197,197,1,-,A,G,mismatch,1443,707,1,FALSE
nlgn4a,197,197,1,-,A,C,mismatch,1444,716,1,FALSE
nlgn4a,168,168,1,-,A,T,mismatch,1445,707,1,FALSE
nlgn4a,195,195,1,-,A,G,mismatch,1445,707,1,FALSE
nlgn4a,109,109,1,-,T,G,mismatch,1446,707,1,FALSE
nlgn4a,194,194,1,-,A,G,mismatch,1446,707,1,FALSE
nlgn4a,192,192,1,-,C,T,mismatch,1447,716,1,FALSE
nlgn4a,100,100,1,-,T,A,mismatch,1448,689,1,FALSE
nlgn4a,117,117,1,-,A,C,mismatch,1448,689,1,FALSE
nlgn4a,138,138,1,-,C,T,mismatch,1448,689,1,FALSE
nlgn4a,190,190,1,-,A,T,mismatch,1448,689,1,FALSE
nlgn4a,190,190,1,-,A,G,mismatch,1449,716,1,FALSE
nlgn4a,156,156,1,-,C,T,mismatch,1450,707,1,FALSE
nlgn4a,189,189,1,-,A,T,mismatch,1450,707,1,FALSE
nlgn4a,138,138,1,-,C,T,mismatch,1451,707,1,FALSE
nlgn4a,189,189,1,-,A,T,mismatch,1451,707,1,FALSE
nlgn4a,144,144,1,-,A,C,mismatch,1452,707,1,FALSE
nlgn4a,186,186,1,-,G,T,mismatch,1452,707,1,FALSE
nlgn4a,182,182,1,-,C,G,mismatch,1453,716,1,FALSE
nlgn4a,99,99,1,-,C,A,mismatch,1454,707,1,FALSE
nlgn4a,182,182,1,-,C,G,mismatch,1454,707,1,FALSE
nlgn4a,152,152,1,-,G,A,mismatch,1455,707,1,FALSE
nlgn4a,181,181,1,-,A,T,mismatch,1455,707,1,FALSE
nlgn4a,99,99,1,-,C,A,mismatch,1456,689,1,FALSE
nlgn4a,124,124,1,-,T,C,mismatch,1456,689,1,FALSE
nlgn4a,179,179,1,-,A,C,mismatch,1456,689,1,FALSE
nlgn4a,181,181,1,-,A,C,mismatch,1456,689,1,FALSE
nlgn4a,180,180,1,-,A,T,mismatch,1457,716,1,FALSE
nlgn4a,150,150,1,-,T,C,mismatch,1458,698,1,FALSE
nlgn4a,155,155,1,-,T,G,mismatch,1458,698,1,FALSE
nlgn4a,180,180,1,-,A,T,mismatch,1458,698,1,FALSE
nlgn4a,98,98,1,-,T,G,mismatch,1459,689,1,FALSE
nlgn4a,112,112,1,-,C,T,mismatch,1459,689,1,FALSE
nlgn4a,136,136,1,-,G,T,mismatch,1459,689,1,FALSE
nlgn4a,180,180,1,-,A,G,mismatch,1459,689,1,FALSE
nlgn4a,125,125,1,-,T,C,mismatch,1460,707,1,FALSE
nlgn4a,180,180,1,-,A,C,mismatch,1460,707,1,FALSE
nlgn4a,139,139,1,-,T,A,mismatch,1461,707,1,FALSE
nlgn4a,179,179,1,-,A,G,mismatch,1461,707,1,FALSE
nlgn4a,146,146,1,-,T,C,mismatch,1462,707,1,FALSE
nlgn4a,175,175,1,-,C,T,mismatch,1462,707,1,FALSE
nlgn4a,168,168,1,-,A,T,mismatch,1463,716,1,FALSE
nlgn4a,165,165,1,-,C,T,mismatch,1464,716,1,FALSE
nlgn4a,104,104,1,-,C,A,mismatch,1465,707,1,FALSE
nlgn4a,165,165,1,-,C,T,mismatch,1465,707,1,FALSE
nlgn4a,164,164,1,-,C,T,mismatch,1466,716,1,FALSE
nlgn4a,151,151,1,-,G,T,mismatch,1467,707,1,FALSE
nlgn4a,162,162,1,-,C,T,mismatch,1467,707,1,FALSE
nlgn4a,161,161,1,-,G,T,mismatch,1468,716,1,FALSE
nlgn4a,150,150,1,-,T,G,mismatch,1469,707,1,FALSE
nlgn4a,160,160,1,-,A,C,mismatch,1469,707,1,FALSE
nlgn4a,100,100,1,-,T,A,mismatch,1470,707,1,FALSE
nlgn4a,159,159,1,-,C,T,mismatch,1470,707,1,FALSE
nlgn4a,139,139,1,-,T,A,mismatch,1471,707,1,FALSE
nlgn4a,159,159,1,-,C,T,mismatch,1471,707,1,FALSE
nlgn4a,146,146,1,-,T,C,mismatch,1472,698,1,FALSE
nlgn4a,150,150,1,-,T,A,mismatch,1472,698,1,FALSE
nlgn4a,159,159,1,-,C,T,mismatch,1472,698,1,FALSE
nlgn4a,157,157,1,-,A,C,mismatch,1473,716,1,FALSE
nlgn4a,156,156,1,-,C,T,mismatch,1474,716,1,FALSE
nlgn4a,156,156,1,-,C,G,mismatch,1475,716,1,FALSE
nlgn4a,103,103,1,-,G,C,mismatch,1476,707,1,FALSE
nlgn4a,154,154,1,-,C,T,mismatch,1476,707,1,FALSE
nlgn4a,104,104,1,-,C,A,mismatch,1477,707,1,FALSE
nlgn4a,154,154,1,-,C,T,mismatch,1477,707,1,FALSE
nlgn4a,119,119,1,-,T,G,mismatch,1478,707,1,FALSE
nlgn4a,154,154,1,-,C,G,mismatch,1478,707,1,FALSE
nlgn4a,153,153,1,-,G,T,mismatch,1479,716,1,FALSE
nlgn4a,146,146,1,-,T,C,mismatch,1480,698,1,FALSE
nlgn4a,150,150,1,-,T,A,mismatch,1480,698,1,FALSE
nlgn4a,152,152,1,-,G,T,mismatch,1480,698,1,FALSE
nlgn4a,109,109,1,-,T,A,mismatch,1481,707,1,FALSE
nlgn4a,149,149,1,-,A,G,mismatch,1481,707,1,FALSE
nlgn4a,124,124,1,-,T,A,mismatch,1482,707,1,FALSE
nlgn4a,147,147,1,-,A,G,mismatch,1482,707,1,FALSE
nlgn4a,116,116,1,-,G,A,mismatch,1483,707,1,FALSE
nlgn4a,147,147,1,-,A,C,mismatch,1483,707,1,FALSE
nlgn4a,143,143,1,-,C,T,mismatch,1484,716,1,FALSE
nlgn4a,110,110,1,-,T,G,mismatch,1485,707,1,FALSE
nlgn4a,141,141,1,-,G,T,mismatch,1485,707,1,FALSE
nlgn4a,138,138,1,-,C,G,mismatch,1486,716,1,FALSE
nlgn4a,105,105,1,-,C,T,mismatch,1487,707,1,FALSE
nlgn4a,137,137,1,-,G,T,mismatch,1487,707,1,FALSE
nlgn4a,108,108,1,-,T,A,mismatch,1488,698,1,FALSE
nlgn4a,114,114,1,-,T,G,mismatch,1488,698,1,FALSE
nlgn4a,134,134,1,-,G,T,mismatch,1488,698,1,FALSE
nlgn4a,105,105,1,-,C,T,mismatch,1489,707,1,FALSE
nlgn4a,127,127,1,-,C,T,mismatch,1489,707,1,FALSE
nlgn4a,123,123,1,-,C,T,mismatch,1490,716,1,FALSE
nlgn4a,123,123,1,-,C,G,mismatch,1491,716,1,FALSE
nlgn4a,122,122,1,-,G,T,mismatch,1492,716,1,FALSE
nlgn4a,117,117,1,-,A,G,mismatch,1493,716,1,FALSE
nlgn4a,104,104,1,-,C,G,mismatch,1494,716,1,FALSE
nlgn4a,101,101,1,-,A,T,mismatch,1495,716,1,FALSE
nlgn4a,98,98,1,-,T,C,mismatch,1496,716,1,FALSE
nlgn4a,102,102,1,-,C,A,mismatch,1497,716,1,FALSE
nlgn4a,103,103,1,-,G,C,mismatch,1498,716,1,FALSE
nlgn4a,106,106,1,-,T,G,mismatch,1499,716,1,FALSE
nlgn4a,105,105,1,-,C,A,mismatch,1500,707,1,FALSE
nlgn4a,107,107,1,-,T,A,mismatch,1500,707,1,FALSE
nlgn4a,109,109,1,-,T,A,mismatch,1501,716,1,FALSE
nlgn4a,113,113,1,-,C,A,mismatch,1502,716,1,FALSE
nlgn4a,114,114,1,-,T,G,mismatch,1503,716,1,FALSE
nlgn4a,105,105,1,-,C,A,mismatch,1504,707,1,FALSE
nlgn4a,115,115,1,-,G,A,mismatch,1504,707,1,FALSE
nlgn4a,116,116,1,-,G,C,mismatch,1505,716,1,FALSE
nlgn4a,119,119,1,-,T,G,mismatch,1506,716,1,FALSE
nlgn4a,119,119,1,-,T,A,mismatch,1507,716,1,FALSE
nlgn4a,120,120,1,-,G,C,mismatch,1508,716,1,FALSE
nlgn4a,106,106,1,-,T,G,mismatch,1509,707,1,FALSE
nlgn4a,122,122,1,-,G,C,mismatch,1509,707,1,FALSE
nlgn4a,123,123,1,-,C,A,mismatch,1510,716,1,FALSE
nlgn4a,124,124,1,-,T,A,mismatch,1511,716,1,FALSE
nlgn4a,101,101,1,-,A,G,mismatch,1512,707,1,FALSE
nlgn4a,125,125,1,-,T,G,mismatch,1512,707,1,FALSE
nlgn4a,113,113,1,-,C,T,mismatch,1513,707,1,FALSE
nlgn4a,125,125,1,-,T,A,mismatch,1513,707,1,FALSE
nlgn4a,111,111,1,-,A,C,mismatch,1514,707,1,FALSE
nlgn4a,125,125,1,-,T,A,mismatch,1514,707,1,FALSE
nlgn4a,126,126,1,-,G,C,mismatch,1515,716,1,FALSE
nlgn4a,134,134,1,-,G,C,mismatch,1516,716,1,FALSE
nlgn4a,135,135,1,-,T,G,mismatch,1517,716,1,FALSE
nlgn4a,108,108,1,-,T,A,mismatch,1518,707,1,FALSE
nlgn4a,135,135,1,-,T,C,mismatch,1518,707,1,FALSE
nlgn4a,111,111,1,-,A,T,mismatch,1519,707,1,FALSE
nlgn4a,135,135,1,-,T,A,mismatch,1519,707,1,FALSE
nlgn4a,98,98,1,-,T,C,mismatch,1520,707,1,FALSE
nlgn4a,136,136,1,-,G,C,mismatch,1520,707,1,FALSE
nlgn4a,118,118,1,-,T,G,mismatch,1521,707,1,FALSE
nlgn4a,136,136,1,-,G,C,mismatch,1521,707,1,FALSE
nlgn4a,137,137,1,-,G,C,mismatch,1522,716,1,FALSE
nlgn4a,138,138,1,-,C,A,mismatch,1523,716,1,FALSE
nlgn4a,139,139,1,-,T,G,mismatch,1524,716,1,FALSE
nlgn4a,100,100,1,-,T,C,mismatch,1525,707,1,FALSE
nlgn4a,141,141,1,-,G,A,mismatch,1525,707,1,FALSE
nlgn4a,142,142,1,-,C,A,mismatch,1526,716,1,FALSE
nlgn4a,114,114,1,-,T,A,mismatch,1527,698,1,FALSE
nlgn4a,138,138,1,-,C,G,mismatch,1527,698,1,FALSE
nlgn4a,143,143,1,-,C,A,mismatch,1527,698,1,FALSE
nlgn4a,145,145,1,-,T,C,mismatch,1528,716,1,FALSE
nlgn4a,145,145,1,-,T,A,mismatch,1529,716,1,FALSE
nlgn4a,146,146,1,-,T,A,mismatch,1530,716,1,FALSE
nlgn4a,98,98,1,-,T,A,mismatch,1531,707,1,FALSE
nlgn4a,146,146,1,-,T,A,mismatch,1531,707,1,FALSE
nlgn4a,115,115,1,-,G,C,mismatch,1532,698,1,FALSE
nlgn4a,145,145,1,-,T,C,mismatch,1532,698,1,FALSE
nlgn4a,148,148,1,-,C,A,mismatch,1532,698,1,FALSE
nlgn4a,103,103,1,-,G,T,mismatch,1533,707,1,FALSE
nlgn4a,150,150,1,-,T,G,mismatch,1533,707,1,FALSE
nlgn4a,150,150,1,-,T,G,mismatch,1534,716,1,FALSE
nlgn4a,105,105,1,-,C,A,mismatch,1535,707,1,FALSE
nlgn4a,150,150,1,-,T,C,mismatch,1535,707,1,FALSE
nlgn4a,140,140,1,-,G,A,mismatch,1536,707,1,FALSE
nlgn4a,151,151,1,-,G,A,mismatch,1536,707,1,FALSE
nlgn4a,152,152,1,-,G,A,mismatch,1537,716,1,FALSE
nlgn4a,110,110,1,-,T,G,mismatch,1538,707,1,FALSE
nlgn4a,167,167,1,-,T,C,mismatch,1538,707,1,FALSE
nlgn4a,167,167,1,-,T,A,mismatch,1539,716,1,FALSE
nlgn4a,98,98,1,-,T,G,mismatch,1540,689,1,FALSE
nlgn4a,111,111,1,-,A,G,mismatch,1540,689,1,FALSE
nlgn4a,123,123,1,-,C,A,mismatch,1540,689,1,FALSE
nlgn4a,169,169,1,-,T,G,mismatch,1540,689,1,FALSE
nlgn4a,107,107,1,-,T,G,mismatch,1541,698,1,FALSE
nlgn4a,135,135,1,-,T,C,mismatch,1541,698,1,FALSE
nlgn4a,169,169,1,-,T,G,mismatch,1541,698,1,FALSE
nlgn4a,98,98,1,-,T,G,mismatch,1542,698,1,FALSE
nlgn4a,152,152,1,-,G,A,mismatch,1542,698,1,FALSE
nlgn4a,169,169,1,-,T,G,mismatch,1542,698,1,FALSE
nlgn4a,110,110,1,-,T,A,mismatch,1543,689,1,FALSE
nlgn4a,119,119,1,-,T,A,mismatch,1543,689,1,FALSE
nlgn4a,156,156,1,-,C,T,mismatch,1543,689,1,FALSE
nlgn4a,171,171,1,-,G,C,mismatch,1543,689,1,FALSE
nlgn4a,171,171,1,-,G,C,mismatch,1544,716,1,FALSE
nlgn4a,110,110,1,-,T,C,mismatch,1545,707,1,FALSE
nlgn4a,171,171,1,-,G,C,mismatch,1545,707,1,FALSE
nlgn4a,150,150,1,-,T,A,mismatch,1546,707,1,FALSE
nlgn4a,171,171,1,-,G,C,mismatch,1546,707,1,FALSE
nlgn4a,172,172,1,-,T,G,mismatch,1547,716,1,FALSE
nlgn4a,139,139,1,-,T,G,mismatch,1548,707,1,FALSE
nlgn4a,172,172,1,-,T,G,mismatch,1548,707,1,FALSE
nlgn4a,157,157,1,-,A,C,mismatch,1549,707,1,FALSE
nlgn4a,172,172,1,-,T,C,mismatch,1549,707,1,FALSE
nlgn4a,173,173,1,-,T,G,mismatch,1550,716,1,FALSE
nlgn4a,156,156,1,-,C,G,mismatch,1551,707,1,FALSE
nlgn4a,173,173,1,-,T,C,mismatch,1551,707,1,FALSE
nlgn4a,173,173,1,-,T,A,mismatch,1552,716,1,FALSE
nlgn4a,114,114,1,-,T,C,mismatch,1553,707,1,FALSE
nlgn4a,176,176,1,-,G,C,mismatch,1553,707,1,FALSE
nlgn4a,116,116,1,-,G,C,mismatch,1554,707,1,FALSE
nlgn4a,178,178,1,-,C,A,mismatch,1554,707,1,FALSE
nlgn4a,138,138,1,-,C,T,mismatch,1555,707,1,FALSE
nlgn4a,185,185,1,-,T,G,mismatch,1555,707,1,FALSE
nlgn4a,135,135,1,-,T,G,mismatch,1556,707,1,FALSE
nlgn4a,186,186,1,-,G,C,mismatch,1556,707,1,FALSE
nlgn4a,137,137,1,-,G,C,mismatch,1557,707,1,FALSE
nlgn4a,187,187,1,-,G,C,mismatch,1557,707,1,FALSE
nlgn4a,191,191,1,-,G,C,mismatch,1558,716,1,FALSE
nlgn4a,193,193,1,-,T,G,mismatch,1559,716,1,FALSE
nlgn4a,198,198,1,-,G,C,mismatch,1560,716,1,FALSE
nlgn4a,200,200,1,-,C,A,mismatch,1561,716,1,FALSE
nlgn4a,124,124,1,-,T,C,mismatch,1562,698,1,FALSE
nlgn4a,160,160,1,-,A,C,mismatch,1562,698,1,FALSE
nlgn4a,201,201,1,-,T,G,mismatch,1562,698,1,FALSE
nlgn4a,117,117,1,-,A,G,mismatch,1563,707,1,FALSE
nlgn4a,202,202,1,-,T,C,mismatch,1563,707,1,FALSE
nlgn4a,102,102,1,-,C,T,mismatch,1564,680,1,FALSE
nlgn4a,143,143,1,-,C,A,mismatch,1564,680,1,FALSE
nlgn4a,156,156,1,-,C,A,mismatch,1564,680,1,FALSE
nlgn4a,163,163,1,-,A,C,mismatch,1564,680,1,FALSE
nlgn4a,210,210,1,-,C,A,mismatch,1564,680,1,FALSE
nlgn4a,193,193,1,-,T,C,mismatch,1565,707,1,FALSE
nlgn4a,210,210,1,-,C,A,mismatch,1565,707,1,FALSE
nlgn4a,212,212,1,-,T,G,mismatch,1566,716,1,FALSE
nlgn4a,214,214,1,-,T,G,mismatch,1567,716,1,FALSE
nlgn4a,105,105,1,-,C,A,mismatch,1568,707,1,FALSE
nlgn4a,214,214,1,-,T,G,mismatch,1568,707,1,FALSE
nlgn4a,214,214,1,-,T,C,mismatch,1569,716,1,FALSE
nlgn4a,121,121,1,-,T,A,mismatch,1570,707,1,FALSE
nlgn4a,214,214,1,-,T,C,mismatch,1570,707,1,FALSE
nlgn4a,116,116,1,-,G,C,mismatch,1571,707,1,FALSE
nlgn4a,215,215,1,-,G,C,mismatch,1571,707,1,FALSE
nlgn4a,167,167,1,-,T,G,mismatch,1572,698,1,FALSE
nlgn4a,177,177,1,-,A,T,mismatch,1572,698,1,FALSE
nlgn4a,215,215,1,-,G,A,mismatch,1572,698,1,FALSE
nlgn4a,98,98,1,-,T,A,mismatch,1573,707,1,FALSE
nlgn4a,217,217,1,-,C,A,mismatch,1573,707,1,FALSE
nlgn4a,100,100,1,-,T,G,mismatch,1574,707,1,FALSE
nlgn4a,221,221,1,-,T,G,mismatch,1574,707,1,FALSE
nlgn4a,227,227,1,-,T,G,mismatch,1575,716,1,FALSE
nlgn4a,219,219,1,-,A,G,mismatch,1576,707,1,FALSE
nlgn4a,227,227,1,-,T,A,mismatch,1576,707,1,FALSE
nlgn4a,138,138,1,-,C,A,mismatch,1577,680,1,FALSE
nlgn4a,160,160,1,-,A,C,mismatch,1577,680,1,FALSE
nlgn4a,193,193,1,-,T,A,mismatch,1577,680,1,FALSE
nlgn4a,214,214,1,-,T,A,mismatch,1577,680,1,FALSE
nlgn4a,228,228,1,-,C,A,mismatch,1577,680,1,FALSE
nlgn4a,115,115,1,-,G,T,mismatch,1578,689,1,FALSE
nlgn4a,125,125,1,-,T,A,mismatch,1578,689,1,FALSE
nlgn4a,144,144,1,-,A,T,mismatch,1578,689,1,FALSE
nlgn4a,229,229,1,-,T,C,mismatch,1578,689,1,FALSE
nlgn4a,231,231,1,-,G,C,mismatch,1579,716,1,FALSE
nlgn4a,184,184,1,-,A,C,mismatch,1580,707,1,FALSE
nlgn4a,116,116,1,-,G,C,mismatch,1581,689,1,FALSE
nlgn4a,145,145,1,-,T,C,mismatch,1582,707,1,FALSE
nlgn4a,127,127,1,-,C,A,mismatch,1584,689,1,FALSE
nlgn4a,160,160,1,-,A,T,mismatch,1584,689,1,FALSE
nlgn4a,195,195,1,-,A,C,mismatch,1584,689,1,FALSE
nlgn4a,122,122,1,-,G,A,mismatch,1585,707,1,FALSE
nlgn4a,196,196,1,-,G,C,mismatch,1586,698,1,FALSE
nlgn4a,201,201,1,-,T,G,mismatch,1587,707,1,FALSE
nlgn4a,104,104,1,-,C,T,mismatch,1588,680,1,FALSE
nlgn4a,111,111,1,-,A,T,mismatch,1588,680,1,FALSE
nlgn4a,117,117,1,-,A,G,mismatch,1588,680,1,FALSE
nlgn4a,159,159,1,-,C,G,mismatch,1588,680,1,FALSE
nlgn4a,152,152,1,-,G,C,mismatch,1589,707,1,FALSE
nlgn4a,119,119,1,-,T,A,mismatch,1590,698,1,FALSE
nlgn4a,163,163,1,-,A,C,mismatch,1590,698,1,FALSE
nlgn4a,126,126,1,-,G,C,mismatch,1592,707,1,FALSE
nlgn4a,195,195,1,-,A,T,mismatch,1592,707,1,FALSE
nlgn4a,116,116,1,-,G,C,mismatch,1593,716,1,FALSE
nlgn4a,98,98,1,-,T,C,mismatch,1595,689,1,FALSE
nlgn4a,116,116,1,-,G,C,mismatch,1595,689,1,FALSE
nlgn4a,162,162,1,-,C,T,mismatch,1595,689,1,FALSE
nlgn4a,182,182,1,-,C,T,mismatch,1595,689,1,FALSE
nlgn4a,111,111,1,-,A,G,mismatch,1596,716,1,FALSE
nlgn4a,172,172,1,-,T,G,mismatch,1597,716,1,FALSE
nlgn4a,99,99,1,-,C,T,mismatch,1598,698,1,FALSE
nlgn4a,204,204,1,-,A,G,mismatch,1598,698,1,FALSE
nlgn4a,215,215,1,-,G,C,mismatch,1598,698,1,FALSE
nlgn4a,123,123,1,-,C,G,mismatch,1599,707,1,FALSE
nlgn4a,228,228,1,-,C,A,mismatch,1601,741,1,FALSE
nlgn4a,107,107,1,-,T,G,mismatch,1602,707,1,FALSE
nlgn4a,126,126,1,-,G,T,mismatch,1602,707,1,FALSE
nlgn4a,161,161,1,-,G,A,mismatch,1603,716,1,FALSE
nlgn4a,105,105,1,-,C,T,mismatch,1604,707,1,FALSE
nlgn4a,183,183,1,-,T,C,mismatch,1604,707,1,FALSE
nlgn4a,100,100,1,-,T,C,mismatch,1605,689,1,FALSE
nlgn4a,122,122,1,-,G,A,mismatch,1605,689,1,FALSE
nlgn4a,174,174,1,-,A,T,mismatch,1605,689,1,FALSE
nlgn4a,177,177,1,-,A,G,mismatch,1605,689,1,FALSE
nlgn4a,103,103,1,-,G,C,mismatch,1606,707,1,FALSE
nlgn4a,154,154,1,-,C,G,mismatch,1606,707,1,FALSE
nlgn4a,142,142,1,-,C,A,mismatch,1607,698,1,FALSE
nlgn4a,167,167,1,-,T,G,mismatch,1607,698,1,FALSE
nlgn4a,179,179,1,-,A,G,mismatch,1607,698,1,FALSE
nlgn4a,181,181,1,-,A,T,mismatch,1608,716,1,FALSE
nlgn4a,142,142,1,-,C,A,mismatch,1609,707,1,FALSE
nlgn4a,145,145,1,-,T,C,mismatch,1609,707,1,FALSE
nlgn4a,105,105,1,-,C,T,mismatch,1610,707,1,FALSE
nlgn4a,208,208,1,-,C,G,mismatch,1610,707,1,FALSE
nlgn4a,100,100,1,-,T,C,mismatch,1612,707,1,FALSE
nlgn4a,106,106,1,-,T,G,mismatch,1612,707,1,FALSE
nlgn4a,153,153,1,-,G,T,mismatch,1613,716,1,FALSE
nlgn4a,186,186,1,-,G,A,mismatch,1614,716,1,FALSE
nlgn4a,108,108,1,-,T,C,mismatch,1615,707,1,FALSE
nlgn4a,224,224,1,-,G,T,mismatch,1615,707,1,FALSE
nlgn4a,205,205,1,-,A,T,mismatch,1616,716,1,FALSE
nlgn4a,112,112,1,-,C,T,mismatch,1617,707,1,FALSE
nlgn4a,205,205,1,-,A,C,mismatch,1617,707,1,FALSE
nlgn4a,167,167,1,-,T,A,mismatch,1618,698,1,FALSE
nlgn4a,171,171,1,-,G,C,mismatch,1618,698,1,FALSE
nlgn4a,190,190,1,-,A,G,mismatch,1618,698,1,FALSE
nlgn4a,95,95,1,-,T,A,mismatch,1619,689,1,FALSE
nlgn4a,115,115,1,-,G,T,mismatch,1619,689,1,FALSE
nlgn4a,137,137,1,-,G,T,mismatch,1619,689,1,FALSE
nlgn4a,171,171,1,-,G,T,mismatch,1619,689,1,FALSE
nlgn4a,158,158,1,-,G,T,mismatch,1620,707,1,FALSE
nlgn4a,166,166,1,-,C,T,mismatch,1620,707,1,FALSE
nlgn4a,156,156,1,-,C,G,mismatch,1621,716,1,FALSE
nlgn4a,142,142,1,-,C,T,mismatch,1622,716,1,FALSE
nlgn4a,123,123,1,-,C,G,mismatch,1623,716,1,FALSE
nlgn4a,102,102,1,-,C,T,mismatch,1624,716,1,FALSE
nlgn4a,101,101,1,-,A,G,mismatch,1625,716,1,FALSE
nlgn4a,97,97,1,-,C,G,mismatch,1626,716,1,FALSE
nlgn4a,100,100,1,-,T,G,mismatch,1627,716,1,FALSE
nlgn4a,108,108,1,-,T,C,mismatch,1628,716,1,FALSE
nlgn4a,98,98,1,-,T,C,mismatch,1629,707,1,FALSE
nlgn4a,110,110,1,-,T,A,mismatch,1629,707,1,FALSE
nlgn4a,116,116,1,-,G,C,mismatch,1630,716,1,FALSE
nlgn4a,137,137,1,-,G,C,mismatch,1631,707,1,FALSE
nlgn4a,145,145,1,-,T,C,mismatch,1631,707,1,FALSE
nlgn4a,145,145,1,-,T,A,mismatch,1632,716,1,FALSE
nlgn4a,146,146,1,-,T,G,mismatch,1633,716,1,FALSE
nlgn4a,138,138,1,-,C,G,mismatch,1634,707,1,FALSE
nlgn4a,155,155,1,-,T,C,mismatch,1634,707,1,FALSE
nlgn4a,170,170,1,-,T,C,mismatch,1635,716,1,FALSE
nlgn4a,96,96,1,-,A,C,mismatch,1636,680,1,FALSE
nlgn4a,100,100,1,-,T,A,mismatch,1636,680,1,FALSE
nlgn4a,105,105,1,-,C,T,mismatch,1636,680,1,FALSE
nlgn4a,137,137,1,-,G,A,mismatch,1636,680,1,FALSE
nlgn4a,182,182,1,-,C,A,mismatch,1636,680,1,FALSE
nlgn4a,113,113,1,-,C,T,mismatch,1637,707,1,FALSE
nlgn4a,208,208,1,-,C,A,mismatch,1637,707,1,FALSE
nlgn4a,210,210,1,-,C,A,mismatch,1638,716,1,FALSE
nlgn4a,126,126,1,-,G,A,mismatch,1639,707,1,FALSE
nlgn4a,215,215,1,-,G,A,mismatch,1639,707,1,FALSE
nlgn4a,222,222,1,-,G,A,mismatch,1640,698,1,FALSE
nlgn4a,153,153,1,-,G,C,mismatch,1641,707,1,FALSE
nlgn4a,226,226,1,-,T,C,mismatch,1641,707,1,FALSE
nlgn4a,224,224,1,-,G,C,mismatch,1642,707,1,FALSE
nlgn4a,226,226,1,-,T,C,mismatch,1642,707,1,FALSE
nlgn4a,227,227,1,-,T,A,mismatch,1643,716,1,FALSE
nlgn4a,160,160,1,-,A,T,mismatch,1644,707,1,FALSE
nlgn4a,115,115,1,-,G,T,mismatch,1647,707,1,FALSE
nlgn4a,119,119,1,-,T,G,mismatch,1647,707,1,FALSE
nlgn4a,108,108,1,-,T,A,mismatch,1648,707,1,FALSE
nlgn4a,187,187,1,-,G,T,mismatch,1648,707,1,FALSE
nlgn4a,150,150,1,-,T,A,mismatch,1649,716,1,FALSE
nlgn4a,107,107,1,-,T,C,mismatch,1652,698,1,FALSE
nlgn4a,207,207,1,-,A,G,mismatch,1652,698,1,FALSE
nlgn4a,222,222,1,-,G,T,mismatch,1656,716,1,FALSE
nlgn4a,106,106,1,-,T,C,mismatch,1658,698,1,FALSE
nlgn4a,110,110,1,-,T,C,mismatch,1658,698,1,FALSE
nlgn4a,150,150,1,-,T,A,mismatch,1658,698,1,FALSE
nlgn4a,101,101,1,-,A,T,mismatch,1660,698,1,FALSE
nlgn4a,106,106,1,-,T,A,mismatch,1660,698,1,FALSE
nlgn4a,143,143,1,-,C,G,mismatch,1660,698,1,FALSE
nlgn4a,102,102,1,-,C,T,mismatch,1661,680,1,FALSE
nlgn4a,119,119,1,-,T,G,mismatch,1661,680,1,FALSE
nlgn4a,192,192,1,-,C,G,mismatch,1661,680,1,FALSE
nlgn4a,207,207,1,-,A,G,mismatch,1661,680,1,FALSE
nlgn4a,232,232,1,-,G,T,mismatch,1661,680,1,FALSE
nlgn4a,171,171,1,-,G,T,mismatch,1662,698,1,FALSE
nlgn4a,199,199,1,-,G,A,mismatch,1662,698,1,FALSE
nlgn4a,213,213,1,-,C,T,mismatch,1662,698,1,FALSE
nlgn4a,106,106,1,-,T,C,mismatch,1663,698,1,FALSE
nlgn4a,112,112,1,-,C,T,mismatch,1663,698,1,FALSE
nlgn4a,117,117,1,-,A,C,mismatch,1663,698,1,FALSE
nlgn4a,115,115,1,-,G,C,mismatch,1665,707,1,FALSE
nlgn4a,210,210,1,-,C,G,mismatch,1665,707,1,FALSE
nlgn4a,230,230,1,-,A,G,mismatch,1667,716,1,FALSE
nlgn4a,98,98,1,-,T,A,mismatch,1669,707,1,FALSE
nlgn4a,172,172,1,-,T,C,mismatch,1669,707,1,FALSE
nlgn4a,112,112,1,-,C,G,mismatch,1670,716,1,FALSE
nlgn4a,99,99,1,-,C,T,mismatch,1672,707,1,FALSE
nlgn4a,106,106,1,-,T,A,mismatch,1672,707,1,FALSE
nlgn4a,175,175,1,-,C,G,mismatch,1674,707,1,FALSE
nlgn4a,208,208,1,-,C,T,mismatch,1674,707,1,FALSE
nlgn4a,103,103,1,-,G,A,mismatch,1677,707,1,FALSE
nlgn4a,134,134,1,-,G,C,mismatch,1677,707,1,FALSE
nlgn4a,117,117,1,-,A,G,mismatch,1678,698,1,FALSE
nlgn4a,147,147,1,-,A,G,mismatch,1678,698,1,FALSE
nlgn4a,101,101,1,-,A,C,mismatch,1679,698,1,FALSE
nlgn4a,105,105,1,-,C,G,mismatch,1679,698,1,FALSE
nlgn4a,179,179,1,-,A,T,mismatch,1680,698,1,FALSE
nlgn4a,221,221,1,-,T,A,mismatch,1680,698,1,FALSE
nlgn4a,108,108,1,-,T,A,mismatch,1682,707,1,FALSE
nlgn4a,101,101,1,-,A,T,mismatch,1683,707,1,FALSE
nlgn4a,144,144,1,-,A,G,mismatch,1685,707,1,FALSE
nlgn4a,200,200,1,-,C,A,mismatch,1686,707,1,FALSE
nlgn4a,199,199,1,-,G,T,mismatch,1687,707,1,FALSE
nlgn4a,112,112,1,-,C,A,mismatch,1688,707,1,FALSE
nlgn4a,221,221,1,-,T,G,mismatch,1691,707,1,FALSE
nlgn4a,231,231,1,-,G,T,mismatch,1691,707,1,FALSE
nlgn4a,230,230,1,-,A,G,mismatch,1692,716,1,FALSE
nlgn4a,142,142,1,-,C,T,mismatch,1693,707,1,FALSE
nlgn4a,225,225,1,-,A,C,mismatch,1693,707,1,FALSE
nlgn4a,103,103,1,-,G,C,mismatch,1694,680,1,FALSE
nlgn4a,152,152,1,-,G,T,mismatch,1694,680,1,FALSE
nlgn4a,154,154,1,-,C,A,mismatch,1694,680,1,FALSE
nlgn4a,163,163,1,-,A,T,mismatch,1694,680,1,FALSE
nlgn4a,224,224,1,-,G,T,mismatch,1694,680,1,FALSE
nlgn4a,224,224,1,-,G,T,mismatch,1695,716,1,FALSE
nlgn4a,145,145,1,-,T,A,mismatch,1696,707,1,FALSE
nlgn4a,223,223,1,-,A,T,mismatch,1696,707,1,FALSE
nlgn4a,112,112,1,-,C,A,mismatch,1697,707,1,FALSE
nlgn4a,223,223,1,-,A,G,mismatch,1697,707,1,FALSE
nlgn4a,153,153,1,-,G,C,mismatch,1698,698,1,FALSE
nlgn4a,189,189,1,-,A,G,mismatch,1698,698,1,FALSE
nlgn4a,220,220,1,-,A,G,mismatch,1698,698,1,FALSE
nlgn4a,99,99,1,-,C,G,mismatch,1699,698,1,FALSE
nlgn4a,201,201,1,-,T,A,mismatch,1699,698,1,FALSE
nlgn4a,220,220,1,-,A,G,mismatch,1699,698,1,FALSE
nlgn4a,219,219,1,-,A,G,mismatch,1700,716,1,FALSE
nlgn4a,116,116,1,-,G,A,mismatch,1701,689,1,FALSE
nlgn4a,165,165,1,-,C,G,mismatch,1701,689,1,FALSE
nlgn4a,203,203,1,-,G,C,mismatch,1701,689,1,FALSE
nlgn4a,218,218,1,-,C,G,mismatch,1701,689,1,FALSE
nlgn4a,217,217,1,-,C,G,mismatch,1702,716,1,FALSE
nlgn4a,216,216,1,-,C,T,mismatch,1703,716,1,FALSE
nlgn4a,112,112,1,-,C,A,mismatch,1704,698,1,FALSE
nlgn4a,177,177,1,-,A,T,mismatch,1704,698,1,FALSE
nlgn4a,210,210,1,-,C,G,mismatch,1704,698,1,FALSE
nlgn4a,209,209,1,-,A,C,mismatch,1705,716,1,FALSE
nlgn4a,208,208,1,-,C,G,mismatch,1706,716,1,FALSE
nlgn4a,117,117,1,-,A,G,mismatch,1707,689,1,FALSE
nlgn4a,124,124,1,-,T,G,mismatch,1707,689,1,FALSE
nlgn4a,151,151,1,-,G,A,mismatch,1707,689,1,FALSE
nlgn4a,207,207,1,-,A,T,mismatch,1707,689,1,FALSE
nlgn4a,207,207,1,-,A,G,mismatch,1708,716,1,FALSE
nlgn4a,96,96,1,-,A,G,mismatch,1709,698,1,FALSE
nlgn4a,114,114,1,-,T,C,mismatch,1709,698,1,FALSE
nlgn4a,207,207,1,-,A,C,mismatch,1709,698,1,FALSE
nlgn4a,206,206,1,-,A,T,mismatch,1710,716,1,FALSE
nlgn4a,206,206,1,-,A,T,mismatch,1711,698,1,FALSE
nlgn4a,206,206,1,-,A,G,mismatch,1712,716,1,FALSE
nlgn4a,206,206,1,-,A,C,mismatch,1713,716,1,FALSE
nlgn4a,109,109,1,-,T,A,mismatch,1714,689,1,FALSE
nlgn4a,122,122,1,-,G,A,mismatch,1714,689,1,FALSE
nlgn4a,194,194,1,-,A,T,mismatch,1714,689,1,FALSE
nlgn4a,204,204,1,-,A,T,mismatch,1714,689,1,FALSE
nlgn4a,95,95,1,-,T,C,mismatch,1715,698,1,FALSE
nlgn4a,180,180,1,-,A,G,mismatch,1715,698,1,FALSE
nlgn4a,204,204,1,-,A,G,mismatch,1715,698,1,FALSE
nlgn4a,121,121,1,-,T,A,mismatch,1716,698,1,FALSE
nlgn4a,144,144,1,-,A,G,mismatch,1716,698,1,FALSE
nlgn4a,204,204,1,-,A,C,mismatch,1716,698,1,FALSE
nlgn4a,204,204,1,-,A,C,mismatch,1717,716,1,FALSE
nlgn4a,100,100,1,-,T,A,mismatch,1718,698,1,FALSE
nlgn4a,105,105,1,-,C,T,mismatch,1718,698,1,FALSE
nlgn4a,200,200,1,-,C,G,mismatch,1718,698,1,FALSE
nlgn4a,119,119,1,-,T,C,mismatch,1719,698,1,FALSE
nlgn4a,122,122,1,-,G,C,mismatch,1719,698,1,FALSE
nlgn4a,197,197,1,-,A,G,mismatch,1719,698,1,FALSE
nlgn4a,194,194,1,-,A,G,mismatch,1720,716,1,FALSE
nlgn4a,100,100,1,-,T,C,mismatch,1721,707,1,FALSE
nlgn4a,194,194,1,-,A,G,mismatch,1721,707,1,FALSE
nlgn4a,107,107,1,-,T,G,mismatch,1722,698,1,FALSE
nlgn4a,111,111,1,-,A,C,mismatch,1722,698,1,FALSE
nlgn4a,192,192,1,-,C,G,mismatch,1722,698,1,FALSE
nlgn4a,181,181,1,-,A,G,mismatch,1723,707,1,FALSE
nlgn4a,191,191,1,-,G,T,mismatch,1723,707,1,FALSE
nlgn4a,190,190,1,-,A,T,mismatch,1724,716,1,FALSE
nlgn4a,110,110,1,-,T,C,mismatch,1725,707,1,FALSE
nlgn4a,190,190,1,-,A,T,mismatch,1725,707,1,FALSE
nlgn4a,183,183,1,-,T,C,mismatch,1726,698,1,FALSE
nlgn4a,188,188,1,-,C,A,mismatch,1726,698,1,FALSE
nlgn4a,190,190,1,-,A,T,mismatch,1726,698,1,FALSE
nlgn4a,94,94,1,-,C,G,mismatch,1727,698,1,FALSE
nlgn4a,149,149,1,-,A,T,mismatch,1727,698,1,FALSE
nlgn4a,190,190,1,-,A,G,mismatch,1727,698,1,FALSE
nlgn4a,190,190,1,-,A,G,mismatch,1728,716,1,FALSE
nlgn4a,123,123,1,-,C,T,mismatch,1729,707,1,FALSE
nlgn4a,189,189,1,-,A,T,mismatch,1729,707,1,FALSE
nlgn4a,123,123,1,-,C,G,mismatch,1730,698,1,FALSE
nlgn4a,158,158,1,-,G,T,mismatch,1730,698,1,FALSE
nlgn4a,189,189,1,-,A,G,mismatch,1730,698,1,FALSE
nlgn4a,178,178,1,-,C,T,mismatch,1731,707,1,FALSE
nlgn4a,188,188,1,-,C,T,mismatch,1731,707,1,FALSE
nlgn4a,188,188,1,-,C,G,mismatch,1732,716,1,FALSE
nlgn4a,184,184,1,-,A,G,mismatch,1733,716,1,FALSE
nlgn4a,99,99,1,-,C,A,mismatch,1734,707,1,FALSE
nlgn4a,184,184,1,-,A,G,mismatch,1734,707,1,FALSE
nlgn4a,113,113,1,-,C,G,mismatch,1735,707,1,FALSE
nlgn4a,184,184,1,-,A,C,mismatch,1735,707,1,FALSE
nlgn4a,181,181,1,-,A,G,mismatch,1736,716,1,FALSE
nlgn4a,181,181,1,-,A,C,mismatch,1737,716,1,FALSE
nlgn4a,139,139,1,-,T,C,mismatch,1738,707,1,FALSE
nlgn4a,181,181,1,-,A,C,mismatch,1738,707,1,FALSE
nlgn4a,165,165,1,-,C,G,mismatch,1739,707,1,FALSE
nlgn4a,180,180,1,-,A,T,mismatch,1739,707,1,FALSE
nlgn4a,122,122,1,-,G,T,mismatch,1740,707,1,FALSE
nlgn4a,180,180,1,-,A,C,mismatch,1740,707,1,FALSE
nlgn4a,180,180,1,-,A,C,mismatch,1741,716,1,FALSE
nlgn4a,105,105,1,-,C,A,mismatch,1742,707,1,FALSE
nlgn4a,179,179,1,-,A,T,mismatch,1742,707,1,FALSE
nlgn4a,150,150,1,-,T,C,mismatch,1743,707,1,FALSE
nlgn4a,178,178,1,-,C,T,mismatch,1743,707,1,FALSE
nlgn4a,178,178,1,-,C,G,mismatch,1744,716,1,FALSE
nlgn4a,176,176,1,-,G,T,mismatch,1745,716,1,FALSE
nlgn4a,175,175,1,-,C,G,mismatch,1746,716,1,FALSE
nlgn4a,101,101,1,-,A,C,mismatch,1747,698,1,FALSE
nlgn4a,115,115,1,-,G,C,mismatch,1747,698,1,FALSE
nlgn4a,174,174,1,-,A,T,mismatch,1747,698,1,FALSE
nlgn4a,174,174,1,-,A,C,mismatch,1748,716,1,FALSE
nlgn4a,168,168,1,-,A,T,mismatch,1749,716,1,FALSE
nlgn4a,95,95,1,-,T,A,mismatch,1750,707,1,FALSE
nlgn4a,168,168,1,-,A,T,mismatch,1750,707,1,FALSE
nlgn4a,100,100,1,-,T,G,mismatch,1751,698,1,FALSE
nlgn4a,126,126,1,-,G,A,mismatch,1751,698,1,FALSE
nlgn4a,168,168,1,-,A,T,mismatch,1751,698,1,FALSE
nlgn4a,168,168,1,-,A,G,mismatch,1752,716,1,FALSE
nlgn4a,168,168,1,-,A,G,mismatch,1753,698,1,FALSE
nlgn4a,105,105,1,-,C,G,mismatch,1754,707,1,FALSE
nlgn4a,168,168,1,-,A,C,mismatch,1754,707,1,FALSE
nlgn4a,139,139,1,-,T,G,mismatch,1755,707,1,FALSE
nlgn4a,166,166,1,-,C,T,mismatch,1755,707,1,FALSE
nlgn4a,143,143,1,-,C,G,mismatch,1756,707,1,FALSE
nlgn4a,166,166,1,-,C,G,mismatch,1756,707,1,FALSE
nlgn4a,166,166,1,-,C,G,mismatch,1757,716,1,FALSE
nlgn4a,165,165,1,-,C,T,mismatch,1758,716,1,FALSE
nlgn4a,165,165,1,-,C,G,mismatch,1759,716,1,FALSE
nlgn4a,142,142,1,-,C,G,mismatch,1760,707,1,FALSE
nlgn4a,163,163,1,-,A,T,mismatch,1760,707,1,FALSE
nlgn4a,163,163,1,-,A,C,mismatch,1761,716,1,FALSE
nlgn4a,145,145,1,-,T,A,mismatch,1762,698,1,FALSE
nlgn4a,151,151,1,-,G,A,mismatch,1762,698,1,FALSE
nlgn4a,162,162,1,-,C,G,mismatch,1762,698,1,FALSE
nlgn4a,106,106,1,-,T,G,mismatch,1763,707,1,FALSE
nlgn4a,159,159,1,-,C,T,mismatch,1763,707,1,FALSE
nlgn4a,150,150,1,-,T,G,mismatch,1764,707,1,FALSE
nlgn4a,159,159,1,-,C,G,mismatch,1764,707,1,FALSE
nlgn4a,157,157,1,-,A,G,mismatch,1765,716,1,FALSE
nlgn4a,148,148,1,-,C,G,mismatch,1766,707,1,FALSE
nlgn4a,157,157,1,-,A,C,mismatch,1766,707,1,FALSE
nlgn4a,157,157,1,-,A,C,mismatch,1767,716,1,FALSE
nlgn4a,156,156,1,-,C,T,mismatch,1768,716,1,FALSE
nlgn4a,102,102,1,-,C,A,mismatch,1769,698,1,FALSE
nlgn4a,143,143,1,-,C,A,mismatch,1769,698,1,FALSE
nlgn4a,156,156,1,-,C,G,mismatch,1769,698,1,FALSE
nlgn4a,138,138,1,-,C,A,mismatch,1770,707,1,FALSE
nlgn4a,154,154,1,-,C,T,mismatch,1770,707,1,FALSE
nlgn4a,154,154,1,-,C,G,mismatch,1771,716,1,FALSE
nlgn4a,102,102,1,-,C,A,mismatch,1772,707,1,FALSE
nlgn4a,154,154,1,-,C,G,mismatch,1772,707,1,FALSE
nlgn4a,103,103,1,-,G,C,mismatch,1773,698,1,FALSE
nlgn4a,142,142,1,-,C,T,mismatch,1773,698,1,FALSE
nlgn4a,152,152,1,-,G,T,mismatch,1773,698,1,FALSE
nlgn4a,107,107,1,-,T,A,mismatch,1774,707,1,FALSE
nlgn4a,152,152,1,-,G,T,mismatch,1774,707,1,FALSE
nlgn4a,110,110,1,-,T,A,mismatch,1775,698,1,FALSE
nlgn4a,113,113,1,-,C,G,mismatch,1775,698,1,FALSE
nlgn4a,151,151,1,-,G,T,mismatch,1775,698,1,FALSE
nlgn4a,97,97,1,-,C,T,mismatch,1776,689,1,FALSE
nlgn4a,108,108,1,-,T,C,mismatch,1776,689,1,FALSE
nlgn4a,142,142,1,-,C,G,mismatch,1776,689,1,FALSE
nlgn4a,149,149,1,-,A,G,mismatch,1776,689,1,FALSE
nlgn4a,110,110,1,-,T,C,mismatch,1777,707,1,FALSE
nlgn4a,149,149,1,-,A,G,mismatch,1777,707,1,FALSE
nlgn4a,149,149,1,-,A,C,mismatch,1778,716,1,FALSE
nlgn4a,147,147,1,-,A,C,mismatch,1779,716,1,FALSE
nlgn4a,110,110,1,-,T,A,mismatch,1780,707,1,FALSE
nlgn4a,144,144,1,-,A,T,mismatch,1780,707,1,FALSE
nlgn4a,115,115,1,-,G,C,mismatch,1781,707,1,FALSE
nlgn4a,143,143,1,-,C,T,mismatch,1781,707,1,FALSE
nlgn4a,136,136,1,-,G,A,mismatch,1782,707,1,FALSE
nlgn4a,142,142,1,-,C,G,mismatch,1782,707,1,FALSE
nlgn4a,96,96,1,-,A,T,mismatch,1783,707,1,FALSE
nlgn4a,141,141,1,-,G,T,mismatch,1783,707,1,FALSE
nlgn4a,141,141,1,-,G,T,mismatch,1784,716,1,FALSE
nlgn4a,123,123,1,-,C,T,mismatch,1785,716,1,FALSE
nlgn4a,120,120,1,-,G,A,mismatch,1786,707,1,FALSE
nlgn4a,123,123,1,-,C,T,mismatch,1786,707,1,FALSE
nlgn4a,118,118,1,-,T,C,mismatch,1787,707,1,FALSE
nlgn4a,120,120,1,-,G,T,mismatch,1787,707,1,FALSE
nlgn4a,118,118,1,-,T,A,mismatch,1788,707,1,FALSE
nlgn4a,120,120,1,-,G,T,mismatch,1788,707,1,FALSE
nlgn4a,117,117,1,-,A,C,mismatch,1789,716,1,FALSE
nlgn4a,100,100,1,-,T,C,mismatch,1790,707,1,FALSE
nlgn4a,116,116,1,-,G,T,mismatch,1790,707,1,FALSE
nlgn4a,115,115,1,-,G,T,mismatch,1791,716,1,FALSE
nlgn4a,113,113,1,-,C,G,mismatch,1792,716,1,FALSE
nlgn4a,112,112,1,-,C,T,mismatch,1793,716,1,FALSE
nlgn4a,100,100,1,-,T,G,mismatch,1794,707,1,FALSE
nlgn4a,112,112,1,-,C,T,mismatch,1794,707,1,FALSE
nlgn4a,94,94,1,-,C,G,mismatch,1795,707,1,FALSE
nlgn4a,111,111,1,-,A,G,mismatch,1795,707,1,FALSE
nlgn4a,94,94,1,-,C,G,mismatch,1796,698,1,FALSE
nlgn4a,100,100,1,-,T,A,mismatch,1796,698,1,FALSE
nlgn4a,111,111,1,-,A,C,mismatch,1796,698,1,FALSE
nlgn4a,104,104,1,-,C,G,mismatch,1797,716,1,FALSE
nlgn4a,102,102,1,-,C,G,mismatch,1798,716,1,FALSE
nlgn4a,101,101,1,-,A,T,mismatch,1799,716,1,FALSE
nlgn4a,101,101,1,-,A,C,mismatch,1800,716,1,FALSE
nlgn4a,96,96,1,-,A,T,mismatch,1801,716,1,FALSE
nlgn4a,94,94,1,-,C,A,mismatch,1802,716,1,FALSE
nlgn4a,97,97,1,-,C,A,mismatch,1803,716,1,FALSE
nlgn4a,95,95,1,-,T,G,mismatch,1804,707,1,FALSE
nlgn4a,97,97,1,-,C,A,mismatch,1804,707,1,FALSE
nlgn4a,98,98,1,-,T,G,mismatch,1805,716,1,FALSE
nlgn4a,99,99,1,-,C,A,mismatch,1806,716,1,FALSE
nlgn4a,100,100,1,-,T,C,mismatch,1807,716,1,FALSE
nlgn4a,103,103,1,-,G,C,mismatch,1808,716,1,FALSE
nlgn4a,104,104,1,-,C,A,mismatch,1809,716,1,FALSE
nlgn4a,97,97,1,-,C,T,mismatch,1810,707,1,FALSE
nlgn4a,105,105,1,-,C,A,mismatch,1810,707,1,FALSE
nlgn4a,107,107,1,-,T,A,mismatch,1811,716,1,FALSE
nlgn4a,108,108,1,-,T,A,mismatch,1812,716,1,FALSE
nlgn4a,109,109,1,-,T,G,mismatch,1813,716,1,FALSE
nlgn4a,109,109,1,-,T,A,mismatch,1814,716,1,FALSE
nlgn4a,110,110,1,-,T,G,mismatch,1815,716,1,FALSE
nlgn4a,99,99,1,-,C,G,mismatch,1816,707,1,FALSE
nlgn4a,110,110,1,-,T,C,mismatch,1816,707,1,FALSE
nlgn4a,103,103,1,-,G,T,mismatch,1817,707,1,FALSE
nlgn4a,110,110,1,-,T,A,mismatch,1817,707,1,FALSE
nlgn4a,112,112,1,-,C,A,mismatch,1818,716,1,FALSE
nlgn4a,99,99,1,-,C,A,mismatch,1819,707,1,FALSE
nlgn4a,114,114,1,-,T,G,mismatch,1819,707,1,FALSE
nlgn4a,114,114,1,-,T,A,mismatch,1820,716,1,FALSE
nlgn4a,119,119,1,-,T,G,mismatch,1821,716,1,FALSE
nlgn4a,106,106,1,-,T,C,mismatch,1822,707,1,FALSE
nlgn4a,119,119,1,-,T,C,mismatch,1822,707,1,FALSE
nlgn4a,112,112,1,-,C,T,mismatch,1823,707,1,FALSE
nlgn4a,121,121,1,-,T,C,mismatch,1823,707,1,FALSE
nlgn4a,121,121,1,-,T,C,mismatch,1824,716,1,FALSE
nlgn4a,121,121,1,-,T,A,mismatch,1825,716,1,FALSE
nlgn4a,124,124,1,-,T,C,mismatch,1826,716,1,FALSE
nlgn4a,114,114,1,-,T,C,mismatch,1827,707,1,FALSE
nlgn4a,125,125,1,-,T,A,mismatch,1827,707,1,FALSE
nlgn4a,126,126,1,-,G,A,mismatch,1828,716,1,FALSE
nlgn4a,109,109,1,-,T,A,mismatch,1829,707,1,FALSE
nlgn4a,126,126,1,-,G,A,mismatch,1829,707,1,FALSE
nlgn4a,101,101,1,-,A,T,mismatch,1830,707,1,FALSE
nlgn4a,126,126,1,-,G,T,mismatch,1830,707,1,FALSE
nlgn4a,126,126,1,-,G,T,mismatch,1831,716,1,FALSE
nlgn4a,136,136,1,-,G,A,mismatch,1832,716,1,FALSE
nlgn4a,102,102,1,-,C,A,mismatch,1833,707,1,FALSE
nlgn4a,136,136,1,-,G,A,mismatch,1833,707,1,FALSE
nlgn4a,101,101,1,-,A,C,mismatch,1834,707,1,FALSE
nlgn4a,137,137,1,-,G,C,mismatch,1834,707,1,FALSE
nlgn4a,140,140,1,-,G,C,mismatch,1835,716,1,FALSE
nlgn4a,102,102,1,-,C,G,mismatch,1836,707,1,FALSE
nlgn4a,141,141,1,-,G,C,mismatch,1836,707,1,FALSE
nlgn4a,125,125,1,-,T,C,mismatch,1837,707,1,FALSE
nlgn4a,141,141,1,-,G,C,mismatch,1837,707,1,FALSE
nlgn4a,97,97,1,-,C,G,mismatch,1838,707,1,FALSE
nlgn4a,141,141,1,-,G,A,mismatch,1838,707,1,FALSE
nlgn4a,94,94,1,-,C,T,mismatch,1839,707,1,FALSE
nlgn4a,142,142,1,-,C,A,mismatch,1839,707,1,FALSE
nlgn4a,103,103,1,-,G,T,mismatch,1840,707,1,FALSE
nlgn4a,143,143,1,-,C,A,mismatch,1840,707,1,FALSE
nlgn4a,95,95,1,-,T,G,mismatch,1841,707,1,FALSE
nlgn4a,143,143,1,-,C,A,mismatch,1841,707,1,FALSE
nlgn4a,98,98,1,-,T,A,mismatch,1842,707,1,FALSE
nlgn4a,145,145,1,-,T,C,mismatch,1842,707,1,FALSE
nlgn4a,145,145,1,-,T,A,mismatch,1843,716,1,FALSE
nlgn4a,146,146,1,-,T,C,mismatch,1844,716,1,FALSE
nlgn4a,146,146,1,-,T,A,mismatch,1845,716,1,FALSE
nlgn4a,103,103,1,-,G,C,mismatch,1846,707,1,FALSE
nlgn4a,146,146,1,-,T,A,mismatch,1846,707,1,FALSE
nlgn4a,148,148,1,-,C,A,mismatch,1847,716,1,FALSE
nlgn4a,116,116,1,-,G,C,mismatch,1848,707,1,FALSE
nlgn4a,148,148,1,-,C,A,mismatch,1848,707,1,FALSE
nlgn4a,150,150,1,-,T,G,mismatch,1849,716,1,FALSE
nlgn4a,153,153,1,-,G,A,mismatch,1850,716,1,FALSE
nlgn4a,154,154,1,-,C,A,mismatch,1851,716,1,FALSE
nlgn4a,114,114,1,-,T,G,mismatch,1852,707,1,FALSE
nlgn4a,154,154,1,-,C,A,mismatch,1852,707,1,FALSE
nlgn4a,99,99,1,-,C,G,mismatch,1853,707,1,FALSE
nlgn4a,156,156,1,-,C,A,mismatch,1853,707,1,FALSE
nlgn4a,156,156,1,-,C,A,mismatch,1854,716,1,FALSE
nlgn4a,158,158,1,-,G,A,mismatch,1855,716,1,FALSE
nlgn4a,159,159,1,-,C,A,mismatch,1856,716,1,FALSE
nlgn4a,161,161,1,-,G,A,mismatch,1857,716,1,FALSE
nlgn4a,162,162,1,-,C,A,mismatch,1858,716,1,FALSE
nlgn4a,165,165,1,-,C,A,mismatch,1859,716,1,FALSE
nlgn4a,101,101,1,-,A,C,mismatch,1860,698,1,FALSE
nlgn4a,161,161,1,-,G,C,mismatch,1860,698,1,FALSE
nlgn4a,167,167,1,-,T,G,mismatch,1860,698,1,FALSE
nlgn4a,108,108,1,-,T,G,mismatch,1861,707,1,FALSE
nlgn4a,167,167,1,-,T,C,mismatch,1861,707,1,FALSE
nlgn4a,167,167,1,-,T,A,mismatch,1862,716,1,FALSE
nlgn4a,109,109,1,-,T,A,mismatch,1863,698,1,FALSE
nlgn4a,138,138,1,-,C,G,mismatch,1863,698,1,FALSE
nlgn4a,169,169,1,-,T,C,mismatch,1863,698,1,FALSE
nlgn4a,169,169,1,-,T,A,mismatch,1864,716,1,FALSE
nlgn4a,125,125,1,-,T,A,mismatch,1865,707,1,FALSE
nlgn4a,170,170,1,-,T,C,mismatch,1865,707,1,FALSE
nlgn4a,170,170,1,-,T,A,mismatch,1866,716,1,FALSE
nlgn4a,94,94,1,-,C,A,mismatch,1867,671,1,FALSE
nlgn4a,96,96,1,-,A,C,mismatch,1867,671,1,FALSE
nlgn4a,106,106,1,-,T,G,mismatch,1867,671,1,FALSE
nlgn4a,123,123,1,-,C,A,mismatch,1867,671,1,FALSE
nlgn4a,125,125,1,-,T,C,mismatch,1867,671,1,FALSE
nlgn4a,171,171,1,-,G,C,mismatch,1867,671,1,FALSE
nlgn4a,139,139,1,-,T,C,mismatch,1868,707,1,FALSE
nlgn4a,172,172,1,-,T,C,mismatch,1868,707,1,FALSE
nlgn4a,96,96,1,-,A,G,mismatch,1869,689,1,FALSE
nlgn4a,104,104,1,-,C,G,mismatch,1869,689,1,FALSE
nlgn4a,148,148,1,-,C,G,mismatch,1869,689,1,FALSE
nlgn4a,173,173,1,-,T,C,mismatch,1869,689,1,FALSE
nlgn4a,171,171,1,-,G,A,mismatch,1870,707,1,FALSE
nlgn4a,173,173,1,-,T,C,mismatch,1870,707,1,FALSE
nlgn4a,115,115,1,-,G,C,mismatch,1871,698,1,FALSE
nlgn4a,166,166,1,-,C,A,mismatch,1871,698,1,FALSE
nlgn4a,178,178,1,-,C,A,mismatch,1871,698,1,FALSE
nlgn4a,153,153,1,-,G,C,mismatch,1872,707,1,FALSE
nlgn4a,182,182,1,-,C,A,mismatch,1872,707,1,FALSE
nlgn4a,183,183,1,-,T,G,mismatch,1873,716,1,FALSE
nlgn4a,118,118,1,-,T,A,mismatch,1874,680,1,FALSE
nlgn4a,122,122,1,-,G,A,mismatch,1874,680,1,FALSE
nlgn4a,150,150,1,-,T,A,mismatch,1874,680,1,FALSE
nlgn4a,179,179,1,-,A,T,mismatch,1874,680,1,FALSE
nlgn4a,183,183,1,-,T,C,mismatch,1874,680,1,FALSE
nlgn4a,120,120,1,-,G,A,mismatch,1875,698,1,FALSE
nlgn4a,143,143,1,-,C,A,mismatch,1875,698,1,FALSE
nlgn4a,183,183,1,-,T,C,mismatch,1875,698,1,FALSE
nlgn4a,155,155,1,-,T,A,mismatch,1876,707,1,FALSE
nlgn4a,183,183,1,-,T,C,mismatch,1876,707,1,FALSE
nlgn4a,185,185,1,-,T,G,mismatch,1877,716,1,FALSE
nlgn4a,173,173,1,-,T,A,mismatch,1878,707,1,FALSE
nlgn4a,185,185,1,-,T,G,mismatch,1878,707,1,FALSE
nlgn4a,113,113,1,-,C,G,mismatch,1879,698,1,FALSE
nlgn4a,175,175,1,-,C,G,mismatch,1879,698,1,FALSE
nlgn4a,186,186,1,-,G,A,mismatch,1879,698,1,FALSE
nlgn4a,96,96,1,-,A,G,mismatch,1880,707,1,FALSE
nlgn4a,186,186,1,-,G,A,mismatch,1880,707,1,FALSE
nlgn4a,186,186,1,-,G,A,mismatch,1881,716,1,FALSE
nlgn4a,181,181,1,-,A,C,mismatch,1882,707,1,FALSE
nlgn4a,187,187,1,-,G,C,mismatch,1882,707,1,FALSE
nlgn4a,97,97,1,-,C,A,mismatch,1883,707,1,FALSE
nlgn4a,187,187,1,-,G,C,mismatch,1883,707,1,FALSE
nlgn4a,101,101,1,-,A,G,mismatch,1884,707,1,FALSE
nlgn4a,188,188,1,-,C,A,mismatch,1884,707,1,FALSE
nlgn4a,191,191,1,-,G,A,mismatch,1885,716,1,FALSE
nlgn4a,192,192,1,-,C,A,mismatch,1886,716,1,FALSE
nlgn4a,193,193,1,-,T,G,mismatch,1887,716,1,FALSE
nlgn4a,151,151,1,-,G,C,mismatch,1888,707,1,FALSE
nlgn4a,193,193,1,-,T,A,mismatch,1888,707,1,FALSE
nlgn4a,108,108,1,-,T,A,mismatch,1889,707,1,FALSE
nlgn4a,196,196,1,-,G,C,mismatch,1889,707,1,FALSE
nlgn4a,101,101,1,-,A,C,mismatch,1890,707,1,FALSE
nlgn4a,196,196,1,-,G,A,mismatch,1890,707,1,FALSE
nlgn4a,103,103,1,-,G,C,mismatch,1891,707,1,FALSE
nlgn4a,196,196,1,-,G,A,mismatch,1891,707,1,FALSE
nlgn4a,95,95,1,-,T,A,mismatch,1892,698,1,FALSE
nlgn4a,160,160,1,-,A,C,mismatch,1892,698,1,FALSE
nlgn4a,198,198,1,-,G,A,mismatch,1892,698,1,FALSE
nlgn4a,110,110,1,-,T,C,mismatch,1893,707,1,FALSE
nlgn4a,200,200,1,-,C,A,mismatch,1893,707,1,FALSE
nlgn4a,101,101,1,-,A,G,mismatch,1894,689,1,FALSE
nlgn4a,126,126,1,-,G,A,mismatch,1894,689,1,FALSE
nlgn4a,164,164,1,-,C,G,mismatch,1894,689,1,FALSE
nlgn4a,201,201,1,-,T,G,mismatch,1894,689,1,FALSE
nlgn4a,201,201,1,-,T,C,mismatch,1895,716,1,FALSE
nlgn4a,116,116,1,-,G,T,mismatch,1896,707,1,FALSE
nlgn4a,201,201,1,-,T,A,mismatch,1896,707,1,FALSE
nlgn4a,202,202,1,-,T,G,mismatch,1897,716,1,FALSE
nlgn4a,106,106,1,-,T,C,mismatch,1898,707,1,FALSE
nlgn4a,202,202,1,-,T,G,mismatch,1898,707,1,FALSE
nlgn4a,94,94,1,-,C,G,mismatch,1899,689,1,FALSE
nlgn4a,96,96,1,-,A,C,mismatch,1899,689,1,FALSE
nlgn4a,197,197,1,-,A,T,mismatch,1899,689,1,FALSE
nlgn4a,202,202,1,-,T,C,mismatch,1899,689,1,FALSE
nlgn4a,202,202,1,-,T,C,mismatch,1900,716,1,FALSE
nlgn4a,95,95,1,-,T,G,mismatch,1901,689,1,FALSE
nlgn4a,105,105,1,-,C,G,mismatch,1901,689,1,FALSE
nlgn4a,158,158,1,-,G,C,mismatch,1901,689,1,FALSE
nlgn4a,203,203,1,-,G,C,mismatch,1901,689,1,FALSE
nlgn4a,211,211,1,-,C,A,mismatch,1902,716,1,FALSE
nlgn4a,160,160,1,-,A,G,mismatch,1903,698,1,FALSE
nlgn4a,187,187,1,-,G,C,mismatch,1903,698,1,FALSE
nlgn4a,211,211,1,-,C,A,mismatch,1903,698,1,FALSE
nlgn4a,97,97,1,-,C,G,mismatch,1904,707,1,FALSE
nlgn4a,212,212,1,-,T,C,mismatch,1904,707,1,FALSE
nlgn4a,97,97,1,-,C,A,mismatch,1905,707,1,FALSE
nlgn4a,215,215,1,-,G,A,mismatch,1905,707,1,FALSE
nlgn4a,221,221,1,-,T,G,mismatch,1906,716,1,FALSE
nlgn4a,189,189,1,-,A,G,mismatch,1907,707,1,FALSE
nlgn4a,221,221,1,-,T,C,mismatch,1907,707,1,FALSE
nlgn4a,123,123,1,-,C,T,mismatch,1908,707,1,FALSE
nlgn4a,221,221,1,-,T,C,mismatch,1908,707,1,FALSE
nlgn4a,222,222,1,-,G,A,mismatch,1909,716,1,FALSE
nlgn4a,107,107,1,-,T,G,mismatch,1910,707,1,FALSE
nlgn4a,222,222,1,-,G,A,mismatch,1910,707,1,FALSE
nlgn4a,205,205,1,-,A,C,mismatch,1911,707,1,FALSE
nlgn4a,224,224,1,-,G,C,mismatch,1911,707,1,FALSE
nlgn4a,162,162,1,-,C,A,mismatch,1912,707,1,FALSE
nlgn4a,224,224,1,-,G,C,mismatch,1912,707,1,FALSE
nlgn4a,216,216,1,-,C,G,mismatch,1913,707,1,FALSE
nlgn4a,224,224,1,-,G,A,mismatch,1913,707,1,FALSE
nlgn4a,184,184,1,-,A,C,mismatch,1914,698,1,FALSE
nlgn4a,197,197,1,-,A,G,mismatch,1914,698,1,FALSE
nlgn4a,226,226,1,-,T,C,mismatch,1914,698,1,FALSE
nlgn4a,226,226,1,-,T,A,mismatch,1915,716,1,FALSE
nlgn4a,148,148,1,-,C,G,mismatch,1916,698,1,FALSE
nlgn4a,185,185,1,-,T,G,mismatch,1916,698,1,FALSE
nlgn4a,227,227,1,-,T,A,mismatch,1916,698,1,FALSE
nlgn4a,228,228,1,-,C,A,mismatch,1917,716,1,FALSE
nlgn4a,121,121,1,-,T,A,mismatch,1918,698,1,FALSE
nlgn4a,192,192,1,-,C,A,mismatch,1918,698,1,FALSE
nlgn4a,229,229,1,-,T,G,mismatch,1918,698,1,FALSE
nlgn4a,229,229,1,-,T,C,mismatch,1919,716,1,FALSE
nlgn4a,97,97,1,-,C,A,mismatch,1920,698,1,FALSE
nlgn4a,113,113,1,-,C,A,mismatch,1920,698,1,FALSE
nlgn4a,233,233,1,-,G,C,mismatch,1920,698,1,FALSE
nlgn4a,142,142,1,-,C,A,mismatch,1921,689,1,FALSE
nlgn4a,179,179,1,-,A,G,mismatch,1921,689,1,FALSE
nlgn4a,208,208,1,-,C,G,mismatch,1921,689,1,FALSE
nlgn4a,233,233,1,-,G,A,mismatch,1921,689,1,FALSE
nlgn4a,108,108,1,-,T,C,mismatch,1922,707,1,FALSE
nlgn4a,233,233,1,-,G,A,mismatch,1922,707,1,FALSE
nlgn4a,102,102,1,-,C,G,mismatch,1923,680,1,FALSE
nlgn4a,137,137,1,-,G,T,mismatch,1923,680,1,FALSE
nlgn4a,149,149,1,-,A,T,mismatch,1923,680,1,FALSE
nlgn4a,187,187,1,-,G,T,mismatch,1923,680,1,FALSE
nlgn4a,99,99,1,-,C,A,mismatch,1924,698,1,FALSE
nlgn4a,203,203,1,-,G,T,mismatch,1924,698,1,FALSE
nlgn4a,195,195,1,-,A,C,mismatch,1925,698,1,FALSE
nlgn4a,228,228,1,-,C,G,mismatch,1925,698,1,FALSE
nlgn4a,113,113,1,-,C,A,mismatch,1927,707,1,FALSE
nlgn4a,182,182,1,-,C,T,mismatch,1931,671,1,FALSE
nlgn4a,199,199,1,-,G,T,mismatch,1931,671,1,FALSE
nlgn4a,208,208,1,-,C,G,mismatch,1931,671,1,FALSE
nlgn4a,211,211,1,-,C,G,mismatch,1931,671,1,FALSE
nlgn4a,201,201,1,-,T,C,mismatch,1933,698,1,FALSE
nlgn4a,106,106,1,-,T,A,mismatch,1935,707,1,FALSE
nlgn4a,97,97,1,-,C,G,mismatch,1937,707,1,FALSE
nlgn4a,122,122,1,-,G,T,mismatch,1938,680,1,FALSE
nlgn4a,124,124,1,-,T,G,mismatch,1938,680,1,FALSE
nlgn4a,139,139,1,-,T,C,mismatch,1938,680,1,FALSE
nlgn4a,146,146,1,-,T,C,mismatch,1938,680,1,FALSE
nlgn4a,177,177,1,-,A,T,mismatch,1939,707,1,FALSE
nlgn4a,120,120,1,-,G,C,mismatch,1941,698,1,FALSE
nlgn4a,172,172,1,-,T,C,mismatch,1941,698,1,FALSE
nlgn4a,108,108,1,-,T,C,mismatch,1942,680,1,FALSE
nlgn4a,162,162,1,-,C,G,mismatch,1942,680,1,FALSE
nlgn4a,190,190,1,-,A,G,mismatch,1942,680,1,FALSE
nlgn4a,183,183,1,-,T,G,mismatch,1945,716,1,FALSE
nlgn4a,105,105,1,-,C,A,mismatch,1946,707,1,FALSE
nlgn4a,167,167,1,-,T,A,mismatch,1946,707,1,FALSE
nlgn4a,162,162,1,-,C,G,mismatch,1947,716,1,FALSE
nlgn4a,146,146,1,-,T,G,mismatch,1948,707,1,FALSE
nlgn4a,203,203,1,-,G,T,mismatch,1948,707,1,FALSE
nlgn4a,117,117,1,-,A,T,mismatch,1950,707,1,FALSE
nlgn4a,137,137,1,-,G,C,mismatch,1950,707,1,FALSE
nlgn4a,107,107,1,-,T,A,mismatch,1951,707,1,FALSE
nlgn4a,124,124,1,-,T,G,mismatch,1951,707,1,FALSE
nlgn4a,148,148,1,-,C,G,mismatch,1952,716,1,FALSE
nlgn4a,108,108,1,-,T,G,mismatch,1954,698,1,FALSE
nlgn4a,158,158,1,-,G,T,mismatch,1954,698,1,FALSE
nlgn4a,121,121,1,-,T,C,mismatch,1955,698,1,FALSE
nlgn4a,149,149,1,-,A,C,mismatch,1955,698,1,FALSE
nlgn4a,112,112,1,-,C,A,mismatch,1956,741,1,FALSE
nlgn4a,143,143,1,-,C,A,mismatch,1957,723,1,FALSE
nlgn4a,167,167,1,-,T,C,mismatch,1957,723,1,FALSE
nlgn4a,210,210,1,-,C,A,mismatch,1957,723,1,FALSE
nlgn4a,181,181,1,-,A,T,mismatch,1958,716,1,FALSE
nlgn4a,145,145,1,-,T,C,mismatch,1959,716,1,FALSE
nlgn4a,105,105,1,-,C,G,mismatch,1962,707,1,FALSE
nlgn4a,115,115,1,-,G,T,mismatch,1962,707,1,FALSE
nlgn4a,223,223,1,-,A,G,mismatch,1964,716,1,FALSE
nlgn4a,204,204,1,-,A,G,mismatch,1965,716,1,FALSE
nlgn4a,136,136,1,-,G,T,mismatch,1968,741,1,FALSE
nlgn4a,114,114,1,-,T,A,mismatch,1970,698,1,FALSE
nlgn4a,194,194,1,-,A,G,mismatch,1970,698,1,FALSE
nlgn4a,154,154,1,-,C,G,mismatch,1972,716,1,FALSE
nlgn4a,107,107,1,-,T,C,mismatch,1974,698,1,FALSE
nlgn4a,117,117,1,-,A,C,mismatch,1974,698,1,FALSE
nlgn4a,145,145,1,-,T,A,mismatch,1974,698,1,FALSE
nlgn4a,101,101,1,-,A,C,mismatch,1975,707,1,FALSE
nlgn4a,152,152,1,-,G,T,mismatch,1975,707,1,FALSE
nlgn4a,107,107,1,-,T,C,mismatch,1976,716,1,FALSE
nlgn4a,130,130,1,-,C,A,mismatch,1977,716,1,FALSE
nlgn4a,164,164,1,-,C,T,mismatch,1978,716,1,FALSE
nlgn4a,98,98,1,-,T,A,mismatch,1979,707,1,FALSE
nlgn4a,164,164,1,-,C,T,mismatch,1979,707,1,FALSE
nlgn4a,221,221,1,-,T,A,mismatch,1980,716,1,FALSE
nlgn4a,118,118,1,-,T,A,mismatch,1981,707,1,FALSE
nlgn4a,151,151,1,-,G,T,mismatch,1981,707,1,FALSE
nlgn4a,176,176,1,-,G,A,mismatch,1984,716,1,FALSE
nlgn4a,205,205,1,-,A,C,mismatch,1985,716,1,FALSE
nlgn4a,158,158,1,-,G,T,mismatch,1987,707,1,FALSE
nlgn4a,197,197,1,-,A,G,mismatch,1987,707,1,FALSE
nlgn4a,116,116,1,-,G,C,mismatch,1988,698,1,FALSE
nlgn4a,188,188,1,-,C,A,mismatch,1988,698,1,FALSE
nlgn4a,203,203,1,-,G,A,mismatch,1988,698,1,FALSE
nlgn4a,98,98,1,-,T,C,mismatch,1989,698,1,FALSE
nlgn4a,114,114,1,-,T,C,mismatch,1989,698,1,FALSE
nlgn4a,121,121,1,-,T,C,mismatch,1989,698,1,FALSE
nlgn4a,187,187,1,-,G,C,mismatch,1990,716,1,FALSE
nlgn4a,110,110,1,-,T,G,mismatch,1991,716,1,FALSE
nlgn4a,107,107,1,-,T,C,mismatch,1993,741,1,FALSE
nlgn4a,118,118,1,-,T,G,mismatch,1994,732,1,FALSE
nlgn4a,129,129,1,-,G,C,mismatch,1994,732,1,FALSE
nlgn4a,120,120,1,-,G,C,mismatch,1995,723,1,FALSE
nlgn4a,123,123,1,-,C,A,mismatch,1995,723,1,FALSE
nlgn4a,133,133,1,-,C,A,mismatch,1995,723,1,FALSE
nlgn4a,125,125,1,-,T,A,mismatch,1996,707,1,FALSE
nlgn4a,146,146,1,-,T,G,mismatch,1996,707,1,FALSE
nlgn4a,141,141,1,-,G,T,mismatch,1997,716,1,FALSE
nlgn4a,124,124,1,-,T,C,mismatch,1998,698,1,FALSE
nlgn4a,222,222,1,-,G,A,mismatch,1998,698,1,FALSE
nlgn4a,121,121,1,-,T,C,mismatch,1999,716,1,FALSE
nlgn4a,109,109,1,-,T,G,mismatch,2000,698,1,FALSE
nlgn4a,119,119,1,-,T,C,mismatch,2000,698,1,FALSE
nlgn4a,229,229,1,-,T,G,mismatch,2000,698,1,FALSE
nlgn4a,140,140,1,-,G,C,mismatch,2001,732,1,FALSE
nlgn4a,151,151,1,-,G,A,mismatch,2001,732,1,FALSE
nlgn4a,176,176,1,-,G,A,mismatch,2002,741,1,FALSE
nlgn4a,149,149,1,-,A,T,mismatch,2004,716,1,FALSE
nlgn4a,189,189,1,-,A,G,mismatch,2005,741,1,FALSE
nlgn4a,116,116,1,-,G,T,mismatch,2006,698,1,FALSE
nlgn4a,153,153,1,-,G,T,mismatch,2006,698,1,FALSE
nlgn4a,214,214,1,-,T,G,mismatch,2006,698,1,FALSE
nlgn4a,143,143,1,-,C,G,mismatch,2007,716,1,FALSE
nlgn4a,95,95,1,-,T,G,mismatch,2009,707,1,FALSE
nlgn4a,143,143,1,-,C,T,mismatch,2009,707,1,FALSE
nlgn4a,125,125,1,-,T,G,mismatch,2011,741,1,FALSE
nlgn4a,133,133,1,-,C,G,mismatch,2013,741,1,FALSE
nlgn4a,143,143,1,-,C,A,mismatch,2015,716,1,FALSE
nlgn4a,100,100,1,-,T,G,mismatch,2017,707,1,FALSE
nlgn4a,183,183,1,-,T,G,mismatch,2017,707,1,FALSE
nlgn4a,104,104,1,-,C,T,mismatch,2018,707,1,FALSE
nlgn4a,153,153,1,-,G,T,mismatch,2018,707,1,FALSE
nlgn4a,106,106,1,-,T,A,mismatch,2019,716,1,FALSE
nlgn4a,166,166,1,-,C,T,mismatch,2020,716,1,FALSE
nlgn4a,105,105,1,-,C,T,mismatch,2024,741,1,FALSE
nlgn4a,205,205,1,-,A,T,mismatch,2025,741,1,FALSE
nlgn4a,199,199,1,-,G,C,mismatch,2026,716,1,FALSE
nlgn4a,104,104,1,-,C,A,mismatch,2027,732,1,FALSE
nlgn4a,125,125,1,-,T,C,mismatch,2029,741,1,FALSE
nlgn4a,145,145,1,-,T,G,mismatch,2030,707,1,FALSE
nlgn4a,189,189,1,-,A,G,mismatch,2030,707,1,FALSE
nlgn4a,103,103,1,-,G,A,mismatch,2033,732,1,FALSE
nlgn4a,104,104,1,-,C,A,mismatch,2035,716,1,FALSE
nlgn4a,149,149,1,-,A,C,mismatch,2036,716,1,FALSE
nlgn4a,148,148,1,-,C,G,mismatch,2037,741,1,FALSE
nlgn4a,147,147,1,-,A,T,mismatch,2038,716,1,FALSE
nlgn4a,121,121,1,-,T,G,mismatch,2040,716,1,FALSE
nlgn4a,103,103,1,-,G,A,mismatch,2042,707,1,FALSE
nlgn4a,167,167,1,-,T,A,mismatch,2042,707,1,FALSE
nlgn4a,164,164,1,-,C,G,mismatch,2043,716,1,FALSE
nlgn4a,185,185,1,-,T,A,mismatch,2046,707,1,FALSE
nlgn4a,192,192,1,-,C,G,mismatch,2046,707,1,FALSE
nlgn4a,128,128,1,-,G,A,mismatch,2049,741,1,FALSE
nlgn4a,106,106,1,-,T,G,mismatch,2050,716,1,FALSE
nlgn4a,176,176,1,-,G,A,mismatch,2051,707,1,FALSE
nlgn4a,183,183,1,-,T,G,mismatch,2051,707,1,FALSE
nlgn4a,112,112,1,-,C,T,mismatch,2052,707,1,FALSE
nlgn4a,124,124,1,-,T,G,mismatch,2052,707,1,FALSE
nlgn4a,110,110,1,-,T,A,mismatch,2053,716,1,FALSE
nlgn4a,142,142,1,-,C,T,mismatch,2054,716,1,FALSE
nlgn4a,195,195,1,-,A,G,mismatch,2056,707,1,FALSE
nlgn4a,233,233,1,-,G,A,mismatch,2056,707,1,FALSE
nlgn4a,131,131,1,-,T,C,mismatch,2057,741,1,FALSE
nlgn4a,107,107,1,-,T,C,mismatch,2059,732,1,FALSE
nlgn4a,128,128,1,-,G,C,mismatch,2059,732,1,FALSE
nlgn4a,175,175,1,-,C,G,mismatch,2060,714,1,FALSE
nlgn4a,207,207,1,-,A,C,mismatch,2060,714,1,FALSE
nlgn4a,113,113,1,-,C,T,mismatch,2062,741,1,FALSE
nlgn4a,116,116,1,-,G,C,mismatch,2063,732,1,FALSE
nlgn4a,104,104,1,-,C,T,mismatch,2064,741,1,FALSE
nlgn4a,117,117,1,-,A,C,mismatch,2067,707,1,FALSE
nlgn4a,146,146,1,-,T,G,mismatch,2067,707,1,FALSE
nlgn4a,215,215,1,-,G,C,mismatch,2068,716,1,FALSE
nlgn4a,157,157,1,-,A,T,mismatch,2069,741,1,FALSE
nlgn4a,116,116,1,-,G,T,mismatch,2071,716,1,FALSE
nlgn4a,117,117,1,-,A,T,mismatch,2073,741,1,FALSE
nlgn4a,146,146,1,-,T,C,mismatch,2074,707,1,FALSE
nlgn4a,177,177,1,-,A,G,mismatch,2074,707,1,FALSE
nlgn4a,120,120,1,-,G,A,mismatch,2075,716,1,FALSE
nlgn4a,155,155,1,-,T,G,mismatch,2078,716,1,FALSE
nlgn4a,138,138,1,-,C,G,mismatch,2081,716,1,FALSE
nlgn4a,119,119,1,-,T,G,mismatch,2082,741,1,FALSE
nlgn4a,154,154,1,-,C,G,mismatch,2083,698,1,FALSE
nlgn4a,191,191,1,-,G,C,mismatch,2083,698,1,FALSE
nlgn4a,217,217,1,-,C,G,mismatch,2083,698,1,FALSE
nlgn4a,98,98,1,-,T,G,mismatch,2086,698,1,FALSE
nlgn4a,146,146,1,-,T,G,mismatch,2086,698,1,FALSE
nlgn4a,152,152,1,-,G,T,mismatch,2086,698,1,FALSE
nlgn4a,189,189,1,-,A,G,mismatch,2087,732,1,FALSE
nlgn4a,197,197,1,-,A,T,mismatch,2087,732,1,FALSE
nlgn4a,204,204,1,-,A,G,mismatch,2089,716,1,FALSE
nlgn4a,111,111,1,-,A,T,mismatch,2090,741,1,FALSE
nlgn4a,111,111,1,-,A,T,mismatch,2091,732,1,FALSE
nlgn4a,116,116,1,-,G,C,mismatch,2091,732,1,FALSE
nlgn4a,186,186,1,-,G,T,mismatch,2092,716,1,FALSE
nlgn4a,207,207,1,-,A,T,mismatch,2093,741,1,FALSE
nlgn4a,118,118,1,-,T,A,mismatch,2094,707,1,FALSE
nlgn4a,179,179,1,-,A,T,mismatch,2094,707,1,FALSE
nlgn4a,175,175,1,-,C,G,mismatch,2095,741,1,FALSE
nlgn4a,129,129,1,-,G,A,mismatch,2096,732,1,FALSE
nlgn4a,197,197,1,-,A,C,mismatch,2096,732,1,FALSE
nlgn4a,224,224,1,-,G,C,mismatch,2097,716,1,FALSE
nlgn4a,166,166,1,-,C,G,mismatch,2099,707,1,FALSE
nlgn4a,177,177,1,-,A,C,mismatch,2099,707,1,FALSE
nlgn4a,191,191,1,-,G,C,mismatch,2102,741,1,FALSE
nlgn4a,141,141,1,-,G,A,mismatch,2103,723,1,FALSE
nlgn4a,186,186,1,-,G,A,mismatch,2103,723,1,FALSE
nlgn4a,106,106,1,-,T,C,mismatch,2104,716,1,FALSE
nlgn4a,113,113,1,-,C,G,mismatch,2106,707,1,FALSE
nlgn4a,164,164,1,-,C,T,mismatch,2106,707,1,FALSE
nlgn4a,128,128,1,-,G,T,mismatch,2108,732,1,FALSE
nlgn4a,206,206,1,-,A,C,mismatch,2109,716,1,FALSE
nlgn4a,216,216,1,-,C,T,mismatch,2110,741,1,FALSE
nlgn4a,114,114,1,-,T,G,mismatch,2112,702,1,FALSE
nlgn4a,198,198,1,-,G,C,mismatch,2112,702,1,FALSE
nlgn4a,157,157,1,-,A,C,mismatch,2113,707,1,FALSE
nlgn4a,189,189,1,-,A,T,mismatch,2113,707,1,FALSE
nlgn4a,110,110,1,-,T,G,mismatch,2114,716,1,FALSE
nlgn4a,98,98,1,-,T,A,mismatch,2115,698,1,FALSE
nlgn4a,104,104,1,-,C,T,mismatch,2115,698,1,FALSE
nlgn4a,155,155,1,-,T,G,mismatch,2115,698,1,FALSE
nlgn4a,138,138,1,-,C,G,mismatch,2117,707,1,FALSE
nlgn4a,158,158,1,-,G,T,mismatch,2118,707,1,FALSE
nlgn4a,161,161,1,-,G,C,mismatch,2118,707,1,FALSE
nlgn4a,107,107,1,-,T,G,mismatch,2120,741,1,FALSE
nlgn4a,209,209,1,-,A,T,mismatch,2121,716,1,FALSE
nlgn4a,193,193,1,-,T,G,mismatch,2122,716,1,FALSE
nlgn4a,115,115,1,-,G,C,mismatch,2123,707,1,FALSE
nlgn4a,138,138,1,-,C,G,mismatch,2123,707,1,FALSE
nlgn4a,110,110,1,-,T,A,mismatch,2124,716,1,FALSE
nlgn4a,116,116,1,-,G,C,mismatch,2126,732,1,FALSE
nlgn4a,188,188,1,-,C,G,mismatch,2126,732,1,FALSE
nlgn4a,116,116,1,-,G,C,mismatch,2129,716,1,FALSE
nlgn4a,99,99,1,-,C,A,mismatch,2130,707,1,FALSE
nlgn4a,119,119,1,-,T,C,mismatch,2130,707,1,FALSE
nlgn4a,180,180,1,-,A,G,mismatch,2131,741,1,FALSE
nlgn4a,186,186,1,-,G,T,mismatch,2132,716,1,FALSE
nlgn4a,116,116,1,-,G,C,mismatch,2136,698,1,FALSE
nlgn4a,143,143,1,-,C,G,mismatch,2136,698,1,FALSE
nlgn4a,212,212,1,-,T,G,mismatch,2136,698,1,FALSE
nlgn4a,123,123,1,-,C,A,mismatch,2137,723,1,FALSE
nlgn4a,128,128,1,-,G,T,mismatch,2137,723,1,FALSE
nlgn4a,187,187,1,-,G,A,mismatch,2137,723,1,FALSE
nlgn4a,114,114,1,-,T,C,mismatch,2138,741,1,FALSE
nlgn4a,130,130,1,-,C,A,mismatch,2139,723,1,FALSE
nlgn4a,133,133,1,-,C,T,mismatch,2139,723,1,FALSE
nlgn4a,162,162,1,-,C,G,mismatch,2139,723,1,FALSE
nlgn4a,191,191,1,-,G,C,mismatch,2140,732,1,FALSE
nlgn4a,202,202,1,-,T,G,mismatch,2140,732,1,FALSE
nlgn4a,101,101,1,-,A,G,mismatch,2143,716,1,FALSE
nlgn4a,145,145,1,-,T,A,mismatch,2145,707,1,FALSE
nlgn4a,223,223,1,-,A,T,mismatch,2145,707,1,FALSE
nlgn4a,150,150,1,-,T,G,mismatch,2146,716,1,FALSE
nlgn4a,174,174,1,-,A,C,mismatch,2147,716,1,FALSE
nlgn4a,123,123,1,-,C,A,mismatch,2148,723,1,FALSE
nlgn4a,148,148,1,-,C,G,mismatch,2148,723,1,FALSE
nlgn4a,203,203,1,-,G,C,mismatch,2148,723,1,FALSE
nlgn4a,171,171,1,-,G,A,mismatch,2149,689,1,FALSE
nlgn4a,232,232,1,-,G,T,mismatch,2149,689,1,FALSE
nlgn4a,143,143,1,-,C,T,mismatch,2151,732,1,FALSE
nlgn4a,99,99,1,-,C,T,mismatch,2153,698,1,FALSE
nlgn4a,105,105,1,-,C,G,mismatch,2153,698,1,FALSE
nlgn4a,157,157,1,-,A,C,mismatch,2153,698,1,FALSE
nlgn4a,156,156,1,-,C,T,mismatch,2154,741,1,FALSE
nlgn4a,101,101,1,-,A,G,mismatch,2155,707,1,FALSE
nlgn4a,116,116,1,-,G,A,mismatch,2155,707,1,FALSE
nlgn4a,154,154,1,-,C,G,mismatch,2156,741,1,FALSE
nlgn4a,141,141,1,-,G,T,mismatch,2157,716,1,FALSE
nlgn4a,107,107,1,-,T,G,mismatch,2158,732,1,FALSE
nlgn4a,147,147,1,-,A,C,mismatch,2158,732,1,FALSE
nlgn4a,185,185,1,-,T,C,mismatch,2160,707,1,FALSE
nlgn4a,107,107,1,-,T,A,mismatch,2161,698,1,FALSE
nlgn4a,114,114,1,-,T,G,mismatch,2161,698,1,FALSE
nlgn4a,188,188,1,-,C,G,mismatch,2161,698,1,FALSE
nlgn4a,125,125,1,-,T,A,mismatch,2162,693,1,FALSE
nlgn4a,193,193,1,-,T,A,mismatch,2162,693,1,FALSE
nlgn4a,207,207,1,-,A,C,mismatch,2162,693,1,FALSE
nlgn4a,100,100,1,-,T,A,mismatch,2164,707,1,FALSE
nlgn4a,121,121,1,-,T,C,mismatch,2164,707,1,FALSE
nlgn4a,94,94,1,-,C,G,mismatch,2166,716,1,FALSE
nlgn4a,102,102,1,-,C,A,mismatch,2167,698,1,FALSE
nlgn4a,106,106,1,-,T,G,mismatch,2167,698,1,FALSE
nlgn4a,173,173,1,-,T,A,mismatch,2167,698,1,FALSE
nlgn4a,174,174,1,-,A,G,mismatch,2168,741,1,FALSE
nlgn4a,127,127,1,-,C,A,mismatch,2169,732,1,FALSE
nlgn4a,172,172,1,-,T,G,mismatch,2169,732,1,FALSE
nlgn4a,135,135,1,-,T,G,mismatch,2170,741,1,FALSE
nlgn4a,112,112,1,-,C,A,mismatch,2171,741,1,FALSE
nlgn4a,185,185,1,-,T,G,mismatch,2172,741,1,FALSE
nlgn4a,161,161,1,-,G,C,mismatch,2173,741,1,FALSE
nlgn4a,143,143,1,-,C,G,mismatch,2174,741,1,FALSE
nlgn4a,132,132,1,-,G,C,mismatch,2176,741,1,FALSE
nlgn4a,116,116,1,-,G,C,mismatch,2178,741,1,FALSE
nlgn4a,150,150,1,-,T,G,mismatch,2179,707,1,FALSE
nlgn4a,199,199,1,-,G,A,mismatch,2179,707,1,FALSE
nlgn4a,101,101,1,-,A,G,mismatch,2182,707,1,FALSE
nlgn4a,195,195,1,-,A,T,mismatch,2182,707,1,FALSE
nlgn4a,108,108,1,-,T,A,mismatch,2183,741,1,FALSE
nlgn4a,205,205,1,-,A,T,mismatch,2184,741,1,FALSE
nlgn4a,114,114,1,-,T,G,mismatch,2186,741,1,FALSE
nlgn4a,159,159,1,-,C,G,mismatch,2187,707,1,FALSE
nlgn4a,230,230,1,-,A,T,mismatch,2187,707,1,FALSE
nlgn4a,180,180,1,-,A,C,mismatch,2188,716,1,FALSE
nlgn4a,108,108,1,-,T,A,mismatch,2189,689,1,FALSE
nlgn4a,119,119,1,-,T,G,mismatch,2189,689,1,FALSE
nlgn4a,191,191,1,-,G,A,mismatch,2189,689,1,FALSE
nlgn4a,212,212,1,-,T,C,mismatch,2189,689,1,FALSE
nlgn4a,203,203,1,-,G,T,mismatch,2191,741,1,FALSE
nlgn4a,121,121,1,-,T,C,mismatch,2192,732,1,FALSE
nlgn4a,169,169,1,-,T,G,mismatch,2192,732,1,FALSE
nlgn4a,231,231,1,-,G,T,mismatch,2193,741,1,FALSE
nlgn4a,95,95,1,-,T,A,mismatch,2194,716,1,FALSE
nlgn4a,120,120,1,-,G,C,mismatch,2196,698,1,FALSE
nlgn4a,231,231,1,-,G,T,mismatch,2196,698,1,FALSE
nlgn4a,126,126,1,-,G,T,mismatch,2198,707,1,FALSE
nlgn4a,194,194,1,-,A,T,mismatch,2198,707,1,FALSE
nlgn4a,94,94,1,-,C,G,mismatch,2201,707,1,FALSE
nlgn4a,106,106,1,-,T,A,mismatch,2201,707,1,FALSE
nlgn4a,106,106,1,-,T,G,mismatch,2202,732,1,FALSE
nlgn4a,194,194,1,-,A,G,mismatch,2202,732,1,FALSE
nlgn4a,110,110,1,-,T,A,mismatch,2203,684,1,FALSE
nlgn4a,133,133,1,-,C,G,mismatch,2203,684,1,FALSE
nlgn4a,163,163,1,-,A,C,mismatch,2203,684,1,FALSE
nlgn4a,189,189,1,-,A,C,mismatch,2203,684,1,FALSE
nlgn4a,127,127,1,-,C,T,mismatch,2204,707,1,FALSE
nlgn4a,178,178,1,-,C,G,mismatch,2204,707,1,FALSE
nlgn4a,111,111,1,-,A,C,mismatch,2206,716,1,FALSE
nlgn4a,218,218,1,-,C,G,mismatch,2207,716,1,FALSE
nlgn4a,116,116,1,-,G,T,mismatch,2208,698,1,FALSE
nlgn4a,158,158,1,-,G,A,mismatch,2208,698,1,FALSE
nlgn4a,195,195,1,-,A,G,mismatch,2208,698,1,FALSE
nlgn4a,108,108,1,-,T,A,mismatch,2210,716,1,FALSE
nlgn4a,139,139,1,-,T,G,mismatch,2211,741,1,FALSE
nlgn4a,105,105,1,-,C,T,mismatch,2212,723,1,FALSE
nlgn4a,132,132,1,-,G,T,mismatch,2212,723,1,FALSE
nlgn4a,148,148,1,-,C,G,mismatch,2212,723,1,FALSE
nlgn4a,134,134,1,-,G,A,mismatch,2213,698,1,FALSE
nlgn4a,140,140,1,-,G,C,mismatch,2213,698,1,FALSE
nlgn4a,165,165,1,-,C,G,mismatch,2213,698,1,FALSE
nlgn4a,149,149,1,-,A,T,mismatch,2216,716,1,FALSE
nlgn4a,167,167,1,-,T,C,mismatch,2217,716,1,FALSE
nlgn4a,107,107,1,-,T,C,mismatch,2218,707,1,FALSE
nlgn4a,149,149,1,-,A,C,mismatch,2218,707,1,FALSE
nlgn4a,169,169,1,-,T,A,mismatch,2219,716,1,FALSE
nlgn4a,118,118,1,-,T,C,mismatch,2220,707,1,FALSE
nlgn4a,165,165,1,-,C,T,mismatch,2220,707,1,FALSE
nlgn4a,125,125,1,-,T,A,mismatch,2221,732,1,FALSE
nlgn4a,233,233,1,-,G,C,mismatch,2221,732,1,FALSE
nlgn4a,178,178,1,-,C,A,mismatch,2222,716,1,FALSE
nlgn4a,106,106,1,-,T,G,mismatch,2225,716,1,FALSE
nlgn4a,124,124,1,-,T,G,mismatch,2226,714,1,FALSE
nlgn4a,157,157,1,-,A,G,mismatch,2226,714,1,FALSE
nlgn4a,161,161,1,-,G,T,mismatch,2226,714,1,FALSE
nlgn4a,180,180,1,-,A,G,mismatch,2226,714,1,FALSE
nlgn4a,98,98,1,-,T,G,mismatch,2229,698,1,FALSE
nlgn4a,117,117,1,-,A,G,mismatch,2229,698,1,FALSE
nlgn4a,172,172,1,-,T,A,mismatch,2229,698,1,FALSE
nlgn4a,96,96,1,-,A,G,mismatch,2230,698,1,FALSE
nlgn4a,197,197,1,-,A,C,mismatch,2230,698,1,FALSE
nlgn4a,214,214,1,-,T,A,mismatch,2230,698,1,FALSE
nlgn4a,119,119,1,-,T,C,mismatch,2231,707,1,FALSE
nlgn4a,177,177,1,-,A,G,mismatch,2231,707,1,FALSE
nlgn4a,229,229,1,-,T,C,mismatch,2232,741,1,FALSE
nlgn4a,106,106,1,-,T,C,mismatch,2233,741,1,FALSE
nlgn4a,100,100,1,-,T,G,mismatch,2234,689,1,FALSE
nlgn4a,120,120,1,-,G,C,mismatch,2234,689,1,FALSE
nlgn4a,122,122,1,-,G,C,mismatch,2234,689,1,FALSE
nlgn4a,127,127,1,-,C,G,mismatch,149,689,1,FALSE
nlgn4a,128,128,1,-,G,T,mismatch,149,689,1,FALSE
nlgn4a,120,120,1,-,G,C,mismatch,174,714,1,FALSE
nlgn4a,121,121,1,-,T,A,mismatch,174,714,1,FALSE
nlgn4a,187,187,1,-,G,T,mismatch,380,732,1,FALSE
nlgn4a,188,188,1,-,C,A,mismatch,380,732,1,FALSE
nlgn4a,115,115,1,-,G,A,mismatch,418,732,1,FALSE
nlgn4a,116,116,1,-,G,C,mismatch,418,732,1,FALSE
nlgn4a,165,165,1,-,C,T,mismatch,591,723,1,FALSE
nlgn4a,166,166,1,-,C,T,mismatch,591,723,1,FALSE
nlgn4a,143,143,1,-,C,T,mismatch,688,723,1,FALSE
nlgn4a,144,144,1,-,A,G,mismatch,688,723,1,FALSE
nlgn4a,132,132,1,-,G,T,mismatch,704,732,1,FALSE
nlgn4a,133,133,1,-,C,G,mismatch,704,732,1,FALSE
nlgn4a,125,125,1,-,T,G,mismatch,714,732,1,FALSE
nlgn4a,126,126,1,-,G,T,mismatch,714,732,1,FALSE
nlgn4a,122,122,1,-,G,A,mismatch,716,723,1,FALSE
nlgn4a,123,123,1,-,C,G,mismatch,716,723,1,FALSE
nlgn4a,111,111,1,-,A,T,mismatch,725,732,1,FALSE
nlgn4a,112,112,1,-,C,T,mismatch,725,732,1,FALSE
nlgn4a,126,126,1,-,G,C,mismatch,803,714,1,FALSE
nlgn4a,127,127,1,-,C,A,mismatch,803,714,1,FALSE
nlgn4a,108,108,1,-,T,C,mismatch,1017,698,1,FALSE
nlgn4a,109,109,1,-,T,A,mismatch,1017,698,1,FALSE
nlgn4a,122,122,1,-,G,C,mismatch,1028,698,1,FALSE
nlgn4a,123,123,1,-,C,G,mismatch,1028,698,1,FALSE
nlgn4a,106,106,1,-,T,C,mismatch,1029,698,1,FALSE
nlgn4a,107,107,1,-,T,C,mismatch,1029,698,1,FALSE
nlgn4a,122,122,1,-,G,T,mismatch,1085,698,1,FALSE
nlgn4a,123,123,1,-,C,T,mismatch,1085,698,1,FALSE
nlgn4a,116,116,1,-,G,T,mismatch,1246,680,1,FALSE
nlgn4a,117,117,1,-,A,G,mismatch,1246,680,1,FALSE
nlgn4a,103,103,1,-,G,T,mismatch,1249,698,1,FALSE
nlgn4a,104,104,1,-,C,A,mismatch,1249,698,1,FALSE
nlgn4a,167,167,1,-,T,G,mismatch,1411,689,1,FALSE
nlgn4a,168,168,1,-,A,C,mismatch,1411,689,1,FALSE
nlgn4a,100,100,1,-,T,C,mismatch,1581,689,1,FALSE
nlgn4a,101,101,1,-,A,T,mismatch,1581,689,1,FALSE
nlgn4a,193,193,1,-,T,C,mismatch,1640,698,1,FALSE
nlgn4a,194,194,1,-,A,G,mismatch,1640,698,1,FALSE
nlgn4a,109,109,1,-,T,C,mismatch,1711,698,1,FALSE
nlgn4a,110,110,1,-,T,G,mismatch,1711,698,1,FALSE
nlgn4a,107,107,1,-,T,C,mismatch,1753,698,1,FALSE
nlgn4a,108,108,1,-,T,G,mismatch,1753,698,1,FALSE
nlgn4a,110,110,1,-,T,A,mismatch,1942,680,1,FALSE
nlgn4a,111,111,1,-,A,G,mismatch,1942,680,1,FALSE
nlgn4a,146,146,1,-,T,G,mismatch,2028,707,1,FALSE
nlgn4a,147,147,1,-,A,C,mismatch,2028,707,1,FALSE
nlgn4a,133,133,1,-,C,A,mismatch,2060,714,1,FALSE
nlgn4a,134,134,1,-,G,C,mismatch,2060,714,1,FALSE
nlgn4a,98,98,1,-,T,G,mismatch,2149,689,1,FALSE
nlgn4a,99,99,1,-,C,T,mismatch,2149,689,1,FALSE
nlgn4a,122,122,1,-,G,A,mismatch,2200,707,1,FALSE
nlgn4a,123,123,1,-,C,T,mismatch,2200,707,1,FALSE
